Name,solvent_SMILES,CAS,G-score prediction,G-score prediction uncertainty,Relative Energy Difference (RED),Source
Tetrahydrofuran (Thf),C1CCOC1,109-99-9,4.977,0.7305,0,high-fidelity RED
Methyl Iodide,[H]C([H])([H])I,74-88-4,5.063,0.6266,0.9100137361600646,high-fidelity RED
Ethyl Formate,[H]C(OCC)=O,109-94-4,5.85,0.7648,0.9424038412485385,high-fidelity RED
Hydrogen Sulfide,[H]S[H],6/4/83 0:00,5.045,0.6277,0.7814249804043883,high-fidelity RED
Butralin,[O-][N+](=O)c1cc(cc([N+]([O-])=O)c1NC(CC)C)C(C)(C)C,33629-47-9,5.535,1.312,0.9999999999999999,low-fidelity RED
"( )-Erythro-2,3-Dibromopentane",Br[C@H]([C@H](Br)CC)C,22415-74-3,5.558,0.9786,0.8735702604828072,low-fidelity RED
Cis-1-Bromo-1-Butene,Br\C=C/CC,31849-78-2,5.261,0.9004,0.8905756565278438,low-fidelity RED
Trans-1-Bromo-1-Propene,Br\C=C\C,590-15-8,5.043,0.7605,0.8359126748650243,low-fidelity RED
Trans-1-Bromo-1-Butene,Br\C=C\CC,32620-08-9,5.261,0.9004,0.8905756565278438,low-fidelity RED
4-Bromo-Cis-2-Pentene,BrC(/C=C/C)C,56535-63-8,5.357,0.9239,0.962094070244693,low-fidelity RED
Tralomethrin,BrC(Br)(Br)C(Br)C3C(C(=O)OC(C#N)c2cccc(Oc1ccccc1)c2)C3(C)C,66841-25-6,7.812,1.557,0.8533024082938007,low-fidelity RED
"Butanoic Acid, 2-Bromo-3-Methyl-",BrC(C(O)=O)C(C)C,565-74-2,6.178,0.9242,0.987420882906575,low-fidelity RED
2-Bromo Propene,BrC(C)=C,557-93-7,5.585,0.8671,0.8536685539481934,high-fidelity RED
"Meso-2,3-Dibromobutane",BrC(C)C(C)Br,5780-13-2,5.253,0.8113,0.8400148808205722,low-fidelity RED
1-Bromo-Trans-2-Butene,BrC\C=C\C,29576-14-5,5.408,0.9664,0.8707037383633995,low-fidelity RED
5-Bromo-Trans-2-Pentene,BrCC\C=C\C,7515-62-0,5.623,1.004,0.9400797838481583,low-fidelity RED
"4-Bromo-1,2-Butadiene",BrCC=C=C,18668-68-3,5.186,0.9771,0.8547660498639378,high-fidelity RED
1-Bromo-Cis-2-Butene,BrCC=CC,39616-19-8,5.408,0.9664,0.8707037383633995,low-fidelity RED
1-Bromo-Cis-2-Pentene,BrCC=CCC,7348-78-9,4.979,0.9269,0.9503288904374105,low-fidelity RED
Ethyl Tiglate.,C(/C)=C(/C)C(OCC)=O,5837-78-5,6.674,1.004,0.7062223445912766,low-fidelity RED
n-Allylaniline,C(=C)\CNc1ccccc1,589-09-3,6.165,1.047,0.9424038412485378,low-fidelity RED
Linolenic Acid,C(=C\C\C=C\C\C=C\CCCCCCCC(=O)O)/CC,463-40-1,6.485,1.128,0.8154753215150046,low-fidelity RED
Oxalylchloride,C(=O)(C(=O)Cl)Cl,79-37-8,5.496,0.7617,0.6031169040907408,high-fidelity RED
Dichloroacetaldehyde,C(=O)C(Cl)Cl,79-02-7,5.063,0.8355,0.8605957239029252,high-fidelity RED
Neohexanoic Acid,C(C(C)(C(O)=O)C)C,595-37-9,6.153,0.873,0.8972179222463184,low-fidelity RED
2-Methyloctanoic Acid,C(C(C)CCCCCC)(=O)O,3004-93-1,6.482,0.9321,0.5390964663211958,low-fidelity RED
1-Ethylpropyl Acetate,C(C)(=O)OC(CC)CC,620-11-1,7.169,0.9529,0.9759610647971572,low-fidelity RED
2-Methyl-3-Ethyl-3-Pentanol,C(C)(C)C(CC)(CC)O,597-05-7,6.379,0.9317,0.9303897032964198,low-fidelity RED
5-Methyl-2-Ethyl-1-Hexanol,C(C)(C)CCC(CC)CO,66794-07-8,7.238,0.9555,0.7470776398741973,low-fidelity RED
5-Methyl-2-Isopropyl-1-Hexanol,C(C)(C)CCC(CO)C(C)C,2051-33-4,6.674,0.9583,0.8951256894984082,low-fidelity RED
Isopropyl Acrylate,C(C)(C)OC(C=C)=O,689-12-3,6.994,1.047,0.9027735042633898,low-fidelity RED
6-Ethyl-3-Octanol,C(C)C(O)CCC(CC)CC,19781-27-2,6.213,0.9493,0.7132671308843553,low-fidelity RED
Diethyl Nonanedioate ,C(C)OC(CCCCCCCC(OCC)=O)=O,624-17-9,7.465,0.8499,0.8681877677092668,low-fidelity RED
4-Methyl-3-Ethylphenol,c(cc(C)c1CC)c(O)c1,6161-67-7,6.776,1.075,0.7636262174650624,low-fidelity RED
Ibuprofen,c(cc(c1)C(C(=O)O)C)c(c1)CC(C)C,15687-27-1,7.423,1.204,0.9000000000000002,low-fidelity RED
"o-Toluidine, 5-Isopropyl-",c(cc(c1)C(C)C)c(c1N)C,2051-53-8,6.117,1.006,0.8891709621889368,low-fidelity RED
2-Methyl-5-Ethylphenol,c(cc(c1)CC)c(c1O)C,1687-65-6,6.739,1.172,0.7636262174650624,low-fidelity RED
2-Methyl-4-Ethylphenol,c(cc(c1)CC)c(O)c1C,2219-73-0,7.06,1.052,0.7636262174650624,low-fidelity RED
2-Methyl-6-Ethylphenol,c(cc(c1O)C)cc1CC,1687-64-5,6.556,1.096,0.7636262174650624,low-fidelity RED
3-Methyl-6-Ethylphenol,c(cc(c1O)CC)c(c1)C,1687-61-2,7.065,1.02,0.7636262174650624,low-fidelity RED
"2,4-Dimethyl-5-Ethylphenol",c(cc(c1O)CC)c(c1C)C,18441-55-9,6.789,1.209,0.9062284480195927,low-fidelity RED
"2,6-Diethylphenol",c(cc(c1O)CC)cc1CC,1006-59-3,6.827,0.9463,0.6388466169590309,low-fidelity RED
3-Methyl-2-Isopropylphenol,c(cc(O)c1C(C)C)cc1C,1/1/28 0:00,6.586,0.9341,0.6860211367006122,low-fidelity RED
2-Methyl-3-Isopropylphenol,c(cc(O)c1C)cc1C(C)C,4371-48-6,7.088,1.063,0.6860211367006122,low-fidelity RED
2-Methyl-3-Ethylphenol,c(cc(O)c1C)cc1CC,1123-73-5,7.091,1.148,0.7636262174650624,low-fidelity RED
4-Methyl-2-Ethylphenol,c(cc(O)c1CC)c(c1)C,3855-26-3,7.202,0.9719,0.7636262174650624,low-fidelity RED
3-Ethyl-3-Heptanol,C(CC)(CC)(O)CCCC,19780-41-7,6.262,0.912,0.8215838362577491,low-fidelity RED
1-Propylcyclopentanol,C(CC1)CC1(O)CCC,1604-02-0,5.949,0.9297,0.44999999999999984,low-fidelity RED
4-Ethyl-4-Heptanol,C(CCC)(O)(CC)CCC,597-90-0,6.024,0.9632,0.970180395596613,low-fidelity RED
3-sec-Butylphenol,c(ccc1C(C)CC)c(O)c1,3522-86-9,6.46,1.137,0.7766112283504529,low-fidelity RED
2-Isobutylphenol,c(ccc1CC(C)C)cc1O,4167-75-3,7.344,0.9689,0.6087897830942955,low-fidelity RED
2-Butylphenol,c(ccc1CCCC)cc1O,9/4/80 0:00,6.952,0.9025,0.673145600891813,low-fidelity RED
"1,9-Nonane Dithiol",C(CCCCS)CCCCS,3489-28-9,5.652,0.7919,0.7988272654335226,low-fidelity RED
"1,8-Octane Dithiol",C(CCCCS)CCCS,1191-62-4,5.652,0.7919,0.6726812023536851,low-fidelity RED
"1,6-Hexane Dithiol",C(CCCS)CCS,1191-43-1,5.652,0.7919,0.6149186938124424,low-fidelity RED
"2-Propanol, 1,1,1-Trichloro-2-Methyl-",C(Cl)(Cl)(C(C)(O)C)Cl,57-15-8,5.289,0.7791,0.5320949163448189,low-fidelity RED
"1,2-Ethane Dithiol",C(CS)S,540-63-6,5.43,0.722,0.6882949948968093,high-fidelity RED
Methyl-Propylamine,C(NC)CC,627-35-0,5.097,0.9324,0.9637167633698192,low-fidelity RED
Ethyl 2-Bromo-2-Methylpropanoate,C(OC(C(C)(Br)C)=O)C,600-00-0,6.551,0.8741,0.6800735254367722,low-fidelity RED
Ethyl 2-Chloropropanoate,C(OC(C(Cl)C)=O)C,535-13-7,6.225,0.9008,0.48023431780746373,low-fidelity RED
Dipropyl Oxalate,C(OC(C(OCCC)=O)=O)CC,615-98-5,6.662,0.9288,0.4220485754033533,low-fidelity RED
Ethyl Fluoroacetate,C(OC(CF)=O)C,459-72-3,6.049,0.8559,0.7180703308172535,low-fidelity RED
(Z)-Linalool Oxide (Furanoid),C[C]1(CC[C@@H](O1)C(C)(C)O)C=C,5989-33-3,6.243,1.101,0.46233105022267323,low-fidelity RED
(E)-Linalool Oxide (Furanoid),C[C]1(CC[C@H](O1)C(C)(C)O)C=C,34995-77-2,6.243,1.101,0.46233105022267323,low-fidelity RED
Fenchyl Alcohol,C[C]12[C@@H](O)C(C)(C)[C](CC2)([H])C1,2/9/17 0:00,5.428,1.034,0.532094916344819,low-fidelity RED
β-Eudesmol,C[C]12CCCC(=C)[C@@H]1C[C@@H](CC2)C(C)(C)O,473-15-4,6.215,1.308,0.995615387586994,low-fidelity RED
Laevo-Citronellol,C[C@@H](CCC=C(C)C)CCO,7540-51-4,7.5,1.031,0.4513867521316948,low-fidelity RED
(S)-Rhodinol,C[C@@H](CCCC(=C)C)CCO,6812-78-8,7.848,1.024,0.5184110338331928,low-fidelity RED
(R)-2-Phenyl Propyl Alcohol,C[C@@H](CO)C1=CC=CC=C1,19141-40-3,7.804,0.8808,0.9192388155425121,low-fidelity RED
Wine Lactone,C[C@@H]1[C@H]2CCC(=C[C@H]2OC1=O)C,182699-77-0,7.152,1.178,0.8649421946003097,low-fidelity RED
(-)-Guaiol,C[C@@H]1CC[C@@H](CC2=C1CC[C@H]2C)C(C)(C)O,489-86-1,6.601,1.26,0.9552486587271402,low-fidelity RED
"(E)-Para-Menthane-3,8-Diol",C[C@@H]1CC[C@H]([C@@H](C1)O)C(C)(C)O,3564-98-5,6.478,1.115,0.6349212549600146,low-fidelity RED
Laevo-Menthyl Lactate,C[C@@H]1CC[C@H]([C@@H](C1)OC(=O)C(C)O)C(C)C,59259-38-0,7.526,1.342,0.48541219597369006,low-fidelity RED
Dextro-Neomenthol,C[C@@H]1CC[C@H]([C@H](C1)O)C(C)C,2216-52-6,6.316,1.162,0.6329494450586083,low-fidelity RED
β-Acorenol,C[C@@H]1CCC(C12CCC(=CC2)C)C(C)(C)O,28400-11-5,6.716,1.438,0.9397473064606251,low-fidelity RED
Geosmin,C[C@@H]1CCC[C]2(C)CCCC[C]12O,19700-21-1,5.949,1.086,0.838525491562421,low-fidelity RED
Cholic Acid,C[C@H](CCC(=O)O)[C@H]1CC[C@@H]2[C]1([C@H](C[C@H]3[C@H]2[C@@H](C[C@H]4[C]3(CC[C@H](C4)O)C)O)O)C,81-25-4,7.394,1.502,0.604152298679729,low-fidelity RED
Trans-2-Methylcyclohexanol,C[C@H]1[C@@H](O)CCCC1,7443-52-9,6.349,0.9002,0.5482928049865329,low-fidelity RED
Cis-2-Methylcyclohexanol,C[C@H]1[C@H](O)CCCC1,7443-70-1,6.349,0.9002,0.5482928049865329,low-fidelity RED
Cis-4-Methylcyclohexanol,C[C@H]1CC[C@@H](O)CC1,7731-28-4,6.102,1.014,0.5556527692723215,low-fidelity RED
Trans-4-Methylcyclohexanol,C[C@H]1CC[C@H](O)CC1,7731-29-5,6.102,1.014,0.5556527692723215,low-fidelity RED
Agarospirol,C[C@H]1CCC=C(C12CC[C@H](C2)C(C)(C)O)C,23811-08-7,6.44,1.389,0.9397473064606251,low-fidelity RED
Thialdine,C[C@H]1N[C@@H](C)SC(C)S1,638-17-5,5.386,1.105,0.8329165624478834,low-fidelity RED
Dimethyl Citraconate,C/C(=C/C(=O)OC)/C(=O)OC,617-54-9,6.129,1.091,0.16007810593582156,low-fidelity RED
β-Santalol,C/C(=C/CCC1(C2CCC(C2)C1=C)C)/CO,77-42-9,7.498,1.342,0.7110731326663944,low-fidelity RED
Hotrienol,C/C(=C\C=C)/CC(C)(C=C)O,20053-88-7,6.109,1.048,0.7591113225344489,low-fidelity RED
Ocimenol,C/C(=C\CCC(C)(C)O)/C=C,5986-38-9,6.244,1.143,0.6576473218982957,low-fidelity RED
8-Hydroxylinalool,C/C(=C\CCC(C)(C=C)O)/CO,64142-78-5,6.305,1.221,0.7636262174650634,low-fidelity RED
Mesityl Oxide,C/C(C)=C/C(C)=O,141-79-7,5.716,0.961,0.8620469824783337,high-fidelity RED
Geraniol,C/C(C)=C\CC/C(C)=C/CO,106-24-1,6.82,1.008,0.3913118960624631,low-fidelity RED
"2-Pentenal, 2-Methyl-",C/C(C=O)=C\CC,623-36-9,6.326,1.032,0.7874007874011814,low-fidelity RED
Germacrene d-4-ol,C/C/1=C/CCC(\C=C/C(CC1)C(C)C)(C)O,74841-87-5,6.783,1.357,0.9027735042633891,low-fidelity RED
Methyl Crotonate,C/C=C/C(OC)=O,623-43-8,6.102,0.9148,0.2031009601158989,low-fidelity RED
Crotonaldehyde,C/C=C/C=O,4170-30-3,5.524,0.9885,0.7778174593052021,low-fidelity RED
Cis-Crotonaldehyde,C/C=C\C=O,15798-64-8,5.524,0.9885,0.7778174593052021,low-fidelity RED
"(E,Z)-2,4,8-Trimethyl-3,7-Nonadien-2-ol",C\C(C)=C\CCC(C)=CC(C)(C)O,479547-57-4,6.689,1.075,0.8268917704270615,low-fidelity RED
"(±)-2,4,8-Trimethyl-7-Nonen-2-ol",C\C(C)=C\CCC(C)CC(C)(C)O,437770-28-0,6.768,1.158,0.9100137361600648,low-fidelity RED
"Cis-3,7-Dimethyl-2,6-Octadien-1-ol",C\C(CC\C=C(C)\C)=C/CO,106-25-2,6.82,1.008,0.3913118960624631,low-fidelity RED
Methyl Tiglate,C\C=C(/C)\C(=O)OC,6622-76-0,5.951,0.9769,0.48283019789569925,low-fidelity RED
Allyl Tiglate,C\C=C(/C)\C(=O)OCC=C,7493-71-2,6.619,1.018,0.7830229881682912,low-fidelity RED
2-Methyl-2-Buten-1-ol,C\C=C(/C)\CO,4675-87-0,6.183,0.8233,0.9565563234854497,low-fidelity RED
Methyl 1-Propenyl Sulfide,C\C=C(/C)\S,10152-77-9,5.655,0.7949,0.5722761571129799,low-fidelity RED
(Z)-4-Hexen-1-Yl Acetate,C\C=C/CCCOC(=O)C,42125-34-8,7.713,1.043,0.6873863542433761,low-fidelity RED
Isopropyl (E)-Crotonate,C\C=C\C(=O)OC(C)C,6284-46-4,6.863,1.04,0.8284020762890448,low-fidelity RED
Cyclohexyl Crotonate,C\C=C\C(=O)OC1CCCCC1,31416-78-1,6.848,1.237,0.9968701018688443,low-fidelity RED
Allyl Crotonate,C\C=C\C(=O)OCC=C,20474-93-5,6.59,1.075,0.5852349955359814,low-fidelity RED
Benzyl Crotonate,C\C=C\C(=O)OCC1=CC=CC=C1,65416-24-2,7.749,1.104,0.988053642268475,low-fidelity RED
Allyl Sorbate,C\C=C\C=C\C(=O)OCC=C,30895-79-5,6.46,1.215,0.8388980867781259,low-fidelity RED
Sandalwood (Use Santalol),C\C=C\C=C\C=C\C=C\CCCCCCO,11031-45-1,7.372,1.195,0.7267220926874317,low-fidelity RED
"(E,E)-2,4-Hexadien-1-Al",C\C=C\C=C\C=O,80466-34-8,5.248,1.066,0.6224949798994365,low-fidelity RED
"(E,E)-2,4-Hexadien-1-ol",C\C=C\C=C\CO,17102-64-6,6.149,1.047,0.9486832980505134,low-fidelity RED
Isoeugenyl Acetate,C\C=C\C1=CC(=C(C=C1)OC(=O)C)OC,93-29-8,7.338,1.254,0.9513148795220214,low-fidelity RED
Isoeugenyl Formate,C\C=C\C1=CC(=C(C=C1)OC=O)OC,7774-96-1,6.531,1.286,0.9017344398435714,low-fidelity RED
β-Asarone,C\C=C\C1=CC(=C(C=C1OC)OC)OC,5273-86-9,6.147,1.174,0.9424038412485374,low-fidelity RED
"(E,E)-2,6-Octadien-1-Al",C\C=C\CC\C=C\C=O,56767-18-1,5.991,1.028,0.7150174823037544,low-fidelity RED
"Methyl 4,8-Decadienoate",C\C=C\CC\C=C\CCC(=O)OC,1191-03-3,6.895,0.9264,0.9374166629626336,low-fidelity RED
(Z)-4-Hexen-1-Al,C\C=C\CCC=O,4634-89-3,6.237,0.964,0.653834841531101,low-fidelity RED
(E)-6-Octen-1-Al,C\C=C\CCCCC=O,63826-25-5,6.514,1.051,0.8573214099741124,low-fidelity RED
(E)-4-Hexen-1-ol,C\C=C\CCCO,928-92-7,7.849,0.9893,0.8050621094052307,low-fidelity RED
(E)-4-Hexen-1-Yl Acetate,C\C=C\CCCOC(=O)C,42125-17-7,7.713,1.043,0.6873863542433761,low-fidelity RED
Methyl Propenyl Disulfide,C\C=C\SSC,5905-47-5,5.019,0.8843,0.9045026257562769,low-fidelity RED
α-Ionol,C\C1=C\CCC(C)(C)C1C=CC(C)O,25312-34-9,7.264,1.247,0.8007808689023483,low-fidelity RED
Mepafynol,C#CC(C)(O)CC,77-75-8,5.985,0.9206,0.5662375826453063,low-fidelity RED
Phenoxyacetylene,C#COc1ccccc1,4279-76-9,5.971,1.014,0.9568829604502309,low-fidelity RED
"1,1-Dibromoethylene",C=C(Br)Br,593-92-0,5.653,0.8558,0.4506939094329992,high-fidelity RED
α-Chloro Methyl Acrylate,C=C(C(=O)OC)Cl,80-63-7,5.415,1.013,0.6149186938124422,high-fidelity RED
Methyl-α-n-Propylacrylate,C=C(C(OC)=O)CCC,,6.117,1.158,0.953283798246881,low-fidelity RED
Methyl-α-Methoxyacrylate,C=C(C(OC)=O)OC,,5.913,1.092,0.43588989435406783,low-fidelity RED
Ethyl α-Acetoxyacrylate,C=C(C(OCC)=O)OC(C)=O,,6.527,1.061,0.26575364531836704,low-fidelity RED
2-Hydroxyethyl Methacrylate,C=C(C(OCCO)=O)C,868-77-9,7.017,1.064,0.9620940702446928,low-fidelity RED
2-Acetoacetoxy Ethyl Methacrylate,C=C(C)C(=O)OCCOC(=O)CC(=O)C,21282-97-3,6.648,1.113,0.44511234536912125,low-fidelity RED
"(E)-2,6-Dimethyl-1,5,7-Octatrien-3-ol",C=C(C)C(O)CC=C(C)C=C,29414-56-0,6.097,1.293,0.5123475382979799,low-fidelity RED
Methyl Methacrylate,C=C(C)C(OC)=O,80-62-6,5.801,0.9898,0.8440971508067066,high-fidelity RED
n-Butyl Methacrylate,C=C(C)C(OCCCC)=O,97-88-1,6.765,1.013,0.9912113800799506,high-fidelity RED
"3-Buten-1-ol, 3-Methyl-",C=C(C)CCO,763-32-6,7.062,0.9318,0.9246621004453464,low-fidelity RED
Carbonyl Cyanide,C=C(C#N)C#N,922-64-5,5.781,0.9303,0.9124143795447333,high-fidelity RED
Bromoprene,C=C(C=C)Br,1822-86-2,5.677,0.952,0.8448372624357899,high-fidelity RED
Iodoprene,C=C(I)C=C,19221-28-4,5.847,0.9214,0.9394147114027968,high-fidelity RED
1-Chloro Vinyl Ethyl Ether,C=C(OCC)Cl,54722-81-5,5.773,0.9181,0.608789783094296,high-fidelity RED
Ketene,C=C=O,463-51-4,5.179,0.8432,0.9759610647971568,high-fidelity RED
"1,2-Epoxy-2-Propene",C=C1OC1,40079-14-9,6.447,0.863,0.8085480814398114,high-fidelity RED
Acrylic Acid Benzyl Ester,C=CC(=O)OCc1ccccc1,2495-35-4,7.708,1.01,0.9354143466934853,low-fidelity RED
Acrylic Acid,C=CC(O)=O,79-10-7,5.587,0.8488,0.5390964663211956,high-fidelity RED
"1,5-Octadien-3-ol",C=CC(O)C\C=C\CC,83861-74-9,6.513,1.131,0.5249999999999998,low-fidelity RED
"2,2,3,3-Tetrafluoropropyl Acrylate",C=CC(OCC(F)(C(F)F)F)=O,7383-71-3,5.67,1.026,0.8746427842267954,low-fidelity RED
"2,4-Pentadien-1-Al",C=CC=CC=O,764-40-9,5.269,0.933,0.7437237390321755,low-fidelity RED
2-Vinylpyridine,C=CC1=CC=CC=N1,100-69-6,6.626,1.165,0.9902651160169175,low-fidelity RED
4-Vinyl Pyridine,C=CC1=CC=NC=C1,100-43-6,6.2,1.047,0.808161493762231,high-fidelity RED
Mono (Or Di Or Tri)-(.Alpha.-Methylbenzyl) Phenol,C=Cc1cc(ccc1O)C=C,61788-44-1,6.849,1.034,0.8724964183307564,low-fidelity RED
"3,4-Epoxy-1-Butene",C=CC1CO1,930-22-3,5.322,1.045,0.5315072906367324,high-fidelity RED
Allyl Bromide (3-Bromoprene),C=CCBr,106-95-6,5.696,0.834,0.8849435010213929,high-fidelity RED
2-Allylphenol,C=CCC(C=CC=C1)=C1O,1745-81-9,7.088,0.9649,0.6932712311931021,low-fidelity RED
Vinylacetic Acid,C=CCC(O)=O,625-38-7,5.925,0.9053,0.5024937810560447,low-fidelity RED
Chavicol,C=CCC1=CC=C(C=C1)O,501-92-8,7.016,1.013,0.9503288904374102,low-fidelity RED
4-Bromo-1-Butene,C=CCCBr,5162-44-7,5.233,0.9164,0.8909264840602731,high-fidelity RED
Allyl Acetic Acid,C=CCCC(=O)O,591-80-0,6.187,0.9521,0.8634958019585274,high-fidelity RED
4-Pentenal,C=CCCC=O,2100-17-6,5.847,0.8674,0.9340770846134704,high-fidelity RED
9-Decenoic Acid,C=CCCCCCCCC(=O)O,14436-32-9,6.657,1.04,0.36142080737002463,low-fidelity RED
11-Dodecenoic Acid,C=CCCCCCCCCCC(=O)O,65423-25-8,6.657,1.04,0.6123724356957945,low-fidelity RED
10-Undecen-1-ol,C=CCCCCCCCCCO,112-43-6,7.577,0.9562,0.5667892024377321,low-fidelity RED
9-Decen-1-ol,C=CCCCCCCCCO,13019-22-2,7.577,0.9562,0.5414101956926933,low-fidelity RED
5-Hexen-1-ol,C=CCCCCO,821-41-0,7.633,0.9446,0.7424621202458751,low-fidelity RED
Allyl Amine,C=CCN,107-11-9,5.459,0.8086,0.919238815542512,high-fidelity RED
Diallyl Amine,C=CCNCC=C,124-02-7,5.258,0.8731,0.7454025757937792,high-fidelity RED
Allyl Anthranilate,C=CCOC(=O)C1=CC=CC=C1N,7493-63-2,7.298,1.167,0.9965565713997377,low-fidelity RED
Allyl Salicylate,C=CCOC(=O)C1=CC=CC=C1O,10484-09-0,7.574,1.118,0.8919781387455635,low-fidelity RED
Allyl 2-Furoate,C=CCOC(=O)C1=CC=CO1,4208-49-5,7.959,1.294,0.8696263565463038,low-fidelity RED
Allyl Phenyl Acetate,C=CCOC(=O)CC1=CC=CC=C1,1797-74-6,7.504,1.21,0.9486832980505139,low-fidelity RED
Allyl Phenoxyacetate,C=CCOC(=O)COC1=CC=CC=C1,7493-74-5,7.882,1.165,0.6950719387228922,low-fidelity RED
Galbanum Oxyacetate,C=CCOC(=O)COC1CCCCC1,68901-15-5,6.923,1.272,0.8400148808205721,low-fidelity RED
Allyl Formate,C=CCOC=O,1838-59-1,5.863,0.9281,0.5900211860602981,high-fidelity RED
Allyl Phenyl Ether,C=CCOC1=CC=CC=C1,1746-13-0,6.658,0.9819,0.9956153875869937,low-fidelity RED
"Oxiane, [(2-Popenyloxy)Methyl]-",C=CCOCC1CO1,106-92-3,5.304,1.092,0.5900211860602972,low-fidelity RED
Allyl Mercaptan,C=CCS,870-23-5,5.254,0.8369,0.23717082451262933,high-fidelity RED
Allyl 1-Propenyl Disulfide,C=CCSS\C=C\C,33368-82-0,5.117,1.01,0.8124038404635961,low-fidelity RED
Allyl Disulfide,C=CCSSCC=C,2179-57-9,5.144,0.8409,0.785015923405379,low-fidelity RED
Diallyl Trisulfide,C=CCSSSCC=C,2050-87-5,5.199,0.9089,0.772172260574025,low-fidelity RED
Diallyl Tetrasulfide,C=CCSSSSCC=C,2444-49-7,5.144,0.8409,0.8215838362577491,low-fidelity RED
"Ethenyl 2,2-Dichloroacetate",C=COC(=O)C(Cl)Cl,4/8/61 0:00,6.118,1.057,0.46502688094345607,low-fidelity RED
Ethenyl 2-Chloroacetate,C=COC(=O)CCl,2549-51-1,5.49,0.9164,0.6504805915628843,low-fidelity RED
Vinyl Formate,C=COC=O,692-45-5,5.435,0.8572,0.8849435010213929,high-fidelity RED
HBVE,C=COCCCCO,17832-28-9,7.444,0.9822,0.6800735254367722,low-fidelity RED
Diethylene Glycol Divinyl Ether,C=COCCOCCOC=C,764-99-8,5.408,0.9268,0.5662375826453063,high-fidelity RED
Divinylsulfide,C=CSC=C,627-51-0,4.985,0.8044,0.6768493185340444,high-fidelity RED
Vinyl Butyl Sulfide,C=CSCCCC,4789-70-2,5.184,0.9057,0.7830229881682913,high-fidelity RED
Vinyl S-Butyl Mercapto Ethyl Ether,C=CSCCCCOCC,,5.176,1.068,0.5963430220938283,high-fidelity RED
4-Methyl-2-Isopropylphenol,C1(=C(C=C(C=C1)C)C(C)C)O,4427-56-9,6.952,1.038,0.6860211367006122,low-fidelity RED
2-Phenyl-1-Propanol,C1(=CC=CC=C1)C(CO)C,1123-85-9,7.804,0.8808,0.9192388155425121,low-fidelity RED
1-Phenyl-2-Propanol,C1(=CC=CC=C1)CC(C)O,698-87-3,7.472,0.9746,0.9552486587271395,low-fidelity RED
"Trans-1,8-Terpin",C1(C)(O)CCC(C(C)(C)(O))CC1,565-50-4,5.909,1.007,0.5706356105256662,low-fidelity RED
Azacyclotridecan-2-One,C1(CCCCCCCCCCCN1)=O,947-04-6,6.696,1.079,0.9453835200594517,low-fidelity RED
"3,4,5-Trimethylphenol",C1=C(C(=C(C=C1O)C)C)C,527-54-8,6.856,1.04,0.981389321319526,low-fidelity RED
"3,4-Dimethyl-6-Ethylphenol",C1=C(C(=CC(=C1O)CC)C)C,2219-78-5,7.278,1.164,0.9062284480195927,low-fidelity RED
4-Methyl-2-Propylphenol,C1=C(C)C=CC(=C1CCC)O,4074-46-8,6.625,0.9474,0.7215434844830904,low-fidelity RED
"Dimethyl-2,6-Naphthalenedicarboxylate",C1=C(C=CC2=C1C=CC(=C2)C(=O)OC)C(OC)=O,840-65-3,7.828,1.114,0.8314144574157948,low-fidelity RED
"2,3,5-Trimethylphenol",C1=C(O)C(=C(C=C1C)C)C,697-82-5,6.908,1.024,0.981389321319526,low-fidelity RED
"2,4,5-Trimethylphenol",C1=C(O)C(=CC(=C1C)C)C,496-78-6,6.725,0.9486,0.981389321319526,low-fidelity RED
"1,3,5,7-Cyclooctatetraene",C1=C\C=C/C=C\C=C1,629-20-9,5.14,0.7552,0.8200609733428363,low-fidelity RED
"2,3,6-Trimethylphenol",C1=CC(=C(C(=C1C)C)O)C,2416-94-6,6.71,1.007,0.981389321319526,low-fidelity RED
4-Methyl-3-Isopropylphenol,C1=CC(=CC(=C1C(C)C)C)O,2/2/28 0:00,6.665,1.11,0.6860211367006122,low-fidelity RED
N-Ethyl-p-Toluidine,C1=CC(=CC=C1NCC)C,622-57-1,6.441,0.9664,0.9727538229171863,low-fidelity RED
3-Methylfuran,C1=CC(=CO1)C,930-27-8,6.429,1.039,0.6823672031978086,low-fidelity RED
Cinnamyl Formate,C1=CC=C(C=C1)C=CCOC=O,104-65-4,6.591,1.142,0.8692669325356849,low-fidelity RED
Phenyl Amyl Alcohol,C1=CC=C(C=C1)CCCCCO,10521-91-2,8.398,0.9267,0.6442049363362558,low-fidelity RED
4-Phenyl-1-Butanol,C1=CC=C(C=C1)CCCCO,3360-41-6,8.455,0.9027,0.7335700375560598,low-fidelity RED
3-Phenyl Propyl Formate,C1=CC=C(C=C1)CCCOC=O,104-64-3,7.503,1.05,0.7356969484781082,low-fidelity RED
Phenethyl Lactate,C1=CC=C(C=C1)CCOC(=O)CCO,10138-63-3,8.991,1.097,0.8344159634139316,low-fidelity RED
Phenylethyl Formate,C1=CC=C(C=C1)CCOC=O,104-62-1,6.924,1.029,0.7176350047203653,low-fidelity RED
Phenethyl Oxyacetaldehyde,C1=CC=C(C=C1)CCOCC=O,41847-88-5,6.768,1.075,0.9300537618869131,low-fidelity RED
2-Phenoxyethyl Formate,C1=CC=C(C=C1)OCCOC=O,58214-97-4,7.347,1.063,0.7215434844830909,low-fidelity RED
"1,3,5-Cycloheptatriene",C1=CC=CC=CC1,544-25-2,5.16,0.9692,0.8975661535508118,low-fidelity RED
"1,4-Cyclohexadiene",C1=CCC=CC1,628-41-1,5.199,0.9091,0.962094070244693,low-fidelity RED
Cyclobutene,C1=CCC1,822-35-5,5.104,0.7891,0.9659839543180828,low-fidelity RED
"1,3-Cyclohexadiene",C1=CCCC=C1,592-57-4,5.2,0.8579,0.9620940702446928,low-fidelity RED
"2,5-Dihydrofuran",C1=CCOC1,1708-29-8,5.279,0.8389,0.375,low-fidelity RED
Bis(2-Furyl) Methane,C1=COC(=C1)CC2=CC=CO2,1197-40-6,6.355,1.004,0.9607939425287818,low-fidelity RED
Furfuryl Formate,C1=COC(=C1)COC=O,13493-97-5,7.239,1.124,0.772172260574025,low-fidelity RED
Difurfuryl Ether,C1=COC(=C1)COCC2=CC=CO2,4437-22-3,6.652,1.024,0.8336666000266536,low-fidelity RED
Cyclohexene Oxide,C12CCCCC1O2,286-20-4,5.354,0.9328,0.9058835465996721,low-fidelity RED
Hyacinth Acetal,C1C(COC(O1)CC2=CC=CC=C2)O,29895-73-6,7.393,1.264,0.9516433155337132,low-fidelity RED
N-Benzyl Pyrrolidone,C1CC(=O)N(C1)CC2=CC=CC=C2,5291-77-0,5.662,1.089,0.9273618495495698,high-fidelity RED
"2,3,4,5,2',3',4',5'-Octahydro-Bifuryl-(3,3')",C1CC(C2CCOC2)CO1,106538-38-9,5.958,0.8835,0.7211102550927981,low-fidelity RED
Tetrahydrofurfuryl Phenyl Acetate,C1CC(OC1)COC(=O)CC2=CC=CC=C2,5421-00-1,6.694,1.274,0.8200609733428363,low-fidelity RED
Cyclohexyl Acetic Acid,C1CCC(CC1)CC(=O)O,5292-21-7,6.426,0.8675,0.693271231193102,low-fidelity RED
Cyclohexyl Ethyl Alcohol,C1CCC(CC1)CCO,4442-79-9,7.04,0.9379,0.5689903338370523,low-fidelity RED
N-Cyclohexyl-2-Pyrrolidone,C1CCC(CC1)N2CCCC2=O,6837-24-7,6.213,0.9715,0.8403868156985799,high-fidelity RED
Cyclohexyl Salicylate,C1CCC(CC1)OC(=O)C2=CC=CC=C2O,25485-88-5,7.593,1.11,0.9290452088031026,low-fidelity RED
Hexahydrocoumarin,C1CCC2=C(C1)CCC(=O)O2,700-82-3,7.188,1.086,0.6982120021884463,low-fidelity RED
Octahydrocoumarin,C1CCC2C(C1)CCC(=O)O2,4430-31-3,6.833,1.136,0.9317322576792111,low-fidelity RED
2-Decalinol,C1CCC2CC(CCC2C1)O,825-51-4,6.32,0.9114,0.5612486080160907,low-fidelity RED
Cyclopentylacetic Acid,C1CCCC1CC(O)=O,1123-00-8,6.221,0.8735,0.8474225628339145,low-fidelity RED
Ethylene Dodecanoate,C1CCCCCC(=O)OCCOC(=O)CCCC1,54982-83-1,6.958,1.004,0.7909646009778188,low-fidelity RED
Ethylene Brassylate,C1CCCCCC(=O)OCCOC(=O)CCCCC1,105-95-3,6.958,1.004,0.8975661535508118,low-fidelity RED
Piperidine,C1CCCCN1,110-89-4,5.028,1.012,0.39370039370059057,high-fidelity RED
Oxahexadecanolide-10,C1CCCCOCCCCCCOC(=O)CCC1,1725-01-5,6.876,1.048,0.9962429422585638,low-fidelity RED
Hexamethyleneimine,C1CCCNCC1,111-49-9,5.028,1.012,0.6819090848492927,low-fidelity RED
Dihydropyran,C1CCOC=C1,110-87-2,5.06,0.9513,0.6749999999999998,high-fidelity RED
Tetrahydropyran,C1CCOCC1,142-68-7,5.181,0.7656,0.5590169943749478,high-fidelity RED
Tetrahydrothiapyran,C1CCSCC1,1613-51-0,5.315,0.7601,0.8919781387455633,high-fidelity RED
Phenyl Acetaldehyde Ethylene Glycol Acetal,C1COC(O1)CC2=CC=CC=C2,101-49-5,6.718,1.109,0.9069178573608524,low-fidelity RED
"1,3-Dioxane",C1OCCCO1,505-22-6,5.322,0.8822,0.644689847911381,low-fidelity RED
"(E+Z)-4,8-Dimethyl-3,7-Nonadien-2-ol",CC(\C=C(/C)\CCC=C(C)C)O,67845-50-5,7.275,1.079,0.5326818938165628,low-fidelity RED
Cherry Pentenoate,CC(\C=C\C)C(=O)OCC,1617-23-8,6.997,0.9697,0.8821139382188675,low-fidelity RED
"(E)-Para-Mentha-2,8-Dien-1-ol",CC(=C)[C@@H]1CC[C](C=C1)(C)O,7212-40-0,5.969,1.259,0.5344389581607984,low-fidelity RED
Dextro-Perillaldehyde,CC(=C)[C@@H]1CCC(=CC1)C=O,12/8/03 0:00,6.586,1.207,0.8764274071479051,low-fidelity RED
Dehydrolinalool,CC(=C)\C=C\CC(C)(C=C)O,29957-43-5,6.227,1.144,0.7591113225344489,low-fidelity RED
2-Methyl-2-Propenoyl Chloride,CC(=C)C(=O)Cl,920-46-7,5.522,0.883,0.8764274071479055,low-fidelity RED
Allyl Methacrylate,CC(=C)C(=O)OCC=C,96-05-9,6.406,0.97,0.9031195934094228,high-fidelity RED
Tetrahydrofurfuryl Methacrylate,CC(=C)C(=O)OCC1CCCO1,2455-24-5,5.628,1.136,0.642748006609122,low-fidelity RED
Glycidyl Methacrylate,CC(=C)C(=O)OCC1CO1,106-91-2,6.48,1.098,0.9397473064606251,high-fidelity RED
3-Isopropenyl-6-Oxoheptanoic Acid,CC(=C)C(CCC(=O)C)CC(=O)O,4436-82-2,6.45,1.289,0.32210246816812793,low-fidelity RED
Mayol,CC(=C)C1CCC(\C)=C\CCC(\C)=C\CCC(/C)=C/C1O,5502-75-0,6.064,1.259,0.9360822613424524,low-fidelity RED
Perillaldehyde,CC(=C)C1CCC(=CC1)C=O,2111-75-3,6.586,1.207,0.8764274071479051,low-fidelity RED
Perilla Alcohol,CC(=C)C1CCC(=CC1)CO,536-59-4,6.778,1.152,0.5244044240850757,low-fidelity RED
Limonene Glycol,CC(=C)C1CCC(C(C1)O)(C)O,1946-00-5,5.649,1.248,0.7176350047203657,low-fidelity RED
"Dextro-2,8-Para-Menthadien-1-ol",CC(=C)C1CCC(C=C1)(C)O,22771-44-4,5.969,1.259,0.5344389581607984,low-fidelity RED
4-Methyl-4-Penten-2-One,CC(=C)CC(C)=O,2/3/44 0:00,6.192,0.8629,0.9506576670915771,low-fidelity RED
Isoprenyl Acetate,CC(=C)CCOC(=O)C,7/2/05 0:00,7.118,0.9341,0.7866066361276135,low-fidelity RED
Ipsdienol,CC(=C[C@H](CC(=C)C=C)O)C,35628-00-3,6.799,1.195,0.5123475382979799,low-fidelity RED
Methyl Heptadienone,CC(=C\C=C\C(=O)C)C,1604-28-0,5.658,1.135,0.917877987534291,low-fidelity RED
"Para-Menth-8-En-1,2-Diol",CC(=C1CCC(C(C1)O)(C)O)C,89708-25-8,6.704,1.171,0.9912113800799506,low-fidelity RED
α-Terpineol,CC(=C1CCC(CC1)(C)O)C,586-81-2,6.325,1.074,0.5315072906367329,low-fidelity RED
Methyl Dimethyl Acrylate,CC(=CC(=O)OC)C,924-50-5,6.354,1.001,0.48283019789569925,low-fidelity RED
Artemisyl Alcohol,CC(=CC(C(C)(C)C=C)O)C,29887-38-5,6.17,1.066,0.745402575793779,low-fidelity RED
Santolina Alcohol,CC(=CC(C=C)C(C)(C)O)C,35671-15-9,6.364,0.9887,0.764852927038918,low-fidelity RED
(-)-Lavandulol,CC(=CC[C@@H](CO)C(=C)C)C,498-16-8,6.137,1.118,0.5505678886386312,low-fidelity RED
3-Methyl-2-Buten-1-Al,CC(=CC=O)C,107-86-8,6.339,0.9701,0.6480740698407859,low-fidelity RED
Cinnamon Acrolein,CC(=CC1=CC=CO1)C=O,874-66-8,6.98,1.193,0.9334077351297233,low-fidelity RED
Lavandulol,CC(=CCC(CO)C(=C)C)C,58461-27-1,6.137,1.118,0.5505678886386312,low-fidelity RED
Laevo-Linalool,CC(=CCC[C](C)(C=C)O)C,126-91-0,6.164,1.16,0.7520804478245662,low-fidelity RED
Citral Glyceryl Acetal,CC(=CCC/C(=C/C1OCC(O1)CO)/C)C,5694-82-6,7.062,1.216,0.4430011286667334,low-fidelity RED
"(E,E)-Farnesol",CC(=CCC/C(=C/CC/C(=C/CO)/C)/C)C,106-28-5,6.911,1.061,0.8544003745317532,low-fidelity RED
"3,7-Dimethyl-2,6-Octadien-1-Yl Cyclopropyl Carboxamide",CC(=CCC/C(=C/CNC(=O)C1CC1)/C)C,744251-93-2,6.35,1.237,0.9672771061076546,low-fidelity RED
Neryl Anthranilate,CC(=CCC/C(=C/COC(=O)C1=CC=CC=C1N)/C)C,67859-99-8,7.972,1.222,0.8616843969807041,low-fidelity RED
Geranyl Formate,CC(=CCC/C(=C/COC=O)/C)C,105-86-2,7.205,1.048,0.8852965604812887,low-fidelity RED
Geranyl Oxyacetaldehyde,CC(=CCC/C(=C/COCC=O)/C)C,68213-87-6,7.001,1.057,0.8782084035125148,low-fidelity RED
Neryl Formate,CC(=CCC/C(=C\COC=O)/C)C,2142-94-1,7.205,1.048,0.8852965604812887,low-fidelity RED
Geranic Acid,CC(=CCCC(=CC(=O)O)C)C,459-80-3,6.551,1.056,0.4308421984903518,low-fidelity RED
Citralva,CC(=CCCC(=CC#N)C)C,5585-39-7,7.414,1.103,0.9905806378079476,low-fidelity RED
Farnesol,CC(=CCCC(=CCCC(=CCO)C)C)C,4602-84-0,6.911,1.061,0.8544003745317532,low-fidelity RED
Geranyl Acetoacetate,CC(=CCCC(=CCOC(=O)CC(=O)C)C)C,61759-64-6,7.368,1.133,0.8200609733428363,low-fidelity RED
Methyl Heptenone,CC(=CCCC(=O)C)C,110-93-0,6.878,0.9902,0.982980162566875,low-fidelity RED
Dehydro β-Linalool,CC(=CCCC(C)(C#C)O)C,29171-20-8,6.335,1.154,0.48798053239857836,low-fidelity RED
Linalool,CC(=CCCC(C)(C=C)O)C,78-70-6,6.164,1.16,0.7520804478245662,low-fidelity RED
Linalool Oxide,CC(=CCCC(C)(C1CO1)O)C,1365-19-1,7.084,1.152,0.360555127546398,low-fidelity RED
Myracaldehyde,CC(=CCCC1=CCC(CC1)C=O)C,37677-14-8,7.126,1.327,0.9877373132569202,low-fidelity RED
Marine Carbonitrile,CC(=CCCC1=CCCC(C1)C#N)C,68084-04-8,7.721,1.458,0.9490126448051149,low-fidelity RED
4-Methyl-3-Penten-1-ol,CC(=CCCO)C,763-89-3,6.697,1.003,0.658122329054409,low-fidelity RED
Prenol,CC(=CCO)C,556-82-1,6.434,0.886,0.9565563234854497,low-fidelity RED
Prenyl Acetate,CC(=CCOC(=O)C)C,1191-16-8,7.082,0.9495,0.6149186938124422,low-fidelity RED
Prenyl Senecioate,CC(=CCOC(=O)C=C(C)C)C,72779-06-7,6.832,1.062,0.9650129532809391,low-fidelity RED
Prenyl Salicylate,CC(=CCOC(=O)C1=CC=CC=C1O)C,68555-58-8,7.839,1.115,0.7905694150420949,low-fidelity RED
Prenyl Formate,CC(=CCOC=O)C,68480-28-4,6.792,0.9647,0.33634060117684295,low-fidelity RED
Prenyl Mercaptan,CC(=CCS)C,5287-45-6,6.041,1.003,0.6805328794408099,low-fidelity RED
Acetoxime,CC(=NO)C,127-06-0,5.715,0.6697,0.9154916711800278,high-fidelity RED
1-Acetyl Cyclohexyl Acetate,CC(=O)C1(CCCCC1)OC(=O)C,52789-73-8,6.536,0.88,0.7925433742073678,low-fidelity RED
3-Acetylpiperidine,CC(=O)C1CNCCC1,350-03-8,5.336,1.176,0.846315543990538,low-fidelity RED
Allyl Acetoacetate,CC(=O)CC(=O)OCC=C,1118-84-9,6.623,1.07,0.5612486080160913,high-fidelity RED
Benzyl Acetoacetate,CC(=O)CC(=O)OCC1=CC=CC=C1,5396-89-4,7.721,1.065,0.7762087348130009,low-fidelity RED
Methoxyhexanone (Pentoxone),CC(=O)CC(C)(C)OC,107-70-0,6.324,0.9291,0.9185586535436917,high-fidelity RED
4-Methyl 4-Mercaptopentan-2-One 1% In Pg,CC(=O)CC(C)(C)S,19872-52-7,6.577,0.9566,0.7786205751198718,low-fidelity RED
Acetyl Acetaldehyde Dimethyl Acetal,CC(=O)CC(OC)OC,5436-21-5,6.795,0.8828,0.8507349763586777,low-fidelity RED
2-Furyl Acetone,CC(=O)CC1=CC=CO1,6975-60-6,7.431,1.087,0.8849435010213929,low-fidelity RED
Methyl Levulinate,CC(=O)CCC(=O)OC,624-45-3,6.922,0.8393,0.6864765108872991,low-fidelity RED
Raspberry Ketone Acetate,CC(=O)CCC1=CC=C(C=C1)OC(=O)C,6/3/72 0:00,8.242,1.127,0.9182183836103474,low-fidelity RED
Furfuryl Acetone,CC(=O)CCC1=CC=CO1,699-17-2,7.805,1.028,0.8097067370350821,low-fidelity RED
Potato Butanone,CC(=O)CCSC,34047-39-7,6.756,0.9382,0.8947765084086642,low-fidelity RED
Acetol Acetate,CC(=O)COC(=O)C,592-20-1,6.883,0.8263,0.8547660498639378,low-fidelity RED
1-Methyl Thio-2-Propanone,CC(=O)CSC,14109-72-9,6.158,0.7691,0.9905806378079475,low-fidelity RED
2-Chloroallylidene Diacetate,CC(=O)OC(C(=C)Cl)OC(=O)C,5459-90-5,6.468,1.062,0.45000000000000007,high-fidelity RED
Diacetoxyscirpenol,CC(=O)OC[C]14CCC(\C)=C/[C@H]4O[C@@H]3[C@H](O)[C@@H](OC(C)=O)[C]1(C)[C]23CO2,2270-40-8,7.924,1.536,0.6499999999999997,low-fidelity RED
Glucose Pentaacetate,CC(=O)OC[C@H]([C@H]([C@@H]([C@H](C=O)OC(=O)C)OC(=O)C)OC(=O)C)OC(=O)C,3891-59-6,7.406,1.152,0.31721443851123815,low-fidelity RED
(E)-Cinnamyl Acetate,CC(=O)OC\C=C\C1=CC=CC=C1,21040-45-9,7.536,1.129,0.988053642268475,low-fidelity RED
"1-Acetoxy-1,3-Butadiene",CC(=O)OC=CC=C,1515-76-0,5.969,0.9867,0.4834769901453426,high-fidelity RED
Acorn Acetate,CC(=O)OC1(CCCCC1)C#C,5240-32-4,6.359,1.116,0.8444672877027268,low-fidelity RED
Eugenyl Acetate,CC(=O)OC1=C(C=C(C=C1)CC=C)OC,93-28-7,7.777,1.206,0.8674675786448734,low-fidelity RED
Guaiacyl Acetate,CC(=O)OC1=CC=CC=C1OC,613-70-7,7.216,0.9958,0.8558621384311835,low-fidelity RED
Acetomethoxane_2001Review,CC(=O)OC1OC(C)OC(C)C1,828-00-2,6.961,1.172,0.5123475382979799,low-fidelity RED
Phenyl Glycol Diacetate,CC(=O)OCC(C1=CC=CC=C1)OC(=O)C,3/7/70 0:00,8.655,1.014,0.6823672031978086,low-fidelity RED
"(Z,Z)-3,6-Nonadien-1-Yl Acetate",CC(=O)OCC/C=C\C/C=C\CC,83334-93-4,6.803,1.048,0.9568829604502319,low-fidelity RED
(Z)-3-Hepten-1-Yl Acetate,CC(=O)OCC/C=C\CCC,1576-78-9,6.836,0.8899,0.910013736160065,low-fidelity RED
Cinnamyl Acetate,CC(=O)OCC=CC1=CC=CC=C1,103-54-8,7.536,1.129,0.988053642268475,low-fidelity RED
Para-Anisyl Acetate,CC(=O)OCC1=CC=C(C=C1)OC,104-21-2,8.959,1.112,0.8003905296791061,low-fidelity RED
Pentaacetyl Glucose,CC(=O)OCC1C(C(C(C(O1)OC(=O)C)OC(=O)C)OC(=O)C)OC(=O)C,604-68-2,7.543,1.255,0.20615528128088292,low-fidelity RED
Sucrose Octaacetate,CC(=O)OCC1C(C(C(C(O1)OC2(C(C(C(O2)COC(=O)C)OC(=O)C)OC(=O)C)COC(=O)C)OC(=O)C)OC(=O)C)OC(=O)C,126-14-7,7.463,1.509,0.4828301978956994,low-fidelity RED
3-Methyl-3-Methoxy Butyl Acetate,CC(=O)OCCC(C)(C)OC,103429-90-9,7.038,0.8847,0.8909264840602731,high-fidelity RED
3-Mercapto-3-Methyl-1-Butyl Acetate,CC(=O)OCCC(C)(C)S,50746-09-3,6.955,0.8891,0.45345892868042653,low-fidelity RED
Cyclohexyl Ethyl Acetate,CC(=O)OCCC1CCCCC1,21722-83-8,7.093,0.932,0.97082439194738,low-fidelity RED
"1,4-Nonane Diol Diacetate",CC(=O)OCCCC(OC(C)=O)CCCCC,67715-81-5,7.839,0.9951,0.8097067370350824,low-fidelity RED
4-Penten-1-Yl Acetate,CC(=O)OCCCC=C,1576-85-8,7.315,0.9708,0.7382411530116699,low-fidelity RED
3-Phenyl Propyl Acetate,CC(=O)OCCCC1=CC=CC=C1,122-72-5,8.59,0.9431,0.9287087810503353,low-fidelity RED
2-Chloroethyl Acetate,CC(=O)OCCCl,542-58-5,6.307,0.8802,0.9965565713997373,high-fidelity RED
3-(Methyl Thio) Propyl Acetate,CC(=O)OCCCSC,16630-55-0,7.297,0.8603,0.41003048667141784,low-fidelity RED
2-(Methyl Thio) Ethyl Acetate,CC(=O)OCCSC,5862-47-5,6.92,0.8433,0.40388736053508706,low-fidelity RED
Thioacetic Acid,CC(=O)S,507-09-5,5.962,0.7136,0.3508917211904549,high-fidelity RED
Methyl Thioacetate,CC(=O)SC,1534-08-3,5.995,0.6492,0.650480591562884,low-fidelity RED
"1,4-Dibromopentane",CC(Br)CCCBr,626-87-9,5.641,0.9563,0.9659839543180828,low-fidelity RED
Acetoin Acetate,CC(C(=O)C)OC(=O)C,4906-24-5,6.749,0.9461,0.550567888638631,low-fidelity RED
3-Mercapto-2-Butanone,CC(C(=O)C)S,40789-98-8,6.273,0.7343,0.8667467911679856,low-fidelity RED
"Dextro,Laevo-3-(Methyl Thio) Butanone",CC(C(=O)C)SC,53475-15-3,6.278,0.8344,0.8591420138719787,low-fidelity RED
Methyl 2-Mercaptopropionate,CC(C(=O)OC)S,53907-46-3,6.689,0.8541,0.5361902647381805,low-fidelity RED
Butyl Tiglate,CC(C(=O)OCCCC)=[C@H]C,7785-66-2,7.006,1.061,0.9370832406995658,low-fidelity RED
"2,3-Dibromopentane",CC(C(Br)CC)Br,5398-25-4,5.558,0.9786,0.8735702604828072,low-fidelity RED
Butadione,CC(C(C)=O)=O,431-03-8,5.973,0.7099,0.6442049363362569,high-fidelity RED
"2,3-Dibromobutane",CC(C(C)Br)Br,5408-86-6,5.253,0.8113,0.8400148808205722,low-fidelity RED
"2,3-Butane Dithiol",CC(C(C)S)S,4532-64-3,5.368,0.7345,0.5006246098625193,low-fidelity RED
Roasted Butanol,CC(C(C)SC(C)C(C)S)O,54957-02-7,6.101,0.8016,0.6209871174187104,low-fidelity RED
"2,4,6-Cycloheptatrien-1-One, 2-Hydroxy-4-(1-Methylethyl)-  Hinokitiol",CC(C(C=C1O)=CC=CC1=O)C,499-44-5,7.488,1.025,0.8778524933039722,low-fidelity RED
2-Isopropylphenol,CC(C(C=CC=C1)=C1O)C,88-69-7,7.119,0.9667,0.5921359641163509,low-fidelity RED
Menthol,CC(C(CCC(C)C1)C1O)C,89-78-1,6.316,1.162,0.6329494450586083,low-fidelity RED
"1,1-Dichloroacetone",CC(C(Cl)Cl)=O,513-88-2,5.668,0.835,0.8189169677079599,high-fidelity RED
"2,3-Xylenol",CC(C(O)=CC=C1)=C1C,526-75-0,6.315,1.071,0.9864709828474433,low-fidelity RED
"2,2-Dimethylvaleric Acid",CC(C(O)=O)(C)CCC,1185-39-3,6.076,0.9096,0.7407766195014531,low-fidelity RED
"Propanedioic Acid, Methyl-, Diethyl Ester",CC(C(OCC)=O)C(OCC)=O,609-08-5,7.294,0.8512,0.4358898943540679,low-fidelity RED
Butylated Hydroxyanisole,CC(C)(C)C1=C(C=CC(=C1)OC)O,25013-16-5,7.366,1.046,0.4609772228646441,low-fidelity RED
3-Tert-Butylphenol,CC(C)(C)C1=CC(O)=CC=C1,585-34-2,6.424,1.008,0.6914658342969664,low-fidelity RED
"2,4,4-Trimethyl-1-Pentanol",CC(C)(C)CC(C)CO,16325-63-6,7.079,0.8846,0.8877640452282353,low-fidelity RED
"7,7-Dimethyl-1-Octanol",CC(C)(C)CCCCCCO,66719-35-5,7.7,0.8442,0.8444672877027273,low-fidelity RED
"6,6-Dimethyl-1-Heptanol",CC(C)(C)CCCCCO,65769-10-0,7.7,0.8442,0.814324873745117,low-fidelity RED
Dipropylene Glycol t-Butyl Ether,CC(C)(C)OC(C)COCC(O)C,132739-31-2,7.204,1.158,0.9384162189561734,low-fidelity RED
Allyl-Tert-Butylperoxide,CC(C)(C)OOCC=C,39972-78-6,5.548,0.9522,0.9500000000000005,low-fidelity RED
Yomogi Alcohol,CC(C)(C=C)\C=C\C(C)(C)O,30458-12-9,6.12,0.95,0.9424038412485384,low-fidelity RED
2-Methyl-3-Buten-2-ol,CC(C)(C=C)O,115-18-4,5.817,0.8894,0.7262919523166975,low-fidelity RED
p-Tert-Butylcatechol,CC(C)(C1=CC(O)=C(O)C=C1)C,98-29-3,7.148,0.9973,0.9072623655812022,low-fidelity RED
p-Tert-Butylphenol,CC(C)(C1=CC=C(O)C=C1)C,98-54-4,7.02,0.9084,0.591607978309961,low-fidelity RED
p-Tert-Amylphenol,CC(C)(C1=CC=C(O)C=C1)CC,80-46-6,7.327,1.003,0.6451743950281965,low-fidelity RED
Delta-Terpineol,CC(C)(C1CCC(=C)CC1)O,7299-42-5,6.449,1.056,0.570087712549569,low-fidelity RED
"4,4-Dimethyl-2-Hexanol",CC(C)(CC)CC(C)O,E14187,6.864,0.7954,0.8370334521391606,low-fidelity RED
Muguet Propanol,CC(C)(CC1=CC=CC=C1)CO,13351-61-6,6.765,1.038,0.5573374202401988,low-fidelity RED
Oxethazaine,CC(C)(CC1=CC=CC=C1)N(C)C(=O)CN(CCO)CC(=O)N(C)C(C)(C)CC2=CC=CC=C2,13930-31-9,7.491,1.299,0.8591420138719789,low-fidelity RED
Dimethyl Benzyl Carbinol,CC(C)(CC1=CC=CC=C1)O,100-86-7,7.25,1.055,0.6194755846681929,low-fidelity RED
Dimethyl Benzyl Carbinyl Formate,CC(C)(CC1=CC=CC=C1)OC=O,10058-43-2,6.946,1.218,0.9788385975225947,low-fidelity RED
"3,3-Dimethyl-1-Hexanol",CC(C)(CCC)CCO,10524-70-6,6.655,0.8509,0.7689278249614854,low-fidelity RED
Phenyl Ethyl Dimethyl Carbinol,CC(C)(CCC1=CC=CC=C1)O,103-05-9,7.37,0.9491,0.6154266812545583,low-fidelity RED
Myrcenol,CC(C)(CCCC(=C)C=C)O,543-39-5,6.803,1.081,0.7297259759663209,low-fidelity RED
Leerall / Methyl Anthranilate Schiff's Base,CC(C)(CCCC1=CCC(CC1)C=NC2=CC=CC=C2C(=O)OC)O,67634-12-2,8.125,1.45,0.8749999999999997,low-fidelity RED
Iyral,CC(C)(CCCC1=CCC(CC1)C=O)O,31906-04-4,7.637,1.27,0.35355339059327334,low-fidelity RED
3-Mercapto-3-Methyl Butyl Formate,CC(C)(CCOC=O)S,50746-10-6,5.898,1.065,0.400780488547035,low-fidelity RED
Methyl t-Butylcarbamate,CC(C)(NC(OC)=O)C,27701-01-5,6.065,0.7374,0.7348469228349536,low-fidelity RED
Ethyl t-Butylcarbamate,CC(C)(NC(OCC)=O)C,1611-50-3,6.662,0.8629,0.7818247885555947,low-fidelity RED
"2,3-Dimethyl-2-Butanol",CC(C)(O)C(C)C,594-60-5,6.309,0.8118,0.7520804478245666,low-fidelity RED
"3-Butyn-2-ol, 2-Methyl-",CC(C)(O)C#C,115-19-5,5.584,0.8953,0.8485281374238571,low-fidelity RED
Triacetone Alcohol,CC(C)(O)CC(=O)CC(C)(O)C,3682-91-5,6.59,0.9747,0.9219544457292888,low-fidelity RED
"2,4-Dimethyl-2-Pentanol",CC(C)(O)CC(C)C,625-06-9,6.472,0.8054,0.8147085368400165,low-fidelity RED
"2,4-Dimethyl-2-Octanol",CC(C)(O)CC(C)CCCC,18675-20-2,6.834,1.048,0.8739279146474268,low-fidelity RED
2-Methyl-2-Pentanol,CC(C)(O)CCC,590-36-3,5.974,0.8375,0.6689544080129832,low-fidelity RED
"2,5-Dimethyl-2-Hexanol",CC(C)(O)CCC(C)C,3730-60-7,6.378,0.8199,0.8514693182963206,low-fidelity RED
2-Methyl-2-Hexanol,CC(C)(O)CCCC,625-23-0,6.305,0.7894,0.6637959023675877,low-fidelity RED
"2,7-Dimethyl-2-Octanol",CC(C)(O)CCCCC(C)C,42007-73-8,6.69,0.9548,0.9532837982468814,low-fidelity RED
2-Methyl-2-Octanol,CC(C)(O)CCCCCC,628-44-4,6.434,0.8615,0.6896557112066862,low-fidelity RED
(E)-Sabinene Hydrate,CC(C)[C]12CC[C]([C@@H]1C2)(C)O,17699-16-0,5.836,1.0,0.7339959127951596,low-fidelity RED
Junenol,CC(C)[C@@H]1CC[C]2(CCCC(=C)[C@@H]2[C@H]1O)C,472-07-1,6.628,1.284,0.975,low-fidelity RED
"3-Laevo-Menthoxy-2-Methyl Propane-1,2-Diol",CC(C)[C@@H]1CC[C@H](C)C[C@H]1OCC(C)(O)CO,195863-84-4,6.593,1.414,0.2738612787525829,low-fidelity RED
"(E)-2,4-Dimethyl-2-Pentenoic Acid ",CC(C)\C=C(/C)\C(=O)[O-],21016-46-6,6.196,0.9989,0.5279678020485721,low-fidelity RED
4-Methyl-2-Pentenoic Acid,CC(C)\C=C\C(=O)O,10321-71-8,6.22,1.008,0.7566372975210778,low-fidelity RED
Vanillyl Isobutyrate,CC(C)C(=O)OC1=C(C=C(C=C1)C=O)OC,20665-85-4,7.988,1.299,0.9205976319760988,low-fidelity RED
"2,2,4-Trimethyl-1,3-Pentanediol Monoisobutyrate",CC(C)C(=O)OCC(C)(C)C(O)C(C)C,77-68-9,6.854,1.238,0.882113938218868,low-fidelity RED
Para-Anisyl Isobutyrate,CC(C)C(=O)OCC1=CC=C(C=C1)OC,71172-26-4,9.14,1.273,0.7420411039827918,low-fidelity RED
Furfuryl Isobutyrate,CC(C)C(=O)OCC1=CC=CO1,6270-55-9,8.248,1.162,0.5419870847169698,low-fidelity RED
Heliotropyl Isobutyrate,CC(C)C(=O)OCC1=CC2=C(C=C1)OCO2,8/5/61 0:00,8.806,1.36,0.7681145747868602,low-fidelity RED
3-Phenyl Propyl Isobutyrate,CC(C)C(=O)OCCCC1=CC=CC=C1,103-58-2,8.713,1.161,0.9852030247619016,low-fidelity RED
Phenoxyethyl Isobutyrate,CC(C)C(=O)OCCOC1=CC=CC=C1,103-60-6,8.497,1.148,0.7487489565935969,low-fidelity RED
Texanol,CC(C)C(C(C)(C)COC(=O)C(C)C)O,25265-77-4,6.854,1.238,0.9669539802906864,high-fidelity RED
"2,3,4-Trimethyl-2-Pentanol",CC(C)C(C)C(C)(C)O,66576-26-9,6.569,0.761,0.9650129532809395,low-fidelity RED
"3,4-Dimethyl-2-Pentanol",CC(C)C(C)C(C)O,64502-86-9,6.124,0.8085,0.7318640584152228,low-fidelity RED
"4,5-Dimethyl-1-Hexanol",CC(C)C(C)CCCO,E14149,7.666,0.8997,0.5878988008152424,low-fidelity RED
2-Isopropyl-1-Pentanol,CC(C)C(CCC)CO,E15225,6.147,0.9039,0.72715197861245,low-fidelity RED
"2,3-Dimethyl-3-Pentanol",CC(C)C(O)(C)CC,595-41-5,6.897,0.9665,0.8314144574157946,low-fidelity RED
"2,3-Dimethyl-3-Hexanol",CC(C)C(O)(C)CCC,4166-46-5,6.49,1.007,0.9724325169388363,low-fidelity RED
Isobutyric Acid,CC(C)C(O)=O,79-31-2,6.197,0.8111,0.8359126748650249,high-fidelity RED
"2,4-Dimethyl-3-Pentanol",CC(C)C(O)C(C)C,600-36-2,6.346,0.8179,0.7921489758877434,low-fidelity RED
"2,4-Dimethyl-3-Hexanol",CC(C)C(O)C(C)CC,13432-25-2,6.66,0.8838,0.8663861725581733,low-fidelity RED
2-Methyl-3-Pentanol,CC(C)C(O)CC,565-67-3,6.477,0.8617,0.771767452021657,low-fidelity RED
"2,5-Dimethyl-3-Hexanol",CC(C)C(O)CC(C)C,19550-07-3,6.755,0.8246,0.8605957239029256,low-fidelity RED
2-Methyl-3-Hexanol,CC(C)C(O)CCC,617-29-8,6.38,0.8671,0.6991065727054787,low-fidelity RED
2-Methyl-3-Heptanol,CC(C)C(O)CCCC,18720-62-2,6.708,0.8622,0.6901086870921131,low-fidelity RED
Isodihydrolavandulol,CC(C)C\C=C(\CO)/C(C)C,40853-53-0,6.425,0.9984,0.7830229881682915,low-fidelity RED
"2,4-Dimethyl-2-Pentenoic Acid",CC(C)C=C(C)C(O)=O,66634-97-7,5.657,0.9371,0.5279678020485721,low-fidelity RED
4-Methyl-2-Penten-1-Al,CC(C)C=CC=O,5362-56-1,5.779,0.9935,0.9127568131764341,low-fidelity RED
α-Terpinen-7-Al,CC(C)C1=CC=C(CC1)C=O,1197-15-5,6.737,1.187,0.7713624310270757,low-fidelity RED
3-Isopropylphenol,CC(C)C1=CC=CC(O)=C1,618-45-1,6.449,1.008,0.6896557112066861,low-fidelity RED
Menthadienyl Formate,CC(C)C1=CCC(=CC1)CCOC=O,68683-20-5,7.134,1.239,0.801950746617272,low-fidelity RED
Para-Menth-3-En-1-ol,CC(C)C1=CCC(CC1)(C)O,586-82-3,6.759,1.244,0.51234753829798,low-fidelity RED
"(±)-1,2,5,6-Tetrahydrocuminic Acid",CC(C)C1=CCC(CC1)C(=O)O,71298-42-5,6.354,1.216,0.46970735570139815,low-fidelity RED
Bean Pyrazine,CC(C)C1=NC=CN=C1OC,25773-40-4,6.485,1.133,0.9711462299777514,low-fidelity RED
Sabinol,CC(C)C12CC1C(=C)C(C2)O,471-16-9,7.083,1.156,0.49371044145328746,low-fidelity RED
Ascaridole,CC(C)C12CCC(C=C1)(OO2)C,512-85-6,5.56,1.149,0.6046693311223911,low-fidelity RED
(Z)-Sabinene Hydrate,CC(C)C12CCC(C1C2)(C)O,15537-55-0,5.836,1.0,0.7339959127951596,low-fidelity RED
2-(Laevo-Menthoxy) Ethanol,CC(C)C1CCC(C)CC1OCCO,38618-23-4,7.431,1.229,0.5159941860137572,low-fidelity RED
Muguet Ethanol,CC(C)C1CCC(CC1)C(C)O,63767-86-2,6.76,1.012,0.6289872812704563,low-fidelity RED
Leather Cyclohexanol,CC(C)C1CCC(CC1)O,4/9/21 0:00,6.898,1.052,0.403887360535088,low-fidelity RED
4-Isopropylaniline,CC(C)c1ccc(N)cc1,99-88-7,6.271,0.8982,0.8381527307120099,low-fidelity RED
Decatol,CC(C)C1CCC2CC(CCC2C1)O,34131-99-2,6.746,1.056,0.6689544080129828,low-fidelity RED
2-Hydroxy-5-Methyl-3-Hexanone,CC(C)CC(=O)C(C)O,246511-74-0,6.415,0.902,0.6670832032063171,low-fidelity RED
Furfuryl Isovalerate,CC(C)CC(=O)OCC1=CC=CO1,13678-60-9,7.788,1.154,0.6427480066091222,low-fidelity RED
3-Methyl Thiopropyl Isovalerate,CC(C)CC(=O)OCCCSC,84559-98-8,7.04,1.116,0.8139410298049853,low-fidelity RED
3-Hydroxy-5-Methyl-2-Hexanone,CC(C)CC(C(=O)C)O,163038-04-8,6.325,0.9201,0.6670832032063171,low-fidelity RED
Methyl 2-Hydroxy-4-Methyl Valerate,CC(C)CC(C(=O)OC)O,40348-72-9,6.743,0.9374,0.7004462863060948,low-fidelity RED
"2,2,4-Trimethyl-1-Pentanol",CC(C)CC(C)(C)CO,123-44-4,5.773,0.899,0.9303897032964198,low-fidelity RED
"3,5-Dimethyl-2-Hexanol",CC(C)CC(C)C(C)O,66576-27-0,6.558,0.8562,0.7814249804043897,low-fidelity RED
"6,8-Dimethyl-2-Nonanol",CC(C)CC(C)CCCC(C)O,70214-77-6,7.248,0.9301,0.8459462157844316,low-fidelity RED
"3,5-Dimethyl-1-Hexanol",CC(C)CC(C)CCO,13501-73-0,7.188,0.7595,0.6791538853603063,low-fidelity RED
Isobutyl Benzyl Carbinol,CC(C)CC(CC1=CC=CC=C1)O,7779-78-4,7.286,1.037,0.5873670062235363,low-fidelity RED
Isovaleric Acid,CC(C)CC(O)=O,503-74-2,5.864,0.8947,0.8097067370350826,high-fidelity RED
2-Methyl-4-Heptanol,CC(C)CC(O)CCC,21570-35-4,6.017,0.9399,0.760345316287278,low-fidelity RED
Methyl Isopentanoate,CC(C)CC(OC)=O,556-24-1,6.298,0.916,0.9000000000000004,low-fidelity RED
2-Isobutyl-3-Methoxypyrazine,CC(C)CC1=NC=CN=C1OC,24683-00-9,6.103,1.19,0.9185586535436917,low-fidelity RED
2-Isobutyl Thiazole,CC(C)CC1=NC=CS1,18640-74-9,6.246,1.129,0.7941190087134291,low-fidelity RED
Floral Pyranol,CC(C)CC1CC(CCO1)(C)O,63500-71-0,6.048,1.15,0.2872281323269012,low-fidelity RED
Methyl 4-Methyl Valerate,CC(C)CCC(=O)OC,2412-80-8,6.962,0.8562,0.9581883948368405,low-fidelity RED
"4,7-Dimethyl-1-Octanol",CC(C)CCC(C)CCCO,66719-34-4,7.664,0.9452,0.6901086870921131,low-fidelity RED
5-Methyl Hexanoic Acid,CC(C)CCCC(=O)O,628-46-6,6.607,0.8743,0.8753570700005799,low-fidelity RED
Isodecanol,CC(C)CCCCCCCO,25339-17-7,7.65,0.8631,0.6562202374203345,low-fidelity RED
Isononyl Alcohol,CC(C)CCCCCCO,27458-94-2,7.65,0.8631,0.640800280898815,low-fidelity RED
Isononyl Anthranilate,CC(C)CCCCCCOC(=O)C1=CC=CC=C1N,49553-64-2,7.851,1.217,0.8003905296791061,low-fidelity RED
4-Methyl-1-Pentanol,CC(C)CCCO,626-89-1,7.492,0.7962,0.827647267862343,low-fidelity RED
3-Methylbutylamine,CC(C)CCN,107-85-7,5.693,0.8797,0.8620469824783338,low-fidelity RED
Isoamyl Pyruvate,CC(C)CCOC(=O)C(=O)C,7779-72-8,6.86,0.982,0.653834841531101,low-fidelity RED
Isoamyl Lactate,CC(C)CCOC(=O)C(C)O,19329-89-6,6.876,0.981,0.537354631505117,low-fidelity RED
Isoamyl Anthranilate,CC(C)CCOC(=O)C1=CC=CC=C1N,28457-05-8,7.689,1.088,0.6490377492873585,low-fidelity RED
Iso-Amyl Salicylate,CC(C)CCOC(=O)C1=CC=CC=C1O,87-20-7,7.964,1.033,0.46165463281548497,low-fidelity RED
Isoamyl Acetoacetate,CC(C)CCOC(=O)CC(=O)C,2308-18-1,6.956,0.9865,0.689655711206686,low-fidelity RED
Diisoamyl Thiomalate,CC(C)CCOC(=O)CC(C(=O)OCCC(C)C)S,68084-03-7,6.935,1.015,0.7115124735378857,low-fidelity RED
Isoamyl Levulinate,CC(C)CCOC(=O)CCC(=O)C,71172-75-3,7.531,0.9998,0.7705517503711221,low-fidelity RED
Isoamyl 3-(2-Furan) Propionate,CC(C)CCOC(=O)CCC1=CC=CO1,7779-67-1,8.611,1.145,0.8007808689023483,low-fidelity RED
Isopentyl Formate,CC(C)CCOC=O,110-45-2,6.105,0.9272,0.8007808689023487,low-fidelity RED
Allyl Amyl Glycolate,CC(C)CCOCC(=O)OCC=C,67634-01-9,6.48,1.16,0.9915266007525971,low-fidelity RED
Isobutyl Lactate,CC(C)COC(=O)C(C)O,585-24-0,7.145,0.9122,0.7004462863060948,low-fidelity RED
Isobutyl Anthranilate,CC(C)COC(=O)C1=CC=CC=C1N,7779-77-3,8.011,1.075,0.6745368781616012,low-fidelity RED
Isobutyl Methyl Anthranilate,CC(C)COC(=O)C1=CC=CC=C1NC,65505-24-0,8.128,1.304,0.8381527307120098,low-fidelity RED
Isobutyl Salicylate,CC(C)COC(=O)C1=CC=CC=C1O,87-19-4,8.287,1.023,0.5326818938165623,low-fidelity RED
Isobutyl Furyl Propionate,CC(C)COC(=O)CCC1=CC=CO1,105-01-1,8.933,1.144,0.7586995452746759,low-fidelity RED
Diisobutyl Adipate,CC(C)COC(=O)CCCCC(=O)OCC(C)C,141-04-8,8.24,0.9455,0.9192388155425119,high-fidelity RED
Isobutyl Chloroformate,CC(C)COC(Cl)=O,543-27-1,6.794,0.8549,0.7237057413065064,low-fidelity RED
Green Pea Pyrazine,CC(C)COc1cnccn1,93905-03-4,6.686,1.299,0.9344115795515376,low-fidelity RED
Propylene Glycol Monoisobutyl Ether,CC(C)COCC(C)O,23436-19-3,7.088,1.02,0.99373034571759,high-fidelity RED
Ethylene Glycol Monoisobutyl Ether,CC(C)COCCO,4439-24-1,7.651,0.869,0.9165151389911685,high-fidelity RED
Isopropyl Anthranilate,CC(C)OC(=O)C1=CC=CC=C1N,18189-02-1,7.551,1.002,0.8388980867781262,low-fidelity RED
Para-Cresyl Salicylate,CC(C)OC(=O)C1=CC=CC=C1O,607-88-5,7.622,0.9156,0.6698880503487122,low-fidelity RED
Isopropyl Levulinate,CC(C)OC(=O)CCC(=O)C,21884-26-4,7.204,0.938,0.6680194607943696,low-fidelity RED
2-Isopropoxyethyl Salicylate,CC(C)OCCOC(=O)C1=CC=CC=C1O,79915-74-5,8.059,1.052,0.5640257086339233,low-fidelity RED
Furfuryl Isopropyl Sulfide,CC(C)SCC1=CC=CO1,1883-78-9,7.027,1.056,0.9669539802906858,low-fidelity RED
2-Methyl-5-Isopropylphenol,CC(C1=CC(O)=C(C)C=C1)C,499-75-2,6.56,1.087,0.6860211367006122,low-fidelity RED
p-Isopropylbenzyl Alcohol,CC(C1=CC=C(CO)C=C1)C,536-60-7,7.692,1.005,0.6896557112066858,low-fidelity RED
4-sec-Butylphenol,CC(C1=CC=C(O)C=C1)CC,99-71-8,6.86,0.9533,0.6800735254367722,low-fidelity RED
1-Phenylethyl Amine,CC(C1=CC=CC=C1)N,98-84-0,6.483,0.8763,0.9701803955966123,low-fidelity RED
"Methyl Benzyl Acetate (Mixed Ortho-,Meta-,Para-)",CC(C1=CC=CC=C1)OC(=O)C,29759-11-3,7.691,1.055,0.962094070244693,low-fidelity RED
Herbal Norbornane,CC(C1C2CCC(C2)C1(C)C)O,66062-78-0,6.468,1.097,0.6896557112066862,low-fidelity RED
4-Mercapto-2-Pentanone 1% In Acetoin,CC(CC(=O)C)S,92585-08-5,6.733,0.8676,0.7537406715840667,low-fidelity RED
4-(Methyl Thio)-2-Pentanone,CC(CC(=O)C)SC,143764-28-7,6.846,0.7966,0.8219641111386797,low-fidelity RED
4-Furfuryl Thio-2-Pentanone,CC(CC(=O)C)SCC1=CC=CO1,180031-78-1,8.114,1.102,0.8591420138719784,low-fidelity RED
Methyl 3-Acetoxybutyrate,CC(CC(=O)OC)OC(=O)C,89422-42-4,7.029,0.9218,0.11456439237389573,low-fidelity RED
Methyl 3-Mercaptobutanoate,CC(CC(=O)OC)S,54051-19-3,6.583,0.9389,0.32210246816812826,low-fidelity RED
Methyl 3-(Methyl Thio) Butanoate,CC(CC(=O)OC)SC,207983-28-6,6.811,0.8845,0.46435439052516736,low-fidelity RED
4-Mercapto-4-Methyl-2-Pentanol,CC(CC(C)(C)S)O,31539-84-1,7.26,0.966,0.7284401142166734,low-fidelity RED
"1-Hexyn-3-ol, 3,5-Dimethyl-",CC(CC(C)(C#C)O)C,107-54-0,6.589,0.9861,0.5414101956926933,low-fidelity RED
Isophorone,CC(CC(C)=CC1=O)(C1)C,78-59-1,6.679,1.107,0.9503288904374106,high-fidelity RED
Grapefruit Pentanol,CC(CC(C)C1=CC=CC=C1)CO,92585-24-5,7.585,0.8957,0.629483915600708,low-fidelity RED
Methyl Aceto Acetate,CC(CC(OC)=O)=O,105-45-3,6.31,0.7922,0.7850159234053793,high-fidelity RED
Ethyl Aceto Acetate (Keto),CC(CC(OCC)=O)=O,141-97-9,6.545,0.909,0.43373378932243684,high-fidelity RED
3-Methyl-3-Pentanol,CC(CC)(O)CC,77-74-7,6.332,0.8142,0.6344288770224764,low-fidelity RED
"3,5-Dimethyl-3-Hexanol",CC(CC)(O)CC(C)C,4209-91-0,6.419,0.9124,0.9031195934094222,low-fidelity RED
"3,4-Dimethyl-1-Hexanol",CC(CC)C(C)CCO,E14153,7.477,0.9653,0.7008922884438094,low-fidelity RED
Ethyl 2-Hydroxy-3-Methyl Valerate,CC(CC)C(O)C(=O)OCC,24323-38-4,7.24,0.8464,0.5460082416960395,low-fidelity RED
"2,4-Dimethyl-2-Hexanol",CC(CC)CC(C)(C)O,42328-76-7,6.551,0.958,0.8674675786448741,low-fidelity RED
"2,4-Dimethyl-1-Hexanol",CC(CC)CC(C)CO,3965-59-1,6.876,0.76,0.7284401142166732,low-fidelity RED
3-Methyl-1-Pentanol,CC(CC)CCO,589-35-5,7.174,0.8976,0.7766112283504533,low-fidelity RED
"(±)-2,3-Dihydrofarnesol",CC(CC\C=C(/C)\CCC=C(C)C)CCO,51411-24-6,7.895,1.119,0.8370334521391604,low-fidelity RED
2-Methyl-4-Pentenoic Acid,CC(CC=C)C(=O)O,1575-74-2,6.556,0.9196,0.9476945710512433,low-fidelity RED
Potato Butyraldehyde,CC(CC=O)SC,16630-52-7,5.964,0.7408,0.7749999999999998,low-fidelity RED
Para-Anisyl Propanal,CC(CC1=CC=C(C=C1)OC)C=O,6/6/62 0:00,7.911,1.219,0.9542667341996152,low-fidelity RED
Muguet Butanol,CC(CC1=CC=CC=C1)C(C)O,56836-93-2,7.466,1.076,0.6604922406811456,low-fidelity RED
Amphetamine,CC(CC1=CC=CC=C1)N,300-62-9,6.9,1.018,0.6523994175349943,high-fidelity RED
Methyl Benzyl Carbinyl Acetate,CC(CC1=CC=CC=C1)OC(=O)C,2114-33-2,7.867,0.9793,0.9893179468704689,low-fidelity RED
Ecstasy,CC(CC1=CC2=C(C=C1)OCO2)NC,42542-10-9,7.305,1.273,0.7798236980241109,high-fidelity RED
"5,6-Dimethyl-2-Heptanol",CC(CCC(C)O)C(C)C,58795-24-7,6.68,0.9486,0.7636262174650632,low-fidelity RED
"2,3-Dimethyl-1-Hexanol",CC(CCC)C(C)CO,E14147,6.501,0.9191,0.6919176251549025,low-fidelity RED
"3,7-Dimethyl-6-Octenoic Acid",CC(CCC=C(C)C)CC(=O)O,502-47-6,6.475,1.117,0.4301162633521315,low-fidelity RED
(R)-(+)-β-Citronellol,CC(CCC=C(C)C)CCO,1117-61-9,7.5,1.031,0.4513867521316948,low-fidelity RED
Citronellyl Anthranilate,CC(CCC=C(C)C)CCOC(=O)C1=CC=CC=C1N,68555-57-7,8.049,1.26,0.8764274071479052,low-fidelity RED
Citronellyl Formate,CC(CCC=C(C)C)CCOC=O,105-85-1,7.228,1.098,0.9937303457175897,low-fidelity RED
Citronellyl Oxyacetaldehyde,CC(CCC=C(C)C)CCOCC=O,7492-67-3,7.07,1.152,0.9698582370635411,low-fidelity RED
Coriander Heptenol,CC(CCC=C(C)C)O,1569-60-4,7.173,1.073,0.45345892868042614,low-fidelity RED
Waxy Undecadienol,CC(CCC=C(C)CCC=C(C)C)CO,24048-14-4,7.487,1.09,0.7717674520216566,low-fidelity RED
Cis-3-Methylcyclohexanol,CC(CCC1)CC1O,5454-79-5,6.569,1.087,0.45345892868042614,low-fidelity RED
Phenyl Hexanol/Phenoxanol,CC(CCC1=CC=CC=C1)CCO,55066-48-3,8.204,0.919,0.585768725692999,low-fidelity RED
4-Phenyl-2-Butanol,CC(CCC1=CC=CC=C1)O,2344-70-9,7.807,0.9186,0.7407766195014518,low-fidelity RED
(±)-α-Melonol,CC(CCCC(=C)C)CO,36806-46-9,7.439,0.9991,0.49749371855330976,low-fidelity RED
Methyl 5-Acetoxyhexanoate,CC(CCCC(=O)OC)OC(=O)C,35234-22-1,7.776,1.059,0.3984344362627308,low-fidelity RED
Lime Octenol,CC(CCCC(C)(C)O)C=C,25279-09-8,6.74,1.101,0.8066132902450841,low-fidelity RED
Hydroxycitronellal Dimethyl Acetal,CC(CCCC(C)(C)O)CC(OC)OC,141-92-4,7.07,1.042,0.6025985396596977,low-fidelity RED
Aurantiol,CC(CCCC(C)(C)O)CC=NC1=CC=CC=C1C(=O)OC,89-43-0,8.352,1.296,0.7877975628294364,low-fidelity RED
Hydroxycitronellal,CC(CCCC(C)(C)O)CC=O,107-75-5,7.38,1.072,0.346410161513776,low-fidelity RED
Hydroxycitronellol,CC(CCCC(C)(C)O)CCO,107-74-4,7.93,0.9681,0.8007808689023486,low-fidelity RED
Sandal Octanol,CC(CCCC(C)(C)OC)C(C)O,41890-92-0,7.133,1.132,0.7215434844830907,low-fidelity RED
2-Tridecanol,CC(CCCCCCCCCCC)O,1653-31-2,7.003,0.9055,0.8415016339853416,low-fidelity RED
β-Citronellol,CC(CCO)CC\C=C(C)/C,106-22-9,7.5,1.031,0.4513867521316948,low-fidelity RED
"3,7-Dimethyl-1-Octanol",CC(CCO)CCCC(C)C,106-21-8,7.5,0.869,0.6919176251549025,low-fidelity RED
3-(Ethyl Thio) Butanol,CC(CCO)SCC,117013-33-9,7.13,0.9464,0.7215434844830905,low-fidelity RED
3-Methoxy Butyl Acetate,CC(CCOC(=O)C)OC,4435-53-4,7.288,0.9417,0.8503675675847475,high-fidelity RED
(±)-3-Mercapto-1-Butyl Acetate,CC(CCOC(=O)C)S,89534-38-3,7.316,0.9062,0.22499999999999992,low-fidelity RED
"1,3-Butane Dithiol",CC(CCS)S,24330-52-7,5.84,0.9419,0.5733672470589851,low-fidelity RED
Isobutylamine,CC(CN)C,78-81-9,5.765,0.7294,0.7770135133960029,low-fidelity RED
Cyclohexyl Propanol,CC(CO)C1CCCCC1,5442-00-2,7.327,0.9887,0.5297405025104271,low-fidelity RED
"2-Methyl 4,4,4-Trifluorobutanol",CC(CO)CC(F)(F)F,107103-95-7,5.413,0.8829,0.9354143466934852,low-fidelity RED
Propylene Glycol Diacetate,CC(COC(=O)C)OC(=O)C,623-84-7,7.818,0.8174,0.11456439237389573,low-fidelity RED
Tripropylene Glycol Monomethyl Ether,CC(COC(COC(COC)C)C)O,30373-82-1,6.584,0.9554,0.9617692030835673,high-fidelity RED
"2-Propanone, 1-Methoxy-",CC(COC)=O,5878-19-3,5.795,0.755,0.9669539802906859,low-fidelity RED
Propylene Glycol Monomethyl Ether Acetate,CC(COC)OC(=O)C,108-65-6,6.721,0.8783,0.7504165509901822,high-fidelity RED
Propylene Glycol Phenyl Ether,CC(COC1=CC=CC=C1)O,770-35-4,8.456,0.9928,0.9303897032964195,high-fidelity RED
Methyl 2-Methyl-3-Mercaptopropionate,CC(CS)C(=O)OC,4131-76-4,6.921,0.7952,0.32210246816812826,low-fidelity RED
 (+-)-sec-Butylamine,CC(N)CC,33966-50-6,5.925,0.8439,0.8158584436040364,low-fidelity RED
1-Methylbutylamine,CC(N)CCC,625-30-9,5.502,0.9358,0.8547660498639383,low-fidelity RED
"2,3-Dimethyl-2-Pentanol",CC(O)(C)C(C)CC,4911-70-0,6.51,0.8071,0.8325412902673361,low-fidelity RED
2-Methyl-2-Heptanol,CC(O)(C)CCCCC,625-25-2,6.489,0.8555,0.6731456008918131,low-fidelity RED
2-Methyl-2-Nonanol,CC(O)(C)CCCCCCC,10297-57-1,6.434,0.8615,0.7356969484781082,low-fidelity RED
2-Phenyl-2-Propanol,CC(O)(C1=CC=CC=C1)C,617-94-7,7.123,1.014,0.6731456008918122,low-fidelity RED
α-Terpineol,CC(O)(C1CCC(C)=CC1)C,98-55-5,5.944,1.159,0.5396758286230725,low-fidelity RED
"3,3-Dimethyl-2-Hexanol",CC(O)C(C)(C)CCC,22025-20-3,6.758,1.104,0.8845903006477069,low-fidelity RED
"3,4-Dimethyl-2-Hexanol",CC(O)C(C)C(C)CC,19550-05-1,7.265,0.9198,0.7814249804043892,low-fidelity RED
3-Methyl-2-Pentanol,CC(O)C(C)CC,565-60-6,6.736,0.8965,0.7921489758877436,low-fidelity RED
3-Methyl-2-Hexanol,CC(O)C(C)CCC,2313-65-7,6.263,0.9423,0.6878408246098803,low-fidelity RED
3-Methyl-2-Heptanol,CC(O)C(C)CCCC,31367-46-1,6.754,1.001,0.6604922406811456,low-fidelity RED
3-Ethyl-2-Pentanol,CC(O)C(CC)CC,609-27-8,6.684,0.872,0.6914658342969667,low-fidelity RED
4-Methyl-2-Hexanol,CC(O)CC(C)CC,2313-61-3,6.844,0.7978,0.702228595259407,low-fidelity RED
4-Methyl-2-Heptanol,CC(O)CC(C)CCC,56298-90-9,6.437,0.8043,0.6388466169590321,low-fidelity RED
1-Phenyl-2-Propanol,CC(O)CC1=CC=CC=C1,14898-87-4,7.472,0.9746,0.9552486587271395,low-fidelity RED
5-Methyl-2-Hexanol,CC(O)CCC(C)C,627-59-8,6.657,0.936,0.6828250141873831,low-fidelity RED
5-Methyl-2-Heptanol,CC(O)CCC(C)CC,54630-50-1,6.561,0.9901,0.6731456008918131,low-fidelity RED
2-Hexanol,CC(O)CCCC,626-93-7,7.003,0.9079,0.7956915231419776,low-fidelity RED
6-Methyl-2-Heptanol,CC(O)CCCC(C)C,4730-22-7,6.931,0.9365,0.6604922406811454,low-fidelity RED
2-Octanol,CC(O)CCCCCC,123-96-6,7.003,0.9055,0.8514693182963199,high-fidelity RED
2-Nonanol,CC(O)CCCCCCC,628-99-9,7.003,0.9055,0.5153882032022074,low-fidelity RED
2-Decanol,CC(O)CCCCCCCC,1120-06-5,7.003,0.9055,0.8381527307120106,high-fidelity RED
2-Undecanol,CC(O)CCCCCCCCC,1653-30-1,7.003,0.9055,0.7097534783289193,low-fidelity RED
2-Dodecanol,CC(O)CCCCCCCCCC,10203-28-8,7.003,0.9055,0.7778174593052022,low-fidelity RED
2-Hydroxypropyl Methacrylate,CC(O)COC(=O)C(C)=C,923-26-2,7.406,0.9736,0.7830229881682912,low-fidelity RED
1-Tert-Butoxy-2-[2-(Hydroxy)Propoxy]Propane,CC(O)COC(C)COC(C)(C)(C),58797-58-3,7.098,0.9707,0.9384162189561734,low-fidelity RED
1-Methyl Thiomethyl Ethyl Acetate,CC(OC(=O)C)C(=O)SC,74586-09-7,7.099,1.007,0.6698880503487122,low-fidelity RED
Ethylidene Diacetate,CC(OC(C)=O)OC(C)=O,542-10-9,6.84,0.8367,0.14577379737113233,low-fidelity RED
Iso-Propyl Acetate,CC(OC(C)C)=O,108-21-4,6.802,0.7483,0.9974968671630003,high-fidelity RED
Methyl Acetate,CC(OC)=O,79-20-9,6.068,0.7134,0.7570501964863364,high-fidelity RED
Hydroquinone Diacetate,CC(OC1=CC=C(OC(C)=O)C=C1)=O,1205-91-0,7.448,0.926,0.8062257748298539,low-fidelity RED
o-Tolyl Acetate,CC(OC1=CC=CC=C1C)=O,533-18-6,6.741,1.01,0.9775607398008571,low-fidelity RED
"Acetic Acid, Cyclohexyl Ester",CC(OC1CCCCC1)=O,622-45-7,6.558,1.021,0.7968688725254613,low-fidelity RED
"2,2,2-Trifluoroethyl Acetate",CC(OCC(F)(F)F)=O,406-95-1,5.068,1.043,0.9317322576792119,low-fidelity RED
Glycerol Triacetate,CC(OCC(OC(C)=O)COC(C)=O)=O,102-76-1,8.216,0.7403,0.43373378932243695,high-fidelity RED
Ethyl Acetate,CC(OCC)=O,141-78-6,6.975,0.709,0.5477225575051661,high-fidelity RED
Propargyl Acetate,CC(OCC#C)=O,627-09-8,6.434,0.9384,0.2893959225697557,high-fidelity RED
Allyl Acetate,CC(OCC=C)=O,591-87-7,6.751,0.9362,0.626498204307084,high-fidelity RED
Benzyl Acetate,CC(OCC1=CC=CC=C1)=O,140-11-4,7.888,0.9074,0.9013878188659973,high-fidelity RED
Acetaldehyde Benzyl 2-Methoxyethyl Acetal,CC(OCc1ccccc1)OCCOC,7492-39-9,5.829,1.055,0.8215838362577492,low-fidelity RED
n-Propyl Acetate,CC(OCCC)=O,109-60-4,6.895,0.7371,0.8336666000266534,high-fidelity RED
Phenethyl Acetate,CC(OCCC1=CC=CC=C1)=O,103-45-7,7.952,0.924,0.8499999999999998,low-fidelity RED
n-Butyl Acetate,CC(OCCCC)=O,123-86-4,7.213,0.7044,0.8250000000000001,high-fidelity RED
3-Butoxybutanol,CC(OCCCC)CCO,,7.765,0.9681,0.792148975887743,high-fidelity RED
Ethylene Glycol Diacetate,CC(OCCOC(C)=O)=O,111-55-7,7.011,0.6961,0.5958187643906497,high-fidelity RED
Diethylene Glycol Monoethyl Ether Acetate,CC(OCCOCCOCC)=O,112-15-2,6.906,0.8479,0.4500000000000004,high-fidelity RED
2-Propanethiol,CC(S)C,75-33-2,5.393,0.6618,0.5279678020485719,high-fidelity RED
"1,1-Ethane Dithiol 1% In Ethanol",CC(S)S,69382-62-3,5.393,0.6618,0.820060973342836,low-fidelity RED
1-(Methyl Thio) Ethane Thiol,CC(S)SC,31331-53-0,5.393,0.6618,0.8782084035125142,low-fidelity RED
Ethyl Linalool,CC/C(=C/CCC(C)(C=C)O)/C,10339-55-6,5.99,1.185,0.8558621384311844,low-fidelity RED
Bacdanol,CC/C(=C\CC1CC=C(C1(C)C)C)/CO,28219-61-6,7.224,1.282,0.796084166404533,low-fidelity RED
Patchouli Ethanol,CC\1(C2CCC(C2)/C1=C/CO)C,5/3/26 0:00,7.396,1.096,0.598435460179291,low-fidelity RED
Ethyl 2-Methyl-2-Pentenoate,CC\C=C(/C)\C(=O)OCC,58625-96-0,6.649,1.032,0.8806957476904272,low-fidelity RED
Methyl Jasmonate,CC\C=C/C[C@@H]1[C@H](CCC1=O)CC(=O)OC,1211-29-6,7.623,1.222,0.9013878188659971,low-fidelity RED
"(Z,Z)-3,6-Nonadien-1-ol",CC\C=C/C\C=C/CCO,53046-97-2,6.354,1.123,0.4190763653560051,low-fidelity RED
"(E,E,Z)-2,4,7-Decatrien-1-Al",CC\C=C/C\C=C\C=C\C=O,66642-86-2,5.178,1.173,0.8310385069297326,low-fidelity RED
"(E,Z)-3,6-Nonadien-1-ol",CC\C=C/C\C=C\CCO,56805-23-3,6.354,1.123,0.4190763653560051,low-fidelity RED
Methyl (Z)-3-Hexenoate,CC\C=C/CC(=O)OC,13894-62-7,6.025,0.9681,0.6046693311223916,low-fidelity RED
Ethyl (Z)-3-Hexenoate,CC\C=C/CC(=O)OCC,64187-83-3,6.575,0.9404,0.7794228634059948,low-fidelity RED
(Z)-4-Hepten-2-Yl Acetate,CC\C=C/CC(C)OC(=O)C,94088-33-2,6.957,0.953,0.9490126448051154,low-fidelity RED
"(Z)-1,5-Octadien-3-ol",CC\C=C/CC(C=C)O,50306-18-8,6.513,1.131,0.5249999999999998,low-fidelity RED
Violet Nitrile,CC\C=C/CC\C=C\C#N,97752-28-8,5.618,1.105,0.8881159834165805,low-fidelity RED
"(E,Z)-2,6-Nonadien-1-Yl Acetate",CC\C=C/CC\C=C\COC(=O)C,68555-65-7,6.965,1.05,0.9568829604502319,low-fidelity RED
Cis-3-Hexenal Solution,CC\C=C/CC=O,6789-80-6,5.541,1.005,0.730581959810123,low-fidelity RED
Cis-Jasmone (Jasmacyclene),CC\C=C/CC1=C(CCC1=O)C,488-10-8,6.997,1.167,0.9965565713997374,low-fidelity RED
Cis-4-Heptenal,CC\C=C/CCC=O,6728-31-0,5.813,0.961,0.798827265433523,low-fidelity RED
γ-Jasmolactone,CC\C=C/CCC1CCC(=O)O1,63095-33-0,7.006,1.262,0.8503675675847475,low-fidelity RED
(Z)-5-Octenoic Acid,CC\C=C/CCCC(=O)O,41653-97-8,6.546,1.034,0.48347699014534307,low-fidelity RED
Methyl (Z)-5-Octenoate,CC\C=C/CCCC(=O)OC,41654-15-3,7.116,0.9469,0.8403868156985809,low-fidelity RED
(Z)-5-Octen-1-Al,CC\C=C/CCCC=O,41547-22-2,6.088,1.019,0.8681877677092669,low-fidelity RED
(Z)-6-Nonen-1-Al,CC\C=C/CCCCC=O,2277-19-2,6.09,1.031,0.9956153875869942,low-fidelity RED
(Z)-6-Nonen-1-ol,CC\C=C/CCCCCO,35854-86-5,7.562,0.9954,0.4100304866714183,low-fidelity RED
(Z)-5-Octen-1-ol,CC\C=C/CCCCO,64275-73-6,7.618,0.9951,0.4337337893224369,low-fidelity RED
(Z)-4-Hepten-1-ol,CC\C=C/CCCO,6191-71-5,7.424,0.9793,0.5722761571129799,low-fidelity RED
Hexenol,CC\C=C/CCO,928-96-1,6.526,1.033,0.781424980404389,low-fidelity RED
(Z)-3-Hexen-1-Yl (E)-Crotonate,CC\C=C/CCOC(=O)\C=C\C,65405-80-3,6.756,1.159,0.8877640452282353,low-fidelity RED
Cis-3-Hexenyl Acetate,CC\C=C/CCOC(=O)C,3681-71-8,6.975,0.95,0.7437237390321763,low-fidelity RED
(Z)-3-Hexen-1-Yl Pyruvate,CC\C=C/CCOC(=O)C(=O)C,68133-76-6,6.608,1.119,0.5728219618694799,low-fidelity RED
(Z)-3-Hexen-1-Yl Lactate,CC\C=C/CCOC(=O)C(C)O,61931-81-5,6.949,1.097,0.42866070498705583,low-fidelity RED
(Z)-3-Hexen-1-Yl Anthranilate,CC\C=C/CCOC(=O)C1=CC=CC=C1N,65405-76-7,7.441,1.197,0.7968688725254608,low-fidelity RED
(Z)-3-Hexen-1-Yl Methyl Carbonate,CC\C=C/CCOC(=O)OC,67633-96-9,6.999,1.023,0.7717674520216569,low-fidelity RED
(Z)-3-Hexen-1-Yl Formate,CC\C=C/CCOC=O,33467-73-1,5.985,1.037,0.4930770730829009,low-fidelity RED
Silwanol,CC\C=C\C(CC)(CC=C(C)C)CO,85136-06-7,5.229,1.188,0.9450529085717899,low-fidelity RED
"2,4,7-Decatrien-1-Al",CC\C=C\C\C=C\C=C\C=O,51325-37-2,5.178,1.173,0.8310385069297326,low-fidelity RED
"3,6-Nonadien-1-Yl Acetate",CC\C=C\C\C=C\CCOC(=O)C,76649-26-8,6.803,1.048,0.9568829604502319,low-fidelity RED
"(E,E)-3,5-Octadien-2-One",CC\C=C\C=C\C(=O)C,30086-02-3,5.535,1.128,0.8838834764831843,low-fidelity RED
"1,5-Octadien-3-One",CC\C=C\CC(=O)C=C,65213-86-7,6.174,0.9074,0.9334077351297234,low-fidelity RED
"(E)-1,5-Octadien-3-ol",CC\C=C\CC(C=C)O,50306-14-4,6.513,1.131,0.5249999999999998,low-fidelity RED
"(E,E)-2,6-Nonadien-1-Al",CC\C=C\CC\C=C\C=O,17587-33-6,5.568,1.027,0.8097067370350823,low-fidelity RED
(E)-Jasmone,CC\C=C\CC1=C(CCC1=O)C,6261-18-3,6.997,1.167,0.9965565713997374,low-fidelity RED
Ethyl (Z)-4-Heptenoate,CC\C=C\CCC(=O)OCC,39924-27-1,7.099,0.9827,0.8975661535508122,low-fidelity RED
(E)-3-Hexen-1-Yl Crotonate,CC\C=C\CCOC(=O)\C=C\C,68938-58-9,6.756,1.159,0.8877640452282353,low-fidelity RED
(E)-3-Hexen-1-Yl Acetate,CC\C=C\CCOC(=O)C,3681-82-1,6.975,0.95,0.7437237390321763,low-fidelity RED
Cis-3-Hexenyl Salicylate,CC\C=C\CCOC(=O)C1=CC=CC=C1O,65405-77-8,7.717,1.151,0.6373774391990978,low-fidelity RED
(Z)-3-Hexen-1-Yl Oxyacetaldehyde,CC\C=C\CCOCC=O,68133-72-2,5.825,1.096,0.8066132902450839,low-fidelity RED
Tiglic Aldehyde,CC=C(C)C=O,1115-11-3,6.124,0.8384,0.6480740698407859,low-fidelity RED
1-Bromo Propene (Cis),CC=CBr,590-13-6,5.043,0.7605,0.8097067370350823,high-fidelity RED
Vinyl Crotonate,CC=CC(=O)OC=C,14861-06-4,5.963,0.9958,0.5437140792732887,high-fidelity RED
Isobutyl 2-Butenoate,CC=CC(=O)OCC(C)C,589-66-2,7.301,1.073,0.9572094859538326,low-fidelity RED
Methyl Sorbate,CC=CC=CC(=O)OC,1515-80-6,5.974,1.078,0.5279678020485721,low-fidelity RED
"2,4-Hexadien-1-ol",CC=CC=CCO,111-28-4,6.149,1.047,0.9486832980505134,low-fidelity RED
Sorbyl Acetate,CC=CC=CCOC(=O)C,1516-17-2,6.638,1.106,0.6623820649745885,low-fidelity RED
Methyl Isoeugenol,CC=CC1=CC(=C(C=C1)OC)OC,93-16-3,6.433,1.197,0.9759610647971559,low-fidelity RED
Asarone,CC=CC1=CC(=C(C=C1OC)OC)OC,494-40-6,6.147,1.174,0.9424038412485374,low-fidelity RED
(E)-4-Hexen-1-Al,CC=CCCC=O,25166-87-4,6.237,0.964,0.653834841531101,low-fidelity RED
4-Hexen-1-ol,CC=CCCCO,6126-50-7,7.849,0.9893,0.8050621094052307,low-fidelity RED
Sandal Cyclopropane,CC1([C@@H](C[C@@H]2[C]1(C2)C)C[C@H]3C[C]3(C)CO)C,198404-98-7,6.636,1.118,0.9045026257562773,low-fidelity RED
Cedanol,CC1([C@H]2CC[C]1([C@H](C2)OCCO)C)C,7070-15-7,7.113,1.128,0.45,low-fidelity RED
Linalool Oxide (Pyranoid),CC1(C(CCC(O1)(C)C=C)O)C,14049-11-7,6.013,1.191,0.4190763653560055,low-fidelity RED
Isoborneol,CC1(C)C2CC[C]1(C)[C@H](O)C2,124-76-5,6.084,1.074,0.532094916344819,low-fidelity RED
Borneol,CC1(C)C2CCC1(C)[C]([H])(O)C2,507-70-0,6.084,1.074,0.532094916344819,low-fidelity RED
α-Caryophyllene Alcohol,CC1(C)CC2C(C1)C3(C)CCCC2(C)C3O,4586-22-5,5.93,1.049,0.9937303457175894,low-fidelity RED
Nopol,CC1(C2CC=C(C1C2)CCO)C,128-50-7,7.321,1.202,0.5419870847169699,low-fidelity RED
Myrtenol,CC1(C2CC=C(C1C2)CO)C,515-00-4,6.917,1.233,0.5678908345800273,low-fidelity RED
Myrtenyl Formate,CC1(C2CC=C(C1C2)COC=O)C,72928-52-0,6.513,1.378,0.9990620601344044,low-fidelity RED
(E)-Pinocarveol,CC1(C2CC1C(=C)[C@H](C2)O)C,1674-08-4,6.681,1.175,0.6504805915628845,low-fidelity RED
Pinocarveol,CC1(C2CC1C(=C)C(C2)O)C,5947-36-4,6.681,1.175,0.6504805915628845,low-fidelity RED
Santall,CC1(C2CCC(C1(C2)C)C3CCC(CC3)O)C,68877-29-2,6.649,1.094,0.9433981132056604,low-fidelity RED
Myrtanol,CC1(C2CCC(C1C2)CO)C,514-99-8,6.418,0.9032,0.527967802048572,low-fidelity RED
Fenchyl Alcohol,CC1(C2CCC(C2)(C1O)C)C,1632-73-1,5.428,1.034,0.532094916344819,low-fidelity RED
Camphene Hydrate,CC1(C2CCC(C2)C1(C)O)C,465-31-6,5.904,0.9147,0.6731456008918131,low-fidelity RED
2-Methyl-Isoborneol,CC1(C2CCC1(C(C2)(C)O)C)C,2371-42-8,5.936,0.9713,0.8219641111386797,low-fidelity RED
Bornyl Salicylate,CC1(C2CCC1(C(C2)OC(=O)C3=CC=CC=C3O)C)C,560-88-3,7.705,1.242,0.9303897032964196,low-fidelity RED
(E)-Linalool Oxide (Pyranoid),CC1(CC[C@@H]([C](O1)(C)C=C)O)C,39028-58-5,6.006,1.267,0.4190763653560055,low-fidelity RED
Caryophyllene Alcohol,CC1(CC2C3CCCC(C2C1)(C3O)C)C,56747-96-7,6.765,1.127,0.8845903006477067,low-fidelity RED
Linalool Oxide (Furanoid),CC1(CCC(O1)C(C)(C)O)C=C,60047-17-8,6.243,1.101,0.46233105022267323,low-fidelity RED
Widdrol,CC1(CCC[C]2(C1=CC[C](CC2)(C)O)C)C,6892-80-4,5.937,1.339,0.9185586535436917,low-fidelity RED
Ambrinol,CC1(CCC=C2C1CCC(C2)(C)O)C,71832-76-3,6.302,1.217,0.7945124291035354,low-fidelity RED
Tagette Carboxylate,CC1(CCC=CC1)C(=O)OC,6493-80-7,5.949,1.222,0.8396427811873335,low-fidelity RED
"2,6,6-Trimethyl-2-Hydroxycyclohexanone",CC1(CCCC(C1=O)(C)O)C,7500-42-7,7.354,1.118,0.7365459931328119,low-fidelity RED
Herbal Undecanol,CC1(CCOC2(C1)CCCCC2)O,57094-40-3,5.756,1.143,0.6562202374203348,low-fidelity RED
Isobutyleneoxide,CC1(CO1)C,558-30-5,5.259,0.8446,0.689655711206686,high-fidelity RED
1-Methylcyclopentanol,CC1(O)CCCC1,1462-03-9,5.859,0.8958,0.5777110004145668,low-fidelity RED
Thujyl Alcohol,CC1[C@H]2C[C]2(C[C@H]1O)C(C)C,21653-20-3,6.876,1.149,0.5830951894845301,low-fidelity RED
"2,3-Dimethoxytoluene",CC1=C(C(=CC=C1)OC)OC,4463-33-6,5.985,1.151,0.9072623655812019,low-fidelity RED
Diosphenol,CC1=C(C(=O)C(CC1)C(C)C)O,490-03-9,7.73,1.189,0.546008241696039,low-fidelity RED
Maltyl Isobutyrate,CC1=C(C(=O)C=CO1)OC(=O)C(C)C,65416-14-0,7.986,1.338,0.6471089552772387,low-fidelity RED
Cyclotene Monomethyl Ether,CC1=C(C(=O)CC1)OC,14189-85-6,6.63,1.07,0.9031195934094214,low-fidelity RED
Cyclotene Acetate,CC1=C(C(=O)CC1)OC(=O)C,1196-22-1,7.283,1.058,0.9397473064606244,low-fidelity RED
Cyclotene Isovalerate,CC1=C(C(=O)CC1)OC(=O)CC(C)C,68084-07-1,7.416,1.224,0.6344288770224755,low-fidelity RED
Nifedipine,CC1=C(C(C(=C(N1)C)C(=O)OC)C2=CC=CC=C2[N+](=O)[O-])C(=O)OC,60299-11-8,6.269,1.203,0.8634958019585268,low-fidelity RED
Safranal,CC1=C(C(CC=C1)(C)C)C=O,116-26-7,6.336,1.199,0.8753570700005797,low-fidelity RED
Dehydrodihydroionol,CC1=C(C(CC=C1)(C)C)CCC(C)O,57069-86-0,8.53,1.188,0.730581959810123,low-fidelity RED
α-Isomethyl Ionol,CC1=C(C(CCC1)(C)C)C=C(C)C(C)O,51595-91-6,6.465,1.432,0.8544003745317532,low-fidelity RED
β-Ionol,CC1=C(C(CCC1)(C)C)C=CC(C)O,22029-76-1,6.718,1.392,0.7778174593052023,low-fidelity RED
Dihydro-β-Ionol,CC1=C(C(CCC1)(C)C)CCC(C)O,3293-47-8,7.359,1.307,0.7656696415556777,low-fidelity RED
"2,5-Dimethoxytoluene",CC1=C(C=CC(=C1)OC)OC,24599-58-4,6.775,1.043,0.9072623655812019,low-fidelity RED
Woody Heptene,CC1=C(C2(CC1CC2CO)C(=C)C)C,110458-85-0,7.441,1.293,0.6566962768281849,low-fidelity RED
Methyl Dihydrofuran Thiol,CC1=C(CCO1)S,26486-13-5,6.486,0.9994,0.7022285952594073,low-fidelity RED
Sulfuryl Isobutyrate,CC1=C(N=CS1)CCOC(=O)C(C)C,94021-42-8,7.981,1.153,0.5431390245600102,low-fidelity RED
"2,4,5-Trimethyl Oxazole",CC1=C(OC(=N1)C)C,20662-84-4,5.991,1.111,0.8385254915624211,low-fidelity RED
"2,4,5-Trimethyl Thiazole",CC1=C(SC(=N1)C)C,13623-11-5,6.215,0.9901,0.7909646009778188,low-fidelity RED
"2,4-Dimethyl-5-Vinyl Thiazole",CC1=C(SC(=N1)C)C=C,65505-18-2,6.353,1.056,0.8418729120241365,low-fidelity RED
"4,5-Dimethyl Thiazole",CC1=C(SC=N1)C,3581-91-7,5.878,1.053,0.7520804478245665,low-fidelity RED
Vinyl Sulfurol,CC1=C(SC=N1)C=C,1759-28-0,6.327,1.167,0.7826237921249262,low-fidelity RED
Sulfuryl Acetate,CC1=C(SC=N1)CCOC(=O)C,656-53-1,7.989,1.052,0.6403124237432846,low-fidelity RED
(Z)-Piperitol,CC1=C[C@@H]([C@@H](CC1)C(C)C)O,16721-38-3,6.943,1.27,0.5793315113128235,low-fidelity RED
(E)-Verbenol,CC1=C[C@@H]([C@@H]2C[C@H]1C2(C)C)O,1820-09-3,6.95,0.9674,0.6523994175349945,low-fidelity RED
(E)-Piperitol,CC1=C[C@@H]([C@H](CC1)C(C)C)O,16721-39-4,6.943,1.27,0.5793315113128235,low-fidelity RED
(Z)-Verbenol,CC1=C[C@H]([C@@H]2C[C@H]1C2(C)C)O,1845-30-3,6.95,0.9674,0.6523994175349945,low-fidelity RED
γ-Eudesmol,CC1=C2C[C@@H](CC[C]2(CCC1)C)C(C)(C)O,1209-71-8,5.674,1.466,0.8909264840602731,low-fidelity RED
6-Tert-Butyl-Meta-Cresol,CC1=CC(=C(C=C1)C(C)(C)C)O,88-60-8,6.552,0.9146,0.7158910531638177,low-fidelity RED
2-t-Butyl-4-Methyl Phenol,CC1=CC(=C(C=C1)O)C(C)(C)C,2409-55-4,6.638,0.8926,0.8385254915624212,high-fidelity RED
"3,4-Dimethoxytoluene",CC1=CC(=C(C=C1)OC)OC,494-99-5,6.419,0.9752,0.9072623655812019,low-fidelity RED
"2-Acetyl-3,5-Dimethyl Furan",CC1=CC(=C(O1)C(=O)C)C,22940-86-9,6.94,0.9277,0.9918417212438685,low-fidelity RED
"3-Acetyl-2,5-Dimethyl Furan",CC1=CC(=C(O1)C)C(=O)C,10599-70-9,7.057,1.038,0.9918417212438685,low-fidelity RED
Lily Propanol,CC1=CC(=CC=C1)CC(C)(C)CO,103694-68-4,6.838,1.141,0.6388466169590314,low-fidelity RED
Rosaphen,CC1=CC(=CC=C1)CCCCCO,25634-93-9,8.743,1.1,0.6566962768281849,low-fidelity RED
Hawthorn Ethanol,CC1=CC(=CC=C1)CCO,1875-89-4,8.155,1.005,0.9344115795515371,low-fidelity RED
Mesitene Lactone,CC1=CC(=O)OC(=C1)C,675-09-2,7.18,1.099,0.5006246098625193,low-fidelity RED
Piperitol,CC1=CC(C(CC1)C(C)C)O,491-04-3,6.943,1.27,0.5793315113128235,low-fidelity RED
"3,5-Xylenol",CC1=CC(C)=CC(O)=C1,108-68-9,7.024,0.8276,0.9864709828474433,low-fidelity RED
Verbenol,CC1=CC(C2CC1C2(C)C)O,473-67-6,6.95,0.9674,0.6523994175349945,low-fidelity RED
6-Hydroxycarvone,CC1=CC[C@@H]([C@H](C1=O)O)C(=C)C,51200-86-3,7.376,1.291,0.6968679932383176,low-fidelity RED
Bisabolol,CC1=CC[C@@H](CC1)[C](C)(CCC=C(C)C)O,515-69-5,6.357,1.372,0.9918417212438686,low-fidelity RED
(+)-α-Terpineol,CC1=CC[C@@H](CC1)C(C)(C)O,7785-53-7,5.944,1.159,0.5396758286230725,low-fidelity RED
(E)-Carveol,CC1=CC[C@H](C[C@@H]1O)C(=C)C,1197-07-5,6.428,1.183,0.48798053239857836,low-fidelity RED
(Z)-Carveol,CC1=CC[C@H](C[C@H]1O)C(=C)C,1197-06-4,6.428,1.183,0.48798053239857836,low-fidelity RED
"2,5-Dimethyl Pyrrole",CC1=CC=C(C)N1,625-84-3,5.856,0.7878,0.9370832406995655,high-fidelity RED
"2,5-Dimethylfuran",CC1=CC=C(C)O1,625-86-5,6.302,0.8896,0.8905756565278439,low-fidelity RED
Cherry Propanol,CC1=CC=C(C=C1)C(C)(C)O,1197-01-9,7.243,1.043,0.7163274390947205,low-fidelity RED
Cumin\Carbinol,CC1=CC=C(C=C1)CC(C)(C)O,20834-59-7,7.33,1.114,0.6773108592072025,low-fidelity RED
Methyl Benzyl Acetate,CC1=CC=C(C=C1)COC(=O)C,2216-45-7,7.964,0.9729,0.9027735042633898,low-fidelity RED
Para-Cresyl Acetate,CC1=CC=C(C=C1)OC(=O)C,140-39-6,7.301,0.9536,0.9158329542007102,low-fidelity RED
Para-Cresyl Formate,CC1=CC=C(C=C1)OC=O,1864-97-7,6.317,0.9818,0.9568829604502321,low-fidelity RED
3-(5-Methyl Furyl) Acrolein,CC1=CC=C(O1)\C=C\C=O,5555-90-8,6.577,1.103,0.928035559663529,low-fidelity RED
Methyl 5-Methyl Furfuryl Sulfide,CC1=CC=C(O1)CSC,13679-60-2,6.623,0.9625,0.9384162189561728,low-fidelity RED
Ortho-Methyl Benzyl Acetate,CC1=CC=CC=C1COC(=O)C,17373-93-2,7.757,1.002,0.9877373132569204,low-fidelity RED
2-Methylfuran,CC1=CC=CO1,534-22-5,6.42,0.9761,0.7814249804043892,high-fidelity RED
Sandal Pentenol,CC1=CCC(C1(C)C)\C=C/C(C)C(C)O,67801-20-1,7.396,1.31,0.9424038412485383,low-fidelity RED
Sandal Butenol,CC1=CCC(C1(C)C)C\C=C(/C)\CO,28219-60-5,7.284,1.352,0.7280109889280518,low-fidelity RED
Sandal Pentanol,CC1=CCC(C1(C)C)CCC(C)C(C)O,65113-99-7,8.025,1.413,0.962094070244693,low-fidelity RED
Sandal Cyclopentane,CC1=CCC(C1(C)C)CCC(C)CO,72089-08-8,8.185,1.312,0.7794228634059948,low-fidelity RED
α-Campholenic Alcohol,CC1=CCC(C1(C)C)CCO,1901-38-8,8.262,1.304,0.5787918451395112,low-fidelity RED
β-Bisabolol,CC1=CCC(CC1)(C(C)CCC=C(C)C)O,15352-77-9,6.998,1.37,0.7810249675906651,low-fidelity RED
Menthadienol,CC1=CCC(CC1)C(=C)CO,3269-90-7,6.401,1.031,0.5244044240850757,low-fidelity RED
Terpineol,CC1=CCC(CC1)C(C)(C)O,10482-56-1,5.944,1.159,0.5396758286230725,low-fidelity RED
α-Terpinyl Anthranilate,CC1=CCC(CC1)C(C)(C)OC(=O)C2=CC=CC=C2N,14481-52-8,6.359,1.342,0.9407443861113391,low-fidelity RED
Terpinyl Formate,CC1=CCC(CC1)C(C)(C)OC=O,2153-26-6,5.522,1.266,0.9965565713997374,low-fidelity RED
Para-Menth-1-En-9-Al,CC1=CCC(CC1)C(C)C=O,29548-14-9,6.187,1.304,0.8721381771256201,low-fidelity RED
Citrus Propanol,CC1=CCC(CC1)C(C)CCO,15760-18-6,7.658,1.258,0.5766281297335395,low-fidelity RED
Para-Menth-1-Ene-9-ol,CC1=CCC(CC1)C(C)CO,18479-68-0,7.309,1.222,0.6504805915628843,low-fidelity RED
Levo-Carveol,CC1=CCC(CC1O)C(=C)C,99-48-9,6.428,1.183,0.48798053239857836,low-fidelity RED
α-Eudesmol,CC1=CCC[C]2([C@H]1C[C@@H](CC2)C(C)(C)O)C,473-16-5,7.098,1.319,0.9397473064606251,low-fidelity RED
Piperitenone,CC1=CCCC(=C(C)C)C1=O,491-09-8,7.041,1.217,0.9915266007525968,low-fidelity RED
"4-Methyl-5,6-Dihydro-2H-Pyran ",CC1=CCOCC1,16302-35-5,5.639,1.136,0.5640257086339237,low-fidelity RED
"2,5-Dimethyl Thiazole",CC1=CN=C(S1)C,4175-66-0,5.888,1.014,0.7520804478245665,low-fidelity RED
"2,4-Dimethylpyrrole",CC1=CNC(C)=C1,625-82-1,5.902,1.079,0.7348469228349527,low-fidelity RED
Menthofuran,CC1=COC2=C1CCC(C)C2,494-90-6,4.992,1.34,0.689655711206686,high-fidelity RED
"2,4-Dimethyl Thiazole",CC1=CSC(=N1)C,541-58-2,6.645,1.064,0.7520804478245665,low-fidelity RED
Tropical Thiazole,CC1=CSC(=N1)C(C)C,15679-13-7,6.846,1.165,0.851836251870041,low-fidelity RED
2-Isobutyl-4-Methyl Thiazole,CC1=CSC(=N1)CC(C)C,61323-24-8,7.11,1.193,0.9407443861113389,low-fidelity RED
4-Methyl Thiazole,CC1=CSC=N1,693-95-8,6.377,1.21,0.953939201416946,low-fidelity RED
2-Methyl-5-Methoxythiazole,CC1=NC=C(S1)OC,38205-64-0,5.998,1.172,0.9880536422684744,low-fidelity RED
2-Isopropoxy-3-Methyl Pyrazine,CC1=NC=CN=C1OC(C)C,94089-22-2,6.314,1.212,0.9711462299777514,low-fidelity RED
2-Methylthiazole,CC1=NC=CS1,3581-87-1,6.208,1.073,0.953939201416946,low-fidelity RED
Danazol ,CC12CCC3C(C1CCC2(C#C)O)CCC4=CC5=C(CC34C)C=NO5,17230-88-5,6.352,1.542,0.9384162189561724,low-fidelity RED
Buccoxime,CC12CCCC(C1=NO)(CC2)C,75147-23-8,6.131,1.018,0.6123724356957945,low-fidelity RED
Berry Furanone,CC1C(=O)C(=C(O1)C)OC,4077-47-8,7.184,1.202,0.8488963423174818,low-fidelity RED
Strawberry Furanone Acetate,CC1C(=O)C(=C(O1)C)OC(=O)C,4166-20-5,7.76,1.125,0.7941190087134292,low-fidelity RED
2-Methyl-3-Tetrahydrofuran Thiol,CC1C(CCO1)S,57124-87-5,5.732,1.018,0.45825756949558355,low-fidelity RED
"2,4-Ivy Carbaldehyde",CC1C=C(CCC1C=O)C,68039-49-6,6.293,1.134,0.8692669325356855,low-fidelity RED
"2,4-Dimethyl-3-Cyclohexene-1-Methanol",CC1C=C(CCC1CO)C,67634-17-7,7.095,1.142,0.6041522986797287,low-fidelity RED
Patchouli Indene,CC1C2C3CC(C2C=C1C)C(C3)O,79771-15-6,7.162,1.088,0.7088723439378911,low-fidelity RED
Wine Lactone,CC1C2CCC(=CC2OC1=O)C,57743-63-2,7.152,1.178,0.8649421946003097,low-fidelity RED
Isocyclogeraniol,CC1CC(=CC(C1CO)C)C,68527-77-5,7.19,1.317,0.5787918451395112,low-fidelity RED
Vetiverol,CC1CC(C=C(C2C1CC(=C(C)C)C2)C)O,89-88-3,6.638,1.322,0.8007808689023483,low-fidelity RED
Tonkavert,CC1CC(CC(=C1)C)C#N,66848-40-6,6.208,1.146,0.9034655499796326,low-fidelity RED
"3,5-Ivy Carbaldehyde",CC1CC(CC(=C1)C)C=O,68737-61-1,6.015,1.079,0.889170962188937,low-fidelity RED
Homomenthol,CC1CC(CC(C1)(C)C)O,116-02-9,6.275,1.044,0.5667892024377321,low-fidelity RED
Homomenthyl Salicylate,CC1CC(CC(C1)(C)C)OC(=O)C2=CC=CC=C2O,118-56-9,7.054,1.204,0.7603453162872771,low-fidelity RED
"(Z+E)-2,5-Dimethyl-3-Tetrahydrofuran Thiol",CC1CC(S)C(C)O1,26486-21-5,5.509,1.079,0.7356969484781082,low-fidelity RED
"3,6-Ivy Carbaldehyde",CC1CC=C(CC1C=O)C,67801-65-4,6.137,1.093,0.889170962188937,low-fidelity RED
"5,6-Dimethyl Tetrahydropyran-2-One",CC1CCC(=O)OC1C,10413-18-0,7.342,1.094,0.9233092656309696,low-fidelity RED
Floral Methanol,CC1CCC(C(C1)C)CO,68480-15-9,6.266,1.101,0.45276925690687103,low-fidelity RED
Isopulegol,CC1CCC(C(C1)O)C(=C)C,89-79-2,5.846,1.206,0.5249999999999999,low-fidelity RED
Geranium Cyclohexane,CC1CCC(C(C1)O)C(C)(C)O,50373-36-9,6.478,1.115,0.6349212549600146,low-fidelity RED
Menthol,CC1CCC(C(C1)O)C(C)C,1490-04-6,6.316,1.162,0.6329494450586083,low-fidelity RED
Menthyl Salicylate,CC1CCC(C(C1)OC(=O)C2=CC=CC=C2O)C(C)C,89-46-3,8.096,1.423,0.8919781387455633,low-fidelity RED
Menthyl Methyl Lactate,CC1CCC(C(C1)OC(=O)CC(C)O)C(C)C,108766-16-1,7.811,1.407,0.5700877125495691,low-fidelity RED
Laevo-Monomenthyl Glutarate,CC1CCC(C(C1)OC(=O)CCCC(=O)O)C(C)C,220621-22-7,7.568,1.389,0.3716517186829625,low-fidelity RED
Menthoxypropane Diol,CC1CCC(C(C1)OCC(CO)O)C(C)C,87061-04-9,7.642,1.344,0.43445367992456885,low-fidelity RED
"Dextro,Laevo-Menthone Glycerine Acetal",CC1CCC(C2(C1)OCC(O2)CO)C(C)C,63187-91-7,6.957,1.361,0.4007804885470352,low-fidelity RED
α-Dihydroterpineol,CC1CCC(CC1)C(C)(C)O,21129-27-1,5.789,0.9743,0.6408002808988149,low-fidelity RED
Dihydrocarveol,CC1CCC(CC1O)C(=C)C,619-01-2,5.8,1.134,0.5249999999999999,low-fidelity RED
Carvomenthol,CC1CCC(CC1O)C(C)C,499-69-4,7.003,1.091,0.6329494450586083,low-fidelity RED
Valerianol,CC1CCC=C2[C]1(C[C@@H](CC2)C(C)(C)O)C,20489-45-6,6.169,1.429,0.9397473064606251,low-fidelity RED
Coconut Decanone,CC1CCC2(CC1)CCC(=O)O2,94201-19-1,6.653,1.068,0.9450529085717898,low-fidelity RED
6-Hydroxydihydrotheaspirane (Mixture Of Isomers),CC1CCC2(O1)C(CCCC2(C)O)(C)C,65620-50-0,6.133,1.156,0.710633520177595,low-fidelity RED
Tonka Furanone,CC1CCC2=C(C(=O)OC2=C1)C,80417-97-6,6.986,1.177,0.6025985396596977,low-fidelity RED
Mint Lactone,CC1CCC2=C(C(=O)OC2C1)C,13341-72-5,6.958,1.278,0.6873863542433757,low-fidelity RED
Bulnesol,CC1CCC2=C(CCC(CC12)C(C)(C)O)C,22451-73-6,6.481,1.371,0.9552486587271402,low-fidelity RED
Cedrenol,CC1CCC2C13CC(C2(C)C)C(=C)C(C3)O,28231-03-0,6.905,1.351,0.9663074045043845,low-fidelity RED
Tetrahydroionol,CC1CCCC(C1CCC(C)O)(C)C,4361-23-3,7.028,1.272,0.9727538229171863,low-fidelity RED
Geosmin,CC1CCCC2(C1(CCCC2)O)C,23333-91-7,5.949,1.086,0.838525491562421,low-fidelity RED
2-Methylpiperidine,CC1CCCCN1,109-05-7,5.24,1.084,0.9236476600955582,low-fidelity RED
3-Methyltetrahydrofuran,CC1CCOC1,13423-15-9,5.088,0.9323,0.7318640584152226,low-fidelity RED
Propylene Imine (2-Methyl Aziridine),CC1CN1,75-55-8,5.252,0.8195,0.919918474648705,high-fidelity RED
Acetoin Propylene Glycol Acetal,CC1COC(O1)(C)C(C)O,94089-23-3,6.911,1.197,0.5926634795564848,low-fidelity RED
Propylene Acetal,CC1COC(O1)C,12/3/90 0:00,5.822,0.9958,0.6490377492873587,low-fidelity RED
Furfural Propylene Glycol Acetal,CC1COC(O1)C2=CC=CO2,4359-54-0,6.928,1.215,0.6768493185340443,low-fidelity RED
Hydroxycitronellal Propylene Glycol Acetal,CC1COC(O1)CC(C)CCCC(C)(C)O,93804-64-9,7.583,1.345,0.5385164807134507,low-fidelity RED
2-Methyl Thiazolidine,CC1NCCS1,24050-16-6,5.375,1.101,0.9069178573608517,low-fidelity RED
Sulfuryl Propionate,Cc1ncsc1CCOC(=O)CC,324742-96-3,7.002,1.124,0.5244044240850751,low-fidelity RED
Sulfuryl Octanoate,Cc1ncsc1CCOC(=O)CCCCCCC,163266-17-9,8.472,1.19,0.680073525436772,low-fidelity RED
Sulfuryl Decanoate,Cc1ncsc1CCOC(=O)CCCCCCCCC,101426-31-7,8.472,1.19,0.7968688725254615,low-fidelity RED
Paraldehyde,CC1OC(C)OC(C)O1,123-63-7,5.447,0.8874,0.6637959023675879,high-fidelity RED
"2-Methyl-1,3-Dioxolane",CC1OCCO1,497-26-7,5.298,0.8169,0.6446898479113814,high-fidelity RED
Sulfuryl Formate,Cc1scnc1CCOC=O,90731-56-9,7.569,1.104,0.838898086778126,low-fidelity RED
(Z)-2-Pinanol,CC2(C)[C@@H]1C[C@H]2[C](C)(O)CC1,4948-28-1,5.649,0.9471,0.6731456008918131,low-fidelity RED
Methyl Sandal,CCC(/C(=C/C1(CC2CC1C=C2)C)/C)O,67739-11-1,6.31,1.394,0.6745368781616021,low-fidelity RED
Methyl β-Ionol,CCC(\C=C\C1=C(CCCC1(C)C)C)O,93840-90-5,7.181,1.425,0.8403868156985805,low-fidelity RED
2-Ethyl Croton Aldehyde,CCC(=CC)C=O,19780-25-7,6.183,0.9297,0.9185586535436916,high-fidelity RED
2-Furfurylidene Butyraldehyde,CCC(=CC1=CC=CO1)C=O,770-27-4,7.047,1.086,0.8919781387455638,low-fidelity RED
2-Mercapto-3-Pentanone,CCC(=O)C(C)S,17042-24-9,6.499,0.7819,0.7487489565935966,low-fidelity RED
Ethyl Vinyl Ketone,CCC(=O)C=C,1629-58-9,5.784,0.8579,0.9532837982468809,low-fidelity RED
2-Propionyl-3-Methyl Furan,CCC(=O)C1=C(C=CO1)C,23747-34-4,7.091,1.121,0.9864709828474427,low-fidelity RED
1-(5-Methyl-2-Furyl) Propan-1-One,CCC(=O)C1=CC=C(O1)C,10599-69-6,7.61,1.104,0.9864709828474427,low-fidelity RED
1-(Methyl Thio)-3-Pentanone,CCC(=O)CCSC,66735-69-1,6.654,1.027,0.864580823289529,low-fidelity RED
1-(Methyl Thio)-2-Butanone,CCC(=O)CSC,13678-58-5,6.237,0.8158,0.8591420138719786,low-fidelity RED
Cyclotene Propionate,CCC(=O)OC1=C(CCC1=O)C,87-55-8,7.162,1.139,0.7454025757937779,low-fidelity RED
Maltyl Propionate,CCC(=O)OC1=C(OC=CC1=O)C,68555-63-5,7.452,1.251,0.8070006195784483,low-fidelity RED
Para-Cresyl Propionate,CCC(=O)OC1=CC=C(C=C1)C,7495-84-3,7.175,1.002,0.9168560410446122,low-fidelity RED
Cyclohexyl Propionate,CCC(=O)OC1CCCCC1,6222-35-1,6.39,1.073,0.9222933372848358,low-fidelity RED
Propylene Glycol Dipropionate,CCC(=O)OCC(C)OC(=O)CC,10108-80-2,6.73,0.9365,0.5111262075065223,low-fidelity RED
Glyceryl Tripropanoate,CCC(=O)OCC(COC(=O)CC)OC(=O)CC,139-45-7,7.052,0.9529,0.3848701079585163,low-fidelity RED
Allyl Propionate,CCC(=O)OCC=C,2408-20-0,5.903,0.9918,0.6523994175349948,low-fidelity RED
Sorbyl Propionate,CCC(=O)OCC=CC=CC,16491-25-1,5.792,1.179,0.778219120813669,low-fidelity RED
Para-Anisyl Propionate,CCC(=O)OCC1=CC=C(C=C1)OC,7549-33-9,8.077,1.172,0.7215434844830902,low-fidelity RED
Benzyl Propionate,CCC(=O)OCC1=CC=CC=C1,122-63-4,7.007,0.9869,0.8551315688243537,low-fidelity RED
Furfuryl Propionate,CCC(=O)OCC1=CC=CO1,623-19-8,7.182,1.054,0.3436931771216875,low-fidelity RED
Tetrahydrofurfuryl Propionate,CCC(=O)OCC1CCCO1,637-65-0,5.101,1.071,0.45345892868042637,low-fidelity RED
Phenethyl Propionate,CCC(=O)OCCC1=CC=CC=C1,122-70-3,6.968,1.019,0.9171968163922068,low-fidelity RED
Phenoxyethyl Propionate,CCC(=O)OCCOC1=CC=CC=C1,23495-12-7,7.392,1.039,0.6149186938124424,low-fidelity RED
s-(Methyl Thio) Propionate,CCC(=O)SC,5925-75-7,6.4,0.9029,0.7766112283504532,low-fidelity RED
s-Ethyl Propane Thioate,CCC(=O)SCC,2432-42-0,5.896,0.9573,0.9490126448051155,low-fidelity RED
"1,2-Dibromobutane",CCC(Br)CBr,533-98-2,5.308,0.9686,0.971146229977751,low-fidelity RED
Ethyl 2-Ethyl Acetoacetate,CCC(C(=O)C)C(=O)OCC,607-97-6,6.8,0.8828,0.6749999999999999,low-fidelity RED
3-Mercapto-2-Pentanone,CCC(C(=O)C)S,67633-97-0,6.408,0.7735,0.7487489565935966,low-fidelity RED
Methyl 2-(Methyl Thio) Butyrate,CCC(C(=O)OC)SC,51534-66-8,6.751,0.9196,0.5012484413940855,low-fidelity RED
3-Mercapto-2-Methyl Pentanal,CCC(C(C)C=O)S,227456-28-2,5.856,0.9629,0.6914658342969664,low-fidelity RED
3-Mercapto-2-Methyl Pentanol,CCC(C(C)CO)S,227456-27-1,6.876,0.76,0.9137833441248531,low-fidelity RED
Ethyl 2-Hydroxy-2-Methyl Butyrate,CCC(C)(C(=O)OCC)O,77-70-3,6.905,0.809,0.5884301147969911,low-fidelity RED
"3,4,4-Trimethyl-1-Hexanol",CCC(C)(C)C(C)CCO,66793-73-5,7.17,1.052,0.815475321515005,low-fidelity RED
"2,2-Dimethyl-1-Butanol",CCC(C)(C)CO,1185-33-7,5.933,0.8931,0.8895223437328601,low-fidelity RED
3-Methyl-1-Penten-3-ol,CCC(C)(C=C)O,918-85-4,6.095,0.9885,0.6067330549755802,low-fidelity RED
Muguet Octadienol,CCC(C)(C=CC=C(C)C)O,18479-54-4,6.22,1.094,0.7656696415556777,low-fidelity RED
4-Mercapto-4-Methyl-2-Hexanone,CCC(C)(CC(=O)C)S,NF002,6.334,0.7941,0.7814249804043891,low-fidelity RED
2-Methyl-2-Ethyl-1-Butanol,CCC(C)(CC)CO,18371-13-6,6.241,0.936,0.8085480814398119,low-fidelity RED
Dihydrolinalool,CCC(C)(CCC=C(C)C)O,18479-51-1,6.859,1.037,0.7782191208136691,low-fidelity RED
Lilac Pentanol,CCC(C)(CCC1=CC=CC=C1)O,10415-87-9,7.385,1.004,0.8400148808205724,low-fidelity RED
3-Methyl-3-Hexanol,CCC(C)(O)CCC,597-96-6,6.14,0.873,0.7228416147400483,low-fidelity RED
3-Methyl-3-Heptanol,CCC(C)(O)CCCC,5582-82-1,6.471,0.8309,0.7420411039827913,low-fidelity RED
3-Methyl-3-Nonanol,CCC(C)(O)CCCCCC,21078-72-8,6.599,0.895,0.8400148808205725,low-fidelity RED
Methyl 3-Methyl-2-Oxovalerate,CCC(C)C(=O)C(=O)OC,3682-42-6,5.995,0.9281,0.5766281297335402,low-fidelity RED
Methyl 2-Methyl Butyrate,CCC(C)C(=O)OC,868-57-5,6.862,0.8558,0.8961724164467465,low-fidelity RED
4-Methyl-3-Hexanol,CCC(C)C(O)CC,615-29-2,6.593,0.8839,0.7318640584152228,low-fidelity RED
3-Methyl-4-Heptanol,CCC(C)C(O)CCC,1838-73-9,6.55,0.9307,0.7636262174650633,low-fidelity RED
2-sec-Butyl-3-Methoxypyrazine,CCC(C)C1=NC=CN=C1OC,24168-70-5,6.804,1.15,0.923309265630969,low-fidelity RED
2-sec-Butyl Thiazole,CCC(C)C1=NC=CS1,18277-27-5,6.736,1.196,0.8937281465859737,low-fidelity RED
Leafy Oxime,CCC(C)CC(=NO)CC,22457-23-4,6.271,0.899,0.8265137627408272,low-fidelity RED
3-Methyl Valeric Acid,CCC(C)CC(=O)O,105-43-1,6.262,0.9757,0.8821139382188672,low-fidelity RED
"4,6-Dimethyl-1-Octanol",CCC(C)CC(C)CCCO,66719-33-3,7.87,0.8679,0.7215434844830908,low-fidelity RED
"2,6-Dimethyl-1-Octanol",CCC(C)CCCC(C)CO,62417-08-7,7.214,0.9422,0.7215434844830908,low-fidelity RED
6-Methyl-1-Octanol,CCC(C)CCCCCO,38514-05-5,7.951,1.011,0.6403124237432851,low-fidelity RED
5-Methyl-1-Heptanol,CCC(C)CCCCO,7212-53-5,8.008,0.9834,0.6442049363362565,low-fidelity RED
2-Methylbutylamine,CCC(C)CN,96-15-1,5.824,0.8267,0.8689073598491388,low-fidelity RED
2-Methyl Butyl Salicylate,CCC(C)COC(=O)C1=CC=CC=C1O,51115-63-0,8.182,1.089,0.5080600358225387,low-fidelity RED
sec-Butyl Lactate,CCC(C)OC(=O)C(C)O,18449-60-0,6.948,0.9358,0.7280109889280523,low-fidelity RED
o-Ethylaniline,CCC(C=CC=C1)=C1N,578-54-1,6.847,0.9336,0.9276987657639739,low-fidelity RED
o-Ethylphenol,CCC(C=CC=C1)=C1O,90-00-6,7.371,0.9098,0.6354132513569408,low-fidelity RED
3-(5-Methyl-2-Furyl) Butanal,CCC(C=O)C1=CC=C(O1)C,31704-80-0,7.029,1.06,0.8050621094052308,low-fidelity RED
2-Nitrobutyl Acrylate,CCC(COC(=O)C=C)N(=O)=O,5390-54-5,6.574,1.163,0.6991065727054783,low-fidelity RED
"1,2-Butane Dithiol",CCC(CS)S,16128-68-0,5.584,0.7296,0.4974937185533097,low-fidelity RED
"3,4-Dimethyl-3-Hexanol",CCC(O)(C)C(C)CC,19550-08-4,6.545,0.9407,0.962094070244693,low-fidelity RED
3-Ethyl-3-Pentanol,CCC(O)(CC)CC,597-49-9,5.893,0.8216,0.6932712311931025,low-fidelity RED
3-Ethyl-3-Hexanol,CCC(O)(CC)CCC,597-76-2,5.808,0.9027,0.8031189202104507,low-fidelity RED
4-Methyl-3-Heptanol,CCC(O)C(C)CCC,14979-39-6,6.176,0.9689,0.7110731326663946,low-fidelity RED
4-Ethyl-3-Hexanol,CCC(O)C(CC)CC,19780-44-0,6.442,0.8745,0.6680194607943694,low-fidelity RED
3-Pentanol,CCC(O)CC,584-02-1,6.235,0.8514,0.9711462299777518,low-fidelity RED
5-Methyl-3-Hexanol,CCC(O)CC(C)C,623-55-2,6.185,0.9918,0.7424621202458753,low-fidelity RED
5-Methyl-3-Heptanol,CCC(O)CC(C)CC,18720-65-5,6.412,0.9097,0.7071067811865476,low-fidelity RED
3-Nonanol,CCC(O)CCCCCC,624-51-1,6.498,1.001,0.604152298679729,low-fidelity RED
3-Decanol,CCC(O)CCCCCCC,1565-81-7,6.498,1.001,0.6103277807866855,low-fidelity RED
Isoamyl Propionate,CCC(OCCC(C)C)=O,105-68-0,6.232,0.9193,0.8234834546000307,high-fidelity RED
Ethoxyethyl Propionate,CCC(OCCOCC)=O,14272-48-1,5.733,0.9173,0.7000000000000004,high-fidelity RED
Bis(1-Mercaptopropyl) Sulfide,CCC(S)SC(S)CC,53897-60-2,5.413,0.7868,0.8284020762890439,low-fidelity RED
2-Methyl-2-Hexenoic Acid,CCC\C=C(/C)\C(=O)O,28897-58-7,6.027,0.8742,0.6637959023675877,low-fidelity RED
Methyl (Z)-4-Octenoate,CCC\C=C/CCC(=O)OC,21063-71-8,6.64,0.8877,0.910013736160065,low-fidelity RED
(Z)-4-Octen-1-ol,CCC\C=C/CCCO,54393-36-1,7.283,0.9188,0.42278836313219437,low-fidelity RED
3-Hepten-2-One,CCC\C=C\C(=O)C,1119-44-4,5.518,0.9665,0.9453835200594519,low-fidelity RED
"2,4-Octadien-1-ol",CCC\C=C\C=C\CO,18409-20-6,6.041,0.9328,0.48862050714230176,low-fidelity RED
(E)-3-Heptenoic Acid,CCC\C=C\CC(=O)O,28163-84-0,5.818,0.9098,0.7071067811865478,low-fidelity RED
Jasmin\Cyclopentanol,CCC\C=C\CC1CCCC1O,34686-67-4,6.581,1.231,0.5279678020485719,low-fidelity RED
(E)-4-Octenoic Acid,CCC\C=C\CCC(=O)O,18776-92-6,6.017,0.9714,0.5062114182829147,low-fidelity RED
6-Decenoic Acid,CCC\C=C\CCCCC(=O)O,85392-04-7,6.572,0.9843,0.3913118960624631,low-fidelity RED
(E)-3-Hepten-1-Yl Acetate,CCC\C=C\CCOC(=O)C,1576-77-8,6.836,0.8899,0.910013736160065,low-fidelity RED
(E)-2-Hexen-1-Yl Salicylate,CCC\C=C\COC(=O)C1=CC=CC=C1O,68133-77-7,7.665,1.177,0.6363961030678924,low-fidelity RED
(E)-2-Hexen-1-Yl Formate,CCC\C=C\COC=O,53398-78-0,5.891,1.02,0.5303300858899112,low-fidelity RED
2-Methyl-2-Pentenoic Acid,CCC=C(C)C(=O)O,3142-72-1,6.039,0.9218,0.9513148795220225,low-fidelity RED
Ethyl 2-Pentenoate,CCC=CC(=O)OCC,2445-93-4,6.941,1.131,0.6846531968814576,low-fidelity RED
"2,4,6-Nonatrien-1-Al",CCC=CC=CC=CC=O,56269-22-8,5.378,1.127,0.8085480814398114,low-fidelity RED
Trans-2-Penten-1-Al,CCC=CC=O,764-39-6,5.493,1.004,0.7648529270389177,low-fidelity RED
Ethyl 3-Hexenoate,CCC=CCC(=O)OCC,2396-83-0,6.575,0.9404,0.7794228634059948,low-fidelity RED
"3,6-Nonadien-1-ol",CCC=CCC=CCCO,76649-25-7,6.354,1.123,0.4190763653560051,low-fidelity RED
3-Hexen-1-Al,CCC=CCC=O,4440-65-7,5.541,1.005,0.730581959810123,low-fidelity RED
Methyl Epi-Jasmonate,CCC=CCC1C(CCC1=O)CC(=O)OC,39924-52-2,7.623,1.222,0.9013878188659971,low-fidelity RED
"(E,Z)-2,6-Nonadien-1-Al",CCC=CCCC=CC=O,26370-28-5,5.568,1.027,0.8097067370350823,low-fidelity RED
"2,6-Nonadien-1-ol",CCC=CCCC=CCO,7786-44-9,6.386,0.9172,0.4190763653560051,low-fidelity RED
(Z)-3-Hexen-1-ol,CCC=CCCO,544-12-7,6.526,1.033,0.781424980404389,low-fidelity RED
3-Hexen-1-Yl Formate,CCC=CCCOC=O,9/5/15 0:00,5.985,1.037,0.4930770730829009,low-fidelity RED
2-Ethyl Fenchol,CCC1(C(C2CCC1(C2)C)(C)C)O,18368-91-7,6.319,1.172,0.9307255234493144,low-fidelity RED
Huminol M,CCC1(C2(CCCC1(CC2)C)C)O,84681-92-5,6.13,1.085,0.7668930825088982,low-fidelity RED
"2,5-Diethyl-4-Methyl Thiazole",CCC1=C(N=C(S1)CC)C,41981-71-9,6.514,1.121,0.9233092656309693,low-fidelity RED
4-Ethyl-5-Methyl Thiazole,CCC1=C(N=CS1)C,52414-91-2,6.167,1.097,0.7123903424387499,low-fidelity RED
"2,5-Dimethyl-4-Ethyl Oxazole",CCC1=C(OC(=N1)C)C,30408-61-8,6.603,1.038,0.9620940702446928,low-fidelity RED
"2,5-Dimethyl-4-Ethyl Thiazole",CCC1=C(SC(=N1)C)C,32272-57-4,6.218,1.004,0.8162413858657251,low-fidelity RED
4-Ethyl Syringol,CCC1=CC(=C(C(=C1)OC)O)OC,14059-92-8,7.039,1.081,0.9437293044088428,low-fidelity RED
4-Ethyl Guaiacol,CCC1=CC(=C(C=C1)O)OC,2785-89-9,7.41,1.173,0.9486832980505129,low-fidelity RED
m-Ethylphenol,CCC1=CC(O)=CC=C1,620-17-7,6.603,1.096,0.8721381771256197,low-fidelity RED
p-Ethylaniline,CCC1=CC=C(N)C=C1,589-16-2,6.514,1.081,0.9663074045043837,low-fidelity RED
2-Ethylpyridine,CCC1=CC=CC=N1,100-71-0,6.626,1.113,0.9303897032964191,low-fidelity RED
2-Ethylfuran,CCC1=CC=CO1,3208-16-0,6.766,1.035,0.8204419540710969,low-fidelity RED
4-Ethylpyridine,CCC1=CC=NC=C1,536-75-4,6.332,1.093,0.9303897032964191,low-fidelity RED
5-Ethyl-2-Methyl Thiazole,CCC1=CN=C(S1)C,19961-52-5,6.385,1.224,0.7123903424387499,low-fidelity RED
"2,5-Diethyl Thiazole",CCC1=CN=C(S1)CC,15729-76-7,6.013,1.205,0.7537406715840664,low-fidelity RED
3-Ethylpyridine,CCC1=CN=CC=C1,536-78-7,6.378,1.177,0.9303897032964191,low-fidelity RED
3-Ethylfuran,CCC1=COC=C1,67363-95-5,6.346,1.125,0.8204419540710969,low-fidelity RED
4-Ethyl-2-Methyl Thiazole,CCC1=CSC(=N1)C,32272-48-3,6.504,1.106,0.7123903424387499,low-fidelity RED
"2-Ethyl-4,5-Dimethyl Oxazole",CCC1=NC(=C(O1)C)C,53833-30-0,6.088,1.22,0.9620940702446928,low-fidelity RED
"4,5-Dimethyl-2-Ethyl Thiazole",CCC1=NC(=C(S1)C)C,873-64-3,6.543,1.099,0.8162413858657251,low-fidelity RED
2-Ethyl-6-Methyl Pyrazine,CCC1=NC(=CN=C1)C,13925-03-6,6.522,1.071,0.9902651160169181,low-fidelity RED
2-Ethyl-4-Methyl Thiazole,CCC1=NC(=CS1)C,15679-12-6,6.752,1.134,0.7123903424387499,low-fidelity RED
Coffee Pyrazine,CCC1=NC=C(N=C1)C,13360-64-0,6.396,1.148,0.9902651160169181,low-fidelity RED
Filbert Pyrazine,CCC1=NC=CN=C1C,15707-23-0,5.653,1.108,0.9902651160169181,low-fidelity RED
Magnolia Cyclohexanol,CCC12CCC(C1)C(C2)C3(CCCCC3)O,92046-48-5,6.09,1.31,0.9354143466934849,low-fidelity RED
"3,5-Dimethyl-2-Ethylphenol",CCc1c(C)cc(C)cc1O,62126-76-5,7.308,0.9618,0.9062284480195927,low-fidelity RED
Butyleneoxide,CCC1CO1,106-88-7,5.792,0.911,0.5947688626685159,high-fidelity RED
1-Penten-2-ol,CCCC(=C)O,61923-56-6,5.733,0.9198,0.9171968163922073,low-fidelity RED
2-Hepten-4-One,CCCC(=O)C=CC,4643-25-8,6.385,0.9266,0.9453835200594519,low-fidelity RED
Ethyl 3-Oxohexanoate,CCCC(=O)CC(=O)OCC,3249-68-1,6.945,1.038,0.7180703308172538,low-fidelity RED
5-Oxooctanoic Acid,CCCC(=O)CCCC(=O)O,3637-14-7,6.438,0.8946,0.9300537618869135,low-fidelity RED
Acetoin Butyrate,CCCC(=O)OC(C)C(=O)C,84642-61-5,6.734,1.069,0.689655711206686,low-fidelity RED
Ethyl Butyryl Lactate,CCCC(=O)OC(C)C(=O)OCC,71662-27-6,7.252,1.063,0.5771698190307601,low-fidelity RED
Cyclotene Butyrate,CCCC(=O)OC1=C(CCC1=O)C,68227-51-0,7.689,1.174,0.6368869601428493,low-fidelity RED
Para-Cresyl Butyrate,CCCC(=O)OC1=CC=C(C=C1)C,14617-92-6,7.703,1.033,0.9965565713997374,low-fidelity RED
Propylene Glycol Monobutyrate,CCCC(=O)OCC(C)O,29592-95-8,7.815,0.961,0.7470776398741967,low-fidelity RED
Propylene Glycol Dibutyrate,CCCC(=O)OCC(C)OC(=O)CCC,50980-84-2,7.608,1.034,0.8131727983645299,low-fidelity RED
Glycerol Tributyrate,CCCC(=O)OCC(COC(=O)CCC)OC(=O)CCC,60-01-5,7.93,1.056,0.8746427842267951,high-fidelity RED
Allyl Butyrate,CCCC(=O)OCC=C,2051-78-7,6.853,1.051,0.8503675675847475,low-fidelity RED
Prenyl Butyrate,CCCC(=O)OCC=C(C)C,71820-56-9,7.099,1.061,0.9572094859538325,low-fidelity RED
Sorbyl Butyrate,CCCC(=O)OCC=CC=CC,16930-93-1,6.737,1.233,0.9503288904374106,low-fidelity RED
Para-Anisyl Butyrate,CCCC(=O)OCC1=CC=C(C=C1)OC,6963-56-0,9.017,1.223,0.7403546447480424,low-fidelity RED
Benzyl Butyrate,CCCC(=O)OCC1=CC=CC=C1,103-37-7,7.95,1.05,0.9633924433998844,low-fidelity RED
Furfuryl Butyrate,CCCC(=O)OCC1=CC=CO1,623-21-2,8.124,1.11,0.44791182167922294,low-fidelity RED
Tetrahydrofurfuryl Butyrate,CCCC(=O)OCC1CCCO1,2217-33-6,6.041,1.121,0.620987117418711,low-fidelity RED
Sulfuryl Butyrate,CCCC(=O)OCCC1=C(N=CS1)C,94159-31-6,7.948,1.182,0.5135659646043532,low-fidelity RED
Methionyl Butyrate,CCCC(=O)OCCCSC,16630-60-7,7.377,1.065,0.6509608283145768,low-fidelity RED
2-Phenoxyethyl Butyrate,CCCC(=O)OCCOC1=CC=CC=C1,23511-70-8,8.331,1.095,0.6950719387228917,low-fidelity RED
Methyl Thiomethyl Butyrate,CCCC(=O)OCSC,74758-93-3,7.055,0.9813,0.45689167206242676,low-fidelity RED
Methyl Thiobutyrate,CCCC(=O)SC,2432-51-1,6.763,0.8531,0.9842509842514764,low-fidelity RED
Amyl Acetoacetate,CCCC(C(=O)C)C(=O)OCC,1540-28-9,6.556,0.8671,0.7842193570679061,low-fidelity RED
Butyroin,CCCC(C(=O)CCC)O,496-77-5,6.395,0.9903,0.6964194138592062,low-fidelity RED
2-Mercapto-2-Methyl-1-Pentanol,CCCC(C)(CO)S,258823-39-1,5.668,0.912,0.758287544405155,low-fidelity RED
4-Methyl-4-Octanol,CCCC(C)(O)CCCC,23418-37-3,6.242,0.8169,0.8455767262643884,low-fidelity RED
2-Methyl Valeric Acid,CCCC(C)C(=O)O,97-61-0,6.011,0.8266,0.8562271894771852,low-fidelity RED
Methyl 2-Methyl Valerate,CCCC(C)C(=O)OC,2177-77-7,6.455,0.8707,0.9708243919473799,low-fidelity RED
"4,5-Dimethyl-1-Octanol",CCCC(C)C(C)CCCO,66719-32-2,7.397,0.9341,0.6619101147436866,low-fidelity RED
2-Methylpentanal,CCCC(C)C=O,123-15-9,5.484,0.9144,0.9940447676035522,low-fidelity RED
4-Methyl-1-Heptanol,CCCC(C)CCCO,817-91-4,7.498,0.8492,0.5728219618694802,low-fidelity RED
Pineapple Hydroxyhexanoate,CCCC(CC(=O)OC)O,21188-58-9,6.566,0.9685,0.7470776398741967,low-fidelity RED
Methyl R-3-Acetoxyhexanoate,CCCC(CC(=O)OC)OC(=O)C,77118-93-5,6.744,1.042,0.5153882032022076,low-fidelity RED
Ethyl 3-Hydroxyhexanoate,CCCC(CC(=O)OCC)O,2305-25-1,6.815,0.9769,0.5178078794302,low-fidelity RED
Ethyl 3-Acetoxyhexanoate,CCCC(CC(=O)OCC)OC(=O)C,21188-61-4,6.993,1.046,0.6557438524302004,low-fidelity RED
3-Ethyl-1-Hexanol,CCCC(CC)CCO,41065-95-6,7.268,0.9162,0.6274950199005568,low-fidelity RED
3-Mercaptohexanal,CCCC(CC=O)S,51755-72-7,5.65,0.8572,0.7697402159170327,low-fidelity RED
3-(Methyl Thio) Hexanal,CCCC(CC=O)SC,38433-74-8,5.154,0.923,0.8085480814398114,low-fidelity RED
1-Phenyl-2-Pentanol,CCCC(CC1=CC=CC=C1)O,705-73-7,7.114,1.076,0.6204836822995431,low-fidelity RED
7-Methyl-4-Octanol,CCCC(CCC(C)C)O,33933-77-6,5.761,0.9077,0.7721722605740251,low-fidelity RED
Ethyl 5-Acetoxyoctanoate,CCCC(CCCC(=O)OCC)OC(=O)C,35234-25-4,7.777,1.074,0.8477912478906584,low-fidelity RED
3-Thiohexanol,CCCC(CCO)S,51755-83-0,6.486,0.9434,0.9273618495495702,low-fidelity RED
3-(Methyl Thio) Hexanol,CCCC(CCO)SC,51755-66-9,6.415,0.9386,0.5249999999999998,low-fidelity RED
3-Mercaptohexyl Acetate,CCCC(CCOC(=O)C)S,136954-20-6,6.64,0.8978,0.4366062299143246,low-fidelity RED
Lychee Mercaptan Acetate,CCCC(CCOC(=O)C)SC,51755-85-2,6.515,0.9505,0.8280247580839599,low-fidelity RED
Passiflora Acetate,CCCC(CCOC(=O)C)SC(=O)C,136954-25-1,6.506,0.9628,0.9055385138137414,low-fidelity RED
3-Mercaptohexyl Butyrate,CCCC(CCOC(=O)CCC)S,136954-21-7,6.847,1.058,0.7356969484781081,low-fidelity RED
4-Methyl-4-Heptanol,CCCC(O)(C)CCC,598-01-6,5.948,0.8057,0.8429857650043682,low-fidelity RED
4-Methyl-4-Nonanol,CCCC(O)(C)CCCCC,23418-38-4,6.426,0.8798,0.9141252649391114,low-fidelity RED
4-Heptanol,CCCC(O)CCC,589-55-9,6.236,0.8147,0.6427480066091222,low-fidelity RED
4-Octanol,CCCC(O)CCCC,589-62-8,6.675,0.9479,0.6204836822995431,low-fidelity RED
4-Nonanol,CCCC(O)CCCCC,5932-79-6,6.732,0.9493,0.6604922406811455,low-fidelity RED
4-Decanol,CCCC(O)CCCCCC,2051-31-2,6.677,0.9566,0.6914658342969668,low-fidelity RED
Ethyl Butyrate,CCCC(OCC)=O,105-54-4,6.891,0.8382,0.9927864825832392,high-fidelity RED
Propyl Butanoate,CCCC(OCCC)=O,105-66-8,7.103,0.9459,0.9672771061076553,low-fidelity RED
"2,3-Epoxyheptanal",CCCC[C@@H]1[C@H](O1)C=O,58936-30-4,5.948,1.206,0.8746427842267954,low-fidelity RED
(Z)-5-Decen-1-ol,CCCC\C=C/CCCCO,51652-47-2,7.391,0.9555,0.8046738469715541,low-fidelity RED
(Z)-3-Octen-1-ol,CCCC\C=C/CCO,20125-84-2,6.574,1.046,0.7586995452746761,low-fidelity RED
Bovolide,CCCC\C=C\1/C(=C(C(=O)O1)C)C,774-64-1,7.486,1.355,0.8154753215150047,low-fidelity RED
(E)-2-Heptenoic Acid,CCCC\C=C\C(=O)O,10352-88-2,6.091,1.017,0.8558621384311845,low-fidelity RED
(E)-4-Nonen-1-Al,CCCC\C=C\C=C\C=O,5910-87-2,5.499,1.145,0.806225774829855,low-fidelity RED
(E)-3-Octenoic Acid,CCCC\C=C\CC(=O)O,5163-67-7,6.011,0.9778,0.673145600891813,low-fidelity RED
(E)-4-Nonen-1-Al,CCCC\C=C\CCC=O,2277-16-9,5.861,0.9752,0.8881159834165806,low-fidelity RED
5-Decenoic Acid,CCCC\C=C\CCCC(=O)O,85392-03-6,6.321,1.001,0.37500000000000017,low-fidelity RED
(E)-2-Hepten-1-ol,CCCC\C=C\CO,22104-77-4,6.434,0.9362,0.9273618495495702,low-fidelity RED
(E)-2-Hepten-1-Yl Acetate,CCCC\C=C\COC(=O)C,16939-73-4,7.012,1.073,0.8533024082938007,low-fidelity RED
(E)-2-Hexenoic Acid,CCCC=CC(=O)O,1191-04-4,5.899,0.9408,0.9253377761660871,low-fidelity RED
Methyl 3-Hexenoate,CCCC=CC(=O)OC,2396-78-3,6.235,0.9743,0.7022285952594073,low-fidelity RED
Ethyl (E)-2-Hexenoate,CCCC=CC(=O)OCC,1552-67-6,6.875,1.077,0.8767838958375092,low-fidelity RED
"2,4-Octadien-1-Al",CCCC=CC=CC=O,5577-44-6,5.307,1.072,0.7877975628294364,low-fidelity RED
2-Hexen-1-Al,CCCC=CC=O,505-57-7,5.422,0.9496,0.7640353394968064,low-fidelity RED
3-Hepten-1-ol,CCCC=CCCO,10606-47-0,6.384,0.9856,0.5623610939600995,low-fidelity RED
(E)-2-Hexen-1-ol,CCCC=CCO,2305-21-7,6.243,0.8685,0.7632168761236874,low-fidelity RED
2-Hexen-1-Yl Acetate,CCCC=CCOC(=O)C,10094-40-3,6.825,1.004,0.8019507466172723,low-fidelity RED
4-Propyl Syringol,CCCC1=CC(=C(C(=C1)OC)O)OC,6766-82-1,6.951,0.9921,0.7717674520216559,low-fidelity RED
Dihydroeugenol,CCCC1=CC(=C(C=C1)O)OC,2785-87-7,7.323,1.095,0.7652613932506976,low-fidelity RED
3-Propylphenol,CCCC1=CC(O)=CC=C1,621-27-2,6.514,1.006,0.776208734813001,low-fidelity RED
4-Propylphenol,CCCC1=CC=C(O)C=C1,645-56-7,6.966,0.8795,0.7850159234053785,low-fidelity RED
2-Propylphenol,CCCC1=CC=CC=C1O,644-35-9,6.881,0.8301,0.6254998001598402,low-fidelity RED
2-Propyl Furan,CCCC1=CC=CO1,4229-91-8,6.246,0.9983,0.9848857801796105,low-fidelity RED
"4,5-Dimethyl-2-Propyl Thiazole",CCCC1=NC(=C(S1)C)C,41981-72-0,6.398,1.061,0.9526279441628827,low-fidelity RED
2-Propyl Pyrazine,CCCC1=NC=CN=C1,18138-03-9,6.115,1.071,0.9836157786452998,low-fidelity RED
2-Methoxy-3-Propyl Pyrazine,CCCC1=NC=CN=C1OC,25680-57-3,5.739,1.185,0.9762812094883313,low-fidelity RED
2-Propyl Thiazole,CCCC1=NC=CS1,17626-75-4,6.031,1.022,0.7110731326663946,low-fidelity RED
γ-Heptalactone,CCCC1CCC(=O)O1,105-21-5,6.996,1.116,0.9669539802906859,low-fidelity RED
Delta-Octalactone,CCCC1CCCC(=O)O1,698-76-0,7.144,1.227,0.9931012033020605,low-fidelity RED
2-Propyl Thiazolidine,CCCC1NCCS1,24050-10-0,5.384,1.268,0.7106335201775944,low-fidelity RED
(E)-2-Octen-4-ol,CCCCC(\C=C\C)O,20125-81-9,7.086,1.072,0.5573374202401988,low-fidelity RED
2-Octen-4-One,CCCCC(=O)\C=C\C,4643-27-0,6.844,0.9613,0.9880536422684753,low-fidelity RED
2-Pentanoyl Furan,CCCCC(=O)C1=CC=CO1,3194-17-0,7.72,1.276,0.9086390922693123,low-fidelity RED
2-Pentanoyl Thiophene,CCCCC(=O)C1=CC=CS1,53119-25-8,7.959,1.24,0.9823441352194242,low-fidelity RED
Allyl Valerate,CCCCC(=O)OCC=C,6321-45-5,7.197,1.036,0.9027735042633893,low-fidelity RED
Furfuryl Valerate,CCCCC(=O)OCC1=CC=CO1,36701-01-6,8.463,1.106,0.4930770730829004,low-fidelity RED
Ethyl 2-Acetyl Hexanoate,CCCCC(C(=O)C)C(=O)OCC,1540-29-0,6.958,0.8645,0.728010988928052,low-fidelity RED
"2,2-Dimethyl-1-Hexanol",CCCCC(C)(C)CO,2370-13-0,5.696,0.9013,0.8877640452282357,low-fidelity RED
5-Methyl-5-Nonanol,CCCCC(C)(O)CCCC,33933-78-7,6.28,0.7524,0.9141252649391114,low-fidelity RED
2-Methylhexanoic Acid,CCCCC(C)C(=O)O,4536-23-6,6.48,0.9336,0.8162413858657257,low-fidelity RED
4-Methyl Octanoic Acid,CCCCC(C)CCC(=O)O,54947-74-9,6.876,1.045,0.5390964663211958,low-fidelity RED
4-Methyl-1-Octanol,CCCCC(C)CCCO,38514-03-3,7.738,0.8562,0.7093130479555556,low-fidelity RED
1-Hepten-3-ol,CCCCC(C=C)O,4938-52-7,6.649,1.145,0.6914658342969663,low-fidelity RED
2-Octen-4-ol,CCCCC(C=CC)O,4798-61-2,7.086,1.072,0.5573374202401988,low-fidelity RED
2-Butylphenol,CCCCC(C=CC=C1)=C1O,9/4/80 0:00,6.952,0.9025,0.673145600891813,low-fidelity RED
3-Ethyl-2-Heptanol,CCCCC(CC)C(C)O,19780-39-3,6.704,0.8856,0.7110731326663947,low-fidelity RED
4-Ethyl Octanoic Acid,CCCCC(CC)CCC(=O)O,16493-80-4,7.104,1.004,0.5153882032022081,low-fidelity RED
3-Ethyl-1-Heptanol,CCCCC(CC)CCO,3525-25-5,7.793,0.8513,0.7508328708840603,low-fidelity RED
2-Ethyl Hexyl Phthalate (Mono),CCCCC(CC)COC(=O)C1=CC=CC=C1C(=O)O,4376-20-9,7.984,1.131,0.41003048667141817,high-fidelity RED
2-Ethyl Hexyl Salicylate,CCCCC(CC)COC(=O)C1=CC=CC=C1O,118-60-5,8.51,1.055,0.5873670062235363,low-fidelity RED
Di-(2-Ethylhexyl)Azelate,CCCCC(CC)COC(=O)CCCCCCCC(=O)OCC(CC)CCCC,103-24-2,8.141,1.002,0.403112887414928,high-fidelity RED
Di-(2-Ethyl Hexyl) Sebacate,CCCCC(CC)COC(=O)CCCCCCCCC(=O)OCC(CC)CCCC,122-62-3,8.141,1.002,0.42793106921559276,high-fidelity RED
2-Ethyl Hexyl 3-Mercaptopropionate,CCCCC(CC)COC(=O)CCS,50448-95-8,8.071,0.9917,0.6393355926272212,low-fidelity RED
(±)-3-(Methyl Thio) Heptanal,CCCCC(CC=O)SC,51755-70-5,5.907,0.9534,0.7877975628294364,low-fidelity RED
3-Mercaptoheptyl Acetate,CCCCC(CCOC(=O)C)S,548774-80-7,7.15,0.9098,0.45961940777125593,low-fidelity RED
3-Octanon-1-ol,CCCCC(CO)C(=O)C,65405-68-7,7.361,0.9941,0.735696948478108,low-fidelity RED
5-Nonanol,CCCCC(O)CCCC,623-93-8,6.846,0.9228,0.6604922406811455,low-fidelity RED
5-Decanol,CCCCC(O)CCCCC,5205-34-5,6.953,0.9613,0.6595452979136458,low-fidelity RED
Methyl Pentanoate,CCCCC(OC)=O,624-24-8,6.92,0.7777,0.6837397165588672,low-fidelity RED
"Pentanoic Acid, Ethyl Ester",CCCCC(OCC)=O,539-82-2,7.235,0.8443,0.8558621384311845,low-fidelity RED
(3R)-1-Octen-3-ol,CCCCC[C@H](C=C)O,3687-48-7,6.705,1.14,0.5963430220938287,low-fidelity RED
Epoxy-2-Decenal,CCCCC[C@H]1[C@H](O1)\C=C\C=O,134454-31-2,5.811,1.187,0.8173891362135908,low-fidelity RED
Linoleic Acid,CCCCC/C=C\C/C=C\CCCCCCCC(O)=O,60-33-3,6.451,1.02,0.8066132902450841,low-fidelity RED
(E)-2-Methyl-2-Octen-1-Al,CCCCC\C=C(/C)\C=O,49576-57-0,6.779,1.026,0.9424038412485383,low-fidelity RED
"(E,Z,Z)-2,4,7-Tridecatrien-1-Al",CCCCC\C=C/C\C=C/C=C/C=O,13552-96-0,5.524,1.215,0.9317322576792111,low-fidelity RED
"Methyl 2,4-Decadienoate",CCCCC\C=C/C=C/C(=O)OC,4493-42-9,6.418,1.096,1.0,low-fidelity RED
"(E,Z)-2,4-Decadien-1-Al",CCCCC\C=C/C=C/C=O,25152-83-4,5.69,1.119,0.8344159634139316,low-fidelity RED
(Z)-2-Octen-1-Al,CCCCC\C=C/C=O,20664-46-4,5.806,1.001,0.7956915231419774,low-fidelity RED
"(E,Z)-2,6-Dodecadien-1-Al",CCCCC\C=C/CC\C=C\C=O,21662-13-5,5.808,1.007,0.9427353817482401,low-fidelity RED
(Z)-4-Decen-1-ol,CCCCC\C=C/CCCO,57074-37-0,7.387,0.8859,0.5706356105256665,low-fidelity RED
(Z)-3-Nonen-1-ol,CCCCC\C=C/CCO,10340-23-5,6.765,0.9965,0.6680194607943695,low-fidelity RED
6-Shogaol,CCCCC\C=C\C(=O)CCC1=CC(=C(C=C1)O)OC,555-66-8,8.318,1.284,0.6982120021884474,low-fidelity RED
(E)-2-Octenoic Acid,CCCCC\C=C\C(=O)O,1871-67-6,6.282,0.98,0.673145600891813,low-fidelity RED
"3,6-Dodecadien-1-Al",CCCCC\C=C\C\C=C\CC=O,115422-60-1,5.718,1.11,0.9233092656309693,low-fidelity RED
"Isobutyl (E,E)-2,4-Decadienamide",CCCCC\C=C\C=C\C(=O)NCC(C)C,18836-52-7,6.646,1.141,0.7420411039827914,low-fidelity RED
"2,4-Decadien-1-ol",CCCCC\C=C\C=C\CO,18409-21-7,6.424,0.9738,0.6289872812704563,low-fidelity RED
Methyl (E)-3-Nonenoate,CCCCC\C=C\CC(=O)OC,36781-67-6,6.372,0.9499,0.922293337284836,low-fidelity RED
(E)-2-Octen-1-ol,CCCCC\C=C\CO,18409-17-1,6.625,0.8809,0.8050621094052309,low-fidelity RED
(E)-2-Octen-1-Yl Acetate,CCCCC\C=C\COC(=O)C,2371-13-3,7.201,1.017,0.922293337284836,low-fidelity RED
3-Octen-2-One,CCCCC=CC(=O)C,1669-44-9,5.712,1.051,0.9880536422684753,low-fidelity RED
2-Heptenoic Acid,CCCCC=CC(=O)O,18999-28-5,6.091,1.017,0.8558621384311845,low-fidelity RED
Ethyl 2-Heptenoate,CCCCC=CC(=O)OCC,54340-72-6,7.062,1.154,0.9354143466934853,low-fidelity RED
3-Octen-2-ol,CCCCC=CC(C)O,76649-14-4,6.675,1.007,0.5573374202401988,low-fidelity RED
"2,4-Nonadien-1-Al",CCCCC=CC=CC=O,3/4/50 0:00,5.499,1.145,0.806225774829855,low-fidelity RED
"2,4-Nonadien-1-ol",CCCCC=CC=CCO,62488-56-6,6.232,1.01,0.6805328794408101,low-fidelity RED
(E)-2-Hepten-1-Al,CCCCC=CC=O,2463-63-0,5.615,1.028,0.7433034373659253,low-fidelity RED
3-Octenoic Acid,CCCCC=CCC(=O)O,1577-19-1,6.011,0.9778,0.673145600891813,low-fidelity RED
4-Butylphenol,CCCCC1=CC=C(O)C=C1,1638-22-8,7.038,0.9441,0.6964194138592057,low-fidelity RED
3-Butylphenol,CCCCC1=CC=CC(O)=C1,4074-43-5,6.586,1.06,0.743723739032175,low-fidelity RED
4-Butyl Thiazole,CCCCC1=CSC=N1,53833-33-3,6.404,1.279,0.7454025757937783,low-fidelity RED
"2-Butyl-4,5-Dimethyl Thiazole",CCCCC1=NC(=C(S1)C)C,76572-48-0,6.67,1.143,0.9826622003516773,low-fidelity RED
2-Butyl Thiazole,CCCCC1=NC=CS1,37645-61-7,6.306,1.112,0.7454025757937783,low-fidelity RED
Undecavertol,CCCCCC(/C(=C/CC)/C)O,81782-77-6,6.219,1.149,0.6214901447328031,low-fidelity RED
α-Amyl Cinnamyl Alcohol,CCCCCC(=CC1=CC=CC=C1)CO,101-85-9,7.69,0.941,0.6828250141873833,low-fidelity RED
"2,3-Octane Dione",CCCCCC(=O)C(=O)C,585-25-1,7.378,0.8822,0.9750000000000001,low-fidelity RED
Methyl Nonane Dione,CCCCCC(=O)C(C)C(=O)C,113486-29-6,7.211,0.8054,0.9855201672213512,low-fidelity RED
2-Furyl Pentyl Ketone,CCCCCC(=O)C1=CC=CO1,14360-50-0,7.964,1.288,0.9055385138137414,low-fidelity RED
5-Oxodecanoic Acid,CCCCCC(=O)CCCC(=O)O,624-01-1,6.701,0.8674,0.550567888638631,low-fidelity RED
Ethyl 5-Oxodecanoate,CCCCCC(=O)CCCC(=O)OCC,93919-00-7,7.586,0.9135,0.8147085368400161,low-fidelity RED
1-Methyl Thio-3-Octanone,CCCCCC(=O)CCSC,61837-77-2,7.061,1.035,0.9124143795447329,low-fidelity RED
Propylene Glycol Monohexanoate,CCCCCC(=O)OCC(C)O,39556-41-7,8.399,0.9675,0.5722761571129799,low-fidelity RED
Propylene Glycol Dihexanoate,CCCCCC(=O)OCC(C)OC(=O)CCCCC,50343-36-7,8.192,1.012,0.9775607398008577,low-fidelity RED
Allyl Caproate,CCCCCC(=O)OCC=C,123-68-2,7.444,1.034,0.9801147891956328,low-fidelity RED
Para-Anisyl Hexanoate,CCCCCC(=O)OCC1=CC=C(C=C1)OC,6624-60-8,9.592,1.222,0.743723739032176,low-fidelity RED
Furfuryl Hexanoate,CCCCCC(=O)OCC1=CC=CO1,39252-02-3,8.706,1.108,0.5612486080160911,low-fidelity RED
3-Mercaptohexyl Hexanoate,CCCCCC(=O)OCCC(CCC)S,136954-22-8,7.437,1.071,0.7737893770271081,low-fidelity RED
Sulfuryl Hexanoate,CCCCCC(=O)OCCC1=C(N=CS1)C,94159-32-7,8.53,1.188,0.5612486080160907,low-fidelity RED
(Methyl Thio) Methyl Hexanoate,CCCCCC(=O)OCSC,74758-91-1,7.647,0.9776,0.5573374202401988,low-fidelity RED
3-Hydroxy-2-Octanone,CCCCCC(C(=O)C)O,37160-77-3,6.576,1.05,0.607247890074556,low-fidelity RED
2-Methyl-3-Octanol,CCCCCC(C(C)C)O,26533-34-6,6.764,0.8466,0.75,low-fidelity RED
3-Methyl-3-Octanol,CCCCCC(C)(CC)O,5340-36-3,6.654,0.8888,0.7814249804043895,low-fidelity RED
2-Methyl Heptanoic Acid,CCCCCC(C)C(=O)O,1188-02-9,6.537,0.9197,0.65431261641512,low-fidelity RED
4-Methyl Nonanoic Acid,CCCCCC(C)CCC(=O)O,45019-28-1,6.932,1.041,0.5123475382979801,low-fidelity RED
2-Methyl-1-Heptanol,CCCCCC(C)CO,60435-70-3,7.216,0.8692,0.8696263565463044,low-fidelity RED
Octenol,CCCCCC(C=C)O,3391-86-4,6.705,1.14,0.5963430220938287,low-fidelity RED
Methyl 3-Acetoxyoctanoate,CCCCCC(CC(=O)OC)OC(=O)C,35234-21-0,7.308,1.073,0.6373774391990985,low-fidelity RED
Ethyl 3-Hydroxyoctanoate,CCCCCC(CC(=O)OCC)O,7367-90-0,7.476,1.068,0.447911821679223,low-fidelity RED
Ethyl 3-Acetoxyoctanoate,CCCCCC(CC(=O)OCC)OC(=O)C,85554-66-1,7.555,1.081,0.7754031209635414,low-fidelity RED
Hydroxymethyl Hexyl Ethyl Ketone,CCCCCC(CO)C(=O)C,59191-78-5,7.417,1.007,0.5793315113128232,low-fidelity RED
Hexanoic Acid,CCCCCC(O)=O,142-62-1,6.597,0.8028,0.9842509842514764,high-fidelity RED
3-Octanol,CCCCCC(O)CC,589-98-0,6.553,0.993,0.6087897830942963,low-fidelity RED
"Hexanoic Acid, Methyl Ester",CCCCCC(OC)=O,106-70-7,7.17,0.7595,0.7648529270389179,low-fidelity RED
"2,4-Undecadien-1-ol",CCCCCC\C=C/C=C\CO,59376-58-8,6.369,0.9614,0.5573374202401989,low-fidelity RED
(Z)-2-Nonen-1-Al,CCCCCC\C=C/C=O,60784-31-8,5.752,0.9871,0.8881159834165806,low-fidelity RED
(Z)-2-Nonen-1-ol,CCCCCC\C=C/CO,41453-56-9,6.571,0.863,0.6680194607943695,low-fidelity RED
(E)-2-Nonenoic Acid,CCCCCC\C=C\C(=O)O,14812-03-4,6.227,0.9671,0.5147815070493501,low-fidelity RED
"(E,E)-2,4-Undecadien-1-Al",CCCCCC\C=C\C=C\C=O,30361-29-6,5.637,1.101,0.9100137361600646,low-fidelity RED
(E)-2-Nonen-1-ol,CCCCCC\C=C\CO,31502-14-4,6.571,0.863,0.6680194607943695,low-fidelity RED
Allyl Heptine Carbonate,CCCCCC#CC(=O)OCC=C,73157-43-4,6.474,1.1,0.792543374207368,low-fidelity RED
2-Methyl-2-Octen-1-Al,CCCCCC=C(C)C=O,73757-27-4,6.779,1.026,0.9424038412485383,low-fidelity RED
Methyl Octenoate,CCCCCC=CC(=O)OC,2396-85-2,6.616,1.008,0.8533024082938007,low-fidelity RED
"(E,E)-2,4-Decadien-1-Al",CCCCCC=CC=CC=O,2363-88-4,5.69,1.119,0.8344159634139316,low-fidelity RED
2-Octen-1-Al,CCCCCC=CC=O,2363-89-5,5.806,1.001,0.7956915231419774,low-fidelity RED
3-Nonenoic Acid,CCCCCC=CCC(=O)O,4124-88-3,6.202,0.9248,0.5590169943749475,low-fidelity RED
Methyl 3-Nonenoate,CCCCCC=CCC(=O)OC,13481-87-3,6.372,0.9499,0.922293337284836,low-fidelity RED
4-Decenoic Acid,CCCCCC=CCCC(=O)O,26303-90-2,6.4,0.9907,0.4451123453691213,low-fidelity RED
4-Decen-1-Al,CCCCCC=CCCC=O,30390-50-2,6.052,0.941,0.9137833441248533,low-fidelity RED
2-Octen-1-ol,CCCCCC=CCO,22104-78-5,6.625,0.8809,0.8050621094052309,low-fidelity RED
Amyl Cyclopentenone,CCCCCC1=CCCC1=O,25564-22-1,6.842,1.122,0.9968701018688442,low-fidelity RED
Autumn\Carboxylate,CCCCCC1CC(=O)C=C(C1C(=O)OCC)C,59151-19-8,8.402,1.272,0.9877373132569206,low-fidelity RED
Herbal Pyran,CCCCCC1COCCC1OC(=O)C,18871-14-2,7.157,1.221,0.8514693182963202,low-fidelity RED
Furfuryl Heptanoate,CCCCCCC(=O)OCC1=CC=CO1,39481-28-2,8.648,1.111,0.6600189391222044,low-fidelity RED
Jasmin Acetoacetate,CCCCCCC(C(=O)C)C(=O)OCC,29214-60-6,6.958,0.8895,0.867827747885489,low-fidelity RED
2-Octanol,CCCCCCC(C)O,5978-70-1,7.003,0.9055,0.5706356105256661,low-fidelity RED
1-Nonen-3-ol,CCCCCCC(C=C)O,21964-44-3,6.65,1.145,0.5612486080160916,low-fidelity RED
2-Ethyl-1-Octanol,CCCCCCC(CC)CO,20592-10-3,7.57,0.9011,0.7008922884438097,low-fidelity RED
Jasmin Acetate,CCCCCCC(CCOC(=O)C)O,1322-17-4,7.85,0.9931,0.318198051533947,low-fidelity RED
"1,3-Nonane Diyl Diacetate",CCCCCCC(CCOC(=O)C)OC(=O)C,63270-14-4,7.894,0.9797,0.8097067370350824,low-fidelity RED
Herbal Ketone,CCCCCCC(CO)C(=O)C,67801-33-6,7.361,1.019,0.43011626335213154,low-fidelity RED
2-Butyl-Octan-1-ol,CCCCCCC(CO)CCCC,2/8/13 0:00,7.223,0.905,0.776611228350453,low-fidelity RED
"Heptanoic Acid, Methyl Ester",CCCCCCC(OC)=O,106-73-0,7.114,0.7566,0.8616843969807044,low-fidelity RED
"2,3-Epoxydecanal",CCCCCCC[C@@H]1[C@H](O1)C=O,102369-06-2,5.91,1.142,0.9400797838481583,low-fidelity RED
5(6)-Decenoic Acid,CCCCCCC\C=C\C(=O)O,72881-27-7,6.227,0.9671,0.37500000000000017,low-fidelity RED
"(E,E)-2,4-Dodecadien-1-Al",CCCCCCC\C=C\C=C\C=O,13162-47-5,5.637,1.101,0.9864709828474431,low-fidelity RED
"(E,E)-2,4-Dodecadien-1-ol",CCCCCCC\C=C\C=C\CO,18485-38-6,6.369,0.9614,0.49244289008980535,low-fidelity RED
(E)-2-Decen-1-ol,CCCCCCC\C=C\CO,18409-18-2,6.571,0.863,0.5706356105256665,low-fidelity RED
Methyl Octine Carbonate,CCCCCCC#CC(=O)OC,111-80-8,6.373,0.9948,0.6955213871621778,low-fidelity RED
2-Ethyl Octine Carbonate,CCCCCCC#CC(=O)OCC,10031-92-2,6.62,0.9414,0.8359126748650243,low-fidelity RED
2-Nonenoic Acid,CCCCCCC=CC(=O)O,3760-11-0,6.227,0.9671,0.5147815070493501,low-fidelity RED
Melon Nonenoate,CCCCCCC=CC(=O)OC,111-79-5,6.561,0.9941,0.948024261292927,low-fidelity RED
(E)-2-Nonen-1-Al,CCCCCCC=CC=O,2463-53-8,5.752,0.9871,0.8881159834165806,low-fidelity RED
3-Decenoic Acid,CCCCCCC=CCC(=O)O,15469-77-9,6.148,0.9079,0.4451123453691213,low-fidelity RED
1-Heptanal,CCCCCCC=O,111-71-7,5.99,0.8705,0.9165151389911682,low-fidelity RED
Dihydrojasmonate,CCCCCCC1C(CCC1=O)C(=O)OC,37172-53-5,7.91,1.193,0.9137833441248533,low-fidelity RED
2-Hexyl-4-Acetoxytetrahydrofuran,CCCCCCC1CC(CO1)OC(=O)C,10039-39-1,7.184,1.176,0.9000000000000001,low-fidelity RED
Heptanal Glyceryl Acetal,CCCCCCC1OCC(O1)CO,1708-35-6,6.584,1.004,0.2358495283014151,low-fidelity RED
Heptanal Cyclic Ethylene Acetal,CCCCCCC1OCCO1,1708-34-5,6.282,0.9121,0.8692669325356859,low-fidelity RED
5-Oxododecanoic Acid,CCCCCCCC(=O)CCCC(=O)O,3637-16-9,6.646,0.8649,0.28722813232690136,low-fidelity RED
1-Decen-3-ol,CCCCCCCC(C=C)O,51100-54-0,6.65,1.145,0.5414101956926933,low-fidelity RED
Glyceryl 5-Hydroxydodecanoate,CCCCCCCC(CCCC(=O)OCC(CO)O)O,26446-32-2,8.367,1.244,0.7433034373659255,low-fidelity RED
Jasimia,CCCCCCCC(COC(=O)C)OC(=O)C,68683-25-0,8.169,0.9585,0.8097067370350824,low-fidelity RED
Octanoic Acid,CCCCCCCC(O)=O,124-07-2,6.542,0.7999,0.815475321515005,high-fidelity RED
"Octanoic Acid, Methyl Ester",CCCCCCCC(OC)=O,111-11-5,7.114,0.7566,0.9503288904374108,low-fidelity RED
Glyceryl Monooleate,CCCCCCCC\C=C/CCCCCCCC(=O)OCC(CO)O,25496-72-4,8.52,1.189,0.5012484413940861,low-fidelity RED
2-Undecen-1-ol,CCCCCCCC\C=C\CO,37617-03-1,6.571,0.863,0.7228416147400482,low-fidelity RED
2-Decenoic Acid,CCCCCCCC=CC(=O)O,3913-85-7,6.227,0.9671,0.37500000000000017,low-fidelity RED
2-Decen-1-Al,CCCCCCCC=CC=O,3913-71-1,5.752,0.9871,0.9617692030835673,low-fidelity RED
Oleyl Alcohol,CCCCCCCC=CCCCCCCCCO,143-28-2,7.526,0.8536,0.7893826701923473,high-fidelity RED
2-Decen-1-ol,CCCCCCCC=CCO,22104-80-9,6.571,0.863,0.5706356105256665,low-fidelity RED
1-Octanal,CCCCCCCC=O,124-13-0,5.99,0.8705,0.9962429422585638,low-fidelity RED
Octanal Glycol Acetal,CCCCCCCC1OCCO1,4359-57-3,6.282,0.9121,0.95818839483684,low-fidelity RED
2-Butyl-1-Decanol,CCCCCCCCC(CCCC)CO,21078-81-9,7.223,0.905,0.8778524933039719,low-fidelity RED
Nonanoic Acid,CCCCCCCCC(O)=O,112-05-0,6.542,0.7999,0.4937104414532874,low-fidelity RED
Methyl 2-Undecynoate,CCCCCCCCC#CC(=O)OC,10522-18-6,6.373,0.9948,0.9450529085717901,low-fidelity RED
Oleic Acid,CCCCCCCCC=CCCCCCCCC(=O)O,112-80-1,6.622,0.9284,0.9424038412485384,high-fidelity RED
Decanoic Acid,CCCCCCCCCC(O)=O,334-48-5,6.542,0.7999,0.475,low-fidelity RED
(Z)-2-Tridecen-1-ol,CCCCCCCCCC\C=C/CO,74962-98-4,6.571,0.863,0.6581223290544095,low-fidelity RED
(E)-2-Tridecenoic Acid,CCCCCCCCCC\C=C\C(=O)O,32466-55-0,6.227,0.9671,0.5390964663211956,low-fidelity RED
(E)-2-Tridecen-1-ol,CCCCCCCCCC\C=C\CO,68480-25-1,6.571,0.863,0.6581223290544095,low-fidelity RED
2-Dodecen-1-ol,CCCCCCCCCC=CCO,22104-81-0,6.571,0.863,0.696419413859206,low-fidelity RED
Nonyl Phenol,CCCCCCCCCC1=CC=C(C=C1)O,104-40-5,7.209,0.9533,0.5220153254455276,high-fidelity RED
2-Methyl-Dodecan-1-ol,CCCCCCCCCCC(C)CO,22663-61-2,7.16,0.8826,0.7648529270389176,low-fidelity RED
2-Methyl-1-Tridecanol,CCCCCCCCCCCC(C)CO,32480-16-3,7.16,0.8826,0.7202430145443964,low-fidelity RED
Dodecanoic Acid,CCCCCCCCCCCC(O)=O,143-07-7,6.542,0.7999,0.5086747487343951,low-fidelity RED
"1,2-Hexadecanediol",CCCCCCCCCCCCCCC(O)CO,6920-24-7,7.38,0.9965,0.9222933372848361,low-fidelity RED
Hexadecanoic Acid,CCCCCCCCCCCCCCCC(O)=O,57-10-3,6.542,0.7999,0.867467578644874,low-fidelity RED
"1,2-Octadecanediol",CCCCCCCCCCCCCCCCC(CO)O,20294-76-2,7.38,0.9965,0.8518362518700413,low-fidelity RED
Sorbitan Stearate,CCCCCCCCCCCCCCCCCC(=O)OCC([C@@H]1[C@H]([C@@H](CO1)O)O)O,1338-41-6,8.98,1.353,0.3436931771216882,low-fidelity RED
"1,3-Eicosanediol",CCCCCCCCCCCCCCCCCC(CCO)O,E14694,7.769,0.981,0.7284401142166732,low-fidelity RED
Stearic Acid,CCCCCCCCCCCCCCCCCC(O)=O,57-11-4,6.542,0.7999,0.9017344398435717,high-fidelity RED
1-Eicosanol,CCCCCCCCCCCCCCCCCCCCO,629-96-9,7.453,0.6459,0.9940447676035523,low-fidelity RED
1-Octadecanol,CCCCCCCCCCCCCCCCCCO,112-92-5,7.453,0.6459,0.8849435010213931,low-fidelity RED
1-Heptadecanol,CCCCCCCCCCCCCCCCCO,1454-85-9,7.453,0.6459,0.8291561975888498,low-fidelity RED
Cetyl Alcohol (1-Hexadecanol),CCCCCCCCCCCCCCCCO,36653-82-4,7.453,0.6459,0.539096466321196,high-fidelity RED
1-Pentadecanol,CCCCCCCCCCCCCCCO,629-76-5,7.453,0.6459,0.7458216945088151,low-fidelity RED
1-Tetradecanol,CCCCCCCCCCCCCCO,112-72-1,7.453,0.6459,0.7437237390321757,low-fidelity RED
Tridecyl Alcohol,CCCCCCCCCCCCCO,112-70-9,7.453,0.6459,0.7582875444051554,high-fidelity RED
Dodecanol,CCCCCCCCCCCCO,112-53-8,7.453,0.6459,0.6680194607943697,high-fidelity RED
Lauryl Lactate,CCCCCCCCCCCCOC(=O)C(C)O,6283-92-7,7.164,0.9394,0.6547900426854398,low-fidelity RED
1-Undecanol,CCCCCCCCCCCO,112-42-5,7.453,0.6459,0.7420411039827914,low-fidelity RED
1-Decanol ,CCCCCCCCCCO,112-30-1,7.453,0.6459,0.7830229881682914,high-fidelity RED
Decyl Anthranilate,CCCCCCCCCCOC(=O)C1=CC=CC=C1N,18189-07-6,7.657,1.067,0.629483915600708,low-fidelity RED
1-Nonanol,CCCCCCCCCO,143-08-8,7.453,0.6459,0.8792752697534488,high-fidelity RED
Nonyl Anthranilate,CCCCCCCCCOC(=O)C1=CC=CC=C1N,72724-82-4,7.657,1.067,0.5202163011671203,low-fidelity RED
Octylamine,CCCCCCCCN,111-86-4,5.568,0.9102,0.986470982847443,low-fidelity RED
n-n-Octylacrylamide,CCCCCCCCNC(=O)C=C,10124-68-2,6.275,1.048,0.7786205751198717,low-fidelity RED
1-Octanol ,CCCCCCCCO,111-87-5,7.453,0.6459,0.9113863066779092,high-fidelity RED
Octyl 2-Furoate,CCCCCCCCOC(=O)C1=CC=CO1,39251-88-2,8.31,1.223,0.9766012492312306,low-fidelity RED
Octyl Formate,CCCCCCCCOC=O,112-32-3,6.115,0.8977,0.9330728803260762,low-fidelity RED
Octyl Oxyacetaldehyde,CCCCCCCCOCC=O,53488-14-5,5.854,0.9927,0.935748363610645,low-fidelity RED
Trioctyl Phosphate,CCCCCCCCOP(=O)(OCCCCCCCC)OCCCCCCCC,1806-54-8,5.376,0.9939,0.9974968671630003,high-fidelity RED
Heptylamine,CCCCCCCN,111-68-2,5.568,0.9102,0.7668930825088986,low-fidelity RED
Heptanal Cyclic Acetal With Glycerol,CCCCCCCOCC(=O)CO,72854-42-3,6.825,1.067,0.6547900426854397,low-fidelity RED
Hexylamine,CCCCCCN,111-26-2,5.568,0.9102,0.6149186938124425,low-fidelity RED
Hexyl 2-Butenoate,CCCCCCOC(=O)\C=C\C,19089-92-0,6.947,1.064,0.948024261292927,low-fidelity RED
Dihexyl Fumarate,CCCCCCOC(=O)\C=C\C(=O)OCCCCCC,19139-31-2,7.075,1.034,0.9069178573608527,low-fidelity RED
Hexyl Lactate,CCCCCCOC(=O)C(C)O,20279-51-0,7.164,0.9394,0.5244044240850759,low-fidelity RED
Hexyl Salicylate,CCCCCCOC(=O)C1=CC=CC=C1O,6259-76-3,7.933,1.011,0.6184658438426491,low-fidelity RED
Hexyl 2-Furoate,CCCCCCOC(=O)C1=CC=CO1,39251-86-0,8.31,1.223,0.8154753215150046,low-fidelity RED
Hexyl 3-Mercaptobutanoate,CCCCCCOC(=O)CC(C)S,796857-79-9,7.096,1.011,0.525594901040716,low-fidelity RED
Ethylene Glycol Mono n-Hexyl Ether,CCCCCCOCCO,112-25-4,7.48,0.801,0.9555757426808198,high-fidelity RED
Diethylene Glycol Hexyl Ether,CCCCCCOCCOCCO,112-59-4,7.468,0.7946,0.6446898479113815,high-fidelity RED
Pentylamine,CCCCCN,110-58-7,5.622,0.9025,0.5942432162002358,low-fidelity RED
Pentyl Nitrate,CCCCCO[N+](=O)[O-],1002-16-0,6.214,0.9854,0.8678277478854892,low-fidelity RED
Amyl Lactate,CCCCCOC(=O)C(C)O,6/5/82 0:00,7.222,0.9325,0.7075485849042454,low-fidelity RED
Amyl Anthranilate,CCCCCOC(=O)C1=CC=CC=C1N,30100-15-3,7.716,1.062,0.5055937104039164,low-fidelity RED
Amyl Salicylate,CCCCCOC(=O)C1=CC=CC=C1O,2050-08-0,7.992,1.006,0.4854121959736897,low-fidelity RED
Amyl Furoate,CCCCCOC(=O)C1=CC=CO1,1334-82-3,8.37,1.218,0.7862092596758194,low-fidelity RED
n-Pentyl Propionate,CCCCCOC(=O)CC,624-54-4,6.373,0.883,0.772172260574025,high-fidelity RED
Isoamyl 3-Methyl Thiopropionate,CCCCCOC(=O)CCSC,93762-35-7,7.768,1.067,0.6504805915628843,low-fidelity RED
Pentyl Formate,CCCCCOC=O,638-49-3,6.171,0.8964,0.5700877125495692,low-fidelity RED
Amyl Isoeugenol,CCCCCOC1=C(C=C(C=C1)\C=C\C)OC,68411-38-1,7.019,1.313,0.9956153875869937,low-fidelity RED
2-Pentoxyethanol,CCCCCOCCO,6196-58-3,7.538,0.7969,0.9263503656824454,low-fidelity RED
2-(2-Pentoxyethoxy)Ethanol,CCCCCOCCOCCO,18912-81-7,7.526,0.79,0.5595757321399848,low-fidelity RED
Dipentyl Sulfate,CCCCCOS(=O)(=O)OCCCCC,5867-98-1,5.962,0.9785,0.6504805915628846,low-fidelity RED
Pentyl Mercaptan,CCCCCS,110-66-7,5.571,0.7353,0.8863548950617921,low-fidelity RED
n-Butyl Amine,CCCCN,109-73-9,5.714,0.9191,0.424264068711929,high-fidelity RED
Butyl Isocyanate,CCCCN=C=O,111-36-4,5.297,0.9281,0.8370334521391601,low-fidelity RED
n-Butylaniline,CCCCNC1=CC=CC=C1,1126-78-9,5.853,0.9902,0.838525491562421,low-fidelity RED
Butyl (E)-2-Crotonate,CCCCOC(=O)\C=C\C,591-63-9,6.964,1.063,0.7705517503711221,low-fidelity RED
Butyl Laevo-Lactate,CCCCOC(=O)C(C)O,34451-19-9,7.181,0.931,0.914125264939111,low-fidelity RED
Butyl Butyryl Lactate,CCCCOC(=O)C(C)OC(=O)CCC,7492-70-8,7.784,1.177,0.7574628703771559,low-fidelity RED
Butyl Paraben,CCCCOC(=O)C1=CC=C(C=C1)O,94-26-8,7.589,0.9931,0.8066132902450832,low-fidelity RED
Butyl Anthranilate,CCCCOC(=O)C1=CC=CC=C1N,7756-96-9,7.675,1.064,0.8081614937622307,low-fidelity RED
Butyl 2-Furoate,CCCCOC(=O)C1=CC=CO1,583-33-5,8.33,1.219,0.7786205751198718,low-fidelity RED
n-Butyl Aceto Acetate,CCCCOC(=O)CC(=O)C,591-60-6,6.94,0.9538,0.20310096011589887,high-fidelity RED
Butyl Ethyl Malonate,CCCCOC(=O)CC(=O)OCC,17373-84-1,6.991,0.961,0.39210967853395295,low-fidelity RED
"Dextro,Laevo-Dibutyl Malate",CCCCOC(=O)CC(C(=O)OCCCC)O,6280-99-5,7.309,1.09,0.3409545424246465,low-fidelity RED
Butyl 3-Hydroxybutyrate,CCCCOC(=O)CC(C)O,53605-94-0,7.764,0.9957,0.7075485849042454,low-fidelity RED
Tri-n-Butyl Citrate,CCCCOC(=O)CC(CC(=O)OCCCC)(C(=O)OCCCC)O,77-94-1,6.679,1.039,0.7150174823037545,high-fidelity RED
Tri-n-Butyl Acetyl Citrate,CCCCOC(=O)CC(CC(=O)OCCCC)(C(=O)OCCCC)OC(=O)C,77-90-7,6.818,0.9833,0.8154753215150046,high-fidelity RED
Butyl Cyanoacetate,CCCCOC(=O)CC#N,5459-58-5,7.034,1.048,0.9733961166965892,low-fidelity RED
Butyl Levulinate,CCCCOC(=O)CCC(=O)C,2052-15-5,7.52,0.9672,0.5706356105256662,low-fidelity RED
Dibutyl Succinate,CCCCOC(=O)CCC(=O)OCCCC,141-03-7,7.602,0.8817,0.7228416147400485,low-fidelity RED
Di-Butyl Glutarate,CCCCOC(=O)CCCC(=O)OCCCC,6624-57-3,7.473,0.9118,0.8116341540373964,low-fidelity RED
Butyl Butyryl Glycollate,CCCCOC(=O)COC(=O)CCC,94022-04-5,7.385,0.9883,0.5528336096873996,low-fidelity RED
"Ethanedioic Acid, Dibutyl Ester",CCCCOC(C(OCCCC)=O)=O,2050-60-4,6.98,0.9086,0.5640257086339243,low-fidelity RED
Butyl Formate,CCCCOC=O,592-84-7,6.128,0.88,0.6576473218982958,high-fidelity RED
Isoeugenyl Butyl Ether,CCCCOC1=C(C=C(C=C1)CC=C)OC,115422-59-8,7.218,1.219,0.9604686356149276,low-fidelity RED
Propylene Glycol Monobutyl Ether,CCCCOCC(C)O,5131-66-8,7.232,0.9452,0.8616843969807043,high-fidelity RED
Dipropylene Glycol Mono N-Butyl Ether,CCCCOCC(C)OCC(C)O,29911-28-2,7.145,1.005,0.7697402159170331,high-fidelity RED
Butoxy Ethoxy Propanol,CCCCOCC(COCC)O,39332-55-3,6.861,1.031,0.8746427842267953,high-fidelity RED
Vanillyl Butyl Ether,CCCCOCC1=CC(=C(C=C1)O)OC,82654-98-6,7.714,1.199,0.5522680508593619,low-fidelity RED
Butyl Glycol Acetate,CCCCOCCOC(=O)C,112-07-2,7.348,0.7917,0.9246621004453465,high-fidelity RED
2-Butoxyethyl Acrylate,CCCCOCCOC(=O)C=C,7251-90-3,7.081,0.954,0.7369701486491841,low-fidelity RED
Diethylene Glycol Monobutyl Ether,CCCCOCCOCCO,112-34-5,7.482,0.7182,0.829533001151853,high-fidelity RED
Butyl Diglycol Acetate,CCCCOCCOCCOC(=O)C,124-17-4,7.348,0.7917,0.5678908345800278,high-fidelity RED
Vinyl Butyl Carbitol,CCCCOCCOCCOC=C,,5.457,0.9398,0.6637959023675879,high-fidelity RED
Tributyl Phosphate,CCCCOP(=O)(OCCCC)OCCCC,126-73-8,5.388,0.9779,0.9698582370635411,high-fidelity RED
Dibutyl Sulfite,CCCCOS(OCCCC)=O,626-85-7,6.917,0.9906,0.4038873605350878,low-fidelity RED
1-Butanethiol,CCCCS,109-79-5,5.486,0.7379,0.9154916711800277,high-fidelity RED
Propyl Amine,CCCN,107-10-8,5.295,0.7788,0.4716990566028304,high-fidelity RED
Propyl Tiglate,CCCOC(=O)/C(=C/C)/C,61692-83-9,6.689,1.077,0.9020809276334358,low-fidelity RED
Propyl Crotonate,CCCOC(=O)\C=C\C,10352-87-1,6.647,1.076,0.7022285952594073,low-fidelity RED
Propyl 2-Furan Acrylate,CCCOC(=O)\C=C\C1=CC=CO1,623-22-3,7.707,1.301,0.629483915600708,low-fidelity RED
Propyl Pyruvate,CCCOC(=O)C(=O)C,20279-43-0,6.526,0.9749,0.7968688725254611,low-fidelity RED
Propyl Lactate,CCCOC(=O)C(C)O,616-09-1,6.865,0.9386,0.9701803955966125,low-fidelity RED
Propyl 2-Mercaptopropionate,CCCOC(=O)C(C)S,19788-50-2,7.025,0.9641,0.21937410968480275,low-fidelity RED
Propyl 4-Hydroxybenzoate,CCCOC(=O)C1=CC=C(C=C1)O,94-13-3,7.274,1.008,0.95,low-fidelity RED
Propyl Anthranilate,CCCOC(=O)C1=CC=CC=C1N,30954-98-4,7.36,1.076,0.8591420138719791,low-fidelity RED
Propyl Salicylate,CCCOC(=O)C1=CC=CC=C1O,607-90-9,7.637,1.021,0.7458216945088146,low-fidelity RED
Propyl 2-Furoate,CCCOC(=O)C1=CC=CO1,615-10-1,8.02,1.232,0.8533024082938007,low-fidelity RED
n-Propyl Propanoate,CCCOC(=O)CC,106-36-5,6.011,0.9009,0.8681877677092671,high-fidelity RED
Propyl Phenyl Acetate,CCCOC(=O)CC1=CC=CC=C1,4606-15-9,7.526,1.13,0.9633924433998844,low-fidelity RED
Propyl Levulinate,CCCOC(=O)CCC(=O)C,645-67-0,7.204,0.979,0.7057797106746552,low-fidelity RED
Dipropyl Glutarate,CCCOC(=O)CCCC(=O)OCCC,1724-48-7,7.428,0.9423,0.7250000000000004,low-fidelity RED
Dipropyl Adipate,CCCOC(=O)CCCCC(=O)OCCC,106-19-4,7.592,0.9401,0.8989577298182602,low-fidelity RED
Propyl Formate,CCCOC=O,110-74-7,5.804,0.9027,0.7533259586659684,high-fidelity RED
Propylene Glycol Monopropyl Ether,CCCOCC(C)O,1569-01-3,7.016,0.9691,0.6675514961409343,high-fidelity RED
Dipropylene Glycol Mono n-Propyl Ether,CCCOCC(C)OCC(C)O,29911-27-1,6.929,1.028,0.9656603957913986,high-fidelity RED
Diethylene Glycol Monopropyl Ether,CCCOCCOCCO,6881-94-3,7.269,0.786,0.9905806378079477,high-fidelity RED
1-Propanethiol,CCCS,107-03-9,5.063,0.8014,0.6736096792653737,high-fidelity RED
Propyl Thioacetate,CCCSC(=O)C,2307-10-0,5.889,0.7567,0.9842509842514764,low-fidelity RED
Propyl 2-Methyl-3-Furyl Disulfide,CCCSSC1=C(OC=C1)C,61197-09-9,6.369,1.186,0.9676001240181813,low-fidelity RED
Furfuryl Propyl Disulfide,CCCSSCc1ccco1,252736-36-0,6.347,1.047,0.8147085368400161,low-fidelity RED
Dipropyl Trisulfide,CCCSSSCCC,6028-61-1,5.009,0.8106,0.9775607398008573,low-fidelity RED
Ethyl Iodide,CCI,75-03-6,5.234,0.6388,0.6914658342969663,high-fidelity RED
"1,3-Propanediamine, N,N-Diethyl-",CCN(CC)CCCN,104-78-9,5.037,1.019,0.8663861725581729,low-fidelity RED
N-Ethylaniline,CCNC1=CC=CC=C1,103-69-5,6.409,0.9378,0.907606743033567,low-fidelity RED
Ethyl Ethyl Anthranilate,CCNC1=CC=CC=C1C(=O)OCC,38446-21-8,7.961,1.084,0.9233092656309688,low-fidelity RED
2-Ethylhexyl Amine,CCNCCCCCC,20352-67-4,5.223,0.8871,0.8177713616898068,high-fidelity RED
(E)-Ethyl Tiglate,CCOC(=O)/C(=C/C)/C,55514-48-2,6.674,1.004,0.7062223445912766,low-fidelity RED
Ethyl 3-(Methyl Thio)-(E)-2-Propenoate,CCOC(=O)\C=C\SC,136115-65-6,7.117,1.183,0.5315072906367329,low-fidelity RED
Ethyl α-Acetyl Cinnamate,CCOC(=O)C(=CC1=CC=CC=C1)C(=O)C,620-80-4,7.101,1.147,0.8902246907382421,low-fidelity RED
Ethyl Pyruvate,CCOC(=O)C(=O)C,617-35-6,6.51,0.8939,0.851836251870041,low-fidelity RED
Citronellyl Ethoxalate,CCOC(=O)C(=O)OCCC(C)CCC=C(C)C,60788-25-2,7.279,1.221,0.873212459828649,low-fidelity RED
Clofibrate,CCOC(=O)C(C)(C)OC1=CC=C(C=C1)Cl,637-07-0,7.124,1.153,0.9086390922693119,low-fidelity RED
(±)-Ethyl 3-Hydroxy-2-Methyl Butyrate,CCOC(=O)C(C)C(C)O,27372-03-8,6.813,0.9232,0.7685213074469699,low-fidelity RED
(±)-Ethyl 3-Acetoxy-2-Methyl Butyrate,CCOC(=O)C(C)C(C)OC(=O)C,139564-43-5,6.718,0.9582,0.5905505905508859,low-fidelity RED
Berry Pentadienoate,CCOC(=O)C(C)C=C=C,60523-21-9,6.497,1.015,0.9572094859538326,low-fidelity RED
Ethyl Acetyl Lactate,CCOC(=O)C(C)OC(=O)C,2985-28-6,7.212,0.9963,0.23717082451262936,low-fidelity RED
Ethyl 2-Mercaptopropionate,CCOC(=O)C(C)S,19788-49-9,6.801,0.8292,0.27950849718747345,low-fidelity RED
Ethyl 2-(Methyl Dithio) Propionate,CCOC(=O)C(C)SSC,23747-43-5,7.128,0.8187,0.6968679932383176,low-fidelity RED
Spicy Acetoacetate,CCOC(=O)C(CC1=CC=CC=C1)C(=O)C,620-79-1,7.43,0.9762,0.8066132902450839,low-fidelity RED
Ethyl Phenyl Lactate,CCOC(=O)C(CC1=CC=CC=C1)O,NF001,7.526,1.06,0.7088723439378912,low-fidelity RED
Ethyl α-Fluoroacrylate,CCOC(=O)C(F)=C,760-80-5,6.14,1.078,0.9611191393370543,low-fidelity RED
Ethyl Senecioate,CCOC(=O)C=C(C)C,638-10-8,7.007,1.063,0.7062223445912766,low-fidelity RED
Ethyl Crotonate,CCOC(=O)C=CC,10544-63-5,6.917,1.037,0.480234317807464,low-fidelity RED
Ethyl Sorbate,CCOC(=O)C=CC=CC,2396-84-1,6.787,1.182,0.7093130479555554,low-fidelity RED
Ethyl 2-Furfuracrylate,CCOC(=O)C=CC1=CC=CO1,623-20-1,7.978,1.257,0.5153882032022074,low-fidelity RED
Ethyl Methyl-Para-Tolyl Glycidate,CCOC(=O)C1C(O1)(C)C2=CC=C(C=C2)C,74367-97-8,8.145,1.238,0.95524865872714,low-fidelity RED
Ethyl Methyl Phenyl Glycidate,CCOC(=O)C1C(O1)(C)C2=CC=CC=C2,77-83-8,8.145,1.187,0.8678277478854892,low-fidelity RED
Strawberry Glycidate 2,CCOC(=O)C1C(O1)C2=CC=CC=C2,121-39-1,7.807,1.149,0.7603453162872771,low-fidelity RED
Ethyl Cyclohexyl Carboxylate,CCOC(=O)C1CCCCC1,3289-28-9,6.842,0.9775,0.9222933372848358,low-fidelity RED
Diethyl Malate,CCOC(=O)CC(C(=O)OCC)O,12/3/54 0:00,6.722,0.9596,0.9516433155337142,low-fidelity RED
Ethyl 3-Mercaptobutyrate,CCOC(=O)CC(C)S,156472-94-5,6.721,0.9515,0.20155644370746342,low-fidelity RED
Ethyl 3-(Ethyl Thio) Butyrate,CCOC(=O)CC(C)SCC,90201-28-8,6.886,1.039,0.7057797106746552,low-fidelity RED
Leather Propionate,CCOC(=O)CC(C1=CC=CC=C1)O,5764-85-2,7.829,1.101,0.7088723439378912,low-fidelity RED
Acetyl Triethyl Citrate,CCOC(=O)CC(CC(=O)OCC)(C(=O)OCC)OC(=O)C,77-89-4,6.422,0.9397,0.5787918451395112,high-fidelity RED
"Ethyl (Z)-4,7-Octadienoate",CCOC(=O)CC/C=C\CC=C,69925-33-3,7.041,1.013,0.9643650760992958,low-fidelity RED
Ethyl 4-Methyl-3-Pentenoate,CCOC(=O)CC=C(C)C,6849-18-9,6.608,0.876,0.7889866919029752,low-fidelity RED
Fruity Ketal,CCOC(=O)CC1(OCC(O1)C)C,6290-17-1,7.383,1.091,0.5522680508593631,low-fidelity RED
Applinal,CCOC(=O)CC1(OCCO1)C,1647153,6.816,1.091,0.3783186487605387,low-fidelity RED
Ethyl Cyclohexyl Acetate,CCOC(=O)CC1CCCCC1,5452-75-5,7.08,0.9581,0.992786482583239,low-fidelity RED
Ethyl 4-Pentenoate,CCOC(=O)CCC=C,1968-40-7,7.04,0.9099,0.791359589567221,low-fidelity RED
Ethyl Hydrocinnamate,CCOC(=O)CCC1=CC=CC=C1,2021-28-5,7.919,0.9091,0.9171968163922068,low-fidelity RED
Ethyl 3-(2-Furyl) Propanoate,CCOC(=O)CCC1=CC=CO1,10031-90-0,8.222,1.02,0.41306779104645747,low-fidelity RED
Ethyl 5-Hexenoate,CCOC(=O)CCCC=C,54653-25-7,7.345,0.9948,0.9100137361600649,low-fidelity RED
Berry Hexanoate,CCOC(=O)CCCCCOC(=O)C,104986-28-9,7.882,0.9642,0.552268050859363,low-fidelity RED
Ethyl 4-(Methyl Thio) Butyrate,CCOC(=O)CCCSC,22014-48-8,7.339,0.9291,0.5123475382979799,low-fidelity RED
Ethyl 3-Mercaptopropionate,CCOC(=O)CCS,6/8/66 0:00,7.119,0.8219,0.4479118216792229,low-fidelity RED
Ethyl Methyl Mercaptopropionate,CCOC(=O)CCSC,13327-56-5,7.34,0.9897,0.4046603514059663,low-fidelity RED
Ethyl 3-(Furfuryl Thio) Propionate,CCOC(=O)CCSCC1=CC=CO1,94278-27-0,8.221,1.215,0.5367727638395975,low-fidelity RED
WS-5,CCOC(=O)CNC(=O)C1CC(CCC1C(C)C)C,68489-14-5,6.473,1.476,0.9100137361600646,low-fidelity RED
Cherry Oxyacetate,CCOC(=O)COC1=CC=C(C=C1)C,67028-40-4,7.749,1.085,0.7215434844830902,low-fidelity RED
Ethyl Thioglycolate,CCOC(=O)CS,623-51-8,6.54,0.7326,0.6986594306241061,low-fidelity RED
Ethyl 2-(Methyl Thio) Acetate,CCOC(=O)CSC,4455-13-4,6.42,0.8061,0.34369317712168757,low-fidelity RED
Ethyl Difluoroacetate,CCOC(C(F)F)=O,454-31-9,6.333,0.8034,0.6289872812704562,low-fidelity RED
Diethyl Oxalate,CCOC(C(OCC)=O)=O,95-92-1,6.648,0.8325,0.6786935980249117,high-fidelity RED
1-Ethoxyethyl Acetate,CCOC(C)OC(=O)C,1608-72-6,6.993,0.8763,0.6194755846681935,low-fidelity RED
Isoeugenyl Ethyl Acetal,CCOC(C)OC1=C(C=C(C=C1)\C=C\C)OC,84029-92-5,6.964,1.356,0.8831760866327847,low-fidelity RED
Phenethyl Acetal,CCOC(C)OC1=CC=CC=C1,5426-78-8,6.839,0.9044,0.8746427842267951,low-fidelity RED
o-Diethoxybenzene,CCOC(C=CC=C1)=C1OCC,2050-46-6,6.55,0.8735,0.8605957239029252,low-fidelity RED
Furfural Diethyl Acetal,CCOC(C1=CC=CO1)OCC,13529-27-6,6.902,1.172,0.7893826701923472,low-fidelity RED
Heliotropyl Diethyl Acetal,CCOC(C1=CC2=C(C=C1)OCO2)OCC,40527-42-2,6.858,1.274,0.7088723439378912,low-fidelity RED
Ethyl-1-Propynylether,CCOC#CC,14273-06-4,5.191,0.9037,0.8097067370350823,high-fidelity RED
Propenyl Guaethol,CCOC1=C(C=C(C=C1)\C=C\C)O,94-86-0,7.144,1.155,0.896521053852055,low-fidelity RED
Ethyl Isoeugenol,CCOC1=C(C=C(C=C1)\C=C\C)OC,7784-67-0,6.767,1.295,0.9532837982468813,low-fidelity RED
Vanilla Cresol,CCOC1=C(C=CC(=C1)C)O,7/7/63 0:00,7.13,0.9315,0.9486832980505129,low-fidelity RED
Ethyl Vanillin Propylene Glycol Acetal,CCOC1=C(C=CC(=C1)C2OCC(O2)C)O,68527-76-4,8.109,1.242,0.7623975340988446,low-fidelity RED
Dianthus Ethone,CCOC1=C(C=CC(=C1)COC)O,5595-79-9,6.876,1.066,0.8692669325356849,low-fidelity RED
"2,5-Dimethyl-4-Ethoxy-3(2H)-Furanone",CCOC1=C(OC(C1=O)C)C,65330-49-6,7.405,1.252,0.775,low-fidelity RED
3-Ethoxyaniline,CCOC1=CC(N)=CC=C1,621-33-0,7.521,1.113,0.9842509842514757,low-fidelity RED
4-Ethoxyanisole,CCOC1=CC=C(C=C1)OC,5076-72-2,7.607,1.044,0.8503675675847467,low-fidelity RED
p-Diethoxybenzene,CCOC1=CC=C(OCC)C=C1,122-95-2,7.028,0.9119,0.7992183681572883,low-fidelity RED
2-Ethoxyanisole,CCOC1=CC=CC=C1OC,17600-72-5,6.729,0.9989,0.8547660498639382,low-fidelity RED
Maraniol,CCOC1=CC2=C(C=C1)C(=CC(=O)O2)C,87-05-8,7.691,1.345,0.9476945710512429,low-fidelity RED
"2,5-Diethoxy Tetrahydrofuran",CCOC1OC(OCC)CC1,3320-90-9,5.921,1.076,0.2669269563007827,high-fidelity RED
Propylene Glycol Monoethyl Ether,CCOCC(C)O,1569-02-4,6.75,0.906,0.8562271894771858,high-fidelity RED
Propylene Glycol Monoethyl Ether Acetate,CCOCC(C)OC(=O)C,54839-24-6,6.89,0.9595,0.6229967897188561,high-fidelity RED
Dipropylene Glycol Monoethyl Ether,CCOCC(C)OCC(C)O,30025-38-8,6.663,0.9707,0.4623310502226729,low-fidelity RED
Tripropylene Glycol Monoethyl Ether,CCOCC(C)OCC(C)OCC(C)O,75899-69-3,6.752,1.027,0.3588175023601827,low-fidelity RED
Vanillyl Ethyl Ether,CCOCC1=CC(=C(C=C1)O)OC,13184-86-6,7.284,1.183,0.8692669325356849,low-fidelity RED
α-Ethoxy-Ortho-Cresol,CCOCC1=CC=CC=C1O,20920-83-6,6.952,1.053,0.5590169943749475,low-fidelity RED
Furfuryl Ethyl Ether,CCOCC1=CC=CO1,6270-56-0,6.403,1.034,0.6025985396596975,low-fidelity RED
Ektapro Eep,CCOCCC(=O)OCC,763-69-9,6.811,0.8712,0.7000000000000004,low-fidelity RED
3-Ethoxy Propionaldehyde,CCOCCC=O,2806-85-1,5.619,0.9498,0.8849435010213931,high-fidelity RED
Ethylene Glycol Monoethyl Ether Acetate,CCOCCOC(=O)C,111-15-9,6.614,0.8295,0.82915619758885,high-fidelity RED
Ethylene Glycol Mono Ethyl Ether Acrylate,CCOCCOC(=O)C=C,106-74-1,6.348,0.9835,0.5750000000000003,high-fidelity RED
Ethylene Glycol Diethyl Ether,CCOCCOCC,629-14-1,5.117,0.7863,0.9927864825832391,high-fidelity RED
Vinyl Ethyl Carbitol,CCOCCOCCOC=C,10143-53-0,5.015,0.9699,0.5750000000000002,high-fidelity RED
Diethylene Glycol Diethyl Ether,CCOCCOCCOCC,112-36-7,5.414,0.786,0.7826237921249264,high-fidelity RED
Ethanethiol (Ethyl Mercaptan),CCS,75-08-1,5.282,0.7215,0.6269968101992233,high-fidelity RED
s-Ethyl Thioacetate,CCSC(C)=O,625-60-5,5.945,0.8061,0.7766112283504532,low-fidelity RED
Vinyl Ethyl Sulfide,CCSC=C,627-50-9,5.273,0.9874,0.47037219305566996,high-fidelity RED
Methyl Ethyl Disulfide,CCSSC,20333-39-5,5.181,0.7243,0.851836251870041,low-fidelity RED
Diethyldisulfide,CCSSCC,110-81-6,5.325,0.7963,0.6349212549600146,high-fidelity RED
Diethyl Trisulfide,CCSSSCC,3600-24-6,5.236,0.802,0.8735702604828072,low-fidelity RED
Ethyl α-Chloroacrylate,Cl/C(=C)C(=O)OCC,687-46-7,6.272,1.055,0.65,low-fidelity RED
2-Chloroallyl Acetate,Cl/C(=C)COC(=O)C,692-72-8,6.016,1.019,0.5465802777268862,low-fidelity RED
Isopropyl Chloroformate,ClC(=O)OC(C)C,108-23-6,6.123,0.8545,0.6149186938124425,low-fidelity RED
Trichloroacetic Acid Vinyl Ester,ClC(Cl)(Cl)C(=O)OC=C,7062-87-5,5.018,0.8751,0.9089829481348923,low-fidelity RED
1-Chloro-Cis-2-Butene,ClC\C=C/C,4628-21-1,4.979,0.9902,0.8782084035125148,low-fidelity RED
1-Chloro-Trans-2-Butene,ClC\C=C\C,4894-61-5,4.979,0.9902,0.8782084035125148,low-fidelity RED
Picloram Ethylhexyl Ester,Clc1c(N)c(Cl)c(nc1Cl)C(=O)OC(C)CCCCCC,26952-20-5,8.259,1.474,0.9990620601344041,low-fidelity RED
"2,4-Db",Clc1cc(Cl)ccc1OCCCC(=O)OCCOCCCC,32357-46-3,8.172,1.242,0.8891709621889368,low-fidelity RED
Tebuconazole,Clc1ccc(cc1)CCC(O)(C(C)(C)C)Cn2ncnc2,107534-96-3,7.732,1.488,0.8905756565278433,low-fidelity RED
Allyl Chloroacetate,ClCC(=O)OC\C=C,2916-14-5,5.714,1.023,0.5037360419902474,low-fidelity RED
Chloroacetic Acid Isopropyl Ester ,ClCC(OC(C)C)=O,105-48-6,5.972,0.913,0.6149186938124422,low-fidelity RED
Epichlorohydrin,ClCC1CO1,106-89-8,5.01,0.9165,0.5984354601792908,high-fidelity RED
6-Chloro-1-Hexanol,ClCCCCCCO,2009-83-8,6.92,0.8777,0.700446286306095,low-fidelity RED
2-Chloroethyl Methacrylate,ClCCOC(=O)\C(=C)C,1888-94-4,5.862,1.111,0.4956056900399752,low-fidelity RED
2-Chloroethyl Acrylate,ClCCOC(=O)\C=C,2206-89-5,6.021,1.039,0.5037360419902474,low-fidelity RED
Chloromethyl Methacrylate,ClCOC(=O)\C(=C)C,27550-73-8,5.758,1.056,0.5249999999999998,low-fidelity RED
"N,N,N,N-Tetramethylthiourea",CN(C(N(C)C)=S)C,2782-91-4,5.16,0.8625,0.6773108592072034,high-fidelity RED
Methyl Dimethyl Anthranilate,CN(C)C1=CC=CC=C1C(=O)OC,10072-05-6,6.376,1.086,0.9902651160169171,low-fidelity RED
Meclofenoxate,CN(C)CCOC(=O)COC1=CC=C(C=C1)Cl,51-68-3,7.204,1.305,0.48798053239857864,high-fidelity RED
n-Nitrosodimethylamine,CN(C)N=O,62-75-9,5.42,0.8936,0.9117291264405237,low-fidelity RED
Ranitidine,CN/C(=C\[N+](=O)[O-])/NCCSCC1=CC=C(O1)CN(C)C,66357-35-5,6.284,1.674,0.8019507466172723,low-fidelity RED
Hyoscine (l-Hyoscine,CN1C2CC(CC1C3C2O3)OC(=O)C(CO)C4=CC=CC=C4,51-34-3,8.557,1.467,0.8038967595406753,low-fidelity RED
Atropine,CN3[C@H]1CC[C@@H]3C[C@@H](C1)OC(=O)C(CO)c2ccccc2,51-55-8,7.743,1.526,0.8638576271585487,low-fidelity RED
"1,2-Dimethylhydrazine",CNNC,540-73-8,5.03,0.7318,0.8591420138719794,low-fidelity RED
Methyl Furfuracrylate,COC(=O)\C=C\C1=CC=CO1,623-18-7,7.18,1.16,0.5873670062235355,low-fidelity RED
Tuberose Acetate,COC(=O)C=C1CCCC1,40203-73-4,6.755,1.09,0.6846531968814578,low-fidelity RED
"Dimethyl-1,4-Cyclohexanedicarboxylate",COC(=O)C1CCC(C(=O)OC)CC1,94-60-0,6.136,0.9231,0.4100304866714178,low-fidelity RED
Vanilla Carboxylate,COC(=O)C1CCCCC1,4630-82-4,6.243,0.9746,0.7968688725254613,low-fidelity RED
Methyl Phenyl Acetate,COC(=O)CC1=CC=CC=C1,101-41-7,7.472,0.9915,0.8215838362577486,low-fidelity RED
Dimethyl 2-Methylpentanedioate,COC(=O)CCC(C(=O)OC)C,14035-94-0,7.26,0.9996,0.27950849718747384,low-fidelity RED
Methyl 4-Pentenoate,COC(=O)CCC=C,818-57-5,6.832,0.8687,0.596343022093828,low-fidelity RED
Methyl Hydrocinnamate,COC(=O)CCC1=CC=CC=C1,103-25-3,7.714,0.883,0.8499999999999998,low-fidelity RED
Methyl 4-Phenyl Butyrate,COC(=O)CCCC1=CC=CC=C1,2046-17-5,8.045,0.9089,0.9287087810503353,low-fidelity RED
Methyl 4-(Methyl Thio) Butyrate,COC(=O)CCCSC,53053-51-3,7.135,0.8625,0.41003048667141784,low-fidelity RED
Methyl Furfuryl Mercaptopropionate,COC(=O)CCSCc1ccco1,94278-26-9,8.019,1.196,0.6528782428600295,low-fidelity RED
Methyl Chloroformate,COC(=O)Cl,79-22-1,5.575,0.7238,0.9902651160169179,high-fidelity RED
Methyl 2-(Methyl Thio) Acetate,COC(=O)CSC,16630-66-3,6.278,0.7972,0.5055937104039174,low-fidelity RED
Violet Methyl Carbonate,COC(=O)OC1CCC\C=C/CC1,87731-18-8,6.975,1.121,0.8066132902450839,low-fidelity RED
Herbal Carbonate,COC(=O)OC1CCCCCCC1,61699-38-5,6.937,1.01,0.9357483636106451,low-fidelity RED
Methyl Difluoroacetate,COC(C(F)F)=O,433-53-4,5.904,0.8591,0.5706356105256665,low-fidelity RED
Dimethyl Oxalate,COC(C(OC)=O)=O,553-90-2,6.225,0.87,0.8325412902673356,low-fidelity RED
Benzaldehyde Dimethyl Acetal,COC(C1=CC=CC=C1)OC,1125-88-8,6.174,0.9406,0.942403841248538,low-fidelity RED
Phenyl Acetaldehyde Dimethyl Acetal,COC(CC1=CC=CC=C1)OC,101-48-4,6.423,0.9667,0.9663074045043843,low-fidelity RED
Methyl Butanoate,COC(CCC)=O,623-42-7,6.571,0.8119,0.6373774391990981,low-fidelity RED
Dimethyl Glutarate,COC(CCCC(OC)=O)=O,1119-40-0,7.152,0.7442,0.16201851746019627,low-fidelity RED
3-(Methylthio)Propanoic Acid Methyl Ester,COC(CCSC)=O,13532-18-8,7.133,0.9636,0.40388736053508706,low-fidelity RED
"1,2,3,4-Tetramethoxy-5-(2-Propenyl)-Benzene",COC1=C(C(=C(C(=C1)CC=C)OC)OC)OC,15361-99-6,6.668,1.216,0.9394147114027959,low-fidelity RED
"3,4-Dimethoxystyrene",COC1=C(C=C(C=C1)C=C)OC,6380-23-0,6.65,1.127,0.9072623655812022,low-fidelity RED
Methyl Eugenol,COC1=C(C=C(C=C1)CC=C)OC,93-15-2,6.957,1.124,0.8753570700005796,low-fidelity RED
Eugenyl Formate,COC1=C(C=CC(=C1)CC=C)OC=O,10031-96-6,7.054,1.228,0.7636262174650634,low-fidelity RED
"4-Allyl-2,6-Dimethoxyphenol",COC1=CC(=CC(=C1O)OC)CC=C,6627-88-9,7.121,1.051,0.8789197915623463,low-fidelity RED
Elemicin,COC1=CC(=CC(=C1OC)OC)CC=C,487-11-6,6.402,1.083,0.8381527307120104,low-fidelity RED
"1,3,5-Trimethoxybenzene",COC1=CC(OC)=CC(OC)=C1,621-23-8,6.53,0.9949,0.9829801625668753,low-fidelity RED
Para-Anisaldehyde Dimethyl Acetal,COC1=CC=C(C=C1)C(OC)OC,2186-92-7,7.374,1.099,0.7685213074469699,low-fidelity RED
Para-Anisyl Formate,COC1=CC=C(C=C1)COC=O,122-91-8,7.977,1.202,0.9320675941153621,low-fidelity RED
p-Dimethoxybenzene,COC1=CC=C(OC)C=C1,150-78-7,6.987,0.8932,0.9877373132569208,low-fidelity RED
Ortho-Eugenol,COC1=CC=CC(=C1O)CC=C,579-60-2,6.92,1.182,0.9293815147720549,low-fidelity RED
Anisole,COC1=CC=CC=C1,100-66-3,6.906,0.7533,0.6566962768281848,high-fidelity RED
"2,5-Dimethoxytetrahydrofuran",COC1CCC(O1)OC,696-59-3,5.935,0.9784,0.3783186487605389,high-fidelity RED
"2,5-Dimethoxystyrene",COc1ccc(OC)c(C=C)c1,14568-68-4,7.075,1.233,0.9072623655812022,low-fidelity RED
"2H-Pyran, 3,4-Dihydro-2-Methoxy-",COC1CCC=CO1,5/1/54 0:00,5.319,1.122,0.5350233639758173,low-fidelity RED
"2,6-Dimethoxystyrene",COc1cccc(OC)c1C=C,21897-50-7,6.181,1.102,0.9072623655812022,low-fidelity RED
Cyclopentyl Methyl Ether,COC1CCCC1,5614-37-9,5.118,0.763,0.990265116016918,high-fidelity RED
Dipropylene Glycol Dimethyl Ether,COCC(C)OCC(C)OC,111109-77-4,5.513,0.9984,0.9852030247619015,low-fidelity RED
3-Methoxyisopropylamine,COCC(N)C,37143-54-7,5.864,0.9797,0.34999999999999964,low-fidelity RED
Furfuryl Methyl Ether,COCC1=CC=CO1,13679-46-4,6.1,0.9644,0.5303300858899105,low-fidelity RED
Dipropylene Glycol Monomethyl Ether Acetate,COCCCOCCCOC(C)=O,88917-22-0,6.535,0.9877,0.3201562118716424,high-fidelity RED
Dimethyl Sulfide,CSC,75-18-3,5.024,0.7155,0.4190763653560049,high-fidelity RED
Methyl Vinyl Sulfide,CSC=C,1822-74-8,5.115,0.8559,0.5744562646538032,high-fidelity RED
2-Thiabutane,CSCC,624-89-5,5.181,0.7243,0.7403546447480427,high-fidelity RED
Furfuryl Methyl Sulfide,CSCC1=CC=CO1,1438-91-1,6.668,0.9793,0.9711462299777508,low-fidelity RED
4-Methyl Thiobutyraldehyde,CSCCCC=O,42919-64-2,6.179,0.9503,0.9545941546018393,low-fidelity RED
3-Methyl Mercaptopropyl Amine,CSCCCN,4104-45-4,5.842,0.9716,0.5315072906367324,low-fidelity RED
Dimethyl Disulfide,CSSC,624-92-0,5.063,0.6266,0.7591113225344489,high-fidelity RED
Allyl Methyl Disulfide,CSSCC=C,2179-58-0,5.16,0.8439,0.7603453162872774,low-fidelity RED
Methyl 2-Fluoroacrylate,F/C(=C)C(=O)OC,2343-89-7,5.382,1.104,0.7504165509901821,low-fidelity RED
Pentafluorophenol,FC(C(F)=C1F)=C(C(F)=C1O)F,771-61-9,6.107,0.893,0.41608292442733114,low-fidelity RED
"Benzene, Pentafluoro-",FC(C(F)=CC(F)=C1F)=C1F,363-72-4,5.171,1.039,0.9775607398008578,low-fidelity RED
"Benzene, 1,2,3,4-Tetrafluoro-",FC(C(F)=CC=C1F)=C1F,551-62-2,5.58,0.8609,0.975320460156558,low-fidelity RED
"Benzene, 1,2,4-Trifluoro-",FC(C=C1F)=C(C=C1)F,367-23-7,5.358,0.9414,0.9669539802906857,low-fidelity RED
"Ethyl 4,4,4-Trifluoroaceto Acetate",FC(F)(F)C(=O)CC(=O)OCC,372-31-6,5.609,1.006,0.8660254037844386,low-fidelity RED
3-Trifluoromethylaniline,FC(F)(F)c1cc(N)ccc1,98-16-8,5.326,1.126,0.4190763653560053,low-fidelity RED
Nl-33,FC(F)(Oc1ccc(cc1)C(c2ccc(OC(F)(F)C(F)F)cc2)(C)C)C(F)F,1544-19-0,5.779,1.062,0.9669539802906857,low-fidelity RED
"Benzene, 1,2,3,5-Tetrafluoro-",FC1=C(F)C(F)=CC(F)=C1,2367-82-0,5.043,0.9657,0.975320460156558,low-fidelity RED
"Benzene, 1,2,4,5-Tetrafluoro-",FC1=C(F)C=C(F)C(F)=C1,327-54-8,5.276,0.9108,0.975320460156558,low-fidelity RED
"Benzene, 1,3,5-Trifluoro-",FC1=CC(F)=CC(F)=C1,372-38-3,5.097,0.8455,0.9669539802906857,low-fidelity RED
"Benzene, 1,2,3-Trifluoro-",FC1=CC=CC(F)=C1F,1489-53-8,5.518,0.8704,0.9669539802906857,low-fidelity RED
3-Fluorooxetane,FC1COC1,26272-86-6,5.264,0.957,0.41982139059366624,low-fidelity RED
Fluroxypyr Methylheptyl Ester,Fc1nc(OCC(=O)OC(C)CCCCCC)c(Cl)c(c1Cl)N,81406-37-3,7.422,1.498,0.5612486080160907,low-fidelity RED
"4-Iodo-1,2-Butadiene",ICC=C=C,29871-57-6,5.451,0.9816,0.5612486080160906,high-fidelity RED
2-Pentanone Oxime,N(/O)=C(C)/CCC,623-40-5,6.078,0.8553,0.6388466169590321,low-fidelity RED
Methylethylamine,N(C)CC,624-78-2,5.201,0.7479,0.882113938218868,low-fidelity RED
Methyl-Butylamine,N(C)CCCC,110-68-9,5.25,0.8495,0.9476945710512436,low-fidelity RED
Methylpentylamine,N(C)CCCCC,25419-06-1,5.333,0.9058,0.9965565713997379,low-fidelity RED
"N,N-Diethylhydrazine",N(NCC)CC,1615-80-1,5.28,0.694,0.4589389937671457,low-fidelity RED
"Trans-1,2-Cyclohexanediamine ",N[C@@H]1CCCC[C@H]1N,1121-22-8,5.648,0.8233,0.44300112866673297,low-fidelity RED
"2-Butenoic Acid, 3-Amino-, Ethyl Ester",N/C(C)=C/C(OCC)=O,7318-00-5,6.828,1.01,0.21794494717703386,low-fidelity RED
1-Cyclohexene-1-Carbonitrile,N#C\C1=C\CCCC1,1855-63-6,6.72,1.182,0.8852965604812885,low-fidelity RED
Verapamil,N#CC(c1cc(OC)c(OC)cc1)(CCCN(CCc2ccc(OC)c(OC)c2)C)C(C)C,52-53-9,7.848,1.43,0.9902651160169175,low-fidelity RED
"N,N'-Dimethylpiperazine",N1(C)CCN(C)CC1,106-58-1,5.027,0.9343,0.5220153254455278,low-fidelity RED
"2,5-Dimethylpiperazine",N1CC(NCC1C)C,106-55-8,5.252,0.8195,0.4046603514059663,low-fidelity RED
3-Vinylpyridine,n1cccc(\C=C)c1,1121-55-7,6.182,1.13,0.9902651160169175,low-fidelity RED
"N,N-Dimethylpyridin-2-Amine",n1ccccc1N(C)C,1122-58-3,6.267,1.016,0.9222933372848362,low-fidelity RED
2-Aminohexane,NC(C)CCCC,5329-79-3,6.014,0.9112,0.80350793399941,low-fidelity RED
3-Pentanamine,NC(CC)CC,616-24-0,5.821,0.8507,0.8500000000000004,low-fidelity RED
"2,6-Diethylaniline",NC1=C(CC)C=CC=C1CC,579-66-8,6.584,1.006,0.7685213074469701,low-fidelity RED
4-Tert-Butylaniline,NC1=CC=C(C(C)(C)C)C=C1,769-92-6,6.48,1.036,0.71632743909472,low-fidelity RED
Cyclopropylamine,NC1CC1,765-30-0,5.416,0.8394,0.40388736053508795,low-fidelity RED
4-Propylaniline,Nc1ccc(CCC)cc1,2696-84-6,6.424,0.9899,0.8518362518700401,low-fidelity RED
4-Octylbenzenamine,Nc1ccc(CCCCCCCC)cc1,16245-79-7,6.667,1.057,0.8325412902673358,low-fidelity RED
Cyclopentylamine,NC1CCCC1,1003-03-8,5.549,0.8913,0.628987281270456,low-fidelity RED
Cyclohexylamine,NC1CCCCC1,108-91-8,5.752,0.9016,0.7766112283504532,high-fidelity RED
"Cis-1,2-Cyclohexanediamine ",NC1CCCCC1N,694-83-7,5.648,0.8233,0.44300112866673297,low-fidelity RED
1-Amino-2-Methylpentane,NCC(C)CCC,13364-16-4,5.417,0.775,0.9141252649391112,low-fidelity RED
1-Amino-2-Ethylbutane,NCC(CC)CC,617-79-8,5.968,0.9662,0.9266876496425324,low-fidelity RED
1-Amino-3-Methylpentane,NCCC(C)CC,42245-37-4,5.709,0.9408,0.9113863066779092,low-fidelity RED
Phenethylamine,NCCC1=CC=CC=C1,64-04-0,6.543,0.9308,0.9017344398435708,low-fidelity RED
1-Amino-4-Methylpentane,NCCCC(C)C,5344-20-7,5.886,0.9399,0.8689073598491388,low-fidelity RED
"Hexanenitrile, 6-Amino-",NCCCCCC#N,2432-74-8,6.382,1.075,0.9791578013783069,low-fidelity RED
Hexamethylenediamine,NCCCCCCN,124-09-4,5.704,0.9584,0.41231056256176596,low-fidelity RED
Cadaverine,NCCCCCN,462-94-2,5.704,0.9584,0.329772648956823,low-fidelity RED
"1,4-Butanediamine",NCCCCN,110-60-1,5.759,0.9208,0.5884301147969911,low-fidelity RED
3-Methyl-5-Isopropylphenol,O-c(cc(c1)C)cc1C(C)C,3/3/28 0:00,7.138,0.9279,0.6860211367006122,low-fidelity RED
2-Methyl-4-Isopropylphenol,O-c(ccc1C(C)C)c(c1)C,1740-97-2,6.87,1.01,0.6860211367006122,low-fidelity RED
3-Methyl-4-Isopropylphenol,O-c(ccc1C(C)C)cc1C,2/2/28 0:00,6.665,1.11,0.6860211367006122,low-fidelity RED
4-Isobutylphenol,O-c(ccc1CC(C)C)cc1,4167-74-2,7.279,1.063,0.640312423743285,low-fidelity RED
"2,4-Diethylphenol",O-c(ccc1CC)c(c1)CC,936-89-0,7.431,1.128,0.6388466169590309,low-fidelity RED
3-Methyl-4-Ethylphenol,O-c(ccc1CC)cc1C,1123-94-0,6.982,1.046,0.7636262174650624,low-fidelity RED
2-Methyl-4-Propylphenol,O-c(ccc1CCC)c(c1)C,18441-56-0,6.971,0.9728,0.7215434844830904,low-fidelity RED
Dimethyl  Isosorbide,O([C@@H]1[C@H]2OC[C@@H](OC)[C@H]2OC1)C,5306-85-4,6.17,0.7871,0.546008241696039,high-fidelity RED
Vinyl Glycidyl  Ether,O(\C=C)CC1OC1,3678-15-7,5.037,1.121,0.5878988008152424,low-fidelity RED
Dimethoxyborane,O(BOC)C,4542-61-4,4.982,0.8122,0.9340770846134704,low-fidelity RED
"2-Propanol, 1,3-Dimethoxy-",O(C)CC(O)COC,623-69-8,6.438,0.8697,0.9981232388838567,low-fidelity RED
Di(Propylene Glycol) Dimethyl Ether,O(C)CCCOCCCOC,11109-77 -4,4.984,0.8756,0.9307255234493141,low-fidelity RED
"2,3-Dimethylfuran",O(C=C1)C(C)=C1C,14920-89-9,6.265,1.018,0.8905756565278439,low-fidelity RED
"2,4-Dimethylfuran",O(C=C1C)C(=C1)C,3710-43-8,6.296,1.008,0.8905756565278439,low-fidelity RED
"3,4-Dimethylfuran",O(C=C1C)C=C1C,20843-07-6,5.861,0.9457,0.8905756565278439,low-fidelity RED
Metoprolol,O(c1ccc(cc1)CCOC)CC(O)CNC(C)C,37350-58-6,7.663,1.373,0.38405728739343004,low-fidelity RED
1-Methoxy-4-Propoxybenzene,O(c1ccc(OC)cc1)CCC,20743-94-6,7.223,1.109,0.8310385069297328,low-fidelity RED
Alprenolol,O(c1ccccc1C\C=C)CC(O)CNC(C)C,13655-52-2,8.394,1.349,0.5244044240850756,low-fidelity RED
Oxprenolol,O(c1ccccc1OC\C=C)CC(O)CNC(C)C,6452-71-7,8.067,1.201,0.4373213921133979,low-fidelity RED
"6-Ethoxy-1,2-Dihydro-2,2,4-Trimethylquinoline",O(c2ccc1c(\C(=C/C(N1)(C)C)C)c2)CC,91-53-2,7.105,1.319,0.7088723439378912,low-fidelity RED
2-{2-[(2-Ethylhexyl)Oxy]Ethoxy}Ethanol,O(CC(CCCC)CC)CCOCCO,1559-36-0,8.326,0.9059,0.43660622991432424,low-fidelity RED
Hydroxycitronellal Diethyl Acetal,O(CC)C(OCC)CC(C)CCCC(O)(C)C,7779-94-4,6.993,0.9513,0.7992183681572891,low-fidelity RED
Triethylene Glycol Diethyl Ether,O(CC)CCOCCOCCOCC,4499-99-4,5.414,0.786,0.7288689868556625,low-fidelity RED
2-Tetrahydrofurfuryl Acetate,O(CC1)C(C1)COC(=O)C,637-64-9,5.974,0.9922,0.306186217847897,low-fidelity RED
"1,4-Butanediol Diglycidylether",O(CCCCOCC1OC1)CC2OC2,2425-79-8,5.731,1.019,0.7913595895672205,low-fidelity RED
"1,3,5-Triazine-2,4,6-Triamine, N,N,N,N,N ,N -Hexakis(Methoxy",O(CN(c1nc(nc(n1)N(COC)COC)N(COC)COC)COC)C,3089-11-0,6.153,1.051,0.8774964387392121,low-fidelity RED
d-Ephedrine,O[C@@H](c1ccccc1)[C@H](NC)C,321-98-2,6.633,1.119,0.8947765084086642,low-fidelity RED
l-Menthol,O[C@H]1C[C@@H](C)CC[C@@H]1[C@H](C)C,2216-51-5,6.316,1.162,0.5338539126015658,high-fidelity RED
Trans-3-Methylcyclohexanol,O[C@H]1CCC[C@H](C)C1,7443-55-2,6.569,1.087,0.45345892868042614,low-fidelity RED
α-Fenchol,O[C@H]2[C]1(CC[C@H](C1)C2(C)C)C,512-13-0,5.428,1.034,0.532094916344819,low-fidelity RED
Cyclohexanone Oxime,O/N=C1/CCCCC1,100-64-1,6.621,0.9422,0.721110255092798,low-fidelity RED
Butyl Nitrate,O=[N+]([O-])OCCCC,928-45-0,6.171,0.972,0.9263503656824454,low-fidelity RED
Pregnenolone,O=C([C@H]1CC[C@H]2[C@H]3[C@H](CC[C]12C)[C]4(C(=C/C3)\C[C@@H](O)CC4)C)C,145-13-1,7.693,1.455,0.9236476600955585,low-fidelity RED
4-Hexen-3-One,O=C(\C=C/C)CC,2497-21-4,5.818,0.9031,0.8035079339994098,low-fidelity RED
"3-Buten-2-One, 4-(2-Furanyl)-",O=C(\C=C\C1=CC=CO1)C,623-15-4,6.488,1.215,0.9490126448051155,low-fidelity RED
"Ethyl  -Methyl-4,4,4-Trifluoro-Acetoacetate,Tech.",O=C(C(C(OCC)=O)C)C(F)(F)F,344-00-3,6.076,0.9801,0.9940447676035523,low-fidelity RED
Methyl Pivaloylacetate,O=C(C(C)(C)C)CC(=O)OC,55107-14-7,6.401,0.7889,0.8003905296791061,low-fidelity RED
Ethyl Methacrylate,O=C(C(C)=C)OCC,97-63-2,6.431,0.9511,0.6373774391990981,high-fidelity RED
"Propanoic Acid, 2-Bromo-, Ethyl Ester",O=C(C(C)Br)OCC,535-11-5,6.373,0.9369,0.23584952830141484,low-fidelity RED
Ethyl Isobutanoate,O=C(C(C)C)OCC,97-62-1,6.792,0.8907,0.9766012492312308,low-fidelity RED
Ethyl Dichloroacetate,O=C(C(Cl)Cl)OCC,535-15-9,6.046,0.9562,0.400780488547035,low-fidelity RED
Butyl Lactate,O=C(C(O)C)OCCCC,138-22-7,7.181,0.931,0.7697402159170325,high-fidelity RED
Isobutyl Acetoacetate,O=C(C)CC(=O)OCC(C)C,7779-75-1,7.278,0.9827,0.653834841531101,low-fidelity RED
Hexylene Glycol Diacetate,O=C(C)OCCCCCCOC(C)=O,6222-17-9,7.341,0.7739,0.8321658488546619,high-fidelity RED
Ethyl 4-(Acetyl Thio) Butyrate,O=C(C)SCCCC(=O)OCC,104228-51-5,7.132,0.9133,0.681909084849293,low-fidelity RED
Methyl Heptine Carbonate,O=C(C#CCCCCC)OC,111-12-6,6.429,0.9918,0.5900211860602973,low-fidelity RED
Ethyl Acrylate,O=C(C=C)OCC,140-88-5,6.897,0.9311,0.9672771061076554,high-fidelity RED
Propyl Acrylate,O=C(C=C)OCCC,925-60-0,6.625,0.9694,0.7619875327064087,low-fidelity RED
n-Butyl Acrylate,O=C(C=C)OCCCC,141-32-2,6.944,0.952,0.9880536422684755,high-fidelity RED
Ethyl Benzoylacetate,O=C(C1=CC=CC=C1)CC(OCC)=O,94-02-0,7.127,1.022,0.9113863066779094,low-fidelity RED
Butyl Benzoate,O=C(C1=CC=CC=C1)OCCCC,136-60-7,7.414,0.9786,0.9766012492312305,high-fidelity RED
Methyl Furoate,O=C(C1=CC=CO1)OC,611-13-2,7.376,1.104,0.600520607473215,high-fidelity RED
Ethyl 2-Furoate ,O=C(C1=CC=CO1)OCC,614-99-3,7.996,1.155,0.9293815147720551,low-fidelity RED
Cyclohexanecarboxylic Acid,O=C(C1CCCCC1)O,98-89-5,5.764,0.959,0.8789197915623469,low-fidelity RED
Propionic Anhydride,O=C(CC)OC(CC)=O,123-62-6,5.87,0.8803,0.9676001240181813,high-fidelity RED
(Z)-3-Hexen-1-Yl Propionate,O=C(CC)OCC/C=C\CC,33467-74-2,6.095,1.04,0.8975661535508122,low-fidelity RED
n-Butyl Propionate,O=C(CC)OCCCC,590-01-2,6.331,0.8822,0.761987532706409,high-fidelity RED
"Butanedioic Acid, Dimethyl Ester",O=C(CCC(OC)=O)OC,106-65-0,7.004,0.7197,0.30923292192132457,low-fidelity RED
Diethyl Succinate,O=C(CCC(OCC)=O)OCC,123-25-1,7.215,0.7396,0.3400367627183861,low-fidelity RED
Dipropyl Succinate,O=C(CCC(OCCC)=O)OCCC,925-15-5,7.285,0.9008,0.6344288770224763,low-fidelity RED
5-Hexen-2-One,O=C(CCC=C)C,109-49-9,6.616,0.9259,0.895125689498408,low-fidelity RED
Dibutyl Adipate,O=C(CCCCC(OCCCC)=O)OCCCC,105-99-7,7.637,0.9179,0.9555757426808196,low-fidelity RED
"Propanoic Acid, 3-Chloro-, Ethyl Ester",O=C(CCCl)OCC,623-71-2,6.482,0.9251,0.5031152949374527,low-fidelity RED
"Acetic Acid, Chloro-, Ethyl Ester",O=C(CCl)OCC,105-39-5,5.656,0.848,0.632949445058608,low-fidelity RED
Phosgene,O=C(Cl)Cl,75-44-5,5.533,0.7704,0.7110731326663949,high-fidelity RED
"N,N-Dimethylpentanamide",O=C(N(C)C)CCCC,6/5/25 0:00,6.665,0.7924,0.7941190087134296,low-fidelity RED
Tetramethylurea,O=C(N(C)C)N(C)C,632-22-4,5.057,0.7453,0.9775607398008574,high-fidelity RED
Lauryl Sarcosine,O=C(N(C)CC(=O)O)CCCCCCCCCCC,97-78-9,6.555,0.9134,0.48541219597368984,low-fidelity RED
Metalaxyl,O=C(N(c1c(cccc1C)C)C(C(=O)OC)C)COC,57837-19-1,6.754,1.235,0.9086390922693124,low-fidelity RED
"N,N-Bis(2-Hydroxyethyl)Oleamide",O=C(N(CCO)CCO)CCCCCCC/C=C/CCCCCCCC,93-83-4,7.206,1.04,0.6828250141873831,low-fidelity RED
Oleamide,O=C(N)CCCCCCC\C=C/CCCCCCCC,301-02-0,7.332,0.9606,0.6873863542433761,low-fidelity RED
Hexadecanamide,O=C(N)CCCCCCCCCCCCCCC,629-54-9,7.256,0.8386,0.6581223290544091,low-fidelity RED
Docosanamide,O=C(N)CCCCCCCCCCCCCCCCCCCCC,3061-75-4,7.256,0.8386,0.9370832406995658,low-fidelity RED
Diethyl Carbamazine,O=C(N1CCN(C)CC1)N(CC)CC,90-89-1,5.794,1.157,0.8860022573334677,low-fidelity RED
Lidocaine,O=C(Nc1c(cccc1C)C)CN(CC)CC,137-58-6,6.264,1.248,0.9463746615373843,low-fidelity RED
n-Dodecylmethacrylamide,O=C(NCCCCCCCCCCCC)\C(=C)C,1191-39-5,5.583,1.016,0.8979142498033985,low-fidelity RED
Enalapril,O=C(O)[C@H]2N(C(=O)[C@@H](N[C@@H](C(=O)OCC)CCc1ccccc1)C)CCC2,75847-73-3,7.359,1.392,0.4949747468305829,low-fidelity RED
2-Methyl-2-Pentenoic Acid,O=C(O)/C(=C/CC)C,16957-70-3,6.039,0.9218,0.9513148795220225,low-fidelity RED
Trans-2-Hexenoic Acid,O=C(O)/C=C/CCC,13419-69-7,5.899,0.9408,0.9253377761660871,low-fidelity RED
2-Ethyl Butyric Acid,O=C(O)C(CC)CC,88-09-5,6.741,0.8696,0.894776508408664,low-fidelity RED
"Hexanoic Acid, 2-Ethyl-",O=C(O)C(CC)CCCC,149-57-5,6.904,0.9457,0.6619101147436862,low-fidelity RED
2-(M-Anisyl)Propanoic Acid,O=C(O)C(Cc1cc(OC)ccc1)C,,8.297,1.163,0.8291561975888501,low-fidelity RED
p-t-Butyl-α-Methylhydro\Cinnamic Acid,O=C(O)C(Cc1ccc(cc1)C(C)(C)C)C,66735-04-4,7.694,1.177,0.6661456297237115,low-fidelity RED
2-(p-Anisyl)Propanoic Acid,O=C(O)C(Cc1ccc(OC)cc1)C,,8.382,1.179,0.9902651160169172,low-fidelity RED
2-(O-Anisyl)Propanoic Acid,O=C(O)C(Cc1ccccc1OC)C,52427-12-0,7.672,1.095,0.8877640452282353,low-fidelity RED
Melphalan,O=C(O)C(N)Cc1ccc(N(CCCl)CCCl)cc1,148-82-3,6.586,1.218,0.8649421946003093,low-fidelity RED
Neotame,O=C(O)C[C@H](NCCC(C)(C)C)C(=O)N[C@H](C(=O)OC)Cc1ccccc1,165450-17-9,7.314,1.374,0.6031169040907406,low-fidelity RED
"3,5-Di-Tert-Butylsalicylic Acid",O=C(O)c1cc(cc(c1O)C(C)(C)C)C(C)(C)C,19715-19-6,6.386,1.126,0.7520804478245662,low-fidelity RED
4-Ethylbenzoic Acid,O=C(O)c1ccc(cc1)CC,619-64-7,6.62,1.149,0.9721111047611783,low-fidelity RED
Tert-Butylacetic Acid,O=C(O)CC(C)(C)C,1070-83-3,6.025,0.8471,0.9384162189561734,low-fidelity RED
Gabapentin,O=C(O)CC1(CN)CCCCC1,60142-96-3,6.392,1.217,0.8284020762890447,low-fidelity RED
Chenodeoxycholic Acid,O=C(O)CCC(C4C3(C(C1C(C2(C(CC1O)CC(O)CC2)C)CC3)CC4)C)C,80225-86-1,7.354,1.414,0.4930770730828999,low-fidelity RED
4-Phenylbutanoic Acid,O=C(O)CCCc1ccccc1,1821-12-1,7.74,0.916,0.8440971508067069,low-fidelity RED
Heptanoic Acid,O=C(O)CCCCCC,111-14-8,6.542,0.7999,0.7941190087134296,low-fidelity RED
Elaidic Acid,O=C(O)CCCCCCC\C=C\CCCCCCCC,112-79-8,6.622,0.9284,0.9414085191881367,low-fidelity RED
10-Undecenoic Acid,O=C(O)CCCCCCCCC=C,112-38-9,6.657,1.04,0.5437140792732887,low-fidelity RED
Undecanoic Acid,O=C(O)CCCCCCCCCC,112-37-8,6.542,0.7999,0.49307707308290055,low-fidelity RED
Dodecanedioic Acid,O=C(O)CCCCCCCCCCC(=O)O,693-23-2,6.665,0.837,0.7897784499465657,low-fidelity RED
Tridecanoic Acid,O=C(O)CCCCCCCCCCCC,638-53-9,6.542,0.7999,0.6946221994724906,low-fidelity RED
Tetradecanoic Acid,O=C(O)CCCCCCCCCCCCC,544-63-8,6.542,0.7999,0.7382411530116701,low-fidelity RED
Pentadecanoic Acid,O=C(O)CCCCCCCCCCCCCC,1002-84-2,6.542,0.7999,0.8077747210701759,low-fidelity RED
l-Menthyl Lactate,O=C(O[C@H]1[C@@H](CC[C@H](C1)C)C(C)C)[C@@H](O)C,61597-98-6,7.526,1.342,0.48541219597369006,low-fidelity RED
Vinyl_n-Hexanoate,O=C(O\C=C)CCCCC,3050-69-9,7.061,0.8932,0.9027735042633893,low-fidelity RED
t-Butyl Acetoacetate,O=C(OC(C)(C)C)CC(C)=O,1694-31-1,6.511,0.9355,0.8003905296791061,low-fidelity RED
"1-Propen-2-ol, Acetate",O=C(OC(C)=C)C,108-22-5,5.88,0.9266,0.5408326913195988,low-fidelity RED
Nimodipine,O=C(OC(C)C)\C1=C(\N/C(=C(/C(=O)OCCOC)C1c2cccc([N+]([O-])=O)c2)C)C,66085-59-4,6.325,1.411,0.753740671584066,low-fidelity RED
"Bis(1-Methylethyl)Ester, 1,3-Dithiolan-2-Ylidene Propanedioi",O=C(OC(C)C)C(\C(=O)OC(C)C)=C1/SCCS1,50512-35-1,7.374,1.131,0.5390964663211953,low-fidelity RED
Diisopropyl d-Tartrate,O=C(OC(C)C)C(O)C(O)C(=O)OC(C)C,62961-64-2,7.022,0.8814,0.896172416446746,low-fidelity RED
Isopropyl Propanoate,O=C(OC(C)C)CC,637-78-5,6.361,0.8598,0.9766012492312308,low-fidelity RED
Isopropyl-n-Phenyl Carbamate,O=C(OC(C)C)Nc1ccccc1,122-42-9,7.313,0.9872,0.9516433155337143,low-fidelity RED
1-Methylbutyl Acetate,O=C(OC(C)CCC)C,626-38-0,6.67,0.9137,0.9708243919473799,low-fidelity RED
Ethyl 4-Acetoxyoctanoate,O=C(OC(CCC(=O)OCC)CCCC)C,121312-01-4,7.914,1.154,0.7810249675906659,low-fidelity RED
1-Phenoxy-2-Propanyl Acetate,O=C(OC(COc1ccccc1)C)C,5413-56-9,8.619,1.003,0.6837397165588667,low-fidelity RED
1-Propoxy-2-Propanyl Acetate,O=C(OC(COCCC)C)C,22326,7.156,1.007,0.791359589567221,low-fidelity RED
Methyl Trans-2-Octenoate,O=C(OC)/C=C/CCCCC,7367-81-9,6.616,1.008,0.8533024082938007,low-fidelity RED
Dimethyl Maleate,O=C(OC)/C=C\C(OC)=O,624-48-6,6.232,0.8862,0.8291561975888502,high-fidelity RED
Methyl-α-Phenylacrylate,O=C(OC)\C(=C)c1ccccc1,1865-29-8,6.659,1.074,0.9890020222426239,low-fidelity RED
"2-Butenedioic Acid (E)-, Dimethyl Este",O=C(OC)\C=C\C(OC)=O,624-49-7,6.232,0.8862,0.4190763653560052,low-fidelity RED
Methyl Sorbate,O=C(OC)\C=C\C=C\C,689-89-4,5.974,1.078,0.5279678020485721,low-fidelity RED
Methyl Isobutylate,O=C(OC)C(C)C,547-63-7,6.655,0.9171,0.7798236980241116,low-fidelity RED
Methyl Dichloroacetate,O=C(OC)C(Cl)Cl,116-54-1,5.905,0.9856,0.5226136240091712,low-fidelity RED
Methyl Acrylate,O=C(OC)C=C,96-33-3,6.067,0.8587,0.8645808232895291,high-fidelity RED
Methyl Propionate,O=C(OC)CC,554-12-1,5.845,0.7389,0.6841966091702008,high-fidelity RED
Methyl Trifluoroacetoacetone,O=C(OC)CC(C(F)(F)F)=O,83643-84-9,5.368,0.9069,0.8396427811873336,low-fidelity RED
"Propanedioic Acid, Dimethyl Ester",O=C(OC)CC(OC)=O,108-59-8,6.398,0.7245,0.5482928049865327,low-fidelity RED
Methyl Dihydrojasmonate,O=C(OC)CC1C(C(=O)CC1)CCCCC,2630-39-9,7.841,1.169,0.8645808232895293,low-fidelity RED
"Hexanedioic Acid, Dimethyl Ester",O=C(OC)CCCCC(OC)=O,627-93-0,7.317,0.7178,0.2750000000000003,low-fidelity RED
"Nonanedioic Acid, Dimethyl Ester",O=C(OC)CCCCCCCC(OC)=O,1732-10-1,7.261,0.7508,0.6329494450586081,low-fidelity RED
Dimethyl Sebacate,O=C(OC)CCCCCCCCC(OC)=O,106-79-6,7.261,0.7508,0.7782191208136691,high-fidelity RED
Methyl Chloroacetate,O=C(OC)CCl,96-34-4,5.343,0.8979,0.9100137361600644,low-fidelity RED
Ethyl Methyl Carbonate,O=C(OC)OCC,623-53-0,6.989,0.8187,0.9698582370635414,low-fidelity RED
Trans-2-Hexenyl Acetate,O=C(OC/C=C/CCC)C,2497-18-9,6.825,1.004,0.8019507466172723,low-fidelity RED
Trans-2-Hexenyl Propionate,O=C(OC/C=C/CCC)CC,53398-80-4,6.09,1.074,0.9555757426808196,low-fidelity RED
Vinyl Acetate,O=C(OC=C)C,108-05-4,6.418,0.844,0.7591113225344489,high-fidelity RED
Vinyl Butyrate,O=C(OC=C)CCC,123-20-6,6.465,0.9111,0.7988272654335232,high-fidelity RED
Mexacarbate,O=C(Oc1cc(c(c(c1)C)N(C)C)C)NC,315-18-4,6.696,1.293,0.9826622003516766,low-fidelity RED
Mono-Menthyl Succinate,O=C(OC1CC(C)CCC1C(C)C)CCC(O)=O,77341-67-4,7.426,1.386,0.4077376607575022,low-fidelity RED
 (4-Tert-Butylphenyl) 2-Hydroxybenzoate,O=C(Oc1ccc(cc1)C(C)(C)C)c2ccccc2O,87-18-3,7.962,1.178,0.9532837982468806,low-fidelity RED
"Salicylic  Acid, p-Octylphenyl Ester",O=C(Oc1ccc(cc1)CCCCCCCC)c2ccccc2O,2512-56-3,8.151,1.214,0.7717674520216566,low-fidelity RED
Phenyl Me Thacrylate,O=C(Oc1ccccc1)\C(=C)C,2177-70-0,7.125,0.943,0.9890020222426239,low-fidelity RED
Phenyl Acrylate,O=C(Oc1ccccc1)\C=C,937-41-7,7.295,0.9379,0.9117291264405233,low-fidelity RED
"2-(1-Methylpropyl)Phenol, Methylcarbamate",O=C(Oc1ccccc1C(C)CC)NC,3766-81-2,7.521,1.168,0.9762812094883315,low-fidelity RED
2-Pyridyl Methacrylate,O=C(Oc1ccccn1)C(C)=C,,6.931,1.179,0.7866066361276141,low-fidelity RED
Isobutyl Paraben,O=C(OCC(C)C)c1ccc(O)cc1,2/3/47 0:00,7.926,1.011,0.659545297913645,low-fidelity RED
Isobutyl-3-(Methyl Thio) Butyrate,O=C(OCC(C)C)CC(C)SC,127931-21-9,7.355,0.9638,0.9017344398435716,low-fidelity RED
Isobutyl n-Phenylcarbamate,O=C(OCC(C)C)Nc1ccccc1,2291-80-7,8.083,1.134,0.8015609770940699,low-fidelity RED
2-Methylbutyl Acetate,O=C(OCC(C)CC)C,624-41-9,7.448,0.8769,0.9826622003516773,low-fidelity RED
2-Phenyl Propyl Acetate,O=C(OCC(c1ccccc1)C)C,10402-52-5,8.142,0.899,0.9893179468704689,low-fidelity RED
2-Ethylhexylthioglycolate,O=C(OCC(CCCC)CC)CS,7659-86-1,7.506,0.8825,0.550567888638631,low-fidelity RED
Monoolein,O=C(OCC(O)CO)CCCCCCCC=CCCCCCCCC,111-03-5,8.52,1.189,0.5012484413940861,low-fidelity RED
Monolaurin,O=C(OCC(O)CO)CCCCCCCCCCC,142-18-7,8.454,1.134,0.8261355820929154,low-fidelity RED
Glyceryl Monostearate,O=C(OCC(O)CO)CCCCCCCCCCCCCCCCC,123-94-4,8.454,1.134,0.7491662031885853,low-fidelity RED
"2-Butenoic Acid, Ethyl Este, (E)-",O=C(OCC)/C=C/C,623-70-1,6.917,1.037,0.480234317807464,low-fidelity RED
Diethyl Maleate,O=C(OCC)\C=C/C(OCC)=O,141-05-9,7.046,1.01,0.16007810593582136,low-fidelity RED
Diethyl Fumarate,O=C(OCC)\C=C\C(OCC)=O,623-91-6,7.046,1.01,0.16007810593582136,low-fidelity RED
Nitrendipine,O=C(OCC)\C1=C(\N/C(=C(/C(=O)OC)C1c2cccc([N+]([O-])=O)c2)C)C,39562-70-4,6.284,1.351,0.7754031209635405,low-fidelity RED
Ethyl Bromofluoroacetate,O=C(OCC)C(Br)F,401-55-8,6.29,1.05,0.24999999999999992,low-fidelity RED
"Ethyl 2,2-Difluoroacetoacetate",O=C(OCC)C(C(C)=O)(F)F,2266-48-0,5.297,0.8599,0.6896557112066862,low-fidelity RED
Ethyl Trichloroacetate,O=C(OCC)C(Cl)(Cl)Cl,515-84-4,5.442,0.8891,0.8492643875731511,low-fidelity RED
Ethyl Chlorofluoroacetate,O=C(OCC)C(Cl)F,401-56-9,5.751,0.8881,0.7454025757937792,low-fidelity RED
3-Ethyl-2-Hydroxy-2-Cyclopenten-1-One,O=C(OCC)C(O)CCCC,52089-55-1,7.102,1.051,0.681909084849293,low-fidelity RED
Ethyl Benzoate,O=C(OCC)C1=CC=CC=C1,93-89-0,7.073,0.8851,0.753740671584066,high-fidelity RED
Tropical 3-Thiobutyrate,O=C(OCC)CC(C)SC,233665-96-8,6.949,0.8986,0.5640257086339237,low-fidelity RED
Diethyl Malonate,O=C(OCC)CC(OCC)=O,105-53-3,6.635,0.844,0.614918693812442,high-fidelity RED
Ethyl Cyanoacetate,O=C(OCC)CC#N,105-56-6,6.643,0.982,0.5573374202401989,high-fidelity RED
Ethyl Phenylacetate,O=C(OCC)CC1=CC=CC=C1,101-97-3,7.454,1.053,0.8551315688243537,low-fidelity RED
Ethyl Levulinate,O=C(OCC)CCC(C)=O,539-88-8,7.133,0.8588,0.6254998001598401,low-fidelity RED
Diethyl Glutarate,O=C(OCC)CCCC(OCC)=O,818-38-2,7.357,0.8213,0.46165463281548524,low-fidelity RED
"Hexanedioic Acid, Diethyl Ester",O=C(OCC)CCCCC(OCC)=O,141-28-6,7.521,0.82,0.6087897830942963,low-fidelity RED
Ethyl 2-Ethoxyacetate,O=C(OCC)COCC,817-95-8,6.252,0.9277,0.5787918451395114,low-fidelity RED
Ethyl N-Benzylcarbamate,O=C(OCC)NCc1ccccc1,2621-78-5,7.56,0.9441,0.9249999999999995,low-fidelity RED
Ethyl Propylcarbamate,O=C(OCC)NCCC,623-85-8,6.452,1.0,0.7909646009778188,low-fidelity RED
Green\Cyclopropionate,O=C(OCC\C=C/CC)C1CC1,188570-78-7,6.683,1.109,0.841501633985342,low-fidelity RED
Diallyl Maleate,O=C(OCC=C)\C=C/C(OCC=C)=O,999-21-3,6.701,1.063,0.5024937810560444,low-fidelity RED
"2-Propenoic Acid, 2-Propenyl Ester",O=C(OCC=C)C=C,999-55-3,6.607,0.9382,0.6051859218455107,low-fidelity RED
Glycidyl Acrylate,O=C(OCC1OC1)\C=C,106-90-1,6.614,1.149,0.4987484335815001,low-fidelity RED
Tetrahydrofurfuryl Acrylate,O=C(OCC1OCCC1)\C=C,2399-48-6,5.762,1.171,0.5279678020485716,low-fidelity RED
Furfuryl Octanoate,O=C(OCc1occc1)CCCCCCC,39252-03-4,8.648,1.111,0.7737893770271081,low-fidelity RED
"1,3-Diacetoxybutane",O=C(OCCC(OC(=O)C)C)C,1117-31-3,7.679,0.9264,0.27950849718747384,low-fidelity RED
Dipropyl Maleate,O=C(OCCC)\C=C/C(=O)OCCC,2432-63-5,6.775,1.049,0.5367727638395972,low-fidelity RED
Propyl Methacrylate,O=C(OCCC)C(C)=C,2210-28-8,6.447,1.031,0.7318640584152226,high-fidelity RED
Propyl p-Aminobenzoate {Risocaine},O=C(OCCC)c1ccc(N)cc1,94-12-2,7.256,1.1,0.9303897032964188,low-fidelity RED
Propyl Pentanoate,O=C(OCCC)CCCC,141-06-0,7.447,0.9507,0.9953014618697192,low-fidelity RED
Fluazifop-Butyl,O=C(OCCCC)[C@H](Oc2ccc(Oc1ncc(cc1)C(F)(F)F)cc2)C,79241-46-6,7.336,1.488,0.9017344398435717,low-fidelity RED
Dibutyl Maleate,O=C(OCCCC)\C=C/C(OCCCC)=O,105-76-0,7.092,1.032,0.2692582403567253,high-fidelity RED
Di Butyl Fumarate,O=C(OCCCC)\C=C\C(OCCCC)=O,105-75-9,7.092,1.032,0.7508328708840604,high-fidelity RED
Butyl p-Aminobenzoate (Butamben),O=C(OCCCC)c1ccc(N)cc1,94-25-7,7.571,1.087,0.80816149376223,low-fidelity RED
Monobutyl Phthalate (Mbp),O=C(OCCCC)c1ccccc1C(=O)O,131-70-4,7.424,1.083,0.7945124291035345,low-fidelity RED
Butyl Ethylcarbamate,O=C(OCCCC)NCC,16246-07-4,6.943,0.8897,0.6373774391990978,low-fidelity RED
n-Amyl Acetate,O=C(OCCCCC)C,628-63-7,7.253,0.6874,0.9141252649391112,high-fidelity RED
Dipentyl Oxalate,O=C(OCCCCC)C(=O)OCCCCC,20602-86-2,7.022,0.9079,0.6950719387228925,low-fidelity RED
Pentyl p-Aminobenzoate,O=C(OCCCCC)c1ccc(N)cc1,13110-37-7,7.612,1.085,0.7176350047203665,low-fidelity RED
Hexyl p-Aminobenzoate,O=C(OCCCCCC)c1ccc(N)cc1,13476-55-6,7.554,1.089,0.5820223363411398,low-fidelity RED
Heptyl Paraben,O=C(OCCCCCCC)c1ccc(O)cc1,1085-12-7,7.572,0.9955,0.584166072277396,low-fidelity RED
Octyl p-Aminobenzoate,O=C(OCCCCCCCC)c1ccc(N)cc1,14309-41-2,7.554,1.089,0.5178078794301998,low-fidelity RED
Dodecyl p-Aminobenzoate,O=C(OCCCCCCCCCCCC)c1ccc(N)cc1,20043-94-1,7.554,1.089,0.6955213871621778,low-fidelity RED
Hexamethylene Diacrylate,O=C(OCCCCCCOC(=O)\C=C)\C=C,13048-33-4,7.058,1.003,0.8891709621889371,low-fidelity RED
2(Dimethylamino)Ethyl Methacrylate,O=C(OCCN(C)C)\C(=C)C,2867-47-2,6.166,1.117,0.9357483636106453,low-fidelity RED
2(Dimethylamino)Ethyl Acrylate,O=C(OCCN(C)C)\C=C,2439-35-2,6.344,1.052,0.7945124291035353,low-fidelity RED
Procaine,O=C(OCCN(CC)CC)c1ccc(N)cc1,59-46-1,6.533,1.187,0.5338539126015658,low-fidelity RED
2-Hydroxy Ethyl Methacrylate,O=C(OCCO)\C(=C)C,12676-48-1,7.017,1.064,0.9620940702446928,low-fidelity RED
Ethylene Glycol Diacrylate,O=C(OCCOC(=O)C=C)C=C,11/5/74 0:00,6.725,0.9057,0.340036762718386,low-fidelity RED
"Methacrylic Acid,  2-Methoxyethyl Ester",O=C(OCCOC)\C(=C)C,6976-93-8,5.438,0.9924,0.5297405025104276,low-fidelity RED
2-Methoxyethyl Acrylate,O=C(OCCOC)\C=C,3121-61-7,5.613,0.9097,0.3211308144666282,low-fidelity RED
2-Phenoxyethanol Acetate,O=C(OCCOc1ccccc1)C,6192-44-5,8.373,0.9424,0.6408002808988139,low-fidelity RED
Polysorbate 20,O=C(OCCOCC(OCCO)C1OC(OCCO)CC1OCCO)CCCCCCC/C=C/CCCCCCCC,9005-64-5,8.723,1.481,0.6041522986797284,low-fidelity RED
Diethylene Glycoldimethacrylate,O=C(OCCOCCOC(=O)\C(=C)C)\C(=C)C,2358-84-1,6.87,1.018,0.761987532706409,low-fidelity RED
Allyl Diglycol Carbonate,O=C(OCCOCCOC(=O)OC\C=C)OC\C=C,142-22-3,7.085,1.006,0.7198090024443986,low-fidelity RED
2-(2-Methoxyethoxy)Ethyl Acetate,O=C(OCCOCCOC)C,629-38-9,6.189,0.8436,0.21505813167606663,low-fidelity RED
Adipic Acid Bis(2-(2-Butoxyethoxy)Ethyl) Ester,O=C(OCCOCCOCCCC)CCCCC(=O)OCCOCCOCCCC,141-17-3,7.771,0.9302,0.8370334521391603,low-fidelity RED
"2,2'-Ethylenedioxydiethyl Bis(2-Ethylbutyrate)",O=C(OCCOCCOCCOC(=O)C(CC)CC)C(CC)CC,95-08-9,7.258,1.019,0.9103570728016561,low-fidelity RED
Tert-Butyl=2-Ethylperoxyhexate,O=C(OOC(C)(C)C)C(CCCC)CC,3006-82-4,7.354,1.052,0.9407443861113391,low-fidelity RED
2-(Methyl Thio) Methyl-2-Butenal,O=C/C(=C/C)CSC,40878-72-6,6.16,0.919,0.8440971508067059,low-fidelity RED
W321818 Trans-2-Pentenal,O=C/C=C/CC,1576-87-0,5.493,1.004,0.7648529270389177,low-fidelity RED
"Trans-2,Cis-6-Nonadienal",O=C/C=C/CC\C=C/CC,557-48-2,5.568,1.027,0.8097067370350823,low-fidelity RED
W256005 Trans-2-Hexen-1-Al,O=C/C=C/CCC,6728-26-3,5.422,0.9496,0.7640353394968064,low-fidelity RED
W316504 Trans-2-Heptenal.,O=C/C=C/CCCC,18829-55-5,5.615,1.028,0.7433034373659253,low-fidelity RED
Trans-2-Octenal,O=C/C=C/CCCCC,2548-87-0,5.806,1.001,0.7956915231419774,low-fidelity RED
Trans-2-Decenal,O=C/C=C/CCCCCCC,3913-81-3,5.752,0.9871,0.9617692030835673,low-fidelity RED
Atractylenolide III,O=C\1O[C]2(O)/C(=C/1C)C[C@H]3\C(=C)CCC[C]3(C2)C,73030-71-4,6.885,1.479,0.6576473218982953,low-fidelity RED
Ouabain,O=C\1OC/C(=C/1)[C@H]2CC[C]6(O)[C]2(C)C[C@@H](O)C4C6CC[C]5(O)C[C@@H](O[C@@H]3O[C@H]([C@H](O)[C@@H](O)[C@H]3O)C)C[C@@H](O)[C]45CO,36-06-6,8.193,1.682,0.9397473064606253,low-fidelity RED
2-Butyl-2-Butenal,O=C\C(=C/C)CCCC,25409-08-9,6.566,0.9259,0.8979142498033988,low-fidelity RED
"Trans,Trans-2,4-Hexadienal",O=C\C=C\C=C\C,142-83-6,5.248,1.066,0.6224949798994365,low-fidelity RED
"Trans, Trans-2,4-Heptandienal",O=C\C=C\C=C\CC,3/5/13 0:00,5.378,1.127,0.6991065727054782,low-fidelity RED
Decadienal,O=C\C=C\C=C\CCCCC,25152-84-5,5.69,1.119,0.8344159634139316,low-fidelity RED
"2,4-Undecadien-1-Al",O=C\C=C\C=C\CCCCCC,13162-46-4,5.637,1.101,0.9100137361600646,low-fidelity RED
(S)-( )-Perillaldehyde,O=C\C1=C\C[C@@H](\C(=C)C)CC1,18031-40-8,6.586,1.207,0.8764274071479051,low-fidelity RED
n-Propyl_Isocyanate,O=C=N/CCC,110-78-1,5.128,0.9653,0.922293337284836,low-fidelity RED
Cyclohexyl Isocyanate,O=C=NC1CCCCC1,3173-53-3,5.444,0.9673,0.9354143466934852,low-fidelity RED
Allyl Isocyanate,O=C=NCC=C,1476-23-9,5.209,1.042,0.844097150806707,low-fidelity RED
Carbon Dioxide (Fit = 1.0),O=C=O,124-38-9,5.233,0.7869,0.8097067370350828,high-fidelity RED
Dehydromenthofurolactone,O=C1C(=C2CCC(C=C2O1)C)C,75640-26-5,6.986,1.177,0.6025985396596977,low-fidelity RED
Methyl Dihydro Jasmonate,O=C1C(CCCCC)C(CC(=O)OC)CC1,24851-98-7,7.841,1.169,0.8645808232895293,low-fidelity RED
Prostaglandin E2,O=C1C[C@@H](O)[C@H](C=C[C@@H](O)CCCCC)[C@H]1CC=CCCCC(=O)O,363-24-6,9.123,1.459,0.8536685539481934,low-fidelity RED
Tuberose Lactone,O=C1CCC(C\C=C\C\C=C\CC)O1,153175-57-6,7.003,1.256,0.9370832406995657,low-fidelity RED
Petal Pyranone,O=C1CCCC(CC\C=C\C)O1,32764-98-0,7.572,1.365,0.981389321319526,low-fidelity RED
n-Vinylpyrrolidone,O=C1N(\C=C)CCC1,25249-54-1,5.734,0.9439,0.9688911187538045,low-fidelity RED
Triallyl Isocyanurate,O=C1N(C(=O)N(C(=O)N1C\C=C)C\C=C)C\C=C,1025-15-6,6.581,1.046,0.8050621094052306,low-fidelity RED
"2-Propenoic_Acid,_(2,4,6-Trioxo-1,3,5-Triazine-1,3,5(2H,4H,6H)-Triyl)Tri-2,1-Eth",O=C1N(C(=O)N(C(=O)N1CCOC(=O)\C=C)CCOC(=O)\C=C)CCOC(=O)\C=C,40220-08-4,7.498,1.161,0.9130991183874837,low-fidelity RED
"1,5-Dimethyl-2-Pyrrolidinone",O=C1N(C)C(C)CC1,5075-92-3,6.834,1.019,0.6873863542433759,low-fidelity RED
Terbacil,O=C1N/C(=C(/Cl)C(=O)N1C(C)(C)C)C,5902-51-2,5.78,1.294,0.9714679613862722,low-fidelity RED
Undecanolide,O=C1OCCCCCCCCCC1,1335-45-1,7.067,0.996,0.9100137361600646,low-fidelity RED
Aminopyrine,O=C2\C(=C(/N(N2c1ccccc1)C)C)N(C)C,58-15-1,6.113,1.168,0.9453835200594519,low-fidelity RED
Artemisinin,O=C3O[C@@H]4O[C]1(OO[C]42[C@@H](CC1)[C@H](C)CC[C@H]2[C@H]3C)C,63968-64-9,6.861,1.313,0.5755432216610665,low-fidelity RED
Nandrolone,O=C4\C=C2/[C@@H]([C@H]1CC[C]3([C@@H](O)CC[C@H]3[C@@H]1CC2)C)CC4,434-22-0,7.631,1.333,0.9581883948368404,low-fidelity RED
2-Methylhexanal,O=CC(C)CCCC,925-54-2,6.069,0.9619,0.9839334327077214,low-fidelity RED
3-Cyclohexene-1-Carboxaldehyde,O=CC1CCC=CC1,100-50-5,5.264,0.9762,0.783022988168291,low-fidelity RED
Cis-4-Decenal,O=CCC\C=C/CCCCC,21662-09-9,6.052,0.941,0.9137833441248533,low-fidelity RED
Isopropyl Formate,O=COC(C)C,625-55-8,5.957,0.8993,0.80156097709407,low-fidelity RED
sec-Butyl Formate,O=COC(C)CC,589-40-2,5.771,0.9444,0.7508328708840606,low-fidelity RED
α-Methylbenzyl Alcohol Formate,O=COC(C1=CC=CC=C1)C,7775-38-4,6.872,1.03,0.7533259586659679,low-fidelity RED
3-Octyl Formate,O=COC(CCCCC)CC,84434-65-1,6.53,1.031,0.9861541461658011,low-fidelity RED
2-Decalinyl Formate,O=COC1CC2CCCCC2CC1,10519-12-7,5.03,1.045,0.9953014618697192,low-fidelity RED
Cyclohexyl Formate,O=COC1CCCCC1,4351-54-6,5.366,1.035,0.5249999999999999,low-fidelity RED
Isobutyl Formate,O=COCC(C)C,542-55-2,6.423,0.9216,0.7537406715840671,high-fidelity RED
2-Methylbutyl Formate,O=COCC(C)CC,35073-27-9,6.392,0.9251,0.7952986860293437,low-fidelity RED
Benzyl Formate,O=COCC1=CC=CC=C1,104-57-4,6.881,1.042,0.7271519786124497,low-fidelity RED
Hexyl Formate,O=COCCCCCC,629-33-4,6.115,0.8977,0.6800735254367722,low-fidelity RED
Nonyl Formate,O=COCCCCCCCCC,5451-92-3,6.115,0.8977,0.9797958971132715,low-fidelity RED
Amyl Nitrite,O=NOCCCCC,463-04-7,6.166,0.9753,0.9168560410446124,low-fidelity RED
Crotoxyphos,O=P(OC)(OC)O\C(=C\C(=O)OC(c1ccccc1)C)C,7700-17-6,6.68,1.414,0.8325412902673355,low-fidelity RED
"Phosphoric Acid, Bis(2-Ethylhexyl) Ester",O=P(OCC(CC)CCCC)(OCC(CCCC)CC)O,298-07-7,7.245,1.103,0.887764045228235,low-fidelity RED
Triallylphosphate,O=P(OCC=C)(OCC=C)OCC=C,1623-19-4,5.178,1.013,0.8440971508067066,low-fidelity RED
Tripropyl Phosphate,O=P(OCCC)(OCCC)OCCC,513-08-6,5.062,1.002,0.9141252649391111,low-fidelity RED
"Ethanol, 2-Butoxy-, Phosphate (3:1)",O=P(OCCOCCCC)(OCCOCCCC)OCCOCCCC,78-51-3,5.517,1.041,0.9727538229171862,low-fidelity RED
Dodecylbenzenesulfonic Acid,O=S(=O)(O)c1ccc(cc1)CCCCCCCCCCCC,27176-87-0,6.668,1.241,0.9775607398008574,low-fidelity RED
Thionyl Chloride,O=S(Cl)Cl,9/7/19 0:00,5.2,0.9176,0.5086747487343951,high-fidelity RED
Butyl Ethyl Sulfite,O=S(OCC)OCCCC,92876-99-8,6.853,1.112,0.6427480066091221,low-fidelity RED
Dibutyl Sulfate,O=S(OCCCC)(OCCCC)=O,625-22-9,5.919,0.9624,0.7245688373094722,low-fidelity RED
Dipentyl Sulfite,O=S(OCCCCC)OCCCCC,2051-05-0,6.959,1.007,0.5315072906367324,low-fidelity RED
Ethylene Methyl Sulfonate,O=S(OCCOS(=O)(C)=O)(C)=O,4672-49-5,5.447,1.02,0.9861541461658011,high-fidelity RED
Probenazole,O=S2(=O)/N=C(/OC\C=C)c1ccccc12,27605-76-1,7.304,1.299,0.918218383610347,low-fidelity RED
"2-Vinyl-1,3-Dioxolane",O1C(OCC1)\C=C,3984-22-3,5.28,0.9842,0.4534589286804265,low-fidelity RED
2-Furfuryl Acetate,O1C=CC=C1COC(C)=O,623-17-6,8.064,0.9802,0.4479118216792233,low-fidelity RED
"2,3-Dihydrofuran",O1CCC=C1,1191-99-7,5.102,0.8949,0.28062430400804583,low-fidelity RED
Oxepane,O1CCCCCC1,592-90-5,5.181,0.7656,0.8620469824783334,low-fidelity RED
Benzo 18 Crown 6,O1CCOc2ccccc2OCCOCCOCCOCC1,14098-24-9,5.636,0.9372,0.9695359714832661,low-fidelity RED
"1,2-Epoxy-4-(Epoxyethyl)Cyclohexane",O3C(C1CC2OC2CC1)C3,106-87-6,5.351,1.095,0.7968688725254611,low-fidelity RED
"1,5-Hexadien-3-ol",OC(\C=C)C\C=C,924-41-4,6.72,0.9982,0.8821139382188679,low-fidelity RED
1-Hexen-3-ol,OC(\C=C)CCC,4798-44-1,6.038,1.06,0.7301540933255115,low-fidelity RED
Artesunate,OC(=O)CCOC(=O)[C@@H]3O[C@@H]4O[C]1(C)OOC42[C@@H](CC[C@@H](C)[C@@H]2CC1)[C@H]3C,88495-63-0,7.098,1.447,0.441588043316392,low-fidelity RED
"Ethyl 2-Methyl-3-Hydroxy-4,4,4-Trifluorobutyrate",OC(C(C(OCC)=O)C)C(F)(F)F,91600-33-8,5.403,0.9668,0.805450184679351,low-fidelity RED
"2,4,6-Trimethylphenol",OC(C(C)=CC(C)=C1)=C1C,527-60-6,6.921,0.8626,0.981389321319526,low-fidelity RED
"2,6-Dimethyl-3-Heptanol",OC(C(C)C)CCC(C)C,19549-73-6,6.634,0.9381,0.884590300647707,low-fidelity RED
"2,7-Dimethyl-3-Octanol",OC(C(C)C)CCCC(C)C,66719-55-9,6.637,0.8708,0.9236476600955587,low-fidelity RED
"3,5-Dimethyl-4-Heptanol",OC(C(C)CC)C(C)CC,19549-79-2,6.66,0.8838,0.9852030247619019,low-fidelity RED
"2,3-Dimethyl-3-Heptanol",OC(C)(C(C)C)CCCC,19549-71-4,6.709,0.9163,0.9594920531197746,low-fidelity RED
"2,3-Dimethyl-2-Hexanol",OC(C)(C)C(C)CCC,19550-03-9,6.11,0.8789,0.8200609733428363,low-fidelity RED
2-Methyl-3-Ethyl-2-Pentanol,OC(C)(C)C(CC)CC,19780-63-3,6.4,0.8749,0.8003905296791066,low-fidelity RED
2-Methyl-3-Ethyl-2-Hexanol,OC(C)(C)C(CC)CCC,66794-02-3,6.177,1.048,0.9516433155337144,low-fidelity RED
"2,3-Dimethyl-2-Heptanol",OC(C)(C)C(CCCC)C,1331-39-1,6.624,0.9296,0.8291561975888501,low-fidelity RED
"2,4-Dimethyl-2-Heptanol",OC(C)(C)CC(C)CCC,65822-93-7,6.146,0.9642,0.8916277250063505,low-fidelity RED
"2,4-Dimethyl-2,4-Pentanediol",OC(C)(C)CC(O)(C)C,24892-49-7,6.296,0.8757,0.9981232388838567,low-fidelity RED
"2,5-Dimethyl-2-Heptanol",OC(C)(C)CCC(CC)C,E14177,6.345,0.9897,0.9476945710512433,low-fidelity RED
"2,6-Dimethyl-2-Heptanol",OC(C)(C)CCCC(C)C,13254-34-7,6.569,0.882,0.8905756565278442,low-fidelity RED
3-Methyl-4-Ethyl-3-Hexanol,OC(C)(CC)C(CC)CC,66794-05-6,6.607,1.01,0.9320675941153626,low-fidelity RED
"3,6-Dimethyl-3-Heptanol",OC(C)(CC)CCC(C)C,1573-28-0,6.427,0.8551,0.9516433155337141,low-fidelity RED
"3,3-Dimethyl-2-Pentanol",OC(C)C(C)(C)CC,19781-24-9,6.967,1.004,0.87535707000058,low-fidelity RED
"3,7-Dimethyl-2-Octanol",OC(C)C(C)CCCC(C)C,15340-96-2,6.683,1.005,0.8314144574157946,low-fidelity RED
3-Methyl-2-Octanol,OC(C)C(C)CCCCC,27644-49-1,6.81,0.9845,0.6873863542433762,low-fidelity RED
"4,6-Dimethyl-2-Heptanol",OC(C)CC(C)CC(C)C,51079-52-8,6.783,0.8044,0.7826237921249265,low-fidelity RED
2-Octanol,OC(C)CCCCCC,4128-31-8,7.003,0.9055,0.5706356105256661,low-fidelity RED
1(3-Methylphenyl)Ethanol,OC(c1cccc(c1)C)C,25675-28-9,7.465,1.078,0.9233092656309686,low-fidelity RED
"2,5-Dimethyl-4-Octanol",OC(CC(C)C)C(C)CCC,66719-53-7,6.215,0.9934,0.9394147114027973,low-fidelity RED
"2,6-Dimethyl-4-Octanol",OC(CC(C)C)CC(C)CC,66719-54-8,6.45,0.8922,0.9842509842514768,low-fidelity RED
"2,7-Dimethyl-4-Octanol",OC(CC(C)C)CCC(C)C,19781-11-4,6.065,1.011,0.9340770846134706,low-fidelity RED
3-Ethyl-3-Octanol,OC(CC)(CC)CCCCC,2051-32-3,6.445,0.9678,0.8891709621889368,low-fidelity RED
"4,4-Dimethyl-3-Hexanol",OC(CC)C(C)(C)CC,19550-09-5,6.683,0.9577,0.8750000000000001,low-fidelity RED
1-Phenyl-1-Propanol,OC(CC)C1=CC=CC=C1,93-54-9,7.345,1.021,0.8433563896716497,low-fidelity RED
3-Hexanol,OC(CC)CCC,623-37-0,5.885,0.9036,0.7254309064273455,low-fidelity RED
6-Methyl-3-Heptanol,OC(CC)CCC(C)C,18720-66-6,5.727,0.978,0.7145802963978232,low-fidelity RED
6-Methyl-3-Octanol,OC(CC)CCC(C)CC,40225-75-0,5.691,1.022,0.7636262174650632,low-fidelity RED
Undecan-3-ol,OC(CC)CCCCCCCC,8/4/29 0:00,6.498,1.001,0.7717674520216568,low-fidelity RED
Dodecan-3-ol,OC(CC)CCCCCCCCC,10203-30-2,6.498,1.001,0.8314144574157947,low-fidelity RED
((Butoxy Methyl Ethoxy)Methyl Ethoxy)Propan-1-ol,OC(CC)OC(C)COC(C)COCCCC,55934-93-5,7.055,1.21,0.45825756949558427,low-fidelity RED
5-Methyl-4-Octanol,OC(CCC)C(C)CCC,59734-23-5,6.43,0.9326,0.7603453162872776,low-fidelity RED
Undecan-4-ol,OC(CCC)CCCCCCC,6/4/72 0:00,6.677,0.9566,0.7335700375560607,low-fidelity RED
2-Methyl-4-Octanol,OC(CCCC)CC(C)C,40575-41-5,6.626,1.055,0.7636262174650633,low-fidelity RED
Propylene Glycol Monoisopropyl Ether,OC(COC(C)C)C,3944-36-3,7.034,0.83,0.9974968671630003,high-fidelity RED
1-Ethoxy Ethoxy-2-Propanol,OC(COCC)COCC,4043-59-8,6.674,0.9479,0.8732124598286491,high-fidelity RED
"2-Propanol, 1,3-Bis(3-Methylbutoxy)-",OC(COCCC(C)C)COCCC(C)C,626-78-8,6.954,1.035,0.7386643351347084,low-fidelity RED
Cafestol,OC[C]5(O)C[C]31C[C@@H]5CC[C@H]1[C]4(C)CCc2occc2[C@H]4CC3,469-83-0,7.742,1.427,0.9733961166965885,low-fidelity RED
"3,7-Dimethyl-2-Octen-1-ol (6,7-Dihydrogeraniol)",OC/C=C(/CCCC(C)C)C,40607-48-5,6.817,0.9524,0.5460082416960389,low-fidelity RED
"Trans-2,Cis-6-Nonadien-1-ol",OC/C=C/CC\C=C/CC,28069-72-9,6.386,0.9172,0.4190763653560051,low-fidelity RED
Trans-2-Hexen-1-ol,OC/C=C/CCC,928-95-0,6.243,0.8685,0.7632168761236874,low-fidelity RED
(S)-( )-Perillyl Alcohol.,OC/C1=C/CC(\C(=C)C)CC1,18457-55-1,6.778,1.152,0.5244044240850757,low-fidelity RED
Cis-2-Hexen-1-ol,OC\C=C/CCC,928-94-9,6.243,0.8685,0.7632168761236874,low-fidelity RED
Terpinen-4-ol,OC1(C(C)C)C/C=C(\CC1)C,562-74-3,6.673,1.074,0.51234753829798,low-fidelity RED
β-Terpineol,OC1(C)CCC(/C(=C)C)CC1,138-87-4,5.685,1.156,0.4930770730829002,low-fidelity RED
2-Tert-Butylphenol,OC1=C(C(C)(C)C)C=CC=C1,88-18-6,6.979,0.8202,0.6675514961409345,low-fidelity RED
2-sec-Butylphenol,OC1=C(C(C)CC)C=CC=C1,89-72-5,7.486,0.878,0.7075485849042451,low-fidelity RED
Ethyl Salicylate,OC1=C(C(OCC)=O)C=CC=C1,118-61-6,7.612,0.9119,0.977560739800857,low-fidelity RED
"2,5-Xylenol",OC1=CC(C)=CC=C1C,95-87-4,6.366,0.9504,0.9864709828474433,low-fidelity RED
3-Methyl-5-Ethylphenol,OC1=CC(CC)=CC(C)=C1,698-71-5,7.206,1.057,0.7636262174650624,low-fidelity RED
4-Isopropylphenol,OC1=CC=C(C(C)C)C=C1,99-89-8,6.778,0.8173,0.6712860791048774,low-fidelity RED
"2,4-Xylenol",OC1=CC=C(C)C=C1C,105-67-9,6.573,0.8506,0.9864709828474433,low-fidelity RED
o-Cresol,OC1=CC=CC=C1C,95-48-7,6.545,0.9275,0.8933784192602819,low-fidelity RED
Nonylphenol,OC1=CC=CC=C1CCCCCCCCC,25154-52-3,7.124,0.9123,0.9113863066779092,low-fidelity RED
"2,6-Di-t-Butyl-4-Hydroxymethylphenol",Oc1c(cc(cc1C(C)(C)C)CO)C(C)(C)C,88-26-6,7.433,1.146,0.7988272654335228,low-fidelity RED
"2-(1,1-Dimethylethyl)-6-Methyl-Phenol",Oc1c(cccc1C(C)(C)C)C,2219-82-1,6.31,1.034,0.7158910531638177,low-fidelity RED
"2,6-Diisopropylphenol",Oc1c(cccc1C(C)C)C(C)C,2078-54-8,6.952,0.9778,0.9185586535436918,low-fidelity RED
"3,4-Diethylphenol",Oc1cc(c(cc1)CC)CC,875-85-4,7.06,1.001,0.6388466169590309,low-fidelity RED
Terbutaline,Oc1cc(cc(O)c1)C(O)CNC(C)(C)C,23031-25-6,7.373,1.181,0.7681145747868601,low-fidelity RED
"2,5-Diethylphenol",Oc1cc(ccc1CC)CC,E13960,7.239,1.168,0.6388466169590309,low-fidelity RED
"2,2,6,6-Tetramethylpiperidin-4-ol",OC1CC(NC(C)(C)C1)(C)C,2403-88-5,6.403,1.141,0.3010398644698076,low-fidelity RED
"2,3,4-Trimethylphenol",Oc1ccc(c(c1C)C)C,526-85-2,6.46,1.061,0.981389321319526,low-fidelity RED
4-Pentylphenol,Oc1ccc(cc1)CCCCC,14938-35-3,7.265,0.947,0.6805328794408092,low-fidelity RED
"Phenol, 4-Nonyl-, Branched,",Oc1ccc(cc1)CCCCCCC(C)C,84852-15-3,7.408,1.087,0.7487489565935969,low-fidelity RED
p-Octylphenol,Oc1ccc(cc1)CCCCCCCC,1806-26-4,7.209,0.9533,0.7705517503711219,low-fidelity RED
"Vanillin 1,2-Butylene Glycol Acetal (Erythro And Threo)",Oc1ccc(cc1OC)C2OC(C)C(C)O2,63253-24-7,8.151,1.24,0.5777110004145661,low-fidelity RED
"2,3-Diethylphenol",Oc1cccc(c1CC)CC,E13961,7.489,1.022,0.6388466169590309,low-fidelity RED
Isopropenylphenol,Oc1ccccc1\C(=C)C,4286-23-1,6.723,0.9314,0.6432340165134295,low-fidelity RED
Hydrogenatedbisphenol A,OC2CCC(C(C1CCC(O)CC1)(C)C)CC2,80-04-6,6.612,1.045,0.6234981956669963,low-fidelity RED
Salen,Oc2ccccc2/C=N/CC/N=C/c1ccccc1O,94-93-9,7.518,0.9241,0.9017344398435717,low-fidelity RED
Santalol,OCC(=C\CCC1(/C(=C)C2CC1CC2)C)\C,115-71-9,7.498,1.342,0.7110731326663944,low-fidelity RED
"2,2-Dimethyl-1-Pentanol",OCC(C)(C)CCC,12/9/70 0:00,5.393,0.9902,0.8158584436040364,low-fidelity RED
"2,2-Dimethyl-1-Heptanol",OCC(C)(C)CCCCC,14250-79-4,5.882,0.9597,0.8268917704270619,low-fidelity RED
"2,2-Dimethyl-1-Octanol",OCC(C)(C)CCCCCC,2370-14-1,5.828,0.963,0.7877975628294366,low-fidelity RED
"2,3,3-Trimethyl-1-Butanol",OCC(C)C(C)(C)C,36794-64-6,6.936,0.7607,0.9222933372848359,low-fidelity RED
"2,3-Dimethyl-1-Butanol",OCC(C)C(C)C,19550-30-2,6.936,0.6926,0.7533259586659687,low-fidelity RED
"2,3,4-Trimethyl-1-Pentanol",OCC(C)C(C)C(C)C,6570-88-3,6.827,0.7568,0.7449832212875674,low-fidelity RED
"2,3-Dimethyl-1-Pentanol",OCC(C)C(C)CC,10143-23-4,7.106,0.9125,0.7215434844830905,low-fidelity RED
"2,4-Dimethyl-1-Pentanol",OCC(C)CC(C)C,6305-71-1,6.813,0.6941,0.7520804478245667,low-fidelity RED
"2,5-Dimethyl-1-Hexanol",OCC(C)CCC(C)C,6886-16-4,6.634,0.8672,0.6937218462755804,low-fidelity RED
2-Methyl-1-Hexanol,OCC(C)CCCC,624-22-6,7.16,0.8604,0.9646890690787372,low-fidelity RED
2-Methyl-1-Octanol,OCC(C)CCCCCC,818-81-5,7.16,0.8826,0.7437237390321757,low-fidelity RED
"1-Propanol, 2-(2-Ethoxypropoxy)-",OCC(C)OCC(C)OCC,15764-24-6,6.75,1.047,0.47762432936356963,low-fidelity RED
4-Methyl-2-Ethyl-1-Pentanol,OCC(CC(C)C)CC,106-67-2,7.06,0.9396,0.7701460900374685,low-fidelity RED
3-Methyl-2-Ethyl-1-Hexanol,OCC(CC)C(C)CCC,66794-04-5,6.573,0.8961,0.744983221287567,low-fidelity RED
2-Ethyl-1-Pentanol,OCC(CC)CCC,27522-11-8,7.045,0.8911,0.7180703308172535,low-fidelity RED
2-Ethyl-1-Heptanol,OCC(CC)CCCCC,817-60-7,7.626,0.8848,0.7668930825088986,low-fidelity RED
4-Methyl-2-Propyl-1-Pentanol,OCC(CCC)CC(C)C,54004-41-0,6.415,0.9161,0.7778174593052029,low-fidelity RED
2-Propyl-1-Pentanol,OCC(CCC)CCC,58175-57-8,6.644,0.8538,0.667083203206317,low-fidelity RED
2-Propyl-1-Hexanol,OCC(CCC)CCCC,817-46-9,7.001,0.8739,0.7549834435270751,low-fidelity RED
2-Butyl-Nonan-1-ol,OCC(CCCCCCC)CCCC,51655-57-3,7.223,0.905,0.7228416147400479,low-fidelity RED
2-Methyl-1-Undecanol,OCC(CCCCCCCCC)C,10522-26-6,7.16,0.8826,0.7866066361276135,low-fidelity RED
"3,3-Dimethyl-1,2-Butanediol",OCC(O)C(C)(C)C,59562-82-2,7.27,0.8365,0.9334077351297237,low-fidelity RED
"1,2-Eicosanediol",OCC(O)CCCCCCCCCCCCCCCCCC,39825-93-9,7.38,0.9965,0.7284401142166732,low-fidelity RED
3-Oxododecanoic Acid Glyceride,OCC(O)COC(=O)CC(=O)CCCCCCC,91052-69-6,8.448,1.241,0.800390529679106,low-fidelity RED
3-Oxodecanoic Acid Glyceride,OCC(O)COC(=O)CC(=O)CCCCCCCCC,91052-70-9,8.448,1.241,0.9740379869389079,low-fidelity RED
3-Oxotetradecanoic Acid Glyceride,OCC(O)COC(=O)CC(=O)CCCCCCCCCCC,91052-73-2,8.448,1.241,0.6354132513569417,low-fidelity RED
3-Oxohexadecanoic Acid Glyceride,OCC(O)COC(=O)CC(=O)CCCCCCCCCCCCC,91052-71-0,8.448,1.241,0.7369701486491841,low-fidelity RED
Propylene Glycol 2-Tert-Butyl Ether,OCC(OC(C)(C)C)C,94023-15-1,6.633,0.9695,0.7586995452746761,low-fidelity RED
Tripropylene Glycol Monomethyl Ether,OCC(OC(COC(C)COC)C)C,25498-49-1,6.395,1.051,0.31324910215354246,low-fidelity RED
Dipropylene Glycol Monomethyl Ether,OCC(OCC(OC)C)C,34590-94-8,6.75,1.11,0.5884301147969914,low-fidelity RED
Agathadiol,OCC/C(=C)CC[C@H]1C(=C)\CC[C@H]2[C](CCC[C]12C)(C)CO,1857-24-5,7.525,1.427,0.38890872965260104,low-fidelity RED
4-Hexen-3-One,OCC/C=C/CC,928-97-2,6.526,1.033,0.781424980404389,low-fidelity RED
Isoagatholal,OCC=C(C)C[C]([H])([H])(C1C(=C)CC[C]2([H])([C](C)(C=O)(CCC[C]21(C)))),17990-11-3,7.595,1.21,0.8097067370350823,low-fidelity RED
Cyclohexyl Carbinol C6h11-Ch2oh,OCC1CCCCC1,100-49-2,6.839,0.8569,0.7390872749547238,low-fidelity RED
Tetrahydro-2H-Pyran-2-Ylmethanol,OCC1OCCCC1,100-72-1,5.617,0.912,0.9912113800799505,low-fidelity RED
"3,3-Dimethyl-1-Butanol",OCCC(C)(C)C,624-95-3,6.923,0.7249,0.9293815147720553,low-fidelity RED
"3,3-Dimethyl-1-Pentanol",OCCC(C)(C)CC,19264-94-9,6.977,0.8333,0.7877975628294369,low-fidelity RED
"3,4-Dimethyl-1-Pentanol",OCCC(C)C(C)C,6570-87-2,7.179,0.9013,0.6860211367006127,low-fidelity RED
"3,5,5-Trimethyl-1-Hexanol",OCCC(C)CC(C)(C)C,3452-97-9,7.349,0.9467,0.8678277478854893,low-fidelity RED
3-Methyl-1-Hexanol,OCCC(C)CCC,13231-81-7,6.877,0.8146,0.6562202374203345,low-fidelity RED
3-Methyl-1-Heptanol,OCCC(C)CCCC,1070-32-2,7.568,0.8934,0.8314144574157947,low-fidelity RED
3-Methyl-1-Octanol,OCCC(C)CCCCC,38514-02-2,7.624,0.8955,0.7437237390321757,low-fidelity RED
"4,4-Dimethyl-1-Pentanol",OCCCC(C)(C)C,3121-79-7,7.66,0.7527,0.8097067370350824,low-fidelity RED
4-Methyl-1-Hexanol,OCCCC(C)CC,818-49-5,7.793,0.9344,0.6087897830942962,low-fidelity RED
2-Methyl-2-Ethyl-1-Pentanol,OCCCC(CC)(C)C,5970-63-8,7.712,0.8578,0.7017834423809105,low-fidelity RED
"1,4-Eicosanediol",OCCCC(O)CCCCCCCCCCCCCCCC,E14693,7.939,0.9442,0.6986594306241057,low-fidelity RED
3-Phenyl-1-Propanol,OCCCC1=CC=CC=C1,122-97-4,8.341,0.8374,0.9503288904374101,low-fidelity RED
"5,5-Dimethyl-1-Hexanol",OCCCCC(C)(C)C,E14148,7.757,0.8213,0.8234834546000305,low-fidelity RED
5-Methyl-1-Hexanol,OCCCCC(C)C,627-98-5,7.706,0.8237,0.6562202374203343,low-fidelity RED
6-Methyl-1-Heptanol,OCCCCCC(C)C,1653-40-3,7.65,0.8631,0.6637959023675878,low-fidelity RED
7-Methyl-1-Octanol,OCCCCCCC(C)C,2430-22-0,7.65,0.8631,0.640800280898815,low-fidelity RED
Isodecanol,OCCCCCCCC(C)C,68526-85-2,7.65,0.8631,0.6562202374203345,low-fidelity RED
Isotridecanol,OCCCCCCCCCCC(C)C,68526-86-3,7.65,0.8631,0.8645808232895293,low-fidelity RED
1-Nonadecanol,OCCCCCCCCCCCCCCCCCCC,1454-84-8,7.453,0.6459,0.8860022573334677,low-fidelity RED
"1,20-Eicosanediol",OCCCCCCCCCCCCCCCCCCCCO,E14691,7.59,0.7067,0.6254998001598405,low-fidelity RED
"1,12-Dodecanediol",OCCCCCCCCCCCCO,5675-51-4,7.59,0.7067,0.8891709621889371,low-fidelity RED
2-(Dibutylamino)Ethanol,OCCN(CCCC)CCCC,102-81-8,6.465,0.9751,0.63688696014285,low-fidelity RED
"Ethanol, 2-[2-(2-Ethoxyethoxy)Ethoxy]-",OCCOCCOCCOCC,112-50-5,7.048,0.7889,0.8215838362577492,low-fidelity RED
2-(2-(2-Butoxyethoxy)Ethoxy)Ethanol,OCCOCCOCCOCCCC,143-22-6,7.482,0.7182,0.4190763653560057,low-fidelity RED
Triethylene Glycol Monooleyl Ether,OCCOCCOCCOCCCCCCCC/C=C\CCCCCCCC,5274-66-8,7.54,0.9651,0.7697402159170329,high-fidelity RED
p-Menthane Hydroperoxide,OOC(C)(C)C1CCC(CC1)C,80-47-7,5.793,1.094,0.7640353394968061,low-fidelity RED
p-Diisopropylbenzene Hydroperoxide,OOC(c1ccc(cc1)C(C)C)(C)C,98-49-7,7.297,1.169,0.7062223445912769,low-fidelity RED
Fensulfothion,S=P(Oc1ccc(SC)cc1)(OCC)OCC,3070-15-3,6.055,1.192,0.8881159834165806,low-fidelity RED
Methyl Mercaptan,SC([H])([H])[H],74-93-1,5.063,0.6266,0.5315072906367324,high-fidelity RED
"1,2-Propanedithiol",SCC(S)C,814-67-5,5.566,0.7563,0.6422616289332564,low-fidelity RED
Hexyl Mercaptan,SCCCCCC,111-31-9,5.517,0.739,0.9953014618697194,low-fidelity RED
"1,3-Propanedithiol",SCCCS,109-80-8,5.706,0.7513,0.8143248737451158,low-fidelity RED
Dimercaptoethyl Ether,SCCOCCS,2/9/50 0:00,5.995,0.8513,0.9581883948368393,low-fidelity RED
Dihydrogen Disulfide,SS,13465-07-1,5.045,0.6277,0.735272058492637,high-fidelity RED
