polymer,solvent,n_points,n_dropped_100,t_min_c,t_max_c,mk_A,mk_B,mk_C,mk_r2,mk_rmse_lns,mk_mae_pct,mk_rmse_pct,mk_max_err_pct,mk_category,apel_A,apel_B,apel_C,apel_r2,apel_rmse_lns,apel_mae_pct,apel_rmse_pct,apel_max_err_pct,apel_category,delta_r2,winner
EVOH,"1,2-dimethylbenzene",28,0,25.0,160.0,37.46081546214556,-14339.338100472736,-230269.21286915778,0.99912035,0.14400335643598408,0.7724795044203113,3.0581053603429553,15.813833505574575,fitted,54.907554194356024,-16448.19511446673,-2.272082668075996,0.99911013,0.14483694111032236,0.7631698157633247,3.0049797117506727,15.551804009324808,fitted,-1.022e-05,mk
EVOH,"1,4-dimethylbenzene",28,0,25.0,160.0,37.16387097194073,-14149.191623276949,-270819.6784590352,0.99911694,0.14463102252901047,0.7312533385497331,2.9383461515250895,15.268242018834226,fitted,59.36461421974097,-16716.93270570631,-2.9163330551161213,0.99910467,0.14563290915566565,0.7231961655276178,2.8919393864128646,15.037218759704484,fitted,-1.227e-05,mk
EVOH,"2,3-dihydropyran",28,0,25.0,160.0,36.87618987298338,-14882.781590211172,318736.17868641793,0.99988361,0.043845416753941574,0.5156756453161374,1.3346212932050412,5.45845594494083,fitted,-1.6514791978951864,-11215.47366465663,5.232377217033869,0.99988845,0.042924136339395534,0.5173272706300063,1.3777395965878076,5.885486343597542,fitted,4.84e-06,tie
EVOH,2-propanol,28,0,25.0,160.0,10.333588491050609,2100.439424953294,-1997892.5819476056,0.99891755,0.09347441062097302,1.7514230179405657,4.194508520002023,18.423368531461676,fitted,247.77105226346072,-20675.556692808863,-32.20793125657101,0.9991597,0.08235779937154587,1.4848398562078764,3.512147640839024,15.385450027207213,fitted,0.00024215,apelblat
EVOH,acetylacetone,28,0,25.0,160.0,21.48089942060691,-4745.630643615363,-1171460.9111732242,0.99978073,0.05211160526912718,0.7727919411051533,2.268241534702757,10.939092797703012,fitted,160.076511460779,-18067.748588479106,-18.794265277899772,0.99982644,0.046362549116531024,0.6810071672928698,1.9881971077910339,9.614850162916824,fitted,4.571e-05,apelblat
EVOH,benzene,28,0,25.0,160.0,39.14957341094327,-15044.768167433409,-91367.19545687689,0.99946447,0.11179777775095687,0.935475049488252,2.6963680803370496,9.738773232438675,fitted,41.80346537948532,-15659.381731830194,-0.2818043142550392,0.99946187,0.11206850463254858,0.8970131356539863,2.5768220887078517,9.428303521100034,fitted,-2.6e-06,tie
EVOH,butanone,28,0,25.0,160.0,11.68434819152857,1325.3682140424587,-1925082.9831979342,0.99904076,0.0914894205949323,1.5875272365157171,3.8936475496507827,17.23539999555426,fitted,240.56542428118127,-20625.62453990667,-31.048194423504864,0.99925182,0.08079964284109033,1.3486372435135459,3.2683779337085523,14.438100761401515,fitted,0.00021106,apelblat
EVOH,ch2cl2,28,0,25.0,160.0,15.105003428462869,624.2595930342978,-2254983.896870931,0.99902787,0.11686141776650752,2.0397722266964693,5.454596769332162,24.88190046620595,fitted,283.1217851706965,-25083.91074869635,-36.35620009125336,0.99920572,0.10563212416036029,1.8032058266276636,4.718453499494531,21.48028555457509,fitted,0.00017785,apelblat
EVOH,chcl3,28,0,25.0,160.0,30.52919055780364,-11873.52932399569,184641.18649280482,0.99995498,0.022569644705786342,0.3216148986325425,0.9899096469723039,4.957948468928059,fitted,9.963109863045364,-9840.299705963824,2.7766219537527825,0.99995331,0.022984868646183258,0.3262561240392774,1.0017851843054255,5.015381257610663,fitted,-1.67e-06,tie
EVOH,cyclohexane,28,0,25.0,160.0,29.473797084425648,-8909.355423496501,-1402518.0826531476,0.99987897,0.05737070347528905,0.050470636963072475,0.1969073665760947,1.0212450103678314,fitted,187.7331939064182,-24459.817258095696,-21.387322402505472,0.99985316,0.06319112284972413,0.05289971229568844,0.2054684459597217,1.064261098759805,fitted,-2.581e-05,mk
EVOH,cyclohexanol,28,0,25.0,160.0,23.390883854314378,-7159.1199858890695,-492598.30412897875,0.99983944,0.039059084823800196,0.5796261229982361,1.669290098648392,8.050582474956656,fitted,82.88036299567095,-12824.036267784984,-8.078658915760535,0.99985912,0.036586919082711285,0.5333976077070235,1.5284796866365,7.387197326251922,fitted,1.968e-05,apelblat
EVOH,dimethylformamide,25,3,25.0,145.0,0.10808492686773905,7230.491665217149,-2331286.2580618258,0.99965366,0.0327261462812855,0.37646514382083524,0.6499723379017932,2.2839125055710383,fitted,280.03870255927393,-19476.84953156158,-38.009056313079064,0.99982572,0.023214754238625082,0.2204844032898243,0.3374994595327433,0.9509568522605321,fitted,0.00017206,apelblat
EVOH,dimethylsulfoxide,23,5,25.0,135.0,5.493773545857916,1795.5093562919744,-1003773.3878870588,0.99999376,0.0027170659621517904,0.02960144639791129,0.04145409581596372,0.12684713952117477,fitted,127.56272668483436,-9778.322633268988,-16.591939622939737,0.99998757,0.003833954762130953,0.06888237091495342,0.12216004130507584,0.4602184064192798,fitted,-6.19e-06,tie
EVOH,diphenylether,28,0,25.0,160.0,32.9327582169967,-11679.045473883645,-610364.8713793688,0.99959619,0.0942816692596484,0.31349163725663154,1.2153848766170823,6.280416780691848,fitted,97.29786948204499,-18211.87627577414,-8.653111464238258,0.99957363,0.0968801576493722,0.3135204703968042,1.2078375598612527,6.243831537497771,fitted,-2.256e-05,mk
EVOH,dodecane,28,0,25.0,160.0,24.391238439560055,-6045.376399956886,-1880634.1043689311,0.99998953,0.016702408514366676,0.004875353799610792,0.017794573974001412,0.09123478866976265,fitted,240.27891610377554,-27088.367136501132,-29.212178517729196,0.99997808,0.02416290818705933,0.006517654048182559,0.02369692331952171,0.1203926142877092,fitted,-1.145e-05,mk
EVOH,ethanol,28,0,25.0,160.0,2.323118046235888,7663.492508593704,-2892209.1450281595,0.99837037,0.10826511976627301,2.197975696320685,4.713715901833167,19.529874797531846,fitted,344.0904733787906,-25206.02153211321,-46.341454405389385,0.99882636,0.0918778561188336,1.7730495486680147,3.704118087557918,15.15096707691744,fitted,0.00045599,apelblat
EVOH,ethylacetate,28,0,25.0,160.0,19.376322735114083,-3585.675212336286,-1259985.9324462228,0.9995638,0.06922025757482879,1.125797945586228,3.103066298556298,14.573549838828157,fitted,169.52888627854347,-17970.90881615785,-20.371819357838493,0.99964141,0.06276063300162679,1.005032145628754,2.7356346672596774,12.867707916608893,fitted,7.761e-05,apelblat
EVOH,glycol,28,0,25.0,160.0,21.775846604324055,-5939.868794998486,-676315.7611953801,0.99960668,0.05999698977616041,1.1168588719364743,3.115981767908385,14.870698128186518,fitted,103.89530051221811,-13740.604448382814,-11.1559596532089,0.99965004,0.056593587192263005,1.0332332456140736,2.8627105016467365,13.679216788689516,fitted,4.336e-05,apelblat
EVOH,h2o,84,0,25.0,160.0,41.5403554099951,-23115.759136091314,2336843.668035601,0.99983112,0.04034898649674424,0.014416464713896385,0.04898892876915789,0.24601445259475185,fitted,-230.69451139437462,3238.8436130928217,36.875859366441496,0.99991792,0.028129623181414792,0.010568508581485059,0.03701647660288117,0.188184072209713,fitted,8.68e-05,apelblat
EVOH,hexane,28,0,25.0,160.0,27.43055290993237,-7626.496467608124,-1616063.0952425727,0.99995037,0.03655920253313552,0.02493170410183729,0.09445502988290111,0.48687709163165005,fitted,211.57219113166337,-25637.587090912333,-24.902998655264547,0.99993054,0.04325007331425573,0.027540465767415177,0.10425961440619996,0.535705475921405,fitted,-1.983e-05,mk
EVOH,isopropylamine,21,7,25.0,125.0,17.91330293772132,-8713.429939394187,1220549.7246689852,0.99984562,0.005073364950726733,0.09521494129761976,0.12241047163297182,0.376591716331923,fitted,-134.30488687335415,5546.651888315342,20.73034014789031,0.99998573,0.0015423617748448943,0.02543182829815226,0.030401840327781548,0.07729728621499277,fitted,0.00014011,apelblat
EVOH,methanol,56,0,25.0,160.0,-2.503781437952603,11054.871369069608,-3443420.926443439,0.9979231,0.11835324364401938,2.403320151594243,4.495381292721479,15.038962129999973,fitted,403.5802578253167,-28036.455349205535,-55.05453252553123,0.99855232,0.09881189892772152,2.0366990583979034,3.938275193044053,15.038962129999973,fitted,0.00062922,apelblat
EVOH,methylacetate,28,0,25.0,160.0,14.118657689639782,341.9857082712561,-1953391.9537301946,0.99919056,0.09411965379782493,1.6430297809567282,4.307209485025625,19.61747983503021,fitted,246.2163641036323,-21924.042180115197,-31.483116233129053,0.99935998,0.08369251228350923,1.4331946649081952,3.681613458778387,16.76213443989718,fitted,0.00016942,apelblat
EVOH,n-heptane,28,0,25.0,160.0,26.879731650482242,-7395.89067302968,-1649375.1172290721,0.99996793,0.029312266427863158,0.016097404194529468,0.0599889396584754,0.3089558295295811,fitted,215.5294827809905,-25815.3186187756,-25.519749225252863,0.99995325,0.035389363657477545,0.01840068962060811,0.06881280586830864,0.3528833229528181,fitted,-1.468e-05,mk
EVOH,propanol,28,0,25.0,160.0,10.049183546602618,2327.3512620902206,-2042645.177022455,0.99890949,0.09408209025896884,1.7623399226269103,4.212088194208344,18.478691153817877,fitted,252.6938871396941,-20953.03087571975,-32.913222180646336,0.99915716,0.08271145487571449,1.4906335128345327,3.5172049212846064,15.386384735115698,fitted,0.00024767,apelblat
EVOH,propanone,28,0,25.0,160.0,2.052621637358004,7949.773811911989,-2976903.4073629016,0.99854721,0.10447710940869327,1.918481312870137,4.131426577064586,17.062720264294356,fitted,353.28551201228737,-25854.038010573146,-47.619719019750406,0.99897875,0.08759614492571476,1.5177749289049862,3.172626070344169,12.89948980300126,fitted,0.00043154,apelblat
EVOH,propyleneglycol,28,0,25.0,160.0,16.677079452801447,-2443.601201943265,-1241424.0650988913,0.99943741,0.06944056010159658,1.1753494103729314,3.0537631712942366,13.999030459785956,fitted,164.9505148060028,-16634.23830148022,-20.12003409425297,0.99954098,0.06272378226910989,1.0413576860599274,2.661135643149161,12.214291963574155,fitted,0.00010357,apelblat
EVOH,tert-butanol,28,0,25.0,160.0,16.973679187808294,-2631.660193510113,-1213715.3630312409,0.99943158,0.07003624748621697,1.2023995542573491,3.1343133876371443,14.404553568373785,fitted,162.08008000174038,-16512.973792409917,-19.691632594953084,0.99953284,0.0634927339829223,1.0692740856249836,2.7432539712503905,12.623530413221786,fitted,0.00010126,apelblat
EVOH,thf,28,0,25.0,160.0,12.785091702007097,-1258.1797495853132,-1032547.2325601372,0.99946051,0.05097807399180693,0.8396390938644885,1.8896695658876654,8.220432827545508,fitted,135.80879152462094,-13045.45003790357,-16.690896731198066,0.99957859,0.04505520069112228,0.7055639395692435,1.5696309138645554,6.830587454539113,fitted,0.00011808,apelblat
EVOH,thp,28,0,25.0,160.0,26.21147314363337,-9989.17944897444,212659.53580088975,0.99982401,0.036217911326134236,0.580883963946016,1.6646613627790527,8.065159802897753,fitted,4.25715612391836,-7737.581995193275,2.9464299098536344,0.99981423,0.03721108534240026,0.5766568349633902,1.6412256253114643,7.951811838464053,fitted,-9.78e-06,tie
EVOH,toluene,28,0,25.0,160.0,39.12707383259725,-15298.101291317851,-59647.42022406196,0.9991597,0.14073825207705984,0.9995022947859872,3.530196426107449,17.293024331106736,fitted,36.56800041142629,-15476.00027541095,0.4390789304206316,0.99915881,0.1408125165613078,0.9731246118640671,3.4333561470816454,16.836373590480214,fitted,-8.9e-07,tie
EVOH,triethylamine,21,7,60.0,160.0,49.296869785713845,-33484.253341007374,5920160.159036869,0.98227274,0.06799479902887891,0.9301959456986295,1.7213593719713685,7.100058303370346,fitted,-570.883226032777,29487.01316011654,83.40851094632369,0.98715037,0.05788955062309486,0.7983151854520668,1.4951214030237654,6.199059903547905,fitted,0.00487763,apelblat
HDPE,"1,2-dimethylbenzene",28,0,25.0,160.0,19.370690157211406,-996.0603869829027,-2190418.7530208905,0.99581073,0.26825252337124245,3.9145065920814717,9.820828401064961,37.98134792930358,fitted,287.82937499864846,-26390.504830447022,-36.49348175540181,0.99610043,0.2588109701851533,3.9145486162894847,9.864938890849787,38.232974134101866,fitted,0.0002897,apelblat
HDPE,"1,4-dimethylbenzene",28,0,25.0,160.0,18.33964734263006,-305.1553927104257,-2297905.3457053388,0.99582442,0.2660999253055931,3.8758476617903233,9.65687627416233,37.266985081790565,fitted,299.31584439962097,-26911.593385810334,-38.18901233218202,0.99613407,0.2560431281944894,3.8726566963894578,9.6946688338012,37.513989935443576,fitted,0.00030965,apelblat
HDPE,"2,3-dihydropyran",28,0,25.0,160.0,17.21031417766637,644.6900908825487,-2492355.837179444,0.9953601,0.2836596777264986,4.081844240016008,9.914850277255596,35.308709061639235,fitted,322.0414068506103,-28217.288862460256,-41.43198863760202,0.99571802,0.27249968778649464,4.078514187779016,9.93110869665842,35.587337726941314,fitted,0.00035792,apelblat
HDPE,2-propanol,28,0,25.0,160.0,33.5578684544392,-10621.977351783278,-667748.8467789348,0.99586383,0.28762021316474684,4.270525589554635,12.11126882529515,48.74378496271234,fitted,123.38281261054314,-18779.03631879227,-12.284332310083414,0.99592896,0.285346964912314,4.301936031180846,12.202079420077153,49.00622005625366,fitted,6.513e-05,apelblat
HDPE,acetylacetone,28,0,25.0,160.0,52.8467009317089,-24323.548056768057,1629134.9899278397,0.99587659,0.30307197650015655,4.8469861353411146,15.467192579989467,66.29769393334782,fitted,-133.47764512816704,-6130.6941514516175,25.205075227209644,0.99585926,0.30370810516092744,4.832190533852766,15.474547701797981,66.41502576676747,fitted,-1.733e-05,mk
HDPE,benzene,28,0,25.0,160.0,18.323004989899516,-5.8790021883663,-2414653.915260126,0.99516791,0.294097337666675,4.224818927055852,10.289263162037496,35.70998427328462,fitted,314.54788570983885,-28014.746880713865,-40.2705595367374,0.99551145,0.2834503054159449,4.226500185645553,10.308703174776333,36.006132294440945,fitted,0.00034354,apelblat
HDPE,butanone,28,0,25.0,160.0,24.600465223577082,-4474.552209878292,-1654703.01818737,0.99551939,0.28705975976872866,4.267785349355413,11.11280877543195,41.051893337712784,fitted,230.857278483863,-23838.056718909935,-28.069877505760257,0.99572078,0.2805344066523695,4.287202129019879,11.177152117916048,41.33156090135295,fitted,0.00020139,apelblat
HDPE,ch2cl2,28,0,25.0,160.0,29.220883585811016,-7369.757366444787,-1252873.4595788936,0.99491581,0.31992168059453213,4.624036102192681,11.907246326491654,43.00125356545626,fitted,189.93663780953545,-22267.617450684545,-21.91342061356971,0.99506509,0.31518983521282495,4.659896026732755,11.987680724688193,43.33209385071054,fitted,0.00014928,apelblat
HDPE,chcl3,28,0,25.0,160.0,26.63332906065546,-5876.103339871242,-1427319.392257849,0.99560256,0.28687438862375647,4.177194753536031,10.839141381147233,42.62471598218022,fitted,206.38650406503342,-22674.469389042813,-24.47966156636286,0.99577132,0.281315943411418,4.200445662322624,10.917607499147454,42.910749771465845,fitted,0.00016876,apelblat
HDPE,cyclohexane,23,5,25.0,135.0,29.030096271918513,-7637.754980585865,-971186.9375337705,0.99981943,0.04828598176608646,0.8253261085908986,2.519466358867512,11.480560649359703,fitted,151.155825724957,-19039.938929330594,-16.6394952520636,0.99984258,0.04508532273298896,0.7639619540568184,2.2998398057684475,10.493645858503896,fitted,2.315e-05,apelblat
HDPE,cyclohexanol,28,0,25.0,160.0,34.22346631878597,-11227.397396644985,-535284.9072871933,0.99613616,0.27525305351050405,4.096225163004687,11.853271789168764,49.911164461893385,fitted,107.6632719234432,-17840.92454467924,-10.055595940264627,0.99618539,0.2734941218211969,4.125292863820528,11.941853481269199,50.151552578054726,fitted,4.923e-05,apelblat
HDPE,dimethylformamide,28,0,25.0,160.0,39.1418198989838,-14917.13921873835,132101.47601383168,0.99624046,0.2703060039472906,4.126919361223443,12.85614295758649,54.854200134645,fitted,31.919439028322458,-13852.337457318616,0.898913725548595,0.99623496,0.2705035212662295,4.153179715885768,12.924438688960986,55.04032101188352,fitted,-5.5e-06,tie
HDPE,dimethylsulfoxide,28,0,25.0,160.0,29.65966699744469,-9364.747558648478,-764526.9925541802,0.99782146,0.19819537279680977,2.0011253759098446,5.463826388084851,24.316024160705826,fitted,127.18618756945786,-18427.326491074968,-13.29282216163942,0.9978799,0.19551898519545538,1.9284141051329529,5.232444804935776,23.121641741159625,fitted,5.844e-05,apelblat
HDPE,diphenylether,28,0,25.0,160.0,38.7261027061281,-14419.68883850945,481.61362783703953,0.99620586,0.2761947526726076,4.152371742521747,12.56413794294316,54.07061766458491,fitted,47.70724318854583,-14884.565216706875,-1.3044118609722217,0.99620848,0.2760993982882046,4.181463098016475,12.639460037495335,54.272773571724464,fitted,2.62e-06,tie
HDPE,dodecane,23,5,25.0,135.0,39.47412947961836,-15064.572868732652,254083.3071391924,0.9999841,0.01470514891108916,0.18457504789168108,0.6141159769068454,2.8729728071249525,fitted,7.417321737921486,-12076.130336587737,4.368721470983776,0.99998576,0.013915228589988211,0.17364401704985577,0.5746272243822034,2.6912106299980536,fitted,1.66e-06,tie
HDPE,ethanol,28,0,25.0,160.0,39.53951024429544,-14755.468160536057,1524.497764485539,0.99592729,0.29274356683111663,4.3514666425016495,13.027098481028162,53.75555573377605,fitted,49.89026382215872,-15286.181760267122,-1.504431109550064,0.99593062,0.2926239177839902,4.383772241822151,13.112722918398523,53.992637736728554,fitted,3.33e-06,tie
HDPE,ethylacetate,28,0,25.0,160.0,28.251306776535994,-7037.906131743035,-1228680.8893341688,0.99573428,0.28341466731379317,4.234076756645431,11.392521049480376,44.34136607624541,fitted,183.97165340066186,-21549.629637962462,-21.215596746650277,0.99586849,0.27892036907073886,4.259551997971825,11.471885857990738,44.60686873934856,fitted,0.00013421,apelblat
HDPE,glycol,28,0,25.0,160.0,28.512776505703883,-8792.180555315603,-1091104.2436758508,0.99754493,0.22990342986546353,0.444214635690058,1.2280361907348007,5.60401032129172,fitted,167.03259886327504,-21691.274575251577,-18.87427484956213,0.99763936,0.22543893661912948,0.4234737263396526,1.1587285085034276,5.260478312438932,fitted,9.443e-05,apelblat
HDPE,h2o,84,0,25.0,160.0,-71.17988604383069,62842.0344711155,-14982170.53702404,0.96055068,1.370433149071971,0.00012528377497405185,0.0002572881324007636,0.0006671590473099234,anomalous,1625.8227369488095,-103607.4657808183,-229.39898091671674,0.9591464,1.394611499006154,0.0001426687184938248,0.00029424223425222174,0.0008591867582202566,anomalous,-0.00140428,mk
HDPE,hexane,23,5,25.0,135.0,30.066388342165542,-8359.721050679724,-852034.6299417724,0.99985319,0.04364793705691546,0.7444204762078859,2.2883426580475423,10.470306141165096,fitted,137.28129533966643,-18366.68044217621,-14.608606674153341,0.99987129,0.04086811387634845,0.6912724403470952,2.0980421064767008,9.611904416818774,fitted,1.81e-05,apelblat
HDPE,isopropylamine,28,0,25.0,160.0,14.870581841972891,2361.30646633663,-2796646.698543682,0.99513234,0.29054125554046156,4.172697957288705,10.058580751650275,33.187432001545005,fitted,355.7290030906297,-29962.524136465865,-46.31773165157873,0.99555434,0.2776616114780527,4.161951458358459,10.044485519929324,33.471727234933255,fitted,0.000422,apelblat
HDPE,methanol,56,0,25.0,160.0,55.6929819360258,-26200.120745652603,1905122.5832804646,0.99581981,0.31174694411652143,4.977133834571892,16.305755726599862,68.85651054469615,fitted,-163.1189619960695,-4877.2346113654785,29.60898254895858,0.99580765,0.31220028756497836,4.952712952827484,16.299202363450984,68.96930429156899,fitted,-1.216e-05,mk
HDPE,methylacetate,28,0,25.0,160.0,33.27932064387554,-10424.571459038414,-698352.9811056694,0.99551656,0.2989773821819273,4.500448666164816,12.505516737611062,47.741522139647074,fitted,126.79788567114618,-18933.458440169292,-12.785903321427565,0.99558557,0.2966675465961588,4.53306577432167,12.591742341039405,48.01075563581319,fitted,6.901e-05,apelblat
HDPE,n-heptane,23,5,25.0,135.0,32.732809511329776,-10238.907324147833,-542391.5660576735,0.99993658,0.028881598287504962,0.46467372265957574,1.4573294056105415,6.715513337805746,fitted,101.0428100219765,-16612.15794085199,-9.308166663916204,0.99994401,0.027136636517271023,0.43331403288839565,1.3446986587455723,6.204508098834253,fitted,7.43e-06,tie
HDPE,propanol,28,0,25.0,160.0,34.79070048101724,-11498.576975787757,-520073.7374466927,0.9959476,0.28559171925445137,4.2463642349571025,12.228343753639722,49.981398844028405,fitted,106.9516199883669,-17966.219581101195,-9.887157748688148,0.99599642,0.28386634023116747,4.277262025208689,12.318652496173824,50.23459557857055,fitted,4.882e-05,apelblat
HDPE,propanone,28,0,25.0,160.0,29.0578911042094,-7585.474824110209,-1140290.3344596482,0.99550367,0.29205363981662724,4.430082296220393,12.09541125565449,44.43501137153151,fitted,174.61148729442044,-21107.131467374656,-19.83971735525568,0.99562811,0.2879839300713698,4.4599853461603365,12.172783706926218,44.70917768663717,fitted,0.00012444,apelblat
HDPE,propyleneglycol,28,0,25.0,160.0,48.43816417767565,-21813.25580185807,1168640.3775828585,0.99905361,0.1456797623280936,2.109321143692275,6.120451292111149,25.75425031240279,fitted,-87.48324554245443,-8645.015969022697,18.40922379051782,0.99906131,0.14508597619984145,2.090140165588899,6.010500447854947,24.64380976729082,fitted,7.7e-06,tie
HDPE,tert-butanol,28,0,25.0,160.0,29.141287504963685,-7588.515839659658,-1155727.0648777194,0.99580851,0.28374673334254374,4.189335907932543,11.406303515830075,45.21472353068965,fitted,176.598422984031,-21289.741016536576,-20.098586130741865,0.99593413,0.27946263576503655,4.214312514365174,11.491973536078046,45.48684030548421,fitted,0.00012562,apelblat
HDPE,thf,28,0,25.0,160.0,11.882846194952084,4223.698281115325,-3050764.3422390684,0.99523497,0.27823945928563504,3.98130923642428,9.326839955767873,31.059094804067982,fitted,381.9058774340485,-30943.175234855353,-50.26398363142372,0.99572063,0.2636792114585529,3.9516823312262774,9.284063133304537,31.318467114397876,fitted,0.00048566,apelblat
HDPE,thp,28,0,25.0,160.0,13.008752018827995,3383.0116826909043,-2899450.017165859,0.99551686,0.26958352717231454,3.8680253297866742,9.161228213047176,32.59284452474496,fitted,364.80355692946557,-30046.10434092295,-47.78902108743364,0.99595981,0.2559194124403266,3.8425022492262997,9.143188035292704,32.83798479908526,fitted,0.00044295,apelblat
HDPE,toluene,28,0,25.0,160.0,17.7717083018007,197.68339000872015,-2405846.9124408783,0.99555318,0.2768286033785334,4.003505293760833,9.820502905448809,36.1970693541315,fitted,312.03111076091994,-27662.968496259553,-39.99518957891234,0.99588898,0.266171074656221,4.0005389175345165,9.846760009931891,36.462647222512366,fitted,0.0003358,apelblat
HDPE,triethylamine,28,0,25.0,160.0,11.083873028187744,4579.240530311377,-3063788.2639559065,0.99583863,0.25429163629119433,3.6479200345126155,8.596601347892928,32.06973276727453,fitted,381.16500948409237,-30658.57979793898,-50.2576682503246,0.99630643,0.23957249322567487,3.6092876903283715,8.571672673717076,32.27613479279918,fitted,0.0004678,apelblat
LDPE,"1,2-dimethylbenzene",28,0,25.0,160.0,13.740188330985566,-993.1124816362301,-1197630.4990593668,0.99584433,0.1550626369254235,2.913545936252755,6.197134421107212,19.941307110389502,fitted,161.4845923318858,-14927.824078314809,-20.092831144288624,0.99613137,0.1496116108005079,2.895904466128027,6.1903931231277145,20.143533208012727,fitted,0.00028704,apelblat
LDPE,"1,4-dimethylbenzene",28,0,25.0,160.0,12.903501765058818,-451.0526600524688,-1277600.7243124573,0.99595256,0.15121254061062836,2.854587615988951,6.031566097690003,19.433441603920784,fitted,169.73853318237437,-15275.9144405056,-21.322017798058006,0.99626075,0.14534145188324746,2.828699310371454,6.016024155013632,19.622075118182323,fitted,0.00030819,apelblat
LDPE,"2,3-dihydropyran",28,0,25.0,160.0,11.270918802453073,868.9599999027674,-1538434.320720493,0.99509606,0.1697793808910391,3.153494886626426,6.425793488013675,17.904634077684634,fitted,199.8932506656704,-16970.457606996166,-25.641420897052097,0.99551649,0.16233855068097888,3.110830605742893,6.362328300662551,17.982261523148793,fitted,0.00042043,apelblat
LDPE,2-propanol,28,0,25.0,160.0,27.968448071938013,-10574.66094416854,306661.4534833266,0.99488869,0.19694404938225235,3.6384146977430043,9.251371372332622,32.154375128227,fitted,0.8832718391909538,-7565.805273611142,3.584851958443695,0.99484749,0.19773620525959912,3.6814246893857843,9.340968945265757,32.44841804047624,fitted,-4.12e-05,mk
LDPE,acetylacetone,28,0,25.0,160.0,48.09469278419359,-24833.824757645107,2695681.762625953,0.99309594,0.2513276360723545,4.7158227072346435,12.787346708374109,51.20182647281552,fitted,-265.3358569528739,5536.073515450645,42.450154473923135,0.99319226,0.2495684507791719,4.645234156455767,12.750607361637464,51.34469651761371,fitted,9.632e-05,apelblat
LDPE,benzene,28,0,25.0,160.0,11.832223669180442,633.6558073704789,-1536567.8331668293,0.99457178,0.1838190021220891,3.361842775692978,6.873904663731822,19.122202978969582,fitted,201.14823031320702,-17232.127126979572,-25.744241426747617,0.99500201,0.17638418215880286,3.3282003573947514,6.805965045299337,18.975352876505895,fitted,0.00043023,apelblat
LDPE,butanone,28,0,25.0,160.0,18.69563082510647,-4226.010730067292,-712174.517424514,0.99465827,0.1872640057167466,3.528706304651528,7.9328753040757265,24.339389626845545,fitted,111.30755843921517,-12759.798054482777,-12.638624876547475,0.99482775,0.18426926766313673,3.5490788210583424,7.964168736905339,24.352341158648926,fitted,0.00016948,apelblat
LDPE,ch2cl2,28,0,25.0,160.0,21.41389022691107,-5692.450070829361,-570841.179293994,0.99326112,0.22763763781304366,3.9604020043031043,8.60001873996355,24.898080269618234,fitted,100.4533246581371,-12782.822487645342,-10.828269048658868,0.99341295,0.22505852317648753,3.997376089533821,8.643437881614526,24.980109467034637,fitted,0.00015183,apelblat
LDPE,chcl3,28,0,25.0,160.0,19.46268122924319,-4702.789902714291,-649686.4825396405,0.99506707,0.1826526588531872,3.269480211464972,7.081677456739801,22.78659838599708,fitted,105.1201162128458,-12548.767666665713,-11.699758112296763,0.99522207,0.1797602231986667,3.2833613274169133,7.1289097846173,23.083890489745514,fitted,0.000155,apelblat
LDPE,cyclohexane,24,4,25.0,140.0,12.61221214150945,-480.08640232600817,-1160864.3619588052,0.99968292,0.03560153349069993,0.7125526730332132,1.2857987636599248,3.8312973300000124,fitted,155.32820191470546,-13946.335211627023,-19.4121981404467,0.99975944,0.031009513229618715,0.6357173465286781,1.1661844223867492,3.8312973300000124,fitted,7.652e-05,apelblat
LDPE,cyclohexanol,28,0,25.0,160.0,28.456619343759048,-11055.88695378239,417732.110342571,0.99552878,0.1811709764170141,3.3183114888072534,8.539375204466099,31.889788984157086,fitted,-12.552052548011947,-6743.177318178068,5.4804415373403685,0.99547584,0.18224021544715804,3.3590281901920123,8.626253980265885,32.15385209691391,fitted,-5.294e-05,mk
LDPE,dimethylformamide,28,0,25.0,160.0,34.464600365450075,-15521.438581692923,1220781.9804063763,0.9945185,0.19971675748680864,3.834824811635825,10.623762758669674,39.08170102605387,fitted,-103.09954127356575,-1995.7780362797366,18.588656810231793,0.99444111,0.201121585962883,3.840456753084097,10.685259966170214,39.28854102823713,fitted,-7.739e-05,mk
LDPE,dimethylsulfoxide,28,0,25.0,160.0,25.079442545087378,-10143.414197107502,369521.9324362497,0.99870686,0.09010919731084484,0.8777026095650032,2.2408186527000638,9.370821308271506,fitted,-15.002723698841272,-6130.348465032669,5.400536110092152,0.99868636,0.09082091321327172,0.8821973122293182,2.245883676840666,9.380216872379275,fitted,-2.05e-05,mk
LDPE,diphenylether,28,0,25.0,160.0,32.404819351639,-13821.003480988797,874160.228736637,0.99564979,0.1828365448686001,3.2998696005713493,8.738877487786645,33.386882423412494,fitted,-63.10124774295253,-4291.806976904032,12.875324848934405,0.99556629,0.18458282120666694,3.3356820989743357,8.817986219302057,33.62457430489932,fitted,-8.35e-05,mk
LDPE,dodecane,24,4,25.0,140.0,26.136229651107474,-9820.575495180912,361568.4192006518,0.99995138,0.015091070122276739,0.31901165920992186,0.8589108245894982,3.89860515407689,fitted,-18.59946959333796,-5611.7850785017445,6.087695827371461,0.9999597,0.013739921618389812,0.28864520491612783,0.7737869134266276,3.5197915799367223,fitted,8.32e-06,tie
LDPE,ethanol,28,0,25.0,160.0,34.309112740679005,-14950.466411968384,1016456.3741529714,0.99448214,0.21368278266910584,3.939332663897791,10.815700518253525,38.522426390879666,fitted,-76.7563307736005,-3869.4342434752293,14.973042471586519,0.99437752,0.21569907403039804,3.974957027654122,10.904279906679976,38.79949702818437,fitted,-0.00010462,mk
LDPE,ethylacetate,28,0,25.0,160.0,22.194637185002804,-6663.259755921617,-310766.0091143545,0.99493002,0.18637728260028696,3.4809181593437906,8.085441046671118,26.003415752076933,fitted,67.52629017921963,-10643.087854704097,-6.229194855418642,0.99499883,0.18510815032542963,3.510142033658839,8.149403232057352,26.289992286850705,fitted,6.881e-05,apelblat
LDPE,glycol,28,0,25.0,160.0,23.8058268858382,-9474.374233376882,25271.25066425915,0.99838624,0.116471238824077,0.2194039739692635,0.5636807836529591,2.4954392052968704,fitted,26.79354827813803,-9498.06267620896,-0.4623746025433041,0.99838645,0.11646354181658357,0.21538454907516189,0.5504579541361192,2.426371884545423,fitted,2.1e-07,tie
LDPE,h2o,84,0,25.0,160.0,26.089053180809888,-15653.873325024404,877182.417582914,0.99869287,0.12045714808650246,0.00011660036256162891,0.00031850723426056965,0.001466735429948532,fitted,-68.1954248288254,-6172.488169142851,12.694553718315218,0.99861859,0.12383282824494259,0.00011681565009855649,0.00031783911072825707,0.0014633322369465391,fitted,-7.428e-05,mk
LDPE,hexane,24,4,25.0,140.0,13.63656110788604,-1175.1186775554406,-1048909.0759496607,0.99971444,0.034025776779596846,0.6864465785916293,1.2597972227302165,3.9227735000000337,fitted,142.73452620872519,-13350.099408315082,-17.561287616857285,0.99977942,0.029904687279692425,0.617608126831903,1.155796712251975,3.9227735000000337,fitted,6.498e-05,apelblat
LDPE,isopropylamine,28,0,25.0,160.0,9.519143345276252,2149.6597476400334,-1764117.5401807057,0.99471843,0.17604064698096655,3.3234980369040925,6.847496970550627,19.501942573055118,fitted,224.71669009065616,-18249.753427994194,-29.24395402215712,0.99522303,0.16742009129619992,3.26602947726791,6.741448025731123,19.289444658140667,fitted,0.0005046,apelblat
LDPE,methanol,56,0,25.0,160.0,50.85580858706825,-26734.310805008547,2987812.6790842745,0.99263759,0.26665709680893407,5.072639776887863,14.735260713720216,59.60757639710115,fitted,-298.5256066771024,7030.042811736204,47.33856915649016,0.99283686,0.2630237643419269,4.97549383101523,14.64478091968907,59.70976204410085,fitted,0.00019927,apelblat
LDPE,methylacetate,28,0,25.0,160.0,27.183374983779874,-9985.911883515431,203156.1323251979,0.99407366,0.21198103660501227,3.9347049759863153,9.490982870037689,30.229455536531397,fitted,13.061957444117592,-8191.509396791579,1.820026781751402,0.99404606,0.21247404250240784,3.9812962716724485,9.579360376603697,30.391965076313078,fitted,-2.76e-05,mk
LDPE,n-heptane,24,4,25.0,140.0,16.806128039560004,-3349.8514394906,-696015.1382893652,0.99985919,0.024373350047842367,0.536304759251148,1.137987742843635,4.535676019999983,fitted,102.60533620252008,-11435.574238401368,-11.672630729867288,0.99988869,0.021670208923000173,0.4933418503899782,1.089498964235906,4.535676019999983,fitted,2.95e-05,apelblat
LDPE,propanol,28,0,25.0,160.0,29.281055348575485,-11506.799441830053,463892.5293330099,0.99496854,0.19646996830537555,3.6303010017208854,9.418178056531818,33.55166943126372,fitted,-16.558712990455817,-6701.936247723086,6.129529973403413,0.99490822,0.1976441264458403,3.673803391903161,9.508493481180738,33.83666223330802,fitted,-6.032e-05,mk
LDPE,propanone,28,0,25.0,160.0,23.52174371108001,-7578.490785415549,-158584.9324875822,0.99411827,0.20224541050341951,3.866623972583369,9.25448751658779,30.083815639660372,fitted,51.395841673297184,-9856.147648277547,-3.8670987091672977,0.99415751,0.201569638147727,3.9082238842604267,9.321602916097648,30.190911223349268,fitted,3.924e-05,apelblat
LDPE,propyleneglycol,28,0,25.0,160.0,43.24515795695801,-22126.63409194212,2217227.273879113,0.997442,0.15222112002220647,2.295975165879969,8.967376124031283,46.49319259511646,fitted,-219.70002570338374,3120.6951273077266,35.66267758389657,0.99768797,0.14471740918189713,2.257825731071897,8.64721122609846,44.535108467683436,fitted,0.00024597,apelblat
LDPE,tert-butanol,28,0,25.0,160.0,23.384700133615627,-7438.2736022781655,-197012.98357796445,0.99508953,0.18635783422516644,3.4485390748869245,8.258760825055367,27.798430030559373,fitted,55.42821895216282,-10133.323232487195,-4.428884117373492,0.99513392,0.185513695278748,3.4801626505326846,8.332043823650595,28.086860771837863,fitted,4.439e-05,apelblat
LDPE,thf,28,0,25.0,160.0,7.082863174609802,3584.085759519984,-1938362.3603715193,0.9953323,0.15586577138404906,2.9853854318655983,5.880396055666785,15.937799184648114,fitted,241.37457084926336,-18717.737203373643,-31.81866020567573,0.99589975,0.14608465300512782,2.905528755941866,5.740725301281296,15.6574216124244,fitted,0.00056745,apelblat
LDPE,thp,28,0,25.0,160.0,8.248783905218525,2715.7460671409235,-1782311.4016674063,0.99581045,0.1473909074017169,2.822595036590118,5.622271177465369,16.168441247984717,fitted,223.77392222744948,-17795.600806918093,-29.2709066783765,0.99629685,0.13857112249813722,2.7523350373547766,5.524124122937757,16.31890033762643,fitted,0.0004864,apelblat
LDPE,toluene,28,0,25.0,160.0,11.98044501294195,313.86143356004516,-1432649.2278467948,0.99544726,0.16269589593581457,3.039641596179837,6.269169220455169,18.513619711457665,fitted,187.74405233978635,-16304.679381985487,-23.89442654250886,0.99581994,0.15589473535774395,3.0046442410855123,6.227002035861726,18.725450326866863,fitted,0.00037268,apelblat
LDPE,triethylamine,28,0,25.0,160.0,7.278036615176705,3198.867608485618,-1817252.025028603,0.99659842,0.12758191826785947,2.48951547770167,5.0043347482622975,16.028156738173266,fitted,225.4036696423076,-17630.03563722184,-29.608867985017184,0.99705565,0.11869801196036495,2.4087047343273404,4.916504750642957,16.117774800578587,fitted,0.00045723,apelblat
Nylon6,"1,2-dimethylbenzene",28,0,25.0,160.0,19.57293554536738,-6053.939067126741,-585257.0185578294,0.99999339,0.007457125881568098,0.020675517237096385,0.05977378310657933,0.29061127656238206,fitted,87.48398203970295,-12640.360510046872,-9.196341517852524,0.99999698,0.005044321043375392,0.014574220475885418,0.041893906367174494,0.20530303825364804,fitted,3.59e-06,tie
Nylon6,"1,4-dimethylbenzene",28,0,25.0,160.0,19.77336814878035,-6203.633957358389,-565378.2540518984,0.99999527,0.006337662972009187,0.017026531363211125,0.04975751541389315,0.2428842138033449,fitted,85.30887713669756,-12562.75728774452,-8.873979938692491,0.99999794,0.004184796245430399,0.011734051670188752,0.03353363464851692,0.1648347891733586,fitted,2.67e-06,tie
Nylon6,"2,3-dihydropyran",28,0,25.0,160.0,15.309335098332625,-2800.8110961332964,-1059890.3408087054,0.99982203,0.036295805058301274,0.19121979450395216,0.4931165134477097,2.26702249636336,fitted,140.1485232123219,-14825.162320793643,-16.923497167871155,0.99987318,0.03063982901016355,0.1607509364981936,0.4084735343808083,1.883106019318216,fitted,5.115e-05,apelblat
Nylon6,2-propanol,28,0,25.0,160.0,16.223599746970883,-4038.7556715568685,-623742.7634052639,0.99948572,0.05314300078062131,0.4114686877451568,0.9914743837462644,4.414689805709735,fitted,92.1961930892224,-11245.421141699615,-10.323113661488607,0.99955117,0.04964623963487571,0.3742762259938924,0.8863626036966851,3.9472200140210134,fitted,6.545e-05,apelblat
Nylon6,acetylacetone,28,0,25.0,160.0,21.299427279095827,-7573.560711938918,-253036.5170091913,0.99999123,0.00827194336670377,0.02205459314336974,0.0626671361810782,0.3023518947519843,fitted,51.03041010705228,-10440.439942371297,-4.0297014904647375,0.99999365,0.007035009770687163,0.018807285185890983,0.05345349298996353,0.2591443225720962,fitted,2.42e-06,tie
Nylon6,benzene,28,0,25.0,160.0,15.73235356363155,-2881.250949176362,-1103415.2294833465,0.99985503,0.033974020612884986,0.1816667148638374,0.4783002562153211,2.2231118019955716,fitted,145.36481410051232,-15382.042098329857,-17.570079534229226,0.99989995,0.028224358513503363,0.15116235894911842,0.39315739674723943,1.8337679056285943,fitted,4.492e-05,apelblat
Nylon6,butanone,28,0,25.0,160.0,12.534569714920556,-1078.6522028706029,-1236982.6009459994,0.99962819,0.0481313887845112,0.3260359429540089,0.7843088326837498,3.482008469368843,fitted,158.7766706654355,-15140.413189826035,-19.830158922899557,0.99972649,0.04128179415379327,0.27331571067884075,0.6481592793728612,2.877422691278788,fitted,9.83e-05,apelblat
Nylon6,ch2cl2,28,0,25.0,160.0,3.2378968203992278,2941.2661562790804,-1199228.7651362014,0.99997117,0.00635872865558146,0.03763686057836089,0.04613243207097734,0.0897844985709142,fitted,141.7025824133587,-10518.854383382106,-18.74380753476206,0.99997845,0.005497321165560064,0.07656235820193781,0.12913564986651146,0.49871285773174634,fitted,7.28e-06,tie
Nylon6,chcl3,28,0,25.0,160.0,16.89812090200128,-8582.12915524561,1176114.064143293,0.9999593,0.003957517483024545,0.045202451389426516,0.0727185083466979,0.28254433126657474,fitted,-118.26875139109991,4585.820860905645,18.291216601874407,0.99971546,0.010463745217044303,0.11138849679566924,0.16903290466197254,0.6408008465534358,fitted,-0.00024384,mk
Nylon6,cyclohexane,28,0,25.0,160.0,22.7649523940804,-8247.052639402778,-487510.80913383485,0.99999107,0.01019416251557995,0.006374045193147192,0.01961878705831208,0.0958454276625087,fitted,78.16662584984424,-13672.702640930182,-7.490960518464003,0.99998604,0.012746092507104163,0.007348323843071359,0.022344182299896022,0.10877391552867843,fitted,-5.03e-06,tie
Nylon6,cyclohexanol,28,0,25.0,160.0,19.69660785283908,-6927.734477421077,-139747.06512768258,0.99988525,0.025651522542812957,0.11009725792001361,0.2814891896756448,1.298317225482979,fitted,37.73925416904513,-8595.508069815567,-2.461121535504135,0.99989221,0.024860601743079004,0.10386435988328709,0.2622777028745853,1.2114396893470847,fitted,6.96e-06,tie
Nylon6,dimethylformamide,28,0,25.0,160.0,13.385511641669986,-2408.546315844089,-835084.7421639314,0.99968328,0.03926672692493793,0.2530516520869804,0.5805954502410268,2.538443486305308,fitted,112.67898009719913,-11931.054995909712,-13.469430375045887,0.99975464,0.034561298603154746,0.214634400244866,0.4884467190874024,2.1344318379022766,fitted,7.136e-05,apelblat
Nylon6,dimethylsulfoxide,28,0,25.0,160.0,19.779544550933252,-7850.424532957465,183414.54250261997,0.99995392,0.014370801595883734,0.04437036399479437,0.10742914982582402,0.48107549619390433,fitted,-0.23005434690065396,-5852.552148952723,2.697222234637264,0.99994746,0.015345246236952444,0.045150349378397917,0.10828661094983699,0.48524261241863975,fitted,-6.46e-06,tie
Nylon6,diphenylether,28,0,25.0,160.0,19.26166283549403,-6349.16227816563,-492745.1354295673,0.99999867,0.0032614226734434047,0.005639086930577036,0.016268700098619908,0.0791760054758548,fitted,76.2236612924088,-11883.31154133972,-7.711557357230191,0.99999948,0.0020342780888890446,0.0029716769577357296,0.007860809965607401,0.037939884154545744,fitted,8.1e-07,tie
Nylon6,dodecane,28,0,25.0,160.0,20.386001509786215,-7601.991079366611,-590046.2197208538,0.99999893,0.0035092199478137047,0.0005150755223517935,0.0015646350505966627,0.0076054130869892544,fitted,88.08832552539315,-14202.52723782689,-9.160615267433892,0.99999609,0.0067060967786909485,0.0008425433879434405,0.0025109968902752365,0.012051461584002499,fitted,-2.84e-06,tie
Nylon6,ethanol,28,0,25.0,160.0,15.959883748780522,-3736.180974697787,-670050.4640434843,0.99925209,0.06373815882132848,0.5937060794544714,1.405155325098215,6.202747131220363,fitted,98.09956370265338,-11505.294164913452,-11.16599215311598,0.99933815,0.05995917545651784,0.5396673727624869,1.2608034293327925,5.562667969618516,fitted,8.606e-05,apelblat
Nylon6,ethylacetate,28,0,25.0,160.0,14.541518903335662,-2544.624473506594,-1021918.1677923301,0.9997724,0.03884701648299481,0.20865593177238262,0.522380947605044,2.3640574913648145,fitted,135.25109512048266,-14156.032142463384,-16.366974838243795,0.99983308,0.03326819631606626,0.17681930603502338,0.43479515983604894,1.9710556054888677,fitted,6.068e-05,apelblat
Nylon6,glycol,28,0,25.0,160.0,33.64297700632599,-18146.927296565318,1779269.2026837268,0.9999893,0.008284485462355216,0.004679343979130865,0.013841195381666747,0.06619380204071401,fitted,-171.9615027670092,1832.2721521344174,27.834088317369893,0.99999933,0.0020669618863054166,0.0009263868756791742,0.0019356001771163563,0.006640774714021802,fitted,1.003e-05,apelblat
Nylon6,h2o,28,0,25.0,160.0,63.173738440387275,-50665.118131171796,8251745.736136005,0.99939958,0.037007888708228416,2.343723715752129e-07,6.183075714626034e-07,2.7703776670669132e-06,fitted,-890.1204064004751,41980.19333359908,129.05160232196485,0.99988387,0.016276015160556875,1.7979238524562885e-07,5.448501815727678e-07,2.675884735475749e-06,fitted,0.00048429,apelblat
Nylon6,hexane,28,0,25.0,160.0,22.056000955479696,-7971.959283824641,-524297.8669652581,0.99999553,0.007167380037577941,0.003407821217753577,0.010417926365904245,0.0507806397899242,fitted,81.9155481243656,-13821.455270018205,-8.096481598054195,0.99999139,0.009947585302025058,0.004273325156417077,0.012876434792634511,0.06239197588781353,fitted,-4.14e-06,tie
Nylon6,isopropylamine,28,0,25.0,160.0,8.821926973129134,923.6659897257397,-1354415.7471163457,0.99922368,0.05797751843727068,0.5460036304513695,1.1435009272642356,4.7684678898636506,fitted,169.46362327865614,-14499.907798157865,-21.787661552885464,0.99941656,0.050261844969536465,0.4528705730583033,0.9311580526608344,3.857268152799435,fitted,0.00019288,apelblat
Nylon6,methanol,28,0,25.0,160.0,23.510877167205287,-9063.466925706321,215885.9721619787,0.99949994,0.05450753465773768,0.49486066416684416,1.2661238078080093,5.821748872262781,fitted,2.712359296468736,-6855.191869508486,2.7749787359850284,0.9994808,0.05554105169632541,0.4866413781662516,1.2301440886290982,5.659449471789543,fitted,-1.914e-05,mk
Nylon6,methylacetate,28,0,25.0,160.0,13.482929803070634,-1560.0253250209967,-1216067.6480292035,0.99966011,0.04809767831361902,0.3043436925940766,0.7545995562505234,3.387199903637324,fitted,157.2874256033069,-15385.85414771683,-19.499960070005777,0.99974798,0.04141653822801897,0.2583872606373732,0.6280025321855778,2.820994617169525,fitted,8.787e-05,apelblat
Nylon6,n-heptane,28,0,25.0,160.0,21.591123302003467,-7850.997425178454,-544970.0948169652,0.99999684,0.006025842739109828,0.002126001634294101,0.006488983703580904,0.031610094616669526,fitted,83.91499926174114,-13936.550421446284,-8.430835059709159,0.99999305,0.008934938755084167,0.0028131023579080895,0.008451931315593896,0.040866683391745484,fitted,-3.79e-06,tie
Nylon6,propanol,28,0,25.0,160.0,16.477730944266074,-4421.359823004768,-505557.1179130827,0.99948055,0.05141089888506962,0.4041342361560671,0.9613282589593335,4.264171086839109,fitted,78.70693299311436,-10296.437574187976,-8.461729886182429,0.99953664,0.048555830066131005,0.3706862425937075,0.867771946547982,3.849181701138317,fitted,5.609e-05,apelblat
Nylon6,propanone,28,0,25.0,160.0,9.956836771863738,797.5613024999128,-1528168.919227717,0.99942767,0.05797541414283848,0.48112514919135013,1.0977301257152428,4.755783768234082,fitted,190.56418280368385,-16571.211377678657,-24.489445826442278,0.99958458,0.049393269200381236,0.3952133602874635,0.8906143101347835,3.8474102399040717,fitted,0.00015691,apelblat
Nylon6,propyleneglycol,28,0,25.0,160.0,29.110917931125186,-14234.758999046324,1159522.501394672,0.99999801,0.0033782408477562205,0.00844061124927339,0.023344562188249606,0.11456355014987274,fitted,-104.39765762417261,-1239.6375679755035,18.069259686053634,0.99998916,0.007892216494473856,0.019234772323418397,0.05373645616246715,0.2588887913465445,fitted,-8.85e-06,tie
Nylon6,tert-butanol,28,0,25.0,160.0,17.113571605831755,-4730.808828413974,-533100.2552806806,0.99969671,0.041789902098443854,0.2593343836498713,0.6415892224924725,2.898800900203714,fitted,81.74494518943015,-10874.542337645378,-8.779277422391223,0.99973818,0.03882829162672007,0.23550875475740116,0.5731377260334077,2.5923634493686194,fitted,4.147e-05,apelblat
Nylon6,thf,28,0,25.0,160.0,10.05266622879763,328.55556418578584,-1362085.1437244895,0.99944861,0.053503978291028174,0.40605435603323886,0.9013683096495732,3.861947462824009,fitted,171.19947908755157,-15161.302807898577,-21.852307082778424,0.99959596,0.04579990466310534,0.3341124993469136,0.7311432950532893,3.1208611407271114,fitted,0.00014735,apelblat
Nylon6,thp,28,0,25.0,160.0,16.664430775736136,-4281.420714361945,-678676.0028832259,0.99981963,0.033766728384642626,0.17359818076354938,0.4393280443885771,2.0066047754014846,fitted,97.43099523750254,-12024.059809756305,-10.95687628376954,0.99985703,0.03006339337431875,0.15231162586070598,0.37968505064198477,1.7379224416664023,fitted,3.74e-05,apelblat
Nylon6,toluene,28,0,25.0,160.0,18.408949543759658,-5028.194291104949,-747598.757876442,0.9999654,0.016858423448571316,0.06344608344348708,0.17594391730927506,0.8398713624744865,fitted,105.72711300605471,-13471.234579325213,-11.8299636435069,0.99997874,0.013215141199851238,0.05056292683927021,0.14006481512048516,0.672633154258321,fitted,1.334e-05,apelblat
Nylon6,triethylamine,28,0,25.0,160.0,30.395474592618097,-15674.511859478253,1448672.9556818034,0.9999888,0.007834008485995808,0.008794239990670817,0.022803679657938305,0.10287144600345854,fitted,-135.83779052749918,531.6276388408351,22.49267934118059,0.99995332,0.015996100040668832,0.017359461366867727,0.04528597592213289,0.2065066541998659,fitted,-3.548e-05,mk
Nylon66,"1,2-dimethylbenzene",28,0,25.0,160.0,19.08648679806549,-6402.162342703567,-556170.4857184633,0.99999993,0.0008074358063958879,0.000539794431723769,0.0017560026280650021,0.00882306089938778,fitted,83.20688082881365,-12639.620824626892,-8.678964790757073,0.99999932,0.00243676799595468,0.0014237019637982266,0.0035010754583992853,0.014805318292250291,fitted,-6.1e-07,tie
Nylon66,"1,4-dimethylbenzene",28,0,25.0,160.0,19.164681297517212,-6470.276054372586,-551737.2012249302,0.99999997,0.0005226516910828076,0.00021653821445378956,0.0007584890353254081,0.0039018385226925467,fitted,82.74623196381947,-12656.57189257479,-8.605757616577849,0.99999914,0.0027605081581340836,0.0016138131257154035,0.004118243940062681,0.018121720189540724,fitted,-8.3e-07,tie
Nylon66,"2,3-dihydropyran",28,0,25.0,160.0,18.062878573635874,-5417.72838561949,-601115.1660351988,0.99996642,0.015828461841502647,0.03637638393068456,0.09866514888551917,0.46585167230909086,fitted,88.49155529566909,-12217.87409654233,-9.543885650993365,0.99997843,0.012684868566600059,0.02947748515603858,0.07952518782620424,0.37776299015270176,fitted,1.201e-05,apelblat
Nylon66,2-propanol,28,0,25.0,160.0,18.627962827911997,-6273.735470441739,-218473.8989321384,0.99980621,0.032422338059266316,0.14303452627805177,0.357184058466074,1.6300367941764229,fitted,46.26517528972957,-8851.400161918455,-3.7648774132975955,0.99982062,0.031193848498376017,0.13406845622259733,0.3301839944037334,1.5085241028476268,fitted,1.441e-05,apelblat
Nylon66,acetylacetone,28,0,25.0,160.0,19.95019109974975,-7344.309938573405,-250218.7522531705,0.99999708,0.00464179422260541,0.005333190967196759,0.01492299876403029,0.07142568588312237,fitted,49.120335592616875,-10167.307214341228,-3.9514713753335715,0.99999848,0.003350497743980848,0.003986137811656578,0.011208579570344154,0.054172205692779585,fitted,1.4e-06,tie
Nylon66,benzene,28,0,25.0,160.0,18.265619318690142,-5235.8500656617125,-736148.1047127764,0.99998496,0.011286924040179823,0.02378444582515138,0.0671487528537566,0.3223918912474826,fitted,103.8833064233564,-13530.677801594684,-11.596060530691677,0.99999303,0.007686577620040087,0.016926895805454888,0.048204444872966795,0.2337389858331882,fitted,8.07e-06,tie
Nylon66,butanone,28,0,25.0,160.0,14.986563096442088,-3442.4188157821964,-787018.4333582994,0.99985581,0.029335929898046276,0.11119143149818474,0.2768036093095737,1.2561437093384011,fitted,107.90530831121178,-12382.50259540617,-12.598399358380977,0.99989495,0.025039992674789534,0.0941411412464217,0.2306008799517396,1.0490408825794706,fitted,3.914e-05,apelblat
Nylon66,ch2cl2,28,0,25.0,160.0,5.337479421572611,1612.0009646595242,-1085154.0721976035,0.99978489,0.020482105819352576,0.12755613328570217,0.2148731275392883,0.7881980182767769,fitted,131.93053817209278,-10635.380088126374,-17.149507178101995,0.99989132,0.01455866328952406,0.07861822411847551,0.12255540008441805,0.4108100502860772,fitted,0.00010643,apelblat
Nylon66,chcl3,28,0,25.0,160.0,18.181631668203625,-9723.986448790494,1341184.720482249,0.9998841,0.007409083962765076,0.048164194466813394,0.07873366725054999,0.30962777913987694,fitted,-135.71580152080216,5279.605685824018,20.823526700862804,0.99953141,0.014897999177970408,0.09123584618754484,0.1437795908203251,0.5577916461977779,fitted,-0.00035269,mk
Nylon66,cyclohexane,28,0,25.0,160.0,20.340604956616527,-7272.602724588189,-728219.356238704,0.99999942,0.002694536168066804,0.00041951851492809264,0.0013057570831878297,0.0064499471101147066,fitted,104.06807761271791,-15427.711331260567,-11.33062263659129,0.99999682,0.0062928871362288065,0.0008189278377007606,0.002478347471105942,0.012004321939035778,fitted,-2.6e-06,tie
Nylon66,cyclohexanol,28,0,25.0,160.0,19.988742423611626,-7847.337285853229,58799.62510055003,0.999973,0.012125094835301439,0.024933049231331134,0.06459854182305692,0.3013949500384978,fitted,14.119719113584003,-7235.252656697795,0.7854577365683669,0.99997171,0.012411304749526652,0.02464538633743029,0.06315707059111829,0.2948013830243692,fitted,-1.29e-06,tie
Nylon66,dimethylformamide,28,0,25.0,160.0,14.020578729678743,-3395.037254311292,-621908.7917364046,0.99984325,0.026792233863055275,0.10714800530168558,0.25003927103597334,1.1053281679776106,fitted,87.7595141732662,-10475.896187639348,-10.000912254533477,0.99988125,0.02332008910916444,0.09108079066129533,0.21001482800049728,0.9291882665509874,fitted,3.8e-05,apelblat
Nylon66,dimethylsulfoxide,28,0,25.0,160.0,18.269599514018932,-7297.4126970535335,121940.49497809589,0.99997927,0.009346134682306299,0.01731874408209025,0.04194228143278744,0.18950282025458876,fitted,4.9438527755840065,-5967.977185319846,1.7964980943576885,0.99997632,0.009989176637338682,0.01774788473195139,0.04235988426278848,0.1913599745056036,fitted,-2.95e-06,tie
Nylon66,diphenylether,28,0,25.0,160.0,18.231737949466147,-6314.679603796465,-522860.48499621154,0.99999993,0.0007843455042708926,0.0002660535807057367,0.0008005706029544481,0.0038882973483080896,fitted,78.51638421437467,-12178.8018994286,-8.159824735965486,0.9999994,0.002225812436808366,0.0008715158784901995,0.0022311451119615983,0.009941485177528797,fitted,-5.3e-07,tie
Nylon66,dodecane,28,0,25.0,160.0,18.5475957619543,-7028.509882858372,-762383.3869577339,0.9999999,0.0011009188924513912,1.5679229805085053e-05,4.037353157644636e-05,0.0001842071206599183,fitted,106.39740127368863,-15576.322842993804,-11.890401336822872,0.99999871,0.003990208000328023,0.00011574031559763077,0.0003455868929098072,0.001653197592165312,fitted,-1.19e-06,tie
Nylon66,ethanol,28,0,25.0,160.0,18.844972052020292,-6216.32054340644,-235525.31798342045,0.99967467,0.04222748874067604,0.23866530498584287,0.5915719456540279,2.6842814929606256,fitted,49.19467247287422,-9024.073310945232,-4.139359144767893,0.99969497,0.040888504493795,0.22477608149933784,0.5490107386174826,2.4930750364600236,fitted,2.03e-05,apelblat
Nylon66,ethylacetate,28,0,25.0,160.0,16.365090751543477,-4508.427351111847,-642057.9117063199,0.99992479,0.0218592792675793,0.06080548067927462,0.15606379692577665,0.7192699019578495,fitted,91.99291391323653,-11792.668594218661,-10.252316656342197,0.9999467,0.018401516048859957,0.051050441019890216,0.12938539731829735,0.5985772519861463,fitted,2.191e-05,apelblat
Nylon66,glycol,28,0,25.0,160.0,30.428618822151865,-16446.42479973474,1490705.4648507223,0.9999962,0.004889585473378105,0.000997921241687017,0.002756150630316715,0.01271919890648232,fitted,-141.65875025041092,283.5781593737125,23.294961741261414,0.99999765,0.0038413584405204426,0.001040297962762999,0.0028044917790343714,0.012906067265348709,fitted,1.45e-06,tie
Nylon66,h2o,84,0,25.0,160.0,60.625794523390006,-49388.760460825186,8000403.449032535,0.9993518,0.039151198385696084,9.036104250653659e-08,2.353299658912435e-07,1.055907942195683e-06,fitted,-863.7901289808923,40442.88621495354,125.1437843649375,0.99986628,0.01778237762245418,6.854958963692389e-08,2.0689104805539427e-07,1.0075677691894065e-06,fitted,0.00051448,apelblat
Nylon66,hexane,28,0,25.0,160.0,19.914765585233607,-7196.504087913306,-730900.9990209136,0.99999976,0.0017292458083498362,0.0001904514502898556,0.0005928556231948925,0.002938975013103917,fitted,104.03781201108497,-15386.184196083077,-11.38501410197087,0.99999784,0.005162294521591524,0.0005024843557896188,0.001511134784266928,0.007291602133605135,fitted,-1.92e-06,tie
Nylon66,isopropylamine,28,0,25.0,160.0,11.037782523528419,-1172.3417017050326,-947212.9242384778,0.99962722,0.03897924352656533,0.24200759601209818,0.5245807727084104,2.2414190064800366,fitted,123.23606547621777,-11951.206519020001,-15.215931754473488,0.9997225,0.033630437837576806,0.20147211610171192,0.43194017427418063,1.8407857899927933,fitted,9.528e-05,apelblat
Nylon66,methanol,56,0,25.0,160.0,25.19046866414815,-10683.143913526983,494140.8887160154,0.99981699,0.03320732853905551,0.17523746256064135,0.4651124113026763,2.182766859171842,fitted,-29.332430200895857,-5268.648786766771,7.355872272943766,0.99978881,0.03567230198250117,0.18034101405088435,0.47405738560713934,2.2240661909586876,fitted,-2.818e-05,mk
Nylon66,methylacetate,28,0,25.0,160.0,15.767994094735368,-3784.07964521678,-799618.2801707202,0.99986983,0.029334094002243568,0.10163083893367898,0.25949244859371084,1.189505849704224,fitted,110.12458576285269,-12864.701742922074,-12.792872744276439,0.99990544,0.025001544009135943,0.08604289203764161,0.2164998424281323,0.9954174710032291,fitted,3.561e-05,apelblat
Nylon66,n-heptane,28,0,25.0,160.0,19.512784438330744,-7114.523507469246,-745387.1187781512,0.99999984,0.0014056226609509362,0.00011368783678073304,0.00035247270658055334,0.0017483065504035888,fitted,105.3221225805042,-15467.508684335027,-11.613419922181686,0.999998,0.004959553395692709,0.0003522202642819807,0.001056828499898385,0.005081701799103722,fitted,-1.84e-06,tie
Nylon66,propanol,28,0,25.0,160.0,18.800424770750944,-6574.685731907366,-118667.81976066454,0.99980387,0.03148597316569769,0.14239797831039777,0.35152540865305876,1.5989997422665851,fitted,34.86691876903077,-8029.684823220904,-2.198101685450924,0.99981241,0.03079278835720312,0.13536987032348455,0.32954999506116894,1.5002259692627895,fitted,8.54e-06,tie
Nylon66,propanone,28,0,25.0,160.0,12.830443284776885,-1765.5335537428746,-1052488.7370853454,0.9997173,0.04013012237514073,0.20330008219049425,0.4856204227290201,2.155456207698318,fitted,137.20502782268525,-13727.10514341845,-16.86442993553996,0.99979365,0.03428548792254501,0.16997768165237798,0.40046234821892873,1.7782723096828477,fitted,7.635e-05,apelblat
Nylon66,propyleneglycol,28,0,25.0,160.0,26.50361052147183,-12999.035748936383,962250.3427495529,0.99999911,0.002228594467164595,0.001621118370533603,0.0038996351524536897,0.018100686149134404,fitted,-84.39416587447968,-2209.42685961157,15.010094983295703,0.99999531,0.005106635361381191,0.005596800462159052,0.015193306854414305,0.07235529296132981,fitted,-3.8e-06,tie
Nylon66,tert-butanol,28,0,25.0,160.0,18.806323013640675,-6565.755954078109,-183207.02710738237,0.99990445,0.023049296307320128,0.07494928515458141,0.1904133066565165,0.8769337176965077,fitted,41.6633289062056,-8710.728260036793,-3.1108388351235066,0.99991272,0.02202939449154975,0.0699037674334455,0.17538492332394026,0.8090444761858926,fitted,8.27e-06,tie
Nylon66,thf,28,0,25.0,160.0,13.51761303977531,-2781.0432584336377,-767838.9468685574,0.99975468,0.03452781468299449,0.1563259838746102,0.3644535855998546,1.6066585622376053,fitted,104.67370684534369,-11529.37105213891,-12.36422352348908,0.99981187,0.030236252518478463,0.13313322836204944,0.3070941555701492,1.3541151450830533,fitted,5.719e-05,apelblat
Nylon66,thp,28,0,25.0,160.0,18.65535362146509,-6526.917368601627,-222084.94386402116,0.99995598,0.016014212168417995,0.04001897743799015,0.10350292013593133,0.48100513484901697,fitted,45.44772913837077,-9079.448316870637,-3.6381355634843633,0.99996235,0.014810891524619072,0.03636658214385228,0.09305992098033941,0.4335757220941545,fitted,6.37e-06,tie
Nylon66,toluene,28,0,25.0,160.0,18.997992130458258,-6093.389738104308,-597515.4118562144,0.9999985,0.003589517898981481,0.004526753506866997,0.01330812730697217,0.06493065794088704,fitted,88.08508729145157,-12804.944521056314,-9.353194277196636,0.99999975,0.0014808526397368407,0.0018826249396594428,0.005179568804536117,0.025170314217388245,fitted,1.25e-06,tie
Nylon66,triethylamine,28,0,25.0,160.0,29.011278440344437,-16129.82994956718,1702961.1091684792,0.99999548,0.004337867135205887,0.0007356987320179198,0.0013275320561788831,0.0038077031519052618,fitted,-167.40113227737046,2973.0390979538347,26.58602678569027,0.99998815,0.007026762800730109,0.0035008896053095448,0.008938315402701347,0.041273426485964215,fitted,-7.33e-06,tie
PC,"1,2-dimethylbenzene",28,0,25.0,160.0,1.5791906191727867,5559.91512628043,-1995772.5203317679,0.99934465,0.04520320813743315,0.47456128926700425,0.8615912020481715,3.283911163340967,fitted,235.07085431377723,-16999.680706039613,-31.637488053451047,0.99963054,0.03394032799738337,0.32819715216496703,0.5732387934276827,2.099928999133084,fitted,0.00028589,apelblat
PC,"1,4-dimethylbenzene",28,0,25.0,160.0,2.7085556775534636,4838.432862916713,-1897799.9408953795,0.99931868,0.04744774862294421,0.49225650815171373,0.9183553553426408,3.5746698933471706,fitted,225.10658280463556,-16632.887403818797,-30.13789759852901,0.99959278,0.03668216720194292,0.3566276291311401,0.6440196424675486,2.440089561481173,fitted,0.0002741,apelblat
PC,"2,3-dihydropyran",28,0,25.0,160.0,-7.077532645336527,11253.73986601545,-2804298.743335043,0.9997861,0.02078575811329187,0.18826993288192853,0.23778515076898324,0.4427218325434268,fitted,317.09121172710275,-20241.449530864986,-43.886086575311985,0.99988798,0.015042019623633442,0.263128350678028,0.41827765705941955,1.492021705777141,fitted,0.00010188,apelblat
PC,2-propanol,28,0,25.0,160.0,35.91209024923378,-15374.48464072447,571792.6709745957,0.99983507,0.0484869371167225,0.28450894458931053,0.9374430335413597,4.661391877101195,fitted,-26.481734073571005,-9145.40516542765,8.410610600783958,0.9998154,0.05129654076246424,0.2876416386980259,0.9432003652507779,4.691945576358997,fitted,-1.967e-05,mk
PC,acetylacetone,28,0,25.0,160.0,13.530265657835107,-2751.4790074245584,-683494.2781547018,0.9995824,0.041853864649089724,0.32981223560281286,0.7418145874325138,3.2323064816124436,fitted,95.56624674722585,-10585.308373038786,-11.135710773574365,0.99965608,0.03798215272910079,0.2882858377329858,0.6436572796781905,2.8034820095419555,fitted,7.368e-05,apelblat
PC,benzene,28,0,25.0,160.0,-8.007991005815606,11627.15363770487,-2785124.9666538113,0.99990058,0.012701709787947364,0.23059119596184027,0.3422472890608793,1.1633784546414176,fitted,312.68549930952224,-19587.183907132312,-43.40327158567426,0.99972243,0.02122363638479692,0.4907528798966121,0.7846906962863349,2.7836246317250684,fitted,-0.00017815,mk
PC,butanone,28,0,25.0,160.0,-5.976050623619601,9755.301901978288,-2347581.8821441056,0.9998931,0.011244479685287388,0.28416864278270487,0.4378137875916757,1.518351517380566,fitted,263.74002709451975,-16524.22277965645,-36.49802377256465,0.99955383,0.022972074844544606,0.5531330652007774,0.8438764177113941,2.896403714943645,fitted,-0.00033927,mk
PC,ch2cl2,24,4,25.0,140.0,-2.077880250065321,6266.508260909035,-1579360.1874811004,0.9998959,0.008076135782350337,0.16592565768490555,0.23699105899694933,0.7759598317561043,fitted,187.03716129288833,-11796.642564309992,-25.674499523255175,0.99967136,0.014349478102576084,0.2828725902840206,0.39812337114062724,1.292983626338419,fitted,-0.00022454,mk
PC,chcl3,28,0,25.0,160.0,3.857320541002863,2432.7067447316267,-1070944.4706814338,0.99981575,0.015170023518497057,0.17693510194072326,0.2715930972359057,0.9520025409926873,fitted,128.38514114470294,-9633.09057641789,-16.865773385917077,0.99992806,0.009479000646070056,0.0894193938145155,0.12317227543337309,0.3704502233710514,fitted,0.00011231,apelblat
PC,cyclohexane,28,0,25.0,160.0,24.894162565331552,-9987.811504023457,37404.69667795089,0.99997019,0.016571499389121322,0.026927924709076456,0.08059182139973282,0.39204963777041524,fitted,19.37120123069493,-9505.31609148317,0.7594491090864447,0.99997098,0.016350284123988486,0.025809520333003325,0.07684197015579208,0.37462115102456295,fitted,7.9e-07,tie
PC,cyclohexanol,28,0,25.0,160.0,32.95870312945354,-14178.104512778167,422673.222535979,0.99998088,0.016019619016652272,0.028510688411275263,0.09341598152183367,0.45712575713650416,fitted,-14.444495991037437,-9506.8474787734,6.40319141818135,0.99997488,0.018362054879333203,0.030834394460807935,0.09992471117548236,0.4890505720510543,fitted,-6e-06,tie
PC,dimethylformamide,27,1,25.0,155.0,2.396091402556743,2841.7678840267195,-926050.0903440445,0.999955,0.004887464023855845,0.10442884223313836,0.13996435510871996,0.4330014595803746,fitted,109.78387193615214,-7574.547354021527,-14.542460314641499,0.99982357,0.00967699652537072,0.2069402714300376,0.2804267994522817,0.9012823335781448,fitted,-0.00013143,mk
PC,dimethylsulfoxide,28,0,25.0,160.0,6.127938780156723,647.7415120462913,-777062.7605643437,0.99998323,0.004738079321741164,0.05047895398567604,0.08569868609198548,0.3376821530485685,fitted,95.5396702801578,-8057.9122582297805,-12.100533075941007,0.99996127,0.007199409419316961,0.08702709684834604,0.15316067447782972,0.6092614061948822,fitted,-2.196e-05,mk
PC,diphenylether,28,0,25.0,160.0,9.42817393201485,-196.9747312376318,-1064257.6953497746,0.99967234,0.03476904358982152,0.2249770151218065,0.4712762451683173,1.9839941293170575,fitted,134.789042545253,-12271.251660644979,-16.994287303986784,0.99977611,0.02874081080560367,0.17951203553666803,0.37090037822100375,1.5546949604175282,fitted,0.00010377,apelblat
PC,dodecane,28,0,25.0,160.0,20.141451508077694,-8489.794199729344,-212841.89818336832,0.99999975,0.0014988304818019326,0.00018599114209894694,0.0005493878792480435,0.0026796274331781778,fitted,44.559107987676256,-10870.537518734523,-3.3038467104212286,0.99999927,0.002571725403145607,0.00027937508516060746,0.0008067959325801077,0.0038862301971137603,fitted,-4.8e-07,tie
PC,ethanol,28,0,25.0,160.0,38.775948699617395,-17099.71760327712,810295.3046309216,0.99973528,0.06337928189839659,0.4203174671235431,1.3798786046943186,6.832758969826081,fitted,-50.05482423476709,-8250.981689331706,11.978551102802067,0.99970109,0.06734783019405471,0.4265278010919425,1.3940961701392367,6.906743672537516,fitted,-3.419e-05,mk
PC,ethylacetate,28,0,25.0,160.0,-5.010028008270693,9405.506201625241,-2395349.8995420896,0.99989773,0.0129170458542741,0.11846557423211393,0.14648410183714433,0.283434560607553,fitted,271.45095171018056,-17474.152234888872,-37.423134534081264,0.99990011,0.012765783357450903,0.26305993611476847,0.42614536641784684,1.555085461661129,fitted,2.38e-06,tie
PC,glycol,28,0,25.0,160.0,50.88417590496624,-29761.336786317635,2671808.185961258,0.99944162,0.10831148901644755,0.00013471080517573125,0.0004569983917899915,0.002191833616726639,fitted,-252.18871643259263,-54.96853434814648,40.97348717602786,0.99934816,0.11702477777397066,0.0001701567022089571,0.0005819496951982114,0.0028136454006919935,fitted,-9.346e-05,mk
PC,hexane,28,0,25.0,160.0,23.103512441422595,-9163.94156576474,-79356.04831581758,0.99999139,0.008755184536001808,0.008593889523146405,0.025314649071183488,0.12270967644700104,fitted,31.603217509473797,-10020.13644043372,-1.144093194348757,0.99999059,0.009149359102495452,0.00861926535986984,0.02519286767017818,0.12219336530905966,fitted,-8e-07,tie
PC,isopropylamine,27,1,25.0,155.0,-20.977300447106366,21920.64281777661,-4794547.913109796,0.99960136,0.03228440081871756,0.5751555902534808,0.8439483440392731,2.6182809719647935,fitted,537.2646522255063,-32125.52957829161,-75.61941158412505,0.99940383,0.039480930499509494,1.009883982435377,1.594848124980418,5.389669784448174,fitted,-0.00019753,mk
PC,methanol,56,0,25.0,160.0,52.326963353359886,-27162.011795219372,2387296.690247358,0.99996711,0.024494567229174122,0.04264246072191156,0.15280786291869788,0.7690400783503417,fitted,-220.89388152931332,-492.9728799510064,36.961858511207566,0.99992506,0.03697508922013593,0.05751731241271777,0.20336435873030706,1.0167727962947364,fitted,-4.205e-05,mk
PC,methylacetate,28,0,25.0,160.0,-6.174522028860198,10251.805485102757,-2529655.2590046814,0.9999191,0.011255021510652946,0.14510860469675055,0.1946079859205182,0.5588601887469622,fitted,285.44710354829976,-18117.26435358533,-39.47201556257974,0.99984471,0.015593034449504554,0.3629522911670418,0.5816659948041566,2.090484323857993,fitted,-7.439e-05,mk
PC,n-heptane,28,0,25.0,160.0,22.179131275102485,-8886.91687504767,-130311.60738594414,0.99999602,0.005958715995877678,0.003377805367560343,0.00993494133554485,0.04818135502463994,fitted,36.756517053514514,-10325.146409062225,-1.968727695272178,0.99999509,0.00661965647620531,0.0035573610468794927,0.010361857906660095,0.050198841300859165,fitted,-9.3e-07,tie
PC,propanol,28,0,25.0,160.0,36.26373316617724,-15679.698379094021,623104.2145989607,0.99985728,0.045166325715099646,0.2429806679969342,0.8033224653345907,3.9960896205415537,fitted,-32.24581779701082,-8864.747615006503,9.240365281794707,0.99983698,0.04827197481017654,0.24750736733963818,0.8140119605031612,4.050295080156605,fitted,-2.03e-05,mk
PC,propanone,25,3,25.0,145.0,-3.1225076927538518,7146.489425374502,-1739676.4308295392,0.99986889,0.009305427692429862,0.22621507173411792,0.3217458186837814,1.0411931099358256,fitted,202.91603330053312,-12636.960679909576,-27.948037624304373,0.99956729,0.016904843755309776,0.3967793189408667,0.557109197602968,1.7942030130848892,fitted,-0.0003016,mk
PC,propyleneglycol,28,0,25.0,160.0,41.94646942076289,-22068.365994429296,1529422.246670911,0.99998221,0.01764729701802299,0.001043869414155682,0.003403190897730056,0.016293935887178257,fitted,-132.81872646663862,-4997.0886106591215,23.63987308944727,0.9999609,0.026163140028764225,0.0014344195711645659,0.004699887334054048,0.02259645092923923,fitted,-2.131e-05,mk
PC,tert-butanol,28,0,25.0,160.0,30.42032999090321,-11859.800606940109,86777.82594028229,0.99979039,0.051114584738866306,0.32414429487760005,1.014302833618306,4.983486410303247,fitted,24.108882610567683,-11078.778602007515,0.8179997852008246,0.99978749,0.051467244737728714,0.31501149554729135,0.9812259667927636,4.827745282326202,fitted,-2.9e-06,tie
PC,thf,25,3,25.0,145.0,-2.411619813470154,6472.1532667642105,-1592177.9722536304,0.99980803,0.010574704838441463,0.24409239297341245,0.3417719081984152,1.0950039051689728,fitted,185.97425851543588,-11624.536711951647,-25.55172482338974,0.99947191,0.01753893323678042,0.3939601658338341,0.5442905515692295,1.7335251236836342,fitted,-0.00033612,mk
PC,thp,28,0,25.0,160.0,-4.054707317776028,8757.825981480339,-2293946.4625659212,0.99986099,0.015324098091430592,0.1444307522869402,0.18026826258770462,0.3372612873112999,fitted,261.0764199992617,-17003.371183371142,-35.893136495036195,0.9999344,0.010526665433913111,0.18594250851413938,0.29651503995309536,1.0727927978484573,fitted,7.341e-05,apelblat
PC,toluene,28,0,25.0,160.0,-3.9201894207077355,9216.017691898096,-2524726.9636510895,0.99955157,0.03304701886935273,0.36748386255084137,0.564310468757547,1.8088127306217316,fitted,289.3545843247109,-19213.38146432294,-39.71759856708347,0.99982818,0.0204558374910687,0.171261918345944,0.22697938708482437,0.4702530645542353,fitted,0.00027661,apelblat
PC,triethylamine,28,0,25.0,160.0,20.144611057291534,-7256.732046420067,-72123.95701587001,0.99997341,0.012264739755224973,0.05861695512065317,0.15660760715635294,0.7448214517296599,fitted,29.352264006942324,-8112.052156229182,-1.2550629567001654,0.99997508,0.011872864560041304,0.055443053112107746,0.14715300150309574,0.7009137802668555,fitted,1.67e-06,tie
PES,"1,2-dimethylbenzene",28,0,25.0,160.0,34.12506291900635,-5837.211529067798,-4072896.37203642,0.95433054,1.9526725956913142,0.008408198929653247,0.027371454823201934,0.12781247832132095,anomalous,570.9394459377592,-55014.75245805848,-73.32078846707577,0.95482261,1.9421243302934046,0.005673751138273096,0.017614599835035754,0.07994328499598094,anomalous,0.00049207,apelblat
PES,"1,4-dimethylbenzene",28,0,25.0,160.0,40.76839524647089,-11076.79263995771,-3091975.0518247555,0.95701779,1.8730161462432127,0.006950694513996378,0.02305536101747653,0.10867929350890693,anomalous,464.790344241356,-49268.751377355264,-58.056777043274,0.95741113,1.864426082861599,0.004912421777598144,0.015761842560332827,0.07296153440003697,anomalous,0.00039334,apelblat
PES,"2,3-dihydropyran",28,0,25.0,160.0,-32.75054337957147,40864.953062204906,-11525733.071852008,0.96883057,1.344152445877689,0.11561471844087534,0.3796406366549445,1.775769469627152,anomalous,1228.9683066035716,-84905.75224358324,-170.12002391419804,0.96697165,1.383654068971705,0.11584604613262495,0.3837961269332745,1.8052936407176403,anomalous,-0.00185892,mk
PES,2-propanol,28,0,25.0,160.0,-35.3429112767916,46569.18247859902,-13349580.169598987,0.97449103,1.442266491527243,0.17987945352141357,0.6165253175157265,2.93488349995533,anomalous,1470.2253540572826,-101403.51376673472,-203.45595641534774,0.97369373,1.4646327776793855,0.19402881871479893,0.667879844837938,3.1913236520648054,anomalous,-0.0007973,mk
PES,acetylacetone,28,0,25.0,160.0,44.60293066136038,-17871.762015194316,-122764.77421696928,0.99987888,0.06341892434157974,0.1487489071471892,0.5571337471766549,2.8258349326382,fitted,63.09586465018868,-19474.402255862857,-2.5457277823183713,0.99988149,0.06273132591738438,0.14209899075368315,0.5329976688123094,2.708191965232155,fitted,2.61e-06,tie
PES,benzene,28,0,25.0,160.0,-36.73879995246307,46445.609811932896,-13193175.525516521,0.97629637,1.3524963330445499,0.07421459390084803,0.25739754049188013,1.2370131641610336,anomalous,1454.4241566304183,-99961.73041891876,-201.5417637168089,0.97554928,1.3736447278596597,0.08089976269208157,0.2804594939573665,1.3509923633489969,anomalous,-0.00074709,mk
PES,butanone,28,0,25.0,160.0,34.21769356091759,-10700.9890177517,-1114573.7493425969,0.99933688,0.13569327676462076,0.7304787457771125,2.4091475429667026,11.76343605672573,fitted,172.14658298016292,-23691.729690699816,-18.761902405907957,0.9993913,0.13000668274904753,0.6750030806094712,2.211240061364681,10.819098048896656,fitted,5.442e-05,apelblat
PES,ch2cl2,28,0,25.0,160.0,37.299315600273125,-11514.231590594401,-1385528.7360592128,0.9995713,0.12411724087507782,0.5198812172294971,1.8239649560268623,9.07393299239953,fitted,205.09680370969812,-27472.46224661361,-22.791288173834133,0.99961516,0.11759737810370123,0.47613792484431244,1.6659544565339313,8.30618385143308,fitted,4.386e-05,apelblat
PES,chcl3,28,0,25.0,160.0,54.77565225042541,-26629.345752588095,1440452.3962065477,0.99998248,0.024086824791879735,0.0031386113931449883,0.012027331416292529,0.0625836627241152,fitted,-111.34865739317998,-10471.748780887696,22.486172113555025,0.99998175,0.02458291071731652,0.005168828842578299,0.020528630271514192,0.10569504050020173,fitted,-7.3e-07,tie
PES,cyclohexane,28,0,25.0,160.0,284.63736109963554,-196290.05281034755,30765867.707393702,0.93244548,2.0793625667989586,0.0004366991167592249,0.001870296953718466,0.009667265701265785,anomalous,-3180.559169048804,144493.97749110486,468.2255732838871,0.9267484,2.1652676051665045,0.0005398877042147089,0.002356092185451747,0.012229029148799723,anomalous,-0.00569708,mk
PES,cyclohexanol,28,0,25.0,160.0,7.364169743315314,14361.341633536187,-7694693.322672654,0.96486896,1.7161606150601514,0.0031616055216082345,0.007278105340388797,0.02441159194870751,anomalous,930.6579668149711,-73817.55512680675,-125.32712556722768,0.96533278,1.7047941928805752,0.004138075545768187,0.013503841714212412,0.06869729643417744,anomalous,0.00046382,apelblat
PES,dimethylformamide,27,1,25.0,155.0,-9.156517622445138,17642.79311987714,-5151913.808471477,0.99724359,0.18407240753975374,1.4641963245168983,3.21072826797948,12.83040055505159,fitted,605.4458857316665,-41195.748342857674,-83.39924029269949,0.99798246,0.15748087765222707,1.1317700698628985,2.372958916975074,9.159941064659229,fitted,0.00073887,apelblat
PES,dimethylsulfoxide,26,2,25.0,150.0,-16.105065063302735,21341.806152854286,-5477536.005073294,0.99814425,0.1258752146755133,0.8258445735074169,1.5650111455767632,5.635650376158523,fitted,638.3432907496293,-41253.48878176499,-88.82294909927994,0.99879593,0.1013926588541736,0.5592811103202947,0.9716415480699889,3.0146577216708508,fitted,0.00065168,apelblat
PES,diphenylether,28,0,25.0,160.0,-1.2224030302243065,19502.159750533818,-8461906.080737874,0.96292414,1.715554077899488,0.0013764956925680345,0.002963901830495861,0.009061416085620222,anomalous,1008.8807000148385,-77195.5874024814,-137.06099929910837,0.96343484,1.7036976719862147,0.002506330757243207,0.00834348463903807,0.04252140742997354,anomalous,0.0005107,apelblat
PES,dodecane,28,0,25.0,160.0,306.0850424986871,-216295.8171761622,34929837.57416583,0.92593182,1.95046080398968,3.213762251255287e-05,0.00014013147758964645,0.0007268959257622117,anomalous,-3694.8502637541424,174084.7479647182,541.287057128355,0.92304555,1.9881001287942777,4.6343247118970916e-05,0.0002060283980948425,0.001072961677441417,anomalous,-0.00288627,mk
PES,ethanol,28,0,25.0,160.0,-20.395761613758637,35015.66977815894,-10907891.856112937,0.97757985,1.2447162197770751,0.5738956842506084,1.734518046187201,7.504754276674403,anomalous,1181.2946764918802,-84408.89989602003,-162.1049748425809,0.97634311,1.2785858550235478,0.581497262929184,1.7888624194551048,7.856933875590029,anomalous,-0.00123674,mk
PES,ethylacetate,28,0,25.0,160.0,42.24703325992318,-16318.310903242142,-306578.3286265373,0.99981337,0.07651958048931662,0.2329193965983822,0.8448564881113425,4.2547167851096255,fitted,82.60566801364132,-20017.498066313994,-5.511963703330989,0.99982071,0.07499935583515312,0.2210090150360046,0.8018866895198479,4.045824955516494,fitted,7.34e-06,tie
PES,glycol,28,0,25.0,160.0,20.259508864669296,5413.8128939780145,-6163759.990506553,0.96718133,1.6746029062552927,0.004613891377389865,0.0109200204463235,0.03633101733580413,anomalous,766.219386303257,-65552.24686315336,-101.3160410101424,0.96754087,1.6654046619463396,0.0046278764344425535,0.015227245349166831,0.07716100002041648,anomalous,0.00035954,apelblat
PES,h2o,28,0,25.0,160.0,175.49390381747557,-138718.1020729617,23505314.15013051,0.60900349,2.3164022178327737,8.722759053006863e-09,3.183681174416065e-08,1.5652638717942046e-07,anomalous,-2669.6625825591527,131932.8238787741,386.4325906481605,0.64167313,2.217518333253197,8.617941078133169e-09,3.142608401182177e-08,1.544451965124413e-07,anomalous,0.03266964,apelblat
PES,hexane,28,0,25.0,160.0,277.90694818869923,-192176.2556498697,30139910.54272837,0.93358186,2.0092928803540295,0.00024584438523764343,0.0010474532871822713,0.005407503326652597,anomalous,-3119.2396192342453,141801.86277176105,459.05516138914504,0.92799119,2.0921495925997804,0.00030437121124800656,0.0013216100187065116,0.00685234207407524,anomalous,-0.00559067,mk
PES,isopropylamine,28,0,25.0,160.0,0.8808793167798775,10565.934931299895,-3979458.6239392427,0.99757862,0.18132459887696015,1.6811327429972593,3.9809245200508885,16.870802591154252,fitted,473.59334772129574,-34788.37369759838,-64.1204120243978,0.9981403,0.15890846217800078,1.3728266661684032,3.150989277698079,13.16990790997604,fitted,0.00056168,apelblat
PES,methanol,28,0,25.0,160.0,-22.202228326002995,37178.38183117882,-11392543.464247145,0.9779931,1.2596424503728325,0.807210111120667,2.1776586437142385,8.113858060143226,anomalous,1237.385891741115,-87786.82185749499,-169.96153966675192,0.97679534,1.2934673581105174,0.8287728313736145,2.289568643799726,8.907500615773138,anomalous,-0.00119776,mk
PES,methylacetate,28,0,25.0,160.0,30.94267069416448,-7766.908496231631,-1751110.0703729952,0.99915427,0.1591092499714184,0.9153123072279501,2.9858929521189235,14.479328687185916,fitted,243.99952506043908,-27987.08069302245,-28.94790434455117,0.9992469,0.15014276176736557,0.8314676038560609,2.687216649648325,13.054941162141322,fitted,9.263e-05,apelblat
PES,n-heptane,28,0,25.0,160.0,301.8715878983068,-210625.66485071788,33563171.77096608,0.92931048,2.0449623759314663,0.00016529052680599353,0.0007158314540228137,0.003708821204108631,anomalous,-3510.075206109678,162792.24273300404,515.3979275899425,0.92444438,2.1141762774370045,0.00021995984072905244,0.0009717067660075414,0.005055417140423222,anomalous,-0.0048661,mk
PES,propanol,28,0,25.0,160.0,-34.58318827328294,46049.91705948343,-13262400.200163877,0.97467011,1.438353816610491,0.18086577393145717,0.6197139058656589,2.949027468499774,anomalous,1461.376919821951,-100968.09624628753,-202.15980118555075,0.97388941,1.46035171433909,0.19529407879098196,0.6722360728821639,3.211359198613756,anomalous,-0.0007807,mk
PES,propanone,28,0,25.0,160.0,8.077460524851517,7702.997971157155,-4064901.6979900585,0.99738754,0.241321215832576,2.2334829724514242,6.029031575538949,26.970547624380345,fitted,495.04042704882767,-38838.528276214274,-66.09250111748145,0.99785331,0.2187535675941656,1.8941659960458972,5.0049692120455695,22.27198478315467,fitted,0.00046577,apelblat
PES,propyleneglycol,28,0,25.0,160.0,-7.754245010997148,25581.03994038071,-9631922.949530307,0.9730796,1.4813121177741704,0.02417826669194912,0.0888576848368163,0.4394284221067738,anomalous,1103.949653728187,-82506.04504753336,-150.4860567120174,0.97308085,1.4812775955527564,0.029855552108681516,0.10927871976065817,0.5394573227579907,anomalous,1.25e-06,tie
PES,tert-butanol,28,0,25.0,160.0,-34.38125358613992,44744.23766077723,-12892539.98549768,0.97614666,1.3568809506462924,0.07700107018543483,0.26684166053206043,1.280283521362425,anomalous,1421.2566387395605,-98246.45253933496,-196.7247985892442,0.97539795,1.3780114994032642,0.08351926194714196,0.28950668995172013,1.3927864739116054,anomalous,-0.00074871,mk
PES,thf,28,0,25.0,160.0,35.24722168883458,-12803.094790654282,-416334.7690394853,0.99926048,0.12788847009065474,0.6365153317161057,2.033341420270517,9.831694255160802,fitted,92.36466946849897,-17946.835057729022,-7.8206681467388846,0.99928687,0.12558568482043844,0.601390317578601,1.9069578719976674,9.238316198906773,fitted,2.639e-05,apelblat
PES,thp,28,0,25.0,160.0,51.16400003356401,-24324.00045414783,1252901.3603742707,0.9999934,0.013788676285862837,0.012935376493483317,0.04920056987669406,0.25498634608771464,fitted,-92.77606741737264,-10299.019517990819,19.477923999107652,0.99998938,0.017483154156551776,0.016401892031379536,0.06335813830014028,0.32659667447389396,fitted,-4.02e-06,tie
PES,toluene,28,0,25.0,160.0,1.172240219166518,18706.464820781155,-8440315.068007799,0.96246968,1.7676059005871247,0.0025896651202162307,0.005589656971915245,0.016419875526269778,anomalous,1008.1098142573622,-77713.94277730984,-136.62588727812656,0.96294552,1.7563647476776343,0.004890983126637548,0.016789403661667875,0.08588324142177761,anomalous,0.00047584,apelblat
PES,triethylamine,28,0,25.0,160.0,58.330086028527994,-35745.34520840268,4316223.44977234,0.99998574,0.013534671655087774,0.0005629832079147334,0.0018864068952270123,0.009135254182463859,fitted,-439.91234464326175,12693.880730004548,67.44538534180933,0.99999062,0.010979379548461569,0.0003847238761051988,0.001280258906343934,0.0061768027922024515,fitted,4.88e-06,tie
PET,"1,2-dimethylbenzene",28,0,25.0,160.0,18.585585621139728,-5221.907172958906,-681304.0111484686,0.9998557,0.033763643658231327,0.12869102550078157,0.3442413244643899,1.6047034201808827,fitted,99.61577102375308,-12991.9710910671,-10.992171811693478,0.99988524,0.030110281193653565,0.1132193669841711,0.29921440270695715,1.3989469460325061,fitted,2.954e-05,apelblat
PET,"1,4-dimethylbenzene",28,0,25.0,160.0,19.54748460306863,-5896.223701715812,-585449.0472970695,0.99989288,0.029524008459504963,0.10390711281468966,0.28271681955603495,1.3287601498728119,fitted,89.19714578265669,-12574.125976348998,-9.448533085480024,0.99991426,0.02641330667834106,0.09177643835938229,0.24718606151896927,1.1655582868355143,fitted,2.138e-05,apelblat
PET,"2,3-dihydropyran",28,0,25.0,160.0,11.505752216225872,26.807322815239218,-1521861.684782297,0.99938503,0.06575162352260785,0.4267516276531108,1.0201853590816397,4.492035396693463,fitted,191.97196481814882,-17301.726721265935,-24.476099991971047,0.9995339,0.05724262689208345,0.35791922503897383,0.8462645379081688,3.7203437796428993,fitted,0.00014887,apelblat
PET,2-propanol,28,0,25.0,160.0,32.711534849165055,-12955.565269135044,-11876.380625188875,0.99993148,0.03346256562145016,0.09042374254898708,0.29949232746179727,1.4827468278396303,fitted,36.58888796166902,-13219.285068655518,-0.5494561210582639,0.99993199,0.033338619493224385,0.08676085217647445,0.28640141922056134,1.4213097192097077,fitted,5.1e-07,tie
PET,acetylacetone,28,0,25.0,160.0,21.832163779910047,-7887.291661175199,-167225.14918382053,0.99990182,0.027153635644914503,0.08783268818462145,0.23880321449779554,1.1222971656823706,fitted,43.13556944616243,-9868.06355873088,-2.9033910419576996,0.99990843,0.026223149719937323,0.08255285620943785,0.22214285376145995,1.0461494338629045,fitted,6.61e-06,tie
PET,benzene,28,0,25.0,160.0,4.935168733329782,4604.018066762212,-2236942.212061259,0.99910048,0.07446896491819231,0.5871387452936708,1.2669854478050293,5.291611870655508,fitted,268.54563151160306,-20780.75103608183,-35.73693246092682,0.9993809,0.06178034021800313,0.46330346810490447,0.9751631522676731,4.027610911084764,fitted,0.00028042,apelblat
PET,butanone,28,0,25.0,160.0,2.7250679776646307,5799.553881258177,-2323995.332354289,0.99900871,0.07131778344345194,0.6240224853229791,1.2642930312557679,5.095121624910803,fitted,276.1204642588989,-20548.436827321893,-37.05889514434006,0.99934161,0.058121863205541156,0.476595493651745,0.935401523743332,3.694126782897186,fitted,0.0003329,apelblat
PET,ch2cl2,28,0,25.0,160.0,-1.5125175961382966,6959.243227312632,-2039609.492113064,0.99986529,0.016365780835175817,0.10197422146136323,0.13126105222754578,0.26226451989934674,fitted,234.37658912296985,-15953.738636857795,-31.93589459550157,0.99993681,0.011208969241599778,0.12023593374095025,0.19321664566355645,0.7085995906721649,fitted,7.152e-05,apelblat
PET,chcl3,28,0,25.0,160.0,14.289836081379159,-4880.556232365303,45811.25900795753,0.9994499,0.03366877748256251,0.20992060063267018,0.3984225613885449,1.6131764033577873,fitted,11.716897086642762,-4507.740838470654,0.3216486565727406,0.99944376,0.03385614300108948,0.20083697793564867,0.3755724956204645,1.5177246357167924,fitted,-6.14e-06,tie
PET,cyclohexane,28,0,25.0,160.0,26.28715370141247,-10662.397534055255,-298506.4356055338,0.99999925,0.003312877508071818,0.0007107831602304996,0.00235639445338006,0.01177415502577861,fitted,60.454419839404636,-13997.282403645771,-4.6222538426801725,0.99999845,0.0047759150283590655,0.0009288025298258088,0.0030183204202726185,0.014961291892097162,fitted,-8e-07,tie
PET,cyclohexanol,28,0,25.0,160.0,30.10130102245308,-11924.185743308179,-173138.6817482357,0.99998364,0.016193451948396113,0.01217455836528544,0.03903287834235312,0.18782431587430004,fitted,51.34399833554111,-13932.638833378103,-2.887879798769863,0.99998562,0.015183758229181554,0.010767477574986821,0.034665507557244825,0.16758646598963,fitted,1.98e-06,tie
PET,dimethylformamide,28,0,25.0,160.0,-2.0050232999362834,7892.785117252809,-2345236.687607759,0.99964728,0.031085316403339704,0.24983674453884253,0.3959236607099864,1.3016820507590978,fitted,270.3973553968528,-18514.306758187086,-36.8906724674681,0.99985672,0.019812087903689015,0.11401384513373188,0.15341662725227023,0.32944785948541266,fitted,0.00020944,apelblat
PET,dimethylsulfoxide,28,0,25.0,160.0,6.294254026086733,2059.8553364819013,-1460264.3217050766,0.99960826,0.03786851839450354,0.20071813496523763,0.38919366005604156,1.526247194862922,fitted,177.49386486745894,-14465.189735948998,-23.200556399879343,0.99975903,0.029700305551530578,0.1424119649814846,0.2628960397881613,0.990597172582067,fitted,0.00015077,apelblat
PET,diphenylether,28,0,25.0,160.0,19.766374719598165,-6629.46172739181,-396445.1739004018,0.99994402,0.02057571638052635,0.045870010941554865,0.1243223870460286,0.5839964386318997,fitted,66.9810589541638,-11154.122559278341,-6.405529229904288,0.99995495,0.018457203452451453,0.0406148872015273,0.10899844278741365,0.513770146774247,fitted,1.093e-05,apelblat
PET,dodecane,28,0,25.0,160.0,24.047258067457268,-10446.510770934103,-332408.2633953996,0.99999991,0.0011177626680860993,8.202103460939493e-06,2.360514285029555e-05,0.00011278862988925442,fitted,62.3503541428825,-14173.434944453204,-5.184288998540452,0.99999972,0.00201678579433191,4.4662469799785676e-05,0.0001420361550649809,0.0006938169136324612,fitted,-1.9e-07,tie
PET,ethanol,28,0,25.0,160.0,34.381448127336256,-13830.80503389473,118764.81639082175,0.99986191,0.04802088579429856,0.18519482892807107,0.6111047309627943,3.023771045143828,fitted,24.203032499954997,-12681.721918467665,1.3431708264690883,0.99985887,0.04854605124085709,0.18009202077438438,0.5921252385680957,2.93504794630633,fitted,-3.04e-06,tie
PET,ethylacetate,28,0,25.0,160.0,10.0214753023568,732.8145548914308,-1545664.186146674,0.9993016,0.06538586755474986,0.43924522135666305,0.9999476129158275,4.312114865953291,fitted,193.24997822129495,-16863.608004174283,-24.850165569227784,0.99947576,0.05664982685184432,0.36496124942764635,0.8185039403755664,3.5165524908369328,fitted,0.00017416,apelblat
PET,glycol,28,0,25.0,160.0,40.91506004960434,-21396.807723258422,1244541.1069842244,0.9999899,0.014212648812760697,0.0002861396363351784,0.0009545210101597451,0.004599584295176956,fitted,-101.33008090499749,-7503.633328004727,19.241326396541503,0.99997783,0.02105591096894366,0.00040114278429396896,0.0013429214927070643,0.006492871542800122,fitted,-1.207e-05,mk
PET,hexane,28,0,25.0,160.0,25.666701241938174,-10532.973493548636,-299845.18019376806,0.99999975,0.0018993883916136247,0.0002968937187552852,0.0009841326110942464,0.004922361762281224,fitted,60.08311869044894,-13887.806342222677,-4.656908925640122,0.9999992,0.003397078857792232,0.00046226442218331917,0.0014877276047834775,0.007341196215444157,fitted,-5.5e-07,tie
PET,isopropylamine,28,0,25.0,160.0,-8.916124818754772,14884.002946292407,-4036926.7510066433,0.99873136,0.08729250079458349,0.8739658069047683,1.606883117230992,5.893259725864944,fitted,462.8981167937832,-30723.271396121938,-63.92492018094711,0.99929276,0.06517668980477438,0.569037347613227,0.9708572100428562,3.180118430808946,fitted,0.0005614,apelblat
PET,methanol,56,0,25.0,160.0,43.370310959374805,-20309.6600062832,1127751.6083704445,0.99995599,0.02877892756968474,0.05931740755054572,0.20843589689513364,1.0455517538983496,fitted,-84.43227006670847,-7777.177562255331,17.276857247601324,0.99993639,0.034598550015207445,0.06626813626485424,0.23109766769827494,1.156906263475637,fitted,-1.96e-05,mk
PET,methylacetate,28,0,25.0,160.0,6.348476016279809,3440.018782196964,-1995216.3697902914,0.99903705,0.07513126719962658,0.6005507283050084,1.2954372345327803,5.41873715033077,fitted,242.17185755333102,-19238.02169259429,-31.97663269219904,0.99930589,0.06378727117488288,0.4846836360026196,1.021495299157517,4.23262234039516,fitted,0.00026884,apelblat
PET,n-heptane,28,0,25.0,160.0,25.246356153341736,-10510.821573901874,-307456.2027259165,0.9999999,0.0012297104442559627,0.00012594022818737685,0.0004118475349235989,0.0020716641747380304,fitted,60.61671447997824,-13954.991862480394,-4.786780107289683,0.99999956,0.002529881935954421,0.00023890665268603333,0.0007661935897524968,0.003781623878819862,fitted,-3.4e-07,tie
PET,propanol,28,0,25.0,160.0,32.68870493465704,-12992.46618607073,3363.7247655657943,0.99993386,0.032754318137464454,0.08618440323334309,0.28510704189688596,1.4109773344508465,fitted,34.761819086416175,-13082.810318061802,-0.30478103309890114,0.99993403,0.032711704573544005,0.0828476940845045,0.27311570138162516,1.3547933564596768,fitted,1.7e-07,tie
PET,propanone,28,0,25.0,160.0,-3.8655806823507746,10041.982747883732,-2898563.3780674613,0.99916222,0.05666595345853122,0.56082118753393,0.9733452375755598,3.4901383493160623,fitted,334.37849685893804,-22677.3150496682,-45.822754206113935,0.99955939,0.04109475470124882,0.3408258360779052,0.5439363316590937,1.6796829362078896,fitted,0.00039717,apelblat
PET,propyleneglycol,28,0,25.0,160.0,36.911348936892935,-17686.384733571624,718174.5704631375,0.99999195,0.01202168359939846,0.0014701404111292916,0.004668080520878078,0.022065901114629027,fitted,-44.85396721546418,-9685.774851949367,11.057136960178665,0.99998571,0.01601919172578806,0.0018377571352123164,0.0058717490704933905,0.027931934073451292,fitted,-6.24e-06,tie
PET,tert-butanol,28,0,25.0,160.0,29.67605293257471,-11220.945650102749,-223858.33162838672,0.99994484,0.02877158681676991,0.06633746069175704,0.21443339305050935,1.0541762514406727,fitted,57.65864429726092,-13844.665361129004,-3.808920474982146,0.99994954,0.027519398797171725,0.06151932736852938,0.1981594208637442,0.977639460953494,fitted,4.7e-06,tie
PET,thf,28,0,25.0,160.0,0.425418345071646,7109.305083145055,-2457520.511309042,0.99906573,0.06398413802930702,0.5610982766077525,1.0722104302652302,4.145876091665976,fitted,288.57401392149154,-20702.82423463071,-39.049507430568205,0.999425,0.0501960511693442,0.3997520469754036,0.7299360304290265,2.706838606780998,fitted,0.00035927,apelblat
PET,thp,28,0,25.0,160.0,14.131428743780218,-2170.660500965665,-1082304.7333705553,0.99949865,0.05742803986926407,0.3375342161961194,0.8201974102643886,3.646468959637879,fitted,143.30430475101628,-14537.437983812712,-17.5272677495406,0.99959894,0.051364268468836745,0.29071775234246705,0.7006423145166513,3.1147457939370575,fitted,0.00010029,apelblat
PET,toluene,28,0,25.0,160.0,14.130347041434126,-1916.2507187714289,-1205502.5490118263,0.99960425,0.05373268186366008,0.29357650127932644,0.7370325521365292,3.317447443608451,fitted,157.1611299556059,-15646.71513088139,-19.39959988152055,0.99969615,0.04708186413050839,0.2521119515501872,0.6215970980231528,2.7998773724683765,fitted,9.19e-05,apelblat
PET,triethylamine,28,0,25.0,160.0,26.779391110496693,-11715.192564546713,305096.3737555929,0.99999896,0.003162490015514036,0.0017298889261094519,0.004922782654883063,0.022747058802036424,fitted,-8.109892850434031,-8308.364982297586,4.719611325583962,0.99999754,0.004871701477234715,0.0025969604822139963,0.007377930099841624,0.0342912235804973,fitted,-1.42e-06,tie
PP,"1,2-dimethylbenzene",28,0,25.0,160.0,8.42264682096562,-38.51545414013788,-734970.3336489068,0.99923743,0.03580346310233971,0.9355254712321068,1.6701175876820713,6.483194726970154,fitted,95.89447717740327,-8423.69234078761,-11.866575812627014,0.99940269,0.03168730305686711,0.8078710276281237,1.4223280239740976,5.463655279362129,fitted,0.00016526,apelblat
PP,"1,4-dimethylbenzene",28,0,25.0,160.0,7.692210929111049,396.33099019302733,-787712.9210860444,0.99933021,0.03244885865216928,0.8494986927938101,1.481552148569619,5.684380883503621,fitted,100.99612369124917,-8567.419216670998,-12.653530745329103,0.99950096,0.02800891288448325,0.7141090500343507,1.2280032524685602,4.6558813528752125,fitted,0.00017075,apelblat
PP,"2,3-dihydropyran",28,0,25.0,160.0,6.218560918446631,1749.5483729128623,-1080371.795392202,0.99842032,0.05351564969663664,1.4972177487576523,2.562617785370528,9.486036584102564,fitted,134.88842002888637,-10580.970830334021,-17.456429890224207,0.9987593,0.04742748159497351,1.2872016295367712,2.1612868517483035,7.850154015976287,fitted,0.00033898,apelblat
PP,2-propanol,28,0,25.0,160.0,31.25947753127688,-15629.062593758668,1716277.8761726576,0.99932157,0.04853590260672316,0.7162152842629276,1.5279594726492656,5.66179299443538,fitted,-169.88290989366115,3789.4096617180103,27.25763392452701,0.99953605,0.04013693916486746,0.5905455367462559,1.2977448096321367,4.651241133587703,fitted,0.00021448,apelblat
PP,acetylacetone,28,0,25.0,160.0,25.734388752982806,-12827.132052111796,1246146.8790085637,0.99890323,0.0599962396892431,0.2540281836332477,0.739833479779836,3.687246970973467,fitted,-121.983671264633,1359.233346038286,20.03405657864579,0.99911412,0.05392040389475193,0.23043068634385414,0.6725568105610196,3.3655796048793256,fitted,0.00021089,apelblat
PP,benzene,28,0,25.0,160.0,7.090676571331436,1437.4040864826072,-1098751.2677634223,0.99764646,0.07160222503472363,2.0378046951720035,3.5977293760023894,13.427495352708135,fitted,139.2154862294659,-11168.767852045543,-17.937196890937262,0.99803146,0.06548432674708395,1.8127391015483985,3.134230763059825,11.491747896714699,fitted,0.000385,apelblat
PP,butanone,28,0,25.0,160.0,18.077629519347592,-6404.556858102062,236656.66241921796,0.99899253,0.05002693301504726,1.4934734503571616,3.28645685218099,14.172568757434163,fitted,-6.5268515469222885,-3889.891171170898,3.3039968076034976,0.99895823,0.05087141093595586,1.4983562864204063,3.2673629042502412,14.03251770118274,fitted,-3.43e-05,mk
PP,ch2cl2,28,0,25.0,160.0,17.40096719102612,-5212.961854050852,-130783.63963610813,0.99607374,0.11592880153617417,3.0179962532442413,5.763586831583938,20.091459169999965,fitted,40.18561106398542,-7080.767546546697,-3.1597085454859917,0.99612627,0.11515067963409764,2.9510623631577544,5.645198981479812,20.091459169999965,fitted,5.253e-05,apelblat
PP,chcl3,28,0,25.0,160.0,10.82716131749477,-1271.9143493265656,-645768.8048586791,0.99828897,0.06304089518634956,1.54217608611395,2.862729233917285,11.161732282700797,fitted,90.05623581460014,-8762.921748231043,-10.770937089069296,0.99847866,0.059443883752040856,1.410062606671492,2.573386001607995,9.928032070468745,fitted,0.00018969,apelblat
PP,cyclohexane,28,0,25.0,160.0,2.7840728625358193,3205.623864494596,-1082272.5991713076,0.99988754,0.009527379846487586,0.2590912429424862,0.36236727069859814,1.1640773185200715,fitted,128.18579362287667,-8964.731108682256,-16.979814373900115,0.99998106,0.00390989579668311,0.07768353935590232,0.09077267422417765,0.1544045925684827,fitted,9.352e-05,apelblat
PP,cyclohexanol,28,0,25.0,160.0,26.806089091213178,-12686.832108252163,1264678.3732786772,0.99977704,0.025909344487488804,0.3828324473019546,0.7118791572785139,2.2451581034971753,fitted,-120.4203478193436,1570.5949824988065,19.941694683413985,0.99985222,0.02109374288029913,0.3651381537146831,0.7494213550359072,2.7093432726432525,fitted,7.518e-05,apelblat
PP,dimethylformamide,28,0,25.0,160.0,29.246045545025794,-15118.273179906231,1779333.8051540337,0.99498857,0.11324741276499437,1.5932548796596298,4.661958105696522,23.188542760002072,fitted,-183.09123047155785,5211.645050959278,28.811470816175497,0.99568267,0.10511267336137331,1.505902343294098,4.364882643954457,21.748959789649824,fitted,0.0006941,apelblat
PP,dimethylsulfoxide,28,0,25.0,160.0,17.5391422057561,-8454.719727542311,694823.108356,0.99995745,0.009220322255020164,0.014830805841851553,0.03331860922904912,0.15159169323704003,fitted,-63.19004676947777,-629.8145912385633,10.933161849608435,0.99998387,0.00567748806222685,0.009652369254864956,0.02221704891493509,0.10264150505226777,fitted,2.642e-05,apelblat
PP,diphenylether,28,0,25.0,160.0,25.151913977033907,-11633.066171303704,1088511.8150042624,0.99968838,0.030268468015972355,0.3095048450138633,0.579982651581986,1.851357181190778,fitted,-102.33571780083112,678.3808683400963,17.275576730120026,0.99978591,0.02508849652673667,0.2850566005936098,0.5059564781224966,1.6014638079545378,fitted,9.753e-05,apelblat
PP,dodecane,28,0,25.0,160.0,10.158611980529697,-1773.4889320221785,-343520.6908185658,0.99993759,0.009088398451403433,0.19824498069589122,0.35459251030349104,1.4196946343335952,fitted,50.45218891570967,-5661.9538691683865,-5.460677538735774,0.99996139,0.007147934342628912,0.15248106960611776,0.2712646195774468,1.0837225919216564,fitted,2.38e-05,apelblat
PP,ethanol,28,0,25.0,160.0,36.131975775397855,-19222.026818074846,2293571.2005962506,0.99667042,0.11414521243268454,1.6537128188631283,4.871038404519411,22.95550576485774,fitted,-235.82282879665607,6892.324671667693,36.884211135408556,0.99727596,0.10324521037866907,1.5389056443376785,4.442854898350976,20.9334955001772,fitted,0.00060554,apelblat
PP,ethylacetate,28,0,25.0,160.0,20.237660671551254,-7951.600802833887,488155.4635773044,0.99936129,0.04088225366259164,1.1033460981671557,2.5719117314161473,11.364260542095764,fitted,-34.309702253915674,-2567.0480436439275,7.366203095353123,0.99931517,0.042332322340578446,1.1336595349500234,2.631169895546012,11.610378532706534,fitted,-4.612e-05,mk
PP,glycol,28,0,25.0,160.0,23.84513495365858,-13178.860643326681,1106183.7478402313,0.99999892,0.002250501780083684,0.00018453397407973713,0.0005116811404907839,0.0024360029868500943,fitted,-103.74391538228019,-769.9722271137081,17.270285144609705,0.99999638,0.004118048296046563,0.0003700368894574332,0.0008842450294579176,0.0038626254899934986,fitted,-2.54e-06,tie
PP,h2o,84,0,25.0,160.0,69.22045090970941,-47317.047532030294,5307446.114654992,0.87504274,2.0582328890854455,4.1231144304951475e-07,1.3054352714940936e-06,6.044554695638316e-06,anomalous,-439.182398578573,6820.405091327009,67.79779183576179,0.87296235,2.075295744027261,3.598432339928803e-07,1.139274789947648e-06,5.280979328073597e-06,anomalous,-0.00208039,mk
PP,hexane,28,0,25.0,160.0,3.2713582804051384,2927.30955338854,-1053169.7573494462,0.99982512,0.012346456647585373,0.3447579403431918,0.49892570197255437,1.6685723534748291,fitted,125.55794803502256,-8929.152256757563,-16.560527151075263,0.99995095,0.006538491043724157,0.1580841235093378,0.2093566654840201,0.594111025329866,fitted,0.00012583,apelblat
PP,isopropylamine,28,0,25.0,160.0,8.214612283204128,537.7051580186544,-913665.0741912782,0.99814961,0.06155375556987377,1.8966898746594107,3.508486931791455,13.634102798958821,fitted,118.15696287766252,-9948.798306785753,-14.926415944861374,0.99843769,0.05655968364175467,1.7023435748168878,3.1134283107515692,11.956022027616513,fitted,0.00028808,apelblat
PP,methanol,56,0,25.0,160.0,27.54178756965533,-14186.68790244424,1392287.94189195,0.99985666,0.023684549248851643,0.0507968210380224,0.1388489413244164,0.6692032664465604,fitted,-134.62142925546897,1513.5801940651584,21.965658938008318,0.99993085,0.016450460953693614,0.036825998169444575,0.10301767903110766,0.5032248304523854,fitted,7.419e-05,apelblat
PP,methylacetate,28,0,25.0,160.0,29.18036764433704,-14039.27860795191,1452398.4698270736,0.99899138,0.05808818474177137,1.3196803118011624,2.922916584135445,11.598424546317247,fitted,-139.5098085035699,2314.1500855250256,22.845150115848206,0.9990567,0.05617580894675263,1.3779301370375165,3.159042887894673,13.257456524174017,fitted,6.532e-05,apelblat
PP,n-heptane,28,0,25.0,160.0,4.750046381534813,1955.3376155987244,-914746.7866439492,0.99980528,0.013849737625698801,0.3736343891279946,0.5693736215809838,2.0126510035602223,fitted,111.2238024593756,-8356.29789617734,-14.421626263625969,0.99992342,0.008685231984223446,0.21816130011899798,0.3187467519551695,1.072177401149517,fitted,0.00011814,apelblat
PP,propanol,28,0,25.0,160.0,31.918452071859324,-16160.837065614192,1808759.1325266438,0.99906562,0.057100350144781924,0.8987613886600452,1.9288885759745522,7.1731779705645735,fitted,-180.69367669813096,4336.845076148141,28.818046123470573,0.99934944,0.04764528136948519,0.733514153279473,1.5639530225710572,6.142480534742155,fitted,0.00028382,apelblat
PP,propanone,28,0,25.0,160.0,26.912615162741957,-12650.562618488982,1282714.7212067894,0.99900998,0.05327792322754548,1.321194110447511,2.905807611417802,11.08155236094575,fitted,-122.1919781808636,1798.6696927591693,20.19393407614062,0.99907716,0.05143862072137487,1.3641405769013335,3.103089598413438,12.613671863333522,fitted,6.718e-05,apelblat
PP,propyleneglycol,28,0,25.0,160.0,23.43130576714178,-11912.173046211763,984950.7978995229,0.99995939,0.01262447468472544,0.009773817226852851,0.025691287619775013,0.1218992745456764,fitted,-90.97886391992911,-821.3872086311853,15.494307513281871,0.99998542,0.007564963515044433,0.00628302339788291,0.016934093719692928,0.08167525677718768,fitted,2.603e-05,apelblat
PP,tert-butanol,28,0,25.0,160.0,24.73780686449598,-11022.574886705159,967552.0768086233,0.99969318,0.030401960881342793,0.7688430944799894,1.8580787172335258,8.478702451582663,fitted,-86.44155287960363,-190.66212959067752,15.044969878570953,0.99967129,0.03146799046717607,0.8155727204483247,2.0205591999442194,9.355297874488372,fitted,-2.189e-05,mk
PP,thf,28,0,25.0,160.0,3.960737092305737,2941.595871365869,-1174474.8166269911,0.99894134,0.03713998971395805,1.1221039676743472,1.7826768049956374,6.2954948781537325,fitted,142.2126806177878,-10378.355449909934,-18.740958510261905,0.99928732,0.03047266124987314,0.8938142011898249,1.3846268312262016,4.750222114531553,fitted,0.00034598,apelblat
PP,thp,28,0,25.0,160.0,4.473067797941312,2475.5333344594083,-1077723.3584524735,0.99933655,0.02875689271617347,0.8127098342732361,1.2902490864192633,4.604918711163961,fitted,130.9165001049497,-9725.30800956204,-17.136200750975203,0.99958915,0.022629648776437656,0.6180008655633005,0.953746714636039,3.3063531705330718,fitted,0.0002526,apelblat
PP,toluene,28,0,25.0,160.0,7.011126620932609,1095.1606812328232,-951823.08056966,0.99881598,0.04556941511263747,1.2419213954961668,2.156652957793138,8.136281603668152,fitted,120.24420840315615,-9761.599252724565,-15.360940558343072,0.99907796,0.04021308018961944,1.0654017685537507,1.818873987716419,6.757053097698943,fitted,0.00026198,apelblat
PP,triethylamine,28,0,25.0,160.0,4.726895209361326,1992.2245226060224,-926762.9125506313,0.99980221,0.01409326915460931,0.37657917273185687,0.5748021891878943,2.0317488518980866,fitted,112.60383388802772,-8455.101138873142,-14.61172832584924,0.99992176,0.00886381475872635,0.2200641502996516,0.32177744635893757,1.0803795856888456,fitted,0.00011955,apelblat
PS,"1,2-dimethylbenzene",28,0,25.0,160.0,-0.22088125264147898,5393.333578326866,-1511046.6597889846,0.99993172,0.008027248380191053,0.13101745299698367,0.16029944174302704,0.3447020189078245,fitted,174.35557354854018,-11572.288359456426,-23.633284298170036,0.9999734,0.005010737854326094,0.14089580725307124,0.21701894328233498,0.7791754659334771,fitted,4.168e-05,apelblat
PS,"1,4-dimethylbenzene",28,0,25.0,160.0,-0.20921142845482943,5414.067999297291,-1522238.652114189,0.99991755,0.008940039031751543,0.15060584338913754,0.18885684114971643,0.45161263135976526,fitted,175.73693714072502,-11681.20323903658,-23.819457927736316,0.99997565,0.004857997538167015,0.12710697853901307,0.1937994161754099,0.6879179106890092,fitted,5.81e-05,apelblat
PS,"2,3-dihydropyran",27,1,25.0,155.0,-1.3927255787202157,5846.362214540704,-1474145.5316512545,0.99993787,0.006009438408755622,0.20007648222918525,0.28905013239252375,0.958670977040768,fitted,169.7278728439074,-10743.997825424138,-23.17488178988094,0.99968897,0.013445533027283603,0.41782453756352844,0.5883530768663549,1.9196220214798387,fitted,-0.0002489,mk
PS,2-propanol,28,0,25.0,160.0,24.952434594460673,-9564.190883638787,283782.7931245261,0.99912928,0.07303158626124645,1.3705940475763436,3.5895945479954086,16.80600036105755,fitted,-2.826541148910615,-6638.546849372649,3.711489047339583,0.99909957,0.07426716949320604,1.353937863838503,3.517374309284675,16.452435187563943,fitted,-2.971e-05,mk
PS,acetylacetone,28,0,25.0,160.0,12.103270107261185,-2599.461358614571,-370077.2565292538,0.99956719,0.030236363964363307,0.571112893654133,1.167414890498555,4.995300725904848,fitted,57.020452851619005,-6867.042635709688,-6.1018464453035,0.99962297,0.02822103341513159,0.5260035803460569,1.060638010506718,4.526102212299932,fitted,5.578e-05,apelblat
PS,benzene,27,1,25.0,155.0,-2.1488323403426044,6398.6102499741455,-1568396.8181296827,0.99989733,0.0076788887862535606,0.261745831146173,0.37277026930612994,1.2185523084320664,fitted,179.79829982075145,-11246.556480374407,-24.639991926143907,0.9995731,0.0156579429627743,0.5013631230350704,0.6987772391529349,2.24940877671078,fitted,-0.00032423,mk
PS,butanone,27,1,25.0,155.0,-0.10452443176782722,4768.521716283466,-1240046.1497255403,0.99997743,0.0032593636363927223,0.11688196673824647,0.1663745530092651,0.5506481460888324,fitted,143.9773629035261,-9194.266777273111,-19.514367579402347,0.99980478,0.0095854963374211,0.3178264684787202,0.43785392638805276,1.413378211845,fitted,-0.00017265,mk
PS,ch2cl2,26,2,25.0,150.0,-2.189898036533719,6486.019622787275,-1602940.8981178154,0.99995585,0.005209823639930502,0.17081936883806373,0.249779546124835,0.8358156116664333,fitted,186.0189750597756,-11661.302370230087,-25.511922659098392,0.99975671,0.012230277873003449,0.37628438425361693,0.5380551896681871,1.7723155129014287,fitted,-0.00019914,mk
PS,chcl3,28,0,25.0,160.0,0.013362632403438253,5226.69110013689,-1489178.1348137665,0.99991638,0.009004030066033902,0.1369972264103549,0.16712431667807093,0.3451399691942356,fitted,172.1261627017965,-11496.669912829815,-23.30038363536546,0.99996935,0.0054509518882583236,0.13606770702009088,0.2065795251485816,0.7316431357780786,fitted,5.297e-05,apelblat
PS,cyclohexane,28,0,25.0,160.0,9.414941697722327,357.079342202281,-1101215.0183624781,0.99799888,0.08119653092003849,1.7691920165463948,3.516662507181212,14.111437342202578,fitted,142.34474139926522,-12303.834219288676,-18.05127347439297,0.99827958,0.07528657728184537,1.5945971401596,3.131873648369357,12.435363771841523,fitted,0.0002807,apelblat
PS,cyclohexanol,28,0,25.0,160.0,26.695853257487535,-11191.241052353433,597950.2817781372,0.99976178,0.037528920273875485,0.540190208703082,1.5214132076919074,7.371526142513233,fitted,-40.08657861283415,-4597.355444164842,9.01811472714224,0.99973069,0.03990240691245651,0.5593315051513025,1.563291021179982,7.563585699552277,fitted,-3.109e-05,mk
PS,dimethylformamide,28,0,25.0,160.0,5.494474831816569,620.1706016929504,-496454.4734831412,0.99991269,0.0063089629342020824,0.21478625274871374,0.33146649140020995,1.2128099194158182,fitted,63.15030604091932,-4969.431559174997,-7.808085568801695,0.99996785,0.0038281996179622794,0.13499887390405588,0.21033921252524174,0.7679931424411848,fitted,5.516e-05,apelblat
PS,dimethylsulfoxide,28,0,25.0,160.0,13.144867242110859,-4701.930680491912,268530.66126608796,0.99970045,0.0171593931386464,0.25732891942282327,0.4918675719280343,2.1106175204041264,fitted,-19.055912164145667,-1625.7148612018807,4.370713489831477,0.99974781,0.015744588873300835,0.23449356447600847,0.44469640850437814,1.9078125254881115,fitted,4.736e-05,apelblat
PS,diphenylether,28,0,25.0,160.0,4.946580355870885,2080.068065767291,-1086507.6884332355,0.99973468,0.020425405527657745,0.31205626217161353,0.5186856037636028,1.927908826374619,fitted,131.73269658961598,-10184.419342057294,-17.176001813351785,0.99987046,0.014272040101293546,0.20433494831260754,0.3278135360700871,1.1774196610082157,fitted,0.00013578,apelblat
PS,dodecane,28,0,25.0,160.0,20.085498562527007,-8273.033504920646,368016.7354354659,0.9999091,0.01836605361334128,0.08462895271733846,0.20707975843883536,0.9468000729793786,fitted,-23.726449775702037,-4073.715919785873,5.943724193536294,0.99992806,0.016339093917364236,0.07452849772882356,0.18040552476438002,0.8278383378170595,fitted,1.896e-05,apelblat
PS,ethanol,28,0,25.0,160.0,29.207508301916086,-12451.680217514417,732559.356012314,0.99950478,0.05760215236292469,1.017614916120109,2.9219404152453805,14.179743026329575,fitted,-51.383843218007506,-4437.144524671497,10.870410500926978,0.99944561,0.0609465808369224,1.0393925546729683,2.961302317164074,14.355240355364089,fitted,-5.917e-05,mk
PS,ethylacetate,28,0,25.0,160.0,0.5710978501745149,4370.652151953516,-1204226.0085170693,0.99999107,0.0022472186762499107,0.07652065424583977,0.11177307722053201,0.3818747150385491,fitted,139.14625383411715,-9121.2792292152,-18.754185521247045,0.99986996,0.008574533274451186,0.2701182153401362,0.3830545869017196,1.2822837192874346,fitted,-0.00012111,mk
PS,glycol,28,0,25.0,160.0,36.31585278305384,-20611.26080453852,1881027.9887923335,0.99998861,0.010528678635589754,0.0004969147859752632,0.0014840253892832497,0.0069872361359834545,fitted,-179.5299038467016,431.6024815984527,29.205646396669945,0.99995495,0.020943655893962878,0.000893492899440409,0.002675871112620585,0.01263811025157191,fitted,-3.366e-05,mk
PS,hexane,28,0,25.0,160.0,14.217448495586519,-3187.6840820031844,-488114.67798407044,0.99920059,0.052095204993476106,1.0539149760598467,2.3124229924627477,10.05119385996354,fitted,74.01928546490372,-8845.472589302608,-8.129084670298024,0.99927291,0.04968285697521417,0.9910951770496871,2.1462976168266628,9.28953254713361,fitted,7.232e-05,apelblat
PS,isopropylamine,28,0,25.0,160.0,-11.255404775391844,13846.437053460204,-3075978.479164726,0.99973295,0.01801327386222217,0.5886511524622341,0.8275092553132979,2.603787708566216,fitted,342.706564188232,-20616.0996480013,-47.90370877310705,0.99936407,0.027797353728140347,1.0439784021477772,1.552485369330309,5.054178922046674,fitted,-0.00036888,mk
PS,methanol,56,0,25.0,160.0,40.17041653562951,-20781.601048416742,2071205.6872707931,0.99999941,0.0021826852057724587,0.008858684175852234,0.02554004240939745,0.12043612484962196,fitted,-198.44878057573618,2438.2395019791543,32.296458301717145,0.99998429,0.011265554747887811,0.042399768309922425,0.11060225132379939,0.4641392992122064,fitted,-1.512e-05,mk
PS,methylacetate,28,0,25.0,160.0,-0.34607071926988564,5180.285389231741,-1373883.8109282712,0.99998246,0.0033431570181910878,0.06634287986572761,0.07565853673934471,0.1235319246550759,fitted,158.097852997863,-10230.444691087874,-21.44654307807758,0.999947,0.005811901259440159,0.20258790097728632,0.30174279092334844,1.0568025403393477,fitted,-3.546e-05,mk
PS,n-heptane,28,0,25.0,160.0,18.438585146701204,-6318.153761366315,36655.072475744,0.9998225,0.025280420551559643,0.42462530731450243,1.0631054190532858,4.948780784497515,fitted,15.467993788698628,-5972.395873003599,0.38974950036897216,0.99982099,0.025387947046964426,0.42399754410058127,1.0474497967097705,4.8619046707382765,fitted,-1.51e-06,tie
PS,propanol,28,0,25.0,160.0,26.185028686553803,-10468.855932636408,434549.8680676506,0.99935215,0.063444353516775,1.1274302392243174,3.0486155667865478,14.471670815571244,fitted,-19.67156048773434,-5816.146507528928,6.165205696085441,0.99931191,0.06538515951692883,1.1268203882622099,3.0246361194624543,14.34461590063573,fitted,-4.024e-05,mk
PS,propanone,26,2,25.0,150.0,1.5196791127585985,3488.9417125974464,-978806.3416907901,0.99998894,0.0020507115246096302,0.07172183937660147,0.09520967436543278,0.2855507069145773,fitted,116.83605171259985,-7612.491185995492,-15.635118794107852,0.99998144,0.002656679188510471,0.08780666087682214,0.11883094361077731,0.3946958246089025,fitted,-7.5e-06,tie
PS,propyleneglycol,28,0,25.0,160.0,32.91443719116456,-17079.942800275418,1421759.2968132028,0.9999989,0.00295946690270761,0.0014433640774468427,0.003845778631075869,0.017853429936238285,fitted,-130.74745255705483,-1147.9818656337604,22.149854210165643,0.99998829,0.00966373749474787,0.0031829735976745574,0.0074051702444800855,0.02711435607381807,fitted,-1.061e-05,mk
PS,tert-butanol,28,0,25.0,160.0,18.104987220602695,-4934.919852668998,-433133.2374168004,0.99845181,0.09009788879785299,1.7632072097933709,4.133394939419461,18.295897120121083,fitted,74.50461138616728,-10128.911935536356,-7.697429696155685,0.99853128,0.08775489120411664,1.6773874319078748,3.872697466731331,17.099531548833852,fitted,7.947e-05,apelblat
PS,thf,21,7,25.0,125.0,2.3536298822477946,2516.1797838252533,-724664.5768252544,0.99997676,0.0021123298211817225,0.06619301205631421,0.08193544552938829,0.22950266522803986,fitted,92.20943206121719,-5924.225587566976,-12.232161562249747,0.9999066,0.004234834833425403,0.131338600813536,0.16301588985570303,0.45721702395440644,fitted,-7.016e-05,mk
PS,thp,27,1,25.0,155.0,1.17683528866626,3749.139094858062,-1046692.6383130949,0.99997729,0.003153608815953856,0.10485036043932133,0.1461338997008833,0.4766446812223535,fitted,122.75195228370242,-8034.3920098999915,-16.465660238023805,0.99983287,0.008555990969712102,0.26672288833318264,0.3635781083003584,1.1696446300490067,fitted,-0.00014442,mk
PS,toluene,28,0,25.0,160.0,-1.1779519359892927,5884.148816661975,-1535355.508728598,0.99997949,0.003908305589374009,0.11284092754374944,0.1594328410474295,0.5351376200399613,fitted,175.58277008705156,-11321.92128852604,-23.92286004902224,0.99985346,0.010446571916890232,0.3263913252477802,0.4855831518094561,1.6669920856630966,fitted,-0.00012603,mk
PS,triethylamine,28,0,25.0,160.0,4.22154213664173,2954.744473879586,-1284429.8680709114,0.99923075,0.0368681724874213,0.7466571500380201,1.268084471136631,4.733213299170906,fitted,155.12414139950366,-11597.002893797886,-20.453022861443273,0.9995054,0.02956280095220115,0.5785863444671024,0.9590596759404635,3.505195574695911,fitted,0.00027465,apelblat
PVC,"1,2-dimethylbenzene",28,0,25.0,160.0,10.510043750559113,-2225.322372645623,-328343.98871923337,0.99990018,0.012630169479430159,0.14529319820656675,0.2772704568328938,1.145460603507523,fitted,49.324950366595374,-5957.685523992505,-5.263195990620526,0.99992708,0.010795135368301276,0.12304681373035667,0.23116751192244112,0.9538598534016103,fitted,2.69e-05,apelblat
PVC,"1,4-dimethylbenzene",28,0,25.0,160.0,10.715680991081806,-2354.5659730788766,-313521.61338733183,0.99990659,0.012355303306485039,0.13981885357101528,0.26909749639209585,1.1174422630886554,fitted,47.79932767980835,-5919.530207585741,-5.028642608926393,0.99993115,0.010607284979666249,0.1191007162506027,0.22555922081563304,0.9357850534575931,fitted,2.456e-05,apelblat
PVC,"2,3-dihydropyran",28,0,25.0,160.0,5.504521448993278,1022.8031157575799,-738186.4005027484,0.9998316,0.012624096196101846,0.21694144089298834,0.33422805256993354,1.2010895187338022,fitted,91.54516566717975,-7304.665968758242,-11.655156121449382,0.99992474,0.008439704027120945,0.13709345634890255,0.20433500157517032,0.711033516645017,fitted,9.314e-05,apelblat
PVC,2-propanol,28,0,25.0,160.0,14.85679158460075,-4202.026867114899,-240274.47884009956,0.99956364,0.036017298786739545,0.4541873157716709,0.9896743694186882,4.312702632411977,fitted,45.316097542129135,-7040.251656529055,-4.149892553560991,0.99959624,0.03464569675366581,0.4269937068762611,0.9146416882885033,3.980852897666715,fitted,3.26e-05,apelblat
PVC,acetylacetone,28,0,25.0,160.0,8.29345037744682,-1277.061192188542,-292215.1896239692,0.99992454,0.007876617411476905,0.12247780696213802,0.19669079206883278,0.7447058645374511,fitted,42.58488970331584,-4585.597780171001,-4.647406600651572,0.99995307,0.0062116125822615905,0.09400091141637165,0.14891515407384504,0.5605430291137878,fitted,2.853e-05,apelblat
PVC,benzene,28,0,25.0,160.0,6.931334737855267,409.76544735219863,-743066.3706153726,0.9997036,0.020167005788104247,0.3229479239663868,0.5513594040972287,2.1172526838450167,fitted,94.13770181941467,-8003.819331776426,-11.818866652773323,0.99981473,0.015944383089647778,0.2483790258770339,0.41721812380923556,1.5855025409867878,fitted,0.00011113,apelblat
PVC,butanone,28,0,25.0,160.0,4.872350998335646,861.9900856392999,-524557.7719114806,0.99997165,0.0034577491336266926,0.08097819542383546,0.10785149699994492,0.34634961408458054,fitted,65.56699162013533,-5032.320518169499,-8.217424645368006,0.99999875,0.0007258673475174766,0.011806171515862924,0.013211118514707193,0.020336715381517934,fitted,2.71e-05,apelblat
PVC,ch2cl2,28,0,25.0,160.0,3.275378229360032,2480.354901861844,-943888.0679948888,0.99994751,0.006382213864621361,0.10548660067169659,0.1433574592674022,0.4478844785974445,fitted,112.48122087039751,-8125.440204653731,-14.785260222728875,0.99999384,0.002187268945597648,0.035028871551640535,0.045657402735347186,0.13786536463711485,fitted,4.633e-05,apelblat
PVC,chcl3,28,0,25.0,160.0,6.778817399558663,188.19372663730442,-654218.5407555962,0.99987876,0.011943738971769367,0.15634291491728583,0.2554487332485349,0.9579136715368222,fitted,83.09436336803647,-7195.257996774454,-10.338385843310661,0.99994249,0.008226264614216038,0.10254356088312466,0.16324786196964616,0.5999928284318088,fitted,6.373e-05,apelblat
PVC,cyclohexane,28,0,25.0,160.0,17.135634220340968,-6396.83633319416,141629.2554990422,0.99998008,0.0077601808587373705,0.04070233507160799,0.08498857459124293,0.349282443396401,fitted,0.20155010561246997,-4776.937412887145,2.298050618027023,0.99998403,0.0069492038776515705,0.03497640793003094,0.07173225267426322,0.2922883389204749,fitted,3.95e-06,tie
PVC,cyclohexanol,28,0,25.0,160.0,16.316338037244716,-5527.801512502887,-19329.595102287363,0.99988149,0.01904863643083316,0.1571147880290295,0.3566167523891098,1.5965882675533685,fitted,20.003837212952657,-5820.511451478208,-0.5134518889762105,0.99988324,0.01890801865931018,0.15177388503298953,0.33951888632614613,1.5192388194866808,fitted,1.75e-06,tie
PVC,dimethylformamide,28,0,25.0,160.0,6.913932212315616,-1032.9054554521817,-85504.84298073356,0.99998627,0.0017412307388692918,0.05084679713076502,0.06941845193894268,0.23685755245436013,fitted,16.901916128577927,-1998.619409842783,-1.3531947642137299,0.99999282,0.001258718060904774,0.036503527595722396,0.04961709836592266,0.16917328474728777,fitted,6.55e-06,tie
PVC,dimethylsulfoxide,28,0,25.0,160.0,8.11184387765219,-1898.200664745358,34314.554883103745,0.99999,0.001674007403215124,0.03748726870875314,0.048799105878811234,0.1488296090480219,fitted,4.025188719515464,-1506.567995625304,0.5544285890524747,0.99999221,0.0014774923422908714,0.03213776673713526,0.04086719846264843,0.11967487735371662,fitted,2.21e-06,tie
PVC,diphenylether,28,0,25.0,160.0,12.632746289769763,-3987.000579668808,-49721.89226347383,0.99999101,0.003971381499215345,0.02921587225858755,0.059657575239497745,0.25875007471988454,fitted,18.662053756735297,-4560.083969714321,-0.8190090174259169,0.9999922,0.0036994844977089763,0.026878351649570417,0.05418738797447653,0.23488991841663776,fitted,1.19e-06,tie
PVC,dodecane,28,0,25.0,160.0,14.7191209239978,-5537.638496398459,10097.80246999592,0.99999067,0.005196172122531436,0.00975277321290236,0.022038746978705052,0.09823473512633285,fitted,13.149401752986059,-5403.286134646618,0.21645226012972318,0.99999091,0.005130332767591629,0.009354820829221606,0.020826981117769483,0.09286439399215762,fitted,2.4e-07,tie
PVC,ethanol,28,0,25.0,160.0,14.64474187173636,-3961.099481160887,-281157.05874352227,0.99937866,0.04289752041554614,0.6066305931398698,1.3076577275528973,5.6459666907070485,fitted,50.36323690211255,-7286.230706525132,-4.867108588064437,0.9994246,0.04128124390785779,0.5699432571780406,1.2061958848890073,5.199276788513437,fitted,4.594e-05,apelblat
PVC,ethylacetate,28,0,25.0,160.0,5.4821186330065075,523.6518700616682,-511072.6873055509,0.99995781,0.004745853721402568,0.09457909322888078,0.13129081751651556,0.43949408537284285,fitted,64.72718158286212,-5224.893158472795,-8.022250779483057,0.99999307,0.0019231473880608138,0.03217826143035692,0.04040414948426883,0.11344846759092775,fitted,3.526e-05,apelblat
PVC,glycol,28,0,25.0,160.0,23.940846122064137,-11667.18925256787,956859.1653026391,0.9999984,0.002473082615507922,0.0032884296275141225,0.006328655848215142,0.020376378439209475,fitted,-86.08448865303096,-951.0994642944803,14.88954151174483,0.99998412,0.007786622151623457,0.011023065787543931,0.02466827971891944,0.10465236433073954,fitted,-1.428e-05,mk
PVC,h2o,84,0,25.0,160.0,40.911996209792065,-28623.88230487843,3354269.403706802,0.99997517,0.01518037882407561,6.655216251139903e-07,2.1417703751057556e-06,1.053947854362503e-05,fitted,-345.00666984139986,8953.070074083193,52.22793227101222,0.99991435,0.028194602621258977,2.318530425475468e-06,7.379247564889466e-06,3.558362600376169e-05,fitted,-6.082e-05,mk
PVC,hexane,28,0,25.0,160.0,16.250260896016695,-5948.725564990233,75305.70761622707,0.99998673,0.006248150157319689,0.02815021582554239,0.06167066172964909,0.2671825066463036,fitted,7.079220539753618,-5078.717206062944,1.2461439305110036,0.99998851,0.0058150363157937575,0.025211898081669383,0.05486475387964613,0.23774225304645924,fitted,1.78e-06,tie
PVC,isopropylamine,28,0,25.0,160.0,0.26477791725762456,4773.329730918303,-1343230.8659030187,0.99995591,0.0057769854379994805,0.09366300702142247,0.10981670105356182,0.19102453919175133,fitted,155.3486078116862,-10302.674899479483,-20.99344823418731,0.99997096,0.004688498280586289,0.13698319304061493,0.21143157579431698,0.7573146418879446,fitted,1.505e-05,apelblat
PVC,methanol,56,0,25.0,160.0,20.77627655672827,-8305.597728594861,420020.50650607573,0.99971147,0.03135588640231538,0.36065574129788686,0.8452929818987484,3.814101213451039,fitted,-25.22117598957476,-3721.33180268182,6.202112057131525,0.99966977,0.03354531886365441,0.37062989437488864,0.8561981317322066,3.8585431890798176,fitted,-4.17e-05,mk
PVC,methylacetate,28,0,25.0,160.0,4.898871607774955,937.9053135564151,-566823.0957324443,0.99995806,0.0045311779919429305,0.10018470232316434,0.13651545234072748,0.44828375938018894,fitted,70.54768740129009,-5434.64982613298,-8.88879318588514,0.99999573,0.001446149670034526,0.024462291399596596,0.0288157110619997,0.06338415287103061,fitted,3.767e-05,apelblat
PVC,n-heptane,28,0,25.0,160.0,15.92359833689387,-5884.8270661608,66079.31561163855,0.99998575,0.006460661874804808,0.023644093802420853,0.05314116181422631,0.23441571957427598,fitted,7.802052216230034,-5117.5533922336435,1.1042300574193389,0.99998737,0.006081539519740823,0.021672323701918645,0.04804266988842102,0.21217944721423088,fitted,1.62e-06,tie
PVC,propanol,28,0,25.0,160.0,15.134885817593934,-4409.10625172731,-206842.18664012876,0.9995928,0.034911548922784516,0.4287909695276254,0.9388552009850358,4.102558870750023,fitted,41.65898418374112,-6868.181080870616,-3.6164516017774573,0.99962007,0.033722425832078955,0.40450603733413726,0.8708151546543551,3.801116137349325,fitted,2.727e-05,apelblat
PVC,propanone,28,0,25.0,160.0,5.105812882387081,477.93148179423656,-384695.2553627324,0.99998371,0.00211515624563813,0.06352188987578142,0.08364506679153275,0.27018603218814974,fitted,49.58630677178241,-3843.160483060134,-6.021892265038345,0.99999995,0.00012036556034117205,0.003893034942741101,0.005105214833835538,0.016131542638603946,fitted,1.624e-05,apelblat
PVC,propyleneglycol,28,0,25.0,160.0,21.67967791669356,-9712.670389690267,673759.6567160822,0.99999508,0.0040800566902695,0.016122303918933715,0.03895039138151673,0.17777167067782784,fitted,-55.60552070360404,-2176.845217127493,10.457025925083103,0.99998189,0.007831797155149712,0.027957179297143125,0.06594019576369578,0.29723855063411264,fitted,-1.319e-05,mk
PVC,tert-butanol,28,0,25.0,160.0,13.114783292990538,-3145.5458943313415,-382187.74842266244,0.99959982,0.03288824187879101,0.3991192085004537,0.8431181026189075,3.614602523287317,fitted,59.70180721188463,-7563.186657587187,-6.330554656819307,0.9996505,0.030735003122574944,0.365702055422558,0.7585392688614687,3.246760339737719,fitted,5.068e-05,apelblat
PVC,thf,28,0,25.0,160.0,6.102287291045986,-227.49069483289958,-281118.6475097512,0.99995102,0.003931253464391342,0.10318966289235242,0.1374966243260264,0.44853347719749337,fitted,38.79826174340803,-3395.1264156345856,-4.428347803928416,0.99998265,0.0023396417997400202,0.05856347603931474,0.07574821327790146,0.23797505858807,fitted,3.163e-05,apelblat
PVC,thp,28,0,25.0,160.0,6.727589204756051,-321.170050141622,-383311.5463740602,0.9999079,0.007383168471459293,0.14441905549911377,0.2114403159149364,0.7473696177112359,fitted,51.472473966627625,-4648.804815067307,-6.0618432719265885,0.99995424,0.005204054858943288,0.09756285731606776,0.139571924250904,0.48399565104750764,fitted,4.634e-05,apelblat
PVC,toluene,28,0,25.0,160.0,9.022356938939868,-1114.4348838103738,-502990.8872250304,0.99981941,0.016455817765555974,0.22267450224070134,0.40440327600444326,1.621832908736522,fitted,68.26791485457692,-6820.85710596941,-8.031476142902374,0.99987631,0.01361889986125531,0.17984879810694296,0.3245826021333505,1.2967928115750738,fitted,5.69e-05,apelblat
PVC,triethylamine,28,0,25.0,160.0,14.888603692963832,-5716.242542436158,324146.3437687146,0.99995739,0.007892812741580083,0.06857324071304076,0.13525090938487927,0.5770365238870099,fitted,-21.81733431803047,-2115.5241028195,4.961773873920517,0.9999357,0.00969622633131825,0.0806235615127239,0.15502657056165825,0.6562927314387466,fitted,-2.169e-05,mk
