Solvent,Temperature (°C),Solubility (%)
"1,1,1,2-tetrachloroethane",160,5.14127404
"1,1,1,2-tetrachloroethane",155,4.28230378
"1,1,1,2-tetrachloroethane",150,3.54748493
"1,1,1,2-tetrachloroethane",145,2.92301785
"1,1,1,2-tetrachloroethane",140,2.39574329
"1,1,1,2-tetrachloroethane",135,1.95332465
"1,1,1,2-tetrachloroethane",130,1.58437313
"1,1,1,2-tetrachloroethane",125,1.27852403
"1,1,1,2-tetrachloroethane",120,1.02646069
"1,1,1,2-tetrachloroethane",115,0.81990958
"1,1,1,2-tetrachloroethane",110,0.65160147
"1,1,1,2-tetrachloroethane",105,0.51521290
"1,1,1,2-tetrachloroethane",100,0.40529382
"1,1,1,2-tetrachloroethane",95,0.31718722
"1,1,1,2-tetrachloroethane",90,0.24694583
"1,1,1,2-tetrachloroethane",85,0.19124935
"1,1,1,2-tetrachloroethane",80,0.14732501
"1,1,1,2-tetrachloroethane",75,0.11287338
"1,1,1,2-tetrachloroethane",70,0.08600025
"1,1,1,2-tetrachloroethane",65,0.06515529
"1,1,1,2-tetrachloroethane",60,0.04907773
"1,1,1,2-tetrachloroethane",55,0.03674862
"1,1,1,2-tetrachloroethane",50,0.02734956
"1,1,1,2-tetrachloroethane",45,0.02022726
"1,1,1,2-tetrachloroethane",40,0.01486344
"1,1,1,2-tetrachloroethane",35,0.01084948
"1,1,1,2-tetrachloroethane",30,0.00786520
"1,1,1,2-tetrachloroethane",25,0.00566133
"1,1,1-trichloroethane",160,2.98406341
"1,1,1-trichloroethane",155,2.33473343
"1,1,1-trichloroethane",150,1.81529981
"1,1,1-trichloroethane",145,1.40246242
"1,1,1-trichloroethane",140,1.07642689
"1,1,1-trichloroethane",135,0.82058416
"1,1,1-trichloroethane",130,0.62112953
"1,1,1-trichloroethane",125,0.46668291
"1,1,1-trichloroethane",120,0.34792842
"1,1,1-trichloroethane",115,0.25729004
"1,1,1-trichloroethane",110,0.18864627
"1,1,1-trichloroethane",105,0.13708302
"1,1,1-trichloroethane",100,0.09868212
"1,1,1-trichloroethane",95,0.07034172
"1,1,1-trichloroethane",90,0.04962475
"1,1,1-trichloroethane",85,0.03463190
"1,1,1-trichloroethane",80,0.02389562
"1,1,1-trichloroethane",75,0.01629242
"1,1,1-trichloroethane",70,0.01097052
"1,1,1-trichloroethane",65,0.00729088
"1,1,1-trichloroethane",60,0.00477935
"1,1,1-trichloroethane",55,0.00308818
"1,1,1-trichloroethane",50,0.00196551
"1,1,1-trichloroethane",45,0.00123131
"1,1,1-trichloroethane",40,0.00075864
"1,1,1-trichloroethane",35,0.00045933
"1,1,1-trichloroethane",30,0.00027306
"1,1,1-trichloroethane",25,0.00015923
"1,1,1-trifluoroethane",160,8.14785818
"1,1,1-trifluoroethane",155,6.48687208
"1,1,1-trifluoroethane",150,5.10951040
"1,1,1-trifluoroethane",145,3.98446127
"1,1,1-trifluoroethane",140,3.07783945
"1,1,1-trifluoroethane",135,2.35604918
"1,1,1-trifluoroethane",130,1.78770889
"1,1,1-trifluoroethane",125,1.34473339
"1,1,1-trifluoroethane",120,1.00277488
"1,1,1-trifluoroethane",115,0.74123385
"1,1,1-trifluoroethane",110,0.54301410
"1,1,1-trifluoroethane",105,0.39414815
"1,1,1-trifluoroethane",100,0.28337580
"1,1,1-trifluoroethane",95,0.20172557
"1,1,1-trifluoroethane",90,0.14212643
"1,1,1-trifluoroethane",85,0.09906213
"1,1,1-trifluoroethane",80,0.06827265
"1,1,1-trifluoroethane",75,0.04650122
"1,1,1-trifluoroethane",70,0.03128368
"1,1,1-trifluoroethane",65,0.02077541
"1,1,1-trifluoroethane",60,0.01361092
"1,1,1-trifluoroethane",55,0.00879110
"1,1,1-trifluoroethane",50,0.00559387
"1,1,1-trifluoroethane",45,0.00350407
"1,1,1-trifluoroethane",40,0.00215916
"1,1,1-trifluoroethane",35,0.00130764
"1,1,1-trifluoroethane",30,0.00077768
"1,1,1-trifluoroethane",25,0.00045375
"1,1,2,2-tetrabromoethane",160,0.79839259
"1,1,2,2-tetrabromoethane",155,0.64866404
"1,1,2,2-tetrabromoethane",150,0.52627664
"1,1,2,2-tetrabromoethane",145,0.42632992
"1,1,2,2-tetrabromoethane",140,0.34480607
"1,1,2,2-tetrabromoethane",135,0.27840257
"1,1,2,2-tetrabromoethane",130,0.22440053
"1,1,2,2-tetrabromoethane",125,0.18055943
"1,1,2,2-tetrabromoethane",120,0.14503241
"1,1,2,2-tetrabromoethane",115,0.11629744
"1,1,2,2-tetrabromoethane",110,0.09310123
"1,1,2,2-tetrabromoethane",105,0.07441285
"1,1,2,2-tetrabromoethane",100,0.05938570
"1,1,2,2-tetrabromoethane",95,0.04732576
"1,1,2,2-tetrabromoethane",90,0.03766527
"1,1,2,2-tetrabromoethane",85,0.02994085
"1,1,2,2-tetrabromoethane",80,0.02377515
"1,1,2,2-tetrabromoethane",75,0.01886165
"1,1,2,2-tetrabromoethane",70,0.01495201
"1,1,2,2-tetrabromoethane",65,0.01184551
"1,1,2,2-tetrabromoethane",60,0.00938033
"1,1,2,2-tetrabromoethane",55,0.00742634
"1,1,2,2-tetrabromoethane",50,0.00587911
"1,1,2,2-tetrabromoethane",45,0.00465505
"1,1,2,2-tetrabromoethane",40,0.00368740
"1,1,2,2-tetrabromoethane",35,0.00292292
"1,1,2,2-tetrabromoethane",30,0.00231926
"1,1,2,2-tetrabromoethane",25,0.00184278
"1,1,2,2-tetrachloroethane",160,13.86370050
"1,1,2,2-tetrachloroethane",155,12.63915462
"1,1,2,2-tetrachloroethane",150,11.50550760
"1,1,2,2-tetrachloroethane",145,10.45773250
"1,1,2,2-tetrachloroethane",140,9.49156124
"1,1,2,2-tetrachloroethane",135,8.60285407
"1,1,2,2-tetrachloroethane",130,7.78700071
"1,1,2,2-tetrachloroethane",125,7.04007477
"1,1,2,2-tetrachloroethane",120,6.35786277
"1,1,2,2-tetrachloroethane",115,5.73619513
"1,1,2,2-tetrachloroethane",110,5.17127567
"1,1,2,2-tetrachloroethane",105,4.65918778
"1,1,2,2-tetrachloroethane",100,4.19607000
"1,1,2,2-tetrachloroethane",95,3.77842178
"1,1,2,2-tetrachloroethane",90,3.40266290
"1,1,2,2-tetrachloroethane",85,3.06542169
"1,1,2,2-tetrachloroethane",80,2.76350741
"1,1,2,2-tetrachloroethane",75,2.49386752
"1,1,2,2-tetrachloroethane",70,2.25364973
"1,1,2,2-tetrachloroethane",65,2.04016251
"1,1,2,2-tetrachloroethane",60,1.85094000
"1,1,2,2-tetrachloroethane",55,1.68369470
"1,1,2,2-tetrachloroethane",50,1.53636342
"1,1,2,2-tetrachloroethane",45,1.40705921
"1,1,2,2-tetrachloroethane",40,1.29410844
"1,1,2,2-tetrachloroethane",35,1.19603966
"1,1,2,2-tetrachloroethane",30,1.11158411
"1,1,2,2-tetrachloroethane",25,1.03967786
"1,1,2-trichloroethane",160,12.54695204
"1,1,2-trichloroethane",155,11.02353023
"1,1,2-trichloroethane",150,9.62855417
"1,1,2-trichloroethane",145,8.35928564
"1,1,2-trichloroethane",140,7.21210954
"1,1,2-trichloroethane",135,6.18255288
"1,1,2-trichloroethane",130,5.26550644
"1,1,2-trichloroethane",125,4.45493156
"1,1,2-trichloroethane",120,3.74411057
"1,1,2-trichloroethane",115,3.12582413
"1,1,2-trichloroethane",110,2.59239644
"1,1,2-trichloroethane",105,2.13593088
"1,1,2-trichloroethane",100,1.74846385
"1,1,2-trichloroethane",95,1.42217356
"1,1,2-trichloroethane",90,1.14952585
"1,1,2-trichloroethane",85,0.92342161
"1,1,2-trichloroethane",80,0.73728723
"1,1,2-trichloroethane",75,0.58514416
"1,1,2-trichloroethane",70,0.46164114
"1,1,2-trichloroethane",65,0.36205855
"1,1,2-trichloroethane",60,0.28228799
"1,1,2-trichloroethane",55,0.21879731
"1,1,2-trichloroethane",50,0.16858315
"1,1,2-trichloroethane",45,0.12911775
"1,1,2-trichloroethane",40,0.09829365
"1,1,2-trichloroethane",35,0.07436917
"1,1,2-trichloroethane",30,0.05591671
"1,1,2-trichloroethane",25,0.04177527
"1,1,2-trichloro-1,2,2-trifluoroethane",160,0.21058524
"1,1,2-trichloro-1,2,2-trifluoroethane",155,0.15712989
"1,1,2-trichloro-1,2,2-trifluoroethane",150,0.11644185
"1,1,2-trichloro-1,2,2-trifluoroethane",145,0.08565351
"1,1,2-trichloro-1,2,2-trifluoroethane",140,0.06250881
"1,1,2-trichloro-1,2,2-trifluoroethane",135,0.04523520
"1,1,2-trichloro-1,2,2-trifluoroethane",130,0.03244384
"1,1,2-trichloro-1,2,2-trifluoroethane",125,0.02305100
"1,1,2-trichloro-1,2,2-trifluoroethane",120,0.01621543
"1,1,2-trichloro-1,2,2-trifluoroethane",115,0.01128817
"1,1,2-trichloro-1,2,2-trifluoroethane",110,0.00777221
"1,1,2-trichloro-1,2,2-trifluoroethane",105,0.00528998
"1,1,2-trichloro-1,2,2-trifluoroethane",100,0.00355719
"1,1,2-trichloro-1,2,2-trifluoroethane",95,0.00236182
"1,1,2-trichloro-1,2,2-trifluoroethane",90,0.00154742
"1,1,2-trichloro-1,2,2-trifluoroethane",85,0.00099979
"1,1,2-trichloro-1,2,2-trifluoroethane",80,0.00063659
"1,1,2-trichloro-1,2,2-trifluoroethane",75,0.00039916
"1,1,2-trichloro-1,2,2-trifluoroethane",70,0.00024629
"1,1,2-trichloro-1,2,2-trifluoroethane",65,0.00014943
"1,1,2-trichloro-1,2,2-trifluoroethane",60,0.00008907
"1,1,2-trichloro-1,2,2-trifluoroethane",55,0.00005211
"1,1,2-trichloro-1,2,2-trifluoroethane",50,0.00002990
"1,1,2-trichloro-1,2,2-trifluoroethane",45,0.00001681
"1,1,2-trichloro-1,2,2-trifluoroethane",40,0.00000925
"1,1,2-trichloro-1,2,2-trifluoroethane",35,0.00000497
"1,1,2-trichloro-1,2,2-trifluoroethane",30,0.00000261
"1,1,2-trichloro-1,2,2-trifluoroethane",25,0.00000134
"1,1,3,3-tetramethoxypropane",160,3.70673713
"1,1,3,3-tetramethoxypropane",155,2.99764136
"1,1,3,3-tetramethoxypropane",150,2.40814138
"1,1,3,3-tetramethoxypropane",145,1.92172414
"1,1,3,3-tetramethoxypropane",140,1.52330224
"1,1,3,3-tetramethoxypropane",135,1.19931489
"1,1,3,3-tetramethoxypropane",130,0.93774600
"1,1,3,3-tetramethoxypropane",125,0.72808432
"1,1,3,3-tetramethoxypropane",120,0.56124100
"1,1,3,3-tetramethoxypropane",115,0.42944014
"1,1,3,3-tetramethoxypropane",110,0.32609456
"1,1,3,3-tetramethoxypropane",105,0.24567587
"1,1,3,3-tetramethoxypropane",100,0.18358544
"1,1,3,3-tetramethoxypropane",95,0.13603109
"1,1,3,3-tetramethoxypropane",90,0.09991219
"1,1,3,3-tetramethoxypropane",85,0.07271499
"1,1,3,3-tetramethoxypropane",80,0.05241894
"1,1,3,3-tetramethoxypropane",75,0.03741393
"1,1,3,3-tetramethoxypropane",70,0.02642830
"1,1,3,3-tetramethoxypropane",65,0.01846690
"1,1,3,3-tetramethoxypropane",60,0.01275830
"1,1,3,3-tetramethoxypropane",55,0.00871038
"1,1,3,3-tetramethoxypropane",50,0.00587334
"1,1,3,3-tetramethoxypropane",45,0.00390913
"1,1,3,3-tetramethoxypropane",40,0.00256654
"1,1,3,3-tetramethoxypropane",35,0.00166111
"1,1,3,3-tetramethoxypropane",30,0.00105907
"1,1,3,3-tetramethoxypropane",25,0.00066466
"1,1-dibromoethane",160,2.83420671
"1,1-dibromoethane",155,2.25387440
"1,1-dibromoethane",150,1.78219866
"1,1-dibromoethane",145,1.40126144
"1,1-dibromoethane",140,1.09547042
"1,1-dibromoethane",135,0.85145294
"1,1-dibromoethane",130,0.65787272
"1,1-dibromoethane",125,0.50521151
"1,1-dibromoethane",120,0.38554275
"1,1-dibromoethane",115,0.29231337
"1,1-dibromoethane",110,0.22014207
"1,1-dibromoethane",105,0.16463832
"1,1-dibromoethane",100,0.12224239
"1,1-dibromoethane",95,0.09008665
"1,1-dibromoethane",90,0.06587590
"1,1-dibromoethane",85,0.04778542
"1,1-dibromoethane",80,0.03437460
"1,1-dibromoethane",75,0.02451430
"1,1-dibromoethane",70,0.01732615
"1,1-dibromoethane",65,0.01213225
"1,1-dibromoethane",60,0.00841373
"1,1-dibromoethane",55,0.00577683
"1,1-dibromoethane",50,0.00392540
"1,1-dibromoethane",45,0.00263879
"1,1-dibromoethane",40,0.00175419
"1,1-dibromoethane",35,0.00115272
"1,1-dibromoethane",30,0.00074844
"1,1-dibromoethane",25,0.00047993
"1,1-dichloro-1-nitroethane",160,6.35568140
"1,1-dichloro-1-nitroethane",155,5.20539672
"1,1-dichloro-1-nitroethane",150,4.22363332
"1,1-dichloro-1-nitroethane",145,3.39543468
"1,1-dichloro-1-nitroethane",140,2.70472929
"1,1-dichloro-1-nitroethane",135,2.13507573
"1,1-dichloro-1-nitroethane",130,1.67030402
"1,1-dichloro-1-nitroethane",125,1.29505318
"1,1-dichloro-1-nitroethane",120,0.99514645
"1,1-dichloro-1-nitroethane",115,0.75782499
"1,1-dichloro-1-nitroethane",110,0.57185373
"1,1-dichloro-1-nitroethane",105,0.42752618
"1,1-dichloro-1-nitroethane",100,0.31659667
"1,1-dichloro-1-nitroethane",95,0.23216527
"1,1-dichloro-1-nitroethane",90,0.16853699
"1,1-dichloro-1-nitroethane",85,0.12107081
"1,1-dichloro-1-nitroethane",80,0.08602992
"1,1-dichloro-1-nitroethane",75,0.06044024
"1,1-dichloro-1-nitroethane",70,0.04196160
"1,1-dichloro-1-nitroethane",65,0.02877346
"1,1-dichloro-1-nitroethane",60,0.01947571
"1,1-dichloro-1-nitroethane",55,0.01300426
"1,1-dichloro-1-nitroethane",50,0.00856013
"1,1-dichloro-1-nitroethane",45,0.00555099
"1,1-dichloro-1-nitroethane",40,0.00354348
"1,1-dichloro-1-nitroethane",35,0.00222492
"1,1-dichloro-1-nitroethane",30,0.00137295
"1,1-dichloro-1-nitroethane",25,0.00083188
"1,1-dichloroacetone",160,7.77961487
"1,1-dichloroacetone",155,6.47033346
"1,1-dichloroacetone",150,5.33692730
"1,1-dichloroacetone",145,4.36610622
"1,1-dichloroacetone",140,3.54314566
"1,1-dichloroacetone",135,2.85256980
"1,1-dichloroacetone",130,2.27874994
"1,1-dichloroacetone",125,1.80644955
"1,1-dichloroacetone",120,1.42125238
"1,1-dichloroacetone",115,1.10985796
"1,1-dichloroacetone",110,0.86027138
"1,1-dichloroacetone",105,0.66188330
"1,1-dichloroacetone",100,0.50547062
"1,1-dichloroacetone",95,0.38313738
"1,1-dichloroacetone",90,0.28821622
"1,1-dichloroacetone",85,0.21514687
"1,1-dichloroacetone",80,0.15934532
"1,1-dichloroacetone",75,0.11707236
"1,1-dichloroacetone",70,0.08530854
"1,1-dichloroacetone",65,0.06163904
"1,1-dichloroacetone",60,0.04415065
"1,1-dichloroacetone",55,0.03134151
"1,1-dichloroacetone",50,0.02204343
"1,1-dichloroacetone",45,0.01535612
"1,1-dichloroacetone",40,0.01059216
"1,1-dichloroacetone",35,0.00723166
"1,1-dichloroacetone",30,0.00488519
"1,1-dichloroacetone",25,0.00326397
"1,1-dichloroethane",160,13.13535543
"1,1-dichloroethane",155,11.24174838
"1,1-dichloroethane",150,9.53106977
"1,1-dichloroethane",145,8.00318987
"1,1-dichloroethane",140,6.65477832
"1,1-dichloroethane",135,5.47935845
"1,1-dichloroethane",130,4.46749808
"1,1-dichloroethane",125,3.60726208
"1,1-dichloroethane",120,2.88492578
"1,1-dichloroethane",115,2.28566492
"1,1-dichloroethane",110,1.79429788
"1,1-dichloroethane",105,1.39591405
"1,1-dichloroethane",100,1.07639513
"1,1-dichloroethane",95,0.82278118
"1,1-dichloroethane",90,0.62348619
"1,1-dichloroethane",85,0.46839054
"1,1-dichloroethane",80,0.34883095
"1,1-dichloroethane",75,0.25752105
"1,1-dichloroethane",70,0.18842825
"1,1-dichloroethane",65,0.13662818
"1,1-dichloroethane",60,0.09815297
"1,1-dichloroethane",55,0.06984369
"1,1-dichloroethane",50,0.04921395
"1,1-dichloroethane",45,0.03432808
"1,1-dichloroethane",40,0.02369524
"1,1-dichloroethane",35,0.01617935
"1,1-dichloroethane",30,0.01092383
"1,1-dichloroethane",25,0.00728984
"1,1-dichloroethylene",160,6.93072611
"1,1-dichloroethylene",155,5.56395616
"1,1-dichloroethylene",150,4.42837880
"1,1-dichloroethylene",145,3.49581154
"1,1-dichloroethylene",140,2.73801475
"1,1-dichloroethylene",135,2.12816369
"1,1-dichloroethylene",130,1.64175937
"1,1-dichloroethylene",125,1.25708315
"1,1-dichloroethylene",120,0.95532111
"1,1-dichloroethylene",115,0.72047258
"1,1-dichloroethylene",110,0.53913253
"1,1-dichloroethylene",105,0.40021198
"1,1-dichloroethylene",100,0.29463872
"1,1-dichloroethylene",95,0.21506428
"1,1-dichloroethylene",90,0.15559131
"1,1-dichloroethylene",85,0.11152925
"1,1-dichloroethylene",80,0.07917993
"1,1-dichloroethylene",75,0.05565323
"1,1-dichloroethylene",70,0.03871063
"1,1-dichloroethylene",65,0.02663423
"1,1-dichloroethylene",60,0.01811822
"1,1-dichloroethylene",55,0.01217982
"1,1-dichloroethylene",50,0.00808706
"1,1-dichloroethylene",45,0.00530062
"1,1-dichloroethylene",40,0.00342768
"1,1-dichloroethylene",35,0.00218548
"1,1-dichloroethylene",30,0.00137308
"1,1-dichloroethylene",25,0.00084948
"1,1-dichloropropane",160,7.14985431
"1,1-dichloropropane",155,5.85799835
"1,1-dichloropropane",150,4.75969547
"1,1-dichloropropane",145,3.83597192
"1,1-dichloropropane",140,3.06703583
"1,1-dichloropropane",135,2.43320244
"1,1-dichloropropane",130,1.91560521
"1,1-dichloropropane",125,1.49670392
"1,1-dichloropropane",120,1.16059847
"1,1-dichloropropane",115,0.89317931
"1,1-dichloropropane",110,0.68215229
"1,1-dichloropropane",105,0.51697267
"1,1-dichloropropane",100,0.38872132
"1,1-dichloropropane",95,0.28994756
"1,1-dichloropropane",90,0.21449781
"1,1-dichloropropane",85,0.15734319
"1,1-dichloropropane",80,0.11441492
"1,1-dichloropropane",75,0.08245259
"1,1-dichloropropane",70,0.05886818
"1,1-dichloropropane",65,0.04162651
"1,1-dichloropropane",60,0.02914222
"1,1-dichloropropane",55,0.02019203
"1,1-dichloropropane",50,0.01384126
"1,1-dichloropropane",45,0.00938287
"1,1-dichloropropane",40,0.00628749
"1,1-dichloropropane",35,0.00416304
"1,1-dichloropropane",30,0.00272230
"1,1-dichloropropane",25,0.00175730
"1,1-dichloropropene",160,3.21027901
"1,1-dichloropropene",155,2.49502586
"1,1-dichloropropene",150,1.92708304
"1,1-dichloropropene",145,1.47896663
"1,1-dichloropropene",140,1.12759531
"1,1-dichloropropene",135,0.85381665
"1,1-dichloropropene",130,0.64187629
"1,1-dichloropropene",125,0.47891445
"1,1-dichloropropene",120,0.35450064
"1,1-dichloropropene",115,0.26022625
"1,1-dichloropropene",110,0.18935372
"1,1-dichloropropene",105,0.13651821
"1,1-dichloropropene",100,0.09747618
"1,1-dichloropropene",95,0.06889483
"1,1-dichloropropene",90,0.04817649
"1,1-dichloropropene",85,0.03331312
"1,1-dichloropropene",80,0.02276610
"1,1-dichloropropene",75,0.01536760
"1,1-dichloropropene",70,0.01024017
"1,1-dichloropropene",65,0.00673162
"1,1-dichloropropene",60,0.00436272
"1,1-dichloropropene",55,0.00278562
"1,1-dichloropropene",50,0.00175104
"1,1-dichloropropene",45,0.00108281
"1,1-dichloropropene",40,0.00065817
"1,1-dichloropropene",35,0.00039290
"1,1-dichloropropene",30,0.00023014
"1,1-dichloropropene",25,0.00013215
"1,1-diethoxyethane",160,4.33404917
"1,1-diethoxyethane",155,3.48616492
"1,1-diethoxyethane",150,2.78591966
"1,1-diethoxyethane",145,2.21188973
"1,1-diethoxyethane",140,1.74470382
"1,1-diethoxyethane",135,1.36714726
"1,1-diethoxyethane",130,1.06414406
"1,1-diethoxyethane",125,0.82265736
"1,1-diethoxyethane",120,0.63153805
"1,1-diethoxyethane",115,0.48134715
"1,1-diethoxyethane",110,0.36416709
"1,1-diethoxyethane",105,0.27341402
"1,1-diethoxyethane",100,0.20365865
"1,1-diethoxyethane",95,0.15046011
"1,1-diethoxyethane",90,0.11021513
"1,1-diethoxyethane",85,0.08002351
"1,1-diethoxyethane",80,0.05757001
"1,1-diethoxyethane",75,0.04102167
"1,1-diethoxyethane",70,0.02893972
"1,1-diethoxyethane",65,0.02020481
"1,1-diethoxyethane",60,0.01395400
"1,1-diethoxyethane",55,0.00952837
"1,1-diethoxyethane",50,0.00642976
"1,1-diethoxyethane",45,0.00428542
"1,1-diethoxyethane",40,0.00281947
"1,1-diethoxyethane",35,0.00183000
"1,1-diethoxyethane",30,0.00117103
"1,1-diethoxyethane",25,0.00073827
"1,1-difluoroethane",160,16.90783321
"1,1-difluoroethane",155,14.19848718
"1,1-difluoroethane",150,11.74600642
"1,1-difluoroethane",145,9.57037080
"1,1-difluoroethane",140,7.68025367
"1,1-difluoroethane",135,6.07235714
"1,1-difluoroethane",130,4.73241555
"1,1-difluoroethane",125,3.63753554
"1,1-difluoroethane",120,2.75926929
"1,1-difluoroethane",115,2.06672818
"1,1-difluoroethane",110,1.52922217
"1,1-difluoroethane",105,1.11813376
"1,1-difluoroethane",100,0.80803247
"1,1-difluoroethane",95,0.57715302
"1,1-difluoroethane",90,0.40741693
"1,1-difluoroethane",85,0.28417217
"1,1-difluoroethane",80,0.19578646
"1,1-difluoroethane",75,0.13318897
"1,1-difluoroethane",70,0.08941917
"1,1-difluoroethane",65,0.05921510
"1,1-difluoroethane",60,0.03865536
"1,1-difluoroethane",55,0.02485843
"1,1-difluoroethane",50,0.01573667
"1,1-difluoroethane",45,0.00979923
"1,1-difluoroethane",40,0.00599728
"1,1-difluoroethane",35,0.00360429
"1,1-difluoroethane",30,0.00212511
"1,1-difluoroethane",25,0.00122804
"1,1-difluoroethene",160,12.90557455
"1,1-difluoroethene",155,10.49142438
"1,1-difluoroethene",150,8.41584703
"1,1-difluoroethene",145,6.66711051
"1,1-difluoroethene",140,5.22082636
"1,1-difluoroethene",135,4.04445030
"1,1-difluoroethene",130,3.10168859
"1,1-difluoroethene",125,2.35604912
"1,1-difluoroethene",120,1.77326685
"1,1-difluoroethene",115,1.32268288
"1,1-difluoroethene",110,0.97781804
"1,1-difluoroethene",105,0.71640668
"1,1-difluoroethene",100,0.52011280
"1,1-difluoroethene",95,0.37408892
"1,1-difluoroethene",90,0.26648120
"1,1-difluoroethene",85,0.18794239
"1,1-difluoroethene",80,0.13118420
"1,1-difluoroethene",75,0.09058413
"1,1-difluoroethene",70,0.06184955
"1,1-difluoroethene",65,0.04173694
"1,1-difluoroethene",60,0.02782127
"1,1-difluoroethene",55,0.01830900
"1,1-difluoroethene",50,0.01188857
"1,1-difluoroethene",45,0.00761210
"1,1-difluoroethene",40,0.00480293
"1,1-difluoroethene",35,0.00298428
"1,1-difluoroethene",30,0.00182469
"1,1-difluoroethene",25,0.00109705
"1,1-dimethoxyethane",160,10.30521415
"1,1-dimethoxyethane",155,8.56132355
"1,1-dimethoxyethane",150,7.04396303
"1,1-dimethoxyethane",145,5.74043929
"1,1-dimethoxyethane",140,4.63448481
"1,1-dimethoxyethane",135,3.70738413
"1,1-dimethoxyethane",130,2.93915431
"1,1-dimethoxyethane",125,2.30959355
"1,1-dimethoxyethane",120,1.79912138
"1,1-dimethoxyethane",115,1.38941272
"1,1-dimethoxyethane",110,1.06380017
"1,1-dimethoxyethane",105,0.80748724
"1,1-dimethoxyethane",100,0.60760816
"1,1-dimethoxyethane",95,0.45317535
"1,1-dimethoxyethane",90,0.33495337
"1,1-dimethoxyethane",85,0.24528866
"1,1-dimethoxyethane",80,0.17792031
"1,1-dimethoxyethane",75,0.12778788
"1,1-dimethoxyethane",70,0.09084754
"1,1-dimethoxyethane",65,0.06390313
"1,1-dimethoxyethane",60,0.04445555
"1,1-dimethoxyethane",55,0.03057156
"1,1-dimethoxyethane",50,0.02077175
"1,1-dimethoxyethane",45,0.01393646
"1,1-dimethoxyethane",40,0.00922778
"1,1-dimethoxyethane",35,0.00602605
"1,1-dimethoxyethane",30,0.00387850
"1,1-dimethoxyethane",25,0.00245853
"1,1-dimethylhydrazine",160,20.93217012
"1,1-dimethylhydrazine",155,18.21076020
"1,1-dimethylhydrazine",150,15.67889448
"1,1-dimethylhydrazine",145,13.35401125
"1,1-dimethylhydrazine",140,11.24852193
"1,1-dimethylhydrazine",135,9.36897197
"1,1-dimethylhydrazine",130,7.71577755
"1,1-dimethylhydrazine",125,6.28332187
"1,1-dimethylhydrazine",120,5.06051281
"1,1-dimethylhydrazine",115,4.03181246
"1,1-dimethylhydrazine",110,3.17856136
"1,1-dimethylhydrazine",105,2.48037816
"1,1-dimethylhydrazine",100,1.91640736
"1,1-dimethylhydrazine",95,1.46639230
"1,1-dimethylhydrazine",90,1.11145563
"1,1-dimethylhydrazine",85,0.83458845
"1,1-dimethylhydrazine",80,0.62089717
"1,1-dimethylhydrazine",75,0.45764840
"1,1-dimethylhydrazine",70,0.33417725
"1,1-dimethylhydrazine",65,0.24170930
"1,1-dimethylhydrazine",60,0.17313828
"1,1-dimethylhydrazine",55,0.12278991
"1,1-dimethylhydrazine",50,0.08619161
"1,1-dimethylhydrazine",45,0.05986057
"1,1-dimethylhydrazine",40,0.04111593
"1,1-dimethylhydrazine",35,0.02791723
"1,1-dimethylhydrazine",30,0.01872871
"1,1-dimethylhydrazine",25,0.01240730
"1,2,3,4-tetramethylbenzene",160,1.92102075
"1,2,3,4-tetramethylbenzene",155,1.49639776
"1,2,3,4-tetramethylbenzene",150,1.15838196
"1,2,3,4-tetramethylbenzene",145,0.89087612
"1,2,3,4-tetramethylbenzene",140,0.68046026
"1,2,3,4-tetramethylbenzene",135,0.51600973
"1,2,3,4-tetramethylbenzene",130,0.38835038
"1,2,3,4-tetramethylbenzene",125,0.28995668
"1,2,3,4-tetramethylbenzene",120,0.21468956
"1,2,3,4-tetramethylbenzene",115,0.15757017
"1,2,3,4-tetramethylbenzene",110,0.11458584
"1,2,3,4-tetramethylbenzene",105,0.08252431
"1,2,3,4-tetramethylbenzene",100,0.05883256
"1,2,3,4-tetramethylbenzene",95,0.04149731
"1,2,3,4-tetramethylbenzene",90,0.02894405
"1,2,3,4-tetramethylbenzene",85,0.01995245
"1,2,3,4-tetramethylbenzene",80,0.01358559
"1,2,3,4-tetramethylbenzene",75,0.00913150
"1,2,3,4-tetramethylbenzene",70,0.00605492
"1,2,3,4-tetramethylbenzene",65,0.00395809
"1,2,3,4-tetramethylbenzene",60,0.00254897
"1,2,3,4-tetramethylbenzene",55,0.00161592
"1,2,3,4-tetramethylbenzene",50,0.00100765
"1,2,3,4-tetramethylbenzene",45,0.00061755
"1,2,3,4-tetramethylbenzene",40,0.00037163
"1,2,3,4-tetramethylbenzene",35,0.00021940
"1,2,3,4-tetramethylbenzene",30,0.00012695
"1,2,3,4-tetramethylbenzene",25,0.00007191
"1,2,3,5-tetramethylbenzene",160,1.82782523
"1,2,3,5-tetramethylbenzene",155,1.42243403
"1,2,3,5-tetramethylbenzene",150,1.10008946
"1,2,3,5-tetramethylbenzene",145,0.84525528
"1,2,3,5-tetramethylbenzene",140,0.64501024
"1,2,3,5-tetramethylbenzene",135,0.48866410
"1,2,3,5-tetramethylbenzene",130,0.36741562
"1,2,3,5-tetramethylbenzene",125,0.27405561
"1,2,3,5-tetramethylbenzene",120,0.20271069
"1,2,3,5-tetramethylbenzene",115,0.14862326
"1,2,3,5-tetramethylbenzene",110,0.10796333
"1,2,3,5-tetramethylbenzene",105,0.07766835
"1,2,3,5-tetramethylbenzene",100,0.05530700
"1,2,3,5-tetramethylbenzene",95,0.03896409
"1,2,3,5-tetramethylbenzene",90,0.02714361
"1,2,3,5-tetramethylbenzene",85,0.01868738
"1,2,3,5-tetramethylbenzene",80,0.01270733
"1,2,3,5-tetramethylbenzene",75,0.00852942
"1,2,3,5-tetramethylbenzene",70,0.00564762
"1,2,3,5-tetramethylbenzene",65,0.00368636
"1,2,3,5-tetramethylbenzene",60,0.00237033
"1,2,3,5-tetramethylbenzene",55,0.00150027
"1,2,3,5-tetramethylbenzene",50,0.00093398
"1,2,3,5-tetramethylbenzene",45,0.00057141
"1,2,3,5-tetramethylbenzene",40,0.00034325
"1,2,3,5-tetramethylbenzene",35,0.00020227
"1,2,3,5-tetramethylbenzene",30,0.00011681
"1,2,3,5-tetramethylbenzene",25,0.00006603
1h-benzotriazole,160,2.29790274
1h-benzotriazole,155,1.84416729
1h-benzotriazole,150,1.47557009
1h-benzotriazole,145,1.17685509
1h-benzotriazole,140,0.93541808
1h-benzotriazole,135,0.74084329
1h-benzotriazole,130,0.58452943
1h-benzotriazole,125,0.45937798
1h-benzotriazole,120,0.35953760
1h-benzotriazole,115,0.28019290
1h-benzotriazole,110,0.21738922
1h-benzotriazole,105,0.16788691
1h-benzotriazole,100,0.12903970
1h-benzotriazole,95,0.09869298
1h-benzotriazole,90,0.07509880
1h-benzotriazole,85,0.05684453
1h-benzotriazole,80,0.04279332
1h-benzotriazole,75,0.03203420
1h-benzotriazole,70,0.02384066
1h-benzotriazole,65,0.01763600
1h-benzotriazole,60,0.01296482
1h-benzotriazole,55,0.00946933
1h-benzotriazole,50,0.00686999
1h-benzotriazole,45,0.00494957
1h-benzotriazole,40,0.00354032
1h-benzotriazole,35,0.00251340
1h-benzotriazole,30,0.00177054
1h-benzotriazole,25,0.00123722
"1h-1,2,3-triazole",160,0.03529079
"1h-1,2,3-triazole",155,0.02651475
"1h-1,2,3-triazole",150,0.01982486
"1h-1,2,3-triazole",145,0.01474935
"1h-1,2,3-triazole",140,0.01091744
"1h-1,2,3-triazole",135,0.00803899
"1h-1,2,3-triazole",130,0.00588794
"1h-1,2,3-triazole",125,0.00428898
"1h-1,2,3-triazole",120,0.00310688
"1h-1,2,3-triazole",115,0.00223780
"1h-1,2,3-triazole",110,0.00160248
"1h-1,2,3-triazole",105,0.00114073
"1h-1,2,3-triazole",100,0.00080712
"1h-1,2,3-triazole",95,0.00056754
"1h-1,2,3-triazole",90,0.00039655
"1h-1,2,3-triazole",85,0.00027529
"1h-1,2,3-triazole",80,0.00018984
"1h-1,2,3-triazole",75,0.00013002
"1h-1,2,3-triazole",70,0.00008843
"1h-1,2,3-triazole",65,0.00005972
"1h-1,2,3-triazole",60,0.00004003
"1h-1,2,3-triazole",55,0.00002663
"1h-1,2,3-triazole",50,0.00001758
"1h-1,2,3-triazole",45,0.00001151
"1h-1,2,3-triazole",40,0.00000747
"1h-1,2,3-triazole",35,0.00000481
"1h-1,2,3-triazole",30,0.00000307
"1h-1,2,3-triazole",25,0.00000194
"1,2,3-trichloropropene",160,10.42189077
"1,2,3-trichloropropene",155,9.03932253
"1,2,3-trichloropropene",150,7.79077368
"1,2,3-trichloropropene",145,6.67139604
"1,2,3-trichloropropene",140,5.67530517
"1,2,3-trichloropropene",135,4.79575967
"1,2,3-trichloropropene",130,4.02535065
"1,2,3-trichloropropene",125,3.35599836
"1,2,3-trichloropropene",120,2.77921004
"1,2,3-trichloropropene",115,2.28623167
"1,2,3-trichloropropene",110,1.86829726
"1,2,3-trichloropropene",105,1.51680105
"1,2,3-trichloropropene",100,1.22349352
"1,2,3-trichloropropene",95,0.98060766
"1,2,3-trichloropropene",90,0.78097065
"1,2,3-trichloropropene",85,0.61807030
"1,2,3-trichloropropene",80,0.48608737
"1,2,3-trichloropropene",75,0.37989430
"1,2,3-trichloropropene",70,0.29503350
"1,2,3-trichloropropene",65,0.22767580
"1,2,3-trichloropropene",60,0.17456816
"1,2,3-trichloropropene",55,0.13297509
"1,2,3-trichloropropene",50,0.10061818
"1,2,3-trichloropropene",45,0.07561660
"1,2,3-trichloropropene",40,0.05643078
"1,2,3-trichloropropene",35,0.04181075
"1,2,3-trichloropropene",30,0.03074959
"1,2,3-trichloropropene",25,0.02244236
"1,2,3-trichloropropane",160,7.74931729
"1,2,3-trichloropropane",155,6.50943177
"1,2,3-trichloropropane",150,5.42431586
"1,2,3-trichloropropane",145,4.48388485
"1,2,3-trichloropropane",140,3.67684412
"1,2,3-trichloropropane",135,2.99102764
"1,2,3-trichloropropane",130,2.41386264
"1,2,3-trichloropropane",125,1.93274433
"1,2,3-trichloropropane",120,1.53541455
"1,2,3-trichloropropane",115,1.21025925
"1,2,3-trichloropropane",110,0.94652999
"1,2,3-trichloropropane",105,0.73448210
"1,2,3-trichloropropane",100,0.56544665
"1,2,3-trichloropropane",95,0.43183922
"1,2,3-trichloropropane",90,0.32712392
"1,2,3-trichloropropane",85,0.24574537
"1,2,3-trichloropropane",80,0.18304069
"1,2,3-trichloropropane",75,0.13514183
"1,2,3-trichloropropane",70,0.09887507
"1,2,3-trichloropropane",65,0.07166362
"1,2,3-trichloropropane",60,0.05143645
"1,2,3-trichloropropane",55,0.03654559
"1,2,3-trichloropropane",50,0.02569262
"1,2,3-trichloropropane",45,0.01786467
"1,2,3-trichloropropane",40,0.01227963
"1,2,3-trichloropropane",35,0.00833981
"1,2,3-trichloropropane",30,0.00559333
"1,2,3-trichloropropane",25,0.00370235
"1,2,4,5-tetrachlorobenzene",160,1.23608899
"1,2,4,5-tetrachlorobenzene",155,0.97512904
"1,2,4,5-tetrachlorobenzene",150,0.76560240
"1,2,4,5-tetrachlorobenzene",145,0.59808748
"1,2,4,5-tetrachlorobenzene",140,0.46476908
"1,2,4,5-tetrachlorobenzene",135,0.35917927
"1,2,4,5-tetrachlorobenzene",130,0.27597967
"1,2,4,5-tetrachlorobenzene",125,0.21077776
"1,2,4,5-tetrachlorobenzene",120,0.15997206
"1,2,4,5-tetrachlorobenzene",115,0.12062143
"1,2,4,5-tetrachlorobenzene",110,0.09033471
"1,2,4,5-tetrachlorobenzene",105,0.06717728
"1,2,4,5-tetrachlorobenzene",100,0.04959233
"1,2,4,5-tetrachlorobenzene",95,0.03633426
"1,2,4,5-tetrachlorobenzene",90,0.02641263
"1,2,4,5-tetrachlorobenzene",85,0.01904507
"1,2,4,5-tetrachlorobenzene",80,0.01361786
"1,2,4,5-tetrachlorobenzene",75,0.00965314
"1,2,4,5-tetrachlorobenzene",70,0.00678168
"1,2,4,5-tetrachlorobenzene",65,0.00472050
"1,2,4,5-tetrachlorobenzene",60,0.00325454
"1,2,4,5-tetrachlorobenzene",55,0.00222183
"1,2,4,5-tetrachlorobenzene",50,0.00150146
"1,2,4,5-tetrachlorobenzene",45,0.00100406
"1,2,4,5-tetrachlorobenzene",40,0.00066421
"1,2,4,5-tetrachlorobenzene",35,0.00043451
"1,2,4,5-tetrachlorobenzene",30,0.00028100
"1,2,4,5-tetrachlorobenzene",25,0.00017957
"1,2,4-trichlorobenzene",160,2.48633353
"1,2,4-trichlorobenzene",155,1.98605517
"1,2,4-trichlorobenzene",150,1.57766538
"1,2,4-trichlorobenzene",145,1.24618823
"1,2,4-trichlorobenzene",140,0.97867341
"1,2,4-trichlorobenzene",135,0.76402242
"1,2,4-trichlorobenzene",130,0.59279896
"1,2,4-trichlorobenzene",125,0.45703747
"1,2,4-trichlorobenzene",120,0.35005908
"1,2,4-trichlorobenzene",115,0.26629982
"1,2,4-trichlorobenzene",110,0.20115389
"1,2,4-trichlorobenzene",105,0.15083267
"1,2,4-trichlorobenzene",100,0.11223980
"1,2,4-trichlorobenzene",95,0.08286124
"1,2,4-trichlorobenzene",90,0.06066961
"1,2,4-trichlorobenzene",85,0.04404148
"1,2,4-trichlorobenzene",80,0.03168637
"1,2,4-trichlorobenzene",75,0.02258628
"1,2,4-trichlorobenzene",70,0.01594459
"1,2,4-trichlorobenzene",65,0.01114308
"1,2,4-trichlorobenzene",60,0.00770619
"1,2,4-trichlorobenzene",55,0.00527141
"1,2,4-trichlorobenzene",50,0.00356507
"1,2,4-trichlorobenzene",45,0.00238263
"1,2,4-trichlorobenzene",40,0.00157280
"1,2,4-trichlorobenzene",35,0.00102492
"1,2,4-trichlorobenzene",30,0.00065897
"1,2,4-trichlorobenzene",25,0.00041778
"1,2-butadiene",160,13.62624200
"1,2-butadiene",155,11.05744474
"1,2-butadiene",150,8.85429975
"1,2-butadiene",145,7.00157863
"1,2-butadiene",140,5.47137542
"1,2-butadiene",135,4.22801425
"1,2-butadiene",130,3.23252253
"1,2-butadiene",125,2.44610195
"1,2-butadiene",120,1.83245906
"1,2-butadiene",115,1.35912595
"1,2-butadiene",110,0.99801270
"1,2-butadiene",105,0.72544038
"1,2-butadiene",100,0.52186075
"1,2-butadiene",95,0.37141385
"1,2-butadiene",90,0.26142401
"1,2-butadiene",85,0.18189641
"1,2-butadiene",80,0.12504841
"1,2-butadiene",75,0.08489275
"1,2-butadiene",70,0.05687807
"1,2-butadiene",65,0.03758593
"1,2-butadiene",60,0.02448039
"1,2-butadiene",55,0.01570403
"1,2-butadiene",50,0.00991453
"1,2-butadiene",45,0.00615531
"1,2-butadiene",40,0.00375468
"1,2-butadiene",35,0.00224826
"1,2-butadiene",30,0.00132024
"1,2-butadiene",25,0.00075953
1-bromo-2-chloroethene,160,5.57797306
1-bromo-2-chloroethene,155,4.58394433
1-bromo-2-chloroethene,150,3.74348758
1-bromo-2-chloroethene,145,3.03858996
1-bromo-2-chloroethene,140,2.45187863
1-bromo-2-chloroethene,135,1.96705724
1-bromo-2-chloroethene,130,1.56917933
1-bromo-2-chloroethene,125,1.24479688
1-bromo-2-chloroethene,120,0.98200645
1-bromo-2-chloroethene,115,0.77041956
1-bromo-2-chloroethene,110,0.60108100
1-bromo-2-chloroethene,105,0.46635460
1-bromo-2-chloroethene,100,0.35979261
1-bromo-2-chloroethene,95,0.27599863
1-bromo-2-chloroethene,90,0.21049313
1-bromo-2-chloroethene,85,0.15958604
1-bromo-2-chloroethene,80,0.12025970
1-bromo-2-chloroethene,75,0.09006344
1-bromo-2-chloroethene,70,0.06702056
1-bromo-2-chloroethene,65,0.04954727
1-bromo-2-chloroethene,60,0.03638291
1-bromo-2-chloroethene,55,0.02653065
1-bromo-2-chloroethene,50,0.01920750
1-bromo-2-chloroethene,45,0.01380250
1-bromo-2-chloroethene,40,0.00984221
1-bromo-2-chloroethene,35,0.00696227
1-bromo-2-chloroethene,30,0.00488427
1-bromo-2-chloroethene,25,0.00339700
"1,2-cyclohexanedione",160,3.44743667
"1,2-cyclohexanedione",155,2.73322062
"1,2-cyclohexanedione",150,2.15337840
"1,2-cyclohexanedione",145,1.68577818
"1,2-cyclohexanedione",140,1.31118634
"1,2-cyclohexanedione",135,1.01308626
"1,2-cyclohexanedione",130,0.77744013
"1,2-cyclohexanedione",125,0.59242619
"1,2-cyclohexanedione",120,0.44817280
"1,2-cyclohexanedione",115,0.33650179
"1,2-cyclohexanedione",110,0.25068990
"1,2-cyclohexanedione",105,0.18525132
"1,2-cyclohexanedione",100,0.13574349
"1,2-cyclohexanedione",95,0.09859592
"1,2-cyclohexanedione",90,0.07096119
"1,2-cyclohexanedione",85,0.05058657
"1,2-cyclohexanedione",80,0.03570448
"1,2-cyclohexanedione",75,0.02493986
"1,2-cyclohexanedione",70,0.01723256
"1,2-cyclohexanedione",65,0.01177280
"1,2-cyclohexanedione",60,0.00794807
"1,2-cyclohexanedione",55,0.00529984
"1,2-cyclohexanedione",50,0.00348848
"1,2-cyclohexanedione",45,0.00226528
"1,2-cyclohexanedione",40,0.00145026
"1,2-cyclohexanedione",35,0.00091479
"1,2-cyclohexanedione",30,0.00056812
"1,2-cyclohexanedione",25,0.00034713
cis-dibromoethene,160,1.79230156
cis-dibromoethene,155,1.41092044
cis-dibromoethene,150,1.10657209
cis-dibromoethene,145,0.86444704
cis-dibromoethene,140,0.67246201
cis-dibromoethene,135,0.52078065
cis-dibromoethene,130,0.40140776
cis-dibromoethene,125,0.30785603
cis-dibromoethene,120,0.23487071
cis-dibromoethene,115,0.17820456
cis-dibromoethene,110,0.13443357
cis-dibromoethene,105,0.10080594
cis-dibromoethene,100,0.07511803
cis-dibromoethene,95,0.05561232
cis-dibromoethene,90,0.04089345
cis-dibromoethene,85,0.02985914
cis-dibromoethene,80,0.02164328
cis-dibromoethene,75,0.01556927
cis-dibromoethene,70,0.01111182
cis-dibromoethene,65,0.00786577
cis-dibromoethene,60,0.00552073
cis-dibromoethene,55,0.00384066
cis-dibromoethene,50,0.00264736
cis-dibromoethene,45,0.00180741
cis-dibromoethene,40,0.00122169
cis-dibromoethene,35,0.00081724
cis-dibromoethene,30,0.00054078
cis-dibromoethene,25,0.00035381
"cis-1,2-dichloroethene",160,17.77315730
"cis-1,2-dichloroethene",155,15.79804872
"cis-1,2-dichloroethene",150,13.95116222
"cis-1,2-dichloroethene",145,12.23575693
"cis-1,2-dichloroethene",140,10.65341083
"cis-1,2-dichloroethene",135,9.20531988
"cis-1,2-dichloroethene",130,7.89110622
"cis-1,2-dichloroethene",125,6.70906307
"cis-1,2-dichloroethene",120,5.65599453
"cis-1,2-dichloroethene",115,4.72729962
"cis-1,2-dichloroethene",110,3.91678533
"cis-1,2-dichloroethene",105,3.21694873
"cis-1,2-dichloroethene",100,2.61921189
"cis-1,2-dichloroethene",95,2.11419937
"cis-1,2-dichloroethene",90,1.69207719
"cis-1,2-dichloroethene",85,1.34293247
"cis-1,2-dichloroethene",80,1.05708469
"cis-1,2-dichloroethene",75,0.82536411
"cis-1,2-dichloroethene",70,0.63930725
"cis-1,2-dichloroethene",65,0.49128763
"cis-1,2-dichloroethene",60,0.37457730
"cis-1,2-dichloroethene",55,0.28335081
"cis-1,2-dichloroethene",50,0.21264907
"cis-1,2-dichloroethene",45,0.15831331
"cis-1,2-dichloroethene",40,0.11690307
"cis-1,2-dichloroethene",35,0.08560715
"cis-1,2-dichloroethene",30,0.06215456
"cis-1,2-dichloroethene",25,0.04473025
"1,2-dichloropropane",160,7.21525829
"1,2-dichloropropane",155,5.87594138
"1,2-dichloropropane",150,4.73985025
"1,2-dichloropropane",145,3.78793802
"1,2-dichloropropane",140,2.99968723
"1,2-dichloropropane",135,2.35425918
"1,2-dichloropropane",130,1.83141912
"1,2-dichloropropane",125,1.41221858
"1,2-dichloropropane",120,1.07943299
"1,2-dichloropropane",115,0.81778815
"1,2-dichloropropane",110,0.61401976
"1,2-dichloropropane",105,0.45681446
"1,2-dichloropropane",100,0.33667339
"1,2-dichloropropane",95,0.24573232
"1,2-dichloropropane",90,0.17756296
"1,2-dichloropropane",85,0.12697305
"1,2-dichloropropane",80,0.08981600
"1,2-dichloropropane",75,0.06281667
"1,2-dichloropropane",70,0.04341644
"1,2-dichloropropane",65,0.02963832
"1,2-dichloropropane",60,0.01997185
"1,2-dichloropropane",55,0.01327628
"1,2-dichloropropane",50,0.00870039
"1,2-dichloropropane",45,0.00561691
"1,2-dichloropropane",40,0.00356967
"1,2-dichloropropane",35,0.00223142
"1,2-dichloropropane",30,0.00137086
"1,2-dichloropropane",25,0.00082693
"1,2-dichlorotetrafluoroethane",160,0.11502859
"1,2-dichlorotetrafluoroethane",155,0.08465443
"1,2-dichlorotetrafluoroethane",150,0.06183101
"1,2-dichlorotetrafluoroethane",145,0.04479737
"1,2-dichlorotetrafluoroethane",140,0.03217885
"1,2-dichlorotetrafluoroethane",135,0.02290576
"1,2-dichlorotetrafluoroethane",130,0.01614953
"1,2-dichlorotetrafluoroethane",125,0.01127194
"1,2-dichlorotetrafluoroethane",120,0.00778466
"1,2-dichlorotetrafluoroethane",115,0.00531686
"1,2-dichlorotetrafluoroethane",110,0.00358932
"1,2-dichlorotetrafluoroethane",105,0.00239368
"1,2-dichlorotetrafluoroethane",100,0.00157604
"1,2-dichlorotetrafluoroethane",95,0.00102388
"1,2-dichlorotetrafluoroethane",90,0.00065590
"1,2-dichlorotetrafluoroethane",85,0.00041404
"1,2-dichlorotetrafluoroethane",80,0.00025736
"1,2-dichlorotetrafluoroethane",75,0.00015742
"1,2-dichlorotetrafluoroethane",70,0.00009467
"1,2-dichlorotetrafluoroethane",65,0.00005593
"1,2-dichlorotetrafluoroethane",60,0.00003243
"1,2-dichlorotetrafluoroethane",55,0.00001844
"1,2-dichlorotetrafluoroethane",50,0.00001028
"1,2-dichlorotetrafluoroethane",45,0.00000560
"1,2-dichlorotetrafluoroethane",40,0.00000299
"1,2-dichlorotetrafluoroethane",35,0.00000155
"1,2-dichlorotetrafluoroethane",30,0.00000079
"1,2-dichlorotetrafluoroethane",25,0.00000039
"1,2-diethylbenzene",160,1.84889539
"1,2-diethylbenzene",155,1.43938272
"1,2-diethylbenzene",150,1.11363639
"1,2-diethylbenzene",145,0.85601284
"1,2-diethylbenzene",140,0.65349532
"1,2-diethylbenzene",135,0.49530989
"1,2-diethylbenzene",130,0.37258273
"1,2-diethylbenzene",125,0.27804225
"1,2-diethylbenzene",120,0.20576182
"1,2-diethylbenzene",115,0.15093868
"1,2-diethylbenzene",110,0.10970487
"1,2-diethylbenzene",105,0.07896604
"1,2-diethylbenzene",100,0.05626449
"1,2-diethylbenzene",95,0.03966332
"1,2-diethylbenzene",90,0.02764872
"1,2-diethylbenzene",85,0.01904813
"1,2-diethylbenzene",80,0.01296191
"1,2-diethylbenzene",75,0.00870684
"1,2-diethylbenzene",70,0.00576964
"1,2-diethylbenzene",65,0.00376912
"1,2-diethylbenzene",60,0.00242565
"1,2-diethylbenzene",55,0.00153669
"1,2-diethylbenzene",50,0.00095757
"1,2-diethylbenzene",45,0.00058643
"1,2-diethylbenzene",40,0.00035265
"1,2-diethylbenzene",35,0.00020804
"1,2-diethylbenzene",30,0.00012028
"1,2-diethylbenzene",25,0.00006808
"1,2-benzenediol",160,100.00000000
"1,2-benzenediol",155,100.00000000
"1,2-benzenediol",150,100.00000000
"1,2-benzenediol",145,100.00000000
"1,2-benzenediol",140,100.00000000
"1,2-benzenediol",135,100.00000000
"1,2-benzenediol",130,100.00000000
"1,2-benzenediol",125,100.00000000
"1,2-benzenediol",120,100.00000000
"1,2-benzenediol",115,100.00000000
"1,2-benzenediol",110,100.00000000
"1,2-benzenediol",105,100.00000000
"1,2-benzenediol",100,100.00000000
"1,2-benzenediol",95,100.00000000
"1,2-benzenediol",90,100.00000000
"1,2-benzenediol",85,100.00000000
"1,2-benzenediol",80,100.00000000
"1,2-benzenediol",75,100.00000000
"1,2-benzenediol",70,100.00000000
"1,2-benzenediol",65,100.00000000
"1,2-benzenediol",60,100.00000000
"1,2-benzenediol",55,100.00000000
"1,2-benzenediol",50,100.00000000
"1,2-benzenediol",45,100.00000000
"1,2-benzenediol",40,100.00000000
"1,2-benzenediol",35,100.00000000
"1,2-benzenediol",30,100.00000000
"1,2-benzenediol",25,100.00000000
"1,2-dimethoxybenzene",160,3.76591100
"1,2-dimethoxybenzene",155,3.00424243
"1,2-dimethoxybenzene",150,2.37926898
"1,2-dimethoxybenzene",145,1.87065406
"1,2-dimethoxybenzene",140,1.46003190
"1,2-dimethoxybenzene",135,1.13111899
"1,2-dimethoxybenzene",130,0.86970330
"1,2-dimethoxybenzene",125,0.66354962
"1,2-dimethoxybenzene",120,0.50225197
"1,2-dimethoxybenzene",115,0.37705729
"1,2-dimethoxybenzene",110,0.28067768
"1,2-dimethoxybenzene",105,0.20710343
"1,2-dimethoxybenzene",100,0.15142479
"1,2-dimethoxybenzene",95,0.10966702
"1,2-dimethoxybenzene",90,0.07864147
"1,2-dimethoxybenzene",85,0.05581349
"1,2-dimethoxybenzene",80,0.03918702
"1,2-dimethoxybenzene",75,0.02720524
"1,2-dimethoxybenzene",70,0.01866593
"1,2-dimethoxybenzene",65,0.01265029
"1,2-dimethoxybenzene",60,0.00846368
"1,2-dimethoxybenzene",55,0.00558684
"1,2-dimethoxybenzene",50,0.00363620
"1,2-dimethoxybenzene",45,0.00233192
"1,2-dimethoxybenzene",40,0.00147252
"1,2-dimethoxybenzene",35,0.00091489
"1,2-dimethoxybenzene",30,0.00055884
"1,2-dimethoxybenzene",25,0.00033533
o-dinitrobenzene,160,7.59870072
o-dinitrobenzene,155,6.41975176
o-dinitrobenzene,150,5.38008097
o-dinitrobenzene,145,4.47168869
o-dinitrobenzene,140,3.68554670
o-dinitrobenzene,135,3.01185847
o-dinitrobenzene,130,2.44026490
o-dinitrobenzene,125,1.96015207
o-dinitrobenzene,120,1.56091626
o-dinitrobenzene,115,1.23224507
o-dinitrobenzene,110,0.96433905
o-dinitrobenzene,105,0.74809766
o-dinitrobenzene,100,0.57524595
o-dinitrobenzene,95,0.43840179
o-dinitrobenzene,90,0.33109772
o-dinitrobenzene,85,0.24775933
o-dinitrobenzene,80,0.18365432
o-dinitrobenzene,75,0.13482153
o-dinitrobenzene,70,0.09798880
o-dinitrobenzene,65,0.07048676
o-dinitrobenzene,60,0.05016385
o-dinitrobenzene,55,0.03530600
o-dinitrobenzene,50,0.02456329
o-dinitrobenzene,45,0.01688481
o-dinitrobenzene,40,0.01146182
o-dinitrobenzene,35,0.00767927
o-dinitrobenzene,30,0.00507507
o-dinitrobenzene,25,0.00330637
"1,2-ethanedithiol",160,12.18552357
"1,2-ethanedithiol",155,10.26793015
"1,2-ethanedithiol",150,8.56264375
"1,2-ethanedithiol",145,7.06645930
"1,2-ethanedithiol",140,5.77142780
"1,2-ethanedithiol",135,4.66557312
"1,2-ethanedithiol",130,3.73371281
"1,2-ethanedithiol",125,2.95854328
"1,2-ethanedithiol",120,2.32168272
"1,2-ethanedithiol",115,1.80465365
"1,2-ethanedithiol",110,1.38967544
"1,2-ethanedithiol",105,1.06023482
"1,2-ethanedithiol",100,0.80144981
"1,2-ethanedithiol",95,0.60024247
"1,2-ethanedithiol",90,0.44536678
"1,2-ethanedithiol",85,0.32733252
"1,2-ethanedithiol",80,0.23826293
"1,2-ethanedithiol",75,0.17171710
"1,2-ethanedithiol",70,0.12249933
"1,2-ethanedithiol",65,0.08647123
"1,2-ethanedithiol",60,0.06037603
"1,2-ethanedithiol",55,0.04168056
"1,2-ethanedithiol",50,0.02843706
"1,2-ethanedithiol",45,0.01916503
"1,2-ethanedithiol",40,0.01275221
"1,2-ethanedithiol",35,0.00837292
"1,2-ethanedithiol",30,0.00542168
"1,2-ethanedithiol",25,0.00346013
"1,3-benzodioxole",160,6.48608017
"1,3-benzodioxole",155,5.26865443
"1,3-benzodioxole",150,4.24019401
"1,3-benzodioxole",145,3.38148200
"1,3-benzodioxole",140,2.67253081
"1,3-benzodioxole",135,2.09352458
"1,3-benzodioxole",130,1.62554641
"1,3-benzodioxole",125,1.25109548
"1,3-benzodioxole",120,0.95440057
"1,3-benzodioxole",115,0.72156396
"1,3-benzodioxole",110,0.54057132
"1,3-benzodioxole",105,0.40120990
"1,3-benzodioxole",100,0.29492713
"1,3-benzodioxole",95,0.21465691
"1,3-benzodioxole",90,0.15463387
"1,3-benzodioxole",85,0.11020910
"1,3-benzodioxole",80,0.07767632
"1,3-benzodioxole",75,0.05411353
"1,3-benzodioxole",70,0.03724256
"1,3-benzodioxole",65,0.02530715
"1,3-benzodioxole",60,0.01696889
"1,3-benzodioxole",55,0.01121990
"1,3-benzodioxole",50,0.00731058
"1,3-benzodioxole",45,0.00469055
"1,3-benzodioxole",40,0.00296121
"1,3-benzodioxole",35,0.00183794
"1,3-benzodioxole",30,0.00112055
"1,3-benzodioxole",25,0.00067045
propadiene,160,29.93272934
propadiene,155,26.29997111
propadiene,150,22.78396250
propadiene,145,19.43876121
propadiene,140,16.31800961
propadiene,135,13.46878364
propadiene,130,10.92726811
propadiene,125,8.71424601
propadiene,120,6.83336861
propadiene,115,5.27209437
propadiene,110,4.00487353
propadiene,105,2.99761033
propadiene,100,2.21225369
propadiene,95,1.61066117
propadiene,90,1.15730462
propadiene,85,0.82083237
propadiene,80,0.57469911
propadiene,75,0.39715031
propadiene,70,0.27082425
propadiene,65,0.18217005
propadiene,60,0.12081402
propadiene,55,0.07895216
propadiene,50,0.05080873
propadiene,45,0.03217590
propadiene,40,0.02003562
propadiene,35,0.01225713
propadiene,30,0.00736029
propadiene,25,0.00433413
"1,3,5-trioxane",160,3.05655510
"1,3,5-trioxane",155,2.34064690
"1,3,5-trioxane",150,1.78128517
"1,3,5-trioxane",145,1.34690878
"1,3,5-trioxane",140,1.01166573
"1,3,5-trioxane",135,0.75456551
"1,3,5-trioxane",130,0.55869119
"1,3,5-trioxane",125,0.41049275
"1,3,5-trioxane",120,0.29918089
"1,3,5-trioxane",115,0.21621513
"1,3,5-trioxane",110,0.15487637
"1,3,5-trioxane",105,0.10991277
"1,3,5-trioxane",100,0.07724775
"1,3,5-trioxane",95,0.05374058
"1,3,5-trioxane",90,0.03699090
"1,3,5-trioxane",85,0.02517983
"1,3,5-trioxane",80,0.01694170
"1,3,5-trioxane",75,0.01126106
"1,3,5-trioxane",70,0.00739063
"1,3,5-trioxane",65,0.00478646
"1,3,5-trioxane",60,0.00305716
"1,3,5-trioxane",55,0.00192450
"1,3,5-trioxane",50,0.00119324
"1,3,5-trioxane",45,0.00072819
"1,3,5-trioxane",40,0.00043708
"1,3,5-trioxane",35,0.00025783
"1,3,5-trioxane",30,0.00014935
"1,3,5-trioxane",25,0.00008489
resorcinol,160,35.12576219
resorcinol,155,34.21930576
resorcinol,150,33.42272628
resorcinol,145,32.73703387
resorcinol,140,100.00000000
resorcinol,135,100.00000000
resorcinol,130,100.00000000
resorcinol,125,100.00000000
resorcinol,120,100.00000000
resorcinol,115,100.00000000
resorcinol,110,100.00000000
resorcinol,105,100.00000000
resorcinol,100,100.00000000
resorcinol,95,100.00000000
resorcinol,90,100.00000000
resorcinol,85,100.00000000
resorcinol,80,100.00000000
resorcinol,75,100.00000000
resorcinol,70,100.00000000
resorcinol,65,100.00000000
resorcinol,60,100.00000000
resorcinol,55,100.00000000
resorcinol,50,100.00000000
resorcinol,45,100.00000000
resorcinol,40,100.00000000
resorcinol,35,100.00000000
resorcinol,30,100.00000000
resorcinol,25,100.00000000
"1,3-bis-(triflouromethyl)-benzene",160,0.69158009
"1,3-bis-(triflouromethyl)-benzene",155,0.53924901
"1,3-bis-(triflouromethyl)-benzene",150,0.41829996
"1,3-bis-(triflouromethyl)-benzene",145,0.32268982
"1,3-bis-(triflouromethyl)-benzene",140,0.24747538
"1,3-bis-(triflouromethyl)-benzene",135,0.18861672
"1,3-bis-(triflouromethyl)-benzene",130,0.14281793
"1,3-bis-(triflouromethyl)-benzene",125,0.10739703
"1,3-bis-(triflouromethyl)-benzene",120,0.08017891
"1,3-bis-(triflouromethyl)-benzene",115,0.05940675
"1,3-bis-(triflouromethyl)-benzene",110,0.04366821
"1,3-bis-(triflouromethyl)-benzene",105,0.03183402
"1,3-bis-(triflouromethyl)-benzene",100,0.02300658
"1,3-bis-(triflouromethyl)-benzene",95,0.01647706
"1,3-bis-(triflouromethyl)-benzene",90,0.01168963
"1,3-bis-(triflouromethyl)-benzene",85,0.00821175
"1,3-bis-(triflouromethyl)-benzene",80,0.00570947
"1,3-bis-(triflouromethyl)-benzene",75,0.00392723
"1,3-bis-(triflouromethyl)-benzene",70,0.00267117
"1,3-bis-(triflouromethyl)-benzene",65,0.00179568
"1,3-bis-(triflouromethyl)-benzene",60,0.00119245
"1,3-bis-(triflouromethyl)-benzene",55,0.00078182
"1,3-bis-(triflouromethyl)-benzene",50,0.00050579
"1,3-bis-(triflouromethyl)-benzene",45,0.00032269
"1,3-bis-(triflouromethyl)-benzene",40,0.00020289
"1,3-bis-(triflouromethyl)-benzene",35,0.00012564
"1,3-bis-(triflouromethyl)-benzene",30,0.00007657
"1,3-bis-(triflouromethyl)-benzene",25,0.00004590
butadiene,160,15.51163147
butadiene,155,12.76305571
butadiene,150,10.35469746
butadiene,145,8.28742905
butadiene,140,6.54731415
butadiene,135,5.10904984
butadiene,130,3.94007244
butadiene,125,3.00447280
butadiene,120,2.26616952
butadiene,115,1.69113774
butadiene,110,1.24874397
butadiene,105,0.91236306
butadiene,100,0.65948624
butadiene,95,0.47150777
butadiene,90,0.33333523
butadiene,85,0.23292398
butadiene,80,0.16080164
butadiene,75,0.10961927
butadiene,70,0.07374911
butadiene,65,0.04893635
butadiene,60,0.03200528
butadiene,55,0.02061657
butadiene,50,0.01307030
butadiene,45,0.00814847
butadiene,40,0.00499131
butadiene,35,0.00300126
butadiene,30,0.00176979
butadiene,25,0.00102239
1-chloroprene,160,10.29991839
1-chloroprene,155,8.50803352
1-chloroprene,150,6.95478501
1-chloroprene,145,5.62712827
1-chloroprene,140,4.50758721
1-chloroprene,135,3.57574140
1-chloroprene,130,2.80966602
1-chloroprene,125,2.18723597
1-chloroprene,120,1.68714092
1-chloroprene,115,1.28960638
1-chloroprene,110,0.97683103
1-chloroprene,105,0.73318871
1-chloroprene,100,0.54525003
1-chloroprene,95,0.40168214
1-chloroprene,90,0.29307254
1-chloroprene,85,0.21171420
1-chloroprene,80,0.15137804
1-chloroprene,75,0.10709043
1-chloroprene,70,0.07492597
1-chloroprene,65,0.05182157
1-chloroprene,60,0.03541373
1-chloroprene,55,0.02389941
1-chloroprene,50,0.01591890
1-chloroprene,45,0.01045900
1-chloroprene,40,0.00677398
1-chloroprene,35,0.00432201
1-chloroprene,30,0.00271461
1-chloroprene,25,0.00167721
"1,3-butanediol",160,5.34170748
"1,3-butanediol",155,4.28890809
"1,3-butanediol",150,3.42177518
"1,3-butanediol",145,2.71316511
"1,3-butanediol",140,2.13835089
"1,3-butanediol",135,1.67531221
"1,3-butanediol",130,1.30479526
"1,3-butanediol",125,1.01022121
"1,3-butanediol",120,0.77749786
"1,3-butanediol",115,0.59478022
"1,3-butanediol",110,0.45221020
"1,3-butanediol",105,0.34165627
"1,3-butanediol",100,0.25646589
"1,3-butanediol",95,0.19123812
"1,3-butanediol",90,0.14162016
"1,3-butanediol",85,0.10412860
"1,3-butanediol",80,0.07599500
"1,3-butanediol",75,0.05503419
"1,3-butanediol",70,0.03953317
"1,3-butanediol",65,0.02815833
"1,3-butanediol",60,0.01987870
"1,3-butanediol",55,0.01390304
"1,3-butanediol",50,0.00962853
"1,3-butanediol",45,0.00659950
"1,3-butanediol",40,0.00447421
"1,3-butanediol",35,0.00299856
"1,3-butanediol",30,0.00198526
"1,3-butanediol",25,0.00129756
"1,3-dichloropropane",160,6.63669858
"1,3-dichloropropane",155,5.34341384
"1,3-dichloropropane",150,4.25896915
"1,3-dichloropropane",145,3.36135397
"1,3-dichloropropane",140,2.62748040
"1,3-dichloropropane",135,2.03445829
"1,3-dichloropropane",130,1.56056611
"1,3-dichloropropane",125,1.18590029
"1,3-dichloropropane",120,0.89273590
"1,3-dichloropropane",115,0.66565806
"1,3-dichloropropane",110,0.49152685
"1,3-dichloropropane",105,0.35933337
"1,3-dichloropropane",100,0.25999352
"1,3-dichloropropane",95,0.18611381
"1,3-dichloropropane",90,0.13175280
"1,3-dichloropropane",85,0.09219335
"1,3-dichloropropane",80,0.06373399
"1,3-dichloropropane",75,0.04350395
"1,3-dichloropropane",70,0.02930272
"1,3-dichloropropane",65,0.01946371
"1,3-dichloropropane",60,0.01274030
"1,3-dichloropropane",55,0.00821199
"1,3-dichloropropane",50,0.00520823
"1,3-dichloropropane",45,0.00324745
"1,3-dichloropropane",40,0.00198893
"1,3-dichloropropane",35,0.00119540
"1,3-dichloropropane",30,0.00070435
"1,3-dichloropropane",25,0.00040643
"1,3-dichloro-2-butene",160,6.47044221
"1,3-dichloro-2-butene",155,5.27503802
"1,3-dichloro-2-butene",150,4.26237131
"1,3-dichloro-2-butene",145,3.41406994
"1,3-dichloro-2-butene",140,2.71108875
"1,3-dichloro-2-butene",135,2.13456098
"1,3-dichloro-2-butene",130,1.66645432
"1,3-dichloro-2-butene",125,1.29004472
"1,3-dichloro-2-butene",120,0.99020998
"1,3-dichloro-2-butene",115,0.75356908
"1,3-dichloro-2-butene",110,0.56850181
"1,3-dichloro-2-butene",105,0.42508091
"1,3-dichloro-2-butene",100,0.31494846
"1,3-dichloro-2-butene",95,0.23116017
"1,3-dichloro-2-butene",90,0.16801612
"1,3-dichloro-2-butene",85,0.12089115
"1,3-dichloro-2-butene",80,0.08607321
"1,3-dichloro-2-butene",75,0.06061492
"1,3-dichloro-2-butene",70,0.04220088
"1,3-dichloro-2-butene",65,0.02903159
"1,3-dichloro-2-butene",60,0.01972372
"1,3-dichloro-2-butene",55,0.01322578
"1,3-dichloro-2-butene",50,0.00874780
"1,3-dichloro-2-butene",45,0.00570341
"1,3-dichloro-2-butene",40,0.00366290
"1,3-dichloro-2-butene",35,0.00231553
"1,3-dichloro-2-butene",30,0.00143970
"1,3-dichloro-2-butene",25,0.00087968
"1,3-dichloro-2-propanol",160,10.04177808
"1,3-dichloro-2-propanol",155,8.67485460
"1,3-dichloro-2-propanol",150,7.45980080
"1,3-dichloro-2-propanol",145,6.38726840
"1,3-dichloro-2-propanol",140,5.44703687
"1,3-dichloro-2-propanol",135,4.62820331
"1,3-dichloro-2-propanol",130,3.91955272
"1,3-dichloro-2-propanol",125,3.30988873
"1,3-dichloro-2-propanol",120,2.78825669
"1,3-dichloro-2-propanol",115,2.34420018
"1,3-dichloro-2-propanol",110,1.96791896
"1,3-dichloro-2-propanol",105,1.65037092
"1,3-dichloro-2-propanol",100,1.38336032
"1,3-dichloro-2-propanol",95,1.15954395
"1,3-dichloro-2-propanol",90,0.97242679
"1,3-dichloro-2-propanol",85,0.81632628
"1,3-dichloro-2-propanol",80,0.68631868
"1,3-dichloro-2-propanol",75,0.57817450
"1,3-dichloro-2-propanol",70,0.48828845
"1,3-dichloro-2-propanol",65,0.41360796
"1,3-dichloro-2-propanol",60,0.35156502
"1,3-dichloro-2-propanol",55,0.30000934
"1,3-dichloro-2-propanol",50,0.25714992
"1,3-dichloro-2-propanol",45,0.22150112
"1,3-dichloro-2-propanol",40,0.19183524
"1,3-dichloro-2-propanol",35,0.16714139
"1,3-dichloro-2-propanol",30,0.14659000
"1,3-dichloro-2-propanol",25,0.12950276
dioxolane,160,12.33726097
dioxolane,155,10.21203030
dioxolane,150,8.35540582
dioxolane,145,6.75882102
dioxolane,140,5.40680747
dioxolane,135,4.27874865
dioxolane,130,3.35074548
dioxolane,125,2.59746742
dioxolane,120,1.99368927
dioxolane,115,1.51548669
dioxolane,110,1.14101536
dioxolane,105,0.85094200
dioxolane,100,0.62859222
dioxolane,95,0.45989463
dioxolane,90,0.33319488
dioxolane,85,0.23899676
dioxolane,80,0.16967492
dioxolane,75,0.11918752
dioxolane,70,0.08280683
dioxolane,65,0.05687733
dioxolane,60,0.03860532
dioxolane,55,0.02588033
dioxolane,50,0.01712657
dioxolane,45,0.01118136
dioxolane,40,0.00719735
dioxolane,35,0.00456473
dioxolane,30,0.00285048
dioxolane,25,0.00175128
1-trans-3-pentadiene,160,8.04761356
1-trans-3-pentadiene,155,6.39465087
1-trans-3-pentadiene,150,5.03224528
1-trans-3-pentadiene,145,3.92361020
1-trans-3-pentadiene,140,3.03192158
1-trans-3-pentadiene,135,2.32237379
1-trans-3-pentadiene,130,1.76340779
1-trans-3-pentadiene,125,1.32727224
1-trans-3-pentadiene,120,0.99013746
1-trans-3-pentadiene,115,0.73192663
1-trans-3-pentadiene,110,0.53598895
1-trans-3-pentadiene,105,0.38870049
1-trans-3-pentadiene,100,0.27904745
1-trans-3-pentadiene,95,0.19822480
1-trans-3-pentadiene,90,0.13926755
1-trans-3-pentadiene,85,0.09672355
1-trans-3-pentadiene,80,0.06636926
1-trans-3-pentadiene,75,0.04496769
1-trans-3-pentadiene,70,0.03006516
1-trans-3-pentadiene,65,0.01982303
1-trans-3-pentadiene,60,0.01288007
1-trans-3-pentadiene,55,0.00824115
1-trans-3-pentadiene,50,0.00518850
1-trans-3-pentadiene,45,0.00321160
1-trans-3-pentadiene,40,0.00195276
1-trans-3-pentadiene,35,0.00116526
1-trans-3-pentadiene,30,0.00068174
1-trans-3-pentadiene,25,0.00039064
propanesultone,160,0.12879655
propanesultone,155,0.09454227
propanesultone,150,0.06890600
propanesultone,145,0.04984503
propanesultone,140,0.03577261
propanesultone,135,0.02546108
propanesultone,130,0.01796535
propanesultone,125,0.01256208
propanesultone,120,0.00870138
propanesultone,115,0.00596824
propanesultone,110,0.00405194
propanesultone,105,0.00272182
propanesultone,100,0.00180823
propanesultone,95,0.00118757
propanesultone,90,0.00077068
propanesultone,85,0.00049397
propanesultone,80,0.00031255
propanesultone,75,0.00019513
propanesultone,70,0.00012014
propanesultone,65,0.00007290
propanesultone,60,0.00004358
propanesultone,55,0.00002564
propanesultone,50,0.00001485
propanesultone,45,0.00000845
propanesultone,40,0.00000473
propanesultone,35,0.00000260
propanesultone,30,0.00000140
propanesultone,25,0.00000074
"1,3-propanediol",160,4.46190845
"1,3-propanediol",155,3.53817816
"1,3-propanediol",150,2.79038808
"1,3-propanediol",145,2.18885777
"1,3-propanediol",140,1.70788256
"1,3-propanediol",135,1.32552117
"1,3-propanediol",130,1.02326570
"1,3-propanediol",125,0.78565995
"1,3-propanediol",120,0.59990812
"1,3-propanediol",115,0.45549931
"1,3-propanediol",110,0.34386047
"1,3-propanediol",105,0.25804620
"1,3-propanediol",100,0.19246546
"1,3-propanediol",95,0.14264543
"1,3-propanediol",90,0.10502967
"1,3-propanediol",85,0.07680753
"1,3-propanediol",80,0.05577124
"1,3-propanediol",75,0.04019727
"1,3-propanediol",70,0.02874847
"1,3-propanediol",65,0.02039402
"1,3-propanediol",60,0.01434449
"1,3-propanediol",55,0.00999930
"1,3-propanediol",50,0.00690477
"1,3-propanediol",45,0.00472061
"1,3-propanediol",40,0.00319356
"1,3-propanediol",35,0.00213658
"1,3-propanediol",30,0.00141271
"1,3-propanediol",25,0.00092251
"1,4-butadiol",160,3.95798814
"1,4-butadiol",155,3.14204866
"1,4-butadiol",150,2.47998857
"1,4-butadiol",145,1.94628376
"1,4-butadiol",140,1.51874205
"1,4-butadiol",135,1.17833285
"1,4-butadiol",130,0.90892504
"1,4-butadiol",125,0.69698142
"1,4-butadiol",120,0.53124238
"1,4-butadiol",115,0.40241756
"1,4-butadiol",110,0.30289904
"1,4-butadiol",105,0.22650075
"1,4-butadiol",100,0.16822719
"1,4-butadiol",95,0.12407130
"1,4-butadiol",90,0.09084027
"1,4-butadiol",85,0.06600697
"1,4-butadiol",80,0.04758460
"1,4-butadiol",75,0.03402179
"1,4-butadiol",70,0.02411561
"1,4-butadiol",65,0.01693996
"1,4-butadiol",60,0.01178714
"1,4-butadiol",55,0.00812047
"1,4-butadiol",50,0.00553616
"1,4-butadiol",45,0.00373296
"1,4-butadiol",40,0.00248808
"1,4-butadiol",35,0.00163820
"1,4-butadiol",30,0.00106481
"1,4-butadiol",25,0.00068277
"1,4-dichlorobutane",160,4.69809582
"1,4-dichlorobutane",155,3.73986424
"1,4-dichlorobutane",150,2.95147516
"1,4-dichlorobutane",145,2.30950258
"1,4-dichlorobutane",140,1.79189796
"1,4-dichlorobutane",135,1.37852541
"1,4-dichlorobutane",130,1.05144391
"1,4-dichlorobutane",125,0.79499342
"1,4-dichlorobutane",120,0.59574173
"1,4-dichlorobutane",115,0.44234079
"1,4-dichlorobutane",110,0.32533141
"1,4-dichlorobutane",105,0.23692468
"1,4-dichlorobutane",100,0.17077964
"1,4-dichlorobutane",95,0.12178999
"1,4-dichlorobutane",90,0.08588706
"1,4-dichlorobutane",85,0.05986302
"1,4-dichlorobutane",80,0.04121563
"1,4-dichlorobutane",75,0.02801421
"1,4-dichlorobutane",70,0.01878591
"1,4-dichlorobutane",65,0.01242024
"1,4-dichlorobutane",60,0.00809023
"1,4-dichlorobutane",55,0.00518792
"1,4-dichlorobutane",50,0.00327249
"1,4-dichlorobutane",45,0.00202882
"1,4-dichlorobutane",40,0.00123509
"1,4-dichlorobutane",35,0.00073759
"1,4-dichlorobutane",30,0.00043168
"1,4-dichlorobutane",25,0.00024732
hydroquinone,160,28.92288129
hydroquinone,155,27.84949981
hydroquinone,150,26.90075529
hydroquinone,145,26.07487493
hydroquinone,140,25.36993004
hydroquinone,135,24.78132829
hydroquinone,130,24.30766485
hydroquinone,125,23.94628362
hydroquinone,120,23.69278693
hydroquinone,115,23.54394975
hydroquinone,110,23.49444803
hydroquinone,105,23.54116700
hydroquinone,100,23.67881764
hydroquinone,95,23.90131520
hydroquinone,90,100.00000000
hydroquinone,85,100.00000000
hydroquinone,80,100.00000000
hydroquinone,75,100.00000000
hydroquinone,70,100.00000000
hydroquinone,65,100.00000000
hydroquinone,60,100.00000000
hydroquinone,55,100.00000000
hydroquinone,50,100.00000000
hydroquinone,45,100.00000000
hydroquinone,40,100.00000000
hydroquinone,35,100.00000000
hydroquinone,30,100.00000000
hydroquinone,25,100.00000000
dioxane,160,11.13965612
dioxane,155,9.28859383
dioxane,150,7.66654252
dioxane,145,6.26407651
dioxane,140,5.06741932
dioxane,135,4.05947212
dioxane,130,3.22102666
dioxane,125,2.53190514
dioxane,120,1.97199001
dioxane,115,1.52203774
dioxane,110,1.16425168
dioxane,105,0.88263749
dioxane,100,0.66316213
dioxane,95,0.49376595
dioxane,90,0.36427044
dioxane,85,0.26622052
dioxane,80,0.19269255
dioxane,75,0.13809055
dioxane,70,0.09794639
dioxane,65,0.06873363
dioxane,60,0.04770009
dioxane,55,0.03272151
dioxane,50,0.02217633
dioxane,45,0.01484049
dioxane,40,0.00980060
dioxane,35,0.00638304
dioxane,30,0.00409713
dioxane,25,0.00258998
dioxane,160,11.13965612
dioxane,155,9.28859383
dioxane,150,7.66654252
dioxane,145,6.26407651
dioxane,140,5.06741932
dioxane,135,4.05947212
dioxane,130,3.22102666
dioxane,125,2.53190514
dioxane,120,1.97199001
dioxane,115,1.52203774
dioxane,110,1.16425168
dioxane,105,0.88263749
dioxane,100,0.66316213
dioxane,95,0.49376595
dioxane,90,0.36427044
dioxane,85,0.26622052
dioxane,80,0.19269255
dioxane,75,0.13809055
dioxane,70,0.09794639
dioxane,65,0.06873363
dioxane,60,0.04770009
dioxane,55,0.03272151
dioxane,50,0.02217633
dioxane,45,0.01484049
dioxane,40,0.00980060
dioxane,35,0.00638304
dioxane,30,0.00409713
dioxane,25,0.00258998
"1,4-oxathiane",160,7.50221180
"1,4-oxathiane",155,6.10436966
"1,4-oxathiane",150,4.92007825
"1,4-oxathiane",145,3.92898584
"1,4-oxathiane",140,3.10925578
"1,4-oxathiane",135,2.43880354
"1,4-oxathiane",130,1.89626331
"1,4-oxathiane",125,1.46169126
"1,4-oxathiane",120,1.11700839
"1,4-oxathiane",115,0.84622125
"1,4-oxathiane",110,0.63547169
"1,4-oxathiane",105,0.47296334
"1,4-oxathiane",100,0.34881058
"1,4-oxathiane",95,0.25484368
"1,4-oxathiane",90,0.18439626
"1,4-oxathiane",85,0.13209260
"1,4-oxathiane",80,0.09364624
"1,4-oxathiane",75,0.06567640
"1,4-oxathiane",70,0.04554513
"1,4-oxathiane",65,0.03121618
"1,4-oxathiane",60,0.02113490
"1,4-oxathiane",55,0.01412752
"1,4-oxathiane",50,0.00931804
"1,4-oxathiane",45,0.00606051
"1,4-oxathiane",40,0.00388451
"1,4-oxathiane",35,0.00245192
"1,4-oxathiane",30,0.00152301
"1,4-oxathiane",25,0.00093023
"1,5-dichloro-pentane",160,3.56664503
"1,5-dichloro-pentane",155,2.82505060
"1,5-dichloro-pentane",150,2.22044813
"1,5-dichloro-pentane",145,1.73177750
"1,5-dichloro-pentane",140,1.34012329
"1,5-dichloro-pentane",135,1.02881936
"1,5-dichloro-pentane",130,0.78341810
"1,5-dichloro-pentane",125,0.59156981
"1,5-dichloro-pentane",120,0.44284833
"1,5-dichloro-pentane",115,0.32855014
"1,5-dichloro-pentane",110,0.24148495
"1,5-dichloro-pentane",105,0.17577157
"1,5-dichloro-pentane",100,0.12664568
"1,5-dichloro-pentane",95,0.09028459
"1,5-dichloro-pentane",90,0.06365050
"1,5-dichloro-pentane",85,0.04435310
"1,5-dichloro-pentane",80,0.03053050
"1,5-dichloro-pentane",75,0.02074772
"1,5-dichloro-pentane",70,0.01391093
"1,5-dichloro-pentane",65,0.00919598
"1,5-dichloro-pentane",60,0.00598941
"1,5-dichloro-pentane",55,0.00384048
"1,5-dichloro-pentane",50,0.00242244
"1,5-dichloro-pentane",45,0.00150182
"1,5-dichloro-pentane",40,0.00091429
"1,5-dichloro-pentane",35,0.00054606
"1,5-dichloro-pentane",30,0.00031963
"1,5-dichloro-pentane",25,0.00018316
"1,8-cineole",160,1.80126675
"1,8-cineole",155,1.42666485
"1,8-cineole",150,1.12435504
"1,8-cineole",145,0.88151889
"1,8-cineole",140,0.68740380
"1,8-cineole",135,0.53302445
"1,8-cineole",130,0.41090151
"1,8-cineole",125,0.31483442
"1,8-cineole",120,0.23970496
"1,8-cineole",115,0.18130793
"1,8-cineole",110,0.13620524
"1,8-cineole",105,0.10160100
"1,8-cineole",100,0.07523441
"1,8-cineole",95,0.05528833
"1,8-cineole",90,0.04031155
"1,8-cineole",85,0.02915285
"1,8-cineole",80,0.02090548
"1,8-cineole",75,0.01486049
"1,8-cineole",70,0.01046794
"1,8-cineole",65,0.00730463
"1,8-cineole",60,0.00504766
"1,8-cineole",55,0.00345282
"1,8-cineole",50,0.00233711
"1,8-cineole",45,0.00156466
"1,8-cineole",40,0.00103563
"1,8-cineole",35,0.00067736
"1,8-cineole",30,0.00043756
"1,8-cineole",25,0.00027902
1-9-nonanediol,160,3.35090221
1-9-nonanediol,155,2.72027395
1-9-nonanediol,150,2.19676965
1-9-nonanediol,145,1.76476985
1-9-nonanediol,140,1.41034416
1-9-nonanediol,135,1.12121515
1-9-nonanediol,130,0.88667601
1-9-nonanediol,125,0.69747841
1-9-nonanediol,120,0.54570346
1-9-nonanediol,115,0.42462537
1-9-nonanediol,110,0.32857503
1-9-nonanediol,105,0.25280847
1-9-nonanediol,100,0.19338329
1-9-nonanediol,95,0.14704525
1-9-nonanediol,90,0.11112570
1-9-nonanediol,85,0.08345033
1-9-nonanediol,80,0.06225893
1-9-nonanediol,75,0.04613561
1-9-nonanediol,70,0.03394870
1-9-nonanediol,65,0.02479952
1-9-nonanediol,60,0.01797905
1-9-nonanediol,55,0.01293159
1-9-nonanediol,50,0.00922455
1-9-nonanediol,45,0.00652348
1-9-nonanediol,40,0.00457165
1-9-nonanediol,35,0.00317345
1-9-nonanediol,30,0.00218093
1-9-nonanediol,25,0.00148312
1-aminocyclopropanecarboxylicacid,160,0.91980145
1-aminocyclopropanecarboxylicacid,155,0.71022355
1-aminocyclopropanecarboxylicacid,150,0.54580799
1-aminocyclopropanecarboxylicacid,145,0.41733197
1-aminocyclopropanecarboxylicacid,140,0.31738137
1-aminocyclopropanecarboxylicacid,135,0.23999722
1-aminocyclopropanecarboxylicacid,130,0.18039620
1-aminocyclopropanecarboxylicacid,125,0.13474709
1-aminocyclopropanecarboxylicacid,120,0.09999044
1-aminocyclopropanecarboxylicacid,115,0.07369225
1-aminocyclopropanecarboxylicacid,110,0.05392450
1-aminocyclopropanecarboxylicacid,105,0.03916762
1-aminocyclopropanecarboxylicacid,100,0.02823051
1-aminocyclopropanecarboxylicacid,95,0.02018514
1-aminocyclopropanecarboxylicacid,90,0.01431312
1-aminocyclopropanecarboxylicacid,85,0.01006212
1-aminocyclopropanecarboxylicacid,80,0.00701063
1-aminocyclopropanecarboxylicacid,75,0.00483938
1-aminocyclopropanecarboxylicacid,70,0.00330853
1-aminocyclopropanecarboxylicacid,65,0.00223942
1-aminocyclopropanecarboxylicacid,60,0.00150012
1-aminocyclopropanecarboxylicacid,55,0.00099410
1-aminocyclopropanecarboxylicacid,50,0.00065143
1-aminocyclopropanecarboxylicacid,45,0.00042194
1-aminocyclopropanecarboxylicacid,40,0.00027000
1-aminocyclopropanecarboxylicacid,35,0.00017062
1-aminocyclopropanecarboxylicacid,30,0.00010641
1-aminocyclopropanecarboxylicacid,25,0.00006547
1-bromonaphthalene,160,1.07797724
1-bromonaphthalene,155,0.83755086
1-bromonaphthalene,150,0.64694978
1-bromonaphthalene,145,0.49663086
1-bromonaphthalene,140,0.37874158
1-bromonaphthalene,135,0.28683826
1-bromonaphthalene,130,0.21565059
1-bromonaphthalene,125,0.16088446
1-bromonaphthalene,120,0.11905649
1-bromonaphthalene,115,0.08735501
1-bromonaphthalene,110,0.06352324
1-bromonaphthalene,105,0.04576095
1-bromonaphthalene,100,0.03264188
1-bromonaphthalene,95,0.02304436
1-bromonaphthalene,90,0.01609336
1-bromonaphthalene,85,0.01111205
1-bromonaphthalene,80,0.00758175
1-bromonaphthalene,75,0.00510885
1-bromonaphthalene,70,0.00339777
1-bromonaphthalene,65,0.00222897
1-bromonaphthalene,60,0.00144134
1-bromonaphthalene,55,0.00091807
1-bromonaphthalene,50,0.00057558
1-bromonaphthalene,45,0.00035491
1-bromonaphthalene,40,0.00021506
1-bromonaphthalene,35,0.00012795
1-bromonaphthalene,30,0.00007467
1-bromonaphthalene,25,0.00004270
1-bromopropane,160,5.50133383
1-bromopropane,155,4.38106963
1-bromopropane,150,3.45682519
1-bromopropane,145,2.70335918
1-bromopropane,140,2.09586617
1-bromopropane,135,1.61108359
1-bromopropane,130,1.22796483
1-bromopropane,125,0.92799551
1-bromopropane,120,0.69524973
1-bromopropane,115,0.51627618
1-bromopropane,110,0.37988604
1-bromopropane,105,0.27689434
1-bromopropane,100,0.19984922
1-bromopropane,95,0.14277025
1-bromopropane,90,0.10090705
1-bromopropane,85,0.07052438
1-bromopropane,80,0.04871481
1-bromopropane,75,0.03323852
1-bromopropane,70,0.02238829
1-bromopropane,65,0.01487727
1-bromopropane,60,0.00974670
1-bromopropane,55,0.00629094
1-bromopropane,50,0.00399735
1-bromopropane,45,0.00249853
1-bromopropane,40,0.00153493
1-bromopropane,35,0.00092598
1-bromopropane,30,0.00054804
1-bromopropane,25,0.00031790
butanethiol,160,7.75940268
butanethiol,155,6.29945517
butanethiol,150,5.06861818
butanethiol,145,4.04298470
butanethiol,140,3.19768509
butanethiol,135,2.50819825
butanethiol,130,1.95130842
butanethiol,125,1.50572741
butanethiol,120,1.15243233
butanethiol,115,0.87478346
butanethiol,110,0.65848533
butanethiol,105,0.49144549
butanethiol,100,0.36357366
butanethiol,95,0.26655327
butanethiol,90,0.19360701
butanethiol,85,0.13927081
butanethiol,80,0.09918458
butanethiol,75,0.06990432
butanethiol,70,0.04873699
butanethiol,65,0.03359818
butanethiol,60,0.02289140
butanethiol,55,0.01540687
butanethiol,50,0.01023807
butanethiol,45,0.00671348
butanethiol,40,0.00434167
butanethiol,35,0.00276752
butanethiol,30,0.00173771
butanethiol,25,0.00107409
1-butanol,160,13.89239848
1-butanol,155,11.74178449
1-butanol,150,9.82897776
1-butanol,145,8.15004578
1-butanol,140,6.69544809
1-butanol,135,5.45108728
1-butanol,130,4.39946561
1-butanol,125,3.52099900
1-butanol,120,2.79519866
1-butanol,115,2.20171471
1-butanol,110,1.72114037
1-butanol,105,1.33555922
1-butanol,100,1.02888016
1-butanol,95,0.78697602
1-butanol,90,0.59768264
1-butanol,85,0.45069963
1-butanol,80,0.33743077
1-butanol,75,0.25079325
1-butanol,70,0.18501801
1-butanol,65,0.13545455
1-butanol,60,0.09839000
1-butanol,55,0.07088669
1-butanol,50,0.05064027
1-butanol,45,0.03585824
1-butanol,40,0.02515763
1-butanol,35,0.01748022
1-butanol,30,0.01202294
1-butanol,25,0.00818149
1-butene,160,7.24270317
1-butene,155,5.62650227
1-butene,150,4.33458973
1-butene,145,3.31277740
1-butene,140,2.51210483
1-butene,135,1.89007131
1-butene,130,1.41075351
1-butene,125,1.04436649
1-butene,120,0.76656087
1-butene,115,0.55766195
1-butene,110,0.40192484
1-butene,105,0.28686031
1-butene,100,0.20264501
1-butene,95,0.14161728
1-butene,90,0.09785307
1-butene,85,0.06681303
1-butene,80,0.04505210
1-butene,75,0.02998210
1-butene,70,0.01967953
1-butene,65,0.01273126
1-butene,60,0.00811177
1-butene,55,0.00508643
1-butene,50,0.00313628
1-butene,45,0.00189998
1-butene,40,0.00112986
1-butene,35,0.00065892
1-butene,30,0.00037647
1-butene,25,0.00021050
1-chloropentane,160,3.16168360
1-chloropentane,155,2.47068606
1-chloropentane,150,1.91790503
1-chloropentane,145,1.47869029
1-chloropentane,140,1.13207076
1-chloropentane,135,0.86040023
1-chloropentane,130,0.64897162
1-chloropentane,125,0.48562633
1-chloropentane,120,0.36038802
1-chloropentane,115,0.26512992
1-chloropentane,110,0.19327922
1-chloropentane,105,0.13955865
1-chloropentane,100,0.09976320
1-chloropentane,95,0.07056868
1-chloropentane,90,0.04936930
1-chloropentane,85,0.03414044
1-chloropentane,80,0.02332385
1-chloropentane,75,0.01573220
1-chloropentane,70,0.01047039
1-chloropentane,65,0.00687118
1-chloropentane,60,0.00444315
1-chloropentane,55,0.00282893
1-chloropentane,50,0.00177208
1-chloropentane,45,0.00109124
1-chloropentane,40,0.00066002
1-chloropentane,35,0.00039173
1-chloropentane,30,0.00022793
1-chloropentane,25,0.00012987
1-chloro-1-nitroethane,160,12.91019613
1-chloro-1-nitroethane,155,11.09053603
1-chloro-1-nitroethane,150,9.43999046
1-chloro-1-nitroethane,145,7.95911915
1-chloro-1-nitroethane,140,6.64554624
1-chloro-1-nitroethane,135,5.49419131
1-chloro-1-nitroethane,130,4.49739558
1-chloro-1-nitroethane,125,3.64514646
1-chloro-1-nitroethane,120,2.92552455
1-chloro-1-nitroethane,115,2.32536142
1-chloro-1-nitroethane,110,1.83083873
1-chloro-1-nitroethane,105,1.42811628
1-chloro-1-nitroethane,100,1.10384213
1-chloro-1-nitroethane,95,0.84556220
1-chloro-1-nitroethane,90,0.64199176
1-chloro-1-nitroethane,85,0.48315829
1-chloro-1-nitroethane,80,0.36044283
1-chloro-1-nitroethane,75,0.26653906
1-chloro-1-nitroethane,70,0.19535919
1-chloro-1-nitroethane,65,0.14190843
1-chloro-1-nitroethane,60,0.10214574
1-chloro-1-nitroethane,55,0.07284371
1-chloro-1-nitroethane,50,0.05145562
1-chloro-1-nitroethane,45,0.03599492
1-chloro-1-nitroethane,40,0.02492909
1-chloro-1-nitroethane,35,0.01708876
1-chloro-1-nitroethane,30,0.01159123
1-chloro-1-nitroethane,25,0.00777740
1-chloro-1-nitropropane,160,11.35508047
1-chloro-1-nitropropane,155,9.75516100
1-chloro-1-nitropropane,150,8.31333336
1-chloro-1-nitropropane,145,7.02632824
1-chloro-1-nitropropane,140,5.88888308
1-chloro-1-nitropropane,135,4.89389530
1-chloro-1-nitropropane,130,4.03263241
1-chloro-1-nitropropane,125,3.29499473
1-chloro-1-nitropropane,120,2.66986999
1-chloro-1-nitropropane,115,2.14559873
1-chloro-1-nitropropane,110,1.71037383
1-chloro-1-nitropropane,105,1.35264376
1-chloro-1-nitropropane,100,1.06142245
1-chloro-1-nitropropane,95,0.82653530
1-chloro-1-nitropropane,90,0.63877742
1-chloro-1-nitropropane,85,0.48998948
1-chloro-1-nitropropane,80,0.37307354
1-chloro-1-nitropropane,75,0.28195568
1-chloro-1-nitropropane,70,0.21151507
1-chloro-1-nitropropane,65,0.15749224
1-chloro-1-nitropropane,60,0.11638759
1-chloro-1-nitropropane,55,0.08535842
1-chloro-1-nitropropane,50,0.06212011
1-chloro-1-nitropropane,45,0.04485500
1-chloro-1-nitropropane,40,0.03213089
1-chloro-1-nitropropane,35,0.02282986
1-chloro-1-nitropropane,30,0.01608732
1-chloro-1-nitropropane,25,0.01124067
1-chloro-2-ethoxybenzene,160,3.05147315
1-chloro-2-ethoxybenzene,155,2.42204085
1-chloro-2-ethoxybenzene,150,1.90902829
1-chloro-2-ethoxybenzene,145,1.49405346
1-chloro-2-ethoxybenzene,140,1.16087674
1-chloro-2-ethoxybenzene,135,0.89535770
1-chloro-2-ethoxybenzene,130,0.68533717
1-chloro-2-ethoxybenzene,125,0.52047493
1-chloro-2-ethoxybenzene,120,0.39206551
1-chloro-2-ethoxybenzene,115,0.29284799
1-chloro-2-ethoxybenzene,110,0.21681963
1-chloro-2-ethoxybenzene,105,0.15906068
1-chloro-2-ethoxybenzene,100,0.11557332
1-chloro-2-ethoxybenzene,95,0.08313675
1-chloro-2-ethoxybenzene,90,0.05917893
1-chloro-2-ethoxybenzene,85,0.04166439
1-chloro-2-ethoxybenzene,80,0.02899743
1-chloro-2-ethoxybenzene,75,0.01993930
1-chloro-2-ethoxybenzene,70,0.01353822
1-chloro-2-ethoxybenzene,65,0.00907081
1-chloro-2-ethoxybenzene,60,0.00599349
1-chloro-2-ethoxybenzene,55,0.00390267
1-chloro-2-ethoxybenzene,50,0.00250252
1-chloro-2-ethoxybenzene,45,0.00157903
1-chloro-2-ethoxybenzene,40,0.00097960
1-chloro-2-ethoxybenzene,35,0.00059700
1-chloro-2-ethoxybenzene,30,0.00035709
1-chloro-2-ethoxybenzene,25,0.00020942
1-chloro-2-ethylbenzene,160,2.46100246
1-chloro-2-ethylbenzene,155,1.92985382
1-chloro-2-ethylbenzene,150,1.50373969
1-chloro-2-ethylbenzene,145,1.16404389
1-chloro-2-ethylbenzene,140,0.89496874
1-chloro-2-ethylbenzene,135,0.68322920
1-chloro-2-ethylbenzene,130,0.51773787
1-chloro-2-ethylbenzene,125,0.38930639
1-chloro-2-ethylbenzene,120,0.29037128
1-chloro-2-ethylbenzene,115,0.21474778
1-chloro-2-ethylbenzene,110,0.15741248
1-chloro-2-ethylbenzene,105,0.11431368
1-chloro-2-ethylbenzene,100,0.08220704
1-chloro-2-ethylbenzene,95,0.05851468
1-chloro-2-ethylbenzene,90,0.04120488
1-chloro-2-ethylbenzene,85,0.02869011
1-chloro-2-ethylbenzene,80,0.01974133
1-chloro-2-ethylbenzene,75,0.01341619
1-chloro-2-ethylbenzene,70,0.00899965
1-chloro-2-ethylbenzene,65,0.00595509
1-chloro-2-ethylbenzene,60,0.00388439
1-chloro-2-ethylbenzene,55,0.00249586
1-chloro-2-ethylbenzene,50,0.00157853
1-chloro-2-ethylbenzene,45,0.00098193
1-chloro-2-ethylbenzene,40,0.00060025
1-chloro-2-ethylbenzene,35,0.00036027
1-chloro-2-ethylbenzene,30,0.00021211
1-chloro-2-ethylbenzene,25,0.00012238
1-chloro-2-methyl-1-propene,160,5.78501580
1-chloro-2-methyl-1-propene,155,4.57588167
1-chloro-2-methyl-1-propene,150,3.58971918
1-chloro-2-methyl-1-propene,145,2.79362009
1-chloro-2-methyl-1-propene,140,2.15699905
1-chloro-2-methyl-1-propene,135,1.65240110
1-chloro-2-methyl-1-propene,130,1.25583169
1-chloro-2-methyl-1-propene,125,0.94674135
1-chloro-2-methyl-1-propene,120,0.70781537
1-chloro-2-methyl-1-propene,115,0.52465987
1-chloro-2-methyl-1-propene,110,0.38544690
1-chloro-2-methyl-1-propene,105,0.28055732
1-chloro-2-methyl-1-propene,100,0.20224337
1-chloro-2-methyl-1-propene,95,0.14432226
1-chloro-2-methyl-1-propene,90,0.10190497
1-chloro-2-methyl-1-propene,85,0.07116130
1-chloro-2-methyl-1-propene,80,0.04911898
1-chloro-2-methyl-1-propene,75,0.03349417
1-chloro-2-methyl-1-propene,70,0.02255004
1-chloro-2-methyl-1-propene,65,0.01498008
1-chloro-2-methyl-1-propene,60,0.00981263
1-chloro-2-methyl-1-propene,55,0.00633376
1-chloro-2-methyl-1-propene,50,0.00402558
1-chloro-2-methyl-1-propene,45,0.00251740
1-chloro-2-methyl-1-propene,40,0.00154768
1-chloro-2-methyl-1-propene,35,0.00093465
1-chloro-2-methyl-1-propene,30,0.00055393
1-chloro-2-methyl-1-propene,25,0.00032188
1-chloro-4-ethoxybenzene,160,3.21954311
1-chloro-4-ethoxybenzene,155,2.56537627
1-chloro-4-ethoxybenzene,150,2.02994306
1-chloro-4-ethoxybenzene,145,1.59501395
1-chloro-4-ethoxybenzene,140,1.24435795
1-chloro-4-ethoxybenzene,135,0.96374108
1-chloro-4-ethoxybenzene,130,0.74084351
1-chloro-4-ethoxybenzene,125,0.56512492
1-chloro-4-ethoxybenzene,120,0.42766167
1-chloro-4-ethoxybenzene,115,0.32097104
1-chloro-4-ethoxybenzene,110,0.23883585
1-chloro-4-ethoxybenzene,105,0.17613554
1-chloro-4-ethoxybenzene,100,0.12868904
1-chloro-4-ethoxybenzene,95,0.09311169
1-chloro-4-ethoxybenzene,90,0.06668740
1-chloro-4-ethoxybenzene,85,0.04725601
1-chloro-4-ethoxybenzene,80,0.03311526
1-chloro-4-ethoxybenzene,75,0.02293659
1-chloro-4-ethoxybenzene,70,0.01569342
1-chloro-4-ethoxybenzene,65,0.01060081
1-chloro-4-ethoxybenzene,60,0.00706519
1-chloro-4-ethoxybenzene,55,0.00464288
1-chloro-4-ethoxybenzene,50,0.00300628
1-chloro-4-ethoxybenzene,45,0.00191660
1-chloro-4-ethoxybenzene,40,0.00120216
1-chloro-4-ethoxybenzene,35,0.00074124
1-chloro-4-ethoxybenzene,30,0.00044891
1-chloro-4-ethoxybenzene,25,0.00026678
1-chlorobutane,160,5.13230226
1-chlorobutane,155,4.04379008
1-chlorobutane,150,3.16072848
1-chlorobutane,145,2.45113124
1-chlorobutane,140,1.88599224
1-chlorobutane,135,1.43972475
1-chlorobutane,130,1.09024338
1-chlorobutane,125,0.81880555
1-chlorobutane,120,0.60972691
1-chlorobutane,115,0.45003842
1-chlorobutane,110,0.32912965
1-chlorobutane,105,0.23840441
1-chlorobutane,100,0.17096319
1-chlorobutane,95,0.12131900
1-chlorobutane,90,0.08514823
1-chlorobutane,85,0.05907616
1-chlorobutane,80,0.04049432
1-chlorobutane,75,0.02740706
1-chlorobutane,70,0.01830393
1-chlorobutane,65,0.01205457
1-chlorobutane,60,0.00782312
1-chlorobutane,55,0.00499929
1-chlorobutane,50,0.00314339
1-chlorobutane,45,0.00194307
1-chlorobutane,40,0.00117979
1-chlorobutane,35,0.00070298
1-chlorobutane,30,0.00041065
1-chlorobutane,25,0.00023493
1-chlorohexane,160,2.08380141
1-chlorohexane,155,1.62118218
1-chlorohexane,150,1.25348025
1-chlorohexane,145,0.96290695
1-chlorohexane,140,0.73466701
1-chlorohexane,135,0.55652533
1-chlorohexane,130,0.41841536
1-chlorohexane,125,0.31209772
1-chlorohexane,120,0.23086504
1-chlorohexane,115,0.16928828
1-chlorohexane,110,0.12300006
1-chlorohexane,105,0.08851031
1-chlorohexane,100,0.06304985
1-chlorohexane,95,0.04443838
1-chlorohexane,90,0.03097337
1-chlorohexane,85,0.02133716
1-chlorohexane,80,0.01451953
1-chlorohexane,75,0.00975380
1-chlorohexane,70,0.00646436
1-chlorohexane,65,0.00422393
1-chlorohexane,60,0.00271921
1-chlorohexane,55,0.00172339
1-chlorohexane,50,0.00107447
1-chlorohexane,45,0.00065845
1-chlorohexane,40,0.00039627
1-chlorohexane,35,0.00023399
1-chlorohexane,30,0.00013542
1-chlorohexane,25,0.00007675
1-chloronaphthalene,160,2.65307875
1-chloronaphthalene,155,2.09864121
1-chloronaphthalene,150,1.64905128
1-chloronaphthalene,145,1.28700779
1-chloronaphthalene,140,0.99747795
1-chloronaphthalene,135,0.76755147
1-chloronaphthalene,130,0.58625333
1-chloronaphthalene,125,0.44433875
1-chloronaphthalene,120,0.33408621
1-chloronaphthalene,115,0.24909816
1-chloronaphthalene,110,0.18411564
1-chloronaphthalene,105,0.13484910
1-chloronaphthalene,100,0.09782738
1-chloronaphthalene,95,0.07026423
1-chloronaphthalene,90,0.04994188
1-chloronaphthalene,85,0.03511037
1-chloronaphthalene,80,0.02440152
1-chloronaphthalene,75,0.01675591
1-chloronaphthalene,70,0.01136145
1-chloronaphthalene,65,0.00760230
1-chloronaphthalene,60,0.00501670
1-chloronaphthalene,55,0.00326252
1-chloronaphthalene,50,0.00208946
1-chloronaphthalene,45,0.00131681
1-chloronaphthalene,40,0.00081596
1-chloronaphthalene,35,0.00049670
1-chloronaphthalene,30,0.00029676
1-chloronaphthalene,25,0.00017385
1-chloro-1-propene,160,11.31150975
1-chloro-1-propene,155,9.26462978
1-chloro-1-propene,150,7.49804361
1-chloro-1-propene,145,5.99866912
1-chloro-1-propene,140,4.74615476
1-chloro-1-propene,135,3.71533785
1-chloro-1-propene,130,2.87866613
1-chloro-1-propene,125,2.20827700
1-chloro-1-propene,120,1.67755413
1-chloro-1-propene,115,1.26214241
1-chloro-1-propene,110,0.94049081
1-chloro-1-propene,105,0.69403426
1-chloro-1-propene,100,0.50712735
1-chloro-1-propene,95,0.36682609
1-chloro-1-propene,90,0.26259049
1-chloro-1-propene,85,0.18595865
1-chloro-1-propene,80,0.13022444
1-chloro-1-propene,75,0.09013774
1-chloro-1-propene,70,0.06163665
1-chloro-1-propene,65,0.04161517
1-chloro-1-propene,60,0.02772613
1-chloro-1-propene,55,0.01821710
1-chloro-1-propene,50,0.01179594
1-chloro-1-propene,45,0.00752214
1-chloro-1-propene,40,0.00472043
1-chloro-1-propene,35,0.00291279
1-chloro-1-propene,30,0.00176588
1-chloro-1-propene,25,0.00105088
1-decanol,160,3.20290202
1-decanol,155,2.62038650
1-decanol,150,2.13368938
1-decanol,145,1.72909817
1-decanol,140,1.39444767
1-decanol,135,1.11903467
1-decanol,130,0.89351401
1-decanol,125,0.70978452
1-decanol,120,0.56087074
1-decanol,115,0.44080516
1-decanol,110,0.34451431
1-decanol,105,0.26771083
1-decanol,100,0.20679312
1-decanol,95,0.15875332
1-decanol,90,0.12109403
1-decanol,85,0.09175370
1-decanol,80,0.06904052
1-decanol,75,0.05157433
1-decanol,70,0.03823595
1-decanol,65,0.02812348
1-decanol,60,0.02051468
1-decanol,55,0.01483502
1-decanol,50,0.01063059
1-decanol,45,0.00754534
1-decanol,40,0.00530208
1-decanol,35,0.00368672
1-decanol,30,0.00253527
1-decanol,25,0.00172324
1-decene,160,0.54882290
1-decene,155,0.41910216
1-decene,150,0.31793631
1-decene,145,0.23950329
1-decene,140,0.17908207
1-decene,135,0.13285522
1-decene,130,0.09774729
1-decene,125,0.07129192
1-decene,120,0.05152171
1-decene,115,0.03687681
1-decene,110,0.02612892
1-decene,105,0.01831801
1-decene,100,0.01269986
1-decene,95,0.00870259
1-decene,90,0.00589089
1-decene,85,0.00393675
1-decene,80,0.00259567
1-decene,75,0.00168745
1-decene,70,0.00108089
1-decene,65,0.00068169
1-decene,60,0.00042298
1-decene,55,0.00025800
1-decene,50,0.00015456
1-decene,45,0.00009087
1-decene,40,0.00005237
1-decene,35,0.00002956
1-decene,30,0.00001633
1-decene,25,0.00000881
1-heptanol,160,6.17973547
1-heptanol,155,5.09906160
1-heptanol,150,4.18072533
1-heptanol,145,3.40643205
1-heptanol,140,2.75848986
1-heptanol,135,2.22021091
1-heptanol,130,1.77617285
1-heptanol,125,1.41237505
1-heptanol,120,1.11630426
1-heptanol,115,0.87692987
1-heptanol,110,0.68464729
1-heptanol,105,0.53118626
1-heptanol,100,0.40949712
1-heptanol,95,0.31362712
1-heptanol,90,0.23859320
1-heptanol,85,0.18025847
1-heptanol,80,0.13521550
1-heptanol,75,0.10067900
1-heptanol,70,0.07438919
1-heptanol,65,0.05452612
1-heptanol,60,0.03963478
1-heptanol,55,0.02856055
1-heptanol,50,0.02039405
1-heptanol,45,0.01442454
1-heptanol,40,0.01010100
1-heptanol,35,0.00699965
1-heptanol,30,0.00479744
1-heptanol,25,0.00325026
1-heptene,160,1.30690492
1-heptene,155,1.00099374
1-heptene,150,0.76199035
1-heptene,145,0.57624714
1-heptene,140,0.43273139
1-heptene,135,0.32254226
1-heptene,130,0.23851719
1-heptene,125,0.17491254
1-heptene,120,0.12714224
1-heptene,115,0.09156322
1-heptene,110,0.06529855
1-heptene,105,0.04609133
1-heptene,100,0.03218419
1-heptene,95,0.02221975
1-heptene,90,0.01515879
1-heptene,85,0.01021325
1-heptene,80,0.00679158
1-heptene,75,0.00445456
1-heptene,70,0.00287986
1-heptene,65,0.00183385
1-heptene,60,0.00114935
1-heptene,55,0.00070843
1-heptene,50,0.00042908
1-heptene,45,0.00025515
1-heptene,40,0.00014881
1-heptene,35,0.00008505
1-heptene,30,0.00004758
1-heptene,25,0.00002603
1-hexanol,160,8.03583680
1-hexanol,155,6.67414322
1-hexanol,150,5.50346974
1-hexanol,145,4.50635900
1-hexanol,140,3.66464837
1-hexanol,135,2.96018803
1-hexanol,130,2.37542722
1-hexanol,125,1.89383835
1-hexanol,120,1.50021659
1-hexanol,115,1.18084401
1-hexanol,110,0.92355380
1-hexanol,105,0.71771551
1-hexanol,100,0.55416371
1-hexanol,95,0.42508974
1-hexanol,90,0.32391207
1-hexanol,85,0.24513846
1-hexanol,80,0.18422729
1-hexanol,75,0.13745542
1-hexanol,70,0.10179564
1-hexanol,65,0.07480608
1-hexanol,60,0.05453213
1-hexanol,55,0.03942122
1-hexanol,50,0.02824943
1-hexanol,45,0.02005935
1-hexanol,40,0.01410788
1-hexanol,35,0.00982289
1-hexanol,30,0.00676746
1-hexanol,25,0.00461084
1-hexene,160,2.02240581
1-hexene,155,1.55147763
1-hexene,150,1.18305631
1-hexene,145,0.89633340
1-hexene,140,0.67445775
1-hexene,135,0.50381629
1-hexene,130,0.37344756
1-hexene,125,0.27455574
1-hexene,120,0.20011233
1-hexene,115,0.14452848
1-hexene,110,0.10338493
1-hexene,105,0.07320939
1-hexene,100,0.05129273
1-hexene,95,0.03553775
1-hexene,90,0.02433465
1-hexene,85,0.01645914
1-hexene,80,0.01098931
1-hexene,75,0.00723830
1-hexene,70,0.00470018
1-hexene,65,0.00300674
1-hexene,60,0.00189348
1-hexene,55,0.00117292
1-hexene,50,0.00071410
1-hexene,45,0.00042693
1-hexene,40,0.00025041
1-hexene,35,0.00014396
1-hexene,30,0.00008103
1-hexene,25,0.00004461
"1-methoxy-1,3-butadiene",160,9.03411579
"1-methoxy-1,3-butadiene",155,7.33873850
"1-methoxy-1,3-butadiene",150,5.89823785
"1-methoxy-1,3-butadiene",145,4.69149978
"1-methoxy-1,3-butadiene",140,3.69409792
"1-methoxy-1,3-butadiene",135,2.88014493
"1-methoxy-1,3-butadiene",130,2.22385533
"1-methoxy-1,3-butadiene",125,1.70071624
"1-methoxy-1,3-butadiene",120,1.28826372
"1-methoxy-1,3-butadiene",115,0.96651069
"1-methoxy-1,3-butadiene",110,0.71810307
"1-methoxy-1,3-butadiene",105,0.52827979
"1-methoxy-1,3-butadiene",100,0.38470590
"1-methoxy-1,3-butadiene",95,0.27723348
"1-methoxy-1,3-butadiene",90,0.19763083
"1-methoxy-1,3-butadiene",85,0.13930727
"1-methoxy-1,3-butadiene",80,0.09705095
"1-methoxy-1,3-butadiene",75,0.06678977
"1-methoxy-1,3-butadiene",70,0.04537977
"1-methoxy-1,3-butadiene",65,0.03042261
"1-methoxy-1,3-butadiene",60,0.02011099
"1-methoxy-1,3-butadiene",55,0.01310014
"1-methoxy-1,3-butadiene",50,0.00840248
"1-methoxy-1,3-butadiene",45,0.00530264
"1-methoxy-1,3-butadiene",40,0.00328983
"1-methoxy-1,3-butadiene",35,0.00200480
"1-methoxy-1,3-butadiene",30,0.00119891
"1-methoxy-1,3-butadiene",25,0.00070290
1-methoxy-2-nitrobenzene,160,2.64743557
1-methoxy-2-nitrobenzene,155,2.08070090
1-methoxy-2-nitrobenzene,150,1.62395756
1-methoxy-2-nitrobenzene,145,1.25853386
1-methoxy-2-nitrobenzene,140,0.96828702
1-methoxy-2-nitrobenzene,135,0.73943112
1-methoxy-2-nitrobenzene,130,0.56031828
1-methoxy-2-nitrobenzene,125,0.42120113
1-methoxy-2-nitrobenzene,120,0.31399485
1-methoxy-2-nitrobenzene,115,0.23205014
1-methoxy-2-nitrobenzene,110,0.16994300
1-methoxy-2-nitrobenzene,105,0.12328524
1-methoxy-2-nitrobenzene,100,0.08855599
1-methoxy-2-nitrobenzene,95,0.06295425
1-methoxy-2-nitrobenzene,90,0.04427128
1-methoxy-2-nitrobenzene,85,0.03078127
1-methoxy-2-nitrobenzene,80,0.02114870
1-methoxy-2-nitrobenzene,75,0.01435046
1-methoxy-2-nitrobenzene,70,0.00961107
1-methoxy-2-nitrobenzene,65,0.00634930
1-methoxy-2-nitrobenzene,60,0.00413464
1-methoxy-2-nitrobenzene,55,0.00265217
1-methoxy-2-nitrobenzene,50,0.00167453
1-methoxy-2-nitrobenzene,45,0.00103984
1-methoxy-2-nitrobenzene,40,0.00063455
1-methoxy-2-nitrobenzene,35,0.00038020
1-methoxy-2-nitrobenzene,30,0.00022346
1-methoxy-2-nitrobenzene,25,0.00012870
1-methylcyclohexanol,160,6.66053459
1-methylcyclohexanol,155,5.50855403
1-methylcyclohexanol,150,4.52592890
1-methylcyclohexanol,145,3.69459031
1-methylcyclohexanol,140,2.99677524
1-methylcyclohexanol,135,2.41547396
1-methylcyclohexanol,130,1.93478238
1-methylcyclohexanol,125,1.54011618
1-methylcyclohexanol,120,1.21832887
1-methylcyclohexanol,115,0.95774746
1-methylcyclohexanol,110,0.74814549
1-methylcyclohexanol,105,0.58067109
1-methylcyclohexanol,100,0.44774555
1-methylcyclohexanol,95,0.34294508
1-methylcyclohexanol,90,0.26087516
1-methylcyclohexanol,85,0.19704526
1-methylcyclohexanol,80,0.14774817
1-methylcyclohexanol,75,0.10994774
1-methylcyclohexanol,70,0.08117667
1-methylcyclohexanol,65,0.05944522
1-methylcyclohexanol,60,0.04316090
1-methylcyclohexanol,55,0.03105890
1-methylcyclohexanol,50,0.02214238
1-methylcyclohexanol,45,0.01563192
1-methylcyclohexanol,40,0.01092303
1-methylcyclohexanol,35,0.00755082
1-methylcyclohexanol,30,0.00516093
1-methylcyclohexanol,25,0.00348571
1-methylimidazol,160,5.19530077
1-methylimidazol,155,4.15580363
1-methylimidazol,150,3.30404116
1-methylimidazol,145,2.61106221
1-methylimidazol,140,2.05107635
1-methylimidazol,135,1.60151367
1-methylimidazol,130,1.24290513
1-methylimidazol,125,0.95865759
1-methylimidazol,120,0.73477492
1-methylimidazol,115,0.55955984
1-methylimidazol,110,0.42331764
1-methylimidazol,105,0.31807619
1-methylimidazol,100,0.23732858
1-methylimidazol,95,0.17580219
1-methylimidazol,90,0.12925508
1-methylimidazol,85,0.09429885
1-methylimidazol,80,0.06824634
1-methylimidazol,75,0.04898213
1-methylimidazol,70,0.03485336
1-methylimidazol,65,0.02457849
1-methylimidazol,60,0.01717180
1-methylimidazol,55,0.01188129
1-methylimidazol,50,0.00813815
1-methylimidazol,45,0.00551594
1-methylimidazol,40,0.00369786
1-methylimidazol,35,0.00245083
1-methylimidazol,30,0.00160505
1-methylimidazol,25,0.00103811
1-methylnaphthalene,160,2.85536163
1-methylnaphthalene,155,2.25195914
1-methylnaphthalene,150,1.76390236
1-methylnaphthalene,145,1.37197453
1-methylnaphthalene,140,1.05949066
1-methylnaphthalene,135,0.81214098
1-methylnaphthalene,130,0.61778305
1-methylnaphthalene,125,0.46621131
1-methylnaphthalene,120,0.34892329
1-methylnaphthalene,115,0.25889429
1-methylnaphthalene,110,0.19036761
1-methylnaphthalene,105,0.13866350
1-methylnaphthalene,100,0.10000883
1-methylnaphthalene,95,0.07138686
1-methylnaphthalene,90,0.05040648
1-methylnaphthalene,85,0.03518962
1-methylnaphthalene,80,0.02427514
1-methylnaphthalene,75,0.01653765
1-methylnaphthalene,70,0.01111940
1-methylnaphthalene,65,0.00737396
1-methylnaphthalene,60,0.00481984
1-methylnaphthalene,55,0.00310284
1-methylnaphthalene,50,0.00196583
1-methylnaphthalene,45,0.00122473
1-methylnaphthalene,40,0.00074966
1-methylnaphthalene,35,0.00045042
1-methylnaphthalene,30,0.00026539
1-methylnaphthalene,25,0.00015318
2-methoxy-1-propene,160,11.37223092
2-methoxy-1-propene,155,9.30645267
2-methoxy-1-propene,150,7.52742383
2-methoxy-1-propene,145,6.01993705
2-methoxy-1-propene,140,4.76201047
2-methoxy-1-propene,135,3.72737946
2-methoxy-1-propene,130,2.88782988
2-methoxy-1-propene,125,2.21514594
2-methoxy-1-propene,120,1.68254521
2-methoxy-1-propene,115,1.26560044
2-methoxy-1-propene,110,0.94272558
2-methoxy-1-propene,105,0.69532786
2-methoxy-1-propene,100,0.50773004
2-methoxy-1-propene,95,0.36695066
2-methoxy-1-propene,90,0.26240924
2-methoxy-1-propene,85,0.18560402
2-methoxy-1-propene,80,0.12979258
2-methoxy-1-propene,75,0.08969397
2-methoxy-1-propene,70,0.06122160
2-methoxy-1-propene,65,0.04125082
2-methoxy-1-propene,60,0.02742129
2-methoxy-1-propene,55,0.01797186
2-methoxy-1-propene,50,0.01160523
2-methoxy-1-propene,45,0.00737830
2-methoxy-1-propene,40,0.00461497
2-methoxy-1-propene,35,0.00283752
2-methoxy-1-propene,30,0.00171355
2-methoxy-1-propene,25,0.00101541
1-naphthol,160,100.00000000
1-naphthol,155,100.00000000
1-naphthol,150,100.00000000
1-naphthol,145,100.00000000
1-naphthol,140,100.00000000
1-naphthol,135,100.00000000
1-naphthol,130,100.00000000
1-naphthol,125,100.00000000
1-naphthol,120,100.00000000
1-naphthol,115,100.00000000
1-naphthol,110,100.00000000
1-naphthol,105,100.00000000
1-naphthol,100,100.00000000
1-naphthol,95,100.00000000
1-naphthol,90,100.00000000
1-naphthol,85,100.00000000
1-naphthol,80,100.00000000
1-naphthol,75,100.00000000
1-naphthol,70,100.00000000
1-naphthol,65,100.00000000
1-naphthol,60,100.00000000
1-naphthol,55,100.00000000
1-naphthol,50,100.00000000
1-naphthol,45,100.00000000
1-naphthol,40,100.00000000
1-naphthol,35,100.00000000
1-naphthol,30,100.00000000
1-naphthol,25,100.00000000
1-nitropropane,160,11.54493420
1-nitropropane,155,9.59487154
1-nitropropane,150,7.88154781
1-nitropropane,145,6.39917890
1-nitropropane,140,5.13617495
1-nitropropane,135,4.07616257
1-nitropropane,130,3.19941486
1-nitropropane,125,2.48433064
1-nitropropane,120,1.90884160
1-nitropropane,115,1.45154930
1-nitropropane,110,1.09256426
1-nitropropane,105,0.81402031
1-nitropropane,100,0.60032006
1-nitropropane,95,0.43817031
1-nitropropane,90,0.31647353
1-nitropropane,85,0.22613027
1-nitropropane,80,0.15979846
1-nitropropane,75,0.11164010
1-nitropropane,70,0.07707621
1-nitropropane,65,0.05256192
1-nitropropane,60,0.03538765
1-nitropropane,55,0.02350838
1-nitropropane,50,0.01540024
1-nitropropane,45,0.00994243
1-nitropropane,40,0.00632161
1-nitropropane,35,0.00395571
1-nitropropane,30,0.00243422
1-nitropropane,25,0.00147194
1-nonanol,160,3.87725878
1-nonanol,155,3.17602611
1-nonanol,150,2.58823380
1-nonanol,145,2.09834479
1-nonanol,140,1.69234676
1-nonanol,135,1.35774376
1-nonanol,130,1.08350436
1-nonanol,125,0.85997885
1-nonanol,120,0.67879835
1-nonanol,115,0.53276141
1-nonanol,110,0.41571747
1-nonanol,105,0.32245059
1-nonanol,100,0.24856762
1-nonanol,95,0.19039279
1-nonanol,90,0.14487051
1-nonanol,85,0.10947695
1-nonanol,80,0.08214077
1-nonanol,75,0.06117284
1-nonanol,70,0.04520462
1-nonanol,65,0.03313460
1-nonanol,60,0.02408215
1-nonanol,55,0.01734812
1-nonanol,50,0.01238144
1-nonanol,45,0.00875100
1-nonanol,40,0.00612216
1-nonanol,35,0.00423733
1-nonanol,30,0.00289991
1-nonanol,25,0.00196125
1-nonene,160,0.69112427
1-nonene,155,0.52815017
1-nonene,150,0.40100271
1-nonene,145,0.30237112
1-nonene,140,0.22633468
1-nonene,135,0.16810991
1-nonene,130,0.12384491
1-nonene,125,0.09045102
1-nonene,120,0.06546402
1-nonene,115,0.04692923
1-nonene,110,0.03330633
1-nonene,105,0.02339033
1-nonene,100,0.01624602
1-nonene,95,0.01115383
1-nonene,90,0.00756523
1-nonene,85,0.00506623
1-nonene,80,0.00334767
1-nonene,75,0.00218128
1-nonene,70,0.00140054
1-nonene,65,0.00088548
1-nonene,60,0.00055085
1-nonene,55,0.00033690
1-nonene,50,0.00020241
1-nonene,45,0.00011935
1-nonene,40,0.00006900
1-nonene,35,0.00003908
1-nonene,30,0.00002165
1-nonene,25,0.00001173
1-octanol,160,4.87887573
1-octanol,155,4.01120863
1-octanol,150,3.27932937
1-octanol,145,2.66604484
1-octanol,140,2.15541930
1-octanol,135,1.73291739
1-octanol,130,1.38546624
1-octanol,125,1.10145428
1-octanol,120,0.87068300
1-octanol,115,0.68428571
1-octanol,110,0.53462548
1-octanol,105,0.41518111
1-octanol,100,0.32042950
1-octanol,95,0.24572858
1-octanol,90,0.18720542
1-octanol,85,0.14165177
1-octanol,80,0.10642840
1-octanol,75,0.07937904
1-octanol,70,0.05875399
1-octanol,65,0.04314314
1-octanol,60,0.03141795
1-octanol,55,0.02268157
1-octanol,50,0.01622645
1-octanol,45,0.01149853
1-octanol,40,0.00806734
1-octanol,35,0.00560111
1-octanol,30,0.00384632
1-octanol,25,0.00261096
octene,160,0.92727281
octene,155,0.70943895
octene,150,0.53936413
octene,145,0.40730457
octene,140,0.30537825
octene,135,0.22722134
octene,130,0.16771078
octene,125,0.12273809
octene,120,0.08902373
octene,115,0.06396417
octene,110,0.04550535
octene,105,0.03203804
octene,100,0.02231116
octene,95,0.01536020
octene,90,0.01044829
octene,85,0.00701798
octene,80,0.00465189
octene,75,0.00304100
octene,70,0.00195919
octene,65,0.00124308
octene,60,0.00077617
octene,55,0.00047654
octene,50,0.00028745
octene,45,0.00017021
octene,40,0.00009883
octene,35,0.00005623
octene,30,0.00003130
octene,25,0.00001704
1-pentanol,160,10.52962063
1-pentanol,155,8.81179771
1-pentanol,150,7.31294398
1-pentanol,145,6.01972320
1-pentanol,140,4.91599216
1-pentanol,135,3.98375798
1-pentanol,130,3.20417840
1-pentanol,125,2.55840936
1-pentanol,120,2.02829043
1-pentanol,115,1.59683153
1-pentanol,110,1.24854215
1-pentanol,105,0.96959739
1-pentanol,100,0.74788521
1-pentanol,95,0.57296372
1-pentanol,90,0.43595723
1-pentanol,85,0.32941564
1-pentanol,80,0.24715564
1-pentanol,75,0.18409816
1-pentanol,70,0.13611064
1-pentanol,65,0.09986064
1-pentanol,60,0.07268372
1-pentanol,55,0.05246704
1-pentanol,50,0.03754857
1-pentanol,45,0.02663137
1-pentanol,40,0.01871140
1-pentanol,35,0.01301773
1-pentanol,30,0.00896328
1-pentanol,25,0.00610476
pentene,160,3.46067778
pentene,155,2.66175577
pentene,150,2.03452627
pentene,145,1.54499847
pentene,140,1.16525000
pentene,135,0.87251953
pentene,130,0.64836870
pentene,125,0.47794129
pentene,120,0.34933244
pentene,115,0.25305410
pentene,110,0.18158856
pentene,105,0.12901700
pentene,100,0.09071172
pentene,95,0.06308177
pentene,90,0.04336355
pentene,85,0.02944914
pentene,80,0.01974616
pentene,75,0.01306405
pentene,70,0.00852253
pentene,65,0.00547835
pentene,60,0.00346739
pentene,55,0.00215918
pentene,50,0.00132177
pentene,45,0.00079475
pentene,40,0.00046893
pentene,35,0.00027126
pentene,30,0.00015367
pentene,25,0.00008517
1-propanethiol,160,12.42353819
1-propanethiol,155,10.32799099
1-propanethiol,150,8.49030302
1-propanethiol,145,6.90310471
1-propanethiol,140,5.55251853
1-propanethiol,135,4.41963216
1-propanethiol,130,3.48227027
1-propanethiol,125,2.71667490
1-propanethiol,120,2.09899419
1-propanethiol,115,1.60641042
1-propanethiol,110,1.21791519
1-propanethiol,105,0.91475620
1-propanethiol,100,0.68061778
1-propanethiol,95,0.50160703
1-propanethiol,90,0.36611040
1-propanethiol,85,0.26457557
1-propanethiol,80,0.18925848
1-propanethiol,75,0.13396380
1-propanethiol,70,0.09379643
1-propanethiol,65,0.06493450
1-propanethiol,60,0.04442864
1-propanethiol,55,0.03002913
1-propanethiol,50,0.02003985
1-propanethiol,45,0.01319730
1-propanethiol,40,0.00857172
1-propanethiol,35,0.00548762
1-propanethiol,30,0.00346067
1-propanethiol,25,0.00214838
propanol,160,18.26993444
propanol,155,15.61805679
propanol,150,13.20544572
propanol,145,11.04336755
propanol,140,9.13526358
propanol,135,7.47678490
propanol,130,6.05657836
propanol,125,4.85774479
propanol,120,3.85947212
propanol,115,3.03879131
propanol,110,2.37211948
propanol,105,1.83653759
propanol,100,1.41068164
propanol,95,1.07531168
propanol,90,0.81357196
propanol,85,0.61103204
propanol,80,0.45557482
propanol,75,0.33719203
propanol,70,0.24773385
propanol,65,0.18064622
propanol,60,0.13071658
propanol,55,0.09384097
propanol,50,0.06681841
propanol,45,0.04717413
propanol,40,0.03301102
propanol,35,0.02288683
propanol,30,0.01571408
propanol,25,0.01067958
1-tetradecene,160,0.27812461
1-tetradecene,155,0.21176384
1-tetradecene,150,0.16011794
1-tetradecene,145,0.12018039
1-tetradecene,140,0.08950762
1-tetradecene,135,0.06612158
1-tetradecene,130,0.04842872
1-tetradecene,125,0.03515229
1-tetradecene,120,0.02527569
1-tetradecene,115,0.01799501
1-tetradecene,110,0.01267925
1-tetradecene,105,0.00883712
1-tetradecene,100,0.00608945
1-tetradecene,95,0.00414627
1-tetradecene,90,0.00278806
1-tetradecene,85,0.00185032
1-tetradecene,80,0.00121121
1-tetradecene,75,0.00078151
1-tetradecene,70,0.00049668
1-tetradecene,65,0.00031069
1-tetradecene,60,0.00019114
1-tetradecene,55,0.00011555
1-tetradecene,50,0.00006859
1-tetradecene,45,0.00003993
1-tetradecene,40,0.00002278
1-tetradecene,35,0.00001273
1-tetradecene,30,0.00000695
1-tetradecene,25,0.00000371
tetrathiafulvalene,160,2.15580473
tetrathiafulvalene,155,1.73307796
tetrathiafulvalene,150,1.38665763
tetrathiafulvalene,145,1.10410063
tetrathiafulvalene,140,0.87473028
tetrathiafulvalene,135,0.68944054
tetrathiafulvalene,130,0.54050761
tetrathiafulvalene,125,0.42141407
tetrathiafulvalene,120,0.32668830
tetrathiafulvalene,115,0.25175942
tetrathiafulvalene,110,0.19282848
tetrathiafulvalene,105,0.14675433
tetrathiafulvalene,100,0.11095355
tetrathiafulvalene,95,0.08331308
tetrathiafulvalene,90,0.06211447
tetrathiafulvalene,85,0.04596851
tetrathiafulvalene,80,0.03375907
tetrathiafulvalene,75,0.02459524
tetrathiafulvalene,70,0.01777066
tetrathiafulvalene,65,0.01272923
tetrathiafulvalene,60,0.00903636
tetrathiafulvalene,55,0.00635501
tetrathiafulvalene,50,0.00442589
tetrathiafulvalene,45,0.00305117
tetrathiafulvalene,40,0.00208125
tetrathiafulvalene,35,0.00140402
tetrathiafulvalene,30,0.00093628
tetrathiafulvalene,25,0.00061687
"2,2,2-trifluoroethanol",160,22.79195798
"2,2,2-trifluoroethanol",155,21.27889127
"2,2,2-trifluoroethanol",150,19.89112154
"2,2,2-trifluoroethanol",145,18.62629856
"2,2,2-trifluoroethanol",140,17.48150355
"2,2,2-trifluoroethanol",135,16.45298444
"2,2,2-trifluoroethanol",130,15.53686516
"2,2,2-trifluoroethanol",125,14.72868426
"2,2,2-trifluoroethanol",120,14.02384734
"2,2,2-trifluoroethanol",115,13.41857694
"2,2,2-trifluoroethanol",110,12.90811000
"2,2,2-trifluoroethanol",105,12.48836333
"2,2,2-trifluoroethanol",100,12.15511236
"2,2,2-trifluoroethanol",95,11.90371709
"2,2,2-trifluoroethanol",90,11.73054955
"2,2,2-trifluoroethanol",85,11.63153617
"2,2,2-trifluoroethanol",80,11.60293094
"2,2,2-trifluoroethanol",75,11.64013481
"2,2,2-trifluoroethanol",70,11.73913960
"2,2,2-trifluoroethanol",65,11.89474535
"2,2,2-trifluoroethanol",60,12.10213930
"2,2,2-trifluoroethanol",55,12.35633894
"2,2,2-trifluoroethanol",50,12.65292587
"2,2,2-trifluoroethanol",45,12.98513019
"2,2,2-trifluoroethanol",40,100.00000000
"2,2,2-trifluoroethanol",35,100.00000000
"2,2,2-trifluoroethanol",30,100.00000000
"2,2,2-trifluoroethanol",25,100.00000000
"2,2,4-trimethylpentane",160,0.37680508
"2,2,4-trimethylpentane",155,0.28336590
"2,2,4-trimethylpentane",150,0.21161740
"2,2,4-trimethylpentane",145,0.15686308
"2,2,4-trimethylpentane",140,0.11535883
"2,2,4-trimethylpentane",135,0.08412740
"2,2,4-trimethylpentane",130,0.06080998
"2,2,4-trimethylpentane",125,0.04354665
"2,2,4-trimethylpentane",120,0.03087906
"2,2,4-trimethylpentane",115,0.02167126
"2,2,4-trimethylpentane",110,0.01504490
"2,2,4-trimethylpentane",105,0.01032631
"2,2,4-trimethylpentane",100,0.00700339
"2,2,4-trimethylpentane",95,0.00469056
"2,2,4-trimethylpentane",90,0.00310047
"2,2,4-trimethylpentane",85,0.00202133
"2,2,4-trimethylpentane",80,0.00129885
"2,2,4-trimethylpentane",75,0.00082203
"2,2,4-trimethylpentane",70,0.00051202
"2,2,4-trimethylpentane",65,0.00031364
"2,2,4-trimethylpentane",60,0.00018877
"2,2,4-trimethylpentane",55,0.00011154
"2,2,4-trimethylpentane",50,0.00006464
"2,2,4-trimethylpentane",45,0.00003670
"2,2,4-trimethylpentane",40,0.00002040
"2,2,4-trimethylpentane",35,0.00001109
"2,2,4-trimethylpentane",30,0.00000588
"2,2,4-trimethylpentane",25,0.00000304
"2,2-dimethyl-1-propanol",160,10.99682286
"2,2-dimethyl-1-propanol",155,9.25385988
"2,2-dimethyl-1-propanol",150,7.72406751
"2,2-dimethyl-1-propanol",145,6.39586349
"2,2-dimethyl-1-propanol",140,5.25478642
"2,2-dimethyl-1-propanol",135,4.28446089
"2,2-dimethyl-1-propanol",130,3.46740863
"2,2-dimethyl-1-propanol",125,2.78586692
"2,2-dimethyl-1-propanol",120,2.22245305
"2,2-dimethyl-1-propanol",115,1.76068316
"2,2-dimethyl-1-propanol",110,1.38532078
"2,2-dimethyl-1-propanol",105,1.08260099
"2,2-dimethyl-1-propanol",100,0.84032348
"2,2-dimethyl-1-propanol",95,0.64785486
"2,2-dimethyl-1-propanol",90,0.49606328
"2,2-dimethyl-1-propanol",85,0.37720853
"2,2-dimethyl-1-propanol",80,0.28480659
"2,2-dimethyl-1-propanol",75,0.21348332
"2,2-dimethyl-1-propanol",70,0.15882810
"2,2-dimethyl-1-propanol",65,0.11725383
"2,2-dimethyl-1-propanol",60,0.08586829
"2,2-dimethyl-1-propanol",55,0.06235877
"2,2-dimethyl-1-propanol",50,0.04489078
"2,2-dimethyl-1-propanol",45,0.03202066
"2,2-dimethyl-1-propanol",40,0.02262135
"2,2-dimethyl-1-propanol",35,0.01581996
"2,2-dimethyl-1-propanol",30,0.01094602
"2,2-dimethyl-1-propanol",25,0.00748889
benzofuran,160,6.25092254
benzofuran,155,5.07754597
benzofuran,150,4.08952077
benzofuran,145,3.26638561
benzofuran,140,2.58757947
benzofuran,135,2.03323956
benzofuran,130,1.58478119
benzofuran,125,1.22526944
benzofuran,120,0.93961338
benzofuran,115,0.71461835
benzofuran,110,0.53893676
benzofuran,105,0.40295051
benzofuran,100,0.29861317
benzofuran,95,0.21927304
benzofuran,90,0.15949237
benzofuran,85,0.11487273
benzofuran,80,0.08189278
benzofuran,75,0.05776183
benzofuran,70,0.04029066
benzofuran,65,0.02777946
benzofuran,60,0.01892227
benzofuran,55,0.01272664
benzofuran,50,0.00844679
benzofuran,45,0.00552891
benzofuran,40,0.00356677
benzofuran,35,0.00226621
benzofuran,30,0.00141711
benzofuran,25,0.00087146
"2,3-dichlorobuta-1,3-diene",160,3.66233543
"2,3-dichlorobuta-1,3-diene",155,2.89470657
"2,3-dichlorobuta-1,3-diene",150,2.27313555
"2,3-dichlorobuta-1,3-diene",145,1.77342253
"2,3-dichlorobuta-1,3-diene",140,1.37444150
"2,3-dichlorobuta-1,3-diene",135,1.05803985
"2,3-dichlorobuta-1,3-diene",130,0.80882212
"2,3-dichlorobuta-1,3-diene",125,0.61386790
"2,3-dichlorobuta-1,3-diene",120,0.46243254
"2,3-dichlorobuta-1,3-diene",115,0.34565356
"2,3-dichlorobuta-1,3-diene",110,0.25627662
"2,3-dichlorobuta-1,3-diene",105,0.18840732
"2,3-dichlorobuta-1,3-diene",100,0.13729135
"2,3-dichlorobuta-1,3-diene",95,0.09912227
"2,3-dichlorobuta-1,3-diene",90,0.07087593
"2,3-dichlorobuta-1,3-diene",85,0.05016870
"2,3-dichlorobuta-1,3-diene",80,0.03513752
"2,3-dichlorobuta-1,3-diene",75,0.02433891
"2,3-dichlorobuta-1,3-diene",70,0.01666478
"2,3-dichlorobuta-1,3-diene",65,0.01127282
"2,3-dichlorobuta-1,3-diene",60,0.00752930
"2,3-dichlorobuta-1,3-diene",55,0.00496258
"2,3-dichlorobuta-1,3-diene",50,0.00322567
"2,3-dichlorobuta-1,3-diene",45,0.00206636
"2,3-dichlorobuta-1,3-diene",40,0.00130367
"2,3-dichlorobuta-1,3-diene",35,0.00080944
"2,3-dichlorobuta-1,3-diene",30,0.00049423
"2,3-dichlorobuta-1,3-diene",25,0.00029651
"2,3-dichloro-1-propanol",160,10.79645558
"2,3-dichloro-1-propanol",155,9.40611610
"2,3-dichloro-1-propanol",150,8.16140690
"2,3-dichloro-1-propanol",145,7.05409211
"2,3-dichloro-1-propanol",140,6.07514450
"2,3-dichloro-1-propanol",135,5.21484800
"2,3-dichloro-1-propanol",130,4.46320187
"2,3-dichloro-1-propanol",125,3.81006416
"2,3-dichloro-1-propanol",120,3.24541593
"2,3-dichloro-1-propanol",115,2.75958440
"2,3-dichloro-1-propanol",110,2.34336102
"2,3-dichloro-1-propanol",105,1.98815508
"2,3-dichloro-1-propanol",100,1.68606216
"2,3-dichloro-1-propanol",95,1.42990903
"2,3-dichloro-1-propanol",90,1.21325758
"2,3-dichloro-1-propanol",85,1.03040461
"2,3-dichloro-1-propanol",80,0.87633859
"2,3-dichloro-1-propanol",75,0.74669691
"2,3-dichloro-1-propanol",70,0.63771154
"2,3-dichloro-1-propanol",65,0.54615076
"2,3-dichloro-1-propanol",60,0.46926007
"2,3-dichloro-1-propanol",55,0.40470484
"2,3-dichloro-1-propanol",50,0.35051621
"2,3-dichloro-1-propanol",45,0.30504147
"2,3-dichloro-1-propanol",40,0.26689930
"2,3-dichloro-1-propanol",35,0.23494007
"2,3-dichloro-1-propanol",30,0.20821193
"2,3-dichloro-1-propanol",25,0.18593034
"2,3-dichloro-1-propene",160,10.91563874
"2,3-dichloro-1-propene",155,9.22995538
"2,3-dichloro-1-propene",150,7.72993745
"2,3-dichloro-1-propene",145,6.41095260
"2,3-dichloro-1-propene",140,5.26523696
"2,3-dichloro-1-propene",135,4.28220379
"2,3-dichloro-1-propene",130,3.44906793
"2,3-dichloro-1-propene",125,2.75147992
"2,3-dichloro-1-propene",120,2.17427472
"2,3-dichloro-1-propene",115,1.70214463
"2,3-dichloro-1-propene",110,1.32024139
"2,3-dichloro-1-propene",105,1.01463705
"2,3-dichloro-1-propene",100,0.77263385
"2,3-dichloro-1-propene",95,0.58294165
"2,3-dichloro-1-propene",90,0.43573593
"2,3-dichloro-1-propene",85,0.32262856
"2,3-dichloro-1-propene",80,0.23657760
"2,3-dichloro-1-propene",75,0.17176033
"2,3-dichloro-1-propene",70,0.12342854
"2,3-dichloro-1-propene",65,0.08775985
"2,3-dichloro-1-propene",60,0.06171458
"2,3-dichloro-1-propene",55,0.04290386
"2,3-dichloro-1-propene",50,0.02947191
"2,3-dichloro-1-propene",45,0.01999365
"2,3-dichloro-1-propene",40,0.01338747
"2,3-dichloro-1-propene",35,0.00884222
"2,3-dichloro-1-propene",30,0.00575698
"2,3-dichloro-1-propene",25,0.00369229
"2,4,6-tribromo-phenol",160,1.63807458
"2,4,6-tribromo-phenol",155,1.46351475
"2,4,6-tribromo-phenol",150,1.31846676
"2,4,6-tribromo-phenol",145,1.19889898
"2,4,6-tribromo-phenol",140,1.10156828
"2,4,6-tribromo-phenol",135,1.02393004
"2,4,6-tribromo-phenol",130,0.96406083
"2,4,6-tribromo-phenol",125,0.92062475
"2,4,6-tribromo-phenol",120,0.89285838
"2,4,6-tribromo-phenol",115,0.88058661
"2,4,6-tribromo-phenol",110,0.88424839
"2,4,6-tribromo-phenol",105,0.90496269
"2,4,6-tribromo-phenol",100,0.94459127
"2,4,6-tribromo-phenol",95,1.00577959
"2,4,6-tribromo-phenol",90,1.09188815
"2,4,6-tribromo-phenol",85,1.20686630
"2,4,6-tribromo-phenol",80,1.35469950
"2,4,6-tribromo-phenol",75,1.53883113
"2,4,6-tribromo-phenol",70,1.76108422
"2,4,6-tribromo-phenol",65,2.02106896
"2,4,6-tribromo-phenol",60,2.31556143
"2,4,6-tribromo-phenol",55,2.63922718
"2,4,6-tribromo-phenol",50,2.98494298
"2,4,6-tribromo-phenol",45,3.34507210
"2,4,6-tribromo-phenol",40,3.71253330
"2,4,6-tribromo-phenol",35,100.00000000
"2,4,6-tribromo-phenol",30,100.00000000
"2,4,6-tribromo-phenol",25,100.00000000
"2,4,6-trichlorophenol",160,13.37346596
"2,4,6-trichlorophenol",155,12.66060870
"2,4,6-trichlorophenol",150,12.04282775
"2,4,6-trichlorophenol",145,11.51383508
"2,4,6-trichlorophenol",140,11.06925738
"2,4,6-trichlorophenol",135,10.70382578
"2,4,6-trichlorophenol",130,10.41356724
"2,4,6-trichlorophenol",125,10.19487433
"2,4,6-trichlorophenol",120,10.04317601
"2,4,6-trichlorophenol",115,9.95546167
"2,4,6-trichlorophenol",110,9.92781482
"2,4,6-trichlorophenol",105,9.95668957
"2,4,6-trichlorophenol",100,10.03796348
"2,4,6-trichlorophenol",95,10.16790829
"2,4,6-trichlorophenol",90,10.34093054
"2,4,6-trichlorophenol",85,10.55254199
"2,4,6-trichlorophenol",80,100.00000000
"2,4,6-trichlorophenol",75,100.00000000
"2,4,6-trichlorophenol",70,100.00000000
"2,4,6-trichlorophenol",65,100.00000000
"2,4,6-trichlorophenol",60,100.00000000
"2,4,6-trichlorophenol",55,100.00000000
"2,4,6-trichlorophenol",50,100.00000000
"2,4,6-trichlorophenol",45,100.00000000
"2,4,6-trichlorophenol",40,100.00000000
"2,4,6-trichlorophenol",35,100.00000000
"2,4,6-trichlorophenol",30,100.00000000
"2,4,6-trichlorophenol",25,100.00000000
"2,4-dichloroaniline",160,10.58507575
"2,4-dichloroaniline",155,9.27241510
"2,4-dichloroaniline",150,8.07986964
"2,4-dichloroaniline",145,7.00278120
"2,4-dichloroaniline",140,6.03602328
"2,4-dichloroaniline",135,5.17390776
"2,4-dichloroaniline",130,4.41018259
"2,4-dichloroaniline",125,3.73817253
"2,4-dichloroaniline",120,3.15093812
"2,4-dichloroaniline",115,2.64131256
"2,4-dichloroaniline",110,2.20208157
"2,4-dichloroaniline",105,1.82608271
"2,4-dichloroaniline",100,1.50636010
"2,4-dichloroaniline",95,1.23625507
"2,4-dichloroaniline",90,1.00951430
"2,4-dichloroaniline",85,0.82034210
"2,4-dichloroaniline",80,0.66344874
"2,4-dichloroaniline",75,0.53407082
"2,4-dichloroaniline",70,0.42797207
"2,4-dichloroaniline",65,0.34142877
"2,4-dichloroaniline",60,0.27120140
"2,4-dichloroaniline",55,0.21449995
"2,4-dichloroaniline",50,0.16894288
"2,4-dichloroaniline",45,0.13251432
"2,4-dichloroaniline",40,0.10352106
"2,4-dichloroaniline",35,0.08055121
"2,4-dichloroaniline",30,0.06243543
"2,4-dichloroaniline",25,0.04821140
"2,4-dichlorophenol",160,15.12730662
"2,4-dichlorophenol",155,14.16450640
"2,4-dichlorophenol",150,13.30733005
"2,4-dichlorophenol",145,12.55057370
"2,4-dichlorophenol",140,11.88797733
"2,4-dichlorophenol",135,11.31550284
"2,4-dichlorophenol",130,10.82820455
"2,4-dichlorophenol",125,10.42147911
"2,4-dichlorophenol",120,10.09134350
"2,4-dichlorophenol",115,9.83526425
"2,4-dichlorophenol",110,9.64940011
"2,4-dichlorophenol",105,9.52994395
"2,4-dichlorophenol",100,9.47448484
"2,4-dichlorophenol",95,9.47976121
"2,4-dichlorophenol",90,9.54231595
"2,4-dichlorophenol",85,9.65811858
"2,4-dichlorophenol",80,9.82385921
"2,4-dichlorophenol",75,10.03391573
"2,4-dichlorophenol",70,10.28361216
"2,4-dichlorophenol",65,10.56751230
"2,4-dichlorophenol",60,100.00000000
"2,4-dichlorophenol",55,100.00000000
"2,4-dichlorophenol",50,100.00000000
"2,4-dichlorophenol",45,100.00000000
"2,4-dichlorophenol",40,100.00000000
"2,4-dichlorophenol",35,100.00000000
"2,4-dichlorophenol",30,100.00000000
"2,4-dichlorophenol",25,100.00000000
"2,4-difluoro-1-nitrobenzene",160,3.81615613
"2,4-difluoro-1-nitrobenzene",155,3.07013049
"2,4-difluoro-1-nitrobenzene",150,2.45341145
"2,4-difluoro-1-nitrobenzene",145,1.94754195
"2,4-difluoro-1-nitrobenzene",140,1.53570478
"2,4-difluoro-1-nitrobenzene",135,1.20286492
"2,4-difluoro-1-nitrobenzene",130,0.93579555
"2,4-difluoro-1-nitrobenzene",125,0.72302122
"2,4-difluoro-1-nitrobenzene",120,0.55470668
"2,4-difluoro-1-nitrobenzene",115,0.42251373
"2,4-difluoro-1-nitrobenzene",110,0.31944319
"2,4-difluoro-1-nitrobenzene",105,0.23967377
"2,4-difluoro-1-nitrobenzene",100,0.17840590
"2,4-difluoro-1-nitrobenzene",95,0.13171560
"2,4-difluoro-1-nitrobenzene",90,0.09642110
"2,4-difluoro-1-nitrobenzene",85,0.06996355
"2,4-difluoro-1-nitrobenzene",80,0.05030198
"2,4-difluoro-1-nitrobenzene",75,0.03582210
"2,4-difluoro-1-nitrobenzene",70,0.02525804
"2,4-difluoro-1-nitrobenzene",65,0.01762589
"2,4-difluoro-1-nitrobenzene",60,0.01216792
"2,4-difluoro-1-nitrobenzene",55,0.00830609
"2,4-difluoro-1-nitrobenzene",50,0.00560378
"2,4-difluoro-1-nitrobenzene",45,0.00373466
"2,4-difluoro-1-nitrobenzene",40,0.00245739
"2,4-difluoro-1-nitrobenzene",35,0.00159554
"2,4-difluoro-1-nitrobenzene",30,0.00102163
"2,4-difluoro-1-nitrobenzene",25,0.00064471
"2,4-dimethylaniline",160,8.29159138
"2,4-dimethylaniline",155,6.93702079
"2,4-dimethylaniline",150,5.75870992
"2,4-dimethylaniline",145,4.74378822
"2,4-dimethylaniline",140,3.87803204
"2,4-dimethylaniline",135,3.14649335
"2,4-dimethylaniline",130,2.53404196
"2,4-dimethylaniline",125,2.02586274
"2,4-dimethylaniline",120,1.60785280
"2,4-dimethylaniline",115,1.26689991
"2,4-dimethylaniline",110,0.99107449
"2,4-dimethylaniline",105,0.76972119
"2,4-dimethylaniline",100,0.59347899
"2,4-dimethylaniline",95,0.45424484
"2,4-dimethylaniline",90,0.34509765
"2,4-dimethylaniline",85,0.26019747
"2,4-dimethylaniline",80,0.19467152
"2,4-dimethylaniline",75,0.14449663
"2,4-dimethylaniline",70,0.10638376
"2,4-dimethylaniline",65,0.07766962
"2,4-dimethylaniline",60,0.05621742
"2,4-dimethylaniline",55,0.04032836
"2,4-dimethylaniline",50,0.02866398
"2,4-dimethylaniline",45,0.02017930
"2,4-dimethylaniline",40,0.01406589
"2,4-dimethylaniline",35,0.00970417
"2,4-dimethylaniline",30,0.00662383
"2,4-dimethylaniline",25,0.00447134
"1-methyl-2,4-dinitrobenzene",160,3.73277213
"1-methyl-2,4-dinitrobenzene",155,3.00273858
"1-methyl-2,4-dinitrobenzene",150,2.39653038
"1-methyl-2,4-dinitrobenzene",145,1.89769856
"1-methyl-2,4-dinitrobenzene",140,1.49085965
"1-methyl-2,4-dinitrobenzene",135,1.16193704
"1-methyl-2,4-dinitrobenzene",130,0.89829531
"1-methyl-2,4-dinitrobenzene",125,0.68878436
"1-methyl-2,4-dinitrobenzene",120,0.52371433
"1-methyl-2,4-dinitrobenzene",115,0.39477953
"1-methyl-2,4-dinitrobenzene",110,0.29495019
"1-methyl-2,4-dinitrobenzene",105,0.21834588
"1-methyl-2,4-dinitrobenzene",100,0.16010171
"1-methyl-2,4-dinitrobenzene",95,0.11623539
"1-methyl-2,4-dinitrobenzene",90,0.08352067
"1-methyl-2,4-dinitrobenzene",85,0.05937036
"1-methyl-2,4-dinitrobenzene",80,0.04173090
"1-methyl-2,4-dinitrobenzene",75,0.02898918
"1-methyl-2,4-dinitrobenzene",70,0.01989148
"1-methyl-2,4-dinitrobenzene",65,0.01347410
"1-methyl-2,4-dinitrobenzene",60,0.00900464
"1-methyl-2,4-dinitrobenzene",55,0.00593313
"1-methyl-2,4-dinitrobenzene",50,0.00385171
"1-methyl-2,4-dinitrobenzene",45,0.00246184
"1-methyl-2,4-dinitrobenzene",40,0.00154799
"1-methyl-2,4-dinitrobenzene",35,0.00095681
"1-methyl-2,4-dinitrobenzene",30,0.00058084
"1-methyl-2,4-dinitrobenzene",25,0.00034600
"2,5-dichlorophenol",160,15.38169836
"2,5-dichlorophenol",155,14.43535955
"2,5-dichlorophenol",150,13.59432157
"2,5-dichlorophenol",145,12.85367148
"2,5-dichlorophenol",140,12.20801334
"2,5-dichlorophenol",135,11.65259408
"2,5-dichlorophenol",130,11.18230980
"2,5-dichlorophenol",125,10.79400719
"2,5-dichlorophenol",120,10.48304120
"2,5-dichlorophenol",115,10.24597660
"2,5-dichlorophenol",110,10.07997663
"2,5-dichlorophenol",105,9.98180734
"2,5-dichlorophenol",100,9.94788424
"2,5-dichlorophenol",95,9.97504225
"2,5-dichlorophenol",90,10.05927676
"2,5-dichlorophenol",85,10.19675859
"2,5-dichlorophenol",80,10.38349500
"2,5-dichlorophenol",75,10.61352688
"2,5-dichlorophenol",70,10.88188891
"2,5-dichlorophenol",65,100.00000000
"2,5-dichlorophenol",60,100.00000000
"2,5-dichlorophenol",55,100.00000000
"2,5-dichlorophenol",50,100.00000000
"2,5-dichlorophenol",45,100.00000000
"2,5-dichlorophenol",40,100.00000000
"2,5-dichlorophenol",35,100.00000000
"2,5-dichlorophenol",30,100.00000000
"2,5-dichlorophenol",25,100.00000000
dimethoxytetrahydrofuran,160,5.36429218
dimethoxytetrahydrofuran,155,4.36126561
dimethoxytetrahydrofuran,150,3.51861134
dimethoxytetrahydrofuran,145,2.81724962
dimethoxytetrahydrofuran,140,2.23871803
dimethoxytetrahydrofuran,135,1.76564604
dimethoxytetrahydrofuran,130,1.38207622
dimethoxytetrahydrofuran,125,1.07364655
dimethoxytetrahydrofuran,120,0.82765823
dimethoxytetrahydrofuran,115,0.63305798
dimethoxytetrahydrofuran,110,0.48035708
dimethoxytetrahydrofuran,105,0.36151178
dimethoxytetrahydrofuran,100,0.26978139
dimethoxytetrahydrofuran,95,0.19957745
dimethoxytetrahydrofuran,90,0.14631375
dimethoxytetrahydrofuran,85,0.10626325
dimethoxytetrahydrofuran,80,0.07642609
dimethoxytetrahydrofuran,75,0.05441060
dimethoxytetrahydrofuran,70,0.03832813
dimethoxytetrahydrofuran,65,0.02670173
dimethoxytetrahydrofuran,60,0.01838779
dimethoxytetrahydrofuran,55,0.01250994
dimethoxytetrahydrofuran,50,0.00840364
dimethoxytetrahydrofuran,45,0.00557060
dimethoxytetrahydrofuran,40,0.00364148
dimethoxytetrahydrofuran,35,0.00234583
dimethoxytetrahydrofuran,30,0.00148813
dimethoxytetrahydrofuran,25,0.00092891
"2,5-dimethylpyrrole",160,13.68028757
"2,5-dimethylpyrrole",155,11.81747995
"2,5-dimethylpyrrole",150,10.13309661
"2,5-dimethylpyrrole",145,8.62434274
"2,5-dimethylpyrrole",140,7.28579566
"2,5-dimethylpyrrole",135,6.10972921
"2,5-dimethylpyrrole",130,5.08633825
"2,5-dimethylpyrrole",125,4.20426142
"2,5-dimethylpyrrole",120,3.45103341
"2,5-dimethylpyrrole",115,2.81363297
"2,5-dimethylpyrrole",110,2.27893173
"2,5-dimethylpyrrole",105,1.83412774
"2,5-dimethylpyrrole",100,1.46705721
"2,5-dimethylpyrrole",95,1.16644060
"2,5-dimethylpyrrole",90,0.92203421
"2,5-dimethylpyrrole",85,0.72470630
"2,5-dimethylpyrrole",80,0.56644593
"2,5-dimethylpyrrole",75,0.44032846
"2,5-dimethylpyrrole",70,0.34044475
"2,5-dimethylpyrrole",65,0.26181066
"2,5-dimethylpyrrole",60,0.20026628
"2,5-dimethylpyrrole",55,0.15237280
"2,5-dimethylpyrrole",50,0.11531243
"2,5-dimethylpyrrole",45,0.08679502
"2,5-dimethylpyrrole",40,0.06497347
"2,5-dimethylpyrrole",35,0.04836870
"2,5-dimethylpyrrole",30,0.03580442
"2,5-dimethylpyrrole",25,0.02635135
"2,6-dichlorophenol",160,14.92951621
"2,6-dichlorophenol",155,13.99188614
"2,6-dichlorophenol",150,13.16156172
"2,6-dichlorophenol",145,12.43299602
"2,6-dichlorophenol",140,11.79989044
"2,6-dichlorophenol",135,11.25772366
"2,6-dichlorophenol",130,10.80181393
"2,6-dichlorophenol",125,10.42714026
"2,6-dichlorophenol",120,10.13109803
"2,6-dichlorophenol",115,9.90857929
"2,6-dichlorophenol",110,9.75717304
"2,6-dichlorophenol",105,9.67308177
"2,6-dichlorophenol",100,9.65277850
"2,6-dichlorophenol",95,9.69328906
"2,6-dichlorophenol",90,9.79077625
"2,6-dichlorophenol",85,9.94000523
"2,6-dichlorophenol",80,10.13771720
"2,6-dichlorophenol",75,10.37760343
"2,6-dichlorophenol",70,10.65409966
"2,6-dichlorophenol",65,100.00000000
"2,6-dichlorophenol",60,100.00000000
"2,6-dichlorophenol",55,100.00000000
"2,6-dichlorophenol",50,100.00000000
"2,6-dichlorophenol",45,100.00000000
"2,6-dichlorophenol",40,100.00000000
"2,6-dichlorophenol",35,100.00000000
"2,6-dichlorophenol",30,100.00000000
"2,6-dichlorophenol",25,100.00000000
"2,6-difluorobenzonitrile",160,2.90024549
"2,6-difluorobenzonitrile",155,2.28818766
"2,6-difluorobenzonitrile",150,1.79395753
"2,6-difluorobenzonitrile",145,1.39751445
"2,6-difluorobenzonitrile",140,1.08159269
"2,6-difluorobenzonitrile",135,0.83148973
"2,6-difluorobenzonitrile",130,0.63480958
"2,6-difluorobenzonitrile",125,0.48119207
"2,6-difluorobenzonitrile",120,0.36204747
"2,6-difluorobenzonitrile",115,0.27030749
"2,6-difluorobenzonitrile",110,0.20019820
"2,6-difluorobenzonitrile",105,0.14703704
"2,6-difluorobenzonitrile",100,0.10705426
"2,6-difluorobenzonitrile",95,0.07723771
"2,6-difluorobenzonitrile",90,0.05519907
"2,6-difluorobenzonitrile",85,0.03905988
"2,6-difluorobenzonitrile",80,0.02735504
"2,6-difluorobenzonitrile",75,0.01895187
"2,6-difluorobenzonitrile",70,0.01298273
"2,6-difluorobenzonitrile",65,0.00878940
"2,6-difluorobenzonitrile",60,0.00587761
"2,6-difluorobenzonitrile",55,0.00388015
"2,6-difluorobenzonitrile",50,0.00252723
"2,6-difluorobenzonitrile",45,0.00162302
"2,6-difluorobenzonitrile",40,0.00102707
"2,6-difluorobenzonitrile",35,0.00063999
"2,6-difluorobenzonitrile",30,0.00039241
"2,6-difluorobenzonitrile",25,0.00023656
"2,6-dimethoxyphenol",160,4.97007860
"2,6-dimethoxyphenol",155,4.11819040
"2,6-dimethoxyphenol",150,3.39590782
"2,6-dimethoxyphenol",145,2.78740413
"2,6-dimethoxyphenol",140,2.27785185
"2,6-dimethoxyphenol",135,1.85360065
"2,6-dimethoxyphenol",130,1.50228820
"2,6-dimethoxyphenol",125,1.21287223
"2,6-dimethoxyphenol",120,0.97561161
"2,6-dimethoxyphenol",115,0.78200822
"2,6-dimethoxyphenol",110,0.62472258
"2,6-dimethoxyphenol",105,0.49747355
"2,6-dimethoxyphenol",100,0.39493047
"2,6-dimethoxyphenol",95,0.31260415
"2,6-dimethoxyphenol",90,0.24674087
"2,6-dimethoxyphenol",85,0.19422281
"2,6-dimethoxyphenol",80,0.15247624
"2,6-dimethoxyphenol",75,0.11938908
"2,6-dimethoxyphenol",70,0.09323743
"2,6-dimethoxyphenol",65,0.07262141
"2,6-dimethoxyphenol",60,0.05640970
"2,6-dimethoxyphenol",55,0.04369200
"2,6-dimethoxyphenol",50,0.03373884
"2,6-dimethoxyphenol",45,0.02596780
"2,6-dimethoxyphenol",40,0.01991540
"2,6-dimethoxyphenol",35,0.01521386
"2,6-dimethoxyphenol",30,0.01157208
"2,6-dimethoxyphenol",25,0.00876012
"2,6-dimethylphenol",160,17.75011697
"2,6-dimethylphenol",155,16.47570277
"2,6-dimethylphenol",150,15.32285767
"2,6-dimethylphenol",145,14.28655870
"2,6-dimethylphenol",140,13.36122895
"2,6-dimethylphenol",135,12.54201049
"2,6-dimethylphenol",130,11.82320373
"2,6-dimethylphenol",125,11.19991155
"2,6-dimethylphenol",120,10.66720863
"2,6-dimethylphenol",115,10.22031360
"2,6-dimethylphenol",110,9.85522984
"2,6-dimethylphenol",105,9.56851367
"2,6-dimethylphenol",100,9.35661560
"2,6-dimethylphenol",95,9.21635375
"2,6-dimethylphenol",90,9.14443920
"2,6-dimethylphenol",85,9.13781222
"2,6-dimethylphenol",80,9.19373642
"2,6-dimethylphenol",75,9.30817473
"2,6-dimethylphenol",70,9.47775119
"2,6-dimethylphenol",65,9.69841376
"2,6-dimethylphenol",60,9.96395127
"2,6-dimethylphenol",55,10.26921442
"2,6-dimethylphenol",50,10.60783844
"2,6-dimethylphenol",45,10.97288745
"2,6-dimethylphenol",40,11.35814413
"2,6-dimethylphenol",35,100.00000000
"2,6-dimethylphenol",30,100.00000000
"2,6-dimethylphenol",25,100.00000000
2-(diethylamino)-ethanol,160,6.99244503
2-(diethylamino)-ethanol,155,5.80137161
2-(diethylamino)-ethanol,150,4.77976150
2-(diethylamino)-ethanol,145,3.91106748
2-(diethylamino)-ethanol,140,3.17859460
2-(diethylamino)-ethanol,135,2.56600556
2-(diethylamino)-ethanol,130,2.05772645
2-(diethylamino)-ethanol,125,1.63923112
2-(diethylamino)-ethanol,120,1.29723831
2-(diethylamino)-ethanol,115,1.01980985
2-(diethylamino)-ethanol,110,0.79637763
2-(diethylamino)-ethanol,105,0.61771374
2-(diethylamino)-ethanol,100,0.47585981
2-(diethylamino)-ethanol,95,0.36402974
2-(diethylamino)-ethanol,90,0.27649700
2-(diethylamino)-ethanol,85,0.20847640
2-(diethylamino)-ethanol,80,0.15600581
2-(diethylamino)-ethanol,75,0.11583341
2-(diethylamino)-ethanol,70,0.08531297
2-(diethylamino)-ethanol,65,0.06230893
2-(diethylamino)-ethanol,60,0.04511199
2-(diethylamino)-ethanol,55,0.03236523
2-(diethylamino)-ethanol,50,0.02300035
2-(diethylamino)-ethanol,45,0.01618333
2-(diethylamino)-ethanol,40,0.01126865
2-(diethylamino)-ethanol,35,0.00776108
2-(diethylamino)-ethanol,30,0.00528417
2-(diethylamino)-ethanol,25,0.00355446
2-acetothiophene,160,3.48886171
2-acetothiophene,155,2.76523181
2-acetothiophene,150,2.17728739
2-acetothiophene,145,1.70302146
2-acetothiophene,140,1.32313961
2-acetothiophene,135,1.02097169
2-acetothiophene,130,0.78229086
2-acetothiophene,125,0.59508398
2-acetothiophene,120,0.44930276
2-acetothiophene,115,0.33661547
2-acetothiophene,110,0.25016994
2-acetothiophene,105,0.18437570
2-acetothiophene,100,0.13470727
2-acetothiophene,95,0.09753009
2-acetothiophene,90,0.06994843
2-acetothiophene,85,0.04967419
2-acetothiophene,80,0.03491473
2-acetothiophene,75,0.02427799
2-acetothiophene,70,0.01669296
2-acetothiophene,65,0.01134356
2-acetothiophene,60,0.00761426
2-acetothiophene,55,0.00504571
2-acetothiophene,50,0.00329894
2-acetothiophene,45,0.00212672
2-acetothiophene,40,0.00135095
2-acetothiophene,35,0.00084501
2-acetothiophene,30,0.00052005
2-acetothiophene,25,0.00031467
2-aminopyridine,160,6.16357822
2-aminopyridine,155,4.97020283
2-aminopyridine,150,3.98094300
2-aminopyridine,145,3.16785738
2-aminopyridine,140,2.50483260
2-aminopyridine,135,1.96816977
2-aminopyridine,130,1.53684405
2-aminopyridine,125,1.19253685
2-aminopyridine,120,0.91952130
2-aminopyridine,115,0.70446177
2-aminopyridine,110,0.53617085
2-aminopyridine,105,0.40535167
2-aminopyridine,100,0.30434525
2-aminopyridine,95,0.22689279
2-aminopyridine,90,0.16791909
2-aminopyridine,85,0.12333961
2-aminopyridine,80,0.08989157
2-aminopyridine,75,0.06498795
2-aminopyridine,70,0.04659303
2-aminopyridine,65,0.03311715
2-aminopyridine,60,0.02332875
2-aminopyridine,55,0.01628140
2-aminopyridine,50,0.01125386
2-aminopyridine,45,0.00770123
2-aminopyridine,40,0.00521555
2-aminopyridine,35,0.00349417
2-aminopyridine,30,0.00231476
2-aminopyridine,25,0.00151562
2-bromopropene,160,3.89628177
2-bromopropene,155,3.03976276
2-bromopropene,150,2.35421256
2-bromopropene,145,1.81016085
2-bromopropene,140,1.38180571
2-bromopropene,135,1.04708913
2-bromopropene,130,0.78747882
2-bromopropene,125,0.58761997
2-bromopropene,120,0.43492860
2-bromopropene,115,0.31918770
2-bromopropene,110,0.23217143
2-bromopropene,105,0.16730938
2-bromopropene,100,0.11939415
2-bromopropene,95,0.08433121
2-bromopropene,90,0.05892727
2-bromopropene,85,0.04071329
2-bromopropene,80,0.02779751
2-bromopropene,75,0.01874440
2-bromopropene,70,0.01247575
2-bromopropene,65,0.00819052
2-bromopropene,60,0.00530044
2-bromopropene,55,0.00337878
2-bromopropene,50,0.00211996
2-bromopropene,45,0.00130819
2-bromopropene,40,0.00079329
2-bromopropene,35,0.00047230
2-bromopropene,30,0.00027583
2-bromopropene,25,0.00015785
2-bromobutane,160,3.73518244
2-bromobutane,155,2.94332139
2-bromobutane,150,2.30211233
2-bromobutane,145,1.78732718
2-bromobutane,140,1.37738406
2-bromobutane,135,1.05348813
2-bromobutane,130,0.79955456
2-bromobutane,125,0.60201218
2-bromobutane,120,0.44954622
2-bromobutane,115,0.33282026
2-bromobutane,110,0.24420214
2-bromobutane,105,0.17750748
2-bromobutane,100,0.12776758
2-bromobutane,95,0.09102444
2-bromobutane,90,0.06415233
2-bromobutane,85,0.04470490
2-bromobutane,80,0.03078537
2-bromobutane,75,0.02093754
2-bromobutane,70,0.01405499
2-bromobutane,65,0.00930628
2-bromobutane,60,0.00607386
2-bromobutane,55,0.00390465
2-bromobutane,50,0.00247056
2-bromobutane,45,0.00153730
2-bromobutane,40,0.00093993
2-bromobutane,35,0.00056418
2-bromobutane,30,0.00033213
2-bromobutane,25,0.00019157
2-bromopropane,160,5.75648985
2-bromopropane,155,4.59519215
2-bromopropane,150,3.63306856
2-bromopropane,145,2.84586938
2-bromopropane,140,2.20923537
2-bromopropane,135,1.69992322
2-bromopropane,130,1.29661244
2-bromopropane,125,0.98034230
2-bromopropane,120,0.73466261
2-bromopropane,115,0.54558607
2-bromopropane,110,0.40141775
2-bromopropane,105,0.29251925
2-bromopropane,100,0.21104756
2-bromopropane,95,0.15069433
2-bromopropane,90,0.10644073
2-bromopropane,85,0.07433603
2-bromopropane,80,0.05130280
2-bromopropane,75,0.03496925
2-bromopropane,70,0.02352734
2-bromopropane,65,0.01561427
2-bromopropane,60,0.01021500
2-bromopropane,55,0.00658279
2-bromopropane,50,0.00417549
2-bromopropane,45,0.00260484
2-bromopropane,40,0.00159684
2-bromopropane,35,0.00096107
2-bromopropane,30,0.00056735
2-bromopropane,25,0.00032818
2-bromothiophene,160,1.31023265
2-bromothiophene,155,1.01167127
2-bromothiophene,150,0.77720206
2-bromothiophene,145,0.59383078
2-bromothiophene,140,0.45108360
2-bromothiophene,135,0.34052460
2-bromothiophene,130,0.25536994
2-bromothiophene,125,0.19017528
2-bromothiophene,120,0.14058353
2-bromothiophene,115,0.10312005
2-bromothiophene,110,0.07502578
2-bromothiophene,105,0.05412088
2-bromothiophene,100,0.03869284
2-bromothiophene,95,0.02740490
2-bromothiophene,90,0.01922087
2-bromothiophene,85,0.01334365
2-bromothiophene,80,0.00916506
2-bromothiophene,75,0.00622517
2-bromothiophene,70,0.00417935
2-bromothiophene,65,0.00277196
2-bromothiophene,60,0.00181532
2-bromothiophene,55,0.00117318
2-bromothiophene,50,0.00074777
2-bromothiophene,45,0.00046978
2-bromothiophene,40,0.00029072
2-bromothiophene,35,0.00017710
2-bromothiophene,30,0.00010612
2-bromothiophene,25,0.00006250
2-butanol,160,14.14181378
2-butanol,155,11.96445089
2-butanol,150,10.02256177
2-butanol,145,8.31375793
2-butanol,140,6.82991166
2-butanol,135,5.55811731
2-butanol,130,4.48175026
2-butanol,125,3.58176883
2-butanol,120,2.83790778
2-butanol,115,2.22977894
2-butanol,110,1.73774452
2-butanol,105,1.34353239
2-butanol,100,1.03063370
2-butanol,95,0.78448918
2-butanol,90,0.59252232
2-butanol,85,0.44406141
2-butanol,80,0.33019073
2-butanol,75,0.24356319
2-butanol,70,0.17819871
2-butanol,65,0.12928415
2-butanol,60,0.09298588
2-butanol,55,0.06628035
2-butanol,50,0.04680542
2-butanol,45,0.03273266
2-butanol,40,0.02265963
2-butanol,35,0.01552048
2-butanol,30,0.01051272
2-butanol,25,0.00703783
cis-2-butene,160,7.31342058
cis-2-butene,155,5.67963969
cis-2-butene,150,4.37397730
cis-2-butene,145,3.34165402
cis-2-butene,140,2.53308122
cis-2-butene,135,1.90518655
cis-2-butene,130,1.42156537
cis-2-butene,125,1.05204649
cis-2-butene,120,0.77197922
cis-2-butene,115,0.56145894
cis-2-butene,110,0.40456766
cis-2-butene,105,0.28868728
cis-2-butene,100,0.20389933
cis-2-butene,95,0.14247251
cis-2-butene,90,0.09843217
cis-2-butene,85,0.06720246
cis-2-butene,80,0.04531218
cis-2-butene,75,0.03015460
cis-2-butene,70,0.01979316
cis-2-butene,65,0.01280558
cis-2-butene,60,0.00816002
cis-2-butene,55,0.00511753
cis-2-butene,50,0.00315614
cis-2-butene,45,0.00191256
cis-2-butene,40,0.00113775
cis-2-butene,35,0.00066380
cis-2-butene,30,0.00037946
cis-2-butene,25,0.00021230
trans-2-butene,160,6.59654230
trans-2-butene,155,5.10051842
trans-2-butene,150,3.91303582
trans-2-butene,145,2.97936196
trans-2-butene,140,2.25144614
trans-2-butene,135,1.68843015
trans-2-butene,130,1.25630139
trans-2-butene,125,0.92718195
trans-2-butene,120,0.67848433
trans-2-butene,115,0.49208665
trans-2-butene,110,0.35357115
trans-2-butene,105,0.25155802
trans-2-butene,100,0.17713562
trans-2-butene,95,0.12338116
trans-2-butene,90,0.08496199
trans-2-butene,85,0.05780692
trans-2-butene,80,0.03883729
trans-2-butene,75,0.02574865
trans-2-butene,70,0.01683472
trans-2-butene,65,0.01084672
trans-2-butene,60,0.00688196
trans-2-butene,55,0.00429646
trans-2-butene,50,0.00263718
trans-2-butene,45,0.00159011
trans-2-butene,40,0.00094097
trans-2-butene,35,0.00054598
trans-2-butene,30,0.00031030
trans-2-butene,25,0.00017255
2-butynedinitrile,160,1.60196069
2-butynedinitrile,155,1.18745971
2-butynedinitrile,150,0.87411509
2-butynedinitrile,145,0.63865639
2-butynedinitrile,140,0.46289125
2-butynedinitrile,135,0.33263523
2-butynedinitrile,130,0.23686393
2-butynedinitrile,125,0.16704500
2-butynedinitrile,120,0.11660893
2-butynedinitrile,115,0.08052859
2-butynedinitrile,110,0.05498439
2-butynedinitrile,105,0.03709748
2-butynedinitrile,100,0.02471734
2-butynedinitrile,95,0.01625319
2-butynedinitrile,90,0.01054076
2-butynedinitrile,85,0.00673761
2-butynedinitrile,80,0.00424161
2-butynedinitrile,75,0.00262798
2-butynedinitrile,70,0.00160118
2-butynedinitrile,65,0.00095857
2-butynedinitrile,60,0.00056338
2-butynedinitrile,55,0.00032476
2-butynedinitrile,50,0.00018344
2-butynedinitrile,45,0.00010142
2-butynedinitrile,40,0.00005483
2-butynedinitrile,35,0.00002895
2-butynedinitrile,30,0.00001491
2-butynedinitrile,25,0.00000748
2-chloro-1-propene,160,10.52637339
2-chloro-1-propene,155,8.54013033
2-chloro-1-propene,150,6.84558719
2-chloro-1-propene,145,5.42430192
2-chloro-1-propene,140,4.25098567
2-chloro-1-propene,135,3.29647404
2-chloro-1-propene,130,2.53037982
2-chloro-1-propene,125,1.92314269
2-chloro-1-propene,120,1.44740542
2-chloro-1-propene,115,1.07878746
2-chloro-1-propene,110,0.79619125
2-chloro-1-propene,105,0.58178548
2-chloro-1-propene,100,0.42078918
2-chloro-1-propene,95,0.30115032
2-chloro-1-propene,90,0.21318280
2-chloro-1-propene,85,0.14920363
2-chloro-1-propene,80,0.10319321
2-chloro-1-propene,75,0.07049087
2-chloro-1-propene,70,0.04753032
2-chloro-1-propene,65,0.03161492
2-chloro-1-propene,60,0.02073031
2-chloro-1-propene,55,0.01339066
2-chloro-1-propene,50,0.00851436
2-chloro-1-propene,45,0.00532484
2-chloro-1-propene,40,0.00327263
2-chloro-1-propene,35,0.00197482
2-chloro-1-propene,30,0.00116893
2-chloro-1-propene,25,0.00067800
2-chloro-2-methylpropane,160,5.80360200
2-chloro-2-methylpropane,155,4.59074940
2-chloro-2-methylpropane,150,3.59985946
2-chloro-2-methylpropane,145,2.79902447
2-chloro-2-methylpropane,140,2.15825314
2-chloro-2-methylpropane,135,1.65037746
2-chloro-2-methylpropane,130,1.25146911
2-chloro-2-methylpropane,125,0.94091137
2-chloro-2-methylpropane,120,0.70125260
2-chloro-2-methylpropane,115,0.51793661
2-chloro-2-methylpropane,110,0.37897565
2-chloro-2-methylpropane,105,0.27460879
2-chloro-2-methylpropane,100,0.19697155
2-chloro-2-methylpropane,95,0.13979101
2-chloro-2-methylpropane,90,0.09811296
2-chloro-2-methylpropane,85,0.06806352
2-chloro-2-methylpropane,80,0.04664420
2-chloro-2-methylpropane,75,0.03155843
2-chloro-2-methylpropane,70,0.02106645
2-chloro-2-methylpropane,65,0.01386543
2-chloro-2-methylpropane,60,0.00899151
2-chloro-2-methylpropane,55,0.00574067
2-chloro-2-methylpropane,50,0.00360560
2-chloro-2-methylpropane,45,0.00222594
2-chloro-2-methylpropane,40,0.00134953
2-chloro-2-methylpropane,35,0.00080274
2-chloro-2-methylpropane,30,0.00046801
2-chloro-2-methylpropane,25,0.00026716
2-chloro-4-methylbenzenamine,160,9.10614363
2-chloro-4-methylbenzenamine,155,7.77548362
2-chloro-4-methylbenzenamine,150,6.59382168
2-chloro-4-methylbenzenamine,145,5.55323932
2-chloro-4-methylbenzenamine,140,4.64467348
2-chloro-4-methylbenzenamine,135,3.85809472
2-chloro-4-methylbenzenamine,130,3.18289565
2-chloro-4-methylbenzenamine,125,2.60816611
2-chloro-4-methylbenzenamine,120,2.12298305
2-chloro-4-methylbenzenamine,115,1.71670152
2-chloro-4-methylbenzenamine,110,1.37916570
2-chloro-4-methylbenzenamine,105,1.10089018
2-chloro-4-methylbenzenamine,100,0.87317987
2-chloro-4-methylbenzenamine,95,0.68820004
2-chloro-4-methylbenzenamine,90,0.53899735
2-chloro-4-methylbenzenamine,85,0.41948850
2-chloro-4-methylbenzenamine,80,0.32441868
2-chloro-4-methylbenzenamine,75,0.24930165
2-chloro-4-methylbenzenamine,70,0.19034861
2-chloro-4-methylbenzenamine,65,0.14439168
2-chloro-4-methylbenzenamine,60,0.10880693
2-chloro-4-methylbenzenamine,55,0.08144017
2-chloro-4-methylbenzenamine,50,0.06053781
2-chloro-4-methylbenzenamine,45,0.04468397
2-chloro-4-methylbenzenamine,40,0.03274447
2-chloro-4-methylbenzenamine,35,0.02381790
2-chloro-4-methylbenzenamine,30,0.01719334
2-chloro-4-methylbenzenamine,25,0.01231445
2-chloro-5-methylphenol,160,13.37040966
2-chloro-5-methylphenol,155,12.25922695
2-chloro-5-methylphenol,150,11.26534181
2-chloro-5-methylphenol,145,10.38137483
2-chloro-5-methylphenol,140,9.60013337
2-chloro-5-methylphenol,135,8.91472179
2-chloro-5-methylphenol,130,8.31853532
2-chloro-5-methylphenol,125,7.80572037
2-chloro-5-methylphenol,120,7.37079761
2-chloro-5-methylphenol,115,7.00862347
2-chloro-5-methylphenol,110,6.71518830
2-chloro-5-methylphenol,105,6.48653611
2-chloro-5-methylphenol,100,6.31990174
2-chloro-5-methylphenol,95,6.21264951
2-chloro-5-methylphenol,90,6.16242466
2-chloro-5-methylphenol,85,6.16785017
2-chloro-5-methylphenol,80,6.22746727
2-chloro-5-methylphenol,75,6.33922516
2-chloro-5-methylphenol,70,6.50152365
2-chloro-5-methylphenol,65,6.71171504
2-chloro-5-methylphenol,60,6.96717404
2-chloro-5-methylphenol,55,7.26337129
2-chloro-5-methylphenol,50,7.59580831
2-chloro-5-methylphenol,45,7.95864292
2-chloro-5-methylphenol,40,8.34597027
2-chloro-5-methylphenol,35,8.75136512
2-chloro-5-methylphenol,30,100.00000000
2-chloro-5-methylphenol,25,100.00000000
2-chloroacetamide,160,0.71172292
2-chloroacetamide,155,0.54966515
2-chloroacetamide,150,0.42286955
2-chloroacetamide,145,0.32396584
2-chloroacetamide,140,0.24708960
2-chloroacetamide,135,0.18756906
2-chloroacetamide,130,0.14168293
2-chloroacetamide,125,0.10647039
2-chloroacetamide,120,0.07958041
2-chloroacetamide,115,0.05915144
2-chloroacetamide,110,0.04371446
2-chloroacetamide,105,0.03211493
2-chloroacetamide,100,0.02344950
2-chloroacetamide,95,0.01701488
2-chloroacetamide,90,0.01226638
2-chloroacetamide,85,0.00878454
2-chloroacetamide,80,0.00624826
2-chloroacetamide,75,0.00441324
2-chloroacetamide,70,0.00309480
2-chloroacetamide,65,0.00215428
2-chloroacetamide,60,0.00148826
2-chloroacetamide,55,0.00102017
2-chloroacetamide,50,0.00069373
2-chloroacetamide,45,0.00046789
2-chloroacetamide,40,0.00031292
2-chloroacetamide,35,0.00020746
2-chloroacetamide,30,0.00013633
2-chloroacetamide,25,0.00008877
2-chlorobutane,160,5.40963071
2-chlorobutane,155,4.26796379
2-chlorobutane,150,3.33951396
2-chlorobutane,145,2.59199634
2-chlorobutane,140,1.99574626
2-chlorobutane,135,1.52434584
2-chlorobutane,130,1.15483345
2-chlorobutane,125,0.86762354
2-chlorobutane,120,0.64626496
2-chlorobutane,115,0.47711705
2-chlorobutane,110,0.34899692
2-chlorobutane,105,0.25283065
2-chlorobutane,100,0.18132678
2-chlorobutane,95,0.12868140
2-chlorobutane,90,0.09031790
2-chlorobutane,85,0.06266208
2-chlorobutane,80,0.04294998
2-chlorobutane,75,0.02906621
2-chlorobutane,70,0.01940914
2-chlorobutane,65,0.01277988
2-chlorobutane,60,0.00829169
2-chlorobutane,55,0.00529702
2-chlorobutane,50,0.00332928
2-chlorobutane,45,0.00205702
2-chlorobutane,40,0.00124828
2-chlorobutane,35,0.00074331
2-chlorobutane,30,0.00043389
2-chlorobutane,25,0.00024801
2-chlorocyclohexanone,160,4.14738626
2-chlorocyclohexanone,155,3.31243851
2-chlorocyclohexanone,150,2.62609058
2-chlorocyclohexanone,145,2.06671240
2-chlorocyclohexanone,140,1.61456778
2-chlorocyclohexanone,135,1.25202821
2-chlorocyclohexanone,130,0.96362649
2-chlorocyclohexanone,125,0.73599728
2-chlorocyclohexanone,120,0.55774404
2-chlorocyclohexanone,115,0.41926343
2-chlorocyclohexanone,110,0.31254982
2-chlorocyclohexanone,105,0.23099604
2-chlorocyclohexanone,100,0.16920076
2-chlorocyclohexanone,95,0.12278899
2-chlorocyclohexanone,90,0.08824914
2-chlorocyclohexanone,85,0.06278823
2-chlorocyclohexanone,80,0.04420521
2-chlorocyclohexanone,75,0.03078190
2-chlorocyclohexanone,70,0.02119000
2-chlorocyclohexanone,65,0.01441303
2-chlorocyclohexanone,60,0.00968122
2-chlorocyclohexanone,55,0.00641808
2-chlorocyclohexanone,50,0.00419677
2-chlorocyclohexanone,45,0.00270509
2-chlorocyclohexanone,40,0.00171755
2-chlorocyclohexanone,35,0.00107347
2-chlorocyclohexanone,30,0.00065992
2-chlorocyclohexanone,25,0.00039872
2-chloroethanolacetate,160,3.61745975
2-chloroethanolacetate,155,2.85344795
2-chloroethanolacetate,150,2.23480091
2-chloroethanolacetate,145,1.73783140
2-chloroethanolacetate,140,1.34167261
2-chloroethanolacetate,135,1.02825747
2-chloroethanolacetate,130,0.78216592
2-chloroethanolacetate,125,0.59039734
2-chloroethanolacetate,120,0.44210833
2-chloroethanolacetate,115,0.32834282
2-chloroethanolacetate,110,0.24177027
2-chloroethanolacetate,105,0.17644302
2-chloroethanolacetate,100,0.12757629
2-chloroethanolacetate,95,0.09135361
2-chloroethanolacetate,90,0.06475700
2-chloroethanolacetate,85,0.04542102
2-chloroethanolacetate,80,0.03150856
2-chloroethanolacetate,75,0.02160640
2-chloroethanolacetate,70,0.01463819
2-chloroethanolacetate,65,0.00979263
2-chloroethanolacetate,60,0.00646490
2-chloroethanolacetate,55,0.00420923
2-chloroethanolacetate,50,0.00270108
2-chloroethanolacetate,45,0.00170712
2-chloroethanolacetate,40,0.00106185
2-chloroethanolacetate,35,0.00064953
2-chloroethanolacetate,30,0.00039041
2-chloroethanolacetate,25,0.00023039
b-phenylethylchloride,160,3.75298930
b-phenylethylchloride,155,2.98513285
b-phenylethylchloride,150,2.35627028
b-phenylethylchloride,145,1.84567555
b-phenylethylchloride,140,1.43457986
b-phenylethylchloride,135,1.10632036
b-phenylethylchloride,130,0.84635018
b-phenylethylchloride,125,0.64215260
b-phenylethylchloride,120,0.48309503
b-phenylethylchloride,115,0.36024864
b-phenylethylchloride,110,0.26619521
b-phenylethylchloride,105,0.19483321
b-phenylethylchloride,100,0.14119264
b-phenylethylchloride,95,0.10126377
b-phenylethylchloride,90,0.07184244
b-phenylethylchloride,85,0.05039301
b-phenylethylchloride,80,0.03492887
b-phenylethylchloride,75,0.02390955
b-phenylethylchloride,70,0.01615335
b-phenylethylchloride,65,0.01076402
b-phenylethylchloride,60,0.00706978
b-phenylethylchloride,55,0.00457338
b-phenylethylchloride,50,0.00291160
b-phenylethylchloride,45,0.00182276
b-phenylethylchloride,40,0.00112112
b-phenylethylchloride,35,0.00067685
b-phenylethylchloride,30,0.00040071
b-phenylethylchloride,25,0.00023238
2-chloroethylethylether,160,6.57408793
2-chloroethylethylether,155,5.31726700
2-chloroethylethylether,150,4.26188665
2-chloroethylethylether,145,3.38579098
2-chloroethylethylether,140,2.66645161
2-chloroethylethylether,135,2.08196614
2-chloroethylethylether,130,1.61178970
2-chloroethylethylether,125,1.23720523
2-chloroethylethylether,120,0.94157095
2-chloroethylethylether,115,0.71039081
2-chloroethylethylether,110,0.53125938
2-chloroethylethylether,105,0.39372342
2-chloroethylethylether,100,0.28909564
2-chloroethylethylether,95,0.21024667
2-chloroethylethylether,90,0.15139385
2-chloroethylethylether,85,0.10789890
2-chloroethylethylether,80,0.07608134
2-chloroethylethylether,75,0.05305177
2-chloroethylethylether,70,0.03656589
2-chloroethylethylether,65,0.02489930
2-chloroethylethylether,60,0.01674168
2-chloroethylethylether,55,0.01110872
2-chloroethylethylether,50,0.00726977
2-chloroethylethylether,45,0.00468912
2-chloroethylethylether,40,0.00297909
2-chloroethylethylether,35,0.00186291
2-chloroethylethylether,30,0.00114574
2-chloroethylethylether,25,0.00069251
2-chloroethylethylsulfide,160,4.34682506
2-chloroethylethylsulfide,155,3.45828376
2-chloroethylethylsulfide,150,2.72963805
2-chloroethylethylsulfide,145,2.13760878
2-chloroethylethylsulfide,140,1.66083316
2-chloroethylethylsulfide,135,1.28017178
2-chloroethylethylsulfide,130,0.97881393
2-chloroethylethylsulfide,125,0.74223923
2-chloroethylethylsulfide,120,0.55808517
2-chloroethylethylsulfide,115,0.41595976
2-chloroethylethylsulfide,110,0.30722712
2-chloroethylethylsulfide,105,0.22478709
2-chloroethylethylsulfide,100,0.16286095
2-chloroethylethylsulfide,95,0.11679147
2-chloroethylethylsulfide,90,0.08286171
2-chloroethylethylsulfide,85,0.05813404
2-chloroethylethylsulfide,80,0.04030991
2-chloroethylethylsulfide,75,0.02760919
2-chloroethylethylsulfide,70,0.01866797
2-chloroethylethylsulfide,65,0.01245281
2-chloroethylethylsulfide,60,0.00818980
2-chloroethylethylsulfide,55,0.00530649
2-chloroethylethylsulfide,50,0.00338488
2-chloroethylethylsulfide,45,0.00212391
2-chloroethylethylsulfide,40,0.00130984
2-chloroethylethylsulfide,35,0.00079324
2-chloroethylethylsulfide,30,0.00047128
2-chloroethylethylsulfide,25,0.00027442
2-chlorophenol,160,17.16905499
2-chlorophenol,155,15.93539401
2-chlorophenol,150,14.82072967
2-chlorophenol,145,13.81984689
2-chlorophenol,140,12.92739402
2-chlorophenol,135,12.13806341
2-chlorophenol,130,11.44625198
2-chlorophenol,125,10.84723440
2-chlorophenol,120,10.33722353
2-chlorophenol,115,9.91027518
2-chlorophenol,110,9.56348252
2-chlorophenol,105,9.29280173
2-chlorophenol,100,9.09477857
2-chlorophenol,95,8.96634023
2-chlorophenol,90,8.90447716
2-chlorophenol,85,8.90617986
2-chlorophenol,80,8.96832548
2-chlorophenol,75,9.08794905
2-chlorophenol,70,9.26011993
2-chlorophenol,65,9.48107974
2-chlorophenol,60,9.74573309
2-chlorophenol,55,10.04804497
2-chlorophenol,50,10.38201472
2-chlorophenol,45,10.74191032
2-chlorophenol,40,100.00000000
2-chlorophenol,35,100.00000000
2-chlorophenol,30,100.00000000
2-chlorophenol,25,100.00000000
2-chlorothiophene,160,3.63739165
2-chlorothiophene,155,2.86786452
2-chlorothiophene,150,2.24665120
2-chlorothiophene,145,1.74870629
2-chlorothiophene,140,1.35227932
2-chlorothiophene,135,1.03878024
2-chlorothiophene,130,0.79251525
2-chlorothiophene,125,0.60037189
2-chlorothiophene,120,0.45149177
2-chlorothiophene,115,0.33695511
2-chlorothiophene,110,0.24948954
2-chlorothiophene,105,0.18320887
2-chlorothiophene,100,0.13338330
2-chlorothiophene,95,0.09623997
2-chlorothiophene,90,0.06879209
2-chlorothiophene,85,0.04869360
2-chlorothiophene,80,0.03411682
2-chlorothiophene,75,0.02365007
2-chlorothiophene,70,0.01621280
2-chlorothiophene,65,0.01098577
2-chlorothiophene,60,0.00735401
2-chlorothiophene,55,0.00486075
2-chlorothiophene,50,0.00317044
2-chlorothiophene,45,0.00203945
2-chlorothiophene,40,0.00129303
2-chlorothiophene,35,0.00080747
2-chlorothiophene,30,0.00049631
2-chlorothiophene,25,0.00030004
aceticacid-2-ethylhexylester,160,2.02024953
aceticacid-2-ethylhexylester,155,1.60797040
aceticacid-2-ethylhexylester,150,1.27253414
aceticacid-2-ethylhexylester,145,1.00114822
aceticacid-2-ethylhexylester,140,0.78284471
aceticacid-2-ethylhexylester,135,0.60828086
aceticacid-2-ethylhexylester,130,0.46954754
aceticacid-2-ethylhexylester,125,0.35998995
aceticacid-2-ethylhexylester,120,0.27404269
aceticacid-2-ethylhexylester,115,0.20707978
aceticacid-2-ethylhexylester,110,0.15528034
aceticacid-2-ethylhexylester,105,0.11550880
aceticacid-2-ethylhexylester,100,0.08520925
aceticacid-2-ethylhexylester,95,0.06231276
aceticacid-2-ethylhexylester,90,0.04515682
aceticacid-2-ethylhexylester,85,0.03241567
aceticacid-2-ethylhexylester,80,0.02304052
aceticacid-2-ethylhexylester,75,0.01620862
aceticacid-2-ethylhexylester,70,0.01128021
aceticacid-2-ethylhexylester,65,0.00776239
aceticacid-2-ethylhexylester,60,0.00527911
aceticacid-2-ethylhexylester,55,0.00354633
aceticacid-2-ethylhexylester,50,0.00235181
aceticacid-2-ethylhexylester,45,0.00153877
aceticacid-2-ethylhexylester,40,0.00099269
aceticacid-2-ethylhexylester,35,0.00063100
aceticacid-2-ethylhexylester,30,0.00039492
aceticacid-2-ethylhexylester,25,0.00024318
2-propenoicacid-2-ethylhexylester,160,1.64306069
2-propenoicacid-2-ethylhexylester,155,1.30216076
2-propenoicacid-2-ethylhexylester,150,1.02613710
2-propenoicacid-2-ethylhexylester,145,0.80385465
2-propenoicacid-2-ethylhexylester,140,0.62585819
2-propenoicacid-2-ethylhexylester,135,0.48416039
2-propenoicacid-2-ethylhexylester,130,0.37204894
2-propenoicacid-2-ethylhexylester,125,0.28391278
2-propenoicacid-2-ethylhexylester,120,0.21508716
2-propenoicacid-2-ethylhexylester,115,0.16171602
2-propenoicacid-2-ethylhexylester,110,0.12063093
2-propenoicacid-2-ethylhexylester,105,0.08924477
2-propenoicacid-2-ethylhexylester,100,0.06545906
2-propenoicacid-2-ethylhexylester,95,0.04758356
2-propenoicacid-2-ethylhexylester,90,0.03426680
2-propenoicacid-2-ethylhexylester,85,0.02443662
2-propenoicacid-2-ethylhexylester,80,0.01724932
2-propenoicacid-2-ethylhexylester,75,0.01204675
2-propenoicacid-2-ethylhexylester,70,0.00832009
2-propenoicacid-2-ethylhexylester,65,0.00567976
2-propenoicacid-2-ethylhexylester,60,0.00383042
2-propenoicacid-2-ethylhexylester,55,0.00255058
2-propenoicacid-2-ethylhexylester,50,0.00167592
2-propenoicacid-2-ethylhexylester,45,0.00108598
2-propenoicacid-2-ethylhexylester,40,0.00069353
2-propenoicacid-2-ethylhexylester,35,0.00043619
2-propenoicacid-2-ethylhexylester,30,0.00026999
2-propenoicacid-2-ethylhexylester,25,0.00016434
2-ethyl-1-butanol,160,9.05919542
2-ethyl-1-butanol,155,7.61434577
2-ethyl-1-butanol,150,6.35625434
2-ethyl-1-butanol,145,5.27051521
2-ethyl-1-butanol,140,4.34162012
2-ethyl-1-butanol,135,3.55353291
2-ethyl-1-butanol,130,2.89027066
2-ethyl-1-butanol,125,2.33636366
2-ethyl-1-butanol,120,1.87720587
2-ethyl-1-butanol,115,1.49930263
2-ethyl-1-butanol,110,1.19041075
2-ethyl-1-butanol,105,0.93960795
2-ethyl-1-butanol,100,0.73728933
2-ethyl-1-butanol,95,0.57511727
2-ethyl-1-butanol,90,0.44593781
2-ethyl-1-butanol,85,0.34367694
2-ethyl-1-butanol,80,0.26322680
2-ethyl-1-butanol,75,0.20032985
2-ethyl-1-butanol,70,0.15146638
2-ethyl-1-butanol,65,0.11374922
2-ethyl-1-butanol,60,0.08482738
2-ethyl-1-butanol,55,0.06280014
2-ethyl-1-butanol,50,0.04614143
2-ethyl-1-butanol,45,0.03363442
2-ethyl-1-butanol,40,0.02431549
2-ethyl-1-butanol,35,0.01742685
2-ethyl-1-butanol,30,0.01237680
2-ethyl-1-butanol,25,0.00870670
2-ethyl-1-butene,160,1.98806370
2-ethyl-1-butene,155,1.52267150
2-ethyl-1-butene,150,1.15934566
2-ethyl-1-butene,145,0.87712569
2-ethyl-1-butene,140,0.65911481
2-ethyl-1-butene,135,0.49171623
2-ethyl-1-butene,130,0.36401883
2-ethyl-1-butene,125,0.26729293
2-ethyl-1-butene,120,0.19458091
2-ethyl-1-butene,115,0.14036300
2-ethyl-1-butene,110,0.10028363
2-ethyl-1-butene,105,0.07092704
2-ethyl-1-butene,100,0.04963297
2-ethyl-1-butene,95,0.03434548
2-ethyl-1-butene,90,0.02348904
2-ethyl-1-butene,85,0.01586728
2-ethyl-1-butene,80,0.01058072
2-ethyl-1-butene,75,0.00696027
2-ethyl-1-butene,70,0.00451380
2-ethyl-1-butene,65,0.00288376
2-ethyl-1-butene,60,0.00181366
2-ethyl-1-butene,55,0.00112200
2-ethyl-1-butene,50,0.00068220
2-ethyl-1-butene,45,0.00040732
2-ethyl-1-butene,40,0.00023860
2-ethyl-1-butene,35,0.00013699
2-ethyl-1-butene,30,0.00007701
2-ethyl-1-butene,25,0.00004234
2-ethyl-1-hexanol,160,5.35463717
2-ethyl-1-hexanol,155,4.44233326
2-ethyl-1-hexanol,150,3.66631641
2-ethyl-1-hexanol,145,3.01032653
2-ethyl-1-hexanol,140,2.45913181
2-ethyl-1-hexanol,135,1.99869876
2-ethyl-1-hexanol,130,1.61627500
2-ethyl-1-hexanol,125,1.30041631
2-ethyl-1-hexanol,120,1.04096734
2-ethyl-1-hexanol,115,0.82900814
2-ethyl-1-hexanol,110,0.65677678
2-ethyl-1-hexanol,105,0.51757708
2-ethyl-1-hexanol,100,0.40567840
2-ethyl-1-hexanol,95,0.31621317
2-ethyl-1-hexanol,90,0.24507601
2-ethyl-1-hexanol,85,0.18882788
2-ethyl-1-hexanol,80,0.14460637
2-ethyl-1-hexanol,75,0.11004392
2-ethyl-1-hexanol,70,0.08319425
2-ethyl-1-hexanol,65,0.06246695
2-ethyl-1-hexanol,60,0.04657020
2-ethyl-1-hexanol,55,0.03446101
2-ethyl-1-hexanol,50,0.02530235
2-ethyl-1-hexanol,45,0.01842671
2-ethyl-1-hexanol,40,0.01330514
2-ethyl-1-hexanol,35,0.00952127
2-ethyl-1-hexanol,30,0.00674967
2-ethyl-1-hexanol,25,0.00473780
2-furancarbonitrile,160,4.54151604
2-furancarbonitrile,155,3.58467640
2-furancarbonitrile,150,2.81148860
2-furancarbonitrile,145,2.19125163
2-furancarbonitrile,140,1.69712306
2-furancarbonitrile,135,1.30607201
2-furancarbonitrile,130,0.99861575
2-furancarbonitrile,125,0.75846182
2-furancarbonitrile,120,0.57211684
2-furancarbonitrile,115,0.42849994
2-furancarbonitrile,110,0.31858156
2-furancarbonitrile,105,0.23505736
2-furancarbonitrile,100,0.17206067
2-furancarbonitrile,95,0.12491282
2-furancarbonitrile,90,0.08990950
2-furancarbonitrile,85,0.06413945
2-furancarbonitrile,80,0.04533212
2-furancarbonitrile,75,0.03173073
2-furancarbonitrile,70,0.02198727
2-furancarbonitrile,65,0.01507630
2-furancarbonitrile,60,0.01022484
2-furancarbonitrile,55,0.00685572
2-furancarbonitrile,50,0.00454223
2-furancarbonitrile,45,0.00297222
2-furancarbonitrile,40,0.00191978
2-furancarbonitrile,35,0.00122330
2-furancarbonitrile,30,0.00076853
2-furancarbonitrile,25,0.00047573
2-heptanol,160,5.62677346
2-heptanol,155,4.62279104
2-heptanol,150,3.77469918
2-heptanol,145,3.06357195
2-heptanol,140,2.47152861
2-heptanol,135,1.98202117
2-heptanol,130,1.58000344
2-heptanol,125,1.25200323
2-heptanol,120,0.98611981
2-heptanol,115,0.77196658
2-heptanol,110,0.60057666
2-heptanol,105,0.46428525
2-heptanol,100,0.35660073
2-heptanol,95,0.27207204
2-heptanol,90,0.20615910
2-heptanol,85,0.15510992
2-heptanol,80,0.11584725
2-heptanol,75,0.08586585
2-heptanol,70,0.06314107
2-heptanol,65,0.04604865
2-heptanol,60,0.03329511
2-heptanol,55,0.02385808
2-heptanol,50,0.01693568
2-heptanol,45,0.01190392
2-heptanol,40,0.00828117
2-heptanol,35,0.00569887
2-heptanol,30,0.00387746
2-heptanol,25,0.00260685
(z)-2-butenoicacid,160,27.32989965
(z)-2-butenoicacid,155,25.67225053
(z)-2-butenoicacid,150,24.12545989
(z)-2-butenoicacid,145,22.68915301
(z)-2-butenoicacid,140,21.36233538
(z)-2-butenoicacid,135,20.14345674
(z)-2-butenoicacid,130,19.03078406
(z)-2-butenoicacid,125,18.02183006
(z)-2-butenoicacid,120,17.11291830
(z)-2-butenoicacid,115,16.30179236
(z)-2-butenoicacid,110,15.58582756
(z)-2-butenoicacid,105,14.96169060
(z)-2-butenoicacid,100,14.42585955
(z)-2-butenoicacid,95,13.97596389
(z)-2-butenoicacid,90,13.60787012
(z)-2-butenoicacid,85,13.32050510
(z)-2-butenoicacid,80,13.10969521
(z)-2-butenoicacid,75,12.97324266
(z)-2-butenoicacid,70,12.90844709
(z)-2-butenoicacid,65,12.91241604
(z)-2-butenoicacid,60,12.98227646
(z)-2-butenoicacid,55,13.11483207
(z)-2-butenoicacid,50,13.30628747
(z)-2-butenoicacid,45,13.55331767
(z)-2-butenoicacid,40,13.85092404
(z)-2-butenoicacid,35,14.19542127
(z)-2-butenoicacid,30,14.58206667
(z)-2-butenoicacid,25,15.00693079
2-methylcyclohexanol,160,6.58197505
2-methylcyclohexanol,155,5.42604296
2-methylcyclohexanol,150,4.44263035
2-methylcyclohexanol,145,3.61312322
2-methylcyclohexanol,140,2.91917156
2-methylcyclohexanol,135,2.34319739
2-methylcyclohexanol,130,1.86877752
2-methylcyclohexanol,125,1.48088179
2-methylcyclohexanol,120,1.16600051
2-methylcyclohexanol,115,0.91218041
2-methylcyclohexanol,110,0.70899151
2-methylcyclohexanol,105,0.54744550
2-methylcyclohexanol,100,0.41988313
2-methylcyclohexanol,95,0.31984434
2-methylcyclohexanol,90,0.24193238
2-methylcyclohexanol,85,0.18167874
2-methylcyclohexanol,80,0.13541482
2-methylcyclohexanol,75,0.10015323
2-methylcyclohexanol,70,0.07348061
2-methylcyclohexanol,65,0.05346249
2-methylcyclohexanol,60,0.03856038
2-methylcyclohexanol,55,0.02756024
2-methylcyclohexanol,50,0.01951170
2-methylcyclohexanol,45,0.01367680
2-methylcyclohexanol,40,0.00948732
2-methylcyclohexanol,35,0.00650953
2-methylcyclohexanol,30,0.00441533
2-methylcyclohexanol,25,0.00295889
2-methylcyclohexanone,160,7.17157353
2-methylcyclohexanone,155,5.89243219
2-methylcyclohexanone,150,4.80166464
2-methylcyclohexanone,145,3.88114460
2-methylcyclohexanone,140,3.11206559
2-methylcyclohexanone,135,2.47570335
2-methylcyclohexanone,130,1.95405647
2-methylcyclohexanone,125,1.53029945
2-methylcyclohexanone,120,1.18908106
2-methylcyclohexanone,115,0.91668263
2-methylcyclohexanone,110,0.70106361
2-methylcyclohexanone,105,0.53182249
2-methylcyclohexanone,100,0.40010056
2-methylcyclohexanone,95,0.29844878
2-methylcyclohexanone,90,0.22067700
2-methylcyclohexanone,85,0.16169754
2-methylcyclohexanone,80,0.11737234
2-methylcyclohexanone,75,0.08436959
2-methylcyclohexanone,70,0.06003314
2-methylcyclohexanone,65,0.04226620
2-methylcyclohexanone,60,0.02942997
2-methylcyclohexanone,55,0.02025644
2-methylcyclohexanone,50,0.01377462
2-methylcyclohexanone,45,0.00924890
2-methylcyclohexanone,40,0.00612813
2-methylcyclohexanone,35,0.00400414
2-methylcyclohexanone,30,0.00257828
2-methylcyclohexanone,25,0.00163481
2-methylpyrazine,160,7.27613059
2-methylpyrazine,155,5.90288014
2-methylpyrazine,150,4.74845431
2-methylpyrazine,145,3.78860154
2-methylpyrazine,140,2.99874163
2-methylpyrazine,135,2.35508021
2-methylpyrazine,130,1.83538865
2-methylpyrazine,125,1.41948673
2-methylpyrazine,120,1.08947510
2-methylpyrazine,115,0.82978483
2-methylpyrazine,110,0.62709709
2-methylpyrazine,105,0.47018102
2-methylpyrazine,100,0.34968653
2-methylpyrazine,95,0.25791862
2-methylpyrazine,90,0.18861153
2-methylpyrazine,85,0.13671414
2-methylpyrazine,80,0.09819362
2-methylpyrazine,75,0.06986027
2-methylpyrazine,70,0.04921467
2-methylpyrazine,65,0.03431662
2-methylpyrazine,60,0.02367424
2-methylpyrazine,55,0.01615150
2-methylpyrazine,50,0.01089194
2-methylpyrazine,45,0.00725657
2-methylpyrazine,40,0.00477368
2-methylpyrazine,35,0.00309898
2-methylpyrazine,30,0.00198408
2-methylpyrazine,25,0.00125196
2-methyltetrahydrofuran,160,10.36968185
2-methyltetrahydrofuran,155,8.62042146
2-methyltetrahydrofuran,150,7.10078257
2-methyltetrahydrofuran,145,5.79666561
2-methyltetrahydrofuran,140,4.69064563
2-methyltetrahydrofuran,135,3.76321594
2-methyltetrahydrofuran,130,2.99393297
2-methyltetrahydrofuran,125,2.36240821
2-methyltetrahydrofuran,120,1.84907709
2-methyltetrahydrofuran,115,1.43575816
2-methyltetrahydrofuran,110,1.10599340
2-methyltetrahydrofuran,105,0.84521386
2-methyltetrahydrofuran,100,0.64076771
2-methyltetrahydrofuran,95,0.48184957
2-methyltetrahydrofuran,90,0.35936572
2-methyltetrahydrofuran,85,0.26576349
2-methyltetrahydrofuran,80,0.19484495
2-methyltetrahydrofuran,75,0.14158041
2-methyltetrahydrofuran,70,0.10193102
2-methyltetrahydrofuran,65,0.07268625
2-methyltetrahydrofuran,60,0.05131910
2-methyltetrahydrofuran,55,0.03585994
2-methyltetrahydrofuran,50,0.02478858
2-methyltetrahydrofuran,45,0.01694324
2-methyltetrahydrofuran,40,0.01144511
2-methyltetrahydrofuran,35,0.00763624
2-methyltetrahydrofuran,30,0.00502939
2-methyltetrahydrofuran,25,0.00326774
methyldioxolane,160,10.91036072
methyldioxolane,155,9.05744115
methyldioxolane,150,7.43958656
methyldioxolane,145,6.04671467
methyldioxolane,140,4.86400349
methyldioxolane,135,3.87316359
methyldioxolane,130,3.05374467
methyldioxolane,125,2.38443572
methyldioxolane,120,1.84417083
methyldioxolane,115,1.41297359
methyldioxolane,110,1.07254080
methyldioxolane,105,0.80657050
methyldioxolane,100,0.60088754
methyldioxolane,95,0.44341701
methyldioxolane,90,0.32405528
methyldioxolane,85,0.23448113
methyldioxolane,80,0.16793832
methyldioxolane,75,0.11901289
methyldioxolane,70,0.08341982
methyldioxolane,65,0.05780759
methyldioxolane,60,0.03958509
methyldioxolane,55,0.02677208
methyldioxolane,50,0.01787274
methyldioxolane,45,0.01177052
methyldioxolane,40,0.00764213
methyldioxolane,35,0.00488817
methyldioxolane,30,0.00307803
methyldioxolane,25,0.00190657
2-methyl-1-butanol,160,11.60537392
2-methyl-1-butanol,155,9.82025216
2-methyl-1-butanol,150,8.24395442
2-methyl-1-butanol,145,6.86673823
2-methyl-1-butanol,140,5.67593313
2-methyl-1-butanol,135,4.65668358
2-methyl-1-butanol,130,3.79274705
2-methyl-1-butanol,125,3.06729269
2-methyl-1-butanol,120,2.46355389
2-methyl-1-butanol,115,1.96538226
2-methyl-1-butanol,110,1.55765806
2-methyl-1-butanol,105,1.22654741
2-methyl-1-butanol,100,0.95965660
2-methyl-1-butanol,95,0.74607513
2-methyl-1-butanol,90,0.57634655
2-methyl-1-butanol,85,0.44238640
2-methyl-1-butanol,80,0.33736707
2-methyl-1-butanol,75,0.25558547
2-methyl-1-butanol,70,0.19232509
2-methyl-1-butanol,65,0.14372097
2-methyl-1-butanol,60,0.10663299
2-methyl-1-butanol,55,0.07853044
2-methyl-1-butanol,50,0.05738944
2-methyl-1-butanol,45,0.04160360
2-methyl-1-butanol,40,0.02990727
2-methyl-1-butanol,35,0.02131060
2-methyl-1-butanol,30,0.01504519
2-methyl-1-butanol,25,0.01051901
2-methyl-1-butene,160,3.80833468
2-methyl-1-butene,155,2.93419006
2-methyl-1-butene,150,2.24645009
2-methyl-1-butene,145,1.70869541
2-methyl-1-butene,140,1.29081795
2-methyl-1-butene,135,0.96816247
2-methyl-1-butene,130,0.72069065
2-methyl-1-butene,125,0.53221605
2-methyl-1-butene,120,0.38974138
2-methyl-1-butene,115,0.28288936
2-methyl-1-butene,110,0.20342389
2-methyl-1-butene,105,0.14484987
2-methyl-1-butene,100,0.10208040
2-methyl-1-butene,95,0.07116121
2-methyl-1-butene,90,0.04904336
2-methyl-1-butene,85,0.03339660
2-methyl-1-butene,80,0.02245680
2-methyl-1-butene,75,0.01490196
2-methyl-1-butene,70,0.00975221
2-methyl-1-butene,65,0.00628964
2-methyl-1-butene,60,0.00399482
2-methyl-1-butene,55,0.00249680
2-methyl-1-butene,50,0.00153440
2-methyl-1-butene,45,0.00092639
2-methyl-1-butene,40,0.00054898
2-methyl-1-butene,35,0.00031902
2-methyl-1-butene,30,0.00018161
2-methyl-1-butene,25,0.00010117
2-chloro-2-butenal,160,6.13757895
2-chloro-2-butenal,155,4.92499495
2-chloro-2-butenal,150,3.91762962
2-chloro-2-butenal,145,3.08995442
2-chloro-2-butenal,140,2.41695382
2-chloro-2-butenal,135,1.87508182
2-chloro-2-butenal,130,1.44286854
2-chloro-2-butenal,125,1.10123221
2-chloro-2-butenal,120,0.83356801
2-chloro-2-butenal,115,0.62568103
2-chloro-2-butenal,110,0.46562053
2-chloro-2-butenal,105,0.34345933
2-chloro-2-butenal,100,0.25105034
2-chloro-2-butenal,95,0.18178147
2-chloro-2-butenal,90,0.13034275
2-chloro-2-butenal,85,0.09251298
2-chloro-2-butenal,80,0.06497000
2-chloro-2-butenal,75,0.04512523
2-chloro-2-butenal,70,0.03098208
2-chloro-2-butenal,65,0.02101653
2-chloro-2-butenal,60,0.01407769
2-chloro-2-butenal,55,0.00930611
2-chloro-2-butenal,50,0.00606740
2-chloro-2-butenal,45,0.00389899
2-chloro-2-butenal,40,0.00246783
2-chloro-2-butenal,35,0.00153736
2-chloro-2-butenal,30,0.00094189
2-chloro-2-butenal,25,0.00056706
2-methyl-1-pentanol,160,8.91275816
2-methyl-1-pentanol,155,7.48543681
2-methyl-1-pentanol,150,6.24426385
2-methyl-1-pentanol,145,5.17444104
2-methyl-1-pentanol,140,4.26017520
2-methyl-1-pentanol,135,3.48526129
2-methyl-1-pentanol,130,2.83364468
2-methyl-1-pentanol,125,2.28986311
2-methyl-1-pentanol,120,1.83937763
2-methyl-1-pentanol,115,1.46880088
2-methyl-1-pentanol,110,1.16602202
2-methyl-1-pentanol,105,0.92026166
2-methyl-1-pentanol,100,0.72205873
2-methyl-1-pentanol,95,0.56321312
2-methyl-1-pentanol,90,0.43669768
2-methyl-1-pentanol,85,0.33655194
2-methyl-1-pentanol,80,0.25776742
2-methyl-1-pentanol,75,0.19617189
2-methyl-1-pentanol,70,0.14831768
2-methyl-1-pentanol,65,0.11137759
2-methyl-1-pentanol,60,0.08304997
2-methyl-1-pentanol,55,0.06147414
2-methyl-1-pentanol,50,0.04515627
2-methyl-1-pentanol,45,0.03290514
2-methyl-1-pentanol,40,0.02377733
2-methyl-1-pentanol,35,0.01703079
2-methyl-1-pentanol,30,0.01208602
2-methyl-1-pentanol,25,0.00849367
2-methyl-2-butanol,160,10.37781397
2-methyl-2-butanol,155,8.67078964
2-methyl-2-butanol,150,7.18299047
2-methyl-2-butanol,145,5.90084198
2-methyl-2-butanol,140,4.80800263
2-methyl-2-butanol,135,3.88632951
2-methyl-2-butanol,130,3.11686733
2-methyl-2-butanol,125,2.48068948
2-methyl-2-butanol,120,1.95957622
2-methyl-2-butanol,115,1.53649889
2-methyl-2-butanol,110,1.19594363
2-methyl-2-butanol,105,0.92407549
2-methyl-2-butanol,100,0.70878378
2-methyl-2-butanol,95,0.53963778
2-methyl-2-butanol,90,0.40778156
2-methyl-2-butanol,85,0.30579186
2-methyl-2-butanol,80,0.22751850
2-methyl-2-butanol,75,0.16792003
2-methyl-2-butanol,70,0.12290502
2-methyl-2-butanol,65,0.08918433
2-methyl-2-butanol,60,0.06413783
2-methyl-2-butanol,55,0.04569683
2-methyl-2-butanol,50,0.03224245
2-methyl-2-butanol,45,0.02251897
2-methyl-2-butanol,40,0.01556107
2-methyl-2-butanol,35,0.01063351
2-methyl-2-butanol,30,0.00718154
2-methyl-2-butanol,25,0.00479074
2-methyl-2-butene,160,3.33407977
2-methyl-2-butene,155,2.55882349
2-methyl-2-butene,150,1.95190888
2-methyl-2-butene,145,1.47944613
2-methyl-2-butene,140,1.11378830
2-methyl-2-butene,135,0.83252557
2-methyl-2-butene,130,0.61759044
2-methyl-2-butene,125,0.45448408
2-methyl-2-butene,120,0.33162849
2-methyl-2-butene,115,0.23982423
2-methyl-2-butene,110,0.17180216
2-methyl-2-butene,105,0.12185343
2-methyl-2-butene,100,0.08552483
2-methyl-2-butene,95,0.05936844
2-methyl-2-butene,90,0.04073639
2-methyl-2-butene,85,0.02761327
2-methyl-2-butene,80,0.01847971
2-methyl-2-butene,75,0.01220216
2-methyl-2-butene,70,0.00794423
2-methyl-2-butene,65,0.00509606
2-methyl-2-butene,60,0.00321859
2-methyl-2-butene,55,0.00199989
2-methyl-2-butene,50,0.00122152
2-methyl-2-butene,45,0.00073279
2-methyl-2-butene,40,0.00043136
2-methyl-2-butene,35,0.00024892
2-methyl-2-butene,30,0.00014067
2-methyl-2-butene,25,0.00007777
2-methylfuran,160,10.94266111
2-methylfuran,155,9.00441442
2-methylfuran,150,7.32478272
2-methylfuran,145,5.89176913
2-methylfuran,140,4.68744549
2-methylfuran,135,3.68978812
2-methylfuran,130,2.87453310
2-methylfuran,125,2.21686774
2-methylfuran,120,1.69276227
2-methylfuran,115,1.27990966
2-methylfuran,110,0.95829249
2-methylfuran,105,0.71043647
2-methylfuran,100,0.52143500
2-methylfuran,95,0.37881830
2-methylfuran,90,0.27233085
2-methylfuran,85,0.19366488
2-methylfuran,80,0.13618274
2-methylfuran,75,0.09464928
2-methylfuran,70,0.06498647
2-methylfuran,65,0.04405609
2-methylfuran,60,0.02947234
2-methylfuran,55,0.01944371
2-methylfuran,50,0.01264188
2-methylfuran,45,0.00809479
2-methylfuran,40,0.00510077
2-methylfuran,35,0.00316052
2-methylfuran,30,0.00192401
2-methylfuran,25,0.00114973
2-nitropropane,160,10.65460241
2-nitropropane,155,8.75850628
2-nitropropane,150,7.11194399
2-nitropropane,145,5.70521678
2-nitropropane,140,4.52254150
2-nitropropane,135,3.54356434
2-nitropropane,130,2.74517793
2-nitropropane,125,2.10321911
2-nitropropane,120,1.59393235
2-nitropropane,115,1.19503700
2-nitropropane,110,0.88641404
2-nitropropane,105,0.65045136
2-nitropropane,100,0.47212552
2-nitropropane,95,0.33889898
2-nitropropane,90,0.24050590
2-nitropropane,85,0.16868098
2-nitropropane,80,0.11687079
2-nitropropane,75,0.07995295
2-nitropropane,70,0.05397807
2-nitropropane,65,0.03594166
2-nitropropane,60,0.02358845
2-nitropropane,55,0.01524836
2-nitropropane,50,0.00970178
2-nitropropane,45,0.00607078
2-nitropropane,40,0.00373287
2-nitropropane,35,0.00225354
2-nitropropane,30,0.00133446
2-nitropropane,25,0.00077435
2-nitrothiophene,160,4.80618469
2-nitrothiophene,155,3.85726130
2-nitrothiophene,150,3.07275502
2-nitrothiophene,145,2.43000085
2-nitrothiophene,140,1.90786776
2-nitrothiophene,135,1.48717548
2-nitrothiophene,130,1.15088906
2-nitrothiophene,125,0.88414903
2-nitrothiophene,120,0.67418944
2-nitrothiophene,115,0.51018617
2-nitrothiophene,110,0.38306748
2-nitrothiophene,105,0.28530976
2-nitrothiophene,100,0.21073375
2-nitrothiophene,95,0.15431085
2-nitrothiophene,90,0.11198523
2-nitrothiophene,85,0.08051425
2-nitrothiophene,80,0.05732806
2-nitrothiophene,75,0.04040808
2-nitrothiophene,70,0.02818313
2-nitrothiophene,65,0.01944163
2-nitrothiophene,60,0.01325837
2-nitrothiophene,55,0.00893392
2-nitrothiophene,50,0.00594506
2-nitrothiophene,45,0.00390472
2-nitrothiophene,40,0.00252980
2-nitrothiophene,35,0.00161575
2-nitrothiophene,30,0.00101665
2-nitrothiophene,25,0.00062976
2-octanol,160,4.29492652
2-octanol,155,3.51185188
2-octanol,150,2.85596174
2-octanol,145,2.30997312
2-octanol,140,1.85819947
2-octanol,135,1.48659020
2-octanol,130,1.18270537
2-octanol,125,0.93564629
2-octanol,120,0.73595399
2-octanol,115,0.57549051
2-octanol,110,0.44731104
2-octanol,105,0.34553427
2-octanol,100,0.26521581
2-octanol,95,0.20222815
2-octanol,90,0.15314936
2-octanol,85,0.11516160
2-octanol,80,0.08596002
2-octanol,75,0.06367202
2-octanol,70,0.04678649
2-octanol,65,0.03409239
2-octanol,60,0.02462601
2-octanol,55,0.01762598
2-octanol,50,0.01249528
2-octanol,45,0.00876945
2-octanol,40,0.00609002
2-octanol,35,0.00418272
2-octanol,30,0.00283957
2-octanol,25,0.00190435
piracetam,160,0.34378397
piracetam,155,0.27008011
piracetam,150,0.21122025
piracetam,145,0.16440623
piracetam,140,0.12733478
piracetam,135,0.09811375
piracetam,130,0.07519262
piracetam,125,0.05730487
piracetam,120,0.04341966
piracetam,115,0.03270135
piracetam,110,0.02447559
piracetam,105,0.01820077
piracetam,100,0.01344413
piracetam,95,0.00986179
piracetam,90,0.00718203
piracetam,85,0.00519148
piracetam,80,0.00372362
piracetam,75,0.00264935
piracetam,70,0.00186931
piracetam,65,0.00130750
piracetam,60,0.00090631
piracetam,55,0.00062232
piracetam,50,0.00042315
piracetam,45,0.00028479
piracetam,40,0.00018964
piracetam,35,0.00012488
piracetam,30,0.00008128
piracetam,25,0.00005226
2-pentanol,160,10.29893062
2-pentanol,155,8.60455096
2-pentanol,150,7.12884359
2-pentanol,145,5.85785713
2-pentanol,140,4.77498587
2-pentanol,135,3.86194100
2-pentanol,130,3.09972431
2-pentanol,125,2.46944928
2-pentanol,120,1.95299606
2-pentanol,115,1.53347390
2-pentanol,110,1.19552534
2-pentanol,105,0.92547544
2-pentanol,100,0.71136648
2-pentanol,95,0.54290686
2-pentanol,90,0.41136229
2-pentanol,85,0.30941234
2-pentanol,80,0.23099120
2-pentanol,75,0.17112467
2-pentanol,70,0.12577332
2-pentanol,65,0.09168692
2-pentanol,60,0.06627329
2-pentanol,55,0.04748283
2-pentanol,50,0.03370865
2-pentanol,45,0.02370160
2-pentanol,40,0.01649890
2-pentanol,35,0.01136493
2-pentanol,30,0.00774267
2-pentanol,25,0.00521418
2-phenoxyethanol,160,5.75753266
2-phenoxyethanol,155,4.76179252
2-phenoxyethanol,150,3.91452049
2-phenoxyethanol,145,3.19904658
2-phenoxyethanol,140,2.59926904
2-phenoxyethanol,135,2.09998607
2-phenoxyethanol,130,1.68714757
2-phenoxyethanol,125,1.34799329
2-phenoxyethanol,120,1.07111400
2-phenoxyethanol,115,0.84644833
2-phenoxyethanol,110,0.66523210
2-phenoxyethanol,105,0.51991508
2-phenoxyethanol,100,0.40405772
2-phenoxyethanol,95,0.31221793
2-phenoxyethanol,90,0.23983524
2-phenoxyethanol,85,0.18311813
2-phenoxyethanol,80,0.13893755
2-phenoxyethanol,75,0.10472927
2-phenoxyethanol,70,0.07840604
2-phenoxyethanol,65,0.05827989
2-phenoxyethanol,60,0.04299435
2-phenoxyethanol,55,0.03146614
2-phenoxyethanol,50,0.02283549
2-phenoxyethanol,45,0.01642430
2-phenoxyethanol,40,0.01170109
2-phenoxyethanol,35,0.00825201
2-phenoxyethanol,30,0.00575701
2-phenoxyethanol,25,0.00397032
2-phenylethanol,160,8.83935871
2-phenylethanol,155,7.53520612
2-phenylethanol,150,6.38969819
2-phenylethanol,145,5.39063624
2-phenylethanol,140,4.52525734
2-phenylethanol,135,3.78060709
2-phenylethanol,130,3.14386571
2-phenylethanol,125,2.60266971
2-phenylethanol,120,2.14530694
2-phenylethanol,115,1.76088566
2-phenylethanol,110,1.43943481
2-phenylethanol,105,1.17195237
2-phenylethanol,100,0.95041489
2-phenylethanol,95,0.76774589
2-phenylethanol,90,0.61776989
2-phenylethanol,85,0.49514491
2-phenylethanol,80,0.39528725
2-phenylethanol,75,0.31429238
2-phenylethanol,70,0.24885614
2-phenylethanol,65,0.19619904
2-phenylethanol,60,0.15399552
2-phenylethanol,55,0.12030940
2-phenylethanol,50,0.09353598
2-phenylethanol,45,0.07235086
2-phenylethanol,40,0.05566535
2-phenylethanol,35,0.04258789
2-phenylethanol,30,0.03239110
2-phenylethanol,25,0.02448376
2-propanethiol,160,11.89605381
2-propanethiol,155,9.83879494
2-propanethiol,150,8.04618205
2-propanethiol,145,6.50809948
2-propanethiol,140,5.20794100
2-propanethiol,135,4.12444912
2-propanethiol,130,3.23360802
2-propanethiol,125,2.51042124
2-propanethiol,120,1.93034072
2-propanethiol,115,1.47031068
2-propanethiol,110,1.10942718
2-propanethiol,105,0.82927237
2-propanethiol,100,0.61399809
2-propanethiol,95,0.45023766
2-propanethiol,90,0.32691015
2-propanethiol,85,0.23496836
2-propanethiol,80,0.16712658
2-propanethiol,75,0.11759198
2-propanethiol,70,0.08181423
2-propanethiol,65,0.05626070
2-propanethiol,60,0.03822057
2-propanethiol,55,0.02563781
2-propanethiol,50,0.01697141
2-propanethiol,45,0.01108040
2-propanethiol,40,0.00713062
2-propanethiol,35,0.00452015
2-propanethiol,30,0.00282057
2-propanethiol,25,0.00173128
2-propanol,160,18.04849603
2-propanol,155,15.37907452
2-propanol,150,12.95501280
2-propanol,145,10.78828635
2-propanol,140,8.88225663
2-propanol,135,7.23200092
2-propanol,130,5.82519034
2-propanol,125,4.64365317
2-propanol,120,3.66526186
2-propanol,115,2.86576963
2-propanol,110,2.22049880
2-propanol,105,1.70566131
2-propanol,100,1.29926852
2-propanol,95,0.98167732
2-propanol,90,0.73581734
2-propanol,85,0.54719111
2-propanol,80,0.40372202
2-propanol,75,0.29551473
2-propanol,70,0.21457679
2-propanol,65,0.15453378
2-propanol,60,0.11035949
2-propanol,55,0.07813215
2-propanol,50,0.05482176
2-propanol,45,0.03810921
2-propanol,40,0.02623575
2-propanol,35,0.01787963
2-propanol,30,0.01205652
2-propanol,25,0.00804011
propynol,160,16.97953184
propynol,155,14.69778502
propynol,150,12.68014856
propynol,145,10.91197113
propynol,140,9.37433268
propynol,135,8.04595676
propynol,130,6.90474500
propynol,125,5.92891319
propynol,120,5.09776667
propynol,115,4.39217898
propynol,110,3.79484276
propynol,105,3.29035608
propynol,100,2.86519685
propynol,95,2.50762588
propynol,90,2.20754947
propynol,85,1.95636290
propynol,80,1.74678993
propynol,75,1.57272810
propynol,70,1.42910596
propynol,65,1.31175593
propynol,60,1.21730453
propynol,55,1.14308107
propynol,50,1.08704488
propynol,45,1.04773111
propynol,40,1.02421323
propynol,35,1.01609107
propynol,30,1.02348246
propynol,25,1.04704354
2-pyrrolidon,160,4.56795839
2-pyrrolidon,155,3.67835768
2-pyrrolidon,150,2.94483549
2-pyrrolidon,145,2.34395954
2-pyrrolidon,140,1.85487954
2-pyrrolidon,135,1.45928738
2-pyrrolidon,130,1.14129410
2-pyrrolidon,125,0.88725364
2-pyrrolidon,120,0.68555704
2-pyrrolidon,115,0.52641447
2-pyrrolidon,110,0.40163765
2-pyrrolidon,105,0.30443092
2-pyrrolidon,100,0.22919642
2-pyrrolidon,95,0.17135641
2-pyrrolidon,90,0.12719405
2-pyrrolidon,85,0.09371287
2-pyrrolidon,80,0.06851432
2-pyrrolidon,75,0.04969216
2-pyrrolidon,70,0.03574246
2-pyrrolidon,65,0.02548749
2-pyrrolidon,60,0.01801198
2-pyrrolidon,55,0.01261023
2-pyrrolidon,50,0.00874249
2-pyrrolidon,45,0.00599942
2-pyrrolidon,40,0.00407327
2-pyrrolidon,35,0.00273477
2-pyrrolidon,30,0.00181473
2-pyrrolidon,25,0.00118951
"2-(1,1-dimethylethyl)-4-methylphenol",160,22.24706936
"2-(1,1-dimethylethyl)-4-methylphenol",155,21.52521668
"2-(1,1-dimethylethyl)-4-methylphenol",150,20.90360112
"2-(1,1-dimethylethyl)-4-methylphenol",145,20.37642719
"2-(1,1-dimethylethyl)-4-methylphenol",140,19.93901147
"2-(1,1-dimethylethyl)-4-methylphenol",135,19.58879250
"2-(1,1-dimethylethyl)-4-methylphenol",130,19.31978884
"2-(1,1-dimethylethyl)-4-methylphenol",125,100.00000000
"2-(1,1-dimethylethyl)-4-methylphenol",120,100.00000000
"2-(1,1-dimethylethyl)-4-methylphenol",115,100.00000000
"2-(1,1-dimethylethyl)-4-methylphenol",110,100.00000000
"2-(1,1-dimethylethyl)-4-methylphenol",105,100.00000000
"2-(1,1-dimethylethyl)-4-methylphenol",100,100.00000000
"2-(1,1-dimethylethyl)-4-methylphenol",95,100.00000000
"2-(1,1-dimethylethyl)-4-methylphenol",90,100.00000000
"2-(1,1-dimethylethyl)-4-methylphenol",85,100.00000000
"2-(1,1-dimethylethyl)-4-methylphenol",80,100.00000000
"2-(1,1-dimethylethyl)-4-methylphenol",75,100.00000000
"2-(1,1-dimethylethyl)-4-methylphenol",70,100.00000000
"2-(1,1-dimethylethyl)-4-methylphenol",65,100.00000000
"2-(1,1-dimethylethyl)-4-methylphenol",60,100.00000000
"2-(1,1-dimethylethyl)-4-methylphenol",55,100.00000000
"2-(1,1-dimethylethyl)-4-methylphenol",50,100.00000000
"2-(1,1-dimethylethyl)-4-methylphenol",45,100.00000000
"2-(1,1-dimethylethyl)-4-methylphenol",40,100.00000000
"2-(1,1-dimethylethyl)-4-methylphenol",35,100.00000000
"2-(1,1-dimethylethyl)-4-methylphenol",30,100.00000000
"2-(1,1-dimethylethyl)-4-methylphenol",25,100.00000000
(methylthio)-ethane,160,10.40695546
(methylthio)-ethane,155,8.48424818
(methylthio)-ethane,150,6.83963226
(methylthio)-ethane,145,5.45440768
(methylthio)-ethane,140,4.30451707
(methylthio)-ethane,135,3.36290111
(methylthio)-ethane,130,2.60159818
(methylthio)-ethane,125,1.99339041
(methylthio)-ethane,120,1.51294328
(methylthio)-ethane,115,1.13748424
(methylthio)-ethane,110,0.84710755
(methylthio)-ethane,105,0.62480753
(methylthio)-ethane,100,0.45633281
(methylthio)-ethane,95,0.32993633
(methylthio)-ethane,90,0.23607593
(methylthio)-ethane,85,0.16710281
(methylthio)-ethane,80,0.11696148
(methylthio)-ethane,75,0.08091451
(methylthio)-ethane,70,0.05529856
(methylthio)-ethane,65,0.03731359
(methylthio)-ethane,60,0.02484457
(methylthio)-ethane,55,0.01631306
(methylthio)-ethane,50,0.01055579
(methylthio)-ethane,45,0.00672654
(methylthio)-ethane,40,0.00421807
(methylthio)-ethane,35,0.00260085
(methylthio)-ethane,30,0.00157555
(methylthio)-ethane,25,0.00093687
2-methyl-benzeneamine,160,9.84015215
2-methyl-benzeneamine,155,8.26754032
2-methyl-benzeneamine,150,6.88851537
2-methyl-benzeneamine,145,5.69227323
2-methyl-benzeneamine,140,4.66557492
2-methyl-benzeneamine,135,3.79353823
2-methyl-benzeneamine,130,3.06031579
2-methyl-benzeneamine,125,2.44980344
2-methyl-benzeneamine,120,1.94622699
2-methyl-benzeneamine,115,1.53460770
2-methyl-benzeneamine,110,1.20108465
2-methyl-benzeneamine,105,0.93312254
2-methyl-benzeneamine,100,0.71960391
2-methyl-benzeneamine,95,0.55083726
2-methyl-benzeneamine,90,0.41850226
2-methyl-benzeneamine,85,0.31555269
2-methyl-benzeneamine,80,0.23609465
2-methyl-benzeneamine,75,0.17525405
2-methyl-benzeneamine,70,0.12904246
2-methyl-benzeneamine,65,0.09422869
2-methyl-benzeneamine,60,0.06822006
2-methyl-benzeneamine,55,0.04895550
2-methyl-benzeneamine,50,0.03481158
2-methyl-benzeneamine,45,0.02452119
2-methyl-benzeneamine,40,0.01710444
2-methyl-benzeneamine,35,0.01181056
2-methyl-benzeneamine,30,0.00806979
2-methyl-benzeneamine,25,0.00545395
2-vinyltoluene,160,3.62059106
2-vinyltoluene,155,2.85801625
2-vinyltoluene,150,2.23983914
2-vinyltoluene,145,1.74264927
2-vinyltoluene,140,1.34583491
2-vinyltoluene,135,1.03154068
2-vinyltoluene,130,0.78450728
2-vinyltoluene,125,0.59184548
2-vinyltoluene,120,0.44278032
2-vinyltoluene,115,0.32838965
2-vinyltoluene,110,0.24135149
2-vinyltoluene,105,0.17570925
2-vinyltoluene,100,0.12665867
2-vinyltoluene,95,0.09035862
2-vinyltoluene,90,0.06376533
2-vinyltoluene,85,0.04448902
2-vinyltoluene,80,0.03067142
2-vinyltoluene,75,0.02088208
2-vinyltoluene,70,0.01403148
2-vinyltoluene,65,0.00929907
2-vinyltoluene,60,0.00607411
2-vinyltoluene,55,0.00390764
2-vinyltoluene,50,0.00247401
2-vinyltoluene,45,0.00154025
2-vinyltoluene,40,0.00094211
2-vinyltoluene,35,0.00056564
2-vinyltoluene,30,0.00033303
2-vinyltoluene,25,0.00019208
"3,3,3-trichloro-1-propene",160,2.80665425
"3,3,3-trichloro-1-propene",155,2.21404145
"3,3,3-trichloro-1-propene",150,1.73622921
"3,3,3-trichloro-1-propene",145,1.35332147
"3,3,3-trichloro-1-propene",140,1.04831585
"3,3,3-trichloro-1-propene",135,0.80684068
"3,3,3-trichloro-1-propene",130,0.61685133
"3,3,3-trichloro-1-propene",125,0.46832882
"3,3,3-trichloro-1-propene",120,0.35299559
"3,3,3-trichloro-1-propene",115,0.26405660
"3,3,3-trichloro-1-propene",110,0.19596896
"3,3,3-trichloro-1-propene",105,0.14423991
"3,3,3-trichloro-1-propene",100,0.10525179
"3,3,3-trichloro-1-propene",95,0.07611142
"3,3,3-trichloro-1-propene",90,0.05452167
"3,3,3-trichloro-1-propene",85,0.03867252
"3,3,3-trichloro-1-propene",80,0.02714918
"3,3,3-trichloro-1-propene",75,0.01885514
"3,3,3-trichloro-1-propene",70,0.01294824
"3,3,3-trichloro-1-propene",65,0.00878778
"3,3,3-trichloro-1-propene",60,0.00589121
"3,3,3-trichloro-1-propene",55,0.00389892
"3,3,3-trichloro-1-propene",50,0.00254593
"3,3,3-trichloro-1-propene",45,0.00163925
"3,3,3-trichloro-1-propene",40,0.00104007
"3,3,3-trichloro-1-propene",35,0.00064984
"3,3,3-trichloro-1-propene",30,0.00039955
"3,3,3-trichloro-1-propene",25,0.00024156
"3,4-dichloronitrobenzene",160,3.46302432
"3,4-dichloronitrobenzene",155,2.80027332
"3,4-dichloronitrobenzene",150,2.24900238
"3,4-dichloronitrobenzene",145,1.79400062
"3,4-dichloronitrobenzene",140,1.42129651
"3,4-dichloronitrobenzene",135,1.11827674
"3,4-dichloronitrobenzene",130,0.87372709
"3,4-dichloronitrobenzene",125,0.67781338
"3,4-dichloronitrobenzene",120,0.52201717
"3,4-dichloronitrobenzene",115,0.39904258
"3,4-dichloronitrobenzene",110,0.30270557
"3,4-dichloronitrobenzene",105,0.22781544
"3,4-dichloronitrobenzene",100,0.17005550
"3,4-dichloronitrobenzene",95,0.12586787
"3,4-dichloronitrobenzene",90,0.09234572
"3,4-dichloronitrobenzene",85,0.06713462
"3,4-dichloronitrobenzene",80,0.04834415
"3,4-dichloronitrobenzene",75,0.03446973
"3,4-dichloronitrobenzene",70,0.02432467
"3,4-dichloronitrobenzene",65,0.01698161
"3,4-dichloronitrobenzene",60,0.01172277
"3,4-dichloronitrobenzene",55,0.00799810
"3,4-dichloronitrobenzene",50,0.00539042
"3,4-dichloronitrobenzene",45,0.00358673
"3,4-dichloronitrobenzene",40,0.00235485
"3,4-dichloronitrobenzene",35,0.00152459
"3,4-dichloronitrobenzene",30,0.00097272
"3,4-dichloronitrobenzene",25,0.00061119
"3,4-dichlorotoluene",160,2.26212462
"3,4-dichlorotoluene",155,1.77926881
"3,4-dichlorotoluene",150,1.39086565
"3,4-dichlorotoluene",145,1.08034345
"3,4-dichlorotoluene",140,0.83362349
"3,4-dichlorotoluene",135,0.63884266
"3,4-dichlorotoluene",130,0.48607811
"3,4-dichlorotoluene",125,0.36708612
"3,4-dichlorotoluene",120,0.27506249
"3,4-dichlorotoluene",115,0.20442722
"3,4-dichlorotoluene",110,0.15063418
"3,4-dichlorotoluene",105,0.11000450
"3,4-dichlorotoluene",100,0.07958206
"3,4-dichlorotoluene",95,0.05700908
"3,4-dichlorotoluene",90,0.04041979
"3,4-dichlorotoluene",85,0.02834994
"3,4-dichlorotoluene",80,0.01966051
"3,4-dichlorotoluene",75,0.01347372
"3,4-dichlorotoluene",70,0.00911976
"3,4-dichlorotoluene",65,0.00609290
"3,4-dichlorotoluene",60,0.00401548
"3,4-dichlorotoluene",55,0.00260877
"3,4-dichlorotoluene",50,0.00166962
"3,4-dichlorotoluene",45,0.00105188
"3,4-dichlorotoluene",40,0.00065185
"3,4-dichlorotoluene",35,0.00039701
"3,4-dichlorotoluene",30,0.00023744
"3,4-dichlorotoluene",25,0.00013932
"3,4-dimethylphenol",160,26.08625461
"3,4-dimethylphenol",155,24.97064182
"3,4-dimethylphenol",150,23.95759538
"3,4-dimethylphenol",145,23.04613736
"3,4-dimethylphenol",140,22.23111880
"3,4-dimethylphenol",135,21.51086407
"3,4-dimethylphenol",130,20.88051506
"3,4-dimethylphenol",125,20.33856561
"3,4-dimethylphenol",120,19.87985933
"3,4-dimethylphenol",115,19.50130079
"3,4-dimethylphenol",110,19.19907847
"3,4-dimethylphenol",105,18.96963647
"3,4-dimethylphenol",100,18.80655997
"3,4-dimethylphenol",95,18.70861112
"3,4-dimethylphenol",90,18.66850631
"3,4-dimethylphenol",85,100.00000000
"3,4-dimethylphenol",80,100.00000000
"3,4-dimethylphenol",75,100.00000000
"3,4-dimethylphenol",70,100.00000000
"3,4-dimethylphenol",65,100.00000000
"3,4-dimethylphenol",60,100.00000000
"3,4-dimethylphenol",55,100.00000000
"3,4-dimethylphenol",50,100.00000000
"3,4-dimethylphenol",45,100.00000000
"3,4-dimethylphenol",40,100.00000000
"3,4-dimethylphenol",35,100.00000000
"3,4-dimethylphenol",30,100.00000000
"3,4-dimethylphenol",25,100.00000000
"3,4-dinitrophenol",160,100.00000000
"3,4-dinitrophenol",155,100.00000000
"3,4-dinitrophenol",150,100.00000000
"3,4-dinitrophenol",145,100.00000000
"3,4-dinitrophenol",140,100.00000000
"3,4-dinitrophenol",135,100.00000000
"3,4-dinitrophenol",130,100.00000000
"3,4-dinitrophenol",125,100.00000000
"3,4-dinitrophenol",120,100.00000000
"3,4-dinitrophenol",115,100.00000000
"3,4-dinitrophenol",110,100.00000000
"3,4-dinitrophenol",105,100.00000000
"3,4-dinitrophenol",100,100.00000000
"3,4-dinitrophenol",95,100.00000000
"3,4-dinitrophenol",90,100.00000000
"3,4-dinitrophenol",85,100.00000000
"3,4-dinitrophenol",80,100.00000000
"3,4-dinitrophenol",75,100.00000000
"3,4-dinitrophenol",70,100.00000000
"3,4-dinitrophenol",65,100.00000000
"3,4-dinitrophenol",60,100.00000000
"3,4-dinitrophenol",55,100.00000000
"3,4-dinitrophenol",50,100.00000000
"3,4-dinitrophenol",45,100.00000000
"3,4-dinitrophenol",40,100.00000000
"3,4-dinitrophenol",35,100.00000000
"3,4-dinitrophenol",30,100.00000000
"3,4-dinitrophenol",25,100.00000000
vinyloxirane,160,13.28427942
vinyloxirane,155,11.00612888
vinyloxirane,150,9.00595670
vinyloxirane,145,7.27950235
vinyloxirane,140,5.81396151
vinyloxirane,135,4.58976891
vinyloxirane,130,3.58273361
vinyloxirane,125,2.76625133
vinyloxirane,120,2.11323503
vinyloxirane,115,1.59763548
vinyloxirane,110,1.19547240
vinyloxirane,105,0.88542796
vinyloxirane,100,0.64908341
vinyloxirane,95,0.47089834
vinyloxirane,90,0.33802234
vinyloxirane,85,0.24001419
vinyloxirane,80,0.16852163
vinyloxirane,75,0.11695812
vinyloxirane,70,0.08019860
vinyloxirane,65,0.05430619
vinyloxirane,60,0.03629461
vinyloxirane,55,0.02392712
vinyloxirane,50,0.01554962
vinyloxirane,45,0.00995493
vinyloxirane,40,0.00627383
vinyloxirane,35,0.00388932
vinyloxirane,30,0.00236977
vinyloxirane,25,0.00141795
"3,5-dinitrophenol",160,100.00000000
"3,5-dinitrophenol",155,100.00000000
"3,5-dinitrophenol",150,100.00000000
"3,5-dinitrophenol",145,100.00000000
"3,5-dinitrophenol",140,100.00000000
"3,5-dinitrophenol",135,100.00000000
"3,5-dinitrophenol",130,100.00000000
"3,5-dinitrophenol",125,100.00000000
"3,5-dinitrophenol",120,100.00000000
"3,5-dinitrophenol",115,100.00000000
"3,5-dinitrophenol",110,100.00000000
"3,5-dinitrophenol",105,100.00000000
"3,5-dinitrophenol",100,100.00000000
"3,5-dinitrophenol",95,100.00000000
"3,5-dinitrophenol",90,100.00000000
"3,5-dinitrophenol",85,100.00000000
"3,5-dinitrophenol",80,100.00000000
"3,5-dinitrophenol",75,100.00000000
"3,5-dinitrophenol",70,100.00000000
"3,5-dinitrophenol",65,100.00000000
"3,5-dinitrophenol",60,100.00000000
"3,5-dinitrophenol",55,100.00000000
"3,5-dinitrophenol",50,100.00000000
"3,5-dinitrophenol",45,100.00000000
"3,5-dinitrophenol",40,100.00000000
"3,5-dinitrophenol",35,100.00000000
"3,5-dinitrophenol",30,100.00000000
"3,5-dinitrophenol",25,100.00000000
3-bromopropyne,160,9.84039809
3-bromopropyne,155,8.32760647
3-bromopropyne,150,6.99575218
3-bromopropyne,145,5.83512836
3-bromopropyne,140,4.83372123
3-bromopropyne,135,3.97785664
3-bromopropyne,130,3.25295133
3-bromopropyne,125,2.64415358
3-bromopropyne,120,2.13691646
3-bromopropyne,115,1.71743669
3-bromopropyne,110,1.37294390
3-bromopropyne,105,1.09188595
3-bromopropyne,100,0.86400172
3-bromopropyne,95,0.68031950
3-bromopropyne,90,0.53310080
3-bromopropyne,85,0.41574918
3-bromopropyne,80,0.32269978
3-bromopropyne,75,0.24930119
3-bromopropyne,70,0.19169772
3-bromopropyne,65,0.14671755
3-bromopropyne,60,0.11176972
3-bromopropyne,55,0.08475172
3-bromopropyne,50,0.06396808
3-bromopropyne,45,0.04805981
3-bromopropyne,40,0.03594397
3-bromopropyne,35,0.02676256
3-bromopropyne,30,0.01983965
3-bromopropyne,25,0.01464572
3-butenenitrile,160,6.02102706
3-butenenitrile,155,4.71219493
3-butenenitrile,150,3.65949427
3-butenenitrile,145,2.82073164
3-butenenitrile,140,2.15818828
3-butenenitrile,135,1.63908904
3-butenenitrile,130,1.23556282
3-butenenitrile,125,0.92429534
3-butenenitrile,120,0.68604335
3-butenenitrile,115,0.50510218
3-butenenitrile,110,0.36878202
3-butenenitrile,105,0.26692247
3-butenenitrile,100,0.19145884
3-butenenitrile,95,0.13604397
3-butenenitrile,90,0.09572494
3-butenenitrile,85,0.06667009
3-butenenitrile,80,0.04594152
3-butenenitrile,75,0.03130734
3-butenenitrile,70,0.02108828
3-butenenitrile,65,0.01403355
3-butenenitrile,60,0.00922127
3-butenenitrile,55,0.00597950
3-butenenitrile,50,0.00382411
3-butenenitrile,45,0.00241056
3-butenenitrile,40,0.00149671
3-butenenitrile,35,0.00091473
3-butenenitrile,30,0.00054987
3-butenenitrile,25,0.00032487
3-chloro-1-propanol,160,10.82327469
3-chloro-1-propanol,155,9.20784644
3-chloro-1-propanol,150,7.78975572
3-chloro-1-propanol,145,6.55549696
3-chloro-1-propanol,140,5.48982506
3-chloro-1-propanol,135,4.57653522
3-chloro-1-propanol,130,3.79921837
3-chloro-1-propanol,125,3.14179997
3-chloro-1-propanol,120,2.58898923
3-chloro-1-propanol,115,2.12657960
3-chloro-1-propanol,110,1.74162976
3-chloro-1-propanol,105,1.42254573
3-chloro-1-propanol,100,1.15909027
3-chloro-1-propanol,95,0.94233022
3-chloro-1-propanol,90,0.76455569
3-chloro-1-propanol,85,0.61917273
3-chloro-1-propanol,80,0.50058701
3-chloro-1-propanol,75,0.40408555
3-chloro-1-propanol,70,0.32572238
3-chloro-1-propanol,65,0.26221154
3-chloro-1-propanol,60,0.21082969
3-chloro-1-propanol,55,0.16932924
3-chloro-1-propanol,50,0.13586194
3-chloro-1-propanol,45,0.10891279
3-chloro-1-propanol,40,0.08724340
3-chloro-1-propanol,35,0.06984383
3-chloro-1-propanol,30,0.05589221
3-chloro-1-propanol,25,0.04472086
3-chloro-2-methyl-1-propene,160,8.53959748
3-chloro-2-methyl-1-propene,155,6.92634068
3-chloro-2-methyl-1-propene,150,5.55879808
3-chloro-2-methyl-1-propene,145,4.41572408
3-chloro-2-methyl-1-propene,140,3.47290094
3-chloro-2-methyl-1-propene,135,2.70493920
3-chloro-2-methyl-1-propene,130,2.08676956
3-chloro-2-methyl-1-propene,125,1.59473157
3-chloro-2-methyl-1-propene,120,1.20727555
3-chloro-2-methyl-1-propene,115,0.90532825
3-chloro-2-methyl-1-propene,110,0.67240167
3-chloro-2-methyl-1-propene,105,0.49452237
3-chloro-2-methyl-1-propene,100,0.36004817
3-chloro-2-methyl-1-propene,95,0.25942383
3-chloro-2-methyl-1-propene,90,0.18491280
3-chloro-2-methyl-1-propene,85,0.13032963
3-chloro-2-methyl-1-propene,80,0.09078813
3-chloro-2-methyl-1-propene,75,0.06247351
3-chloro-2-methyl-1-propene,70,0.04244200
3-chloro-2-methyl-1-propene,65,0.02844873
3-chloro-2-methyl-1-propene,60,0.01880236
3-chloro-2-methyl-1-propene,55,0.01224450
3-chloro-2-methyl-1-propene,50,0.00785103
3-chloro-2-methyl-1-propene,45,0.00495252
3-chloro-2-methyl-1-propene,40,0.00307098
3-chloro-2-methyl-1-propene,35,0.00187022
3-chloro-2-methyl-1-propene,30,0.00111754
3-chloro-2-methyl-1-propene,25,0.00065456
1-chloro-3-(chloromethyl)benzene,160,4.47832684
1-chloro-3-(chloromethyl)benzene,155,3.63196825
1-chloro-3-(chloromethyl)benzene,150,2.92327456
1-chloro-3-(chloromethyl)benzene,145,2.33514564
1-chloro-3-(chloromethyl)benzene,140,1.85130611
1-chloro-3-(chloromethyl)benzene,135,1.45663519
1-chloro-3-(chloromethyl)benzene,130,1.13737563
1-chloro-3-(chloromethyl)benzene,125,0.88123720
1-chloro-3-(chloromethyl)benzene,120,0.67741632
1-chloro-3-(chloromethyl)benzene,115,0.51655128
1-chloro-3-(chloromethyl)benzene,110,0.39063445
1-chloro-3-(chloromethyl)benzene,105,0.29289712
1-chloro-3-(chloromethyl)benzene,100,0.21768052
1-chloro-3-(chloromethyl)benzene,95,0.16030286
1-chloro-3-(chloromethyl)benzene,90,0.11692914
1-chloro-3-(chloromethyl)benzene,85,0.08444853
1-chloro-3-(chloromethyl)benzene,80,0.06036195
1-chloro-3-(chloromethyl)benzene,75,0.04268114
1-chloro-3-(chloromethyl)benzene,70,0.02983980
1-chloro-3-(chloromethyl)benzene,65,0.02061646
1-chloro-3-(chloromethyl)benzene,60,0.01406848
1-chloro-3-(chloromethyl)benzene,55,0.00947624
1-chloro-3-(chloromethyl)benzene,50,0.00629662
1-chloro-3-(chloromethyl)benzene,45,0.00412448
1-chloro-3-(chloromethyl)benzene,40,0.00266142
1-chloro-3-(chloromethyl)benzene,35,0.00169050
1-chloro-3-(chloromethyl)benzene,30,0.00105615
1-chloro-3-(chloromethyl)benzene,25,0.00064845
3-chloropropanenitrile,160,1.17791368
3-chloropropanenitrile,155,0.89453365
3-chloropropanenitrile,150,0.67597464
3-chloropropanenitrile,145,0.50805681
3-chloropropanenitrile,140,0.37962219
3-chloropropanenitrile,135,0.28188247
3-chloropropanenitrile,130,0.20791658
3-chloropropanenitrile,125,0.15228171
3-chloropropanenitrile,120,0.11070842
3-chloropropanenitrile,115,0.07985954
3-chloropropanenitrile,110,0.05713810
3-chloropropanenitrile,105,0.04053373
3-chloropropanenitrile,100,0.02849945
3-chloropropanenitrile,95,0.01985270
3-chloropropanenitrile,90,0.01369609
3-chloropropanenitrile,85,0.00935391
3-chloropropanenitrile,80,0.00632164
3-chloropropanenitrile,75,0.00422591
3-chloropropanenitrile,70,0.00279301
3-chloropropanenitrile,65,0.00182425
3-chloropropanenitrile,60,0.00117693
3-chloropropanenitrile,55,0.00074964
3-chloropropanenitrile,50,0.00047116
3-chloropropanenitrile,45,0.00029205
3-chloropropanenitrile,40,0.00017844
3-chloropropanenitrile,35,0.00010740
3-chloropropanenitrile,30,0.00006364
3-chloropropanenitrile,25,0.00003710
3-chloropropyne,160,26.60085576
3-chloropropyne,155,24.31583276
3-chloropropyne,150,22.11997439
3-chloropropyne,145,20.01961011
3-chloropropyne,140,18.02112527
3-chloropropyne,135,16.12982563
3-chloropropyne,130,14.35073241
3-chloropropyne,125,12.68849672
3-chloropropyne,120,11.14586859
3-chloropropyne,115,9.72511706
3-chloropropyne,110,8.42705473
3-chloropropyne,105,7.25084422
3-chloropropyne,100,6.19441409
3-chloropropyne,95,5.25403189
3-chloropropyne,90,4.42472083
3-chloropropyne,85,3.70020741
3-chloropropyne,80,3.07314837
3-chloropropyne,75,2.53544244
3-chloropropyne,70,2.07852905
3-chloropropyne,65,1.69366970
3-chloropropyne,60,1.37221388
3-chloropropyne,55,1.10585593
3-chloropropyne,50,0.88680814
3-chloropropyne,45,0.70793820
3-chloropropyne,40,0.56283729
3-chloropropyne,35,0.44585025
3-chloropropyne,30,0.35206508
3-chloropropyne,25,0.27727523
3-heptanol,160,5.63267339
3-heptanol,155,4.63928568
3-heptanol,150,3.79880427
3-heptanol,145,3.09267640
3-heptanol,140,2.50343786
3-heptanol,135,2.01496248
3-heptanol,130,1.61260395
3-heptanol,125,1.28325067
3-heptanol,120,1.01531385
3-heptanol,115,0.79866707
3-heptanol,110,0.62455284
3-heptanol,105,0.48546909
3-heptanol,100,0.37504522
3-heptanol,95,0.28791607
3-heptanol,90,0.21959811
3-heptanol,85,0.16637252
3-heptanol,80,0.12517693
3-heptanol,75,0.09350732
3-heptanol,70,0.06933038
3-heptanol,65,0.05100649
3-heptanol,60,0.03722266
3-heptanol,55,0.02693483
3-heptanol,50,0.01931874
3-heptanol,45,0.01372849
3-heptanol,40,0.00966171
3-heptanol,35,0.00673082
3-heptanol,30,0.00463924
3-heptanol,25,0.00316195
tetrahydro-3-furanol,160,6.03803801
tetrahydro-3-furanol,155,4.86766146
tetrahydro-3-furanol,150,3.89950709
tetrahydro-3-furanol,145,3.10511498
tetrahydro-3-furanol,140,2.45816286
tetrahydro-3-furanol,135,1.93495097
tetrahydro-3-furanol,130,1.51458816
tetrahydro-3-furanol,125,1.17897233
tetrahydro-3-furanol,120,0.91263813
tetrahydro-3-furanol,115,0.70253082
tetrahydro-3-furanol,110,0.53774398
tetrahydro-3-furanol,105,0.40924906
tetrahydro-3-furanol,100,0.30963354
tetrahydro-3-furanol,95,0.23285781
tetrahydro-3-furanol,90,0.17403585
tetrahydro-3-furanol,85,0.12924167
tetrahydro-3-furanol,80,0.09534131
tetrahydro-3-furanol,75,0.06984909
tetrahydro-3-furanol,70,0.05080598
tetrahydro-3-furanol,65,0.03667779
tetrahydro-3-furanol,60,0.02627068
tetrahydro-3-furanol,55,0.01866165
tetrahydro-3-furanol,50,0.01314178
tetrahydro-3-furanol,45,0.00917028
tetrahydro-3-furanol,40,0.00633747
tetrahydro-3-furanol,35,0.00433528
tetrahydro-3-furanol,30,0.00293380
tetrahydro-3-furanol,25,0.00196282
3-methoxy-1-butanol,160,10.50335904
3-methoxy-1-butanol,155,8.87541028
3-methoxy-1-butanol,150,7.43757512
3-methoxy-1-butanol,145,6.18103678
3-methoxy-1-butanol,140,5.09446144
3-methoxy-1-butanol,135,4.16463960
3-methoxy-1-butanol,130,3.37707786
3-methoxy-1-butanol,125,2.71666831
3-methoxy-1-butanol,120,2.16824661
3-methoxy-1-butanol,115,1.71709834
3-methoxy-1-butanol,110,1.34935004
3-methoxy-1-butanol,105,1.05223109
3-methoxy-1-butanol,100,0.81424276
3-methoxy-1-butanol,95,0.62522366
3-methoxy-1-butanol,90,0.47634387
3-methoxy-1-butanol,85,0.36004490
3-methoxy-1-butanol,80,0.26994368
3-methoxy-1-butanol,75,0.20071608
3-methoxy-1-butanol,70,0.14797166
3-methoxy-1-butanol,65,0.10812854
3-methoxy-1-butanol,60,0.07829409
3-methoxy-1-butanol,55,0.05615512
3-methoxy-1-butanol,50,0.03987952
3-methoxy-1-butanol,45,0.02802994
3-methoxy-1-butanol,40,0.01948951
3-methoxy-1-butanol,35,0.01339872
3-methoxy-1-butanol,30,0.00910265
3-methoxy-1-butanol,25,0.00610739
3-methoxy-3-methylbutanol,160,8.48424895
3-methoxy-3-methylbutanol,155,7.11940971
3-methoxy-3-methylbutanol,150,5.92914124
3-methoxy-3-methylbutanol,145,4.90093512
3-methoxy-3-methylbutanol,140,4.02100026
3-methoxy-3-methylbutanol,135,3.27485916
3-methoxy-3-methylbutanol,130,2.64782529
3-methoxy-3-methylbutanol,125,2.12547388
3-methoxy-3-methylbutanol,120,1.69401324
3-methoxy-3-methylbutanol,115,1.34056722
3-methoxy-3-methylbutanol,110,1.05335578
3-methoxy-3-methylbutanol,105,0.82180272
3-methoxy-3-methylbutanol,100,0.63656589
3-methoxy-3-methylbutanol,95,0.48951398
3-methoxy-3-methylbutanol,90,0.37366336
3-methoxy-3-methylbutanol,85,0.28308858
3-methoxy-3-methylbutanol,80,0.21281800
3-methoxy-3-methylbutanol,75,0.15872353
3-methoxy-3-methylbutanol,70,0.11741113
3-methoxy-3-methylbutanol,65,0.08611631
3-methoxy-3-methylbutanol,60,0.06260773
3-methoxy-3-methylbutanol,55,0.04510037
3-methoxy-3-methylbutanol,50,0.03217878
3-methoxy-3-methylbutanol,45,0.02273046
3-methoxy-3-methylbutanol,40,0.01588882
3-methoxy-3-methylbutanol,35,0.01098495
3-methoxy-3-methylbutanol,30,0.00750738
3-methoxy-3-methylbutanol,25,0.00506879
3-methoxypropanenitrile,160,2.91037001
3-methoxypropanenitrile,155,2.26351949
3-methoxypropanenitrile,150,1.74998432
3-methoxypropanenitrile,145,1.34468050
3-methoxypropanenitrile,140,1.02670361
3-methoxypropanenitrile,135,0.77876577
3-methoxypropanenitrile,130,0.58666432
3-methoxypropanenitrile,125,0.43880419
3-methoxypropanenitrile,120,0.32577679
3-methoxypropanenitrile,115,0.23999439
3-methoxypropanenitrile,110,0.17537616
3-methoxypropanenitrile,105,0.12708049
3-methoxypropanenitrile,100,0.09127879
3-methoxypropanenitrile,95,0.06496518
3-methoxypropanenitrile,90,0.04579743
3-methoxypropanenitrile,85,0.03196491
3-methoxypropanenitrile,80,0.02207965
3-methoxypropanenitrile,75,0.01508700
3-methoxypropanenitrile,70,0.01019302
3-methoxypropanenitrile,65,0.00680579
3-methoxypropanenitrile,60,0.00448857
3-methoxypropanenitrile,55,0.00292251
3-methoxypropanenitrile,50,0.00187749
3-methoxypropanenitrile,45,0.00118937
3-methoxypropanenitrile,40,0.00074250
3-methoxypropanenitrile,35,0.00045650
3-methoxypropanenitrile,30,0.00027621
3-methoxypropanenitrile,25,0.00016436
3-methylcyclohexanol,160,7.11629991
3-methylcyclohexanol,155,5.91770917
3-methylcyclohexanol,150,4.88926736
3-methylcyclohexanol,145,4.01401353
3-methylcyclohexanol,140,3.27498597
3-methylcyclohexanol,135,2.65570871
3-methylcyclohexanol,130,2.14057230
3-methylcyclohexanol,125,1.71508647
3-methylcyclohexanol,120,1.36605239
3-methylcyclohexanol,115,1.08163725
3-methylcyclohexanol,110,0.85138363
3-methylcyclohexanol,105,0.66616705
3-methylcyclohexanol,100,0.51811749
3-methylcyclohexanol,95,0.40051780
3-methylcyclohexanol,90,0.30768990
3-methylcyclohexanol,85,0.23487667
3-methylcyclohexanol,80,0.17812602
3-methylcyclohexanol,75,0.13418047
3-methylcyclohexanol,70,0.10037541
3-methylcyclohexanol,65,0.07454712
3-methylcyclohexanol,60,0.05495119
3-methylcyclohexanol,55,0.04019118
3-methylcyclohexanol,50,0.02915707
3-methylcyclohexanol,45,0.02097274
3-methylcyclohexanol,40,0.01495169
3-methylcyclohexanol,35,0.01055992
3-methylcyclohexanol,30,0.00738522
3-methylcyclohexanol,25,0.00511186
3-methylcyclohexanone,160,7.49485604
3-methylcyclohexanone,155,6.17811746
3-methylcyclohexanone,150,5.05045295
3-methylcyclohexanone,145,4.09481813
3-methylcyclohexanone,140,3.29318852
3-methylcyclohexanone,135,2.62735278
3-methylcyclohexanone,130,2.07955621
3-methylcyclohexanone,125,1.63301709
3-methylcyclohexanone,120,1.27227139
3-methylcyclohexanone,115,0.98338001
3-methylcyclohexanone,110,0.75401667
3-methylcyclohexanone,105,0.57346312
3-methylcyclohexanone,100,0.43253746
3-methylcyclohexanone,95,0.32347953
3-methylcyclohexanone,90,0.23981077
3-methylcyclohexanone,85,0.17618411
3-methylcyclohexanone,80,0.12823374
3-methylcyclohexanone,75,0.09243174
3-methylcyclohexanone,70,0.06595588
3-methylcyclohexanone,65,0.04657090
3-methylcyclohexanone,60,0.03252404
3-methylcyclohexanone,55,0.02245471
3-methylcyclohexanone,50,0.01531766
3-methylcyclohexanone,45,0.01031838
3-methylcyclohexanone,40,0.00685962
3-methylcyclohexanone,35,0.00449755
3-methylcyclohexanone,30,0.00290628
3-methylcyclohexanone,25,0.00184954
"3-methyl-1,2-butadiene",160,6.00553170
"3-methyl-1,2-butadiene",155,4.69734419
"3-methyl-1,2-butadiene",150,3.64496481
"3-methyl-1,2-butadiene",145,2.80642584
"3-methyl-1,2-butadiene",140,2.14413082
"3-methyl-1,2-butadiene",135,1.62537984
"3-methyl-1,2-butadiene",130,1.22234414
"3-methyl-1,2-butadiene",125,0.91172410
"3-methyl-1,2-butadiene",120,0.67427223
"3-methyl-1,2-butadiene",115,0.49426290
"3-methyl-1,2-butadiene",110,0.35897350
"3-methyl-1,2-butadiene",105,0.25820412
"3-methyl-1,2-butadiene",100,0.18384875
"3-methyl-1,2-butadiene",95,0.12952148
"3-methyl-1,2-butadiene",90,0.09023614
"3-methyl-1,2-butadiene",85,0.06213524
"3-methyl-1,2-butadiene",80,0.04226321
"3-methyl-1,2-butadiene",75,0.02837846
"3-methyl-1,2-butadiene",70,0.01879915
"3-methyl-1,2-butadiene",65,0.01227769
"3-methyl-1,2-butadiene",60,0.00789978
"3-methyl-1,2-butadiene",55,0.00500388
"3-methyl-1,2-butadiene",50,0.00311781
"3-methyl-1,2-butadiene",45,0.00190932
"3-methyl-1,2-butadiene",40,0.00114818
"3-methyl-1,2-butadiene",35,0.00067739
"3-methyl-1,2-butadiene",30,0.00039169
"3-methyl-1,2-butadiene",25,0.00022174
3-methyl-1-butene,160,3.29601202
3-methyl-1-butene,155,2.53047362
3-methyl-1-butene,150,1.93094374
3-methyl-1-butene,145,1.46404989
3-methyl-1-butene,140,1.10256078
3-methyl-1-butene,135,0.82439685
3-methyl-1-butene,130,0.61174912
3-methyl-1-butene,125,0.45031920
3-methyl-1-butene,120,0.32868311
3-methyl-1-butene,115,0.23775903
3-methyl-1-butene,110,0.17036697
3-methyl-1-butene,105,0.12086527
3-methyl-1-butene,100,0.08485097
3-methyl-1-butene,95,0.05891344
3-methyl-1-butene,90,0.04043228
3-methyl-1-butene,85,0.02741211
3-methyl-1-butene,80,0.01834805
3-methyl-1-butene,75,0.01211691
3-methyl-1-butene,70,0.00788962
3-methyl-1-butene,65,0.00506146
3-methyl-1-butene,60,0.00319690
3-methyl-1-butene,55,0.00198645
3-methyl-1-butene,50,0.00121329
3-methyl-1-butene,45,0.00072780
3-methyl-1-butene,40,0.00042837
3-methyl-1-butene,35,0.00024715
3-methyl-1-butene,30,0.00013964
3-methyl-1-butene,25,0.00007717
3-methyl-2-butanol,160,9.91812519
3-methyl-2-butanol,155,8.23347430
3-methyl-2-butanol,150,6.77402488
3-methyl-2-butanol,145,5.52460069
3-methyl-2-butanol,140,4.46716833
3-methyl-2-butanol,135,3.58202190
3-methyl-2-butanol,130,2.84884993
3-methyl-2-butanol,125,2.24763770
3-methyl-2-butanol,120,1.75935163
3-methyl-2-butanol,115,1.36642316
3-methyl-2-butanol,110,1.05303134
3-methyl-2-butanol,105,0.80522690
3-methyl-2-butanol,100,0.61093312
3-methyl-2-butanol,95,0.45986003
3-methyl-2-butanol,90,0.34336313
3-methyl-2-butanol,85,0.25427245
3-methyl-2-butanol,80,0.18670980
3-methyl-2-butanol,75,0.13590803
3-methyl-2-butanol,70,0.09804051
3-methyl-2-butanol,65,0.07006565
3-methyl-2-butanol,60,0.04958898
3-methyl-2-butanol,55,0.03474337
3-methyl-2-butanol,50,0.02408662
3-methyl-2-butanol,45,0.01651551
3-methyl-2-butanol,40,0.01119435
3-methyl-2-butanol,35,0.00749649
3-methyl-2-butanol,30,0.00495692
3-methyl-2-butanol,25,0.00323435
3-aminonitrobenzene,160,4.49212808
3-aminonitrobenzene,155,3.66071047
3-aminonitrobenzene,150,2.96765380
3-aminonitrobenzene,145,2.39348183
3-aminonitrobenzene,140,1.92058894
3-aminonitrobenzene,135,1.53331156
3-aminonitrobenzene,130,1.21789662
3-aminonitrobenzene,125,0.96240160
3-aminonitrobenzene,120,0.75655619
3-aminonitrobenzene,115,0.59160310
3-aminonitrobenzene,110,0.46013257
3-aminonitrobenzene,105,0.35591970
3-aminonitrobenzene,100,0.27377001
3-aminonitrobenzene,95,0.20937676
3-aminonitrobenzene,90,0.15919152
3-aminonitrobenzene,85,0.12030870
3-aminonitrobenzene,80,0.09036362
3-aminonitrobenzene,75,0.06744364
3-aminonitrobenzene,70,0.05001132
3-aminonitrobenzene,65,0.03683860
3-aminonitrobenzene,60,0.02695081
3-aminonitrobenzene,55,0.01957943
3-aminonitrobenzene,50,0.01412257
3-aminonitrobenzene,45,0.01011206
3-aminonitrobenzene,40,0.00718633
3-aminonitrobenzene,35,0.00506813
3-aminonitrobenzene,30,0.00354649
3-aminonitrobenzene,25,0.00246208
"1,1'-methylenebis4-isocyanatobenzene",160,1.22268656
"1,1'-methylenebis4-isocyanatobenzene",155,0.96223655
"1,1'-methylenebis4-isocyanatobenzene",150,0.75259157
"1,1'-methylenebis4-isocyanatobenzene",145,0.58482979
"1,1'-methylenebis4-isocyanatobenzene",140,0.45140520
"1,1'-methylenebis4-isocyanatobenzene",135,0.34596916
"1,1'-methylenebis4-isocyanatobenzene",130,0.26320935
"1,1'-methylenebis4-isocyanatobenzene",125,0.19870568
"1,1'-methylenebis4-isocyanatobenzene",120,0.14880183
"1,1'-methylenebis4-isocyanatobenzene",115,0.11049210
"1,1'-methylenebis4-isocyanatobenzene",110,0.08132176
"1,1'-methylenebis4-isocyanatobenzene",105,0.05929985
"1,1'-methylenebis4-isocyanatobenzene",100,0.04282341
"1,1'-methylenebis4-isocyanatobenzene",95,0.03061182
"1,1'-methylenebis4-isocyanatobenzene",90,0.02165043
"1,1'-methylenebis4-isocyanatobenzene",85,0.01514230
"1,1'-methylenebis4-isocyanatobenzene",80,0.01046721
"1,1'-methylenebis4-isocyanatobenzene",75,0.00714724
"1,1'-methylenebis4-isocyanatobenzene",70,0.00481787
"1,1'-methylenebis4-isocyanatobenzene",65,0.00320410
"1,1'-methylenebis4-isocyanatobenzene",60,0.00210090
"1,1'-methylenebis4-isocyanatobenzene",55,0.00135721
"1,1'-methylenebis4-isocyanatobenzene",50,0.00086319
"1,1'-methylenebis4-isocyanatobenzene",45,0.00054007
"1,1'-methylenebis4-isocyanatobenzene",40,0.00033213
"1,1'-methylenebis4-isocyanatobenzene",35,0.00020059
"1,1'-methylenebis4-isocyanatobenzene",30,0.00011886
"1,1'-methylenebis4-isocyanatobenzene",25,0.00006904
1-[4-(trifluoromethyl)phenyl]ethanone,160,2.37149102
1-[4-(trifluoromethyl)phenyl]ethanone,155,1.88766739
1-[4-(trifluoromethyl)phenyl]ethanone,150,1.49324701
1-[4-(trifluoromethyl)phenyl]ethanone,145,1.17376990
1-[4-(trifluoromethyl)phenyl]ethanone,140,0.91666155
1-[4-(trifluoromethyl)phenyl]ethanone,135,0.71109418
1-[4-(trifluoromethyl)phenyl]ethanone,130,0.54782671
1-[4-(trifluoromethyl)phenyl]ethanone,125,0.41903727
1-[4-(trifluoromethyl)phenyl]ethanone,120,0.31815639
1-[4-(trifluoromethyl)phenyl]ethanone,115,0.23970815
1-[4-(trifluoromethyl)phenyl]ethanone,110,0.17916176
1-[4-(trifluoromethyl)phenyl]ethanone,105,0.13279607
1-[4-(trifluoromethyl)phenyl]ethanone,100,0.09757765
1-[4-(trifluoromethyl)phenyl]ethanone,95,0.07105250
1-[4-(trifluoromethyl)phenyl]ethanone,90,0.05125089
1-[4-(trifluoromethyl)phenyl]ethanone,85,0.03660465
1-[4-(trifluoromethyl)phenyl]ethanone,80,0.02587579
1-[4-(trifluoromethyl)phenyl]ethanone,75,0.01809560
1-[4-(trifluoromethyl)phenyl]ethanone,70,0.01251305
1-[4-(trifluoromethyl)phenyl]ethanone,65,0.00855149
1-[4-(trifluoromethyl)phenyl]ethanone,60,0.00577263
1-[4-(trifluoromethyl)phenyl]ethanone,55,0.00384692
1-[4-(trifluoromethyl)phenyl]ethanone,50,0.00252929
1-[4-(trifluoromethyl)phenyl]ethanone,45,0.00163967
1-[4-(trifluoromethyl)phenyl]ethanone,40,0.00104736
1-[4-(trifluoromethyl)phenyl]ethanone,35,0.00065874
1-[4-(trifluoromethyl)phenyl]ethanone,30,0.00040765
1-[4-(trifluoromethyl)phenyl]ethanone,25,0.00024802
4-pyridinamine,160,2.45528794
4-pyridinamine,155,1.94115677
4-pyridinamine,150,1.52851658
4-pyridinamine,145,1.19850670
4-pyridinamine,140,0.93557845
4-pyridinamine,135,0.72693820
4-pyridinamine,130,0.56208398
4-pyridinamine,125,0.43241519
4-pyridinamine,120,0.33090767
4-pyridinamine,115,0.25184270
4-pyridinamine,110,0.19058069
4-pyridinamine,105,0.14337234
4-pyridinamine,100,0.10720071
4-pyridinamine,95,0.07964949
4-pyridinamine,90,0.05879315
4-pyridinamine,85,0.04310538
4-pyridinamine,80,0.03138316
4-pyridinamine,75,0.02268393
4-pyridinamine,70,0.01627375
4-pyridinamine,65,0.01158488
4-pyridinamine,60,0.00818110
4-pyridinamine,55,0.00572960
4-pyridinamine,50,0.00397831
4-pyridinamine,45,0.00273778
4-pyridinamine,40,0.00186672
4-pyridinamine,35,0.00126064
4-pyridinamine,30,0.00084290
4-pyridinamine,25,0.00055778
4-bromo-1-butene,160,4.33239642
4-bromo-1-butene,155,3.43993928
4-bromo-1-butene,150,2.70929652
4-bromo-1-butene,145,2.11691315
4-bromo-1-butene,140,1.64101984
4-bromo-1-butene,135,1.26205874
4-bromo-1-butene,130,0.96285371
4-bromo-1-butene,125,0.72859858
4-bromo-1-butene,120,0.54672757
4-bromo-1-butene,115,0.40671797
4-bromo-1-butene,110,0.29986140
4-bromo-1-butene,105,0.21902804
4-bromo-1-butene,100,0.15843867
4-bromo-1-butene,95,0.11345403
4-bromo-1-butene,90,0.08038520
4-bromo-1-butene,85,0.05632688
4-bromo-1-butene,80,0.03901309
4-bromo-1-butene,75,0.02669426
4-bromo-1-butene,70,0.01803355
4-bromo-1-butene,65,0.01202067
4-bromo-1-butene,60,0.00790084
4-bromo-1-butene,55,0.00511694
4-bromo-1-butene,50,0.00326302
4-bromo-1-butene,45,0.00204721
4-bromo-1-butene,40,0.00126264
4-bromo-1-butene,35,0.00076487
4-bromo-1-butene,30,0.00045466
4-bromo-1-butene,25,0.00026494
"4-chloro-1,2-butadiene",160,10.93407154
"4-chloro-1,2-butadiene",155,9.04828670
"4-chloro-1,2-butadiene",150,7.40308153
"4-chloro-1,2-butadiene",145,5.98921018
"4-chloro-1,2-butadiene",140,4.79204318
"4-chloro-1,2-butadiene",135,3.79285230
"4-chloro-1,2-butadiene",130,2.97035532
"4-chloro-1,2-butadiene",125,2.30219519
"4-chloro-1,2-butadiene",120,1.76620378
"4-chloro-1,2-butadiene",115,1.34137800
"4-chloro-1,2-butadiene",110,1.00852942
"4-chloro-1,2-butadiene",105,0.75064567
"4-chloro-1,2-butadiene",100,0.55301759
"4-chloro-1,2-butadiene",95,0.40319652
"4-chloro-1,2-butadiene",90,0.29084003
"4-chloro-1,2-butadiene",85,0.20749534
"4-chloro-1,2-butadiene",80,0.14635581
"4-chloro-1,2-butadiene",75,0.10201522
"4-chloro-1,2-butadiene",70,0.07023540
"4-chloro-1,2-butadiene",65,0.04773577
"4-chloro-1,2-butadiene",60,0.03200869
"4-chloro-1,2-butadiene",55,0.02116150
"4-chloro-1,2-butadiene",50,0.01378406
"4-chloro-1,2-butadiene",45,0.00883969
"4-chloro-1,2-butadiene",40,0.00557674
"4-chloro-1,2-butadiene",35,0.00345812
"4-chloro-1,2-butadiene",30,0.00210584
"4-chloro-1,2-butadiene",25,0.00125811
4-chloroanisole,160,4.38230986
4-chloroanisole,155,3.51728732
4-chloroanisole,150,2.80092862
4-chloroanisole,145,2.21313462
4-chloroanisole,140,1.73511089
4-chloroanisole,135,1.34971215
4-chloroanisole,130,1.04161981
4-chloroanisole,125,0.79738912
4-chloroanisole,120,0.60540113
4-chloroanisole,115,0.45575125
4-chloroanisole,110,0.34009961
4-chloroanisole,105,0.25150286
4-chloroanisole,100,0.18424131
4-chloroanisole,95,0.13365083
4-chloroanisole,90,0.09596553
4-chloroanisole,85,0.06817443
4-chloroanisole,80,0.04789386
4-chloroanisole,75,0.03325562
4-chloroanisole,70,0.02281065
4-chloroanisole,65,0.01544695
4-chloroanisole,60,0.01032074
4-chloroanisole,55,0.00679917
4-chloroanisole,50,0.00441342
4-chloroanisole,45,0.00282064
4-chloroanisole,40,0.00177352
4-chloroanisole,35,0.00109618
4-chloroanisole,30,0.00066543
4-chloroanisole,25,0.00039636
4-chlorobenzaldehyde,160,4.28891953
4-chlorobenzaldehyde,155,3.44462070
4-chlorobenzaldehyde,150,2.74607443
4-chlorobenzaldehyde,145,2.17311755
4-chlorobenzaldehyde,140,1.70709355
4-chlorobenzaldehyde,135,1.33112281
4-chlorobenzaldehyde,130,1.03021966
4-chlorobenzaldehyde,125,0.79129436
4-chlorobenzaldehyde,120,0.60307435
4-chlorobenzaldehyde,115,0.45597348
4-chlorobenzaldehyde,110,0.34193225
4-chlorobenzaldehyde,105,0.25424557
4-chlorobenzaldehyde,100,0.18739012
4-chlorobenzaldehyde,95,0.13685915
4-chlorobenzaldehyde,90,0.09900925
4-chlorobenzaldehyde,85,0.07092200
4-chlorobenzaldehyde,80,0.05028118
4-chlorobenzaldehyde,75,0.03526573
4-chlorobenzaldehyde,70,0.02445764
4-chlorobenzaldehyde,65,0.01676365
4-chlorobenzaldehyde,60,0.01134961
4-chlorobenzaldehyde,55,0.00758582
4-chlorobenzaldehyde,50,0.00500231
4-chlorobenzaldehyde,45,0.00325244
4-chlorobenzaldehyde,40,0.00208364
4-chlorobenzaldehyde,35,0.00131432
4-chlorobenzaldehyde,30,0.00081568
4-chlorobenzaldehyde,25,0.00049765
4-chlorobenzonitrile,160,3.22176875
4-chlorobenzonitrile,155,2.56032499
4-chlorobenzonitrile,150,2.02195338
4-chlorobenzonitrile,145,1.58671308
4-chlorobenzonitrile,140,1.23718126
4-chlorobenzonitrile,135,0.95833067
4-chlorobenzonitrile,130,0.73734225
4-chlorobenzonitrile,125,0.56338581
4-chlorobenzonitrile,120,0.42739088
4-chlorobenzonitrile,115,0.32182219
4-chlorobenzonitrile,110,0.24046770
4-chlorobenzonitrile,105,0.17824477
4-chlorobenzonitrile,100,0.13102558
4-chlorobenzonitrile,95,0.09548292
4-chlorobenzonitrile,90,0.06895530
4-chlorobenzonitrile,85,0.04933043
4-chlorobenzonitrile,80,0.03494548
4-chlorobenzonitrile,75,0.02450248
4-chlorobenzonitrile,70,0.01699716
4-chlorobenzonitrile,65,0.01165959
4-chlorobenzonitrile,60,0.00790522
4-chlorobenzonitrile,55,0.00529467
4-chlorobenzonitrile,50,0.00350121
4-chlorobenzonitrile,45,0.00228453
4-chlorobenzonitrile,40,0.00146997
4-chlorobenzonitrile,35,0.00093211
4-chlorobenzonitrile,30,0.00058208
4-chlorobenzonitrile,25,0.00035771
p-chlorobenzylalcohol,160,8.71316911
p-chlorobenzylalcohol,155,7.50381653
p-chlorobenzylalcohol,150,6.43339929
p-chlorobenzylalcohol,145,5.49173013
p-chlorobenzylalcohol,140,4.66823880
p-chlorobenzylalcohol,135,3.95225342
p-chlorobenzylalcohol,130,3.33317116
p-chlorobenzylalcohol,125,2.80070533
p-chlorobenzylalcohol,120,2.34503791
p-chlorobenzylalcohol,115,1.95693214
p-chlorobenzylalcohol,110,1.62784745
p-chlorobenzylalcohol,105,1.34997207
p-chlorobenzylalcohol,100,1.11625181
p-chlorobenzylalcohol,95,0.92038555
p-chlorobenzylalcohol,90,0.75680015
p-chlorobenzylalcohol,85,0.62060978
p-chlorobenzylalcohol,80,0.50756686
p-chlorobenzylalcohol,75,0.41400306
p-chlorobenzylalcohol,70,0.33677231
p-chlorobenzylalcohol,65,0.27319151
p-chlorobenzylalcohol,60,0.22098398
p-chlorobenzylalcohol,55,0.17822655
p-chlorobenzylalcohol,50,0.14330103
p-chlorobenzylalcohol,45,0.11485046
p-chlorobenzylalcohol,40,0.09174028
p-chlorobenzylalcohol,35,0.07302431
p-chlorobenzylalcohol,30,0.05791526
p-chlorobenzylalcohol,25,0.04575932
4-chlorobenzenethiol,160,5.88718828
4-chlorobenzenethiol,155,4.89701650
4-chlorobenzenethiol,150,4.05002463
4-chlorobenzenethiol,145,3.33078529
4-chlorobenzenethiol,140,2.72431287
4-chlorobenzenethiol,135,2.21637744
4-chlorobenzenethiol,130,1.79373424
4-chlorobenzenethiol,125,1.44426197
4-chlorobenzenethiol,120,1.15704049
4-chlorobenzenethiol,115,0.92236398
4-chlorobenzenethiol,110,0.73171089
4-chlorobenzenethiol,105,0.57768184
4-chlorobenzenethiol,100,0.45391622
4-chlorobenzenethiol,95,0.35499674
4-chlorobenzenethiol,90,0.27634887
4-chlorobenzenethiol,85,0.21414039
4-chlorobenzenethiol,80,0.16518524
4-chlorobenzenethiol,75,0.12685334
4-chlorobenzenethiol,70,0.09698847
4-chlorobenzenethiol,65,0.07383453
4-chlorobenzenethiol,60,0.05597050
4-chlorobenzenethiol,55,0.04225369
4-chlorobenzenethiol,50,0.03177083
4-chlorobenzenethiol,45,0.02379648
4-chlorobenzenethiol,40,0.01775776
4-chlorobenzenethiol,35,0.01320497
4-chlorobenzenethiol,30,0.00978713
4-chlorobenzenethiol,25,0.00723187
n-ethyl-morpholine,160,6.50394376
n-ethyl-morpholine,155,5.33045739
n-ethyl-morpholine,150,4.33575114
n-ethyl-morpholine,145,3.50054841
n-ethyl-morpholine,140,2.80562683
n-ethyl-morpholine,135,2.23246472
n-ethyl-morpholine,130,1.76370186
n-ethyl-morpholine,125,1.38344395
n-ethyl-morpholine,120,1.07742778
n-ethyl-morpholine,115,0.83307436
n-ethyl-morpholine,110,0.63945753
n-ethyl-morpholine,105,0.48721513
n-ethyl-morpholine,100,0.36842197
n-ethyl-morpholine,95,0.27644395
n-ethyl-morpholine,90,0.20578505
n-ethyl-morpholine,85,0.15193638
n-ethyl-morpholine,80,0.11123339
n-ethyl-morpholine,75,0.08072474
n-ethyl-morpholine,70,0.05805473
n-ethyl-morpholine,65,0.04135974
n-ethyl-morpholine,60,0.02917869
n-ethyl-morpholine,55,0.02037644
n-ethyl-morpholine,50,0.01407925
n-ethyl-morpholine,45,0.00962103
n-ethyl-morpholine,40,0.00649893
n-ethyl-morpholine,35,0.00433726
n-ethyl-morpholine,30,0.00285825
n-ethyl-morpholine,25,0.00185883
4-ethylphenol,160,27.65116159
4-ethylphenol,155,26.58362739
4-ethylphenol,150,25.61633952
4-ethylphenol,145,24.74768535
4-ethylphenol,140,23.97547524
4-ethylphenol,135,23.29468467
4-ethylphenol,130,22.70346688
4-ethylphenol,125,22.19703186
4-ethylphenol,120,21.77285490
4-ethylphenol,115,21.42707000
4-ethylphenol,110,21.15369465
4-ethylphenol,105,20.95050426
4-ethylphenol,100,100.00000000
4-ethylphenol,95,100.00000000
4-ethylphenol,90,100.00000000
4-ethylphenol,85,100.00000000
4-ethylphenol,80,100.00000000
4-ethylphenol,75,100.00000000
4-ethylphenol,70,100.00000000
4-ethylphenol,65,100.00000000
4-ethylphenol,60,100.00000000
4-ethylphenol,55,100.00000000
4-ethylphenol,50,100.00000000
4-ethylphenol,45,100.00000000
4-ethylphenol,40,100.00000000
4-ethylphenol,35,100.00000000
4-ethylphenol,30,100.00000000
4-ethylphenol,25,100.00000000
butylenecarbonate,160,3.28437601
butylenecarbonate,155,2.58287408
butylenecarbonate,150,2.01772886
butylenecarbonate,145,1.56566841
butylenecarbonate,140,1.20658863
butylenecarbonate,135,0.92335023
butylenecarbonate,130,0.70150360
butylenecarbonate,125,0.52898484
butylenecarbonate,120,0.39581020
butylenecarbonate,115,0.29378530
butylenecarbonate,110,0.21623710
butylenecarbonate,105,0.15777378
butylenecarbonate,100,0.11407259
butylenecarbonate,95,0.08169531
butylenecarbonate,90,0.05792950
butylenecarbonate,85,0.04065338
butylenecarbonate,80,0.02822179
butylenecarbonate,75,0.01937090
butylenecarbonate,70,0.01313914
butylenecarbonate,65,0.00880236
butylenecarbonate,60,0.00582098
butylenecarbonate,55,0.00379748
butylenecarbonate,50,0.00244242
butylenecarbonate,45,0.00154767
butylenecarbonate,40,0.00096551
butylenecarbonate,35,0.00059257
butylenecarbonate,30,0.00035750
butylenecarbonate,25,0.00021184
"1,4-difluoro-2-nitrobenzene",160,4.04407429
"1,4-difluoro-2-nitrobenzene",155,3.26175726
"1,4-difluoro-2-nitrobenzene",150,2.61258752
"1,4-difluoro-2-nitrobenzene",145,2.07827184
"1,4-difluoro-2-nitrobenzene",140,1.64192946
"1,4-difluoro-2-nitrobenzene",135,1.28830277
"1,4-difluoro-2-nitrobenzene",130,1.00384369
"1,4-difluoro-2-nitrobenzene",125,0.77670451
"1,4-difluoro-2-nitrobenzene",120,0.59666197
"1,4-difluoro-2-nitrobenzene",115,0.45499881
"1,4-difluoro-2-nitrobenzene",110,0.34436133
"1,4-difluoro-2-nitrobenzene",105,0.25860725
"1,4-difluoro-2-nitrobenzene",100,0.19265358
"1,4-difluoro-2-nitrobenzene",95,0.14233113
"1,4-difluoro-2-nitrobenzene",90,0.10424962
"1,4-difluoro-2-nitrobenzene",85,0.07567554
"1,4-difluoro-2-nitrobenzene",80,0.05442359
"1,4-difluoro-2-nitrobenzene",75,0.03876175
"1,4-difluoro-2-nitrobenzene",70,0.02732923
"1,4-difluoro-2-nitrobenzene",65,0.01906655
"1,4-difluoro-2-nitrobenzene",60,0.01315649
"1,4-difluoro-2-nitrobenzene",55,0.00897474
"1,4-difluoro-2-nitrobenzene",50,0.00604920
"1,4-difluoro-2-nitrobenzene",45,0.00402658
"1,4-difluoro-2-nitrobenzene",40,0.00264540
"1,4-difluoro-2-nitrobenzene",35,0.00171438
"1,4-difluoro-2-nitrobenzene",30,0.00109524
"1,4-difluoro-2-nitrobenzene",25,0.00068932
4-hydroxybenzaldehyde,160,11.44552849
4-hydroxybenzaldehyde,155,10.26919600
4-hydroxybenzaldehyde,150,9.22661198
4-hydroxybenzaldehyde,145,8.30601902
4-hydroxybenzaldehyde,140,7.49610225
4-hydroxybenzaldehyde,135,6.78617215
4-hydroxybenzaldehyde,130,6.16629053
4-hydroxybenzaldehyde,125,5.62735012
4-hydroxybenzaldehyde,120,5.16111782
4-hydroxybenzaldehyde,115,4.76025097
4-hydroxybenzaldehyde,110,4.41827778
4-hydroxybenzaldehyde,105,4.12964519
4-hydroxybenzaldehyde,100,3.88960517
4-hydroxybenzaldehyde,95,3.69424863
4-hydroxybenzaldehyde,90,3.54046473
4-hydroxybenzaldehyde,85,3.42593281
4-hydroxybenzaldehyde,80,3.34903802
4-hydroxybenzaldehyde,75,3.30891783
4-hydroxybenzaldehyde,70,3.30533251
4-hydroxybenzaldehyde,65,3.33874646
4-hydroxybenzaldehyde,60,3.41003956
4-hydroxybenzaldehyde,55,3.52058047
4-hydroxybenzaldehyde,50,3.67181387
4-hydroxybenzaldehyde,45,3.86524308
4-hydroxybenzaldehyde,40,4.10192198
4-hydroxybenzaldehyde,35,4.38246399
4-hydroxybenzaldehyde,30,4.70618166
4-hydroxybenzaldehyde,25,5.07229904
4-methoxyacetophenone,160,3.33210576
4-methoxyacetophenone,155,2.66333032
4-methoxyacetophenone,150,2.11450471
4-methoxyacetophenone,145,1.66743380
4-methoxyacetophenone,140,1.30589111
4-methoxyacetophenone,135,1.01561681
4-methoxyacetophenone,130,0.78423896
4-methoxyacetophenone,125,0.60114533
4-methoxyacetophenone,120,0.45732680
4-methoxyacetophenone,115,0.34520803
4-methoxyacetophenone,110,0.25847653
4-methoxyacetophenone,105,0.19191754
4-methoxyacetophenone,100,0.14125950
4-methoxyacetophenone,95,0.10303270
4-methoxyacetophenone,90,0.07444251
4-methoxyacetophenone,85,0.05325720
4-methoxyacetophenone,80,0.03771020
4-methoxyacetophenone,75,0.02641574
4-methoxyacetophenone,70,0.01829695
4-methoxyacetophenone,65,0.01252513
4-methoxyacetophenone,60,0.00846910
4-methoxyacetophenone,55,0.00565318
4-methoxyacetophenone,50,0.00372292
4-methoxyacetophenone,45,0.00241730
4-methoxyacetophenone,40,0.00154646
4-methoxyacetophenone,35,0.00097407
4-methoxyacetophenone,30,0.00060361
4-methoxyacetophenone,25,0.00036769
4-methoxybenzonitrile,160,2.48468795
4-methoxybenzonitrile,155,1.95322771
4-methoxybenzonitrile,150,1.52593674
4-methoxybenzonitrile,145,1.18453292
4-methoxybenzonitrile,140,0.91346963
4-methoxybenzonitrile,135,0.69963913
4-methoxybenzonitrile,130,0.53207451
4-methoxybenzonitrile,125,0.40166541
4-methoxybenzonitrile,120,0.30089562
4-methoxybenzonitrile,115,0.22360618
4-methoxybenzonitrile,110,0.16478453
4-methoxybenzonitrile,105,0.12037976
4-methoxybenzonitrile,100,0.08714166
4-methoxybenzonitrile,95,0.06248210
4-methoxybenzonitrile,90,0.04435633
4-methoxybenzonitrile,85,0.03116227
4-methoxybenzonitrile,80,0.02165555
4-methoxybenzonitrile,75,0.01487847
4-methoxybenzonitrile,70,0.01010108
4-methoxybenzonitrile,65,0.00677262
4-methoxybenzonitrile,60,0.00448199
4-methoxybenzonitrile,55,0.00292580
4-methoxybenzonitrile,50,0.00188277
4-methoxybenzonitrile,45,0.00119352
4-methoxybenzonitrile,40,0.00074479
4-methoxybenzonitrile,35,0.00045716
4-methoxybenzonitrile,30,0.00027580
4-methoxybenzonitrile,25,0.00016340
4-nitrophenol,160,25.28494621
4-nitrophenol,155,24.40235634
4-nitrophenol,150,23.63145732
4-nitrophenol,145,22.96966926
4-nitrophenol,140,22.41193518
4-nitrophenol,135,21.95541970
4-nitrophenol,130,21.59587166
4-nitrophenol,125,21.32761489
4-nitrophenol,120,21.14686588
4-nitrophenol,115,21.04842340
4-nitrophenol,110,100.00000000
4-nitrophenol,105,100.00000000
4-nitrophenol,100,100.00000000
4-nitrophenol,95,100.00000000
4-nitrophenol,90,100.00000000
4-nitrophenol,85,100.00000000
4-nitrophenol,80,100.00000000
4-nitrophenol,75,100.00000000
4-nitrophenol,70,100.00000000
4-nitrophenol,65,100.00000000
4-nitrophenol,60,100.00000000
4-nitrophenol,55,100.00000000
4-nitrophenol,50,100.00000000
4-nitrophenol,45,100.00000000
4-nitrophenol,40,100.00000000
4-nitrophenol,35,100.00000000
4-nitrophenol,30,100.00000000
4-nitrophenol,25,100.00000000
4-pentenal,160,8.89302307
4-pentenal,155,7.23520763
4-pentenal,150,5.82685908
4-pentenal,145,4.64643375
4-pentenal,140,3.66960665
4-pentenal,135,2.87098826
4-pentenal,130,2.22551521
4-pentenal,125,1.70948501
4-pentenal,120,1.30123294
4-pentenal,115,0.98149896
4-pentenal,110,0.73355236
4-pentenal,105,0.54314156
4-pentenal,100,0.39833117
4-pentenal,95,0.28927440
4-pentenal,90,0.20795695
4-pentenal,85,0.14793730
4-pentenal,80,0.10409906
4-pentenal,75,0.07242478
4-pentenal,70,0.04979524
4-pentenal,65,0.03381593
4-pentenal,60,0.02266959
4-pentenal,55,0.01499320
4-pentenal,50,0.00977679
4-pentenal,45,0.00628138
4-pentenal,40,0.00397336
4-pentenal,35,0.00247271
4-pentenal,30,0.00151269
4-pentenal,25,0.00090890
4-vinylpyridine,160,6.05109071
4-vinylpyridine,155,4.90258898
4-vinylpyridine,150,3.94221942
4-vinylpyridine,145,3.14669719
4-vinylpyridine,140,2.49359078
4-vinylpyridine,135,1.96195645
4-vinylpyridine,130,1.53273175
4-vinylpyridine,125,1.18892758
4-vinylpyridine,120,0.91567053
4-vinylpyridine,115,0.70013742
4-vinylpyridine,110,0.53142018
4-vinylpyridine,105,0.40035022
4-vinylpyridine,100,0.29930451
4-vinylpyridine,95,0.22200859
4-vinylpyridine,90,0.16334694
4-vinylpyridine,85,0.11918679
4-vinylpyridine,80,0.08621893
4-vinylpyridine,75,0.06181682
4-vinylpyridine,70,0.04391401
4-vinylpyridine,65,0.03089908
4-vinylpyridine,60,0.02152671
4-vinylpyridine,55,0.01484342
4-vinylpyridine,50,0.01012599
4-vinylpyridine,45,0.00683125
4-vinylpyridine,40,0.00455536
4-vinylpyridine,35,0.00300118
4-vinylpyridine,30,0.00195245
4-vinylpyridine,25,0.00125355
anthraquinone,160,1.76944033
anthraquinone,155,1.39935477
anthraquinone,150,1.09989500
anthraquinone,145,0.85904257
anthraquinone,140,0.66652483
anthraquinone,135,0.51362316
anthraquinone,130,0.39298740
anthraquinone,125,0.29846188
anthraquinone,120,0.22492455
anthraquinone,115,0.16814173
anthraquinone,110,0.12463757
anthraquinone,105,0.09157829
anthraquinone,100,0.06667026
anthraquinone,95,0.04807113
anthraquinone,90,0.03431275
anthraquinone,85,0.02423494
anthraquinone,80,0.01692888
anthraquinone,75,0.01168929
anthraquinone,70,0.00797412
anthraquinone,65,0.00537105
anthraquinone,60,0.00356988
anthraquinone,55,0.00233982
anthraquinone,50,0.00151130
anthraquinone,45,0.00096127
anthraquinone,40,0.00060163
anthraquinone,35,0.00037022
anthraquinone,30,0.00022380
anthraquinone,25,0.00013278
"9,10-phenanthrenedione",160,1.48150987
"9,10-phenanthrenedione",155,1.16997302
"9,10-phenanthrenedione",150,0.91869901
"9,10-phenanthrenedione",145,0.71712141
"9,10-phenanthrenedione",140,0.55631857
"9,10-phenanthrenedione",135,0.42879441
"9,10-phenanthrenedione",130,0.32828177
"9,10-phenanthrenedione",125,0.24956751
"9,10-phenanthrenedione",120,0.18833836
"9,10-phenanthrenedione",115,0.14104528
"9,10-phenanthrenedione",110,0.10478540
"9,10-phenanthrenedione",105,0.07719910
"9,10-phenanthrenedione",100,0.05638100
"9,10-phenanthrenedione",95,0.04080326
"9,10-phenanthrenedione",90,0.02924981
"9,10-phenanthrenedione",85,0.02076030
"9,10-phenanthrenedione",80,0.01458257
"9,10-phenanthrenedione",75,0.01013263
"9,10-phenanthrenedione",70,0.00696123
"9,10-phenanthrenedione",65,0.00472610
"9,10-phenanthrenedione",60,0.00316912
"9,10-phenanthrenedione",55,0.00209772
"9,10-phenanthrenedione",50,0.00136984
"9,10-phenanthrenedione",45,0.00088192
"9,10-phenanthrenedione",40,0.00055943
"9,10-phenanthrenedione",35,0.00034938
"9,10-phenanthrenedione",30,0.00021468
"9,10-phenanthrenedione",25,0.00012968
alpha-methylstyrene,160,3.55307334
alpha-methylstyrene,155,2.80316772
alpha-methylstyrene,150,2.19578086
alpha-methylstyrene,145,1.70762997
alpha-methylstyrene,140,1.31827845
alpha-methylstyrene,135,1.01006622
alpha-methylstyrene,130,0.76793099
alpha-methylstyrene,125,0.57917046
alpha-methylstyrene,120,0.43317994
alpha-methylstyrene,115,0.32118770
alpha-methylstyrene,110,0.23600163
alpha-methylstyrene,105,0.17177518
alpha-methylstyrene,100,0.12379581
alpha-methylstyrene,95,0.08829780
alpha-methylstyrene,90,0.06229854
alpha-methylstyrene,85,0.04345729
alpha-methylstyrene,80,0.02995462
alpha-methylstyrene,75,0.02039048
alpha-methylstyrene,70,0.01369889
alpha-methylstyrene,65,0.00907724
alpha-methylstyrene,60,0.00592835
alpha-methylstyrene,55,0.00381337
alpha-methylstyrene,50,0.00241404
alpha-methylstyrene,45,0.00150276
alpha-methylstyrene,40,0.00091910
alpha-methylstyrene,35,0.00055179
alpha-methylstyrene,30,0.00032486
alpha-methylstyrene,25,0.00018737
acetaldehyde,160,25.69806683
acetaldehyde,155,22.38215616
acetaldehyde,150,19.25292704
acetaldehyde,145,16.34537433
acetaldehyde,140,13.68848465
acetaldehyde,135,11.30343301
acetaldehyde,130,9.20146383
acetaldehyde,125,7.38383931
acetaldehyde,120,5.84185331
acetaldehyde,115,4.55814551
acetaldehyde,110,3.50889052
acetaldehyde,105,2.66620039
acetaldehyde,100,2.00057877
acetaldehyde,95,1.48298473
acetaldehyde,90,1.08637678
acetaldehyde,85,0.78666104
acetaldehyde,80,0.56313399
acetaldehyde,75,0.39852775
acetaldehyde,70,0.27879724
acetaldehyde,65,0.19276123
acetaldehyde,60,0.13168397
acetaldehyde,55,0.08885355
acetaldehyde,50,0.05919182
acetaldehyde,45,0.03891194
acetaldehyde,40,0.02522914
acetaldehyde,35,0.01612357
acetaldehyde,30,0.01015028
acetaldehyde,25,0.00628998
acetaldehydeoxime,160,26.52179354
acetaldehydeoxime,155,24.06754434
acetaldehydeoxime,150,21.75578384
acetaldehydeoxime,145,19.59570653
acetaldehydeoxime,140,17.59292424
acetaldehydeoxime,135,15.75037647
acetaldehydeoxime,130,14.06804845
acetaldehydeoxime,125,12.54328254
acetaldehydeoxime,120,11.17098277
acetaldehydeoxime,115,9.94398563
acetaldehydeoxime,110,8.85381844
acetaldehydeoxime,105,7.89088510
acetaldehydeoxime,100,7.04514943
acetaldehydeoxime,95,6.30628603
acetaldehydeoxime,90,5.66420526
acetaldehydeoxime,85,5.10926265
acetaldehydeoxime,80,4.63245706
acetaldehydeoxime,75,4.22556766
acetaldehydeoxime,70,3.88123954
acetaldehydeoxime,65,3.59302904
acetaldehydeoxime,60,3.35541958
acetaldehydeoxime,55,3.16381713
acetaldehydeoxime,50,3.01453308
acetaldehydeoxime,45,2.90475909
acetaldehydeoxime,40,2.83255479
acetaldehydeoxime,35,2.79675208
acetaldehydeoxime,30,2.79696865
acetaldehydeoxime,25,2.83354348
acetamide,160,0.27687758
acetamide,155,0.21151442
acetamide,150,0.16080726
acetamide,145,0.12164457
acetamide,140,0.09154059
acetamide,135,0.06851482
acetamide,130,0.05099450
acetamide,125,0.03773546
acetamide,120,0.02775770
acetamide,115,0.02029293
acetamide,110,0.01474186
acetamide,105,0.01063955
acetamide,100,0.00762733
acetamide,95,0.00543016
acetamide,90,0.00383841
acetamide,85,0.00269335
acetamide,80,0.00187559
acetamide,75,0.00129593
acetamide,70,0.00088819
acetamide,65,0.00060367
acetamide,60,0.00040675
acetamide,55,0.00027162
acetamide,50,0.00017970
acetamide,45,0.00011775
acetamide,40,0.00007638
acetamide,35,0.00004903
acetamide,30,0.00003113
acetamide,25,0.00001954
acetanilide,160,3.61759346
acetanilide,155,2.91631445
acetanilide,150,2.33794928
acetanilide,145,1.86387208
acetanilide,140,1.47760120
acetanilide,135,1.16473078
acetanilide,130,0.91280260
acetanilide,125,0.71114240
acetanilide,120,0.55068184
acetanilide,115,0.42377643
acetanilide,110,0.32402901
acetanilide,105,0.24612366
acetanilide,100,0.18567302
acetanilide,95,0.13908045
acetanilide,90,0.10341735
acetanilide,85,0.07631516
acetanilide,80,0.05587149
acetanilide,75,0.04056903
acetanilide,70,0.02920640
acetanilide,65,0.02083936
acetanilide,60,0.01473152
acetanilide,55,0.01031311
acetanilide,50,0.00714696
acetanilide,45,0.00490050
acetanilide,40,0.00332300
acetanilide,35,0.00222720
acetanilide,30,0.00147463
acetanilide,25,0.00096390
aceticacid,160,22.52221591
aceticacid,155,20.33022667
aceticacid,150,18.32708428
aceticacid,145,16.51055365
aceticacid,140,14.87522327
aceticacid,135,13.41318960
aceticacid,130,12.11470581
aceticacid,125,10.96905510
aceticacid,120,9.96480605
aceticacid,115,9.09055162
aceticacid,110,8.33524921
aceticacid,105,7.68853484
aceticacid,100,7.14098866
aceticacid,95,6.68417757
aceticacid,90,6.31094769
aceticacid,85,6.01537640
aceticacid,80,5.79284065
aceticacid,75,5.63998129
aceticacid,70,5.55483495
aceticacid,65,5.53662010
aceticacid,60,5.58565868
aceticacid,55,5.70340853
aceticacid,50,5.89190045
aceticacid,45,6.15367104
aceticacid,40,6.49130337
aceticacid,35,6.90667802
aceticacid,30,7.40075503
aceticacid,25,7.97285506
aceticanhydride,160,4.99329542
aceticanhydride,155,3.96514293
aceticanhydride,150,3.12355884
aceticanhydride,145,2.44126971
aceticanhydride,140,1.89314454
aceticanhydride,135,1.45664116
aceticanhydride,130,1.11197436
aceticanhydride,125,0.84209093
aceticanhydride,120,0.63251671
aceticanhydride,115,0.47112996
aceticanhydride,110,0.34789968
aceticanhydride,105,0.25461516
aceticanhydride,100,0.18462413
aceticanhydride,95,0.13258956
aceticanhydride,90,0.09427055
aceticanhydride,85,0.06632917
aceticanhydride,80,0.04616342
aceticanhydride,75,0.03176484
aceticanhydride,70,0.02159872
aceticanhydride,65,0.01450461
aceticanhydride,60,0.00961461
aceticanhydride,55,0.00628697
aceticanhydride,50,0.00405282
aceticanhydride,45,0.00257386
aceticanhydride,40,0.00160922
aceticanhydride,35,0.00098974
aceticanhydride,30,0.00059835
aceticanhydride,25,0.00035526
propanone,160,21.05714588
propanone,155,18.26824908
propanone,150,15.67439995
propanone,145,13.29457238
propanone,140,11.14274298
propanone,135,9.22647058
propanone,130,7.54664296
propanone,125,6.09751859
propanone,120,4.86730513
propanone,115,3.83929102
propanone,110,2.99332348
propanone,105,2.30737907
propanone,100,1.75898232
propanone,95,1.32640762
propanone,90,0.98954221
propanone,85,0.73041351
propanone,80,0.53343380
propanone,75,0.38541939
propanone,70,0.27545893
propanone,65,0.19469105
propanone,60,0.13603969
propanone,55,0.09394021
propanone,50,0.06407853
propanone,45,0.04315512
propanone,40,0.02867944
propanone,35,0.01879595
propanone,30,0.01214024
propanone,25,0.00772237
2-hydroxy-2-methylpropanenitrile,160,10.75694890
2-hydroxy-2-methylpropanenitrile,155,9.30946399
2-hydroxy-2-methylpropanenitrile,150,8.05056734
2-hydroxy-2-methylpropanenitrile,145,6.96087005
2-hydroxy-2-methylpropanenitrile,140,6.02143633
2-hydroxy-2-methylpropanenitrile,135,5.21432187
2-hydroxy-2-methylpropanenitrile,130,4.52290976
2-hydroxy-2-methylpropanenitrile,125,3.93208881
2-hydroxy-2-methylpropanenitrile,120,3.42831597
2-hydroxy-2-methylpropanenitrile,115,2.99959813
2-hydroxy-2-methylpropanenitrile,110,2.63542141
2-hydroxy-2-methylpropanenitrile,105,2.32664904
2-hydroxy-2-methylpropanenitrile,100,2.06540365
2-hydroxy-2-methylpropanenitrile,95,1.84494470
2-hydroxy-2-methylpropanenitrile,90,1.65954875
2-hydroxy-2-methylpropanenitrile,85,1.50439754
2-hydroxy-2-methylpropanenitrile,80,1.37547710
2-hydroxy-2-methylpropanenitrile,75,1.26948982
2-hydroxy-2-methylpropanenitrile,70,1.18378101
2-hydroxy-2-methylpropanenitrile,65,1.11628064
2-hydroxy-2-methylpropanenitrile,60,1.06546100
2-hydroxy-2-methylpropanenitrile,55,1.03031119
2-hydroxy-2-methylpropanenitrile,50,1.01032883
2-hydroxy-2-methylpropanenitrile,45,1.00552977
2-hydroxy-2-methylpropanenitrile,40,1.01647270
2-hydroxy-2-methylpropanenitrile,35,1.04431140
2-hydroxy-2-methylpropanenitrile,30,1.09083776
2-hydroxy-2-methylpropanenitrile,25,1.15854767
acetonitrile,160,2.99716396
acetonitrile,155,2.25128071
acetonitrile,150,1.68210803
acetonitrile,145,1.24973235
acetonitrile,140,0.92290546
acetonitrile,135,0.67719846
acetonitrile,130,0.49355850
acetonitrile,125,0.35716863
acetonitrile,120,0.25654872
acetonitrile,115,0.18284323
acetonitrile,110,0.12925607
acetonitrile,105,0.09060148
acetonitrile,100,0.06294758
acetonitrile,95,0.04333376
acetonitrile,90,0.02954729
acetonitrile,85,0.01994750
acetonitrile,80,0.01332813
acetonitrile,75,0.00881016
acetonitrile,70,0.00575903
acetonitrile,65,0.00372114
acetonitrile,60,0.00237556
acetonitrile,55,0.00149766
acetonitrile,50,0.00093196
acetonitrile,45,0.00057214
acetonitrile,40,0.00034632
acetonitrile,35,0.00020658
acetonitrile,30,0.00012136
acetonitrile,25,0.00007017
acetophenone,160,4.84432847
acetophenone,155,3.88744091
acetophenone,150,3.09566504
acetophenone,145,2.44646602
acetophenone,140,1.91881572
acetophenone,135,1.49357966
acetophenone,130,1.15370722
acetophenone,125,0.88427169
acetophenone,120,0.67240419
acetophenone,115,0.50715817
acetophenone,110,0.37933397
acetophenone,105,0.28128502
acetophenone,100,0.20672092
acetophenone,95,0.15051768
acetophenone,90,0.10854121
acetophenone,85,0.07748744
acetophenone,80,0.05474067
acetophenone,75,0.03824992
acetophenone,70,0.02642281
acetophenone,65,0.01803552
acetophenone,60,0.01215734
acetophenone,55,0.00808824
acetophenone,50,0.00530767
acetophenone,45,0.00343323
acetophenone,40,0.00218750
acetophenone,35,0.00137188
acetophenone,30,0.00084620
acetophenone,25,0.00051292
2-propanoneoxime,160,23.16929987
2-propanoneoxime,155,20.97981344
2-propanoneoxime,150,18.92475820
2-propanoneoxime,145,17.00862018
2-propanoneoxime,140,15.23340742
2-propanoneoxime,135,13.59916278
2-propanoneoxime,130,12.10474468
2-propanoneoxime,125,10.74670159
2-propanoneoxime,120,9.52032741
2-propanoneoxime,115,8.41950490
2-propanoneoxime,110,7.43696152
2-propanoneoxime,105,6.56483574
2-propanoneoxime,100,5.79466737
2-propanoneoxime,95,5.11785729
2-propanoneoxime,90,4.52573885
2-propanoneoxime,85,4.00991614
2-propanoneoxime,80,3.56239846
2-propanoneoxime,75,3.17567171
2-propanoneoxime,70,2.84287102
2-propanoneoxime,65,2.55776644
2-propanoneoxime,60,2.31480679
2-propanoneoxime,55,2.10912314
2-propanoneoxime,50,1.93651845
2-propanoneoxime,45,1.79344909
2-propanoneoxime,40,1.67700378
2-propanoneoxime,35,1.58488399
2-propanoneoxime,30,1.51538938
2-propanoneoxime,25,1.46741043
aspirin,160,10.61571627
aspirin,155,9.68479704
aspirin,150,8.85652864
aspirin,145,8.12300197
aspirin,140,7.47665140
aspirin,135,6.91044505
aspirin,130,6.41793394
aspirin,125,5.99321649
aspirin,120,5.63109592
aspirin,115,5.32702441
aspirin,110,5.07713949
aspirin,105,4.87827014
aspirin,100,4.72802002
aspirin,95,4.62440060
aspirin,90,4.56642006
aspirin,85,4.55331628
aspirin,80,4.58507060
aspirin,75,4.66180138
aspirin,70,4.78383060
aspirin,65,4.95142748
aspirin,60,5.16411761
aspirin,55,5.42143258
aspirin,50,5.72129259
aspirin,45,6.06141259
aspirin,40,6.43825467
aspirin,35,6.84769702
aspirin,30,7.28463640
aspirin,25,7.74490997
acetylacetone,160,5.19291492
acetylacetone,155,4.15634674
acetylacetone,150,3.30164115
acetylacetone,145,2.60319992
acetylacetone,140,2.03734004
acetylacetone,135,1.58268344
acetylacetone,130,1.22032022
acetylacetone,125,0.93380727
acetylacetone,120,0.70905523
acetylacetone,115,0.53414660
acetylacetone,110,0.39911722
acetylacetone,105,0.29572424
acetylacetone,100,0.21721633
acetylacetone,95,0.15811616
acetylacetone,90,0.11402089
acetylacetone,85,0.08142364
acetylacetone,80,0.05755667
acetylacetone,75,0.04025582
acetylacetone,70,0.02784491
acetylacetone,65,0.01903841
acetylacetone,60,0.01286039
acetylacetone,55,0.00857773
acetylacetone,50,0.00564585
acetylacetone,45,0.00366482
acetylacetone,40,0.00234452
acetylacetone,35,0.00147717
acetylacetone,30,0.00091593
acetylacetone,25,0.00055847
acetylbromide,160,6.42330189
acetylbromide,155,5.14260486
acetylbromide,150,4.07444430
acetylbromide,145,3.19603298
acetylbromide,140,2.48304936
acetylbromide,135,1.91129479
acetylbromide,130,1.45791464
acetylbromide,125,1.10216745
acetylbromide,120,0.82580996
acetylbromide,115,0.61319151
acetylbromide,110,0.45115622
acetylbromide,105,0.32883106
acetylbromide,100,0.23735973
acetylbromide,95,0.16962082
acetylbromide,90,0.11995481
acetylbromide,85,0.08391357
acetylbromide,80,0.05803832
acetylbromide,75,0.03966808
acetylbromide,70,0.02677756
acetylbromide,65,0.01784221
acetylbromide,60,0.01172741
acetylbromide,55,0.00759878
acetylbromide,50,0.00485031
acetylbromide,45,0.00304760
acetylbromide,40,0.00188351
acetylbromide,35,0.00114404
acetylbromide,30,0.00068234
acetylbromide,25,0.00039924
acetylchloride,160,16.46305698
acetylchloride,155,14.04241223
acetylchloride,150,11.82641345
acetylchloride,145,9.82928682
acetylchloride,140,8.05916857
acetylchloride,135,6.51760884
acetylchloride,130,5.19906766
acetylchloride,125,4.09145396
acetylchloride,120,3.17738892
acetylchloride,115,2.43588838
acetylchloride,110,1.84413959
acetylchloride,105,1.37917056
acetylchloride,100,1.01914197
acetylchloride,95,0.74422978
acetylchloride,90,0.53709558
acetylchloride,85,0.38303430
acetylchloride,80,0.26989158
acetylchloride,75,0.18784033
acetylchloride,70,0.12908631
acetylchloride,65,0.08755341
acetylchloride,60,0.05857956
acetylchloride,55,0.03864111
acetylchloride,50,0.02511353
acetylchloride,45,0.01607017
acetylchloride,40,0.01011727
acetylchloride,35,0.00626166
acetylchloride,30,0.00380652
acetylchloride,25,0.00227082
ethine,160,59.72275943
ethine,155,57.61797132
ethine,150,55.47875732
ethine,145,53.31278533
ethine,140,51.12075983
ethine,135,48.91188658
ethine,130,46.68682866
ethine,125,44.45358386
ethine,120,42.21694023
ethine,115,39.98543293
ethine,110,37.76506602
ethine,105,35.56527517
ethine,100,33.39114186
ethine,95,31.25448335
ethine,90,29.16215716
ethine,85,27.12298260
ethine,80,25.14455630
ethine,75,23.23727720
ethine,70,21.40645420
ethine,65,19.66148830
ethine,60,18.00652237
ethine,55,16.44782367
ethine,50,14.98999074
ethine,45,13.63461535
ethine,40,12.38405775
ethine,35,11.23877272
ethine,30,10.19761482
ethine,25,9.25864065
acetylfluoride,160,13.82720191
acetylfluoride,155,11.18667574
acetylfluoride,150,8.90584081
acetylfluoride,145,6.98231092
acetylfluoride,140,5.39611858
acetylfluoride,135,4.11466843
acetylfluoride,130,3.09835223
acetylfluoride,125,2.30552895
acetylfluoride,120,1.69618366
acetylfluoride,115,1.23416479
acetylfluoride,110,0.88823973
acetylfluoride,105,0.63231821
acetylfluoride,100,0.44516886
acetylfluoride,95,0.30987402
acetylfluoride,90,0.21318941
acetylfluoride,85,0.14490466
acetylfluoride,80,0.09725770
acetylfluoride,75,0.06442516
acetylfluoride,70,0.04209404
acetylfluoride,65,0.02711086
acetylfluoride,60,0.01720003
acetylfluoride,55,0.01074151
acetylfluoride,50,0.00659812
acetylfluoride,45,0.00398331
acetylfluoride,40,0.00236138
acetylfluoride,35,0.00137340
acetylfluoride,30,0.00078292
acetylfluoride,25,0.00043702
acridine,160,2.37896581
acridine,155,1.89389721
acridine,150,1.49858480
acridine,145,1.17844276
acridine,140,0.92081333
acridine,135,0.71481487
acridine,130,0.55117258
acridine,125,0.42204427
acridine,120,0.32084905
acridine,115,0.24210521
acridine,110,0.18127969
acridine,105,0.13465109
acridine,100,0.09918676
acridine,95,0.07243385
acridine,90,0.05242372
acridine,85,0.03758899
acridine,80,0.02669205
acridine,75,0.01876406
acridine,70,0.01305342
acridine,65,0.00898249
acridine,60,0.00611166
acridine,55,0.00410979
acridine,50,0.00273010
acridine,45,0.00179073
acridine,40,0.00115919
acridine,35,0.00074017
acridine,30,0.00046593
acridine,25,0.00028899
acrolein,160,15.53558171
acrolein,155,12.86231071
acrolein,150,10.50704616
acrolein,145,8.47111905
acrolein,140,6.74348347
acrolein,135,5.30304326
acrolein,130,4.12178037
acrolein,125,3.16788563
acrolein,120,2.40855370
acrolein,115,1.81210391
acrolein,110,1.34940781
acrolein,105,0.99468279
acrolein,100,0.72579107
acrolein,95,0.52418897
acrolein,90,0.37466241
acrolein,85,0.26494894
acrolein,80,0.18531837
acrolein,75,0.12815844
acrolein,70,0.08759170
acrolein,65,0.05913690
acrolein,60,0.03941910
acrolein,55,0.02592751
acrolein,50,0.01681728
acrolein,45,0.01074997
acrolein,40,0.00676726
acrolein,35,0.00419228
acrolein,30,0.00255374
acrolein,25,0.00152837
2-propenamide,160,0.44939843
2-propenamide,155,0.34478086
2-propenamide,150,0.26334412
2-propenamide,145,0.20019894
2-propenamide,140,0.15144501
2-propenamide,135,0.11397439
2-propenamide,130,0.08531548
2-propenamide,125,0.06350818
2-propenamide,120,0.04700329
2-propenamide,115,0.03458125
2-propenamide,110,0.02528626
2-propenamide,105,0.01837288
2-propenamide,100,0.01326281
2-propenamide,95,0.00950985
2-propenamide,90,0.00677180
2-propenamide,85,0.00478779
2-propenamide,80,0.00336026
2-propenamide,75,0.00234054
2-propenamide,70,0.00161757
2-propenamide,65,0.00110892
2-propenamide,60,0.00075390
2-propenamide,55,0.00050813
2-propenamide,50,0.00033943
2-propenamide,45,0.00022465
2-propenamide,40,0.00014726
2-propenamide,35,0.00009558
2-propenamide,30,0.00006139
2-propenamide,25,0.00003901
acrylicacid,160,30.00999102
acrylicacid,155,28.22174279
acrylicacid,150,26.55350625
acrylicacid,145,25.00687028
acrylicacid,140,23.58245989
acrylicacid,135,22.28002416
acrylicacid,130,21.09819165
acrylicacid,125,20.03558872
acrylicacid,120,19.08994273
acrylicacid,115,18.25884100
acrylicacid,110,17.53997982
acrylicacid,105,16.92926099
acrylicacid,100,16.42434787
acrylicacid,95,16.02185493
acrylicacid,90,15.71932073
acrylicacid,85,15.51290482
acrylicacid,80,15.39950336
acrylicacid,75,15.37664072
acrylicacid,70,15.43986254
acrylicacid,65,15.58665317
acrylicacid,60,15.81128704
acrylicacid,55,16.10944593
acrylicacid,50,16.47600941
acrylicacid,45,16.90623710
acrylicacid,40,17.39321188
acrylicacid,35,17.93013301
acrylicacid,30,18.51205417
acrylicacid,25,100.00000000
2-propenenitrile,160,7.25959104
2-propenenitrile,155,5.61626132
2-propenenitrile,150,4.30882725
2-propenenitrile,145,3.27971174
2-propenenitrile,140,2.47728699
2-propenenitrile,135,1.85699776
2-propenenitrile,130,1.38139996
2-propenenitrile,125,1.01962144
2-propenenitrile,120,0.74658395
2-propenenitrile,115,0.54215575
2-propenenitrile,110,0.39033956
2-propenenitrile,105,0.27853944
2-propenenitrile,100,0.19692301
2-propenenitrile,95,0.13787993
2-propenenitrile,90,0.09556951
2-propenenitrile,85,0.06554818
2-propenenitrile,80,0.04446563
2-propenenitrile,75,0.02981953
2-propenenitrile,70,0.01975920
2-propenenitrile,65,0.01293001
2-propenenitrile,60,0.00835116
2-propenenitrile,55,0.00532058
2-propenenitrile,50,0.00334170
2-propenenitrile,45,0.00206772
2-propenenitrile,40,0.00125960
2-propenenitrile,35,0.00075489
2-propenenitrile,30,0.00044475
2-propenenitrile,25,0.00025738
propenoylchloride,160,12.97789477
propenoylchloride,155,10.94630130
propenoylchloride,150,9.12848773
propenoylchloride,145,7.52531320
propenoylchloride,140,6.13231688
propenoylchloride,135,4.93997119
propenoylchloride,130,3.93450795
propenoylchloride,125,3.09894087
propenoylchloride,120,2.41432195
propenoylchloride,115,1.86094667
propenoylchloride,110,1.41942512
propenoylchloride,105,1.07149155
propenoylchloride,100,0.80055463
propenoylchloride,95,0.59199009
propenoylchloride,90,0.43323224
propenoylchloride,85,0.31371731
propenoylchloride,80,0.22473208
propenoylchloride,75,0.15920941
propenoylchloride,70,0.11150405
propenoylchloride,65,0.07716973
propenoylchloride,60,0.05275099
propenoylchloride,55,0.03559694
propenoylchloride,50,0.02369971
propenoylchloride,45,0.01555793
propenoylchloride,40,0.01006349
propenoylchloride,35,0.00640949
propenoylchloride,30,0.00401648
propenoylchloride,25,0.00247436
adenine,160,0.21196819
adenine,155,0.16537673
adenine,150,0.12850850
adenine,145,0.09944114
adenine,140,0.07661388
adenine,135,0.05876144
adenine,130,0.04486039
adenine,125,0.03408517
adenine,120,0.02577210
adenine,115,0.01938961
adenine,110,0.01451374
adenine,105,0.01080782
adenine,100,0.00800581
adenine,95,0.00589851
adenine,90,0.00432225
adenine,85,0.00314972
adenine,80,0.00228240
adenine,75,0.00164449
adenine,70,0.00117802
adenine,65,0.00083892
adenine,60,0.00059388
adenine,55,0.00041787
adenine,50,0.00029223
adenine,45,0.00020310
adenine,40,0.00014026
adenine,35,0.00009624
adenine,30,0.00006561
adenine,25,0.00004444
hexanedioicacid,160,6.29866137
hexanedioicacid,155,5.57970232
hexanedioicacid,150,4.95869183
hexanedioicacid,145,4.42341578
hexanedioicacid,140,3.96314458
hexanedioicacid,135,3.56851948
hexanedioicacid,130,3.23143603
hexanedioicacid,125,2.94493357
hexanedioicacid,120,2.70309477
hexanedioicacid,115,2.50095824
hexanedioicacid,110,2.33444648
hexanedioicacid,105,2.20031100
hexanedioicacid,100,2.09609672
hexanedioicacid,95,2.02012363
hexanedioicacid,90,1.97150972
hexanedioicacid,85,1.95018748
hexanedioicacid,80,1.95697707
hexanedioicacid,75,1.99367153
hexanedioicacid,70,2.06315545
hexanedioicacid,65,2.16948813
hexanedioicacid,60,2.31801372
hexanedioicacid,55,2.51539762
hexanedioicacid,50,2.76940887
hexanedioicacid,45,3.08862148
hexanedioicacid,40,3.48168102
hexanedioicacid,35,3.95633405
hexanedioicacid,30,4.51805593
hexanedioicacid,25,5.16937605
aceticacid-2-propenylester,160,7.63760228
aceticacid-2-propenylester,155,6.22216342
aceticacid-2-propenylester,150,5.02177578
aceticacid-2-propenylester,145,4.01596872
aceticacid-2-propenylester,140,3.18286695
aceticacid-2-propenylester,135,2.50038647
aceticacid-2-propenylester,130,1.94716609
aceticacid-2-propenylester,125,1.50324830
aceticacid-2-propenylester,120,1.15051176
aceticacid-2-propenylester,115,0.87289149
aceticacid-2-propenylester,110,0.65643275
aceticacid-2-propenylester,105,0.48922611
aceticacid-2-propenylester,100,0.36126409
aceticacid-2-propenylester,95,0.26425378
aceticacid-2-propenylester,90,0.19141001
aceticacid-2-propenylester,85,0.13724687
aceticacid-2-propenylester,80,0.09737878
aceticacid-2-propenylester,75,0.06833814
aceticacid-2-propenylester,70,0.04741280
aceticacid-2-propenylester,65,0.03250441
aceticacid-2-propenylester,60,0.02200735
aceticacid-2-propenylester,55,0.01470689
aceticacid-2-propenylester,50,0.00969467
aceticacid-2-propenylester,45,0.00629971
aceticacid-2-propenylester,40,0.00403255
aceticacid-2-propenylester,35,0.00254091
aceticacid-2-propenylester,30,0.00157474
aceticacid-2-propenylester,25,0.00095912
4-pentenoicacid,160,23.53825131
4-pentenoicacid,155,22.03408796
4-pentenoicacid,150,20.64647531
4-pentenoicacid,145,19.37289030
4-pentenoicacid,140,18.21033410
4-pentenoicacid,135,17.15551852
4-pentenoicacid,130,16.20463544
4-pentenoicacid,125,15.35395465
4-pentenoicacid,120,14.59959839
4-pentenoicacid,115,13.93771931
4-pentenoicacid,110,13.36432876
4-pentenoicacid,105,12.87542712
4-pentenoicacid,100,12.46926459
4-pentenoicacid,95,12.14059940
4-pentenoicacid,90,11.88793983
4-pentenoicacid,85,11.70762531
4-pentenoicacid,80,11.59780879
4-pentenoicacid,75,11.55471792
4-pentenoicacid,70,11.57692192
4-pentenoicacid,65,11.66113397
4-pentenoicacid,60,11.80391747
4-pentenoicacid,55,12.00278788
4-pentenoicacid,50,12.25335554
4-pentenoicacid,45,12.55264370
4-pentenoicacid,40,12.89546562
4-pentenoicacid,35,13.27764510
4-pentenoicacid,30,13.69566664
4-pentenoicacid,25,14.14379538
3-oxobutanoicacid-2-propenylester,160,2.19164463
3-oxobutanoicacid-2-propenylester,155,1.72219174
3-oxobutanoicacid-2-propenylester,150,1.34491223
3-oxobutanoicacid-2-propenylester,145,1.04357823
3-oxobutanoicacid-2-propenylester,140,0.80441442
3-oxobutanoicacid-2-propenylester,135,0.61581831
3-oxobutanoicacid-2-propenylester,130,0.46808793
3-oxobutanoicacid-2-propenylester,125,0.35316629
3-oxobutanoicacid-2-propenylester,120,0.26440781
3-oxobutanoicacid-2-propenylester,115,0.19636773
3-oxobutanoicacid-2-propenylester,110,0.14461588
3-oxobutanoicacid-2-propenylester,105,0.10557296
3-oxobutanoicacid-2-propenylester,100,0.07636818
3-oxobutanoicacid-2-propenylester,95,0.05471652
3-oxobutanoicacid-2-propenylester,90,0.03881370
3-oxobutanoicacid-2-propenylester,85,0.02724688
3-oxobutanoicacid-2-propenylester,80,0.01891943
3-oxobutanoicacid-2-propenylester,75,0.01298801
3-oxobutanoicacid-2-propenylester,70,0.00881036
3-oxobutanoicacid-2-propenylester,65,0.00590231
3-oxobutanoicacid-2-propenylester,60,0.00390280
3-oxobutanoicacid-2-propenylester,55,0.00254560
3-oxobutanoicacid-2-propenylester,50,0.00163677
3-oxobutanoicacid-2-propenylester,45,0.00103674
3-oxobutanoicacid-2-propenylester,40,0.00064645
3-oxobutanoicacid-2-propenylester,35,0.00039650
3-oxobutanoicacid-2-propenylester,30,0.00023903
3-oxobutanoicacid-2-propenylester,25,0.00014152
2-propen-1-ol,160,22.05829071
2-propen-1-ol,155,19.33870325
2-propen-1-ol,150,16.80255207
2-propen-1-ol,145,14.46526237
2-propen-1-ol,140,12.33785200
2-propen-1-ol,135,10.42603483
2-propen-1-ol,130,8.72981950
2-propen-1-ol,125,7.24415195
2-propen-1-ol,120,5.95918197
2-propen-1-ol,115,4.86128791
2-propen-1-ol,110,3.93409367
2-propen-1-ol,105,3.15963951
2-propen-1-ol,100,2.51939711
2-propen-1-ol,95,1.99516689
2-propen-1-ol,90,1.56973052
2-propen-1-ol,85,1.22730601
2-propen-1-ol,80,0.95380223
2-propen-1-ol,75,0.73690593
2-propen-1-ol,70,0.56605746
2-propen-1-ol,65,0.43234117
2-propen-1-ol,60,0.32833020
2-propen-1-ol,55,0.24790944
2-propen-1-ol,50,0.18609477
2-propen-1-ol,45,0.13886019
2-propen-1-ol,40,0.10297977
2-propen-1-ol,35,0.07588763
2-propen-1-ol,30,0.05555676
2-propen-1-ol,25,0.04039624
2-propen-1-amine,160,24.09214795
2-propen-1-amine,155,21.26557807
2-propen-1-amine,150,18.59109161
2-propen-1-amine,145,16.08922329
2-propen-1-amine,140,13.77766166
2-propen-1-amine,135,11.67005346
2-propen-1-amine,130,9.77529150
2-propen-1-amine,125,8.09644561
2-propen-1-amine,120,6.63085304
2-propen-1-amine,115,5.37041958
2-propen-1-amine,110,4.30233702
2-propen-1-amine,105,3.41018933
2-propen-1-amine,100,2.67525341
2-propen-1-amine,95,2.07779090
2-propen-1-amine,90,1.59814361
2-propen-1-amine,85,1.21762520
2-propen-1-amine,80,0.91912883
2-propen-1-amine,75,0.68747063
2-propen-1-amine,70,0.50952453
2-propen-1-amine,65,0.37419234
2-propen-1-amine,60,0.27226851
2-propen-1-amine,55,0.19624390
2-propen-1-amine,50,0.14008310
2-propen-1-amine,45,0.09899964
2-propen-1-amine,40,0.06924388
2-propen-1-amine,35,0.04791221
2-propen-1-amine,30,0.03278093
2-propen-1-amine,25,0.02216548
3-bromopropene,160,5.68032248
3-bromopropene,155,4.52931612
3-bromopropene,150,3.57760962
3-bromopropene,145,2.80024377
3-bromopropene,140,2.17244868
3-bromopropene,135,1.67079698
3-bromopropene,130,1.27393838
3-bromopropene,125,0.96297676
3-bromopropene,120,0.72157712
3-bromopropene,115,0.53588864
3-bromopropene,110,0.39435583
3-bromopropene,105,0.28747240
3-bromopropene,100,0.20751433
3-bromopropene,95,0.14827706
3-bromopropene,90,0.10482997
3-bromopropene,85,0.07329546
3-bromopropene,80,0.05065556
3-bromopropene,75,0.03458583
3-bromopropene,70,0.02331510
3-bromopropene,65,0.01550869
3-bromopropene,60,0.01017248
3-bromopropene,55,0.00657492
3-bromopropene,50,0.00418453
3-bromopropene,45,0.00262033
3-bromopropene,40,0.00161310
3-bromopropene,35,0.00097539
3-bromopropene,30,0.00057878
3-bromopropene,25,0.00033669
3-chloropropene,160,13.52694015
3-chloropropene,155,11.25851685
3-chloropropene,150,9.24826085
3-chloropropene,145,7.49783681
3-chloropropene,140,6.00034867
3-chloropropene,135,4.74135600
3-chloropropene,130,3.70051747
3-chloropropene,125,2.85372482
3-chloropropene,120,2.17516962
3-chloropropene,115,1.63915340
3-chloropropene,110,1.22142626
3-chloropropene,105,0.90005378
3-chloropropene,100,0.65585940
3-chloropropene,95,0.47253947
3-chloropropene,90,0.33655300
3-chloropropene,85,0.23687663
3-chloropropene,80,0.16469314
3-chloropropene,75,0.11306116
3-chloropropene,70,0.07659628
3-chloropropene,65,0.05118042
3-chloropropene,60,0.03370719
3-chloropropene,55,0.02186559
3-chloropropene,50,0.01396025
3-chloropropene,45,0.00876535
3-chloropropene,40,0.00540775
3-chloropropene,35,0.00327519
3-chloropropene,30,0.00194539
3-chloropropene,25,0.00113208
3-butenenitrile,160,6.02102706
3-butenenitrile,155,4.71219493
3-butenenitrile,150,3.65949427
3-butenenitrile,145,2.82073164
3-butenenitrile,140,2.15818828
3-butenenitrile,135,1.63908904
3-butenenitrile,130,1.23556282
3-butenenitrile,125,0.92429534
3-butenenitrile,120,0.68604335
3-butenenitrile,115,0.50510218
3-butenenitrile,110,0.36878202
3-butenenitrile,105,0.26692247
3-butenenitrile,100,0.19145884
3-butenenitrile,95,0.13604397
3-butenenitrile,90,0.09572494
3-butenenitrile,85,0.06667009
3-butenenitrile,80,0.04594152
3-butenenitrile,75,0.03130734
3-butenenitrile,70,0.02108828
3-butenenitrile,65,0.01403355
3-butenenitrile,60,0.00922127
3-butenenitrile,55,0.00597950
3-butenenitrile,50,0.00382411
3-butenenitrile,45,0.00241056
3-butenenitrile,40,0.00149671
3-butenenitrile,35,0.00091473
3-butenenitrile,30,0.00054987
3-butenenitrile,25,0.00032487
allylethylether,160,8.70340415
allylethylether,155,7.11936509
allylethylether,150,5.77053862
allylethylether,145,4.63577425
allylethylether,140,3.69196858
allylethylether,135,2.91546366
allylethylether,130,2.28315637
allylethylether,125,1.77330810
allylethylether,120,1.36606585
allylethylether,115,1.04374137
allylethylether,110,0.79089695
allylethylether,105,0.59429603
allylethylether,100,0.44276328
allylethylether,95,0.32699210
allylethylether,90,0.23932800
allylethylether,85,0.17354730
allylethylether,80,0.12464437
allylethylether,75,0.08863516
allylethylether,70,0.06238101
allylethylether,65,0.04343429
allylethylether,60,0.02990577
allylethylether,55,0.02035231
allylethylether,50,0.01368327
allylethylether,45,0.00908344
allylethylether,40,0.00595042
allylethylether,35,0.00384430
allylethylether,30,0.00244782
allylethylether,25,0.00153510
allylfluoride,160,18.26119225
allylfluoride,155,15.39671394
allylfluoride,150,12.78888684
allylfluoride,145,10.46174358
allylfluoride,140,8.42784557
allylfluoride,135,6.68728610
allylfluoride,130,5.22839180
allylfluoride,125,4.02984895
allylfluoride,120,3.06370078
allylfluoride,115,2.29859536
allylfluoride,110,1.70263601
allylfluoride,105,1.24553868
allylfluoride,100,0.90000091
allylfluoride,95,0.64238189
allylfluoride,90,0.45286159
allylfluoride,85,0.31525680
allylfluoride,80,0.21664488
allylfluoride,75,0.14690423
allylfluoride,70,0.09824319
allylfluoride,65,0.06475910
allylfluoride,60,0.04204823
allylfluoride,55,0.02687411
allylfluoride,50,0.01689372
allylfluoride,45,0.01043663
allylfluoride,40,0.00633074
allylfluoride,35,0.00376700
allylfluoride,30,0.00219657
allylfluoride,25,0.00125382
allylformate,160,8.72602473
allylformate,155,7.08093100
allylformate,150,5.68691315
allylformate,145,4.52183809
allylformate,140,3.56071622
allylformate,135,2.77752369
allylformate,130,2.14666861
allylformate,125,1.64406210
allylformate,120,1.24780009
allylformate,115,0.93851599
allylformate,110,0.69947827
allylformate,105,0.51651201
allylformate,100,0.37780876
allylformate,95,0.27367615
allylformate,90,0.19626437
allylformate,85,0.13929384
allylformate,80,0.09779942
allylformate,75,0.06789930
allylformate,70,0.04659221
allylformate,65,0.03158341
allylformate,60,0.02113807
allylformate,55,0.01395982
allylformate,50,0.00909148
allylformate,45,0.00583505
allylformate,40,0.00368816
allylformate,35,0.00229410
allylformate,30,0.00140318
allylformate,25,0.00084325
isothiocyanatopropene,160,5.57679947
isothiocyanatopropene,155,4.44576970
isothiocyanatopropene,150,3.51486581
isothiocyanatopropene,145,2.75640318
isothiocyanatopropene,140,2.14431641
isothiocyanatopropene,135,1.65483779
isothiocyanatopropene,130,1.26683760
isothiocyanatopropene,125,0.96191458
isothiocyanatopropene,120,0.72431631
isothiocyanatopropene,115,0.54075398
isothiocyanatopropene,110,0.40016035
isothiocyanatopropene,105,0.29342398
isothiocyanatopropene,100,0.21312360
isothiocyanatopropene,95,0.15327558
isothiocyanatopropene,90,0.10910276
isothiocyanatopropene,85,0.07682826
isothiocyanatopropene,80,0.05349528
isothiocyanatopropene,75,0.03681217
isothiocyanatopropene,70,0.02502112
isothiocyanatopropene,65,0.01678822
isothiocyanatopropene,60,0.01111252
isothiocyanatopropene,55,0.00725173
isothiocyanatopropene,50,0.00466216
isothiocyanatopropene,45,0.00295071
isothiocyanatopropene,40,0.00183703
isothiocyanatopropene,35,0.00112407
isothiocyanatopropene,30,0.00067543
isothiocyanatopropene,25,0.00039816
allylthiol,160,13.06886235
allylthiol,155,10.88374981
allylthiol,150,8.95908154
allylthiol,145,7.29043678
allylthiol,140,5.86610283
allylthiol,135,4.66852601
allylthiol,130,3.67604624
allylthiol,125,2.86474714
allylthiol,120,2.21009756
allylthiol,115,1.68829123
allylthiol,110,1.27718728
allylthiol,105,0.95688753
allylthiol,100,0.71000424
allylthiol,95,0.52169636
allylthiol,90,0.37954636
allylthiol,85,0.27334315
allylthiol,80,0.19481819
allylthiol,75,0.13736882
allylthiol,70,0.09579076
allylthiol,65,0.06603240
allylthiol,60,0.04497726
allylthiol,55,0.03025661
allylthiol,50,0.02009153
allylthiol,45,0.01316229
allylthiol,40,0.00850202
allylthiol,35,0.00541148
allylthiol,30,0.00339183
allylthiol,25,0.00209208
2-methyl-2-propenoicacid2-propenylester,160,4.69718936
2-methyl-2-propenoicacid2-propenylester,155,3.77951991
2-methyl-2-propenoicacid2-propenylester,150,3.01829062
2-methyl-2-propenoicacid2-propenylester,145,2.39239958
2-methyl-2-propenoicacid2-propenylester,140,1.88216741
2-methyl-2-propenoicacid2-propenylester,135,1.46966744
2-methyl-2-propenoicacid2-propenylester,130,1.13888934
2-methyl-2-propenoicacid2-propenylester,125,0.87577478
2-methyl-2-propenoicacid2-propenylester,120,0.66816059
2-methyl-2-propenoicacid2-propenylester,115,0.50566046
2-methyl-2-propenoicacid2-propenylester,110,0.37950987
2-methyl-2-propenoicacid2-propenylester,105,0.28239319
2-methyl-2-propenoicacid2-propenylester,100,0.20826635
2-methyl-2-propenoicacid2-propenylester,95,0.15218458
2-methyl-2-propenoicacid2-propenylester,90,0.11014083
2-methyl-2-propenoicacid2-propenylester,85,0.07891847
2-methyl-2-propenoicacid2-propenylester,80,0.05595966
2-methyl-2-propenoicacid2-propenylester,75,0.03924988
2-methyl-2-propenoicacid2-propenylester,70,0.02721798
2-methyl-2-propenoicacid2-propenylester,65,0.01865099
2-methyl-2-propenoicacid2-propenylester,60,0.01262226
2-methyl-2-propenoicacid2-propenylester,55,0.00843154
2-methyl-2-propenoicacid2-propenylester,50,0.00555575
2-methyl-2-propenoicacid2-propenylester,45,0.00360878
2-methyl-2-propenoicacid2-propenylester,40,0.00230917
2-methyl-2-propenoicacid2-propenylester,35,0.00145449
2-methyl-2-propenoicacid2-propenylester,30,0.00090113
2-methyl-2-propenoicacid2-propenylester,25,0.00054869
3-methoxy-1-propene,160,13.95397851
3-methoxy-1-propene,155,11.71279355
3-methoxy-1-propene,150,9.72255490
3-methoxy-1-propene,145,7.98142878
3-methoxy-1-propene,140,6.48077970
3-methoxy-1-propene,135,5.20613183
3-methoxy-1-propene,130,4.13864574
3-methoxy-1-propene,125,3.25667388
3-methoxy-1-propene,120,2.53731285
3-methoxy-1-propene,115,1.95772879
3-methoxy-1-propene,110,1.49617176
3-methoxy-1-propene,105,1.13267598
3-methoxy-1-propene,100,0.84945643
3-methoxy-1-propene,95,0.63106521
3-methoxy-1-propene,90,0.46436892
3-methoxy-1-propene,85,0.33840659
3-methoxy-1-propene,80,0.24417835
3-methoxy-1-propene,75,0.17440170
3-methoxy-1-propene,70,0.12326236
3-methoxy-1-propene,65,0.08617619
3-methoxy-1-propene,60,0.05957215
3-methoxy-1-propene,55,0.04070075
3-methoxy-1-propene,50,0.02746952
3-methoxy-1-propene,45,0.01830453
3-methoxy-1-propene,40,0.01203585
3-methoxy-1-propene,35,0.00780440
3-methoxy-1-propene,30,0.00498726
3-methoxy-1-propene,25,0.00313864
4-pentenenitrile,160,5.30198236
4-pentenenitrile,155,4.18557661
4-pentenenitrile,150,3.27898306
4-pentenenitrile,145,2.54942742
4-pentenenitrile,140,1.96735333
4-pentenenitrile,135,1.50675724
4-pentenenitrile,130,1.14520414
4-pentenenitrile,125,0.86364435
4-pentenenitrile,120,0.64611885
4-pentenenitrile,115,0.47941352
4-pentenenitrile,110,0.35270170
4-pentenenitrile,105,0.25719865
4-pentenenitrile,100,0.18584247
4-pentenenitrile,95,0.13300725
4-pentenenitrile,90,0.09425118
4-pentenenitrile,85,0.06609903
4-pentenenitrile,80,0.04585687
4-pentenenitrile,75,0.03145630
4-pentenenitrile,70,0.02132485
4-pentenenitrile,65,0.01427936
4-pentenenitrile,60,0.00943915
4-pentenenitrile,55,0.00615605
4-pentenenitrile,50,0.00395865
4-pentenenitrile,45,0.00250832
4-pentenenitrile,40,0.00156498
4-pentenenitrile,35,0.00096075
4-pentenenitrile,30,0.00057991
4-pentenenitrile,25,0.00034387
trifluoromethylbenzene,160,2.81499688
trifluoromethylbenzene,155,2.21935704
trifluoromethylbenzene,150,1.73850134
trifluoromethylbenzene,145,1.35289938
trifluoromethylbenzene,140,1.04573265
trifluoromethylbenzene,135,0.80268231
trifluoromethylbenzene,130,0.61167610
trifluoromethylbenzene,125,0.46262269
trifluoromethylbenzene,120,0.34715238
trifluoromethylbenzene,115,0.25837463
trifluoromethylbenzene,110,0.19065751
trifluoromethylbenzene,105,0.13943117
trifluoromethylbenzene,100,0.10101478
trifluoromethylbenzene,95,0.07246628
trifluoromethylbenzene,90,0.05145287
trifluoromethylbenzene,85,0.03614027
trifluoromethylbenzene,80,0.02509897
trifluoromethylbenzene,75,0.01722525
trifluoromethylbenzene,70,0.01167537
trifluoromethylbenzene,65,0.00781103
trifluoromethylbenzene,60,0.00515467
trifluoromethylbenzene,55,0.00335317
trifluoromethylbenzene,50,0.00214865
trifluoromethylbenzene,45,0.00135520
trifluoromethylbenzene,40,0.00084067
trifluoromethylbenzene,35,0.00051247
trifluoromethylbenzene,30,0.00030673
trifluoromethylbenzene,25,0.00018008
nh3,160,100.00000000
nh3,155,100.00000000
nh3,150,100.00000000
nh3,145,100.00000000
nh3,140,100.00000000
nh3,135,100.00000000
nh3,130,100.00000000
nh3,125,100.00000000
nh3,120,100.00000000
nh3,115,40.67869446
nh3,110,38.81921071
nh3,105,37.01311096
nh3,100,35.25628161
nh3,95,33.55217795
nh3,90,31.90054536
nh3,85,30.30008219
nh3,80,28.75156537
nh3,75,27.25474829
nh3,70,25.80920576
nh3,65,24.41456959
nh3,60,23.07151103
nh3,55,21.77788883
nh3,50,20.53488384
nh3,45,19.33982651
nh3,40,18.19299551
nh3,35,17.09457430
nh3,30,16.04387345
nh3,25,15.03881732
n-pentylacetate,160,4.55017025
n-pentylacetate,155,3.67631005
n-pentylacetate,150,2.94938932
n-pentylacetate,145,2.34962919
n-pentylacetate,140,1.85870142
n-pentylacetate,135,1.45996512
n-pentylacetate,130,1.13857377
n-pentylacetate,125,0.88148161
n-pentylacetate,120,0.67737797
n-pentylacetate,115,0.51657382
n-pentylacetate,110,0.39085986
n-pentylacetate,105,0.29335101
n-pentylacetate,100,0.21832808
n-pentylacetate,95,0.16108393
n-pentylacetate,90,0.11777916
n-pentylacetate,85,0.08530985
n-pentylacetate,80,0.06118899
n-pentylacetate,75,0.04344178
n-pentylacetate,70,0.03051452
n-pentylacetate,65,0.02119639
n-pentylacetate,60,0.01455298
n-pentylacetate,55,0.00987056
n-pentylacetate,50,0.00660970
n-pentylacetate,45,0.00436724
n-pentylacetate,40,0.00284535
n-pentylacetate,35,0.00182671
n-pentylacetate,30,0.00115476
n-pentylacetate,25,0.00071823
1-methoxy-4-(1-propenyl)-benzene,160,3.03755674
1-methoxy-4-(1-propenyl)-benzene,155,2.41021551
1-methoxy-4-(1-propenyl)-benzene,150,1.89915951
1-methoxy-4-(1-propenyl)-benzene,145,1.48592464
1-methoxy-4-(1-propenyl)-benzene,140,1.15424653
1-methoxy-4-(1-propenyl)-benzene,135,0.88999153
1-methoxy-4-(1-propenyl)-benzene,130,0.68102237
1-methoxy-4-(1-propenyl)-benzene,125,0.51702623
1-methoxy-4-(1-propenyl)-benzene,120,0.38932534
1-methoxy-4-(1-propenyl)-benzene,115,0.29068422
1-methoxy-4-(1-propenyl)-benzene,110,0.21512243
1-methoxy-4-(1-propenyl)-benzene,105,0.15773921
1-methoxy-4-(1-propenyl)-benzene,100,0.11455270
1-methoxy-4-(1-propenyl)-benzene,95,0.08235548
1-methoxy-4-(1-propenyl)-benzene,90,0.05858666
1-methoxy-4-(1-propenyl)-benzene,85,0.04122010
1-methoxy-4-(1-propenyl)-benzene,80,0.02866790
1-methoxy-4-(1-propenyl)-benzene,75,0.01969782
1-methoxy-4-(1-propenyl)-benzene,70,0.01336354
1-methoxy-4-(1-propenyl)-benzene,65,0.00894617
1-methoxy-4-(1-propenyl)-benzene,60,0.00590583
1-methoxy-4-(1-propenyl)-benzene,55,0.00384196
1-methoxy-4-(1-propenyl)-benzene,50,0.00246114
1-methoxy-4-(1-propenyl)-benzene,45,0.00155130
1-methoxy-4-(1-propenyl)-benzene,40,0.00096134
1-methoxy-4-(1-propenyl)-benzene,35,0.00058520
1-methoxy-4-(1-propenyl)-benzene,30,0.00034961
1-methoxy-4-(1-propenyl)-benzene,25,0.00020478
aniline,160,11.11367753
aniline,155,9.33064961
aniline,150,7.76499834
aniline,145,6.40648411
aniline,140,5.24125376
aniline,135,4.25289833
aniline,130,3.42346783
aniline,125,2.73444908
aniline,120,2.16758527
aniline,115,1.70549421
aniline,110,1.33211083
aniline,105,1.03294397
aniline,100,0.79519098
aniline,95,0.60774103
aniline,90,0.46110029
aniline,85,0.34726686
aniline,80,0.25957889
aniline,75,0.19255159
aniline,70,0.14171575
aniline,65,0.10346486
aniline,60,0.07491554
aniline,55,0.05378320
aniline,50,0.03827367
aniline,45,0.02699030
aniline,40,0.01885549
aniline,35,0.01304526
aniline,30,0.00893529
aniline,25,0.00605699
2-methoxybenzaldehyde,160,3.97779129
2-methoxybenzaldehyde,155,3.18149113
2-methoxybenzaldehyde,150,2.52625051
2-methoxybenzaldehyde,145,1.99152324
2-methoxybenzaldehyde,140,1.55863252
2-methoxybenzaldehyde,135,1.21092721
2-methoxybenzaldehyde,130,0.93380503
2-methoxybenzaldehyde,125,0.71464210
2-methoxybenzaldehyde,120,0.54266162
2-methoxybenzaldehyde,115,0.40876735
2-methoxybenzaldehyde,110,0.30536122
2-methoxybenzaldehyde,105,0.22615825
2-methoxybenzaldehyde,100,0.16600802
2-methoxybenzaldehyde,95,0.12072809
2-methoxybenzaldehyde,90,0.08695258
2-methoxybenzaldehyde,85,0.06199713
2-methoxybenzaldehyde,80,0.04374048
2-methoxybenzaldehyde,75,0.03052206
2-methoxybenzaldehyde,70,0.02105453
2-methoxybenzaldehyde,65,0.01434989
2-methoxybenzaldehyde,60,0.00965783
2-methoxybenzaldehyde,55,0.00641476
2-methoxybenzaldehyde,50,0.00420222
2-methoxybenzaldehyde,45,0.00271323
2-methoxybenzaldehyde,40,0.00172543
2-methoxybenzaldehyde,35,0.00107992
2-methoxybenzaldehyde,30,0.00066469
2-methoxybenzaldehyde,25,0.00040200
o-anisidine,160,5.90488924
o-anisidine,155,4.81488520
o-anisidine,150,3.89676631
o-anisidine,145,3.13060411
o-anisidine,140,2.49692480
o-anisidine,135,1.97728478
o-anisidine,130,1.55466164
o-anisidine,125,1.21368225
o-anisidine,120,0.94071760
o-anisidine,115,0.72387794
o-anisidine,110,0.55293545
o-anisidine,105,0.41920200
o-anisidine,100,0.31538091
o-anisidine,95,0.23540808
o-anisidine,90,0.17429313
o-anisidine,85,0.12796764
o-anisidine,80,0.09314481
o-anisidine,75,0.06719290
o-anisidine,70,0.04802337
o-anisidine,65,0.03399343
o-anisidine,60,0.02382265
o-anisidine,55,0.01652221
o-anisidine,50,0.01133575
o-anisidine,45,0.00769038
o-anisidine,40,0.00515659
o-anisidine,35,0.00341575
o-anisidine,30,0.00223408
o-anisidine,25,0.00144202
anisole,160,5.73033083
anisole,155,4.58645731
anisole,150,3.63851338
anisole,145,2.86148907
anisole,140,2.23114782
anisole,135,1.72484964
anisole,130,1.32205843
anisole,125,1.00458910
anisole,120,0.75665863
anisole,115,0.56480131
anisole,110,0.41769857
anisole,105,0.30596234
anisole,100,0.22189984
anisole,95,0.15927875
anisole,90,0.11310475
anisole,85,0.07941814
anisole,80,0.05511270
anisole,75,0.03777793
anisole,70,0.02556374
anisole,65,0.01706631
anisole,60,0.01123301
anisole,55,0.00728432
anisole,50,0.00465045
anisole,45,0.00292060
anisole,40,0.00180285
anisole,35,0.00109288
anisole,30,0.00064998
anisole,25,0.00037889
ascorbicacid,160,2.09670474
ascorbicacid,155,1.87453858
ascorbicacid,150,1.68712093
ascorbicacid,145,1.52964339
ascorbicacid,140,1.39816910
ascorbicacid,135,1.28950513
ascorbicacid,130,1.20110871
ascorbicacid,125,1.13102119
ascorbicacid,120,1.07782802
ascorbicacid,115,1.04064390
ascorbicacid,110,1.01912540
ascorbicacid,105,1.01351030
ascorbicacid,100,1.02469754
ascorbicacid,95,1.05436455
ascorbicacid,90,1.10513602
ascorbicacid,85,1.18080365
ascorbicacid,80,1.28660749
ascorbicacid,75,1.42953110
ascorbicacid,70,1.61856732
ascorbicacid,65,1.86482423
ascorbicacid,60,2.18132570
ascorbicacid,55,2.58208495
ascorbicacid,50,3.08070360
ascorbicacid,45,3.68797280
ascorbicacid,40,4.40977889
ascorbicacid,35,5.24521604
ascorbicacid,30,6.18654023
ascorbicacid,25,7.22050918
(dichloromethyl)-benzene,160,5.51787236
(dichloromethyl)-benzene,155,4.56420251
(dichloromethyl)-benzene,150,3.74928431
(dichloromethyl)-benzene,145,3.05878119
(dichloromethyl)-benzene,140,2.47851263
(dichloromethyl)-benzene,135,1.99479981
(dichloromethyl)-benzene,130,1.59474241
(dichloromethyl)-benzene,125,1.26640944
(dichloromethyl)-benzene,120,0.99896615
(dichloromethyl)-benzene,115,0.78272880
(dichloromethyl)-benzene,110,0.60916715
(dichloromethyl)-benzene,105,0.47086547
(dichloromethyl)-benzene,100,0.36145412
(dichloromethyl)-benzene,95,0.27552228
(dichloromethyl)-benzene,90,0.20852118
(dichloromethyl)-benzene,85,0.15666359
(dichloromethyl)-benzene,80,0.11682548
(dichloromethyl)-benzene,75,0.08645284
(dichloromethyl)-benzene,70,0.06347573
(dichloromethyl)-benzene,65,0.04623090
(dichloromethyl)-benzene,60,0.03339319
(dichloromethyl)-benzene,55,0.02391580
(dichloromethyl)-benzene,50,0.01697894
(dichloromethyl)-benzene,45,0.01194618
(dichloromethyl)-benzene,40,0.00832782
(dichloromethyl)-benzene,35,0.00575052
(dichloromethyl)-benzene,30,0.00393227
(dichloromethyl)-benzene,25,0.00266211
benzaldehyde,160,5.47110493
benzaldehyde,155,4.37502990
benzaldehyde,150,3.46980952
benzaldehyde,145,2.72970631
benzaldehyde,140,2.13035296
benzaldehyde,135,1.64939468
benzaldehyde,130,1.26683563
benzaldehyde,125,0.96515850
benzaldehyde,120,0.72928341
benzaldehyde,115,0.54642237
benzaldehyde,110,0.40587326
benzaldehyde,105,0.29878547
benzaldehyde,100,0.21791947
benzaldehyde,95,0.15741454
benzaldehyde,90,0.11257338
benzaldehyde,85,0.07966805
benzaldehyde,80,0.05576885
benzaldehyde,75,0.03859633
benzaldehyde,70,0.02639495
benzaldehyde,65,0.01782690
benzaldehyde,60,0.01188382
benzaldehyde,55,0.00781431
benzaldehyde,50,0.00506518
benzaldehyde,45,0.00323418
benzaldehyde,40,0.00203273
benzaldehyde,35,0.00125661
benzaldehyde,30,0.00076342
benzaldehyde,25,0.00045540
benzamide,160,1.56262855
benzamide,155,1.23424980
benzamide,150,0.97081151
benzamide,145,0.76023353
benzamide,140,0.59256758
benzamide,135,0.45962970
benzamide,130,0.35469888
benzamide,125,0.27226786
benzamide,120,0.20783640
benzamide,115,0.15773907
benzamide,110,0.11900151
benzamide,105,0.08922015
benzamide,100,0.06646155
benzamide,95,0.04917815
benzamide,90,0.03613783
benzamide,85,0.02636515
benzamide,80,0.01909246
benzamide,75,0.01371948
benzamide,70,0.00977984
benzamide,65,0.00691372
benzamide,60,0.00484550
benzamide,55,0.00336561
benzamide,50,0.00231597
benzamide,45,0.00157826
benzamide,40,0.00106470
benzamide,35,0.00071071
benzamide,30,0.00046921
benzamide,25,0.00030623
benzene,160,9.20470138
benzene,155,7.41570398
benzene,150,5.90802520
benzene,145,4.65668081
benzene,140,3.63271324
benzene,135,2.80574731
benzene,130,2.14599970
benzene,125,1.62566460
benzene,120,1.21973401
benzene,115,0.90636606
benzene,110,0.66692978
benzene,105,0.48584109
benzene,100,0.35028015
benzene,95,0.24985396
benzene,90,0.17624806
benzene,85,0.12289257
benzene,80,0.08465746
benzene,75,0.05758361
benzene,70,0.03865125
benzene,65,0.02558453
benzene,60,0.01668939
benzene,55,0.01072095
benzene,50,0.00677668
benzene,45,0.00421145
benzene,40,0.00257096
benzene,35,0.00154029
benzene,30,0.00090474
benzene,25,0.00052048
1h-benzimidazole,160,2.46344188
1h-benzimidazole,155,1.97774319
1h-benzimidazole,150,1.58206599
1h-benzimidazole,145,1.26077234
1h-benzimidazole,140,1.00076988
1h-benzimidazole,135,0.79112486
1h-benzimidazole,130,0.62272551
1h-benzimidazole,125,0.48799634
1h-benzimidazole,120,0.38065539
1h-benzimidazole,115,0.29550829
1h-benzimidazole,110,0.22827360
1h-benzimidazole,105,0.17543436
1h-benzimidazole,100,0.13411261
1h-benzimidazole,95,0.10196270
1h-benzimidazole,90,0.07708110
1h-benzimidazole,85,0.05793009
1h-benzimidazole,80,0.04327344
1h-benzimidazole,75,0.03212229
1h-benzimidazole,70,0.02368981
1h-benzimidazole,65,0.01735338
1h-benzimidazole,60,0.01262308
1h-benzimidazole,55,0.00911572
1h-benzimidazole,50,0.00653343
1h-benzimidazole,45,0.00464611
1h-benzimidazole,40,0.00327719
1h-benzimidazole,35,0.00229213
1h-benzimidazole,30,0.00158912
1h-benzimidazole,25,0.00109170
benzisoxazole,160,4.32213994
benzisoxazole,155,3.45702759
benzisoxazole,150,2.74707107
benzisoxazole,145,2.16884538
benzisoxazole,140,1.70130873
benzisoxazole,135,1.32591630
benzisoxazole,130,1.02657631
benzisoxazole,125,0.78950657
benzisoxazole,120,0.60303491
benzisoxazole,115,0.45737414
benzisoxazole,110,0.34439122
benzisoxazole,105,0.25738462
benzisoxazole,100,0.19087655
benzisoxazole,95,0.14042443
benzisoxazole,90,0.10245314
benzisoxazole,85,0.07410792
benzisoxazole,80,0.05312721
benzisoxazole,75,0.03773382
benzisoxazole,70,0.02654276
benzisoxazole,65,0.01848395
benzisoxazole,60,0.01273796
benzisoxazole,55,0.00868311
benzisoxazole,50,0.00585230
benzisoxazole,45,0.00389804
benzisoxazole,40,0.00256460
benzisoxazole,35,0.00166578
benzisoxazole,30,0.00106758
benzisoxazole,25,0.00067471
benzoicacid,160,22.05752173
benzoicacid,155,20.80129700
benzoicacid,150,19.65340881
benzoicacid,145,18.61083286
benzoicacid,140,17.66975580
benzoicacid,135,16.82494580
benzoicacid,130,16.07370349
benzoicacid,125,15.41244853
benzoicacid,120,14.83646782
benzoicacid,115,14.34253351
benzoicacid,110,13.92745597
benzoicacid,105,13.58727511
benzoicacid,100,13.31895476
benzoicacid,95,13.11929065
benzoicacid,90,12.98428411
benzoicacid,85,12.91157384
benzoicacid,80,12.89755718
benzoicacid,75,12.93816502
benzoicacid,70,13.02965671
benzoicacid,65,13.16914275
benzoicacid,60,13.35104915
benzoicacid,55,13.57300557
benzoicacid,50,13.82944233
benzoicacid,45,14.11717626
benzoicacid,40,100.00000000
benzoicacid,35,100.00000000
benzoicacid,30,100.00000000
benzoicacid,25,100.00000000
benzoin,160,2.10375058
benzoin,155,1.68176269
benzoin,150,1.33656494
benzoin,145,1.05587220
benzoin,140,0.82901169
benzoin,135,0.64678723
benzoin,130,0.50133653
benzoin,125,0.38598700
benzoin,120,0.29511598
benzoin,115,0.22401867
benzoin,110,0.16878565
benzoin,105,0.12619116
benzoin,100,0.09359244
benzoin,95,0.06884012
benzoin,90,0.05019915
benzoin,85,0.03627972
benzoin,80,0.02597754
benzoin,75,0.01842240
benzoin,70,0.01293452
benzoin,65,0.00898764
benzoin,60,0.00617821
benzoin,55,0.00419974
benzoin,50,0.00282190
benzoin,45,0.00187339
benzoin,40,0.00122823
benzoin,35,0.00079485
benzoin,30,0.00050748
benzoin,25,0.00031949
benzonitrile,160,3.70725470
benzonitrile,155,2.91087824
benzonitrile,150,2.26993241
benzonitrile,145,1.75792197
benzonitrile,140,1.35187676
benzonitrile,135,1.03217942
benzonitrile,130,0.78228314
benzonitrile,125,0.58837837
benzonitrile,120,0.43904805
benzonitrile,115,0.32493438
benzonitrile,110,0.23843034
benzonitrile,105,0.17340130
benzonitrile,100,0.12493971
benzonitrile,95,0.08915134
benzonitrile,90,0.06297182
benzonitrile,85,0.04401056
benzonitrile,80,0.03041938
benzonitrile,75,0.02078291
benzonitrile,70,0.01402790
benzonitrile,65,0.00934899
benzonitrile,60,0.00614845
benzonitrile,55,0.00398772
benzonitrile,50,0.00254892
benzonitrile,45,0.00160457
benzonitrile,40,0.00099407
benzonitrile,35,0.00060561
benzonitrile,30,0.00036252
benzonitrile,25,0.00021304
benzophenone,160,2.19486643
benzophenone,155,1.74110032
benzophenone,150,1.37249045
benzophenone,145,1.07496142
benzophenone,140,0.83635422
benzophenone,135,0.64625784
benzophenone,130,0.49583050
benzophenone,125,0.37762097
benzophenone,120,0.28539618
benzophenone,115,0.21398027
benzophenone,110,0.15910645
benzophenone,105,0.11728327
benzophenone,100,0.08567514
benzophenone,95,0.06199703
benzophenone,90,0.04442232
benzophenone,85,0.03150306
benzophenone,80,0.02210149
benzophenone,75,0.01533180
benzophenone,70,0.01051093
benzophenone,65,0.00711750
benzophenone,60,0.00475773
benzophenone,55,0.00313757
benzophenone,50,0.00203999
benzophenone,45,0.00130680
benzophenone,40,0.00082419
benzophenone,35,0.00051138
benzophenone,30,0.00031190
benzophenone,25,0.00018684
benzothiazole,160,3.04635350
benzothiazole,155,2.41552896
benzothiazole,150,1.90393521
benzothiazole,145,1.49164975
benzothiazole,140,1.16146201
benzothiazole,135,0.89866977
benzothiazole,130,0.69083281
benzothiazole,125,0.52751309
benzothiazole,120,0.40001954
benzothiazole,115,0.30116780
benzothiazole,110,0.22506047
benzothiazole,105,0.16688982
benzothiazole,100,0.12276372
benzothiazole,95,0.08955352
benzothiazole,90,0.06476250
benzothiazole,85,0.04641326
benzothiazole,80,0.03295186
benzothiazole,75,0.02316710
benzothiazole,70,0.01612294
benzothiazole,65,0.01110239
benzothiazole,60,0.00756133
benzothiazole,55,0.00509086
benzothiazole,50,0.00338677
benzothiazole,45,0.00222517
benzothiazole,40,0.00144309
benzothiazole,35,0.00092328
benzothiazole,30,0.00058241
benzothiazole,25,0.00036200
(trichloromethyl)-benzene,160,1.58571982
(trichloromethyl)-benzene,155,1.24228238
(trichloromethyl)-benzene,150,0.96743116
(trichloromethyl)-benzene,145,0.74869384
(trichloromethyl)-benzene,140,0.57562757
(trichloromethyl)-benzene,135,0.43953335
(trichloromethyl)-benzene,130,0.33320134
(trichloromethyl)-benzene,125,0.25068625
(trichloromethyl)-benzene,120,0.18711127
(trichloromethyl)-benzene,115,0.13849831
(trichloromethyl)-benzene,110,0.10162161
(trichloromethyl)-benzene,105,0.07388199
(trichloromethyl)-benzene,100,0.05319951
(trichloromethyl)-benzene,95,0.03792189
(trichloromethyl)-benzene,90,0.02674687
(trichloromethyl)-benzene,85,0.01865666
(trichloromethyl)-benzene,80,0.01286290
(trichloromethyl)-benzene,75,0.00876079
(trichloromethyl)-benzene,70,0.00589100
(trichloromethyl)-benzene,65,0.00390846
(trichloromethyl)-benzene,60,0.00255687
(trichloromethyl)-benzene,55,0.00164815
(trichloromethyl)-benzene,50,0.00104605
(trichloromethyl)-benzene,45,0.00065319
(trichloromethyl)-benzene,40,0.00040097
(trichloromethyl)-benzene,35,0.00024176
(trichloromethyl)-benzene,30,0.00014304
(trichloromethyl)-benzene,25,0.00008298
benzoylchloride,160,4.14550342
benzoylchloride,155,3.31103374
benzoylchloride,150,2.62405387
benzoylchloride,145,2.06359284
benzoylchloride,140,1.61032324
benzoylchloride,135,1.24684405
benzoylchloride,130,0.95779123
benzoylchloride,125,0.72982224
benzoylchloride,120,0.55151652
benzoylchloride,115,0.41322247
benzoylchloride,110,0.30687703
benzoylchloride,105,0.22581582
benzoylchloride,100,0.16458590
benzoylchloride,95,0.11876894
benzoylchloride,90,0.08481919
benzoylchloride,85,0.05991853
benzoylchloride,80,0.04184893
benzoylchloride,75,0.02888217
benzoylchloride,70,0.01968561
benzoylchloride,65,0.01324274
benzoylchloride,60,0.00878693
benzoylchloride,55,0.00574687
benzoylchloride,50,0.00370209
benzoylchloride,45,0.00234721
benzoylchloride,40,0.00146351
benzoylchloride,35,0.00089661
benzoylchloride,30,0.00053924
benzoylchloride,25,0.00031807
aceticacidphenylmethylester,160,3.30311997
aceticacidphenylmethylester,155,2.63515470
aceticacidphenylmethylester,150,2.08774136
aceticacidphenylmethylester,145,1.64252618
aceticacidphenylmethylester,140,1.28313295
aceticacidphenylmethylester,135,0.99516884
aceticacidphenylmethylester,130,0.76615004
aceticacidphenylmethylester,125,0.58537488
aceticacidphenylmethylester,120,0.44376665
aceticacidphenylmethylester,115,0.33370241
aceticacidphenylmethylester,110,0.24883938
aceticacidphenylmethylester,105,0.18394697
aceticacidphenylmethylester,100,0.13474934
aceticacidphenylmethylester,95,0.09778138
aceticacidphenylmethylester,90,0.07025939
aceticacidphenylmethylester,85,0.04996696
aceticacidphenylmethylester,80,0.03515535
aceticacidphenylmethylester,75,0.02445780
aceticacidphenylmethylester,70,0.01681650
aceticacidphenylmethylester,65,0.01142111
aceticacidphenylmethylester,60,0.00765743
aceticacidphenylmethylester,55,0.00506517
aceticacidphenylmethylester,50,0.00330339
aceticacidphenylmethylester,45,0.00212267
aceticacidphenylmethylester,40,0.00134291
aceticacidphenylmethylester,35,0.00083584
aceticacidphenylmethylester,30,0.00051139
aceticacidphenylmethylester,25,0.00030730
benzylalcohol,160,9.91764749
benzylalcohol,155,8.44603775
benzylalcohol,150,7.15063758
benzylalcohol,145,6.01951794
benzylalcohol,140,5.03953499
benzylalcohol,135,4.19683727
benzylalcohol,130,3.47733700
benzylalcohol,125,2.86717660
benzylalcohol,120,2.35303961
benzylalcohol,115,1.92241913
benzylalcohol,110,1.56379103
benzylalcohol,105,1.26671226
benzylalcohol,100,1.02186008
benzylalcohol,95,0.82101464
benzylalcohol,90,0.65701451
benzylalcohol,85,0.52368255
benzylalcohol,80,0.41573872
benzylalcohol,75,0.32870609
benzylalcohol,70,0.25881612
benzylalcohol,65,0.20291703
benzylalcohol,60,0.15838832
benzylalcohol,55,0.12306269
benzylalcohol,50,0.09515630
benzylalcohol,45,0.07320747
benzylalcohol,40,0.05602342
benzylalcohol,35,0.04263463
benzylalcohol,30,0.03225600
benzylalcohol,25,0.02425417
benzylamine,160,7.96682094
benzylamine,155,6.60144937
benzylamine,150,5.42802162
benzylamine,145,4.42960231
benzylamine,140,3.58824337
benzylamine,135,2.88576932
benzylamine,130,2.30443799
benzylamine,125,1.82743344
benzylamine,120,1.43922320
benzylamine,115,1.12576463
benzylamine,110,0.87459720
benzylamine,105,0.67484338
benzylamine,100,0.51714357
benzylamine,95,0.39354740
benzylamine,90,0.29737972
benzylamine,85,0.22309572
benzylamine,80,0.16613478
benzylamine,75,0.12278068
benzylamine,70,0.09003204
benzylamine,65,0.06548558
benzylamine,60,0.04723303
benzylamine,55,0.03377170
benzylamine,50,0.02392804
benzylamine,45,0.01679315
benzylamine,40,0.01166903
benzylamine,35,0.00802421
benzylamine,30,0.00545763
benzylamine,25,0.00366932
benzoicacidphenylmethylester,160,1.85848994
benzoicacidphenylmethylester,155,1.47424887
benzoicacidphenylmethylester,150,1.16215821
benzoicacidphenylmethylester,145,0.91024628
benzoicacidphenylmethylester,140,0.70820097
benzoicacidphenylmethylester,135,0.54720831
benzoicacidphenylmethylester,130,0.41979045
benzoicacidphenylmethylester,125,0.31964778
benzoicacidphenylmethylester,120,0.24151080
benzoicacidphenylmethylester,115,0.18100246
benzoicacidphenylmethylester,110,0.13451283
benzoicacidphenylmethylester,105,0.09908620
benzoicacidphenylmethylester,100,0.07232067
benzoicacidphenylmethylester,95,0.05227950
benzoicacidphenylmethylester,90,0.03741363
benzoicacidphenylmethylester,85,0.02649460
benzoicacidphenylmethylester,80,0.01855677
benzoicacidphenylmethylester,75,0.01284820
benzoicacidphenylmethylester,70,0.00878905
benzoicacidphenylmethylester,65,0.00593682
benzoicacidphenylmethylester,60,0.00395747
benzoicacidphenylmethylester,55,0.00260171
benzoicacidphenylmethylester,50,0.00168572
benzoicacidphenylmethylester,45,0.00107570
benzoicacidphenylmethylester,40,0.00067555
benzoicacidphenylmethylester,35,0.00041719
benzoicacidphenylmethylester,30,0.00025314
benzoicacidphenylmethylester,25,0.00015078
butylbenzylphthalate,160,1.25888753
butylbenzylphthalate,155,1.00148557
butylbenzylphthalate,150,0.79200279
butylbenzylphthalate,145,0.62249190
butylbenzylphthalate,140,0.48613807
butylbenzylphthalate,135,0.37713032
butylbenzylphthalate,130,0.29054214
butylbenzylphthalate,125,0.22222125
butylbenzylphthalate,120,0.16868884
butylbenzylphthalate,115,0.12704849
butylbenzylphthalate,110,0.09490415
butylbenzylphthalate,105,0.07028709
butylbenzylphthalate,100,0.05159103
butylbenzylphthalate,95,0.03751507
butylbenzylphthalate,90,0.02701381
butylbenzylphthalate,85,0.01925396
butylbenzylphthalate,80,0.01357699
butylbenzylphthalate,75,0.00946719
butylbenzylphthalate,70,0.00652447
butylbenzylphthalate,65,0.00444158
butylbenzylphthalate,60,0.00298500
butylbenzylphthalate,55,0.00197925
butylbenzylphthalate,50,0.00129398
butylbenzylphthalate,45,0.00083354
butylbenzylphthalate,40,0.00052867
butylbenzylphthalate,35,0.00032990
butylbenzylphthalate,30,0.00020237
butylbenzylphthalate,25,0.00012193
(chloromethyl)-benzene,160,5.25232525
(chloromethyl)-benzene,155,4.21987512
(chloromethyl)-benzene,150,3.36110742
(chloromethyl)-benzene,145,2.65429824
(chloromethyl)-benzene,140,2.07841116
(chloromethyl)-benzene,135,1.61374474
(chloromethyl)-benzene,130,1.24234643
(chloromethyl)-benzene,125,0.94822932
(chloromethyl)-benzene,120,0.71743236
(chloromethyl)-benzene,115,0.53796791
(chloromethyl)-benzene,110,0.39969480
(chloromethyl)-benzene,105,0.29414768
(chloromethyl)-benzene,100,0.21434612
(chloromethyl)-benzene,95,0.15459980
(chloromethyl)-benzene,90,0.11032079
(chloromethyl)-benzene,85,0.07784950
(chloromethyl)-benzene,80,0.05429783
(chloromethyl)-benzene,75,0.03741094
(chloromethyl)-benzene,70,0.02544773
(chloromethyl)-benzene,65,0.01707898
(chloromethyl)-benzene,60,0.01130179
(chloromethyl)-benzene,55,0.00736881
(chloromethyl)-benzene,50,0.00473027
(chloromethyl)-benzene,45,0.00298722
(chloromethyl)-benzene,40,0.00185426
(chloromethyl)-benzene,35,0.00113034
(chloromethyl)-benzene,30,0.00067604
(chloromethyl)-benzene,25,0.00039629
(ethoxymethyl)-benzene,160,3.92575987
(ethoxymethyl)-benzene,155,3.14900122
(ethoxymethyl)-benzene,150,2.50843534
(ethoxymethyl)-benzene,145,1.98432858
(ethoxymethyl)-benzene,140,1.55878764
(ethoxymethyl)-benzene,135,1.21587293
(ethoxymethyl)-benzene,130,0.94159994
(ethoxymethyl)-benzene,125,0.72386183
(ethoxymethyl)-benzene,120,0.55230104
(ethoxymethyl)-benzene,115,0.41815153
(ethoxymethyl)-benzene,110,0.31406788
(ethoxymethyl)-benzene,105,0.23395271
(ethoxymethyl)-benzene,100,0.17279018
(ethoxymethyl)-benzene,95,0.12649040
(ethoxymethyl)-benzene,90,0.09174758
(ethoxymethyl)-benzene,85,0.06591300
(ethoxymethyl)-benzene,80,0.04688328
(ethoxymethyl)-benzene,75,0.03300324
(ethoxymethyl)-benzene,70,0.02298253
(ethoxymethyl)-benzene,65,0.01582496
(ethoxymethyl)-benzene,60,0.01076914
(ethoxymethyl)-benzene,55,0.00723923
(ethoxymethyl)-benzene,50,0.00480445
(ethoxymethyl)-benzene,45,0.00314622
(ethoxymethyl)-benzene,40,0.00203176
(ethoxymethyl)-benzene,35,0.00129306
(ethoxymethyl)-benzene,30,0.00081047
(ethoxymethyl)-benzene,25,0.00049995
bicyclohexyl,160,0.21240127
bicyclohexyl,155,0.15930500
bicyclohexyl,150,0.11860991
bicyclohexyl,145,0.08762662
bicyclohexyl,140,0.06420650
bicyclohexyl,135,0.04663934
bicyclohexyl,130,0.03357035
bicyclohexyl,125,0.02393228
bicyclohexyl,120,0.01688987
bicyclohexyl,115,0.01179408
bicyclohexyl,110,0.00814464
bicyclohexyl,105,0.00555921
bicyclohexyl,100,0.00374836
bicyclohexyl,95,0.00249517
bicyclohexyl,90,0.00163877
bicyclohexyl,85,0.00106123
bicyclohexyl,80,0.00067713
bicyclohexyl,75,0.00042540
bicyclohexyl,70,0.00026293
bicyclohexyl,65,0.00015976
bicyclohexyl,60,0.00009534
bicyclohexyl,55,0.00005583
bicyclohexyl,50,0.00003206
bicyclohexyl,45,0.00001802
bicyclohexyl,40,0.00000992
bicyclohexyl,35,0.00000533
bicyclohexyl,30,0.00000280
bicyclohexyl,25,0.00000143
biphenyl,160,2.58782264
biphenyl,155,2.04191499
biphenyl,150,1.60023028
biphenyl,145,1.24538030
biphenyl,140,0.96230158
biphenyl,135,0.73808910
biphenyl,130,0.56179585
biphenyl,125,0.42421919
biphenyl,120,0.31768814
biphenyl,115,0.23586052
biphenyl,110,0.17353437
biphenyl,105,0.12647726
biphenyl,100,0.09127357
biphenyl,95,0.06518989
biphenyl,90,0.04605779
biphenyl,85,0.03217257
biphenyl,80,0.02220689
biphenyl,75,0.01513751
biphenyl,70,0.01018398
biphenyl,65,0.00675760
biphenyl,60,0.00441957
biphenyl,55,0.00284683
biphenyl,50,0.00180469
biphenyl,45,0.00112499
biphenyl,40,0.00068900
biphenyl,35,0.00041421
biphenyl,30,0.00024419
biphenyl,25,0.00014102
oxybischloromethane,160,13.86927807
oxybischloromethane,155,12.09148674
oxybischloromethane,150,10.46013087
oxybischloromethane,145,8.97590034
oxybischloromethane,140,7.63783337
oxybischloromethane,135,6.44339471
oxybischloromethane,130,5.38802787
oxybischloromethane,125,4.46541334
oxybischloromethane,120,3.66764385
oxybischloromethane,115,2.98543904
oxybischloromethane,110,2.40847792
oxybischloromethane,105,1.92585928
oxybischloromethane,100,1.52648729
oxybischloromethane,95,1.19947138
oxybischloromethane,90,0.93443453
oxybischloromethane,85,0.72176033
oxybischloromethane,80,0.55275223
oxybischloromethane,75,0.41971148
oxybischloromethane,70,0.31595437
oxybischloromethane,65,0.23577684
oxybischloromethane,60,0.17438578
oxybischloromethane,55,0.12780988
oxybischloromethane,50,0.09280097
oxybischloromethane,45,0.06673427
oxybischloromethane,40,0.04751277
oxybischloromethane,35,0.03347939
oxybischloromethane,30,0.02333869
oxybischloromethane,25,0.01608862
"4,4'-(1-methylethylidene)bisphenol",160,19.61461842
"4,4'-(1-methylethylidene)bisphenol",155,18.89584707
"4,4'-(1-methylethylidene)bisphenol",150,18.26722102
"4,4'-(1-methylethylidene)bisphenol",145,17.72427322
"4,4'-(1-methylethylidene)bisphenol",140,17.26456329
"4,4'-(1-methylethylidene)bisphenol",135,16.88569005
"4,4'-(1-methylethylidene)bisphenol",130,16.58417534
"4,4'-(1-methylethylidene)bisphenol",125,16.35743546
"4,4'-(1-methylethylidene)bisphenol",120,16.20246386
"4,4'-(1-methylethylidene)bisphenol",115,16.11706149
"4,4'-(1-methylethylidene)bisphenol",110,16.09613060
"4,4'-(1-methylethylidene)bisphenol",105,16.13864134
"4,4'-(1-methylethylidene)bisphenol",100,16.23899212
"4,4'-(1-methylethylidene)bisphenol",95,100.00000000
"4,4'-(1-methylethylidene)bisphenol",90,100.00000000
"4,4'-(1-methylethylidene)bisphenol",85,100.00000000
"4,4'-(1-methylethylidene)bisphenol",80,100.00000000
"4,4'-(1-methylethylidene)bisphenol",75,100.00000000
"4,4'-(1-methylethylidene)bisphenol",70,100.00000000
"4,4'-(1-methylethylidene)bisphenol",65,100.00000000
"4,4'-(1-methylethylidene)bisphenol",60,100.00000000
"4,4'-(1-methylethylidene)bisphenol",55,100.00000000
"4,4'-(1-methylethylidene)bisphenol",50,100.00000000
"4,4'-(1-methylethylidene)bisphenol",45,100.00000000
"4,4'-(1-methylethylidene)bisphenol",40,100.00000000
"4,4'-(1-methylethylidene)bisphenol",35,100.00000000
"4,4'-(1-methylethylidene)bisphenol",30,100.00000000
"4,4'-(1-methylethylidene)bisphenol",25,100.00000000
imidodicarbonicdiamide,160,0.00174289
imidodicarbonicdiamide,155,0.00129397
imidodicarbonicdiamide,150,0.00095641
imidodicarbonicdiamide,145,0.00070374
imidodicarbonicdiamide,140,0.00051549
imidodicarbonicdiamide,135,0.00037590
imidodicarbonicdiamide,130,0.00027287
imidodicarbonicdiamide,125,0.00019718
imidodicarbonicdiamide,120,0.00014184
imidodicarbonicdiamide,115,0.00010158
imidodicarbonicdiamide,110,0.00007241
imidodicarbonicdiamide,105,0.00005139
imidodicarbonicdiamide,100,0.00003631
imidodicarbonicdiamide,95,0.00002555
imidodicarbonicdiamide,90,0.00001789
imidodicarbonicdiamide,85,0.00001248
imidodicarbonicdiamide,80,0.00000866
imidodicarbonicdiamide,75,0.00000599
imidodicarbonicdiamide,70,0.00000412
imidodicarbonicdiamide,65,0.00000283
imidodicarbonicdiamide,60,0.00000193
imidodicarbonicdiamide,55,0.00000131
imidodicarbonicdiamide,50,0.00000089
imidodicarbonicdiamide,45,0.00000060
imidodicarbonicdiamide,40,0.00000040
imidodicarbonicdiamide,35,0.00000027
imidodicarbonicdiamide,30,0.00000018
imidodicarbonicdiamide,25,0.00000012
bcl3,160,0.68718918
bcl3,155,0.51182315
bcl3,150,0.37901773
bcl3,145,0.27886304
bcl3,140,0.20371895
bcl3,135,0.14767710
bcl3,130,0.10616464
bcl3,125,0.07564548
bcl3,120,0.05339224
bcl3,115,0.03730977
bcl3,110,0.02579721
bcl3,105,0.01763934
bcl3,100,0.01192065
bcl3,95,0.00795733
bcl3,90,0.00524345
bcl3,85,0.00340858
bcl3,80,0.00218448
bcl3,75,0.00137924
bcl3,70,0.00085730
bcl3,65,0.00052419
bcl3,60,0.00031504
bcl3,55,0.00018595
bcl3,50,0.00010769
bcl3,45,0.00006114
bcl3,40,0.00003399
bcl3,35,0.00001849
bcl3,30,0.00000983
bcl3,25,0.00000510
br2,160,0.24450842
br2,155,0.17649216
br2,150,0.12661996
br2,145,0.09020994
br2,140,0.06377526
br2,135,0.04470912
br2,130,0.03106043
br2,125,0.02137091
br2,120,0.01455421
br2,115,0.00980519
br2,110,0.00653098
br2,105,0.00429841
br2,100,0.00279379
br2,95,0.00179216
br2,90,0.00113394
br2,85,0.00070723
br2,80,0.00043451
br2,75,0.00026279
br2,70,0.00015634
br2,65,0.00009142
br2,60,0.00005251
br2,55,0.00002959
br2,50,0.00001635
br2,45,0.00000885
br2,40,0.00000469
br2,35,0.00000243
br2,30,0.00000123
br2,25,0.00000060
bromobenzene,160,1.82491036
bromobenzene,155,1.41556530
bromobenzene,150,1.09161621
bromobenzene,145,0.83662687
bromobenzene,140,0.63704933
bromobenzene,135,0.48177133
bromobenzene,130,0.36172200
bromobenzene,125,0.26953021
bromobenzene,120,0.19923454
bromobenzene,115,0.14603811
bromobenzene,110,0.10610247
bromobenzene,105,0.07637462
bromobenzene,100,0.05444224
bromobenzene,95,0.03841294
bromobenzene,90,0.02681367
bromobenzene,85,0.01850740
bromobenzene,80,0.01262432
bromobenzene,75,0.00850541
bromobenzene,70,0.00565650
bromobenzene,65,0.00371101
bromobenzene,60,0.00240016
bromobenzene,55,0.00152928
bromobenzene,50,0.00095922
bromobenzene,45,0.00059183
bromobenzene,40,0.00035889
bromobenzene,35,0.00021372
bromobenzene,30,0.00012486
bromobenzene,25,0.00007150
ch2clbr,160,13.13670261
ch2clbr,155,11.53156365
ch2clbr,150,10.05575004
ch2clbr,145,8.70839347
ch2clbr,140,7.48744855
ch2clbr,135,6.38992302
ch2clbr,130,5.41174215
ch2clbr,125,4.54786793
ch2clbr,120,3.79206242
ch2clbr,115,3.13714812
ch2clbr,110,2.57519194
ch2clbr,105,2.09770102
ch2clbr,100,1.69587175
ch2clbr,95,1.36089782
ch2clbr,90,1.08420201
ch2clbr,85,0.85766050
ch2clbr,80,0.67375338
ch2clbr,75,0.52567249
ch2clbr,70,0.40737415
ch2clbr,65,0.31358431
ch2clbr,60,0.23977323
ch2clbr,55,0.18210382
ch2clbr,50,0.13736628
ch2clbr,45,0.10290573
ch2clbr,40,0.07654894
ch2clbr,35,0.05653377
ch2clbr,30,0.04144418
ch2clbr,25,0.03015184
bromoethene,160,6.96034698
bromoethene,155,5.57077041
bromoethene,150,4.41467812
bromoethene,145,3.46601064
bromoethene,140,2.69722047
bromoethene,135,2.08122095
bromoethene,130,1.59273192
bromoethene,125,1.20905976
bromoethene,120,0.91042978
bromoethene,115,0.68000614
bromoethene,110,0.50371853
bromoethene,105,0.36998569
bromoethene,100,0.26939753
bromoethene,95,0.19439451
bromoethene,90,0.13896609
bromoethene,85,0.09837979
bromoethene,80,0.06894443
bromoethene,75,0.04780796
bromoethene,70,0.03278750
bromoethene,65,0.02222852
bromoethene,60,0.01488959
bromoethene,55,0.00984891
bromoethene,50,0.00642950
bromoethene,45,0.00413988
bromoethene,40,0.00262750
bromoethene,35,0.00164268
bromoethene,30,0.00101090
bromoethene,25,0.00061191
chbr3,160,0.96386629
chbr3,155,0.77698685
chbr3,150,0.62578653
chbr3,145,0.50349660
chbr3,140,0.40465493
chbr3,135,0.32483999
chbr3,130,0.26046261
chbr3,125,0.20860406
chbr3,120,0.16688836
chbr3,115,0.13338064
chbr3,110,0.10650572
chbr3,105,0.08498210
chbr3,100,0.06776852
chbr3,95,0.05402016
chbr3,90,0.04305279
chbr3,85,0.03431334
chbr3,80,0.02735567
chbr3,75,0.02182070
chbr3,70,0.01741998
chbr3,65,0.01392236
chbr3,60,0.01114293
chbr3,55,0.00893412
chbr3,50,0.00717830
chbr3,45,0.00578192
chbr3,40,0.00467068
chbr3,35,0.00378563
chbr3,30,0.00308007
chbr3,25,0.00251701
bromomethylmethylether,160,4.65909997
bromomethylmethylether,155,3.65711996
bromomethylmethylether,150,2.84627588
bromomethylmethylether,145,2.19713547
bromomethylmethylether,140,1.68251870
bromomethylmethylether,135,1.27824195
bromomethylmethylether,130,0.96337764
bromomethylmethylether,125,0.72019746
bromomethylmethylether,120,0.53393344
bromomethylmethylether,115,0.39245111
bromomethylmethylether,110,0.28589538
bromomethylmethylether,105,0.20634468
bromomethylmethylether,100,0.14749226
bromomethylmethylether,95,0.10436275
bromomethylmethylether,90,0.07306664
bromomethylmethylether,85,0.05059111
bromomethylmethylether,80,0.03462441
bromomethylmethylether,75,0.02341004
bromomethylmethylether,70,0.01562714
bromomethylmethylether,65,0.01029311
bromomethylmethylether,60,0.00668531
bromomethylmethylether,55,0.00427866
bromomethylmethylether,50,0.00269644
bromomethylmethylether,45,0.00167202
bromomethylmethylether,40,0.00101933
bromomethylmethylether,35,0.00061043
bromomethylmethylether,30,0.00035878
bromomethylmethylether,25,0.00020676
bromotrichloromethane,160,0.25239465
bromotrichloromethane,155,0.18803543
bromotrichloromethane,150,0.13917197
bromotrichloromethane,145,0.10227497
bromotrichloromethane,140,0.07458597
bromotrichloromethane,135,0.05394955
bromotrichloromethane,130,0.03868467
bromotrichloromethane,125,0.02748465
bromotrichloromethane,120,0.01933844
bromotrichloromethane,115,0.01346823
bromotrichloromethane,110,0.00927963
bromotrichloromethane,105,0.00632194
bromotrichloromethane,100,0.00425629
bromotrichloromethane,95,0.00283025
bromotrichloromethane,90,0.00185769
bromotrichloromethane,85,0.00120284
bromotrichloromethane,80,0.00076781
bromotrichloromethane,75,0.00048284
bromotrichloromethane,70,0.00029892
bromotrichloromethane,65,0.00018205
bromotrichloromethane,60,0.00010898
bromotrichloromethane,55,0.00006408
bromotrichloromethane,50,0.00003697
bromotrichloromethane,45,0.00002091
bromotrichloromethane,40,0.00001158
bromotrichloromethane,35,0.00000628
bromotrichloromethane,30,0.00000332
bromotrichloromethane,25,0.00000172
bromotrichloromethane,160,0.25239465
bromotrichloromethane,155,0.18803543
bromotrichloromethane,150,0.13917197
bromotrichloromethane,145,0.10227497
bromotrichloromethane,140,0.07458597
bromotrichloromethane,135,0.05394955
bromotrichloromethane,130,0.03868467
bromotrichloromethane,125,0.02748465
bromotrichloromethane,120,0.01933844
bromotrichloromethane,115,0.01346823
bromotrichloromethane,110,0.00927963
bromotrichloromethane,105,0.00632194
bromotrichloromethane,100,0.00425629
bromotrichloromethane,95,0.00283025
bromotrichloromethane,90,0.00185769
bromotrichloromethane,85,0.00120284
bromotrichloromethane,80,0.00076781
bromotrichloromethane,75,0.00048284
bromotrichloromethane,70,0.00029892
bromotrichloromethane,65,0.00018205
bromotrichloromethane,60,0.00010898
bromotrichloromethane,55,0.00006408
bromotrichloromethane,50,0.00003697
bromotrichloromethane,45,0.00002091
bromotrichloromethane,40,0.00001158
bromotrichloromethane,35,0.00000628
bromotrichloromethane,30,0.00000332
bromotrichloromethane,25,0.00000172
bromotrichloromethane,160,0.25239465
bromotrichloromethane,155,0.18803543
bromotrichloromethane,150,0.13917197
bromotrichloromethane,145,0.10227497
bromotrichloromethane,140,0.07458597
bromotrichloromethane,135,0.05394955
bromotrichloromethane,130,0.03868467
bromotrichloromethane,125,0.02748465
bromotrichloromethane,120,0.01933844
bromotrichloromethane,115,0.01346823
bromotrichloromethane,110,0.00927963
bromotrichloromethane,105,0.00632194
bromotrichloromethane,100,0.00425629
bromotrichloromethane,95,0.00283025
bromotrichloromethane,90,0.00185769
bromotrichloromethane,85,0.00120284
bromotrichloromethane,80,0.00076781
bromotrichloromethane,75,0.00048284
bromotrichloromethane,70,0.00029892
bromotrichloromethane,65,0.00018205
bromotrichloromethane,60,0.00010898
bromotrichloromethane,55,0.00006408
bromotrichloromethane,50,0.00003697
bromotrichloromethane,45,0.00002091
bromotrichloromethane,40,0.00001158
bromotrichloromethane,35,0.00000628
bromotrichloromethane,30,0.00000332
bromotrichloromethane,25,0.00000172
cf3br,160,0.74126271
cf3br,155,0.55111981
cf3br,150,0.40784616
cf3br,145,0.30014898
cf3br,140,0.21949124
cf3br,135,0.15937331
cf3br,130,0.11482346
cf3br,125,0.08203082
cf3br,120,0.05807387
cf3br,115,0.04071692
cf3br,110,0.02825508
cf3br,105,0.01939472
cf3br,100,0.01316049
cf3br,95,0.00882255
cf3br,90,0.00583951
cf3br,85,0.00381360
cf3br,80,0.00245572
cf3br,75,0.00155814
cf3br,70,0.00097341
cf3br,65,0.00059830
cf3br,60,0.00036151
cf3br,55,0.00021456
cf3br,50,0.00012496
cf3br,45,0.00007136
cf3br,40,0.00003991
cf3br,35,0.00002184
cf3br,30,0.00001168
cf3br,25,0.00000610
"2,4-pentadienenitrile",160,5.61493901
"2,4-pentadienenitrile",155,4.43680678
"2,4-pentadienenitrile",150,3.47888483
"2,4-pentadienenitrile",145,2.70723898
"2,4-pentadienenitrile",140,2.09104704
"2,4-pentadienenitrile",135,1.60306420
"2,4-pentadienenitrile",130,1.21971243
"2,4-pentadienenitrile",125,0.92093166
"2,4-pentadienenitrile",120,0.68989476
"2,4-pentadienenitrile",115,0.51265692
"2,4-pentadienenitrile",110,0.37778608
"2,4-pentadienenitrile",105,0.27600179
"2,4-pentadienenitrile",100,0.19984028
"2,4-pentadienenitrile",95,0.14335254
"2,4-pentadienenitrile",90,0.10183882
"2,4-pentadienenitrile",85,0.07161929
"2,4-pentadienenitrile",80,0.04983878
"2,4-pentadienenitrile",75,0.03430255
"2,4-pentadienenitrile",70,0.02333979
"2,4-pentadienenitrile",65,0.01569122
"2,4-pentadienenitrile",60,0.01041771
"2,4-pentadienenitrile",55,0.00682649
"2,4-pentadienenitrile",50,0.00441237
"2,4-pentadienenitrile",45,0.00281139
"2,4-pentadienenitrile",40,0.00176465
"2,4-pentadienenitrile",35,0.00109039
"2,4-pentadienenitrile",30,0.00066277
"2,4-pentadienenitrile",25,0.00039598
"1,3-butadienediepoxide",160,5.45462682
"1,3-butadienediepoxide",155,4.29755913
"1,3-butadienediepoxide",150,3.35842007
"1,3-butadienediepoxide",145,2.60369309
"1,3-butadienediepoxide",140,2.00276356
"1,3-butadienediepoxide",135,1.52848388
"1,3-butadienediepoxide",130,1.15732894
"1,3-butadienediepoxide",125,0.86928598
"1,3-butadienediepoxide",120,0.64758846
"1,3-butadienediepoxide",115,0.47837166
"1,3-butadienediepoxide",110,0.35030195
"1,3-butadienediepoxide",105,0.25421116
"1,3-butadienediepoxide",100,0.18275570
"1,3-butadienediepoxide",95,0.13010891
"1,3-butadienediepoxide",90,0.09169075
"1,3-butadienediepoxide",85,0.06393468
"1,3-butadienediepoxide",80,0.04408976
"1,3-butadienediepoxide",75,0.03005488
"1,3-butadienediepoxide",70,0.02024144
"1,3-butadienediepoxide",65,0.01346101
"1,3-butadienediepoxide",60,0.00883428
"1,3-butadienediepoxide",55,0.00571814
"1,3-butadienediepoxide",50,0.00364795
"1,3-butadienediepoxide",45,0.00229222
"1,3-butadienediepoxide",40,0.00141763
"1,3-butadienediepoxide",35,0.00086227
"1,3-butadienediepoxide",30,0.00051540
"1,3-butadienediepoxide",25,0.00030248
butadione,160,8.13733154
butadione,155,6.55985158
butadione,150,5.23405630
butadione,145,4.13485777
butadione,140,3.23512003
butadione,135,2.50745386
butadione,130,1.92558700
butadione,125,1.46528828
butadione,120,1.10489680
butadione,115,0.82553576
butadione,110,0.61109999
butadione,105,0.44809467
butadione,100,0.32538829
butadione,95,0.23392640
butadione,90,0.16643751
butadione,85,0.11715155
butadione,80,0.08154211
butadione,75,0.05609812
butadione,70,0.03812643
butadione,65,0.02558460
butadione,60,0.01694156
butadione,55,0.01106323
butadione,50,0.00711999
butadione,45,0.00451279
butadione,40,0.00281488
butadione,35,0.00172658
butadione,30,0.00104056
butadione,25,0.00061564
butane,160,1.36465169
butane,155,1.01769871
butane,150,0.75441603
butane,145,0.55553103
butane,140,0.40610540
butane,135,0.29453682
butane,130,0.21181479
butane,125,0.15095201
butane,120,0.10654657
butane,115,0.07444056
butane,110,0.05145157
butane,105,0.03516017
butane,100,0.02374133
butane,95,0.01583038
butane,90,0.01041670
butane,85,0.00675976
butane,80,0.00432305
butane,75,0.00272264
butane,70,0.00168732
butane,65,0.00102815
butane,60,0.00061547
butane,55,0.00036161
butane,50,0.00020834
butane,45,0.00011758
butane,40,0.00006493
butane,35,0.00003505
butane,30,0.00001847
butane,25,0.00000949
benzoicacidbutylester,160,2.33303803
benzoicacidbutylester,155,1.85707578
benzoicacidbutylester,150,1.46908863
benzoicacidbutylester,145,1.15480976
benzoicacidbutylester,140,0.90185839
benzoicacidbutylester,135,0.69958716
benzoicacidbutylester,130,0.53891519
benzoicacidbutylester,125,0.41215810
benzoicacidbutylester,120,0.31286146
benzoicacidbutylester,115,0.23564374
benzoicacidbutylester,110,0.17605040
benzoicacidbutylester,105,0.13042117
benzoicacidbutylester,100,0.09577072
benzoicacidbutylester,95,0.06968277
benzoicacidbutylester,90,0.05021703
benzoicacidbutylester,85,0.03582820
benzoicacidbutylester,80,0.02529605
benzoicacidbutylester,75,0.01766563
benzoicacidbutylester,70,0.01219657
benzoicacidbutylester,65,0.00832054
benzoicacidbutylester,60,0.00560570
benzoicacidbutylester,55,0.00372752
benzoicacidbutylester,50,0.00244487
benzoicacidbutylester,45,0.00158073
benzoicacidbutylester,40,0.00100675
benzoicacidbutylester,35,0.00063116
benzoicacidbutylester,30,0.00038921
benzoicacidbutylester,25,0.00023588
butylformate,160,8.19775415
butylformate,155,6.73617616
butylformate,150,5.48443691
butylformate,145,4.42504168
butylformate,140,3.53864707
butylformate,135,2.80513817
butylformate,130,2.20454080
butylformate,125,1.71776001
butylformate,120,1.32709254
butylformate,115,1.01654538
butylformate,110,0.77198622
butylformate,105,0.58116263
butylformate,100,0.43362873
butylformate,95,0.32060987
butylformate,90,0.23483397
butylformate,85,0.17034852
butylformate,80,0.12233760
butylformate,75,0.08694800
butylformate,70,0.06113011
butylformate,65,0.04249607
butylformate,60,0.02919627
butylformate,55,0.01981353
butylformate,50,0.01327420
butylformate,45,0.00877418
butylformate,40,0.00571846
butylformate,35,0.00367226
butylformate,30,0.00232197
butylformate,25,0.00144450
butyllactate,160,4.81104918
butyllactate,155,3.92741791
butyllactate,150,3.18433957
butyllactate,145,2.56449954
butyllactate,140,2.05150964
butyllactate,135,1.63018991
butyllactate,130,1.28674088
butyllactate,125,1.00882305
butyllactate,120,0.78556264
butyllactate,115,0.60750200
butyllactate,110,0.46651291
butyllactate,105,0.35568512
butyllactate,100,0.26920325
butyllactate,95,0.20221983
butyllactate,90,0.15073094
butyllactate,85,0.11145841
butyllactate,80,0.08174132
butyllactate,75,0.05943816
butyllactate,70,0.04284004
butyllactate,65,0.03059498
butyllactate,60,0.02164259
butyllactate,55,0.01515852
butyllactate,50,0.01050771
butyllactate,45,0.00720550
butyllactate,40,0.00488547
butyllactate,35,0.00327339
butyllactate,30,0.00216612
butyllactate,25,0.00141475
octadecanoicacidbutylester,160,0.32011652
octadecanoicacidbutylester,155,0.24902668
octadecanoicacidbutylester,150,0.19254956
octadecanoicacidbutylester,145,0.14793360
octadecanoicacidbutylester,140,0.11289788
octadecanoicacidbutylester,135,0.08555866
octadecanoicacidbutylester,130,0.06436695
octadecanoicacidbutylester,125,0.04805522
octadecanoicacidbutylester,120,0.03559186
octadecanoicacidbutylester,115,0.02614221
octadecanoicacidbutylester,110,0.01903529
octadecanoicacidbutylester,105,0.01373537
octadecanoicacidbutylester,100,0.00981787
octadecanoicacidbutylester,95,0.00694889
octadecanoicacidbutylester,90,0.00486804
octadecanoicacidbutylester,85,0.00337398
octadecanoicacidbutylester,80,0.00231252
octadecanoicacidbutylester,75,0.00156666
octadecanoicacidbutylester,70,0.00104857
octadecanoicacidbutylester,65,0.00069299
octadecanoicacidbutylester,60,0.00045199
octadecanoicacidbutylester,55,0.00029078
octadecanoicacidbutylester,50,0.00018440
octadecanoicacidbutylester,45,0.00011520
octadecanoicacidbutylester,40,0.00007086
octadecanoicacidbutylester,35,0.00004288
octadecanoicacidbutylester,30,0.00002551
octadecanoicacidbutylester,25,0.00001491
butoxide,160,15.18278895
butoxide,155,12.84829023
butoxide,150,10.75005849
butoxide,145,8.89214646
butoxide,140,7.27180606
butoxide,135,5.87989944
butoxide,130,4.70190279
butoxide,125,3.71928997
butoxide,120,2.91098850
butoxide,115,2.25486249
butoxide,110,1.72897151
butoxide,105,1.31252666
butoxide,100,0.98654477
butoxide,95,0.73420690
butoxide,90,0.54098597
butoxide,85,0.39460384
butoxide,80,0.28487652
butoxide,75,0.20349642
butoxide,70,0.14378730
butoxide,65,0.10045760
butoxide,60,0.06936748
butoxide,55,0.04731849
butoxide,50,0.03186971
butoxide,45,0.02118108
butoxide,40,0.01388261
butoxide,35,0.00896721
butoxide,30,0.00570422
butoxide,25,0.00357072
butanal,160,14.61772587
butanal,155,12.30967217
butanal,150,10.24682956
butanal,145,8.43121985
butanal,140,6.85767593
butanal,135,5.51466642
butanal,130,4.38544912
butanal,125,3.44963649
butanal,120,2.68477610
butanal,115,2.06784707
butanal,110,1.57645744
butanal,105,1.18973576
butanal,100,0.88887952
butanal,95,0.65742532
butanal,90,0.48129973
butanal,85,0.34871738
butanal,80,0.24998509
butanal,75,0.17725695
butanal,70,0.12427439
butanal,65,0.08611244
butanal,60,0.05894544
butanal,55,0.03983891
butanal,50,0.02656989
butanal,45,0.01747548
butanal,40,0.01132757
butanal,35,0.00723109
butanal,30,0.00454255
butanal,25,0.00280590
butyricacid,160,24.89468787
butyricacid,155,23.17408781
butyricacid,150,21.56759918
butyricacid,145,20.07375662
butyricacid,140,18.69098350
butyricacid,135,17.41737609
butyricacid,130,16.24996193
butyricacid,125,15.18497169
butyricacid,120,14.21893520
butyricacid,115,13.34789929
butyricacid,110,12.56778471
butyricacid,105,11.87449588
butyricacid,100,11.26402445
butyricacid,95,10.73239309
butyricacid,90,10.27627987
butyricacid,85,9.89251179
butyricacid,80,9.57782508
butyricacid,75,9.33009927
butyricacid,70,9.14719282
butyricacid,65,9.02656645
butyricacid,60,8.96828190
butyricacid,55,8.97063226
butyricacid,50,9.03190951
butyricacid,45,9.15190430
butyricacid,40,9.32877285
butyricacid,35,9.56179076
butyricacid,30,9.84836533
butyricacid,25,10.18648210
"butanoicacid,anhydride",160,3.58698376
"butanoicacid,anhydride",155,2.88099244
"butanoicacid,anhydride",150,2.29763929
"butanoicacid,anhydride",145,1.81941570
"butanoicacid,anhydride",140,1.43040847
"butanoicacid,anhydride",135,1.11639573
"butanoicacid,anhydride",130,0.86485346
"butanoicacid,anhydride",125,0.66489677
"butanoicacid,anhydride",120,0.50717699
"butanoicacid,anhydride",115,0.38375187
"butanoicacid,anhydride",110,0.28794219
"butanoicacid,anhydride",105,0.21418485
"butanoicacid,anhydride",100,0.15788925
"butanoicacid,anhydride",95,0.11530167
"butanoicacid,anhydride",90,0.08338040
"butanoicacid,anhydride",85,0.05968307
"butanoicacid,anhydride",80,0.04226663
"butanoicacid,anhydride",75,0.02959995
"butanoicacid,anhydride",70,0.02048827
"butanoicacid,anhydride",65,0.01400879
"butanoicacid,anhydride",60,0.00945634
"butanoicacid,anhydride",55,0.00629801
"butanoicacid,anhydride",50,0.00413577
"butanoicacid,anhydride",45,0.00267596
"butanoicacid,anhydride",40,0.00170472
"butanoicacid,anhydride",35,0.00106841
"butanoicacid,anhydride",30,0.00065823
"butanoicacid,anhydride",25,0.00039828
butyronitrile,160,11.92590372
butyronitrile,155,9.81542137
butyronitrile,150,7.98778562
butyronitrile,145,6.42938999
butyronitrile,140,5.12012423
butyronitrile,135,4.03554843
butyronitrile,130,3.14896423
butyronitrile,125,2.43325457
butyronitrile,120,1.86228495
butyronitrile,115,1.41187558
butyronitrile,110,1.06037346
butyronitrile,105,0.78889911
butyronitrile,100,0.58135534
butyronitrile,95,0.42427550
butyronitrile,90,0.30657895
butyronitrile,85,0.21928174
butyronitrile,80,0.15519717
butyronitrile,75,0.10864788
butyronitrile,70,0.07520222
butyronitrile,65,0.05144106
butyronitrile,60,0.03475679
butyronitrile,55,0.02318374
butyronitrile,50,0.01525770
butyronitrile,45,0.00990116
butyronitrile,40,0.00633123
butyronitrile,35,0.00398649
butyronitrile,30,0.00246985
butyronitrile,25,0.00150448
butyrylchloride,160,7.36936778
butyrylchloride,155,5.98814712
butyrylchloride,150,4.81871211
butyrylchloride,145,3.84093095
butyrylchloride,140,3.03313864
butyrylchloride,135,2.37337355
butyrylchloride,130,1.84036536
butyrylchloride,125,1.41425057
butyrylchloride,120,1.07702529
butyrylchloride,115,0.81276973
butyrylchloride,110,0.60769943
butyrylchloride,105,0.45009215
butyrylchloride,100,0.33013574
butyrylchloride,95,0.23973230
butyrylchloride,90,0.17228466
butyrylchloride,85,0.12248303
butyrylchloride,80,0.08610312
butyrylchloride,75,0.05982214
butyrylchloride,70,0.04105576
butyrylchloride,65,0.02781679
butyrylchloride,60,0.01859497
butyrylchloride,55,0.01225624
butyrylchloride,50,0.00795960
butyrylchloride,45,0.00508956
butyrylchloride,40,0.00320173
butyrylchloride,35,0.00197992
butyrylchloride,30,0.00120251
butyrylchloride,25,0.00071665
caffeine,160,1.25553343
caffeine,155,0.99184368
caffeine,150,0.77947741
caffeine,145,0.60925043
caffeine,140,0.47348288
caffeine,135,0.36577190
caffeine,130,0.28079706
caffeine,125,0.21415403
caffeine,120,0.16221206
caffeine,115,0.12199181
caffeine,110,0.09106087
caffeine,105,0.06744414
caffeine,100,0.04954731
caffeine,95,0.03609151
caffeine,90,0.02605783
caffeine,85,0.01864023
caffeine,80,0.01320588
caffeine,75,0.00926193
caffeine,70,0.00642776
caffeine,65,0.00441201
caffeine,60,0.00299376
caffeine,55,0.00200713
caffeine,50,0.00132883
caffeine,45,0.00086826
caffeine,40,0.00055956
caffeine,35,0.00035546
caffeine,30,0.00022241
caffeine,25,0.00013698
camphene,160,0.79283692
camphene,155,0.60615461
camphene,150,0.46058564
camphene,145,0.34766569
camphene,140,0.26057806
camphene,135,0.19383831
camphene,130,0.14304342
camphene,125,0.10466987
camphene,120,0.07590966
camphene,115,0.05453632
camphene,110,0.03879487
camphene,105,0.02731129
camphene,100,0.01901786
camphene,95,0.01309169
camphene,90,0.00890426
camphene,85,0.00598013
camphene,80,0.00396337
camphene,75,0.00259046
camphene,70,0.00166859
camphene,65,0.00105845
camphene,60,0.00066071
camphene,55,0.00040553
camphene,50,0.00024453
camphene,45,0.00014473
camphene,40,0.00008401
camphene,35,0.00004777
camphene,30,0.00002658
camphene,25,0.00001446
2-oxepanone,160,6.59815468
2-oxepanone,155,5.41337379
2-oxepanone,150,4.40696430
2-oxepanone,145,3.56022378
2-oxepanone,140,2.85440916
2-oxepanone,135,2.27133254
2-oxepanone,130,1.79383889
2-oxepanone,125,1.40612136
2-oxepanone,120,1.09391047
2-oxepanone,115,0.84455328
2-oxepanone,110,0.64700676
2-oxepanone,105,0.49176863
2-oxepanone,100,0.37076653
2-oxepanone,95,0.27722327
2-oxepanone,90,0.20551080
2-oxepanone,85,0.15100342
2-oxepanone,80,0.10993675
2-oxepanone,75,0.07927666
2-oxepanone,70,0.05660078
2-oxepanone,65,0.03999337
2-oxepanone,60,0.02795388
2-oxepanone,55,0.01931833
2-oxepanone,50,0.01319293
2-oxepanone,45,0.00889840
2-oxepanone,40,0.00592407
2-oxepanone,35,0.00389036
2-oxepanone,30,0.00251839
2-oxepanone,25,0.00160586
carbazole,160,8.02302868
carbazole,155,6.91755183
carbazole,150,5.93780699
carbazole,145,5.07463584
carbazole,140,4.31862194
carbazole,135,3.66029834
carbazole,130,3.09026152
carbazole,125,2.59937043
carbazole,120,2.17886688
carbazole,115,1.82047025
carbazole,110,1.51648024
carbazole,105,1.25981125
carbazole,100,1.04402596
carbazole,95,0.86334039
carbazole,90,0.71261062
carbazole,85,0.58730475
carbazole,80,0.48346605
carbazole,75,0.39766581
carbazole,70,0.32695622
carbazole,65,0.26881990
carbazole,60,0.22112054
carbazole,55,0.18205577
carbazole,50,0.15011318
carbazole,45,0.12402994
carbazole,40,0.10275658
carbazole,35,0.08542468
carbazole,30,0.07131867
carbazole,25,0.05985132
co2,160,100.00000000
co2,155,100.00000000
co2,150,100.00000000
co2,145,100.00000000
co2,140,100.00000000
co2,135,100.00000000
co2,130,100.00000000
co2,125,100.00000000
co2,120,33.86965668
co2,115,31.91398622
co2,110,29.97061729
co2,105,28.04197132
co2,100,26.12910133
co2,95,24.23402874
co2,90,22.36068715
co2,85,20.51202659
co2,80,18.69114993
co2,75,16.90386675
co2,70,15.15451997
co2,65,13.45078191
co2,60,11.79980918
co2,55,10.21269407
co2,50,8.70029443
co2,45,7.27710030
co2,40,5.95794328
co2,35,4.75996544
co2,30,3.69933938
co2,25,2.78890254
cs2,160,1.11730506
cs2,155,0.81389518
cs2,150,0.58959666
cs2,145,0.42435631
cs2,140,0.30320140
cs2,135,0.21489236
cs2,130,0.15096800
cs2,125,0.10505661
cs2,120,0.07236813
cs2,115,0.04931440
cs2,110,0.03322173
cs2,105,0.02211118
cs2,100,0.01452976
cs2,95,0.00942045
cs2,90,0.00602217
cs2,85,0.00379309
cs2,80,0.00235219
cs2,75,0.00143500
cs2,70,0.00086056
cs2,65,0.00050686
cs2,60,0.00029295
cs2,55,0.00016598
cs2,50,0.00009211
cs2,45,0.00005000
cs2,40,0.00002653
cs2,35,0.00001374
cs2,30,0.00000693
cs2,25,0.00000341
cs2,160,1.11730506
cs2,155,0.81389518
cs2,150,0.58959666
cs2,145,0.42435631
cs2,140,0.30320140
cs2,135,0.21489236
cs2,130,0.15096800
cs2,125,0.10505661
cs2,120,0.07236813
cs2,115,0.04931440
cs2,110,0.03322173
cs2,105,0.02211118
cs2,100,0.01452976
cs2,95,0.00942045
cs2,90,0.00602217
cs2,85,0.00379309
cs2,80,0.00235219
cs2,75,0.00143500
cs2,70,0.00086056
cs2,65,0.00050686
cs2,60,0.00029295
cs2,55,0.00016598
cs2,50,0.00009211
cs2,45,0.00005000
cs2,40,0.00002653
cs2,35,0.00001374
cs2,30,0.00000693
cs2,25,0.00000341
ccl4,160,0.42127948
ccl4,155,0.31461441
ccl4,150,0.23348211
ccl4,145,0.17207958
ccl4,140,0.12587928
ccl4,135,0.09134538
ccl4,130,0.06571899
ccl4,125,0.04685276
ccl4,120,0.03308174
ccl4,115,0.02312162
ccl4,110,0.01598782
ccl4,105,0.01093102
ccl4,100,0.00738558
ccl4,95,0.00492841
ccl4,90,0.00324609
ccl4,85,0.00210896
ccl4,80,0.00135065
ccl4,75,0.00085207
ccl4,70,0.00052912
ccl4,65,0.00032318
ccl4,60,0.00019399
ccl4,55,0.00011434
ccl4,50,0.00006612
ccl4,45,0.00003747
ccl4,40,0.00002079
ccl4,35,0.00001128
ccl4,30,0.00000598
ccl4,25,0.00000310
ccl4,160,0.42127948
ccl4,155,0.31461441
ccl4,150,0.23348211
ccl4,145,0.17207958
ccl4,140,0.12587928
ccl4,135,0.09134538
ccl4,130,0.06571899
ccl4,125,0.04685276
ccl4,120,0.03308174
ccl4,115,0.02312162
ccl4,110,0.01598782
ccl4,105,0.01093102
ccl4,100,0.00738558
ccl4,95,0.00492841
ccl4,90,0.00324609
ccl4,85,0.00210896
ccl4,80,0.00135065
ccl4,75,0.00085207
ccl4,70,0.00052912
ccl4,65,0.00032318
ccl4,60,0.00019399
ccl4,55,0.00011434
ccl4,50,0.00006612
ccl4,45,0.00003747
ccl4,40,0.00002079
ccl4,35,0.00001128
ccl4,30,0.00000598
ccl4,25,0.00000310
cos,160,12.31433563
cos,155,9.67558316
cos,150,7.48121675
cos,145,5.70519242
cos,140,4.29944464
cos,135,3.20644983
cos,130,2.36870676
cos,125,1.73414418
cos,120,1.25838057
cos,115,0.90500395
cos,110,0.64488968
cos,105,0.45514386
cos,100,0.31800707
cos,95,0.21984711
cos,90,0.15029791
cos,85,0.10154786
cos,80,0.06776403
cos,75,0.04463254
cos,70,0.02899543
cos,65,0.01856619
cos,60,0.01170868
cos,55,0.00726688
cos,50,0.00443495
cos,45,0.00265926
cos,40,0.00156522
cos,35,0.00090349
cos,30,0.00051094
cos,25,0.00028278
1-hexadecanol,160,1.19329490
1-hexadecanol,155,0.96704342
1-hexadecanol,150,0.78056229
1-hexadecanol,145,0.62742848
1-hexadecanol,140,0.50216336
1-hexadecanol,135,0.40010690
1-hexadecanol,130,0.31730697
1-hexadecanol,125,0.25042262
1-hexadecanol,120,0.19663939
1-hexadecanol,115,0.15359501
1-hexadecanol,110,0.11931454
1-hexadecanol,105,0.09215351
1-hexadecanol,100,0.07074852
1-hexadecanol,95,0.05397417
1-hexadecanol,90,0.04090581
1-hexadecanol,85,0.03078736
1-hexadecanol,80,0.02300367
1-hexadecanol,75,0.01705682
1-hexadecanol,70,0.01254600
1-hexadecanol,65,0.00915039
1-hexadecanol,60,0.00661473
1-hexadecanol,55,0.00473724
1-hexadecanol,50,0.00335949
1-hexadecanol,45,0.00235799
1-hexadecanol,40,0.00163721
1-hexadecanol,35,0.00112390
1-hexadecanol,30,0.00076236
1-hexadecanol,25,0.00051068
trichloroacetaldehyde,160,5.30857756
trichloroacetaldehyde,155,4.35117716
trichloroacetaldehyde,150,3.54212626
trichloroacetaldehyde,145,2.86423222
trichloroacetaldehyde,140,2.30085250
trichloroacetaldehyde,135,1.83630859
trichloroacetaldehyde,130,1.45615440
trichloroacetaldehyde,125,1.14733551
trichloroacetaldehyde,120,0.89825310
trichloroacetaldehyde,115,0.69875385
trichloroacetaldehyde,110,0.54006652
trichloroacetaldehyde,105,0.41470298
trichloroacetaldehyde,100,0.31633933
trichloroacetaldehyde,95,0.23968735
trichloroacetaldehyde,90,0.18036571
trichloroacetaldehyde,85,0.13477605
trichloroacetaldehyde,80,0.09998772
trichloroacetaldehyde,75,0.07363327
trichloroacetaldehyde,70,0.05381537
trichloroacetaldehyde,65,0.03902545
trichloroacetaldehyde,60,0.02807354
trichloroacetaldehyde,55,0.02002836
trichloroacetaldehyde,50,0.01416697
trichloroacetaldehyde,45,0.00993274
trichloroacetaldehyde,40,0.00690068
trichloroacetaldehyde,35,0.00474904
trichloroacetaldehyde,30,0.00323641
trichloroacetaldehyde,25,0.00218328
cl2,160,6.36948208
cl2,155,4.75298305
cl2,150,3.52017823
cl2,145,2.59046871
cl2,140,1.89476044
cl2,135,1.37732429
cl2,130,0.99460482
cl2,125,0.71311291
cl2,120,0.50732793
cl2,115,0.35789678
cl2,110,0.25019265
cl2,105,0.17319997
cl2,100,0.11865517
cl2,95,0.08038967
cl2,90,0.05382659
cl2,85,0.03559445
cl2,80,0.02323046
cl2,75,0.01495267
cl2,70,0.00948531
cl2,65,0.00592561
cl2,60,0.00364274
cl2,55,0.00220184
cl2,50,0.00130750
cl2,45,0.00076210
cl2,40,0.00043560
cl2,35,0.00024392
cl2,30,0.00013367
cl2,25,0.00007161
chloroacetaldehyde,160,1.86776300
chloroacetaldehyde,155,1.41889050
chloroacetaldehyde,150,1.07322563
chloroacetaldehyde,145,0.80786119
chloroacetaldehyde,140,0.60490802
chloroacetaldehyde,135,0.45036352
chloroacetaldehyde,130,0.33326033
chloroacetaldehyde,125,0.24501022
chloroacetaldehyde,120,0.17889783
chloroacetaldehyde,115,0.12968545
chloroacetaldehyde,110,0.09330202
chloroacetaldehyde,105,0.06659702
chloroacetaldehyde,100,0.04714478
chloroacetaldehyde,95,0.03308858
chloroacetaldehyde,90,0.02301641
chloroacetaldehyde,85,0.01586206
chloroacetaldehyde,80,0.01082651
chloroacetaldehyde,75,0.00731585
chloroacetaldehyde,70,0.00489244
chloroacetaldehyde,65,0.00323671
chloroacetaldehyde,60,0.00211751
chloroacetaldehyde,55,0.00136936
chloroacetaldehyde,50,0.00087497
chloroacetaldehyde,45,0.00055216
chloroacetaldehyde,40,0.00034399
chloroacetaldehyde,35,0.00021146
chloroacetaldehyde,30,0.00012821
chloroacetaldehyde,25,0.00007663
chloroaceticacid,160,27.32443836
chloroaceticacid,155,26.14089117
chloroaceticacid,150,25.09801033
chloroaceticacid,145,24.19205984
chloroaceticacid,140,23.42017812
chloroaceticacid,135,22.77512543
chloroaceticacid,130,22.25403041
chloroaceticacid,125,21.85187238
chloroaceticacid,120,21.56190500
chloroaceticacid,115,21.37929550
chloroaceticacid,110,21.29775581
chloroaceticacid,105,21.31120665
chloroaceticacid,100,21.41330824
chloroaceticacid,95,21.59660067
chloroaceticacid,90,100.00000000
chloroaceticacid,85,100.00000000
chloroaceticacid,80,100.00000000
chloroaceticacid,75,100.00000000
chloroaceticacid,70,100.00000000
chloroaceticacid,65,100.00000000
chloroaceticacid,60,100.00000000
chloroaceticacid,55,100.00000000
chloroaceticacid,50,100.00000000
chloroaceticacid,45,100.00000000
chloroaceticacid,40,100.00000000
chloroaceticacid,35,100.00000000
chloroaceticacid,30,100.00000000
chloroaceticacid,25,100.00000000
"3-chloro-2,5-furandione",160,7.96043826
"3-chloro-2,5-furandione",155,6.63253499
"3-chloro-2,5-furandione",150,5.47915789
"3-chloro-2,5-furandione",145,4.48819020
"3-chloro-2,5-furandione",140,3.64586268
"3-chloro-2,5-furandione",135,2.93737566
"3-chloro-2,5-furandione",130,2.34754267
"3-chloro-2,5-furandione",125,1.86133981
"3-chloro-2,5-furandione",120,1.46437907
"3-chloro-2,5-furandione",115,1.14326111
"3-chloro-2,5-furandione",110,0.88580221
"3-chloro-2,5-furandione",105,0.68115997
"3-chloro-2,5-furandione",100,0.51986362
"3-chloro-2,5-furandione",95,0.39377671
"3-chloro-2,5-furandione",90,0.29601203
"3-chloro-2,5-furandione",85,0.22081733
"3-chloro-2,5-furandione",80,0.16344645
"3-chloro-2,5-furandione",75,0.12002745
"3-chloro-2,5-furandione",70,0.08743471
"3-chloro-2,5-furandione",65,0.06317041
"3-chloro-2,5-furandione",60,0.04525770
"3-chloro-2,5-furandione",55,0.03214684
"3-chloro-2,5-furandione",50,0.02263424
"3-chloro-2,5-furandione",45,0.01579385
"3-chloro-2,5-furandione",40,0.01091986
"3-chloro-2,5-furandione",35,0.00747939
"3-chloro-2,5-furandione",30,0.00507399
"3-chloro-2,5-furandione",25,0.00340867
chloroacetone,160,2.63575244
chloroacetone,155,2.02839364
chloroacetone,150,1.55226815
chloroacetone,145,1.18095446
chloroacetone,140,0.89293999
chloroacetone,135,0.67080128
chloroacetone,130,0.50049660
chloroacetone,125,0.37075911
chloroacetone,120,0.27258966
chloroacetone,115,0.19883512
chloroacetone,110,0.14383951
chloroacetone,105,0.10315630
chloroacetone,100,0.07331145
chloroacetone,95,0.05160921
chloroacetone,90,0.03597301
chloroacetone,85,0.02481583
chloroacetone,80,0.01693496
chloroacetone,75,0.01142709
chloroacetone,70,0.00762022
chloroacetone,65,0.00501942
chloroacetone,60,0.00326406
chloroacetone,55,0.00209428
chloroacetone,50,0.00132503
chloroacetone,45,0.00082614
chloroacetone,40,0.00050727
chloroacetone,35,0.00030654
chloroacetone,30,0.00018217
chloroacetone,25,0.00010638
chloroacetonitrile,160,10.70532934
chloroacetonitrile,155,8.84792105
chloroacetonitrile,150,7.26080608
chloroacetonitrile,145,5.91924703
chloroacetonitrile,140,4.79613314
chloroacetonitrile,135,3.86396199
chloroacetonitrile,130,3.09624680
chloroacetonitrile,125,2.46840982
chloroacetonitrile,120,1.95827164
chloroacetonitrile,115,1.54624493
chloroacetonitrile,110,1.21532684
chloroacetonitrile,105,0.95096429
chloroacetonitrile,100,0.74084663
chloroacetonitrile,95,0.57466435
chloroacetonitrile,90,0.44385921
chloroacetonitrile,85,0.34138201
chloroacetonitrile,80,0.26146751
chloroacetonitrile,75,0.19943133
chloroacetonitrile,70,0.15149053
chloroacetonitrile,65,0.11460789
chloroacetonitrile,60,0.08635849
chloroacetonitrile,55,0.06481678
chloroacetonitrile,50,0.04846180
chloroacetonitrile,45,0.03609843
chloroacetonitrile,40,0.02679244
chloroacetonitrile,35,0.01981726
chloroacetonitrile,30,0.01461066
chloroacetonitrile,25,0.01073984
chloroacetylchloride,160,19.95736216
chloroacetylchloride,155,18.18780342
chloroacetylchloride,150,16.51455827
chloroacetylchloride,145,14.93779982
chloroacetylchloride,140,13.45705987
chloroacetylchloride,135,12.07196367
chloroacetylchloride,130,10.78222063
chloroacetylchloride,125,9.58634089
chloroacetylchloride,120,8.48316551
chloroacetylchloride,115,7.47057356
chloroacetylchloride,110,6.54631712
chloroacetylchloride,105,5.70761817
chloroacetylchloride,100,4.95106041
chloroacetylchloride,95,4.27292791
chloroacetylchloride,90,3.66892505
chloroacetylchloride,85,3.13451001
chloroacetylchloride,80,2.66481218
chloroacetylchloride,75,2.25470820
chloroacetylchloride,70,1.89896565
chloroacetylchloride,65,1.59236649
chloroacetylchloride,60,1.32976367
chloroacetylchloride,55,1.10619515
chloroacetylchloride,50,0.91694529
chloroacetylchloride,45,0.75761703
chloroacetylchloride,40,0.62416409
chloroacetylchloride,35,0.51292236
chloroacetylchloride,30,0.42061076
chloroacetylchloride,25,0.34432752
chloroethyne,160,30.49607817
chloroethyne,155,28.14354034
chloroethyne,150,25.87782762
chloroethyne,145,23.70636453
chloroethyne,140,21.63266290
chloroethyne,135,19.66119473
chloroethyne,130,17.79648539
chloroethyne,125,16.04156678
chloroethyne,120,14.39815882
chloroethyne,115,12.86738688
chloroethyne,110,11.44921426
chloroethyne,105,10.14314257
chloroethyne,100,8.94707687
chloroethyne,95,7.85822937
chloroethyne,90,6.87326731
chloroethyne,85,5.98744875
chloroethyne,80,5.19590044
chloroethyne,75,4.49279604
chloroethyne,70,3.87202837
chloroethyne,65,3.32708484
chloroethyne,60,2.85139425
chloroethyne,55,2.43836894
chloroethyne,50,2.08152106
chloroethyne,45,1.77461013
chloroethyne,40,1.51176584
chloroethyne,35,1.28751308
chloroethyne,30,1.09684591
chloroethyne,25,0.93522721
chlorobenzene,160,5.83715064
chlorobenzene,155,4.68267071
chlorobenzene,150,3.72364856
chlorobenzene,145,2.93573539
chlorobenzene,140,2.29509924
chlorobenzene,135,1.77932599
chlorobenzene,130,1.36798537
chlorobenzene,125,1.04292198
chlorobenzene,120,0.78833552
chlorobenzene,115,0.59071469
chlorobenzene,110,0.43867886
chlorobenzene,105,0.32276831
chlorobenzene,100,0.23521418
chlorobenzene,95,0.16970682
chlorobenzene,90,0.12117576
chlorobenzene,85,0.08558823
chlorobenzene,80,0.05976949
chlorobenzene,75,0.04124603
chlorobenzene,70,0.02811099
chlorobenzene,65,0.01891039
chlorobenzene,60,0.01254809
chlorobenzene,55,0.00820756
chlorobenzene,50,0.00528809
chlorobenzene,45,0.00335353
chlorobenzene,40,0.00209158
chlorobenzene,35,0.00128188
chlorobenzene,30,0.00077130
chlorobenzene,25,0.00045519
chf2cl,160,31.38096789
chf2cl,155,29.71298215
chf2cl,150,28.11702513
chf2cl,145,26.59178044
chf2cl,140,25.13702697
chf2cl,135,23.75193331
chf2cl,130,22.43352280
chf2cl,125,21.18230604
chf2cl,120,19.99575146
chf2cl,115,18.87268234
chf2cl,110,17.81229230
chf2cl,105,16.81184884
chf2cl,100,15.87036812
chf2cl,95,14.98602996
chf2cl,90,14.15693495
chf2cl,85,13.38216527
chf2cl,80,12.65937362
chf2cl,75,11.98653406
chf2cl,70,11.36264971
chf2cl,65,10.78562608
chf2cl,60,10.25452020
chf2cl,55,9.76743887
chf2cl,50,9.32256424
chf2cl,45,8.91957783
chf2cl,40,8.55656308
chf2cl,35,8.23291488
chf2cl,30,7.94805527
chf2cl,25,7.70155951
chcl3,160,17.51562836
chcl3,155,16.04735712
chcl3,150,14.68418296
chcl3,145,13.42171954
chcl3,140,12.25509371
chcl3,135,11.17993276
chcl3,130,10.19092632
chcl3,125,9.28384955
chcl3,120,8.45349001
chcl3,115,7.69562186
chcl3,110,7.00523427
chcl3,105,6.37817151
chcl3,100,5.80997378
chcl3,95,5.29626864
chcl3,90,4.83319016
chcl3,85,4.41680569
chcl3,80,4.04334645
chcl3,75,3.70936124
chcl3,70,3.41166220
chcl3,65,3.14718124
chcl3,60,2.91316367
chcl3,55,2.70703525
chcl3,50,2.52652847
chcl3,45,2.36972128
chcl3,40,2.23485168
chcl3,35,2.12048903
chcl3,30,2.02550365
chcl3,25,1.94908497
chloronitromethane,160,24.30037848
chloronitromethane,155,22.43901525
chloronitromethane,150,20.67316260
chloronitromethane,145,19.00350967
chloronitromethane,140,17.42939300
chloronitromethane,135,15.95040385
chloronitromethane,130,14.56508784
chloronitromethane,125,13.27091612
chloronitromethane,120,12.06592247
chloronitromethane,115,10.94769749
chloronitromethane,110,9.91333028
chloronitromethane,105,8.95970385
chloronitromethane,100,8.08346540
chloronitromethane,95,7.28071613
chloronitromethane,90,6.54813358
chloronitromethane,85,5.88165573
chloronitromethane,80,5.27766390
chloronitromethane,75,4.73210237
chloronitromethane,70,4.24128865
chloronitromethane,65,3.80126625
chloronitromethane,60,3.40833400
chloronitromethane,55,3.05891104
chloronitromethane,50,2.74936250
chloronitromethane,45,2.47645737
chloronitromethane,40,2.23696518
chloronitromethane,35,2.02792096
chloronitromethane,30,1.84657796
chloronitromethane,25,1.69045004
trichloronitromethane,160,2.46060939
trichloronitromethane,155,1.92129731
trichloronitromethane,150,1.49062733
trichloronitromethane,145,1.14894586
trichloronitromethane,140,0.87961118
trichloronitromethane,135,0.66868687
trichloronitromethane,130,0.50461216
trichloronitromethane,125,0.37786980
trichloronitromethane,120,0.28067905
trichloronitromethane,115,0.20672057
trichloronitromethane,110,0.15089521
trichloronitromethane,105,0.10911581
trichloronitromethane,100,0.07812915
trichloronitromethane,95,0.05536491
trichloronitromethane,90,0.03880834
trichloronitromethane,85,0.02689344
trichloronitromethane,80,0.01841406
trichloronitromethane,75,0.01245012
trichloronitromethane,70,0.00830699
trichloronitromethane,65,0.00546603
trichloronitromethane,60,0.00354450
trichloronitromethane,55,0.00226347
trichloronitromethane,50,0.00142230
trichloronitromethane,45,0.00087873
trichloronitromethane,40,0.00053331
trichloronitromethane,35,0.00031767
trichloronitromethane,30,0.00018554
trichloronitromethane,25,0.00010614
"2-chloro-1,3-butadiene",160,8.90267881
"2-chloro-1,3-butadiene",155,7.23971721
"2-chloro-1,3-butadiene",150,5.82623591
"2-chloro-1,3-butadiene",145,4.64160986
"2-chloro-1,3-butadiene",140,3.66187669
"2-chloro-1,3-butadiene",135,2.86162733
"2-chloro-1,3-butadiene",130,2.21557986
"2-chloro-1,3-butadiene",125,1.69974448
"2-chloro-1,3-butadiene",120,1.29218082
"2-chloro-1,3-butadiene",115,0.97340365
"2-chloro-1,3-butadiene",110,0.72651763
"2-chloro-1,3-butadiene",105,0.53716253
"2-chloro-1,3-butadiene",100,0.39333853
"2-chloro-1,3-butadiene",95,0.28516614
"2-chloro-1,3-butadiene",90,0.20461924
"2-chloro-1,3-butadiene",85,0.14525704
"2-chloro-1,3-butadiene",80,0.10197075
"2-chloro-1,3-butadiene",75,0.07075364
"2-chloro-1,3-butadiene",70,0.04849825
"2-chloro-1,3-butadiene",65,0.03282159
"2-chloro-1,3-butadiene",60,0.02191716
"2-chloro-1,3-butadiene",55,0.01443171
"2-chloro-1,3-butadiene",50,0.00936397
"2-chloro-1,3-butadiene",45,0.00598264
"2-chloro-1,3-butadiene",40,0.00376079
"2-chloro-1,3-butadiene",35,0.00232413
"2-chloro-1,3-butadiene",30,0.00141077
"2-chloro-1,3-butadiene",25,0.00084036
chlorotrifluoroethene,160,0.55310244
chlorotrifluoroethene,155,0.41114447
chlorotrifluoroethene,150,0.30381332
chlorotrifluoroethene,145,0.22302002
chlorotrifluoroethene,140,0.16252752
chlorotrifluoroethene,135,0.11751504
chlorotrifluoroethene,130,0.08425425
chlorotrifluoroethene,125,0.05986562
chlorotrifluoroethene,120,0.04213178
chlorotrifluoroethene,115,0.02935280
chlorotrifluoroethene,110,0.02023279
chlorotrifluoroethene,105,0.01379064
chlorotrifluoroethene,100,0.00928936
chlorotrifluoroethene,95,0.00618021
chlorotrifluoroethene,90,0.00405855
chlorotrifluoroethene,85,0.00262914
chlorotrifluoroethene,80,0.00167897
chlorotrifluoroethene,75,0.00105622
chlorotrifluoroethene,70,0.00065409
chlorotrifluoroethene,65,0.00039843
chlorotrifluoroethene,60,0.00023854
chlorotrifluoroethene,55,0.00014024
chlorotrifluoroethene,50,0.00008089
chlorotrifluoroethene,45,0.00004574
chlorotrifluoroethene,40,0.00002532
chlorotrifluoroethene,35,0.00001371
chlorotrifluoroethene,30,0.00000726
chlorotrifluoroethene,25,0.00000375
cis-decalin,160,0.30189078
cis-decalin,155,0.22638031
cis-decalin,150,0.16856093
cis-decalin,145,0.12456392
cis-decalin,140,0.09131355
cis-decalin,135,0.06637082
cis-decalin,130,0.04780886
cis-decalin,125,0.03411272
cis-decalin,120,0.02409818
cis-decalin,115,0.01684571
cis-decalin,110,0.01164666
cis-decalin,105,0.00795943
cis-decalin,100,0.00537383
cis-decalin,95,0.00358217
cis-decalin,90,0.00235613
cis-decalin,85,0.00152811
cis-decalin,80,0.00097660
cis-decalin,75,0.00061457
cis-decalin,70,0.00038052
cis-decalin,65,0.00023163
cis-decalin,60,0.00013850
cis-decalin,55,0.00008127
cis-decalin,50,0.00004676
cis-decalin,45,0.00002635
cis-decalin,40,0.00001453
cis-decalin,35,0.00000783
cis-decalin,30,0.00000412
cis-decalin,25,0.00000211
methyl-maleic-anhydride,160,3.55673802
methyl-maleic-anhydride,155,2.77091939
methyl-maleic-anhydride,150,2.14327320
methyl-maleic-anhydride,145,1.64592152
methyl-maleic-anhydride,140,1.25481162
methyl-maleic-anhydride,135,0.94954771
methyl-maleic-anhydride,130,0.71306846
methyl-maleic-anhydride,125,0.53126319
methyl-maleic-anhydride,120,0.39257624
methyl-maleic-anhydride,115,0.28762862
methyl-maleic-anhydride,110,0.20887189
methyl-maleic-anhydride,105,0.15028069
methyl-maleic-anhydride,100,0.10708461
methyl-maleic-anhydride,95,0.07553839
methyl-maleic-anhydride,90,0.05272690
methyl-maleic-anhydride,85,0.03640143
methyl-maleic-anhydride,80,0.02484363
methyl-maleic-anhydride,75,0.01675334
methyl-maleic-anhydride,70,0.01115699
methyl-maleic-anhydride,65,0.00733350
methyl-maleic-anhydride,60,0.00475492
methyl-maleic-anhydride,55,0.00303935
methyl-maleic-anhydride,50,0.00191404
methyl-maleic-anhydride,45,0.00118677
methyl-maleic-anhydride,40,0.00072398
methyl-maleic-anhydride,35,0.00043424
methyl-maleic-anhydride,30,0.00025588
methyl-maleic-anhydride,25,0.00014802
2h-1-benzopyran-2-one,160,2.58125148
2h-1-benzopyran-2-one,155,2.03971099
2h-1-benzopyran-2-one,150,1.60192220
2h-1-benzopyran-2-one,145,1.25021654
2h-1-benzopyran-2-one,140,0.96944042
2h-1-benzopyran-2-one,135,0.74671808
2h-1-benzopyran-2-one,130,0.57119926
2h-1-benzopyran-2-one,125,0.43380957
2h-1-benzopyran-2-one,120,0.32701404
2h-1-benzopyran-2-one,115,0.24459951
2h-1-benzopyran-2-one,110,0.18147789
2h-1-benzopyran-2-one,105,0.13351162
2h-1-benzopyran-2-one,100,0.09736013
2h-1-benzopyran-2-one,95,0.07034617
2h-1-benzopyran-2-one,90,0.05034057
2h-1-benzopyran-2-one,85,0.03566367
2h-1-benzopyran-2-one,80,0.02500147
2h-1-benzopyran-2-one,75,0.01733516
2h-1-benzopyran-2-one,70,0.01188208
2h-1-benzopyran-2-one,65,0.00804689
2h-1-benzopyran-2-one,60,0.00538133
2h-1-benzopyran-2-one,55,0.00355157
2h-1-benzopyran-2-one,50,0.00231178
2h-1-benzopyran-2-one,45,0.00148314
2h-1-benzopyran-2-one,40,0.00093718
2h-1-benzopyran-2-one,35,0.00058284
2h-1-benzopyran-2-one,30,0.00035647
2h-1-benzopyran-2-one,25,0.00021423
trans-crotonaldehyde,160,13.90420054
trans-crotonaldehyde,155,11.65422271
trans-crotonaldehyde,150,9.65996144
trans-crotonaldehyde,145,7.91854846
trans-crotonaldehyde,140,6.42034296
trans-crotonaldehyde,135,5.14996713
trans-crotonaldehyde,130,4.08783524
trans-crotonaldehyde,125,3.21171501
trans-crotonaldehyde,120,2.49827282
trans-crotonaldehyde,115,1.92437855
trans-crotonaldehyde,110,1.46809308
trans-crotonaldehyde,105,1.10934490
trans-crotonaldehyde,100,0.83030435
trans-crotonaldehyde,95,0.61552174
trans-crotonaldehyde,90,0.45189028
trans-crotonaldehyde,85,0.32849293
trans-crotonaldehyde,80,0.23638288
trans-crotonaldehyde,75,0.16833399
trans-crotonaldehyde,70,0.11858755
trans-crotonaldehyde,65,0.08261180
trans-crotonaldehyde,60,0.05688326
trans-crotonaldehyde,55,0.03869459
trans-crotonaldehyde,50,0.02598990
trans-crotonaldehyde,45,0.01722637
trans-crotonaldehyde,40,0.01126017
trans-crotonaldehyde,35,0.00725381
trans-crotonaldehyde,30,0.00460199
trans-crotonaldehyde,25,0.00287311
trans-crotonic-acid,160,21.06942953
trans-crotonic-acid,155,19.24887470
trans-crotonic-acid,150,17.56416323
trans-crotonic-acid,145,16.01299815
trans-crotonic-acid,140,14.59216287
trans-crotonic-acid,135,13.29686871
trans-crotonic-acid,130,12.12236732
trans-crotonic-acid,125,11.06241824
trans-crotonic-acid,120,10.11055176
trans-crotonic-acid,115,9.26001064
trans-crotonic-acid,110,8.50394120
trans-crotonic-acid,105,7.83556679
trans-crotonic-acid,100,7.24834003
trans-crotonic-acid,95,6.73607198
trans-crotonic-acid,90,6.29303842
trans-crotonic-acid,85,5.91406419
trans-crotonic-acid,80,5.59458794
trans-crotonic-acid,75,5.33070919
trans-crotonic-acid,70,5.11921970
trans-crotonic-acid,65,4.95761949
trans-crotonic-acid,60,4.84420165
trans-crotonic-acid,55,4.77770322
trans-crotonic-acid,50,4.75786327
trans-crotonic-acid,45,4.78468699
trans-crotonic-acid,40,4.85892640
trans-crotonic-acid,35,4.98149911
trans-crotonic-acid,30,5.15354850
trans-crotonic-acid,25,5.37633846
2(5h)-furanone,160,0.89470426
2(5h)-furanone,155,0.67950358
2(5h)-furanone,150,0.51337861
2(5h)-furanone,145,0.38568085
2(5h)-furanone,140,0.28799468
2(5h)-furanone,135,0.21366670
2(5h)-furanone,130,0.15744207
2(5h)-furanone,125,0.11517957
2(5h)-furanone,120,0.08362612
2(5h)-furanone,115,0.06023676
2(5h)-furanone,110,0.04303031
2(5h)-furanone,105,0.03047322
2(5h)-furanone,100,0.02138589
2(5h)-furanone,95,0.01486726
2(5h)-furanone,90,0.01023418
2(5h)-furanone,85,0.00697286
2(5h)-furanone,80,0.00470018
2(5h)-furanone,75,0.00313303
2(5h)-furanone,70,0.00206422
2(5h)-furanone,65,0.00134359
2(5h)-furanone,60,0.00086352
2(5h)-furanone,55,0.00054769
2(5h)-furanone,50,0.00034261
2(5h)-furanone,45,0.00021125
2(5h)-furanone,40,0.00012831
2(5h)-furanone,35,0.00007671
2(5h)-furanone,30,0.00004512
2(5h)-furanone,25,0.00002608
cyanamide,160,0.00166859
cyanamide,155,0.00124322
cyanamide,150,0.00092341
cyanamide,145,0.00068378
cyanamide,140,0.00050483
cyanamide,135,0.00037163
cyanamide,130,0.00027282
cyanamide,125,0.00019974
cyanamide,120,0.00014586
cyanamide,115,0.00010626
cyanamide,110,0.00007723
cyanamide,105,0.00005601
cyanamide,100,0.00004054
cyanamide,95,0.00002929
cyanamide,90,0.00002113
cyanamide,85,0.00001522
cyanamide,80,0.00001095
cyanamide,75,0.00000787
cyanamide,70,0.00000565
cyanamide,65,0.00000406
cyanamide,60,0.00000291
cyanamide,55,0.00000209
cyanamide,50,0.00000150
cyanamide,45,0.00000107
cyanamide,40,0.00000077
cyanamide,35,0.00000055
cyanamide,30,0.00000040
cyanamide,25,0.00000029
cyanogen,160,10.73736963
cyanogen,155,8.27726365
cyanogen,150,6.28904408
cyanogen,145,4.71664413
cyanogen,140,3.49554947
cyanogen,135,2.56186360
cyanogen,130,1.85754372
cyanogen,125,1.33270755
cyanogen,120,0.94606958
cyanogen,115,0.66437685
cyanogen,110,0.46138877
cyanogen,105,0.31673642
cyanogen,100,0.21482910
cyanogen,95,0.14388397
cyanogen,90,0.09510313
cyanogen,85,0.06199551
cyanogen,80,0.03983010
cyanogen,75,0.02520196
cyanogen,70,0.01569271
cyanogen,65,0.00960846
cyanogen,60,0.00578009
cyanogen,55,0.00341314
cyanogen,50,0.00197654
cyanogen,45,0.00112139
cyanogen,40,0.00062266
cyanogen,35,0.00033800
cyanogen,30,0.00017915
cyanogen,25,0.00009261
cyanogenbromide,160,1.98990419
cyanogenbromide,155,1.46289659
cyanogenbromide,150,1.07064704
cyanogenbromide,145,0.77946321
cyanogenbromide,140,0.56405962
cyanogenbromide,135,0.40542353
cyanogenbromide,130,0.28922549
cyanogenbromide,125,0.20464911
cyanogenbromide,120,0.14353023
cyanogenbromide,115,0.09971516
cyanogenbromide,110,0.06857949
cyanogenbromide,105,0.04666350
cyanogenbromide,100,0.03139402
cyanogenbromide,95,0.02087075
cyanogenbromide,90,0.01370195
cyanogenbromide,85,0.00887782
cyanogenbromide,80,0.00567319
cyanogenbromide,75,0.00357318
cyanogenbromide,70,0.00221659
cyanogenbromide,65,0.00135333
cyanogenbromide,60,0.00081260
cyanogenbromide,55,0.00047947
cyanogenbromide,50,0.00027777
cyanogenbromide,45,0.00015786
cyanogenbromide,40,0.00008792
cyanogenbromide,35,0.00004795
cyanogenbromide,30,0.00002557
cyanogenbromide,25,0.00001332
cyanogenchloride,160,11.22987864
cyanogenchloride,155,8.80172982
cyanogenchloride,150,6.79254690
cyanogenchloride,145,5.16912700
cyanogenchloride,140,3.88411284
cyanogenchloride,135,2.88473009
cyanogenchloride,130,2.11920038
cyanogenchloride,125,1.54057925
cyanogenchloride,120,1.10848027
cyanogenchloride,115,0.78941571
cyanogenchloride,110,0.55635631
cyanogenchloride,105,0.38793060
cyanogenchloride,100,0.26751832
cyanogenchloride,95,0.18237500
cyanogenchloride,90,0.12285098
cyanogenchloride,85,0.08172637
cyanogenchloride,80,0.05366205
cyanogenchloride,75,0.03475594
cyanogenchloride,70,0.02219053
cyanogenchloride,65,0.01395688
cyanogenchloride,60,0.00864133
cyanogenchloride,55,0.00526281
cyanogenchloride,50,0.00315034
cyanogenchloride,45,0.00185199
cyanogenchloride,40,0.00106827
cyanogenchloride,35,0.00060406
cyanogenchloride,30,0.00033452
cyanogenchloride,25,0.00018124
cyclobutanone,160,16.03667517
cyclobutanone,155,13.61222333
cyclobutanone,150,11.42002627
cyclobutanone,145,9.46759664
cyclobutanone,140,7.75563116
cyclobutanone,135,6.27801967
cyclobutanone,130,5.02253185
cyclobutanone,125,3.97205032
cyclobutanone,120,3.10610200
cyclobutanone,115,2.40238961
cyclobutanone,110,1.83825060
cyclobutanone,105,1.39182750
cyclobutanone,100,1.04289876
cyclobutanone,95,0.77339081
cyclobutanone,90,0.56760403
cyclobutanone,85,0.41222717
cyclobutanone,80,0.29620638
cyclobutanone,75,0.21052790
cyclobutanone,70,0.14796003
cyclobutanone,65,0.10278596
cyclobutanone,60,0.07054857
cyclobutanone,55,0.04781837
cyclobutanone,50,0.03199031
cyclobutanone,45,0.02111072
cyclobutanone,40,0.01373318
cyclobutanone,35,0.00880086
cyclobutanone,30,0.00555194
cyclobutanone,25,0.00344501
cyclodecanone,160,3.13021656
cyclodecanone,155,2.51308820
cyclodecanone,150,2.00537617
cyclodecanone,145,1.59040156
cyclodecanone,140,1.25341559
cyclodecanone,135,0.98152844
cyclodecanone,130,0.76359046
cyclodecanone,125,0.59004806
cyclodecanone,120,0.45278571
cyclodecanone,115,0.34496563
cyclodecanone,110,0.26087147
cyclodecanone,105,0.19576076
cyclodecanone,100,0.14572850
cyclodecanone,95,0.10758347
cyclodecanone,90,0.07873758
cyclodecanone,85,0.05710811
cyclodecanone,80,0.04103240
cyclodecanone,75,0.02919399
cyclodecanone,70,0.02055942
cyclodecanone,65,0.01432457
cyclodecanone,60,0.00986953
cyclodecanone,55,0.00672099
cyclodecanone,50,0.00452123
cyclodecanone,45,0.00300273
cyclodecanone,40,0.00196765
cyclodecanone,35,0.00127136
cyclodecanone,30,0.00080943
cyclodecanone,25,0.00050741
cyclododecane,160,0.23834158
cyclododecane,155,0.17933626
cyclododecane,150,0.13397144
cyclododecane,145,0.09932019
cyclododecane,140,0.07303813
cyclododecane,135,0.05325405
cyclododecane,130,0.03848111
cyclododecane,125,0.02754428
cyclododecane,120,0.01952068
cyclododecane,115,0.01369059
cyclododecane,110,0.00949708
cyclododecane,105,0.00651276
cyclododecane,100,0.00441269
cyclododecane,95,0.00295224
cyclododecane,90,0.00194913
cyclododecane,85,0.00126909
cyclododecane,80,0.00081435
cyclododecane,75,0.00051461
cyclododecane,70,0.00032002
cyclododecane,65,0.00019568
cyclododecane,60,0.00011755
cyclododecane,55,0.00006932
cyclododecane,50,0.00004008
cyclododecane,45,0.00002271
cyclododecane,40,0.00001259
cyclododecane,35,0.00000682
cyclododecane,30,0.00000361
cyclododecane,25,0.00000186
cycloheptane,160,0.50161807
cycloheptane,155,0.37511930
cycloheptane,150,0.27862274
cycloheptane,145,0.20543617
cycloheptane,140,0.15028661
cycloheptane,135,0.10902366
cycloheptane,130,0.07838882
cycloheptane,125,0.05583363
cycloheptane,120,0.03937486
cycloheptane,115,0.02747847
cycloheptane,110,0.01896616
cycloheptane,105,0.01294003
cycloheptane,100,0.00872182
cycloheptane,95,0.00580406
cycloheptane,90,0.00381096
cycloheptane,85,0.00246733
cycloheptane,80,0.00157401
cycloheptane,75,0.00098868
cycloheptane,70,0.00061100
cycloheptane,65,0.00037120
cycloheptane,60,0.00022151
cycloheptane,55,0.00012971
cycloheptane,50,0.00007447
cycloheptane,45,0.00004187
cycloheptane,40,0.00002303
cycloheptane,35,0.00001238
cycloheptane,30,0.00000650
cycloheptane,25,0.00000332
cycloheptanone,160,7.85578324
cycloheptanone,155,6.49944911
cycloheptanone,150,5.33239745
cycloheptanone,145,4.33881820
cycloheptanone,140,3.50162229
cycloheptanone,135,2.80323092
cycloheptanone,130,2.22626073
cycloheptanone,125,1.75405832
cycloheptanone,120,1.37110915
cycloheptanone,115,1.06329206
cycloheptanone,110,0.81801342
cycloheptanone,105,0.62424073
cycloheptanone,100,0.47246079
cycloheptanone,95,0.35458589
cycloheptanone,90,0.26382851
cycloheptanone,85,0.19455931
cycloheptanone,80,0.14216123
cycloheptanone,75,0.10288735
cycloheptanone,70,0.07372781
cycloheptanone,65,0.05228903
cycloheptanone,60,0.03668643
cycloheptanone,55,0.02545107
cycloheptanone,50,0.01744962
cycloheptanone,45,0.01181688
cycloheptanone,40,0.00789945
cycloheptanone,35,0.00520943
cycloheptanone,30,0.00338677
cycloheptanone,25,0.00216904
cyclohexane,160,0.72479685
cyclohexane,155,0.54113588
cyclohexane,150,0.40142859
cyclohexane,145,0.29570375
cyclohexane,140,0.21617128
cyclohexane,135,0.15674241
cyclohexane,130,0.11266322
cyclohexane,125,0.08023190
cyclohexane,120,0.05657744
cyclohexane,115,0.03948488
cyclohexane,110,0.02725620
cyclohexane,105,0.01859929
cyclohexane,100,0.01253910
cyclohexane,95,0.00834657
cyclohexane,90,0.00548206
cyclohexane,85,0.00355045
cyclohexane,80,0.00226580
cyclohexane,75,0.00142378
cyclohexane,70,0.00088025
cyclohexane,65,0.00053501
cyclohexane,60,0.00031940
cyclohexane,55,0.00018713
cyclohexane,50,0.00010748
cyclohexane,45,0.00006047
cyclohexane,40,0.00003328
cyclohexane,35,0.00001790
cyclohexane,30,0.00000940
cyclohexane,25,0.00000481
cyclohexanol,160,8.59136018
cyclohexanol,155,7.11565528
cyclohexanol,150,5.84531768
cyclohexanol,145,4.76351889
cyclohexanol,140,3.85178777
cyclohexanol,135,3.09097865
cyclohexanol,130,2.46210051
cyclohexanol,125,1.94695359
cyclohexanol,120,1.52860442
cyclohexanol,115,1.19167437
cyclohexanol,110,0.92248478
cyclohexanol,105,0.70908580
cyclohexanol,100,0.54120043
cyclohexanol,95,0.41011205
cyclohexanol,90,0.30851853
cyclohexanol,85,0.23037135
cyclohexanol,80,0.17071182
cyclohexanol,75,0.12551391
cyclohexanol,70,0.09153870
cyclohexanol,65,0.06620338
cyclohexanol,60,0.04746598
cyclohexanol,55,0.03372581
cyclohexanol,50,0.02373870
cyclohexanol,45,0.01654585
cyclohexanol,40,0.01141475
cyclohexanol,35,0.00779079
cyclohexanol,30,0.00525788
cyclohexanol,25,0.00350681
cyclohexanone,160,10.48056910
cyclohexanone,155,8.77853653
cyclohexanone,150,7.28397427
cyclohexanone,145,5.98735516
cyclohexanone,140,4.87591618
cyclohexanone,135,3.93440980
cyclohexanone,130,3.14601792
cyclohexanone,125,2.49319311
cyclohexanone,120,1.95844503
cyclohexanone,115,1.52497619
cyclohexanone,110,1.17714168
cyclohexanone,105,0.90075513
cyclohexanone,100,0.68324096
cyclohexanone,95,0.51367067
cyclohexanone,90,0.38271170
cyclohexanone,85,0.28251753
cyclohexanone,80,0.20658330
cyclohexanone,75,0.14958582
cyclohexanone,70,0.10722122
cyclohexanone,65,0.07604963
cyclohexanone,60,0.05335216
cyclohexanone,55,0.03700327
cyclohexanone,50,0.02535933
cyclohexanone,45,0.01716342
cyclohexanone,40,0.01146511
cyclohexanone,35,0.00755409
cyclohexanone,30,0.00490589
cyclohexanone,25,0.00313809
cyclohexene,160,2.76870837
cyclohexene,155,2.11981896
cyclohexene,150,1.61348259
cyclohexene,145,1.22042947
cyclohexene,140,0.91699262
cyclohexene,135,0.68412297
cyclohexene,130,0.50654800
cyclohexene,125,0.37206717
cyclohexene,120,0.27097395
cyclohexene,115,0.19558030
cyclohexene,110,0.13982811
cyclohexene,105,0.09897150
cyclohexene,100,0.06931702
cyclohexene,95,0.04801133
cyclohexene,90,0.03286800
cyclohexene,85,0.02222647
cyclohexene,80,0.01483772
cyclohexene,75,0.00977197
cyclohexene,70,0.00634487
cyclohexene,65,0.00405865
cyclohexene,60,0.00255585
cyclohexene,55,0.00158323
cyclohexene,50,0.00096395
cyclohexene,45,0.00057634
cyclohexene,40,0.00033809
cyclohexene,35,0.00019439
cyclohexene,30,0.00010944
cyclohexene,25,0.00006027
cyclohexylbenzene,160,1.42299579
cyclohexylbenzene,155,1.10715103
cyclohexylbenzene,150,0.85613493
cyclohexylbenzene,145,0.65775388
cyclohexylbenzene,140,0.50190051
cyclohexylbenzene,135,0.38022928
cyclohexylbenzene,130,0.28587854
cyclohexylbenzene,125,0.21323264
cyclohexylbenzene,120,0.15771877
cyclohexylbenzene,115,0.11563388
cyclohexylbenzene,110,0.08399743
cyclohexylbenzene,105,0.06042616
cyclohexylbenzene,100,0.04302814
cyclohexylbenzene,95,0.03031306
cyclohexylbenzene,90,0.02111677
cyclohexylbenzene,85,0.01453805
cyclohexylbenzene,80,0.00988584
cyclohexylbenzene,75,0.00663569
cyclohexylbenzene,70,0.00439386
cyclohexylbenzene,65,0.00286815
cyclohexylbenzene,60,0.00184435
cyclohexylbenzene,55,0.00116747
cyclohexylbenzene,50,0.00072689
cyclohexylbenzene,45,0.00044479
cyclohexylbenzene,40,0.00026724
cyclohexylbenzene,35,0.00015752
cyclohexylbenzene,30,0.00009099
cyclohexylbenzene,25,0.00005146
cyclohexylamine,160,10.35854207
cyclohexylamine,155,8.76833413
cyclohexylamine,150,7.36704492
cyclohexylamine,145,6.14399994
cyclohexylamine,140,5.08657237
cyclohexylamine,135,4.18081233
cyclohexylamine,130,3.41198023
cyclohexylamine,125,2.76512722
cyclohexylamine,120,2.22553930
cyclohexylamine,115,1.77913731
cyclohexylamine,110,1.41276724
cyclohexylamine,105,1.11439771
cyclohexylamine,100,0.87322236
cyclohexylamine,95,0.67969778
cyclohexylamine,90,0.52551817
cyclohexylamine,85,0.40355009
cyclohexylamine,80,0.30773985
cyclohexylamine,75,0.23300582
cyclohexylamine,70,0.17512483
cyclohexylamine,65,0.13061963
cyclohexylamine,60,0.09665208
cyclohexylamine,55,0.07092483
cyclohexylamine,50,0.05159310
cyclohexylamine,45,0.03718709
cyclohexylamine,40,0.02654484
cyclohexylamine,35,0.01875485
cyclohexylamine,30,0.01310778
cyclohexylamine,25,0.00905608
chlorocyclohexane,160,2.81991450
chlorocyclohexane,155,2.19696335
chlorocyclohexane,150,1.70045451
chlorocyclohexane,145,1.30730981
chlorocyclohexane,140,0.99805718
chlorocyclohexane,135,0.75642751
chlorocyclohexane,130,0.56894475
chlorocyclohexane,125,0.42452773
chlorocyclohexane,120,0.31412726
chlorocyclohexane,115,0.23040312
chlorocyclohexane,110,0.16744169
chlorocyclohexane,105,0.12051211
chlorocyclohexane,100,0.08585764
chlorocyclohexane,95,0.06051840
chlorocyclohexane,90,0.04218172
chlorocyclohexane,85,0.02905673
chlorocyclohexane,80,0.01976967
chlorocyclohexane,75,0.01327746
chlorocyclohexane,70,0.00879654
chlorocyclohexane,65,0.00574505
chlorocyclohexane,60,0.00369614
chlorocyclohexane,55,0.00234071
chlorocyclohexane,50,0.00145795
chlorocyclohexane,45,0.00089242
chlorocyclohexane,40,0.00053634
chlorocyclohexane,35,0.00031618
chlorocyclohexane,30,0.00018266
chlorocyclohexane,25,0.00010329
cyclooctanone,160,5.75583940
cyclooctanone,155,4.70543181
cyclooctanone,150,3.81832428
cyclooctanone,145,3.07584517
cyclooctanone,140,2.45980438
cyclooctanone,135,1.95296605
cyclooctanone,130,1.53938157
cyclooctanone,125,1.20459117
cyclooctanone,120,0.93571509
cyclooctanone,115,0.72145842
cyclooctanone,110,0.55205244
cyclooctanone,105,0.41915377
cyclooctanone,100,0.31571733
cyclooctanone,95,0.23585725
cyclooctanone,90,0.17470518
cyclooctanone,85,0.12827279
cyclooctanone,80,0.09332299
cyclooctanone,75,0.06725244
cyclooctanone,70,0.04798654
cyclooctanone,65,0.03388723
cyclooctanone,60,0.02367322
cyclooctanone,55,0.01635192
cyclooctanone,50,0.01116196
cyclooctanone,45,0.00752536
cyclooctanone,40,0.00500805
cyclooctanone,35,0.00328764
cyclooctanone,30,0.00212754
cyclooctanone,25,0.00135622
cyclopentadiene,160,12.62916472
cyclopentadiene,155,10.31356593
cyclopentadiene,150,8.31265223
cyclopentadiene,145,6.61573960
cyclopentadiene,140,5.20190241
cyclopentadiene,135,4.04317944
cyclopentadiene,130,3.10788522
cyclopentadiene,125,2.36346579
cyclopentadiene,120,1.77863357
cyclopentadiene,115,1.32475121
cyclopentadiene,110,0.97656194
cyclopentadiene,105,0.71243105
cyclopentadiene,100,0.51425842
cyclopentadiene,95,0.36719435
cyclopentadiene,90,0.25925926
cyclopentadiene,85,0.18093182
cyclopentadiene,80,0.12474719
cyclopentadiene,75,0.08492803
cyclopentadiene,70,0.05705887
cyclopentadiene,65,0.03780715
cyclopentadiene,60,0.02468938
cyclopentadiene,55,0.01587883
cyclopentadiene,50,0.01005000
cyclopentadiene,45,0.00625457
cyclopentadiene,40,0.00382418
cyclopentadiene,35,0.00229503
cyclopentadiene,30,0.00135059
cyclopentadiene,25,0.00077856
cyclopentane,160,1.17580328
cyclopentane,155,0.87772666
cyclopentane,150,0.65133560
cyclopentane,145,0.48015261
cyclopentane,140,0.35140455
cyclopentane,135,0.25516706
cyclopentane,130,0.18372790
cyclopentane,125,0.13110161
cyclopentane,120,0.09265629
cyclopentane,115,0.06482268
cyclopentane,110,0.04486561
cyclopentane,105,0.03070289
cyclopentane,100,0.02076169
cyclopentane,95,0.01386419
cyclopentane,90,0.00913683
cyclopentane,85,0.00593849
cyclopentane,80,0.00380394
cyclopentane,75,0.00239966
cyclopentane,70,0.00148968
cyclopentane,65,0.00090930
cyclopentane,60,0.00054530
cyclopentane,55,0.00032097
cyclopentane,50,0.00018527
cyclopentane,45,0.00010477
cyclopentane,40,0.00005797
cyclopentane,35,0.00003136
cyclopentane,30,0.00001656
cyclopentane,25,0.00000853
cyclopentanone,160,13.43175366
cyclopentanone,155,11.37381197
cyclopentanone,150,9.53215702
cyclopentanone,145,7.90573598
cyclopentanone,140,6.48862430
cyclopentanone,135,5.27042884
cyclopentanone,130,4.23715502
cyclopentanone,125,3.37213860
cyclopentanone,120,2.65714306
cyclopentanone,115,2.07336070
cyclopentanone,110,1.60230650
cyclopentanone,105,1.22650664
cyclopentanone,100,0.92996636
cyclopentanone,95,0.69844428
cyclopentanone,90,0.51955406
cyclopentanone,85,0.38274049
cyclopentanone,80,0.27916858
cyclopentanone,75,0.20156053
cyclopentanone,70,0.14400763
cyclopentanone,65,0.10177658
cyclopentanone,60,0.07112331
cyclopentanone,55,0.04912203
cyclopentanone,50,0.03351344
cyclopentanone,45,0.02257345
cyclopentanone,40,0.01500208
cyclopentanone,35,0.00983100
cyclopentanone,30,0.00634795
cyclopentanone,25,0.00403585
cyclopentene,160,4.82575090
cyclopentene,155,3.71023126
cyclopentene,150,2.83340411
cyclopentene,145,2.14919272
cyclopentene,140,1.61892051
cyclopentene,135,1.21070961
cyclopentene,130,0.89860489
cyclopentene,125,0.66166858
cyclopentene,120,0.48313301
cyclopentene,115,0.34966052
cyclopentene,110,0.25070837
cyclopentene,105,0.17799701
cyclopentene,100,0.12506868
cyclopentene,95,0.08692365
cyclopentene,90,0.05972183
cyclopentene,85,0.04053931
cyclopentene,80,0.02717062
cyclopentene,75,0.01796896
cyclopentene,70,0.01171802
cyclopentene,65,0.00752987
cyclopentene,60,0.00476432
cyclopentene,55,0.00296592
cyclopentene,50,0.00181512
cyclopentene,45,0.00109110
cyclopentene,40,0.00064365
cyclopentene,35,0.00037225
cyclopentene,30,0.00021085
cyclopentene,25,0.00011685
cyclopentyl-methyl-ether,160,4.76461549
cyclopentyl-methyl-ether,155,3.80572597
cyclopentyl-methyl-ether,150,3.01971741
cyclopentyl-methyl-ether,145,2.38036102
cyclopentyl-methyl-ether,140,1.86409819
cyclopentyl-methyl-ether,135,1.45018211
cyclopentyl-methyl-ether,130,1.12063052
cyclopentyl-methyl-ether,125,0.86006180
cyclopentyl-methyl-ether,120,0.65546656
cyclopentyl-methyl-ether,115,0.49595071
cyclopentyl-methyl-ether,110,0.37247389
cyclopentyl-methyl-ether,105,0.27759672
cyclopentyl-methyl-ether,100,0.20524687
cyclopentyl-methyl-ether,95,0.15050687
cyclopentyl-methyl-ether,90,0.10942564
cyclopentyl-methyl-ether,85,0.07885369
cyclopentyl-methyl-ether,80,0.05630074
cyclopentyl-methyl-ether,75,0.03981402
cyclopentyl-methyl-ether,70,0.02787531
cyclopentyl-methyl-ether,65,0.01931470
cyclopentyl-methyl-ether,60,0.01323897
cyclopentyl-methyl-ether,55,0.00897266
cyclopentyl-methyl-ether,50,0.00601008
cyclopentyl-methyl-ether,45,0.00397660
cyclopentyl-methyl-ether,40,0.00259766
cyclopentyl-methyl-ether,35,0.00167434
cyclopentyl-methyl-ether,30,0.00106422
cyclopentyl-methyl-ether,25,0.00066660
cyclopropane,160,18.47515793
cyclopropane,155,14.98770055
cyclopropane,150,11.94509059
cyclopropane,145,9.36695603
cyclopropane,140,7.23875163
cyclopropane,135,5.52116726
cyclopropane,130,4.16125952
cyclopropane,125,3.10188516
cyclopropane,120,2.28809971
cyclopropane,115,1.67068083
cyclopropane,110,1.20755109
cyclopropane,105,0.86388874
cyclopropane,100,0.61155909
cyclopropane,95,0.42824244
cyclopropane,90,0.29649559
cyclopropane,85,0.20286262
cyclopropane,80,0.13708672
cyclopropane,75,0.09143919
cyclopropane,70,0.06016284
cyclopropane,65,0.03901947
cyclopropane,60,0.02492714
cyclopropane,55,0.01567347
cyclopropane,50,0.00969181
cyclopropane,45,0.00588868
cyclopropane,40,0.00351244
cyclopropane,35,0.00205477
cyclopropane,30,0.00117771
cyclopropane,25,0.00066064
1-cyclopropylethanone,160,12.31318356
1-cyclopropylethanone,155,10.33993014
1-cyclopropylethanone,150,8.59438056
1-cyclopropylethanone,145,7.07078499
1-cyclopropylethanone,140,5.75860219
1-cyclopropylethanone,135,4.64327448
1-cyclopropylethanone,130,3.70737878
1-cyclopropylethanone,125,2.93173735
1-cyclopropylethanone,120,2.29653753
1-cyclopropylethanone,115,1.78227742
1-cyclopropylethanone,110,1.37048296
1-cyclopropylethanone,105,1.04421455
1-cyclopropylethanone,100,0.78835140
1-cyclopropylethanone,95,0.58970434
1-cyclopropylethanone,90,0.43699625
1-cyclopropylethanone,85,0.32075205
1-cyclopropylethanone,80,0.23313356
1-cyclopropylethanone,75,0.16774757
1-cyclopropylethanone,70,0.11944680
1-cyclopropylethanone,65,0.08413750
1-cyclopropylethanone,60,0.05860189
1-cyclopropylethanone,55,0.04033958
1-cyclopropylethanone,50,0.02742968
1-cyclopropylethanone,45,0.01841334
1-cyclopropylethanone,40,0.01219553
1-cyclopropylethanone,35,0.00796414
1-cyclopropylethanone,30,0.00512438
1-cyclopropylethanone,25,0.00324624
cyclopropanecarbonitrile,160,7.76423613
cyclopropanecarbonitrile,155,6.17469915
cyclopropanecarbonitrile,150,4.86651150
cyclopropanecarbonitrile,145,3.80252312
cyclopropanecarbonitrile,140,2.94645274
cyclopropanecarbonitrile,135,2.26452998
cyclopropanecarbonitrile,130,1.72641395
cyclopropanecarbonitrile,125,1.30557416
cyclopropanecarbonitrile,120,0.97930504
cyclopropanecarbonitrile,115,0.72851249
cyclopropanecarbonitrile,110,0.53737529
cyclopropanecarbonitrile,105,0.39295092
cyclopropanecarbonitrile,100,0.28477307
cyclopropanecarbonitrile,95,0.20446704
cyclopropanecarbonitrile,90,0.14539867
cyclopropanecarbonitrile,85,0.10236361
cyclopropanecarbonitrile,80,0.07131831
cyclopropanecarbonitrile,75,0.04915148
cyclopropanecarbonitrile,70,0.03349268
cyclopropanecarbonitrile,65,0.02255413
cyclopropanecarbonitrile,60,0.01500161
cyclopropanecarbonitrile,55,0.00985021
cyclopropanecarbonitrile,50,0.00638109
cyclopropanecarbonitrile,45,0.00407586
cyclopropanecarbonitrile,40,0.00256529
cyclopropanecarbonitrile,35,0.00158982
cyclopropanecarbonitrile,30,0.00096949
cyclopropanecarbonitrile,25,0.00058128
ddt,160,1.09811257
ddt,155,0.87588993
ddt,150,0.69483985
ddt,145,0.54809154
ddt,140,0.42978402
ddt,135,0.33493970
ddt,130,0.25935077
ddt,125,0.19947701
ddt,120,0.15235506
ddt,115,0.11551760
ddt,110,0.08692188
ddt,105,0.06488672
ddt,100,0.04803719
ddt,95,0.03525629
ddt,90,0.02564294
ddt,85,0.01847557
ddt,80,0.01318091
ddt,75,0.00930724
ddt,70,0.00650166
ddt,65,0.00449104
ddt,60,0.00306598
ddt,55,0.00206758
ddt,50,0.00137652
ddt,45,0.00090423
ddt,40,0.00058571
ddt,35,0.00037387
ddt,30,0.00023501
ddt,25,0.00014537
decamethylcyclopentasiloxane,160,0.35508040
decamethylcyclopentasiloxane,155,0.27632618
decamethylcyclopentasiloxane,150,0.21374545
decamethylcyclopentasiloxane,145,0.16428535
decamethylcyclopentasiloxane,140,0.12542222
decamethylcyclopentasiloxane,135,0.09507544
decamethylcyclopentasiloxane,130,0.07153556
decamethylcyclopentasiloxane,125,0.05340397
decamethylcyclopentasiloxane,120,0.03954178
decamethylcyclopentasiloxane,115,0.02902675
decamethylcyclopentasiloxane,110,0.02111652
decamethylcyclopentasiloxane,105,0.01521751
decamethylcyclopentasiloxane,100,0.01085850
decamethylcyclopentasiloxane,95,0.00766834
decamethylcyclopentasiloxane,90,0.00535710
decamethylcyclopentasiloxane,85,0.00370029
decamethylcyclopentasiloxane,80,0.00252575
decamethylcyclopentasiloxane,75,0.00170277
decamethylcyclopentasiloxane,70,0.00113313
decamethylcyclopentasiloxane,65,0.00074387
decamethylcyclopentasiloxane,60,0.00048143
decamethylcyclopentasiloxane,55,0.00030696
decamethylcyclopentasiloxane,50,0.00019269
decamethylcyclopentasiloxane,45,0.00011900
decamethylcyclopentasiloxane,40,0.00007224
decamethylcyclopentasiloxane,35,0.00004307
decamethylcyclopentasiloxane,30,0.00002520
decamethylcyclopentasiloxane,25,0.00001446
n-decane,160,0.22886805
n-decane,155,0.17188947
n-decane,150,0.12814829
n-decane,145,0.09479585
n-decane,140,0.06954901
n-decane,135,0.05058565
n-decane,130,0.03645891
n-decane,125,0.02602676
n-decane,120,0.01839375
n-decane,115,0.01286294
n-decane,110,0.00889626
n-decane,105,0.00608190
n-decane,100,0.00410765
n-decane,95,0.00273914
n-decane,90,0.00180233
n-decane,85,0.00116943
n-decane,80,0.00074771
n-decane,75,0.00047076
n-decane,70,0.00029164
n-decane,65,0.00017763
n-decane,60,0.00010628
n-decane,55,0.00006241
n-decane,50,0.00003594
n-decane,45,0.00002027
n-decane,40,0.00001119
n-decane,35,0.00000603
n-decane,30,0.00000318
n-decane,25,0.00000163
bis(4-methylphenyl)sulfoxide,160,1.79269952
bis(4-methylphenyl)sulfoxide,155,1.43373242
bis(4-methylphenyl)sulfoxide,150,1.14025522
bis(4-methylphenyl)sulfoxide,145,0.90165047
bis(4-methylphenyl)sulfoxide,140,0.70875842
bis(4-methylphenyl)sulfoxide,135,0.55372827
bis(4-methylphenyl)sulfoxide,130,0.42987437
bis(4-methylphenyl)sulfoxide,125,0.33153867
bis(4-methylphenyl)sulfoxide,120,0.25396248
bis(4-methylphenyl)sulfoxide,115,0.19316839
bis(4-methylphenyl)sulfoxide,110,0.14585309
bis(4-methylphenyl)sulfoxide,105,0.10929076
bis(4-methylphenyl)sulfoxide,100,0.08124710
bis(4-methylphenyl)sulfoxide,95,0.05990320
bis(4-methylphenyl)sulfoxide,90,0.04378886
bis(4-methylphenyl)sulfoxide,85,0.03172449
bis(4-methylphenyl)sulfoxide,80,0.02277092
bis(4-methylphenyl)sulfoxide,75,0.01618640
bis(4-methylphenyl)sulfoxide,70,0.01138999
bis(4-methylphenyl)sulfoxide,65,0.00793066
bis(4-methylphenyl)sulfoxide,60,0.00546144
bis(4-methylphenyl)sulfoxide,55,0.00371795
bis(4-methylphenyl)sulfoxide,50,0.00250077
bis(4-methylphenyl)sulfoxide,45,0.00166104
bis(4-methylphenyl)sulfoxide,40,0.00108885
bis(4-methylphenyl)sulfoxide,35,0.00070400
bis(4-methylphenyl)sulfoxide,30,0.00044864
bis(4-methylphenyl)sulfoxide,25,0.00028162
dcip,160,2.76621504
dcip,155,2.19690580
dcip,150,1.73274782
dcip,145,1.35710314
dcip,140,1.05531422
dcip,135,0.81463632
dcip,130,0.62411572
dcip,125,0.47443634
dcip,120,0.35775087
dcip,115,0.26750939
dcip,110,0.19829250
dcip,105,0.14565447
dcip,100,0.10597937
dcip,95,0.07635138
dcip,90,0.05443987
dcip,85,0.03839870
dcip,80,0.02677923
dcip,75,0.01845578
dcip,70,0.01256253
dcip,65,0.00844068
dcip,60,0.00559453
dcip,55,0.00365554
dcip,50,0.00235312
dcip,45,0.00149116
dcip,40,0.00092952
dcip,35,0.00056951
dcip,30,0.00034267
dcip,25,0.00020230
di-(2-chloroethoxy)methane,160,1.82732526
di-(2-chloroethoxy)methane,155,1.42661471
di-(2-chloroethoxy)methane,150,1.10650091
di-(2-chloroethoxy)methane,145,0.85240987
di-(2-chloroethoxy)methane,140,0.65204973
di-(2-chloroethoxy)methane,135,0.49513157
di-(2-chloroethoxy)methane,130,0.37310362
di-(2-chloroethoxy)methane,125,0.27890643
di-(2-chloroethoxy)methane,120,0.20675189
di-(2-chloroethoxy)methane,115,0.15192693
di-(2-chloroethoxy)methane,110,0.11062093
di-(2-chloroethoxy)methane,105,0.07977572
di-(2-chloroethoxy)methane,100,0.05695592
di-(2-chloroethoxy)methane,95,0.04023791
di-(2-chloroethoxy)methane,90,0.02811537
di-(2-chloroethoxy)methane,85,0.01941940
di-(2-chloroethoxy)methane,80,0.01325172
di-(2-chloroethoxy)methane,75,0.00892896
di-(2-chloroethoxy)methane,70,0.00593686
di-(2-chloroethoxy)methane,65,0.00389278
di-(2-chloroethoxy)methane,60,0.00251546
di-(2-chloroethoxy)methane,55,0.00160073
di-(2-chloroethoxy)methane,50,0.00100239
di-(2-chloroethoxy)methane,45,0.00061720
di-(2-chloroethoxy)methane,40,0.00037336
di-(2-chloroethoxy)methane,35,0.00022169
di-(2-chloroethoxy)methane,30,0.00012909
di-(2-chloroethoxy)methane,25,0.00007364
bis(2-chloroethyl)ether,160,2.61698548
bis(2-chloroethyl)ether,155,2.04268300
bis(2-chloroethyl)ether,150,1.58318400
bis(2-chloroethyl)ether,145,1.21823789
bis(2-chloroethyl)ether,140,0.93050647
bis(2-chloroethyl)ether,135,0.70532542
bis(2-chloroethyl)ether,130,0.53042184
bis(2-chloroethyl)ether,125,0.39562021
bis(2-chloroethyl)ether,120,0.29255696
bis(2-chloroethyl)ether,115,0.21441453
bis(2-chloroethyl)ether,110,0.15568071
bis(2-chloroethyl)ether,105,0.11193491
bis(2-chloroethyl)ether,100,0.07966152
bis(2-chloroethyl)ether,95,0.05608858
bis(2-chloroethyl)ether,90,0.03905013
bis(2-chloroethyl)ether,85,0.02686950
bis(2-chloroethyl)ether,80,0.01826169
bis(2-chloroethyl)ether,75,0.01225204
bis(2-chloroethyl)ether,70,0.00810943
bis(2-chloroethyl)ether,65,0.00529177
bis(2-chloroethyl)ether,60,0.00340203
bis(2-chloroethyl)ether,55,0.00215321
bis(2-chloroethyl)ether,50,0.00134063
bis(2-chloroethyl)ether,45,0.00082045
bis(2-chloroethyl)ether,40,0.00049311
bis(2-chloroethyl)ether,35,0.00029080
bis(2-chloroethyl)ether,30,0.00016811
bis(2-chloroethyl)ether,25,0.00009517
diglyme,160,6.42491499
diglyme,155,5.32004680
diglyme,150,4.37357855
diglyme,145,3.56991614
diglyme,140,2.89336041
diglyme,135,2.32856666
diglyme,130,1.86091696
diglyme,125,1.47678439
diglyme,120,1.16371598
diglyme,115,0.91052471
diglyme,110,0.70731464
diglyme,105,0.54545261
diglyme,100,0.41750149
diglyme,95,0.31712807
diglyme,90,0.23899672
diglyme,85,0.17865742
diglyme,80,0.13243398
diglyme,75,0.09731749
diglyme,70,0.07086727
diglyme,65,0.05112112
diglyme,60,0.03651551
diglyme,55,0.02581579
diglyme,50,0.01805586
diglyme,45,0.01248689
diglyme,40,0.00853409
diglyme,35,0.00576067
diglyme,30,0.00383823
diglyme,25,0.00252256
2-ethyl-n-(2-ethylhexyl)-1-hexanamine,160,0.27841436
2-ethyl-n-(2-ethylhexyl)-1-hexanamine,155,0.21424001
2-ethyl-n-(2-ethylhexyl)-1-hexanamine,150,0.16382994
2-ethyl-n-(2-ethylhexyl)-1-hexanamine,145,0.12446066
2-ethyl-n-(2-ethylhexyl)-1-hexanamine,140,0.09390311
2-ethyl-n-(2-ethylhexyl)-1-hexanamine,135,0.07033955
2-ethyl-n-(2-ethylhexyl)-1-hexanamine,130,0.05229416
2-ethyl-n-(2-ethylhexyl)-1-hexanamine,125,0.03857463
2-ethyl-n-(2-ethylhexyl)-1-hexanamine,120,0.02822311
2-ethyl-n-(2-ethylhexyl)-1-hexanamine,115,0.02047482
2-ethyl-n-(2-ethylhexyl)-1-hexanamine,110,0.01472325
2-ethyl-n-(2-ethylhexyl)-1-hexanamine,105,0.01049082
2-ethyl-n-(2-ethylhexyl)-1-hexanamine,100,0.00740439
2-ethyl-n-(2-ethylhexyl)-1-hexanamine,95,0.00517479
2-ethyl-n-(2-ethylhexyl)-1-hexanamine,90,0.00357987
2-ethyl-n-(2-ethylhexyl)-1-hexanamine,85,0.00245054
2-ethyl-n-(2-ethylhexyl)-1-hexanamine,80,0.00165927
2-ethyl-n-(2-ethylhexyl)-1-hexanamine,75,0.00111092
2-ethyl-n-(2-ethylhexyl)-1-hexanamine,70,0.00073518
2-ethyl-n-(2-ethylhexyl)-1-hexanamine,65,0.00048073
2-ethyl-n-(2-ethylhexyl)-1-hexanamine,60,0.00031049
2-ethyl-n-(2-ethylhexyl)-1-hexanamine,55,0.00019800
2-ethyl-n-(2-ethylhexyl)-1-hexanamine,50,0.00012463
2-ethyl-n-(2-ethylhexyl)-1-hexanamine,45,0.00007740
2-ethyl-n-(2-ethylhexyl)-1-hexanamine,40,0.00004741
2-ethyl-n-(2-ethylhexyl)-1-hexanamine,35,0.00002863
2-ethyl-n-(2-ethylhexyl)-1-hexanamine,30,0.00001705
2-ethyl-n-(2-ethylhexyl)-1-hexanamine,25,0.00001000
"2,6-dimethyl-4-heptanol",160,3.48469474
"2,6-dimethyl-4-heptanol",155,2.85612610
"2,6-dimethyl-4-heptanol",150,2.33046598
"2,6-dimethyl-4-heptanol",145,1.89298217
"2,6-dimethyl-4-heptanol",140,1.53061944
"2,6-dimethyl-4-heptanol",135,1.23190343
"2,6-dimethyl-4-heptanol",130,0.98682457
"2,6-dimethyl-4-heptanol",125,0.78671144
"2,6-dimethyl-4-heptanol",120,0.62410075
"2,6-dimethyl-4-heptanol",115,0.49260865
"2,6-dimethyl-4-heptanol",110,0.38680700
"2,6-dimethyl-4-heptanol",105,0.30210689
"2,6-dimethyl-4-heptanol",100,0.23465058
"2,6-dimethyl-4-heptanol",95,0.18121298
"2,6-dimethyl-4-heptanol",90,0.13911256
"2,6-dimethyl-4-heptanol",85,0.10613186
"2,6-dimethyl-4-heptanol",80,0.08044714
"2,6-dimethyl-4-heptanol",75,0.06056662
"2,6-dimethyl-4-heptanol",70,0.04527683
"2,6-dimethyl-4-heptanol",65,0.03359615
"2,6-dimethyl-4-heptanol",60,0.02473513
"2,6-dimethyl-4-heptanol",55,0.01806256
"2,6-dimethyl-4-heptanol",50,0.01307685
"2,6-dimethyl-4-heptanol",45,0.00938196
"2,6-dimethyl-4-heptanol",40,0.00666725
"2,6-dimethyl-4-heptanol",35,0.00469083
"2,6-dimethyl-4-heptanol",30,0.00326570
"2,6-dimethyl-4-heptanol",25,0.00224848
"2,6-dimethyl-4-heptanone",160,2.39579029
"2,6-dimethyl-4-heptanone",155,1.90308398
"2,6-dimethyl-4-heptanone",150,1.50298025
"2,6-dimethyl-4-heptanone",145,1.17994163
"2,6-dimethyl-4-heptanone",140,0.92065117
"2,6-dimethyl-4-heptanone",135,0.71377808
"2,6-dimethyl-4-heptanone",130,0.54974665
"2,6-dimethyl-4-heptanone",125,0.42051670
"2,6-dimethyl-4-heptanone",120,0.31937998
"2,6-dimethyl-4-heptanone",115,0.24077498
"2,6-dimethyl-4-heptanone",110,0.18012019
"2,6-dimethyl-4-heptanone",105,0.13366628
"2,6-dimethyl-4-heptanone",100,0.09836565
"2,6-dimethyl-4-heptanone",95,0.07175852
"2,6-dimethyl-4-heptanone",90,0.05187406
"2,6-dimethyl-4-heptanone",85,0.03714530
"2,6-dimethyl-4-heptanone",80,0.02633638
"2,6-dimethyl-4-heptanone",75,0.01848073
"2,6-dimethyl-4-heptanone",70,0.01282909
"2,6-dimethyl-4-heptanone",65,0.00880599
"2,6-dimethyl-4-heptanone",60,0.00597375
"2,6-dimethyl-4-heptanone",55,0.00400288
"2,6-dimethyl-4-heptanone",50,0.00264795
"2,6-dimethyl-4-heptanone",45,0.00172823
"2,6-dimethyl-4-heptanone",40,0.00111218
"2,6-dimethyl-4-heptanone",35,0.00070525
"2,6-dimethyl-4-heptanone",30,0.00044035
"2,6-dimethyl-4-heptanone",25,0.00027053
diisodecyl-phthalate,160,0.48320031
diisodecyl-phthalate,155,0.38046315
diisodecyl-phthalate,150,0.29782829
diisodecyl-phthalate,145,0.23171948
diisodecyl-phthalate,140,0.17913265
diisodecyl-phthalate,135,0.13755351
diisodecyl-phthalate,130,0.10488620
diisodecyl-phthalate,125,0.07939176
diisodecyl-phthalate,120,0.05963464
diisodecyl-phthalate,115,0.04443633
diisodecyl-phthalate,110,0.03283511
diisodecyl-phthalate,105,0.02405124
diisodecyl-phthalate,100,0.01745687
diisodecyl-phthalate,95,0.01255013
diisodecyl-phthalate,90,0.00893303
diisodecyl-phthalate,85,0.00629253
diisodecyl-phthalate,80,0.00438455
diisodecyl-phthalate,75,0.00302056
diisodecyl-phthalate,70,0.00205632
diisodecyl-phthalate,65,0.00138261
diisodecyl-phthalate,60,0.00091764
diisodecyl-phthalate,55,0.00060083
diisodecyl-phthalate,50,0.00038785
diisodecyl-phthalate,45,0.00024668
diisodecyl-phthalate,40,0.00015447
diisodecyl-phthalate,35,0.00009517
diisodecyl-phthalate,30,0.00005764
diisodecyl-phthalate,25,0.00003430
"1,2-benzenedicarboxylicaciddiisononylester",160,0.56260415
"1,2-benzenedicarboxylicaciddiisononylester",155,0.44371459
"1,2-benzenedicarboxylicaciddiisononylester",150,0.34792681
"1,2-benzenedicarboxylicaciddiisononylester",145,0.27116423
"1,2-benzenedicarboxylicaciddiisononylester",140,0.20999599
"1,2-benzenedicarboxylicaciddiisononylester",135,0.16154517
"1,2-benzenedicarboxylicaciddiisononylester",130,0.12340915
"1,2-benzenedicarboxylicaciddiisononylester",125,0.09359071
"1,2-benzenedicarboxylicaciddiisononylester",120,0.07043793
"1,2-benzenedicarboxylicaciddiisononylester",115,0.05259202
"1,2-benzenedicarboxylicaciddiisononylester",110,0.03894194
"1,2-benzenedicarboxylicaciddiisononylester",105,0.02858499
"1,2-benzenedicarboxylicaciddiisononylester",100,0.02079279
"1,2-benzenedicarboxylicaciddiisononylester",95,0.01498185
"1,2-benzenedicarboxylicaciddiisononylester",90,0.01068839
"1,2-benzenedicarboxylicaciddiisononylester",85,0.00754675
"1,2-benzenedicarboxylicaciddiisononylester",80,0.00527117
"1,2-benzenedicarboxylicaciddiisononylester",75,0.00364034
"1,2-benzenedicarboxylicaciddiisononylester",70,0.00248451
"1,2-benzenedicarboxylicaciddiisononylester",65,0.00167484
"1,2-benzenedicarboxylicaciddiisononylester",60,0.00111454
"1,2-benzenedicarboxylicaciddiisononylester",55,0.00073172
"1,2-benzenedicarboxylicaciddiisononylester",50,0.00047365
"1,2-benzenedicarboxylicaciddiisononylester",45,0.00030209
"1,2-benzenedicarboxylicaciddiisononylester",40,0.00018971
"1,2-benzenedicarboxylicaciddiisononylester",35,0.00011722
"1,2-benzenedicarboxylicaciddiisononylester",30,0.00007121
"1,2-benzenedicarboxylicaciddiisononylester",25,0.00004250
diisopropylsulfoxide,160,8.14798713
diisopropylsulfoxide,155,6.87775154
diisopropylsulfoxide,150,5.76486570
diisopropylsulfoxide,145,4.79824396
diisopropylsulfoxide,140,3.96586909
diisopropylsulfoxide,135,3.25516731
diisopropylsulfoxide,130,2.65342607
diisopropylsulfoxide,125,2.14811147
diisopropylsulfoxide,120,1.72717239
diisopropylsulfoxide,115,1.37926934
diisopropylsulfoxide,110,1.09394015
diisopropylsulfoxide,105,0.86169488
diisopropylsulfoxide,100,0.67406372
diisopropylsulfoxide,95,0.52359334
diisopropylsulfoxide,90,0.40380976
diisopropylsulfoxide,85,0.30915620
diisopropylsulfoxide,80,0.23491532
diisopropylsulfoxide,75,0.17712316
diisopropylsulfoxide,70,0.13248077
diisopropylsulfoxide,65,0.09826778
diisopropylsulfoxide,60,0.07226061
diisopropylsulfoxide,55,0.05265743
diisopropylsulfoxide,50,0.03801056
diisopropylsulfoxide,45,0.02716674
diisopropylsulfoxide,40,0.01921518
diisopropylsulfoxide,35,0.01344287
diisopropylsulfoxide,30,0.00929670
diisopropylsulfoxide,25,0.00635162
di-n-butylether,160,1.56196961
di-n-butylether,155,1.22631935
di-n-butylether,150,0.95767645
di-n-butylether,145,0.74371196
di-n-butylether,140,0.57417699
di-n-butylether,135,0.44057921
di-n-butylether,130,0.33590729
di-n-butylether,125,0.25439578
di-n-butylether,120,0.19132460
di-n-butylether,115,0.14284835
di-n-butylether,110,0.10585053
di-n-butylether,105,0.07781997
di-n-butylether,100,0.05674565
di-n-butylether,95,0.04102767
di-n-butylether,90,0.02940213
di-n-butylether,85,0.02087798
di-n-butylether,80,0.01468422
di-n-butylether,75,0.01022596
di-n-butylether,70,0.00704825
di-n-butylether,65,0.00480626
di-n-butylether,60,0.00324115
di-n-butylether,55,0.00216056
di-n-butylether,50,0.00142301
di-n-butylether,45,0.00092557
di-n-butylether,40,0.00059423
di-n-butylether,35,0.00037635
di-n-butylether,30,0.00023501
di-n-butylether,25,0.00014460
"1,1'-sulfinylbisbutane",160,5.42485976
"1,1'-sulfinylbisbutane",155,4.50774504
"1,1'-sulfinylbisbutane",150,3.72248568
"1,1'-sulfinylbisbutane",145,3.05508472
"1,1'-sulfinylbisbutane",140,2.49195388
"1,1'-sulfinylbisbutane",135,2.02017430
"1,1'-sulfinylbisbutane",130,1.62767297
"1,1'-sulfinylbisbutane",125,1.30336005
"1,1'-sulfinylbisbutane",120,1.03719535
"1,1'-sulfinylbisbutane",115,0.82021034
"1,1'-sulfinylbisbutane",110,0.64449140
"1,1'-sulfinylbisbutane",105,0.50313380
"1,1'-sulfinylbisbutane",100,0.39017543
"1,1'-sulfinylbisbutane",95,0.30051766
"1,1'-sulfinylbisbutane",90,0.22983966
"1,1'-sulfinylbisbutane",85,0.17451140
"1,1'-sulfinylbisbutane",80,0.13150813
"1,1'-sulfinylbisbutane",75,0.09832966
"1,1'-sulfinylbisbutane",70,0.07292548
"1,1'-sulfinylbisbutane",65,0.05362691
"1,1'-sulfinylbisbutane",60,0.03908648
"1,1'-sulfinylbisbutane",55,0.02822456
"1,1'-sulfinylbisbutane",50,0.02018300
"1,1'-sulfinylbisbutane",45,0.01428522
"1,1'-sulfinylbisbutane",40,0.01000226
"1,1'-sulfinylbisbutane",35,0.00692420
"1,1'-sulfinylbisbutane",30,0.00473621
"1,1'-sulfinylbisbutane",25,0.00319884
di-n-pentylether,160,0.87503618
di-n-pentylether,155,0.68276188
di-n-pentylether,150,0.52981092
di-n-pentylether,145,0.40874412
di-n-pentylether,140,0.31342395
di-n-pentylether,135,0.23879980
di-n-pentylether,130,0.18072882
di-n-pentylether,125,0.13582573
di-n-pentylether,120,0.10133651
di-n-pentylether,115,0.07503176
di-n-pentylether,110,0.05511669
di-n-pentylether,105,0.04015511
di-n-pentylether,100,0.02900518
di-n-pentylether,95,0.02076544
di-n-pentylether,90,0.01472947
di-n-pentylether,85,0.01034804
di-n-pentylether,80,0.00719772
di-n-pentylether,75,0.00495485
di-n-pentylether,70,0.00337438
di-n-pentylether,65,0.00227252
di-n-pentylether,60,0.00151281
di-n-pentylether,55,0.00099502
di-n-pentylether,50,0.00064631
di-n-pentylether,45,0.00041439
di-n-pentylether,40,0.00026213
di-n-pentylether,35,0.00016349
di-n-pentylether,30,0.00010049
di-n-pentylether,25,0.00006084
di-n-propylether,160,3.25741746
di-n-propylether,155,2.58096596
di-n-propylether,150,2.03334966
di-n-propylether,145,1.59262475
di-n-propylether,140,1.24000268
di-n-propylether,135,0.95954100
di-n-propylether,130,0.73781942
di-n-propylether,125,0.56362157
di-n-propylether,120,0.42763578
di-n-propylether,115,0.32218153
di-n-propylether,110,0.24096422
di-n-propylether,105,0.17885833
di-n-propylether,100,0.13171766
di-n-propylether,95,0.09621105
di-n-propylether,90,0.06968095
di-n-propylether,85,0.05002272
di-n-propylether,80,0.03558230
di-n-propylether,75,0.02507014
di-n-propylether,70,0.01748924
di-n-propylether,65,0.01207546
di-n-propylether,60,0.00824847
di-n-propylether,55,0.00557171
di-n-propylether,50,0.00372005
di-n-propylether,45,0.00245380
di-n-propylether,40,0.00159822
di-n-propylether,35,0.00102731
di-n-propylether,30,0.00065129
di-n-propylether,25,0.00040699
"1,1'-sulfinylbispropane",160,7.66255266
"1,1'-sulfinylbispropane",155,6.43328969
"1,1'-sulfinylbispropane",150,5.36329269
"1,1'-sulfinylbispropane",145,4.44002283
"1,1'-sulfinylbispropane",140,3.65017990
"1,1'-sulfinylbispropane",135,2.98017240
"1,1'-sulfinylbispropane",130,2.41649855
"1,1'-sulfinylbispropane",125,1.94609767
"1,1'-sulfinylbispropane",120,1.55662043
"1,1'-sulfinylbispropane",115,1.23662614
"1,1'-sulfinylbispropane",110,0.97570184
"1,1'-sulfinylbispropane",105,0.76452482
"1,1'-sulfinylbispropane",100,0.59486823
"1,1'-sulfinylbispropane",95,0.45956745
"1,1'-sulfinylbispropane",90,0.35245758
"1,1'-sulfinylbispropane",85,0.26829245
"1,1'-sulfinylbispropane",80,0.20265331
"1,1'-sulfinylbispropane",75,0.15185435
"1,1'-sulfinylbispropane",70,0.11284915
"1,1'-sulfinylbispropane",65,0.08314205
"1,1'-sulfinylbispropane",60,0.06070614
"1,1'-sulfinylbispropane",55,0.04390927
"1,1'-sulfinylbispropane",50,0.03144832
"1,1'-sulfinylbispropane",45,0.02229182
"1,1'-sulfinylbispropane",40,0.01563047
"1,1'-sulfinylbispropane",35,0.01083506
"1,1'-sulfinylbispropane",30,0.00742093
"1,1'-sulfinylbispropane",25,0.00501844
"2,2'-oxybis-butane",160,1.40540051
"2,2'-oxybis-butane",155,1.10040954
"2,2'-oxybis-butane",150,0.85712990
"2,2'-oxybis-butane",145,0.66397731
"2,2'-oxybis-butane",140,0.51138823
"2,2'-oxybis-butane",135,0.39148550
"2,2'-oxybis-butane",130,0.29779990
"2,2'-oxybis-butane",125,0.22503673
"2,2'-oxybis-butane",120,0.16887979
"2,2'-oxybis-butane",115,0.12582641
"2,2'-oxybis-butane",110,0.09304843
"2,2'-oxybis-butane",105,0.06827486
"2,2'-oxybis-butane",100,0.04969316
"2,2'-oxybis-butane",95,0.03586604
"2,2'-oxybis-butane",90,0.02566170
"2,2'-oxybis-butane",85,0.01819548
"2,2'-oxybis-butane",80,0.01278130
"2,2'-oxybis-butane",75,0.00889146
"2,2'-oxybis-butane",70,0.00612357
"2,2'-oxybis-butane",65,0.00417363
"2,2'-oxybis-butane",60,0.00281408
"2,2'-oxybis-butane",55,0.00187630
"2,2'-oxybis-butane",50,0.00123661
"2,2'-oxybis-butane",45,0.00080526
"2,2'-oxybis-butane",40,0.00051787
"2,2'-oxybis-butane",35,0.00032876
"2,2'-oxybis-butane",30,0.00020591
"2,2'-oxybis-butane",25,0.00012717
4-oh-4-me-2-pentanone,160,6.68690674
4-oh-4-me-2-pentanone,155,5.48440469
4-oh-4-me-2-pentanone,150,4.46272022
4-oh-4-me-2-pentanone,145,3.60321701
4-oh-4-me-2-pentanone,140,2.88702532
4-oh-4-me-2-pentanone,135,2.29571490
4-oh-4-me-2-pentanone,130,1.81182979
4-oh-4-me-2-pentanone,125,1.41924889
4-oh-4-me-2-pentanone,120,1.10340433
4-oh-4-me-2-pentanone,115,0.85137726
4-oh-4-me-2-pentanone,110,0.65189854
4-oh-4-me-2-pentanone,105,0.49528041
4-oh-4-me-2-pentanone,100,0.37330353
4-oh-4-me-2-pentanone,95,0.27907686
4-oh-4-me-2-pentanone,90,0.20688664
4-oh-4-me-2-pentanone,85,0.15204414
4-oh-4-me-2-pentanone,80,0.11073970
4-oh-4-me-2-pentanone,75,0.07990752
4-oh-4-me-2-pentanone,70,0.05710360
4-oh-4-me-2-pentanone,65,0.04039786
4-oh-4-me-2-pentanone,60,0.02828045
4-oh-4-me-2-pentanone,55,0.01958159
4-oh-4-me-2-pentanone,50,0.01340385
4-oh-4-me-2-pentanone,45,0.00906572
4-oh-4-me-2-pentanone,40,0.00605513
4-oh-4-me-2-pentanone,35,0.00399147
4-oh-4-me-2-pentanone,30,0.00259510
4-oh-4-me-2-pentanone,25,0.00166299
n-2-propenyl-2-propen-1-amine,160,7.30457747
n-2-propenyl-2-propen-1-amine,155,5.98031858
n-2-propenyl-2-propen-1-amine,150,4.85827635
n-2-propenyl-2-propen-1-amine,145,3.91699553
n-2-propenyl-2-propen-1-amine,140,3.13480810
n-2-propenyl-2-propen-1-amine,135,2.49067206
n-2-propenyl-2-propen-1-amine,130,1.96478698
n-2-propenyl-2-propen-1-amine,125,1.53899628
n-2-propenyl-2-propen-1-amine,120,1.19700769
n-2-propenyl-2-propen-1-amine,115,0.92446878
n-2-propenyl-2-propen-1-amine,110,0.70893749
n-2-propenyl-2-propen-1-amine,105,0.53977777
n-2-propenyl-2-propen-1-amine,100,0.40801117
n-2-propenyl-2-propen-1-amine,95,0.30614455
n-2-propenyl-2-propen-1-amine,90,0.22798984
n-2-propenyl-2-propen-1-amine,85,0.16848700
n-2-propenyl-2-propen-1-amine,80,0.12353718
n-2-propenyl-2-propen-1-amine,75,0.08985023
n-2-propenyl-2-propen-1-amine,70,0.06480851
n-2-propenyl-2-propen-1-amine,65,0.04634776
n-2-propenyl-2-propen-1-amine,60,0.03285433
n-2-propenyl-2-propen-1-amine,55,0.02307793
n-2-propenyl-2-propen-1-amine,50,0.01605848
n-2-propenyl-2-propen-1-amine,45,0.01106536
n-2-propenyl-2-propen-1-amine,40,0.00754774
n-2-propenyl-2-propen-1-amine,35,0.00509425
n-2-propenyl-2-propen-1-amine,30,0.00340063
n-2-propenyl-2-propen-1-amine,25,0.00224408
diallylether,160,7.01062573
diallylether,155,5.69126705
diallylether,150,4.58042716
diallylether,145,3.65534231
diallylether,140,2.89294834
diallylether,135,2.27086186
diallylether,130,1.76808871
diallylether,125,1.36547711
diallylether,120,1.04595627
diallylether,115,0.79460527
diallylether,110,0.59860140
diallylether,105,0.44708762
diallylether,100,0.33099273
diallylether,95,0.24282904
diallylether,90,0.17648550
diallylether,85,0.12702781
diallylether,80,0.09051306
diallylether,75,0.06382256
diallylether,70,0.04451463
diallylether,65,0.03069722
diallylether,60,0.02091956
diallylether,55,0.01408120
diallylether,50,0.00935672
diallylether,45,0.00613415
diallylether,40,0.00396521
diallylether,35,0.00252568
diallylether,30,0.00158414
diallylether,25,0.00097768
diazomethane,160,39.20390012
diazomethane,155,36.18229478
diazomethane,150,33.15040116
diazomethane,145,30.12074074
diazomethane,140,27.11387653
diazomethane,135,24.15200940
diazomethane,130,21.26192969
diazomethane,125,18.47304951
diazomethane,120,15.81783344
diazomethane,115,13.32980877
diazomethane,110,11.04124295
diazomethane,105,8.97987608
diazomethane,100,7.16574025
diazomethane,95,5.60852155
diazomethane,90,4.30587850
diazomethane,85,3.24410053
diazomethane,80,2.40019206
diazomethane,75,1.74530408
diazomethane,70,1.24830624
diazomethane,65,0.87881945
diazomethane,60,0.60930224
diazomethane,55,0.41615848
diazomethane,50,0.28004403
diazomethane,45,0.18565259
diazomethane,40,0.12122014
diazomethane,35,0.07792489
diazomethane,30,0.04929240
diazomethane,25,0.03066300
dibenzylether,160,2.08660850
dibenzylether,155,1.65887234
dibenzylether,150,1.31055516
dibenzylether,145,1.02871641
dibenzylether,140,0.80214099
dibenzylether,135,0.62119312
dibenzylether,130,0.47766112
dibenzylether,125,0.36460056
dibenzylether,120,0.27618284
dibenzylether,115,0.20755196
dibenzylether,110,0.15469200
dibenzylether,105,0.11430655
dibenzylether,100,0.08371039
dibenzylether,95,0.06073323
dibenzylether,90,0.04363523
dibenzylether,85,0.03103328
dibenzylether,80,0.02183757
dibenzylether,75,0.01519721
dibenzylether,70,0.01045425
dibenzylether,65,0.00710506
dibenzylether,60,0.00476818
dibenzylether,55,0.00315793
dibenzylether,50,0.00206280
dibenzylether,45,0.00132815
dibenzylether,40,0.00084233
dibenzylether,35,0.00052586
dibenzylether,30,0.00032291
dibenzylether,25,0.00019489
ch2br2,160,4.58822884
ch2br2,155,3.73610951
ch2br2,150,3.02421989
ch2br2,145,2.43425635
ch2br2,140,1.94889130
ch2br2,135,1.55223032
ch2br2,130,1.23005026
ch2br2,125,0.96987136
ch2br2,120,0.76091411
ch2br2,115,0.59398549
ch2br2,110,0.46132690
ch2br2,105,0.35644844
ch2br2,100,0.27396300
ch2br2,95,0.20942960
ch2br2,90,0.15921035
ch2br2,85,0.12034298
ch2br2,80,0.09042929
ch2br2,75,0.06753869
ch2br2,70,0.05012580
ch2br2,65,0.03696059
ch2br2,60,0.02706963
ch2br2,55,0.01968712
ch2br2,50,0.01421418
ch2br2,45,0.01018540
ch2br2,40,0.00724135
ch2br2,35,0.00510631
ch2br2,30,0.00357023
ch2br2,25,0.00247419
dibutylamine,160,2.21581991
dibutylamine,155,1.77137095
dibutylamine,150,1.40954990
dibutylamine,145,1.11634276
dibutylamine,140,0.87984973
dibutylamine,135,0.69001591
dibutylamine,130,0.53838606
dibutylamine,125,0.41788424
dibutylamine,120,0.32261770
dibutylamine,115,0.24770335
dibutylamine,110,0.18911564
dibutylamine,105,0.14355352
dibutylamine,100,0.10832485
dibutylamine,95,0.08124651
dibutylamine,90,0.06055848
dibutylamine,85,0.04485034
dibutylamine,80,0.03299886
dibutylamine,75,0.02411511
dibutylamine,70,0.01750024
dibutylamine,65,0.01260841
dibutylamine,60,0.00901621
dibutylamine,55,0.00639746
dibutylamine,50,0.00450264
dibutylamine,45,0.00314226
dibutylamine,40,0.00217346
dibutylamine,35,0.00148933
dibutylamine,30,0.00101049
dibutylamine,25,0.00067846
5-nonanone,160,2.90161008
5-nonanone,155,2.32012993
5-nonanone,150,1.84406415
5-nonanone,145,1.45674134
5-nonanone,140,1.14359259
5-nonanone,135,0.89201270
5-nonanone,130,0.69119299
5-nonanone,125,0.53194194
5-nonanone,120,0.40650353
5-nonanone,115,0.30838219
5-nonanone,110,0.23217751
5-nonanone,105,0.17343207
5-nonanone,100,0.12849347
5-nonanone,95,0.09439098
5-nonanone,90,0.06872652
5-nonanone,85,0.04957929
5-nonanone,80,0.03542311
5-nonanone,75,0.02505544
5-nonanone,70,0.01753698
5-nonanone,65,0.01214065
5-nonanone,60,0.00830902
5-nonanone,55,0.00561891
5-nonanone,50,0.00375239
5-nonanone,45,0.00247323
5-nonanone,40,0.00160787
5-nonanone,35,0.00103035
5-nonanone,30,0.00065036
5-nonanone,25,0.00040406
(z)-2-butenedioicaciddibutylester,160,2.08986761
(z)-2-butenedioicaciddibutylester,155,1.67660760
(z)-2-butenedioicaciddibutylester,150,1.33710097
(z)-2-butenedioicaciddibutylester,145,1.05987038
(z)-2-butenedioicaciddibutylester,140,0.83487922
(z)-2-butenedioicaciddibutylester,135,0.65342328
(z)-2-butenedioicaciddibutylester,130,0.50801277
(z)-2-butenedioicaciddibutylester,125,0.39225115
(z)-2-butenedioicaciddibutylester,120,0.30071526
(z)-2-butenedioicaciddibutylester,115,0.22884008
(z)-2-butenedioicaciddibutylester,110,0.17281023
(z)-2-butenedioicaciddibutylester,105,0.12945967
(z)-2-butenedioicaciddibutylester,100,0.09618020
(z)-2-butenedioicaciddibutylester,95,0.07083907
(z)-2-butenedioicaciddibutylester,90,0.05170553
(z)-2-butenedioicaciddibutylester,85,0.03738608
(z)-2-butenedioicaciddibutylester,80,0.02676789
(z)-2-butenedioicaciddibutylester,75,0.01896978
(z)-2-butenedioicaciddibutylester,70,0.01330016
(z)-2-butenedioicaciddibutylester,65,0.00922125
(z)-2-butenedioicaciddibutylester,60,0.00631891
(z)-2-butenedioicaciddibutylester,55,0.00427742
(z)-2-butenedioicaciddibutylester,50,0.00285868
(z)-2-butenedioicaciddibutylester,45,0.00188511
(z)-2-butenedioicaciddibutylester,40,0.00122582
(z)-2-butenedioicaciddibutylester,35,0.00078550
(z)-2-butenedioicaciddibutylester,30,0.00049567
(z)-2-butenedioicaciddibutylester,25,0.00030779
dibutylphthalate,160,1.42531896
dibutylphthalate,155,1.13578160
dibutylphthalate,150,0.89976917
dibutylphthalate,145,0.70848001
dibutylphthalate,140,0.55434973
dibutylphthalate,135,0.43091573
dibutylphthalate,130,0.33268901
dibutylphthalate,125,0.25503534
dibutylphthalate,120,0.19406580
dibutylphthalate,115,0.14653718
dibutylphthalate,110,0.10976216
dibutylphthalate,105,0.08152883
dibutylphthalate,100,0.06002928
dibutylphthalate,95,0.04379649
dibutylphthalate,90,0.03164912
dibutylphthalate,85,0.02264345
dibutylphthalate,80,0.01603188
dibutylphthalate,75,0.01122740
dibutylphthalate,70,0.00777334
dibutylphthalate,65,0.00531789
dibutylphthalate,60,0.00359277
dibutylphthalate,55,0.00239564
dibutylphthalate,50,0.00157560
dibutylphthalate,45,0.00102145
dibutylphthalate,40,0.00065227
dibutylphthalate,35,0.00040998
dibutylphthalate,30,0.00025345
dibutylphthalate,25,0.00015397
decanedioicaciddibutylester,160,1.00639202
decanedioicaciddibutylester,155,0.80069177
decanedioicaciddibutylester,150,0.63350760
decanedioicaciddibutylester,145,0.49833705
decanedioicaciddibutylester,140,0.38964730
decanedioicaciddibutylester,135,0.30275071
decanedioicaciddibutylester,130,0.23369346
decanedioicaciddibutylester,125,0.17915699
decanedioicaciddibutylester,120,0.13637011
decanedioicaciddibutylester,115,0.10303140
decanedioicaciddibutylester,110,0.07724059
decanedioicaciddibutylester,105,0.05743823
decanedioicaciddibutylester,100,0.04235289
decanedioicaciddibutylester,95,0.03095502
decanedioicaciddibutylester,90,0.02241697
decanedioicaciddibutylester,85,0.01607843
decanedioicaciddibutylester,80,0.01141683
decanedioicaciddibutylester,75,0.00802208
decanedioicaciddibutylester,70,0.00557522
decanedioicaciddibutylester,65,0.00383049
decanedioicaciddibutylester,60,0.00260036
decanedioicaciddibutylester,55,0.00174326
decanedioicaciddibutylester,50,0.00115340
decanedioicaciddibutylester,45,0.00075270
decanedioicaciddibutylester,40,0.00048418
decanedioicaciddibutylester,35,0.00030678
decanedioicaciddibutylester,30,0.00019132
decanedioicaciddibutylester,25,0.00011734
dichloroacetaldehyde,160,13.77234849
dichloroacetaldehyde,155,12.02724811
dichloroacetaldehyde,150,10.42867984
dichloroacetaldehyde,145,8.97612365
dichloroacetaldehyde,140,7.66737654
dichloroacetaldehyde,135,6.49882649
dichloroacetaldehyde,130,5.46523919
dichloroacetaldehyde,125,4.55982596
dichloroacetaldehyde,120,3.77447478
dichloroacetaldehyde,115,3.10001318
dichloroacetaldehyde,110,2.52649787
dichloroacetaldehyde,105,2.04354586
dichloroacetaldehyde,100,1.64071131
dichloroacetaldehyde,95,1.30778600
dichloroacetaldehyde,90,1.03507544
dichloroacetaldehyde,85,0.81358942
dichloroacetaldehyde,80,0.63517586
dichloroacetaldehyde,75,0.49258844
dichloroacetaldehyde,70,0.37949653
dichloroacetaldehyde,65,0.29045769
dichloroacetaldehyde,60,0.22085809
dichloroacetaldehyde,55,0.16683577
dichloroacetaldehyde,50,0.12519513
dichloroacetaldehyde,45,0.09331964
dichloroacetaldehyde,40,0.06908752
dichloroacetaldehyde,35,0.05079384
dichloroacetaldehyde,30,0.03708021
dichloroacetaldehyde,25,0.02687328
dichloroaceticacid,160,100.00000000
dichloroaceticacid,155,100.00000000
dichloroaceticacid,150,100.00000000
dichloroaceticacid,145,100.00000000
dichloroaceticacid,140,100.00000000
dichloroaceticacid,135,100.00000000
dichloroaceticacid,130,100.00000000
dichloroaceticacid,125,100.00000000
dichloroaceticacid,120,100.00000000
dichloroaceticacid,115,100.00000000
dichloroaceticacid,110,100.00000000
dichloroaceticacid,105,100.00000000
dichloroaceticacid,100,100.00000000
dichloroaceticacid,95,100.00000000
dichloroaceticacid,90,100.00000000
dichloroaceticacid,85,100.00000000
dichloroaceticacid,80,100.00000000
dichloroaceticacid,75,100.00000000
dichloroaceticacid,70,100.00000000
dichloroaceticacid,65,100.00000000
dichloroaceticacid,60,100.00000000
dichloroaceticacid,55,100.00000000
dichloroaceticacid,50,100.00000000
dichloroaceticacid,45,100.00000000
dichloroaceticacid,40,100.00000000
dichloroaceticacid,35,100.00000000
dichloroaceticacid,30,100.00000000
dichloroaceticacid,25,100.00000000
dichloroacetonitrile,160,19.50296390
dichloroacetonitrile,155,17.82386633
dichloroacetonitrile,150,16.25210196
dichloroacetonitrile,145,14.78541841
dichloroacetonitrile,140,13.42223351
dichloroacetonitrile,135,12.15951563
dichloroacetonitrile,130,10.99465725
dichloroacetonitrile,125,9.92385608
dichloroacetonitrile,120,8.94366496
dichloroacetonitrile,115,8.04964869
dichloroacetonitrile,110,7.23748155
dichloroacetonitrile,105,6.50265352
dichloroacetonitrile,100,5.84012963
dichloroacetonitrile,95,5.24528174
dichloroacetonitrile,90,4.71311110
dichloroacetonitrile,85,4.23878320
dichloroacetonitrile,80,3.81762581
dichloroacetonitrile,75,3.44509204
dichloroacetonitrile,70,3.11690367
dichloroacetonitrile,65,2.82900143
dichloroacetonitrile,60,2.57769673
dichloroacetonitrile,55,2.35961130
dichloroacetonitrile,50,2.17172548
dichloroacetonitrile,45,2.01139524
dichloroacetonitrile,40,1.87636684
dichloroacetonitrile,35,1.76479148
dichloroacetonitrile,30,1.67524222
dichloroacetonitrile,25,1.60673553
dichlorodifluoromethane,160,0.49425353
dichlorodifluoromethane,155,0.36548182
dichlorodifluoromethane,150,0.26865665
dichlorodifluoromethane,145,0.19616377
dichlorodifluoromethane,140,0.14217638
dichlorodifluoromethane,135,0.10222123
dichlorodifluoromethane,130,0.07286025
dichlorodifluoromethane,125,0.05145362
dichlorodifluoromethane,120,0.03598006
dichlorodifluoromethane,115,0.02489862
dichlorodifluoromethane,110,0.01704128
dichlorodifluoromethane,105,0.01152884
dichlorodifluoromethane,100,0.00770483
dichlorodifluoromethane,95,0.00508351
dichlorodifluoromethane,90,0.00330909
dichlorodifluoromethane,85,0.00212378
dichlorodifluoromethane,80,0.00134295
dichlorodifluoromethane,75,0.00083607
dichlorodifluoromethane,70,0.00051207
dichlorodifluoromethane,65,0.00030829
dichlorodifluoromethane,60,0.00018230
dichlorodifluoromethane,55,0.00010578
dichlorodifluoromethane,50,0.00006017
dichlorodifluoromethane,45,0.00003352
dichlorodifluoromethane,40,0.00001827
dichlorodifluoromethane,35,0.00000973
dichlorodifluoromethane,30,0.00000506
dichlorodifluoromethane,25,0.00000256
"trans-1,2-dichloroethene",160,15.45633952
"trans-1,2-dichloroethene",155,13.55110157
"trans-1,2-dichloroethene",150,11.79796809
"trans-1,2-dichloroethene",145,10.19757136
"trans-1,2-dichloroethene",140,8.74860007
"trans-1,2-dichloroethene",135,7.44831310
"trans-1,2-dichloroethene",130,6.29218677
"trans-1,2-dichloroethene",125,5.27394201
"trans-1,2-dichloroethene",120,4.38580311
"trans-1,2-dichloroethene",115,3.61875635
"trans-1,2-dichloroethene",110,2.96280877
"trans-1,2-dichloroethene",105,2.40730744
"trans-1,2-dichloroethene",100,1.94136076
"trans-1,2-dichloroethene",95,1.55415428
"trans-1,2-dichloroethene",90,1.23527594
"trans-1,2-dichloroethene",85,0.97494150
"trans-1,2-dichloroethene",80,0.76417274
"trans-1,2-dichloroethene",75,0.59490245
"trans-1,2-dichloroethene",70,0.46001156
"trans-1,2-dichloroethene",65,0.35332415
"trans-1,2-dichloroethene",60,0.26956053
"trans-1,2-dichloroethene",55,0.20426710
"trans-1,2-dichloroethene",50,0.15373210
"trans-1,2-dichloroethene",45,0.11489581
"trans-1,2-dichloroethene",40,0.08526131
"trans-1,2-dichloroethene",35,0.06280991
"trans-1,2-dichloroethene",30,0.04592396
"trans-1,2-dichloroethene",25,0.03331798
dichloromethylmethylether,160,13.66841082
dichloromethylmethylether,155,11.96672076
dichloromethylmethylether,150,10.40786508
dichloromethylmethylether,145,8.99053975
dichloromethylmethylether,140,7.71187020
dichloromethylmethylether,135,6.56789542
dichloromethylmethylether,130,5.55328318
dichloromethylmethylether,125,4.66136693
dichloromethylmethylether,120,3.88438954
dichloromethylmethylether,115,3.21373947
dichloromethylmethylether,110,2.64016417
dichloromethylmethylether,105,2.15401770
dichloromethylmethylether,100,1.74560620
dichloromethylmethylether,95,1.40543477
dichloromethylmethylether,90,1.12443376
dichloromethylmethylether,85,0.89414588
dichloromethylmethylether,80,0.70684298
dichloromethylmethylether,75,0.55559806
dichloromethylmethylether,70,0.43430878
dichloromethylmethylether,65,0.33767969
dichloromethylmethylether,60,0.26118040
dichloromethylmethylether,55,0.20098275
dichloromethylmethylether,50,0.15388842
dichloromethylmethylether,45,0.11725256
dichloromethylmethylether,40,0.08890854
dichloromethylmethylether,35,0.06709670
dichloromethylmethylether,30,0.05039933
dichloromethylmethylether,25,0.03768280
chfcl2,160,25.67320578
chfcl2,155,24.10079117
chfcl2,150,22.61314336
chfcl2,145,21.20541873
chfcl2,140,19.87888160
chfcl2,135,18.62906121
chfcl2,130,17.45298828
chfcl2,125,16.34995658
chfcl2,120,15.31632046
chfcl2,115,14.34904203
chfcl2,110,13.44695192
chfcl2,105,12.60660609
chfcl2,100,11.82577419
chfcl2,95,11.10150676
chfcl2,90,10.43108706
chfcl2,85,9.81313144
chfcl2,80,9.24423621
chfcl2,75,8.72257184
chfcl2,70,8.24576386
chfcl2,65,7.81153470
chfcl2,60,7.41829278
chfcl2,55,7.06355870
chfcl2,50,6.74626195
chfcl2,45,6.46466173
chfcl2,40,6.21752775
chfcl2,35,6.00353126
chfcl2,30,5.82239332
chfcl2,25,5.67319044
diethanolamine,160,4.50376230
diethanolamine,155,3.61785196
diethanolamine,150,2.88708079
diethanolamine,145,2.28886401
diethanolamine,140,1.80276063
diethanolamine,135,1.41059395
diethanolamine,130,1.09644364
diethanolamine,125,0.84654873
diethanolamine,120,0.64915360
diethanolamine,115,0.49432175
diethanolamine,110,0.37373588
diethanolamine,105,0.28049729
diethanolamine,100,0.20893336
diethanolamine,95,0.15441859
diethanolamine,90,0.11321206
diethanolamine,85,0.08231277
diethanolamine,80,0.05933279
diethanolamine,75,0.04238756
diethanolamine,70,0.03000217
diethanolamine,65,0.02103209
diethanolamine,60,0.01459701
diethanolamine,55,0.01002588
diethanolamine,50,0.00681197
diethanolamine,45,0.00457635
diethanolamine,40,0.00303845
diethanolamine,35,0.00199274
diethanolamine,30,0.00129025
diethanolamine,25,0.00082428
adipinsaeurediethylester,160,2.72624972
adipinsaeurediethylester,155,2.19554768
adipinsaeurediethylester,150,1.75705883
adipinsaeurediethylester,145,1.39718405
adipinsaeurediethylester,140,1.10380223
adipinsaeurediethylester,135,0.86623250
adipinsaeurediethylester,130,0.67516100
adipinsaeurediethylester,125,0.52254419
adipinsaeurediethylester,120,0.40149840
adipinsaeurediethylester,115,0.30618322
adipinsaeurediethylester,110,0.23168440
adipinsaeurediethylester,105,0.17390041
adipinsaeurediethylester,100,0.12943534
adipinsaeurediethylester,95,0.09549991
adipinsaeurediethylester,90,0.06982158
adipinsaeurediethylester,85,0.05056391
adipinsaeurediethylester,80,0.03625537
adipinsaeurediethylester,75,0.02572704
adipinsaeurediethylester,70,0.01805866
adipinsaeurediethylester,65,0.01253256
adipinsaeurediethylester,60,0.00859447
adipinsaeurediethylester,55,0.00582073
adipinsaeurediethylester,50,0.00389091
adipinsaeurediethylester,45,0.00256545
adipinsaeurediethylester,40,0.00166733
adipinsaeurediethylester,35,0.00106736
adipinsaeurediethylester,30,0.00067251
adipinsaeurediethylester,25,0.00041671
diethylamine,160,12.03975631
diethylamine,155,10.11484083
diethylamine,150,8.42758091
diethylamine,145,6.96523361
diethylamine,140,5.71152555
diethylamine,135,4.64785918
diethylamine,130,3.75437080
diethylamine,125,3.01091273
diethylamine,120,2.39783838
diethylamine,115,1.89659549
diethylamine,110,1.49011506
diethylamine,105,1.16304639
diethylamine,100,0.90184467
diethylamine,95,0.69475601
diethylamine,90,0.53172864
diethylamine,85,0.40427713
diethylamine,80,0.30532108
diethylamine,75,0.22901434
diethylamine,70,0.17057659
diethylamine,65,0.12613390
diethylamine,60,0.09257345
diethylamine,55,0.06741416
diethylamine,50,0.04869384
diethylamine,45,0.03487248
diethylamine,40,0.02475050
diethylamine,35,0.01740048
diethylamine,30,0.01211085
diethylamine,25,0.00833989
diethylcarbonate,160,6.62666122
diethylcarbonate,155,5.40359484
diethylcarbonate,150,4.36765191
diethylcarbonate,145,3.49982607
diethylcarbonate,140,2.78053410
diethylcarbonate,135,2.19043832
diethylcarbonate,130,1.71110542
diethylcarbonate,125,1.32546522
diethylcarbonate,120,1.01809418
diethylcarbonate,115,0.77534769
diethylcarbonate,110,0.58537390
diethylcarbonate,105,0.43804344
diethylcarbonate,100,0.32482275
diethylcarbonate,95,0.23861647
diethylcarbonate,90,0.17359612
diethylcarbonate,85,0.12502839
diethylcarbonate,80,0.08911133
diethylcarbonate,75,0.06282363
diethylcarbonate,70,0.04378983
diethylcarbonate,65,0.03016212
diethylcarbonate,60,0.02051877
diethylcarbonate,55,0.01377806
diethylcarbonate,50,0.00912644
diethylcarbonate,45,0.00595942
diethylcarbonate,40,0.00383345
diethylcarbonate,35,0.00242736
diethylcarbonate,30,0.00151180
diethylcarbonate,25,0.00092534
diethylether,160,10.00840686
diethylether,155,8.20636820
diethylether,150,6.66638070
diethylether,145,5.36694430
diethylether,140,4.28347779
diethylether,135,3.39011851
diethylether,130,2.66118871
diethylether,125,2.07227147
diethylether,120,1.60091896
diethylether,115,1.22704163
diethylether,110,0.93305527
diethylether,105,0.70385222
diethylether,100,0.52665770
diethylether,95,0.39081906
diethylether,90,0.28756312
diethylether,85,0.20974632
diethylether,80,0.15161344
diethylether,75,0.10857441
diethylether,70,0.07700418
diethylether,65,0.05406740
diethylether,60,0.03756776
diethylether,55,0.02582049
diethylether,50,0.01754609
diethylether,45,0.01178273
diethylether,40,0.00781500
diethylether,35,0.00511660
diethylether,30,0.00330475
diethylether,25,0.00210435
3-pentanone,160,11.05941509
3-pentanone,155,9.21777642
3-pentanone,150,7.60686570
3-pentanone,145,6.21607839
3-pentanone,140,5.03063272
3-pentanone,135,4.03274021
3-pentanone,130,3.20277579
3-pentanone,125,2.52041499
3-pentanone,120,1.96559735
3-pentanone,115,1.51926293
3-pentanone,110,1.16387044
3-pentanone,105,0.88369708
3-pentanone,100,0.66496479
3-pentanone,95,0.49583302
3-pentanone,90,0.36629856
3-pentanone,85,0.26803832
3-pentanone,80,0.19422172
3-pentanone,75,0.13931403
3-pentanone,70,0.09888386
3-pentanone,65,0.06942375
3-pentanone,60,0.04818847
3-pentanone,55,0.03305316
3-pentanone,50,0.02239143
3-pentanone,45,0.01497257
3-pentanone,40,0.00987606
3-pentanone,35,0.00642174
3-pentanone,30,0.00411331
3-pentanone,25,0.00259338
diethylmalonate,160,3.59849147
diethylmalonate,155,2.89072738
diethylmalonate,150,2.30581079
diethylmalonate,145,1.82625245
diethylmalonate,140,1.43613128
diethylmalonate,135,1.12120121
diethylmalonate,130,0.86890736
diethylmalonate,125,0.66833341
diethylmalonate,120,0.51010228
diethylmalonate,115,0.38624796
diethylmalonate,110,0.29007267
diethylmalonate,105,0.21599953
diethylmalonate,100,0.15942819
diethylmalonate,95,0.11659830
diethylmalonate,90,0.08446374
diethylmalonate,85,0.06057920
diethylmalonate,80,0.04299952
diethylmalonate,75,0.03019189
diethylmalonate,70,0.02095996
diethylmalonate,65,0.01437932
diethylmalonate,60,0.00974304
diethylmalonate,55,0.00651637
diethylmalonate,50,0.00429937
diethylmalonate,45,0.00279647
diethylmalonate,40,0.00179192
diethylmalonate,35,0.00113037
diethylmalonate,30,0.00070141
diethylmalonate,25,0.00042779
ethyloxalat,160,3.94801343
ethyloxalat,155,3.16554019
ethyloxalat,150,2.51933889
ethyloxalat,145,1.99021018
ethyloxalat,140,1.56052840
ethyloxalat,135,1.21443312
ethyloxalat,130,0.93789825
ethyloxalat,125,0.71870663
ethyloxalat,120,0.54635910
ethyloxalat,115,0.41194197
ethyloxalat,110,0.30797153
ethyloxalat,105,0.22822981
ethyloxalat,100,0.16760148
ethyloxalat,95,0.12191854
ethyloxalat,90,0.08781675
ethyloxalat,85,0.06260610
ethyloxalat,80,0.04415609
ethyloxalat,75,0.03079560
ethyloxalat,70,0.02122692
ethyloxalat,65,0.01445266
ethyloxalat,60,0.00971447
ethyloxalat,55,0.00644219
ethyloxalat,50,0.00421220
ethyloxalat,45,0.00271360
ethyloxalat,40,0.00172119
ethyloxalat,35,0.00107404
ethyloxalat,30,0.00065882
ethyloxalat,25,0.00039691
diethylphthalate,160,2.05545480
diethylphthalate,155,1.63994767
diethylphthalate,150,1.30028381
diethylphthalate,145,1.02438314
diethylphthalate,140,0.80171861
diethylphthalate,135,0.62319713
diethylphthalate,130,0.48102906
diethylphthalate,125,0.36859381
diethylphthalate,120,0.28030721
diethylphthalate,115,0.21149445
diethylphthalate,110,0.15827102
diethylphthalate,105,0.11743325
diethylphthalate,100,0.08635901
diethylphthalate,95,0.06291884
diethylphthalate,90,0.04539724
diethylphthalate,85,0.03242368
diethylphthalate,80,0.02291273
diethylphthalate,75,0.01601248
diethylphthalate,70,0.01106067
diethylphthalate,65,0.00754756
diethylphthalate,60,0.00508488
diethylphthalate,55,0.00338016
diethylphthalate,50,0.00221561
diethylphthalate,45,0.00143104
diethylphthalate,40,0.00091011
diethylphthalate,35,0.00056950
diethylphthalate,30,0.00035034
diethylphthalate,25,0.00021169
ethylsuccinate,160,3.21520423
ethylsuccinate,155,2.58139718
ethylsuccinate,150,2.05838379
ethylsuccinate,145,1.63004053
ethylsuccinate,140,1.28183419
ethylsuccinate,135,1.00085965
ethylsuccinate,130,0.77580870
ethylsuccinate,125,0.59689043
ethylsuccinate,120,0.45571981
ethylsuccinate,115,0.34518842
ethylsuccinate,110,0.25932743
ethylsuccinate,105,0.19317062
ethylsuccinate,100,0.14262258
ethylsuccinate,95,0.10433550
ethylsuccinate,90,0.07559666
ethylsuccinate,85,0.05422725
ethylsuccinate,80,0.03849308
ethylsuccinate,75,0.02702656
ethylsuccinate,70,0.01875952
ethylsuccinate,65,0.01286597
ethylsuccinate,60,0.00871376
ethylsuccinate,55,0.00582437
ethylsuccinate,50,0.00383968
ethylsuccinate,45,0.00249488
ethylsuccinate,40,0.00159662
ethylsuccinate,35,0.00100559
ethylsuccinate,30,0.00062282
ethylsuccinate,25,0.00037901
diethylsulfate,160,3.92064760
diethylsulfate,155,3.12377622
diethylsulfate,150,2.46822546
diethylsulfate,145,1.93413819
diethylsulfate,140,1.50307961
diethylsulfate,135,1.15835037
diethylsulfate,130,0.88513679
diethylsulfate,125,0.67053289
diethylsulfate,120,0.50347079
diethylsulfate,115,0.37459143
diethylsulfate,110,0.27608081
diethylsulfate,105,0.20149147
diethylsulfate,100,0.14556231
diethylsulfate,95,0.10404619
diethylsulfate,90,0.07355047
diethylsulfate,85,0.05139348
diethylsulfate,80,0.03547804
diethylsulfate,75,0.02418190
diethylsulfate,70,0.01626426
diethylsulfate,65,0.01078722
diethylsulfate,60,0.00705046
diethylsulfate,55,0.00453776
diethylsulfate,50,0.00287373
diethylsulfate,45,0.00178928
diethylsulfate,40,0.00109437
diethylsulfate,35,0.00065691
diethylsulfate,30,0.00038661
diethylsulfate,25,0.00022286
diethylsulfide,160,6.33980686
diethylsulfide,155,5.06240781
diethylsulfide,150,4.00770751
diethylsulfide,145,3.14625667
diethylsulfide,140,2.44971910
diethylsulfide,135,1.89186919
diethylsulfide,130,1.44914988
diethylsulfide,125,1.10089666
diethylsulfide,120,0.82932850
diethylsulfide,115,0.61939008
diethylsulfide,110,0.45850924
diethylsulfide,105,0.33631556
diethylsulfide,100,0.24434950
diethylsulfide,95,0.17578254
diethylsulfide,90,0.12515799
diethylsulfide,85,0.08815849
diethylsulfide,80,0.06140200
diethylsulfide,75,0.04226587
diethylsulfide,70,0.02873747
diethylsulfide,65,0.01928887
diethylsulfide,60,0.01277317
diethylsulfide,55,0.00833956
diethylsulfide,50,0.00536467
diethylsulfide,45,0.00339771
diethylsulfide,40,0.00211709
diethylsulfide,35,0.00129675
diethylsulfide,30,0.00078013
diethylsulfide,25,0.00046055
diethyldisulfide,160,3.36470944
diethyldisulfide,155,2.64810291
diethyldisulfide,150,2.06961255
diethyldisulfide,145,1.60610479
diethyldisulfide,140,1.23744626
diethyldisulfide,135,0.94636810
diethyldisulfide,130,0.71823827
diethyldisulfide,125,0.54078857
diethyldisulfide,120,0.40382866
diethyldisulfide,115,0.29896712
diethyldisulfide,110,0.21935080
diethyldisulfide,105,0.15942818
diethyldisulfide,100,0.11473857
diethyldisulfide,95,0.08172762
diethyldisulfide,90,0.05758748
diethyldisulfide,85,0.04011988
diethyldisulfide,80,0.02762000
diethyldisulfide,75,0.01877878
diethyldisulfide,70,0.01260155
diethyldisulfide,65,0.00834089
diethyldisulfide,60,0.00544172
diethyldisulfide,55,0.00349689
diethyldisulfide,50,0.00221167
diethyldisulfide,45,0.00137564
diethyldisulfide,40,0.00084074
diethyldisulfide,35,0.00050443
diethyldisulfide,30,0.00029683
diethyldisulfide,25,0.00017114
diethyleneglycol,160,5.42047579
diethyleneglycol,155,4.37128545
diethyleneglycol,150,3.49979231
diethyleneglycol,145,2.78238455
diethyleneglycol,140,2.19683925
diethyleneglycol,135,1.72279364
diethyleneglycol,130,1.34200222
diethyleneglycol,125,1.03842037
diethyleneglycol,120,0.79816565
diethyleneglycol,115,0.60939452
diethyleneglycol,110,0.46212829
diethyleneglycol,105,0.34805340
diethyleneglycol,100,0.26031435
diethyleneglycol,95,0.19331174
diethyleneglycol,90,0.14251318
diethyleneglycol,85,0.10428148
diethyleneglycol,80,0.07572219
diethyleneglycol,75,0.05455079
diethyleneglycol,70,0.03897875
diethyleneglycol,65,0.02761716
diethyleneglycol,60,0.01939623
diethyleneglycol,55,0.01349871
diethyleneglycol,50,0.00930548
diethyleneglycol,45,0.00635149
diethyleneglycol,40,0.00429047
diethyleneglycol,35,0.00286689
diethyleneglycol,30,0.00189390
diethyleneglycol,25,0.00123620
2-(2-butoxyethoxy)ethanolacetate,160,2.75954588
2-(2-butoxyethoxy)ethanolacetate,155,2.23138914
2-(2-butoxyethoxy)ethanolacetate,150,1.79360968
2-(2-butoxyethoxy)ethanolacetate,145,1.43304397
2-(2-butoxyethoxy)ethanolacetate,140,1.13795354
2-(2-butoxyethoxy)ethanolacetate,135,0.89798237
2-(2-butoxyethoxy)ethanolacetate,130,0.70408433
2-(2-butoxyethoxy)ethanolacetate,125,0.54842982
2-(2-butoxyethoxy)ethanolacetate,120,0.42430060
2-(2-butoxyethoxy)ethanolacetate,115,0.32597928
2-(2-butoxyethoxy)ethanolacetate,110,0.24863867
2-(2-butoxyethoxy)ethanolacetate,105,0.18823451
2-(2-butoxyethoxy)ethanolacetate,100,0.14140419
2-(2-butoxyethoxy)ethanolacetate,95,0.10537301
2-(2-butoxyethoxy)ethanolacetate,90,0.07786871
2-(2-butoxyethoxy)ethanolacetate,85,0.05704481
2-(2-butoxyethoxy)ethanolacetate,80,0.04141259
2-(2-butoxyethoxy)ethanolacetate,75,0.02978141
2-(2-butoxyethoxy)ethanolacetate,70,0.02120695
2-(2-butoxyethoxy)ethanolacetate,65,0.01494664
2-(2-butoxyethoxy)ethanolacetate,60,0.01042180
2-(2-butoxyethoxy)ethanolacetate,55,0.00718563
2-(2-butoxyethoxy)ethanolacetate,50,0.00489651
2-(2-butoxyethoxy)ethanolacetate,45,0.00329588
2-(2-butoxyethoxy)ethanolacetate,40,0.00219011
2-(2-butoxyethoxy)ethanolacetate,35,0.00143584
2-(2-butoxyethoxy)ethanolacetate,30,0.00092813
2-(2-butoxyethoxy)ethanolacetate,25,0.00059111
diethyleneglycoldibutylether,160,2.20137770
diethyleneglycoldibutylether,155,1.78418884
diethyleneglycoldibutylether,150,1.43876663
diethyleneglycoldibutylether,145,1.15424632
diethyleneglycoldibutylether,140,0.92111730
diethyleneglycoldibutylether,135,0.73111196
diethyleneglycoldibutylether,130,0.57709085
diethyleneglycoldibutylether,125,0.45292819
diethyleneglycoldibutylether,120,0.35340084
diethyleneglycoldibutylether,115,0.27408274
diethyleneglycoldibutylether,110,0.21124627
diethyleneglycoldibutylether,105,0.16177126
diethyleneglycoldibutylether,100,0.12306215
diethyleneglycoldibutylether,95,0.09297328
diethyleneglycoldibutylether,90,0.06974217
diethyleneglycoldibutylether,85,0.05193054
diethyleneglycoldibutylether,80,0.03837241
diethyleneglycoldibutylether,75,0.02812905
diethyleneglycoldibutylether,70,0.02045000
diethyleneglycoldibutylether,65,0.01473964
diethyleneglycoldibutylether,60,0.01052880
diethyleneglycoldibutylether,55,0.00745077
diethyleneglycoldibutylether,50,0.00522124
diethyleneglycoldibutylether,45,0.00362164
diethyleneglycoldibutylether,40,0.00248535
diethyleneglycoldibutylether,35,0.00168654
diethyleneglycoldibutylether,30,0.00113110
diethyleneglycoldibutylether,25,0.00074926
"1,1'-oxybis-2-ethoxy-ethane",160,4.52305134
"1,1'-oxybis-2-ethoxy-ethane",155,3.71049764
"1,1'-oxybis-2-ethoxy-ethane",150,3.02461912
"1,1'-oxybis-2-ethoxy-ethane",145,2.44992823
"1,1'-oxybis-2-ethoxy-ethane",140,1.97187069
"1,1'-oxybis-2-ethoxy-ethane",135,1.57701091
"1,1'-oxybis-2-ethoxy-ethane",130,1.25314304
"1,1'-oxybis-2-ethoxy-ethane",125,0.98933625
"1,1'-oxybis-2-ethoxy-ethane",120,0.77592722
"1,1'-oxybis-2-ethoxy-ethane",115,0.60447318
"1,1'-oxybis-2-ethoxy-ethane",110,0.46767669
"1,1'-oxybis-2-ethoxy-ethane",105,0.35929369
"1,1'-oxybis-2-ethoxy-ethane",100,0.27403105
"1,1'-oxybis-2-ethoxy-ethane",95,0.20744176
"1,1'-oxybis-2-ethoxy-ethane",90,0.15582154
"1,1'-oxybis-2-ethoxy-ethane",85,0.11611037
"1,1'-oxybis-2-ethoxy-ethane",80,0.08580108
"1,1'-oxybis-2-ethoxy-ethane",75,0.06285604
"1,1'-oxybis-2-ethoxy-ethane",70,0.04563270
"1,1'-oxybis-2-ethoxy-ethane",65,0.03281787
"1,1'-oxybis-2-ethoxy-ethane",60,0.02337045
"1,1'-oxybis-2-ethoxy-ethane",55,0.01647214
"1,1'-oxybis-2-ethoxy-ethane",50,0.01148549
"1,1'-oxybis-2-ethoxy-ethane",45,0.00791846
"1,1'-oxybis-2-ethoxy-ethane",40,0.00539489
"1,1'-oxybis-2-ethoxy-ethane",35,0.00363010
"1,1'-oxybis-2-ethoxy-ethane",30,0.00241087
"1,1'-oxybis-2-ethoxy-ethane",25,0.00157926
2-2-(hexyloxy)ethoxyethanol,160,2.81308650
2-2-(hexyloxy)ethoxyethanol,155,2.27761091
2-2-(hexyloxy)ethoxyethanol,150,1.83362622
2-2-(hexyloxy)ethoxyethanol,145,1.46772525
2-2-(hexyloxy)ethoxyethanol,140,1.16799354
2-2-(hexyloxy)ethoxyethanol,135,0.92394952
2-2-(hexyloxy)ethoxyethanol,130,0.72645738
2-2-(hexyloxy)ethoxyethanol,125,0.56762279
2-2-(hexyloxy)ethoxyethanol,120,0.44067952
2-2-(hexyloxy)ethoxyethanol,115,0.33987313
2-2-(hexyloxy)ethoxyethanol,110,0.26034622
2-2-(hexyloxy)ethoxyethanol,105,0.19802853
2-2-(hexyloxy)ethoxyethanol,100,0.14953392
2-2-(hexyloxy)ethoxyethanol,95,0.11206561
2-2-(hexyloxy)ethoxyethanol,90,0.08333016
2-2-(hexyloxy)ethoxyethanol,85,0.06146065
2-2-(hexyloxy)ethoxyethanol,80,0.04494853
2-2-(hexyloxy)ethoxyethanol,75,0.03258411
2-2-(hexyloxy)ethoxyethanol,70,0.02340489
2-2-(hexyloxy)ethoxyethanol,65,0.01665117
2-2-(hexyloxy)ethoxyethanol,60,0.01172832
2-2-(hexyloxy)ethoxyethanol,55,0.00817490
2-2-(hexyloxy)ethoxyethanol,50,0.00563604
2-2-(hexyloxy)ethoxyethanol,45,0.00384136
2-2-(hexyloxy)ethoxyethanol,40,0.00258687
2-2-(hexyloxy)ethoxyethanol,35,0.00172023
2-2-(hexyloxy)ethoxyethanol,30,0.00112886
2-2-(hexyloxy)ethoxyethanol,25,0.00073054
diethyleneglycolmonobutylether,160,3.94491890
diethyleneglycolmonobutylether,155,3.21022867
diethyleneglycolmonobutylether,150,2.59595104
diethyleneglycolmonobutylether,145,2.08603335
diethyleneglycolmonobutylether,140,1.66571832
diethyleneglycolmonobutylether,135,1.32165495
diethyleneglycolmonobutylether,130,1.04193496
diethyleneglycolmonobutylether,125,0.81607088
diethyleneglycolmonobutylether,120,0.63493317
diethyleneglycolmonobutylether,115,0.49065752
diethyleneglycolmonobutylether,110,0.37653579
diethyleneglycolmonobutylether,105,0.28689848
diethyleneglycolmonobutylether,100,0.21699572
diethyleneglycolmonobutylether,95,0.16288150
diethyleneglycolmonobutylether,90,0.12130447
diethyleneglycolmonobutylether,85,0.08960718
diethyleneglycolmonobutylether,80,0.06563510
diethyleneglycolmonobutylether,75,0.04765542
diethyleneglycolmonobutylether,70,0.03428593
diethyleneglycolmonobutylether,65,0.02443317
diethyleneglycolmonobutylether,60,0.01723951
diethyleneglycolmonobutylether,55,0.01203812
diethyleneglycolmonobutylether,50,0.00831525
diethyleneglycolmonobutylether,45,0.00567877
diethyleneglycolmonobutylether,40,0.00383229
diethyleneglycolmonobutylether,35,0.00255408
diethyleneglycolmonobutylether,30,0.00168000
diethyleneglycolmonobutylether,25,0.00108992
diethyleneglycolmonoethylether,160,6.20867508
diethyleneglycolmonoethylether,155,5.12386167
diethyleneglycolmonoethylether,150,4.19789444
diethyleneglycolmonoethylether,145,3.41455675
diethyleneglycolmonoethylether,140,2.75762654
diethyleneglycolmonoethylether,135,2.21135655
diethyleneglycolmonoethylether,130,1.76083326
diethyleneglycolmonoethylether,125,1.39224975
diethyleneglycolmonoethylether,120,1.09306594
diethyleneglycolmonoethylether,115,0.85208589
diethyleneglycolmonoethylether,110,0.65946517
diethyleneglycolmonoethylether,105,0.50666575
diethyleneglycolmonoethylether,100,0.38637434
diethyleneglycolmonoethylether,95,0.29239781
diethyleneglycolmonoethylether,90,0.21954717
diethyleneglycolmonoethylether,85,0.16351779
diethyleneglycolmonoethylether,80,0.12077255
diethyleneglycolmonoethylether,75,0.08843157
diethyleneglycolmonoethylether,70,0.06417108
diethyleneglycolmonoethylether,65,0.04613267
diethyleneglycolmonoethylether,60,0.03284328
diethyleneglycolmonoethylether,55,0.02314574
diethyleneglycolmonoethylether,50,0.01613937
diethyleneglycolmonoethylether,45,0.01112970
diethyleneglycolmonoethylether,40,0.00758641
diethyleneglycolmonoethylether,35,0.00510865
diethyleneglycolmonoethylether,30,0.00339652
diethyleneglycolmonoethylether,25,0.00222816
2-(2-ethoxyethoxy)-ethanolacetate,160,3.39169200
2-(2-ethoxyethoxy)-ethanolacetate,155,2.74678339
2-(2-ethoxyethoxy)-ethanolacetate,150,2.21047562
2-(2-ethoxyethoxy)-ethanolacetate,145,1.76758922
2-(2-ethoxyethoxy)-ethanolacetate,140,1.40436828
2-(2-ethoxyethoxy)-ethanolacetate,135,1.10851824
2-(2-ethoxyethoxy)-ethanolacetate,130,0.86918769
2-(2-ethoxyethoxy)-ethanolacetate,125,0.67690594
2-(2-ethoxyethoxy)-ethanolacetate,120,0.52349306
2-(2-ethoxyethoxy)-ethanolacetate,115,0.40195186
2-(2-ethoxyethoxy)-ethanolacetate,110,0.30635102
2-(2-ethoxyethoxy)-ethanolacetate,105,0.23170619
2-(2-ethoxyethoxy)-ethanolacetate,100,0.17386378
2-(2-ethoxyethoxy)-ethanolacetate,95,0.12939075
2-(2-ethoxyethoxy)-ethanolacetate,90,0.09547261
2-(2-ethoxyethoxy)-ethanolacetate,85,0.06982065
2-(2-ethoxyethoxy)-ethanolacetate,80,0.05058895
2-(2-ethoxyethoxy)-ethanolacetate,75,0.03630112
2-(2-ethoxyethoxy)-ethanolacetate,70,0.02578645
2-(2-ethoxyethoxy)-ethanolacetate,65,0.01812478
2-(2-ethoxyethoxy)-ethanolacetate,60,0.01259952
2-(2-ethoxyethoxy)-ethanolacetate,55,0.00865790
2-(2-ethoxyethoxy)-ethanolacetate,50,0.00587776
2-(2-ethoxyethoxy)-ethanolacetate,45,0.00394005
2-(2-ethoxyethoxy)-ethanolacetate,40,0.00260624
2-(2-ethoxyethoxy)-ethanolacetate,35,0.00170008
2-(2-ethoxyethoxy)-ethanolacetate,30,0.00109287
2-(2-ethoxyethoxy)-ethanolacetate,25,0.00069182
2-(2-methoxyethoxy)ethanol,160,7.27114819
2-(2-methoxyethoxy)ethanol,155,6.02198126
2-(2-methoxyethoxy)ethanol,150,4.94888383
2-(2-methoxyethoxy)ethanol,145,4.03598011
2-(2-methoxyethoxy)ethanol,140,3.26668650
2-(2-methoxyethoxy)ethanol,135,2.62435069
2-(2-methoxyethoxy)ethanol,130,2.09278913
2-(2-methoxyethoxy)ethanol,125,1.65668623
2-(2-methoxyethoxy)ethanol,120,1.30189636
2-(2-methoxyethoxy)ethanol,115,1.01561736
2-(2-methoxyethoxy)ethanol,110,0.78647088
2-(2-methoxyethoxy)ethanol,105,0.60450505
2-(2-methoxyethoxy)ethanol,100,0.46113964
2-(2-methoxyethoxy)ethanol,95,0.34907241
2-(2-methoxyethoxy)ethanol,90,0.26216179
2-(2-methoxyethoxy)ethanol,85,0.19529899
2-(2-methoxyethoxy)ethanol,80,0.14427765
2-(2-methoxyethoxy)ethanol,75,0.10566826
2-(2-methoxyethoxy)ethanol,70,0.07670098
2-(2-methoxyethoxy)ethanol,65,0.05515936
2-(2-methoxyethoxy)ethanol,60,0.03928594
2-(2-methoxyethoxy)ethanol,55,0.02769994
2-(2-methoxyethoxy)ethanol,50,0.01932657
2-(2-methoxyethoxy)ethanol,45,0.01333710
2-(2-methoxyethoxy)ethanol,40,0.00909872
2-(2-methoxyethoxy)ethanol,35,0.00613307
2-(2-methoxyethoxy)ethanol,30,0.00408230
2-(2-methoxyethoxy)ethanol,25,0.00268161
2-(2-propoxyethoxy)ethanol,160,4.66943119
2-(2-propoxyethoxy)ethanol,155,3.81047748
2-(2-propoxyethoxy)ethanol,150,3.08873827
2-(2-propoxyethoxy)ethanol,145,2.48707731
2-(2-propoxyethoxy)ethanol,140,1.98936409
2-(2-propoxyethoxy)ethanol,135,1.58072164
2-(2-propoxyethoxy)ethanol,130,1.24767145
2-(2-propoxyethoxy)ethanol,125,0.97819234
2-(2-propoxyethoxy)ethanol,120,0.76171196
2-(2-propoxyethoxy)ethanol,115,0.58904827
2-(2-propoxyethoxy)ethanol,110,0.45231810
2-(2-propoxyethoxy)ethanol,105,0.34482419
2-(2-propoxyethoxy)ethanol,100,0.26093270
2-(2-propoxyethoxy)ethanol,95,0.19594829
2-(2-propoxyethoxy)ethanol,90,0.14599259
2-(2-propoxyethoxy)ethanol,85,0.10788963
2-(2-propoxyethoxy)ethanol,80,0.07906062
2-(2-propoxyethoxy)ethanol,75,0.05742926
2-(2-propoxyethoxy)ethanol,70,0.04133786
2-(2-propoxyethoxy)ethanol,65,0.02947419
2-(2-propoxyethoxy)ethanol,60,0.02080843
2-(2-propoxyethoxy)ethanol,55,0.01453959
2-(2-propoxyethoxy)ethanol,50,0.01005027
2-(2-propoxyethoxy)ethanol,45,0.00686908
2-(2-propoxyethoxy)ethanol,40,0.00463961
2-(2-propoxyethoxy)ethanol,35,0.00309510
2-(2-propoxyethoxy)ethanol,30,0.00203803
2-(2-propoxyethoxy)ethanol,25,0.00132374
"n-(2-aminoethyl)-1,2-ethanediamine",160,10.16570914
"n-(2-aminoethyl)-1,2-ethanediamine",155,8.55591859
"n-(2-aminoethyl)-1,2-ethanediamine",150,7.14190146
"n-(2-aminoethyl)-1,2-ethanediamine",145,5.91309166
"n-(2-aminoethyl)-1,2-ethanediamine",140,4.85645457
"n-(2-aminoethyl)-1,2-ethanediamine",135,3.95718752
"n-(2-aminoethyl)-1,2-ethanediamine",130,3.19948725
"n-(2-aminoethyl)-1,2-ethanediamine",125,2.56721432
"n-(2-aminoethyl)-1,2-ethanediamine",120,2.04449869
"n-(2-aminoethyl)-1,2-ethanediamine",115,1.61621834
"n-(2-aminoethyl)-1,2-ethanediamine",110,1.26833215
"n-(2-aminoethyl)-1,2-ethanediamine",105,0.98810296
"n-(2-aminoethyl)-1,2-ethanediamine",100,0.76420080
"n-(2-aminoethyl)-1,2-ethanediamine",95,0.58672078
"n-(2-aminoethyl)-1,2-ethanediamine",90,0.44713572
"n-(2-aminoethyl)-1,2-ethanediamine",85,0.33820428
"n-(2-aminoethyl)-1,2-ethanediamine",80,0.25385263
"n-(2-aminoethyl)-1,2-ethanediamine",75,0.18904335
"n-(2-aminoethyl)-1,2-ethanediamine",70,0.13964217
"n-(2-aminoethyl)-1,2-ethanediamine",65,0.10228915
"n-(2-aminoethyl)-1,2-ethanediamine",60,0.07427917
"n-(2-aminoethyl)-1,2-ethanediamine",55,0.05345401
"n-(2-aminoethyl)-1,2-ethanediamine",50,0.03810704
"n-(2-aminoethyl)-1,2-ethanediamine",45,0.02690061
"n-(2-aminoethyl)-1,2-ethanediamine",40,0.01879558
"n-(2-aminoethyl)-1,2-ethanediamine",35,0.01299196
"n-(2-aminoethyl)-1,2-ethanediamine",30,0.00887956
"n-(2-aminoethyl)-1,2-ethanediamine",25,0.00599740
di-2-ethylhexylphthalate,160,0.68851651
di-2-ethylhexylphthalate,155,0.54479711
di-2-ethylhexylphthalate,150,0.42864417
di-2-ethylhexylphthalate,145,0.33526066
di-2-ethylhexylphthalate,140,0.26059760
di-2-ethylhexylphthalate,135,0.20124979
di-2-ethylhexylphthalate,130,0.15436489
di-2-ethylhexylphthalate,125,0.11756447
di-2-ethylhexylphthalate,120,0.08887502
di-2-ethylhexylphthalate,115,0.06666769
di-2-ethylhexylphthalate,110,0.04960593
di-2-ethylhexylphthalate,105,0.03659976
di-2-ethylhexylphthalate,100,0.02676619
di-2-ethylhexylphthalate,95,0.01939494
di-2-ethylhexylphthalate,90,0.01391893
di-2-ethylhexylphthalate,85,0.00988902
di-2-ethylhexylphthalate,80,0.00695240
di-2-ethylhexylphthalate,75,0.00483445
di-2-ethylhexylphthalate,70,0.00332333
di-2-ethylhexylphthalate,65,0.00225731
di-2-ethylhexylphthalate,60,0.00151413
di-2-ethylhexylphthalate,55,0.00100239
di-2-ethylhexylphthalate,50,0.00065457
di-2-ethylhexylphthalate,45,0.00042134
di-2-ethylhexylphthalate,40,0.00026717
di-2-ethylhexylphthalate,35,0.00016677
di-2-ethylhexylphthalate,30,0.00010240
di-2-ethylhexylphthalate,25,0.00006179
di-n-hexylether,160,0.58088717
di-n-hexylether,155,0.45148372
di-n-hexylether,150,0.34889980
di-n-hexylether,145,0.26800018
di-n-hexylether,140,0.20455648
di-n-hexylether,135,0.15509692
di-n-hexylether,130,0.11678098
di-n-hexylether,125,0.08729438
di-n-hexylether,120,0.06476044
di-n-hexylether,115,0.04766556
di-n-hexylether,110,0.03479607
di-n-hexylether,105,0.02518502
di-n-hexylether,100,0.01806732
di-n-hexylether,95,0.01284200
di-n-hexylether,90,0.00904072
di-n-hexylether,85,0.00630151
di-n-hexylether,80,0.00434702
di-n-hexylether,75,0.00296669
di-n-hexylether,70,0.00200220
di-n-hexylether,65,0.00133572
di-n-hexylether,60,0.00088045
di-n-hexylether,55,0.00057316
di-n-hexylether,50,0.00036831
di-n-hexylether,45,0.00023352
di-n-hexylether,40,0.00014600
di-n-hexylether,35,0.00008996
di-n-hexylether,30,0.00005460
di-n-hexylether,25,0.00003262
dihexylphthalate,160,0.93316917
dihexylphthalate,155,0.74003456
dihexylphthalate,150,0.58351135
dihexylphthalate,145,0.45734119
dihexylphthalate,140,0.35621184
dihexylphthalate,135,0.27563352
dihexylphthalate,130,0.21182861
dihexylphthalate,125,0.16163447
dihexylphthalate,120,0.12241714
dihexylphthalate,115,0.09199522
dihexylphthalate,110,0.06857288
dihexylphthalate,105,0.05068108
dihexylphthalate,100,0.03712622
dihexylphthalate,95,0.02694536
dihexylphthalate,90,0.01936752
dihexylphthalate,85,0.01378037
dihexylphthalate,80,0.00970163
dihexylphthalate,75,0.00675485
dihexylphthalate,70,0.00464893
dihexylphthalate,65,0.00316101
dihexylphthalate,60,0.00212222
dihexylphthalate,55,0.00140601
dihexylphthalate,50,0.00091865
dihexylphthalate,45,0.00059155
dihexylphthalate,40,0.00037515
dihexylphthalate,35,0.00023414
dihexylphthalate,30,0.00014371
dihexylphthalate,25,0.00008667
"2,3-dihydropyran",160,10.03253146
"2,3-dihydropyran",155,8.21217494
"2,3-dihydropyran",150,6.64870827
"2,3-dihydropyran",145,5.32570051
"2,3-dihydropyran",140,4.22196644
"2,3-dihydropyran",135,3.31346812
"2,3-dihydropyran",130,2.57510171
"2,3-dihydropyran",125,1.98215052
"2,3-dihydropyran",120,1.51134981
"2,3-dihydropyran",115,1.14156749
"2,3-dihydropyran",110,0.85415141
"2,3-dihydropyran",105,0.63302531
"2,3-dihydropyran",100,0.46460777
"2,3-dihydropyran",95,0.33762117
"2,3-dihydropyran",90,0.24284219
"2,3-dihydropyran",85,0.17283052
"2,3-dihydropyran",80,0.12166009
"2,3-dihydropyran",75,0.08466764
"2,3-dihydropyran",70,0.05822647
"2,3-dihydropyran",65,0.03954866
"2,3-dihydropyran",60,0.02651610
"2,3-dihydropyran",55,0.01753861
"2,3-dihydropyran",50,0.01143703
"2,3-dihydropyran",45,0.00734805
"2,3-dihydropyran",40,0.00464795
"2,3-dihydropyran",35,0.00289237
"2,3-dihydropyran",30,0.00176931
"2,3-dihydropyran",25,0.00106301
rhodiasolv-dib1_cas_141_04_8,160,1.57737718
rhodiasolv-dib1_cas_141_04_8,155,1.26187722
rhodiasolv-dib1_cas_141_04_8,150,1.00377901
rhodiasolv-dib1_cas_141_04_8,145,0.79380643
rhodiasolv-dib1_cas_141_04_8,140,0.62395881
rhodiasolv-dib1_cas_141_04_8,135,0.48737633
rhodiasolv-dib1_cas_141_04_8,130,0.37821247
rhodiasolv-dib1_cas_141_04_8,125,0.29151372
rhodiasolv-dib1_cas_141_04_8,120,0.22310834
rhodiasolv-dib1_cas_141_04_8,115,0.16950444
rhodiasolv-dib1_cas_141_04_8,110,0.12779747
rhodiasolv-dib1_cas_141_04_8,105,0.09558709
rhodiasolv-dib1_cas_141_04_8,100,0.07090289
rhodiasolv-dib1_cas_141_04_8,95,0.05213869
rhodiasolv-dib1_cas_141_04_8,90,0.03799467
rhodiasolv-dib1_cas_141_04_8,85,0.02742695
rhodiasolv-dib1_cas_141_04_8,80,0.01960383
rhodiasolv-dib1_cas_141_04_8,75,0.01386815
rhodiasolv-dib1_cas_141_04_8,70,0.00970524
rhodiasolv-dib1_cas_141_04_8,65,0.00671563
rhodiasolv-dib1_cas_141_04_8,60,0.00459232
rhodiasolv-dib1_cas_141_04_8,55,0.00310170
rhodiasolv-dib1_cas_141_04_8,50,0.00206793
rhodiasolv-dib1_cas_141_04_8,45,0.00136009
rhodiasolv-dib1_cas_141_04_8,40,0.00088187
rhodiasolv-dib1_cas_141_04_8,35,0.00056331
rhodiasolv-dib1_cas_141_04_8,30,0.00035422
rhodiasolv-dib1_cas_141_04_8,25,0.00021910
diisopropylamine,160,4.27802965
diisopropylamine,155,3.45342825
diisopropylamine,150,2.77341134
diisopropylamine,145,2.21590957
diisopropylamine,140,1.76144119
diisopropylamine,135,1.39301941
diisopropylamine,130,1.09598737
diisopropylamine,125,0.85781424
diisopropylamine,120,0.66787431
diisopropylamine,115,0.51722554
diisopropylamine,110,0.39839595
diisopropylamine,105,0.30518412
diisopropylamine,100,0.23247691
diisopropylamine,95,0.17608558
diisopropylamine,90,0.13260044
diisopropylamine,85,0.09926361
diisopropylamine,80,0.07385850
diisopropylamine,75,0.05461493
diisopropylamine,70,0.04012828
diisopropylamine,65,0.02929121
diisopropylamine,60,0.02123638
diisopropylamine,55,0.01528894
diisopropylamine,50,0.01092726
diisopropylamine,45,0.00775087
diisopropylamine,40,0.00545439
diisopropylamine,35,0.00380652
diisopropylamine,30,0.00263334
diisopropylamine,25,0.00180496
4-methylene-2-oxetanone,160,7.20674745
4-methylene-2-oxetanone,155,5.71392901
4-methylene-2-oxetanone,150,4.48604614
4-methylene-2-oxetanone,145,3.48923987
4-methylene-2-oxetanone,140,2.68961309
4-methylene-2-oxetanone,135,2.05514359
4-methylene-2-oxetanone,130,1.55682560
4-methylene-2-oxetanone,125,1.16920484
4-methylene-2-oxetanone,120,0.87048707
4-methylene-2-oxetanone,115,0.64237636
4-methylene-2-oxetanone,110,0.46976171
4-methylene-2-oxetanone,105,0.34033538
4-methylene-2-oxetanone,100,0.24419498
4-methylene-2-oxetanone,95,0.17346281
4-methylene-2-oxetanone,90,0.12193793
4-methylene-2-oxetanone,85,0.08478932
4-methylene-2-oxetanone,80,0.05829159
4-methylene-2-oxetanone,75,0.03960148
4-methylene-2-oxetanone,70,0.02657187
4-methylene-2-oxetanone,65,0.01759903
4-methylene-2-oxetanone,60,0.01149866
4-methylene-2-oxetanone,55,0.00740662
4-methylene-2-oxetanone,50,0.00470016
4-methylene-2-oxetanone,45,0.00293641
4-methylene-2-oxetanone,40,0.00180470
4-methylene-2-oxetanone,35,0.00109027
4-methylene-2-oxetanone,30,0.00064690
4-methylene-2-oxetanone,25,0.00037665
dimethoxymethane,160,15.06624755
dimethoxymethane,155,12.79533295
dimethoxymethane,150,10.74768890
dimethoxymethane,145,8.92749911
dimethoxymethane,140,7.33288882
dimethoxymethane,135,5.95630311
dimethoxymethane,130,4.78515869
dimethoxymethane,125,3.80294608
dimethoxymethane,120,2.99054185
dimethoxymethane,115,2.32748325
dimethoxymethane,110,1.79316740
dimethoxymethane,105,1.36780689
dimethoxymethane,100,1.03310553
dimethoxymethane,95,0.77267756
dimethoxymethane,90,0.57223307
dimethoxymethane,85,0.41959028
dimethoxymethane,80,0.30456703
dimethoxymethane,75,0.21879849
dimethoxymethane,70,0.15551863
dimethoxymethane,65,0.10933143
dimethoxymethane,60,0.07599008
dimethoxymethane,55,0.05219400
dimethoxymethane,50,0.03540934
dimethoxymethane,45,0.02371427
dimethoxymethane,40,0.01566886
dimethoxymethane,35,0.01020754
dimethoxymethane,30,0.00655180
dimethoxymethane,25,0.00414033
dimethylisosorbide,160,2.93321740
dimethylisosorbide,155,2.35468447
dimethylisosorbide,150,1.87849768
dimethylisosorbide,145,1.48917760
dimethylisosorbide,140,1.17299345
dimethylisosorbide,135,0.91791151
dimethylisosorbide,130,0.71349848
dimethylisosorbide,125,0.55079719
dimethylisosorbide,120,0.42218731
dimethylisosorbide,115,0.32124116
dimethylisosorbide,110,0.24258119
dimethylisosorbide,105,0.18174406
dimethylisosorbide,100,0.13505409
dimethylisosorbide,95,0.09950773
dimethylisosorbide,90,0.07266990
dimethylisosorbide,85,0.05258210
dimethylisosorbide,80,0.03768194
dimethylisosorbide,75,0.02673352
dimethylisosorbide,70,0.01876770
dimethylisosorbide,65,0.01303139
dimethylisosorbide,60,0.00894491
dimethylisosorbide,55,0.00606644
dimethylisosorbide,50,0.00406274
dimethylisosorbide,45,0.00268516
dimethylisosorbide,40,0.00175030
dimethylisosorbide,35,0.00112449
dimethylisosorbide,30,0.00071152
dimethylisosorbide,25,0.00044308
2-butyne,160,16.98827179
2-butyne,155,14.12981664
2-butyne,150,11.58340323
2-butyne,145,9.36113653
2-butyne,140,7.46064660
2-butyne,135,5.86670015
2-butyne,130,4.55423912
2-butyne,125,3.49195789
2-butyne,120,2.64575842
2-butyne,115,1.98157906
2-butyne,110,1.46741366
2-butyne,105,1.07453175
2-butyne,100,0.77804472
2-butyne,95,0.55699691
2-butyne,90,0.39415241
2-butyne,85,0.27561306
2-butyne,80,0.19036445
2-butyne,75,0.12981285
2-butyne,70,0.08734997
2-butyne,65,0.05796462
2-butyne,60,0.03790849
2-butyne,55,0.02441623
2-butyne,50,0.01547612
2-butyne,45,0.00964578
2-butyne,40,0.00590653
2-butyne,35,0.00355018
2-butyne,30,0.00209253
2-butyne,25,0.00120822
dimethyl_adipate,160,3.09275716
dimethyl_adipate,155,2.48363969
dimethyl_adipate,150,1.98133459
dimethyl_adipate,145,1.57008825
dimethyl_adipate,140,1.23578884
dimethyl_adipate,135,0.96596617
dimethyl_adipate,130,0.74973410
dimethyl_adipate,125,0.57769382
dimethyl_adipate,120,0.44181269
dimethyl_adipate,115,0.33529063
dimethyl_adipate,110,0.25242264
dimethyl_adipate,105,0.18846390
dimethyl_adipate,100,0.13950147
dimethyl_adipate,95,0.10233558
dimethyl_adipate,90,0.07437154
dimethyl_adipate,85,0.05352326
dimethyl_adipate,80,0.03812817
dimethyl_adipate,75,0.02687302
dimethyl_adipate,70,0.01873017
dimethyl_adipate,65,0.01290315
dimethyl_adipate,60,0.00878091
dimethyl_adipate,55,0.00589957
dimethyl_adipate,50,0.00391084
dimethyl_adipate,45,0.00255626
dimethyl_adipate,40,0.00164635
dimethyl_adipate,35,0.00104401
dimethyl_adipate,30,0.00065136
dimethyl_adipate,25,0.00039948
dimethylamine,160,34.23566881
dimethylamine,155,31.22620944
dimethylamine,150,28.26617421
dimethylamine,145,25.37563587
dimethylamine,140,22.57661413
dimethylamine,135,19.89150253
dimethylamine,130,17.34254669
dimethylamine,125,14.95125784
dimethylamine,120,12.73747760
dimethylamine,115,10.71716839
dimethylamine,110,8.90159467
dimethylamine,105,7.29673976
dimethylamine,100,5.90207435
dimethylamine,95,4.71095357
dimethylamine,90,3.71126364
dimethylamine,85,2.88643977
dimethylamine,80,2.21706528
dimethylamine,75,1.68236918
dimethylamine,70,1.26162502
dimethylamine,65,0.93522460
dimethylamine,60,0.68541096
dimethylamine,55,0.49666513
dimethylamine,50,0.35582437
dimethylamine,45,0.25200121
dimethylamine,40,0.17638254
dimethylamine,35,0.12196733
dimethylamine,30,0.08328690
dimethylamine,25,0.05613438
dimethylcarbonate,160,8.62669566
dimethylcarbonate,155,7.00020733
dimethylcarbonate,150,5.62012068
dimethylcarbonate,145,4.46559922
dimethylcarbonate,140,3.51272174
dimethylcarbonate,135,2.73624154
dimethylcarbonate,130,2.11108963
dimethylcarbonate,125,1.61349311
dimethylcarbonate,120,1.22171824
dimethylcarbonate,115,0.91647660
dimethylcarbonate,110,0.68106643
dimethylcarbonate,105,0.50132186
dimethylcarbonate,100,0.36544022
dimethylcarbonate,95,0.26374026
dimethylcarbonate,90,0.18839156
dimethylcarbonate,85,0.13314181
dimethylcarbonate,80,0.09305909
dimethylcarbonate,75,0.06429829
dimethylcarbonate,70,0.04389588
dimethylcarbonate,65,0.02959392
dimethylcarbonate,60,0.01969200
dimethylcarbonate,55,0.01292479
dimethylcarbonate,50,0.00836227
dimethylcarbonate,45,0.00532963
dimethylcarbonate,40,0.00334371
dimethylcarbonate,35,0.00206341
dimethylcarbonate,30,0.00125147
dimethylcarbonate,25,0.00074534
"1,2-dimethoxyethane",160,12.80506420
"1,2-dimethoxyethane",155,10.88166989
"1,2-dimethoxyethane",150,9.16171326
"1,2-dimethoxyethane",145,7.64176514
"1,2-dimethoxyethane",140,6.31458561
"1,2-dimethoxyethane",135,5.16951865
"1,2-dimethoxyethane",130,4.19325180
"1,2-dimethoxyethane",125,3.37054114
"1,2-dimethoxyethane",120,2.68507003
"1,2-dimethoxyethane",115,2.12019235
"1,2-dimethoxyethane",110,1.65961139
"1,2-dimethoxyethane",105,1.28790595
"1,2-dimethoxyethane",100,0.99088943
"1,2-dimethoxyethane",95,0.75583452
"1,2-dimethoxyethane",90,0.57156340
"1,2-dimethoxyethane",85,0.42844178
"1,2-dimethoxyethane",80,0.31830275
"1,2-dimethoxyethane",75,0.23432571
"1,2-dimethoxyethane",70,0.17089098
"1,2-dimethoxyethane",65,0.12342594
"1,2-dimethoxyethane",60,0.08825321
"1,2-dimethoxyethane",55,0.06244834
"1,2-dimethoxyethane",50,0.04371075
"1,2-dimethoxyethane",45,0.03024996
"1,2-dimethoxyethane",40,0.02068730
"1,2-dimethoxyethane",35,0.01397269
"1,2-dimethoxyethane",30,0.00931513
"1,2-dimethoxyethane",25,0.00612555
dimethyldisulfide,160,7.56384784
dimethyldisulfide,155,6.08624169
dimethyldisulfide,150,4.84759257
dimethyldisulfide,145,3.82311583
dimethyldisulfide,140,2.98638447
dimethyldisulfide,135,2.31101698
dimethyldisulfide,130,1.77193202
dimethyldisulfide,125,1.34616499
dimethyldisulfide,120,1.01330852
dimethyldisulfide,115,0.75566290
dimethyldisulfide,110,0.55818338
dimethyldisulfide,105,0.40829949
dimethyldisulfide,100,0.29566416
dimethyldisulfide,95,0.21187394
dimethyldisulfide,90,0.15018790
dimethyldisulfide,85,0.10526168
dimethyldisulfide,80,0.07290615
dimethyldisulfide,75,0.04987456
dimethyldisulfide,70,0.03367904
dimethyldisulfide,65,0.02243538
dimethyldisulfide,60,0.01473362
dimethyldisulfide,55,0.00953190
dimethyldisulfide,50,0.00607038
dimethyldisulfide,45,0.00380252
dimethyldisulfide,40,0.00234087
dimethyldisulfide,35,0.00141496
dimethyldisulfide,30,0.00083898
dimethyldisulfide,25,0.00048749
2-(dimethylamino)-ethanol,160,13.13144299
2-(dimethylamino)-ethanol,155,11.20732001
2-(dimethylamino)-ethanol,150,9.48109267
2-(dimethylamino)-ethanol,145,7.94964061
2-(dimethylamino)-ethanol,140,6.60628513
2-(dimethylamino)-ethanol,135,5.44128758
2-(dimethylamino)-ethanol,130,4.44233663
2-(dimethylamino)-ethanol,125,3.59528041
2-(dimethylamino)-ethanol,120,2.88481400
2-(dimethylamino)-ethanol,115,2.29520390
2-(dimethylamino)-ethanol,110,1.81088967
2-(dimethylamino)-ethanol,105,1.41699544
2-(dimethylamino)-ethanol,100,1.09970312
2-(dimethylamino)-ethanol,95,0.84648564
2-(dimethylamino)-ethanol,90,0.64623196
2-(dimethylamino)-ethanol,85,0.48927039
2-(dimethylamino)-ethanol,80,0.36732199
2-(dimethylamino)-ethanol,75,0.27340539
2-(dimethylamino)-ethanol,70,0.20171260
2-(dimethylamino)-ethanol,65,0.14747136
2-(dimethylamino)-ethanol,60,0.10680552
2-(dimethylamino)-ethanol,55,0.07660086
2-(dimethylamino)-ethanol,50,0.05438137
2-(dimethylamino)-ethanol,45,0.03819845
2-(dimethylamino)-ethanol,40,0.02653403
2-(dimethylamino)-ethanol,35,0.01821731
2-(dimethylamino)-ethanol,30,0.01235464
2-(dimethylamino)-ethanol,25,0.00827103
dimethylether,160,33.45597812
dimethylether,155,30.41359219
dimethylether,150,27.42229961
dimethylether,145,24.50336565
dimethylether,140,21.68037690
dimethylether,135,18.97819954
dimethylether,130,16.42138851
dimethylether,125,14.03385711
dimethylether,120,11.83650544
dimethylether,115,9.84646969
dimethylether,110,8.07504152
dimethylether,105,6.52687543
dimethylether,100,5.19912699
dimethylether,95,4.08204418
dimethylether,90,3.15987937
dimethylether,85,2.41254373
dimethylether,80,1.81751115
dimethylether,75,1.35162921
dimethylether,70,0.99259403
dimethylether,65,0.72000514
dimethylether,60,0.51596130
dimethylether,55,0.36528626
dimethylether,50,0.25547614
dimethylether,45,0.17647605
dimethylether,40,0.12036825
dimethylether,35,0.08103264
dimethylether,30,0.05381743
dimethylether,25,0.03524185
dimethylformamide,160,16.49322668
dimethylformamide,155,14.27539573
dimethylformamide,150,12.24960046
dimethylformamide,145,10.41843972
dimethylformamide,140,8.78099482
dimethylformamide,135,7.33301464
dimethylformamide,130,6.06719332
dimethylformamide,125,4.97336427
dimethylformamide,120,4.03909533
dimethylformamide,115,3.25026373
dimethylformamide,110,2.59176105
dimethylformamide,105,2.04812878
dimethylformamide,100,1.60416033
dimethylformamide,95,1.24537214
dimethylformamide,90,0.95836253
dimethylformamide,85,0.73103932
dimethylformamide,80,0.55272818
dimethylformamide,75,0.41419057
dimethylformamide,70,0.30756815
dimethylformamide,65,0.22628033
dimethylformamide,60,0.16489426
dimethylformamide,55,0.11898281
dimethylformamide,50,0.08498222
dimethylformamide,45,0.06005666
dimethylformamide,40,0.04197465
dimethylformamide,35,0.02899940
dimethylformamide,30,0.01979385
dimethylformamide,25,0.01333995
pentanedioicaciddimethylester,160,3.01233813
pentanedioicaciddimethylester,155,2.40533301
pentanedioicaciddimethylester,150,1.90792233
pentanedioicaciddimethylester,145,1.50323600
pentanedioicaciddimethylester,140,1.17632239
pentanedioicaciddimethylester,135,0.91410354
pentanedioicaciddimethylester,130,0.70527328
pentanedioicaciddimethylester,125,0.54016002
pentanedioicaciddimethylester,120,0.41057046
pentanedioicaciddimethylester,115,0.30962670
pentanedioicaciddimethylester,110,0.23160504
pentanedioicaciddimethylester,105,0.17178237
pentanedioicaciddimethylester,100,0.12629349
pentanedioicaciddimethylester,95,0.09200149
pentanedioicaciddimethylester,90,0.06638177
pentanedioicaciddimethylester,85,0.04741984
pentanedioicaciddimethylester,80,0.03352235
pentanedioicaciddimethylester,75,0.02344044
pentanedioicaciddimethylester,70,0.01620449
pentanedioicaciddimethylester,65,0.01106911
pentanedioicaciddimethylester,60,0.00746712
pentanedioicaciddimethylester,55,0.00497162
pentanedioicaciddimethylester,50,0.00326493
pentanedioicaciddimethylester,45,0.00211345
pentanedioicaciddimethylester,40,0.00134755
pentanedioicaciddimethylester,35,0.00084569
pentanedioicaciddimethylester,30,0.00052198
pentanedioicaciddimethylester,25,0.00031659
2-methyl-1-propen-1-one(dimethylketene),160,10.03346523
2-methyl-1-propen-1-one(dimethylketene),155,8.07133934
2-methyl-1-propen-1-one(dimethylketene),150,6.41859309
2-methyl-1-propen-1-one(dimethylketene),145,5.04878649
2-methyl-1-propen-1-one(dimethylketene),140,3.93015844
2-methyl-1-propen-1-one(dimethylketene),135,3.02891097
2-methyl-1-propen-1-one(dimethylketene),130,2.31175246
2-methyl-1-propen-1-one(dimethylketene),125,1.74761545
2-methyl-1-propen-1-one(dimethylketene),120,1.30864116
2-methyl-1-propen-1-one(dimethylketene),115,0.97059839
2-methyl-1-propen-1-one(dimethylketene),110,0.71291212
2-methyl-1-propen-1-one(dimethylketene),105,0.51845041
2-methyl-1-propen-1-one(dimethylketene),100,0.37318090
2-methyl-1-propen-1-one(dimethylketene),95,0.26577339
2-methyl-1-propen-1-one(dimethylketene),90,0.18719679
2-methyl-1-propen-1-one(dimethylketene),85,0.13033867
2-methyl-1-propen-1-one(dimethylketene),80,0.08966223
2-methyl-1-propen-1-one(dimethylketene),75,0.06090626
2-methyl-1-propen-1-one(dimethylketene),70,0.04082885
2-methyl-1-propen-1-one(dimethylketene),65,0.02699259
2-methyl-1-propen-1-one(dimethylketene),60,0.01758715
2-methyl-1-propen-1-one(dimethylketene),55,0.01128505
2-methyl-1-propen-1-one(dimethylketene),50,0.00712579
2-methyl-1-propen-1-one(dimethylketene),45,0.00442414
2-methyl-1-propen-1-one(dimethylketene),40,0.00269846
2-methyl-1-propen-1-one(dimethylketene),35,0.00161545
2-methyl-1-propen-1-one(dimethylketene),30,0.00094829
2-methyl-1-propen-1-one(dimethylketene),25,0.00054527
dimethylmaleate,160,2.67879707
dimethylmaleate,155,2.11301318
dimethylmaleate,150,1.65595728
dimethylmaleate,145,1.28922633
dimethylmaleate,140,0.99695049
dimethylmaleate,135,0.76559381
dimethylmaleate,130,0.58372202
dimethylmaleate,125,0.44176037
dimethylmaleate,120,0.33175659
dimethylmaleate,115,0.24715704
dimethylmaleate,110,0.18260204
dimethylmaleate,105,0.13374161
dimethylmaleate,100,0.09707230
dimethylmaleate,95,0.06979464
dimethylmaleate,90,0.04968982
dimethylmaleate,85,0.03501405
dimethylmaleate,80,0.02440885
dimethylmaleate,75,0.01682570
dimethylmaleate,70,0.01146301
dimethylmaleate,65,0.00771423
dimethylmaleate,60,0.00512520
dimethylmaleate,55,0.00335966
dimethylmaleate,50,0.00217159
dimethylmaleate,45,0.00138316
dimethylmaleate,40,0.00086753
dimethylmaleate,35,0.00053541
dimethylmaleate,30,0.00032491
dimethylmaleate,25,0.00019371
dimethylphthalate,160,2.12136047
dimethylphthalate,155,1.68166458
dimethylphthalate,150,1.32460957
dimethylphthalate,145,1.03654128
dimethylphthalate,140,0.80565537
dimethylphthalate,135,0.62183883
dimethylphthalate,130,0.47649980
dimethylphthalate,125,0.36239637
dimethylphthalate,120,0.27347055
dimethylphthalate,115,0.20469262
dimethylphthalate,110,0.15191756
dimethylphthalate,105,0.11175505
dimethylphthalate,100,0.08145332
dimethylphthalate,95,0.05879652
dimethylphthalate,90,0.04201494
dimethylphthalate,85,0.02970723
dimethylphthalate,80,0.02077363
dimethylphthalate,75,0.01435913
dimethylphthalate,70,0.00980550
dimethylphthalate,65,0.00661127
dimethylphthalate,60,0.00439853
dimethylphthalate,55,0.00288573
dimethylphthalate,50,0.00186565
dimethylphthalate,45,0.00118773
dimethylphthalate,40,0.00074402
dimethylphthalate,35,0.00045823
dimethylphthalate,30,0.00027723
dimethylphthalate,25,0.00016460
dimethylsuccinate,160,3.23920817
dimethylsuccinate,155,2.57374073
dimethylsuccinate,150,2.03071672
dimethylsuccinate,145,1.59100110
dimethylsuccinate,140,1.23761907
dimethylsuccinate,135,0.95574005
dimethylsuccinate,130,0.73257626
dimethylsuccinate,125,0.55723006
dimethylsuccinate,120,0.42051225
dimethylsuccinate,115,0.31474961
dimethylsuccinate,110,0.23359374
dimethylsuccinate,105,0.17183879
dimethylsuccinate,100,0.12525285
dimethylsuccinate,95,0.09042554
dimethylsuccinate,90,0.06463242
dimethylsuccinate,85,0.04571647
dimethylsuccinate,80,0.03198548
dimethylsuccinate,75,0.02212452
dimethylsuccinate,70,0.01512188
dimethylsuccinate,65,0.01020717
dimethylsuccinate,60,0.00680012
dimethylsuccinate,55,0.00446856
dimethylsuccinate,50,0.00289449
dimethylsuccinate,45,0.00184683
dimethylsuccinate,40,0.00115988
dimethylsuccinate,35,0.00071646
dimethylsuccinate,30,0.00043492
dimethylsuccinate,25,0.00025923
dimethylsulfate,160,4.63722453
dimethylsulfate,155,3.65338419
dimethylsulfate,150,2.85149690
dimethylsulfate,145,2.20533755
dimethylsulfate,140,1.69024557
dimethylsulfate,135,1.28383067
dimethylsulfate,130,0.96632551
dimethylsulfate,125,0.72067224
dimethylsulfate,120,0.53242804
dimethylsulfate,115,0.38956086
dimethylsulfate,110,0.28218793
dimethylsulfate,105,0.20229505
dimethylsulfate,100,0.14345983
dimethylsulfate,95,0.10059332
dimethylsulfate,90,0.06970750
dimethylsulfate,85,0.04771141
dimethylsulfate,80,0.03223602
dimethylsulfate,75,0.02148645
dimethylsulfate,70,0.01411897
dimethylsulfate,65,0.00914008
dimethylsulfate,60,0.00582482
dimethylsulfate,55,0.00365138
dimethylsulfate,50,0.00224963
dimethylsulfate,45,0.00136102
dimethylsulfate,40,0.00080781
dimethylsulfate,35,0.00046992
dimethylsulfate,30,0.00026764
dimethylsulfate,25,0.00014907
dimethylsulfide,160,17.11663163
dimethylsulfide,155,14.41750398
dimethylsulfide,150,11.97964134
dimethylsulfide,145,9.81807979
dimethylsulfide,140,7.93726938
dimethylsulfide,135,6.33118721
dimethylsulfide,130,4.98462110
dimethylsulfide,125,3.87527067
dimethylsulfide,120,2.97638142
dimethylsulfide,115,2.25926061
dimethylsulfide,110,1.69541787
dimethylsulfide,105,1.25810909
dimethylsulfide,100,0.92329878
dimethylsulfide,95,0.67011983
dimethylsulfide,90,0.48095857
dimethylsulfide,85,0.34129110
dimethylsulfide,80,0.23937782
dimethylsulfide,75,0.16589398
dimethylsulfide,70,0.11354845
dimethylsulfide,65,0.07672290
dimethylsulfide,60,0.05114778
dimethylsulfide,55,0.03362240
dimethylsulfide,50,0.02177967
dimethylsulfide,45,0.01389294
dimethylsulfide,40,0.00872041
dimethylsulfide,35,0.00538192
dimethylsulfide,30,0.00326311
dimethylsulfide,25,0.00194194
dimethylsulfone,160,0.06158511
dimethylsulfone,155,0.04706085
dimethylsulfone,150,0.03579660
dimethylsulfone,145,0.02709941
dimethylsulfone,140,0.02041516
dimethylsulfone,135,0.01530244
dimethylsulfone,130,0.01141100
dimethylsulfone,125,0.00846413
dimethylsulfone,120,0.00624417
dimethylsulfone,115,0.00458079
dimethylsulfone,110,0.00334130
dimethylsulfone,105,0.00242290
dimethylsulfone,100,0.00174637
dimethylsulfone,95,0.00125097
dimethylsulfone,90,0.00089043
dimethylsulfone,85,0.00062967
dimethylsulfone,80,0.00044231
dimethylsulfone,75,0.00030857
dimethylsulfone,70,0.00021375
dimethylsulfone,65,0.00014700
dimethylsulfone,60,0.00010034
dimethylsulfone,55,0.00006797
dimethylsulfone,50,0.00004568
dimethylsulfone,45,0.00003045
dimethylsulfone,40,0.00002013
dimethylsulfone,35,0.00001319
dimethylsulfone,30,0.00000857
dimethylsulfone,25,0.00000552
dimethylsulfoxide,160,7.75297854
dimethylsulfoxide,155,6.53050028
dimethylsulfoxide,150,5.46907753
dimethylsulfoxide,145,4.55330595
dimethylsulfoxide,140,3.76834587
dimethylsulfoxide,135,3.10000333
dimethylsulfoxide,130,2.53480002
dimethylsulfoxide,125,2.06008914
dimethylsulfoxide,120,1.66411030
dimethylsulfoxide,115,1.33605912
dimethylsulfoxide,110,1.06612594
dimethylsulfoxide,105,0.84550859
dimethylsulfoxide,100,0.66640143
dimethylsulfoxide,95,0.52195776
dimethylsulfoxide,90,0.40623807
dimethylsulfoxide,85,0.31414190
dimethylsulfoxide,80,0.24133174
dimethylsulfoxide,75,0.18415289
dimethylsulfoxide,70,0.13955287
dimethylsulfoxide,65,0.10500362
dimethylsulfoxide,60,0.07842822
dimethylsulfoxide,55,0.05813381
dimethylsulfoxide,50,0.04275112
dimethylsulfoxide,45,0.03118106
dimethylsulfoxide,40,0.02254807
dimethylsulfoxide,35,0.01616002
dimethylsulfoxide,30,0.01147401
dimethylsulfoxide,25,0.00806760
hexanedioicacid-dioctylester,160,0.67648792
hexanedioicacid-dioctylester,155,0.53557626
hexanedioicacid-dioctylester,150,0.42164946
hexanedioicacid-dioctylester,145,0.33001776
hexanedioicacid-dioctylester,140,0.25672141
hexanedioicacid-dioctylester,135,0.19842942
hexanedioicacid-dioctylester,130,0.15235103
hexanedioicacid-dioctylester,125,0.11615878
hexanedioicacid-dioctylester,120,0.08792111
hexanedioicacid-dioctylester,115,0.06604362
hexanedioicacid-dioctylester,110,0.04921773
hexanedioicacid-dioctylester,105,0.03637606
hexanedioicacid-dioctylester,100,0.02665366
hexanedioicacid-dioctylester,95,0.01935450
hexanedioicacid-dioctylester,90,0.01392259
hexanedioicacid-dioctylester,85,0.00991727
hexanedioicacid-dioctylester,80,0.00699215
hexanedioicacid-dioctylester,75,0.00487729
hexanedioicacid-dioctylester,70,0.00336425
hexanedioicacid-dioctylester,65,0.00229363
hexanedioicacid-dioctylester,60,0.00154473
hexanedioicacid-dioctylester,55,0.00102716
hexanedioicacid-dioctylester,50,0.00067394
hexanedioicacid-dioctylester,45,0.00043605
hexanedioicacid-dioctylester,40,0.00027804
hexanedioicacid-dioctylester,35,0.00017459
hexanedioicacid-dioctylester,30,0.00010788
hexanedioicacid-dioctylester,25,0.00006555
dipentene,160,1.22033769
dipentene,155,0.94225302
dipentene,150,0.72310973
dipentene,145,0.55133795
dipentene,140,0.41747842
dipentene,135,0.31381585
dipentene,130,0.23407712
dipentene,125,0.17318115
dipentene,120,0.12703087
dipentene,115,0.09233972
dipentene,110,0.06648688
dipentene,105,0.04739597
dipentene,100,0.03343389
dipentene,95,0.02332627
dipentene,90,0.01608717
dipentene,85,0.01096080
dipentene,80,0.00737350
dipentene,75,0.00489442
dipentene,70,0.00320361
dipentene,65,0.00206627
dipentene,60,0.00131228
dipentene,55,0.00082002
dipentene,50,0.00050376
dipentene,45,0.00030399
dipentene,40,0.00018002
dipentene,35,0.00010452
dipentene,30,0.00005944
dipentene,25,0.00003307
"1,1'-(1,2-ethynediyl)bisbenzene",160,2.02348431
"1,1'-(1,2-ethynediyl)bisbenzene",155,1.59625097
"1,1'-(1,2-ethynediyl)bisbenzene",150,1.25107356
"1,1'-(1,2-ethynediyl)bisbenzene",145,0.97398918
"1,1'-(1,2-ethynediyl)bisbenzene",140,0.75302828
"1,1'-(1,2-ethynediyl)bisbenzene",135,0.57801421
"1,1'-(1,2-ethynediyl)bisbenzene",130,0.44036082
"1,1'-(1,2-ethynediyl)bisbenzene",125,0.33287700
"1,1'-(1,2-ethynediyl)bisbenzene",120,0.24958322
"1,1'-(1,2-ethynediyl)bisbenzene",115,0.18554306
"1,1'-(1,2-ethynediyl)bisbenzene",110,0.13671074
"1,1'-(1,2-ethynediyl)bisbenzene",105,0.09979519
"1,1'-(1,2-ethynediyl)bisbenzene",100,0.07213990
"1,1'-(1,2-ethynediyl)bisbenzene",95,0.05161777
"1,1'-(1,2-ethynediyl)bisbenzene",90,0.03653997
"1,1'-(1,2-ethynediyl)bisbenzene",85,0.02557750
"1,1'-(1,2-ethynediyl)bisbenzene",80,0.01769425
"1,1'-(1,2-ethynediyl)bisbenzene",75,0.01209039
"1,1'-(1,2-ethynediyl)bisbenzene",70,0.00815490
"1,1'-(1,2-ethynediyl)bisbenzene",65,0.00542611
"1,1'-(1,2-ethynediyl)bisbenzene",60,0.00355923
"1,1'-(1,2-ethynediyl)bisbenzene",55,0.00229990
"1,1'-(1,2-ethynediyl)bisbenzene",50,0.00146291
"1,1'-(1,2-ethynediyl)bisbenzene",45,0.00091524
"1,1'-(1,2-ethynediyl)bisbenzene",40,0.00056272
"1,1'-(1,2-ethynediyl)bisbenzene",35,0.00033970
"1,1'-(1,2-ethynediyl)bisbenzene",30,0.00020116
"1,1'-(1,2-ethynediyl)bisbenzene",25,0.00011672
"1,1'-(1,2-ethynediyl)bisbenzene",160,2.02348431
"1,1'-(1,2-ethynediyl)bisbenzene",155,1.59625097
"1,1'-(1,2-ethynediyl)bisbenzene",150,1.25107356
"1,1'-(1,2-ethynediyl)bisbenzene",145,0.97398918
"1,1'-(1,2-ethynediyl)bisbenzene",140,0.75302828
"1,1'-(1,2-ethynediyl)bisbenzene",135,0.57801421
"1,1'-(1,2-ethynediyl)bisbenzene",130,0.44036082
"1,1'-(1,2-ethynediyl)bisbenzene",125,0.33287700
"1,1'-(1,2-ethynediyl)bisbenzene",120,0.24958322
"1,1'-(1,2-ethynediyl)bisbenzene",115,0.18554306
"1,1'-(1,2-ethynediyl)bisbenzene",110,0.13671074
"1,1'-(1,2-ethynediyl)bisbenzene",105,0.09979519
"1,1'-(1,2-ethynediyl)bisbenzene",100,0.07213990
"1,1'-(1,2-ethynediyl)bisbenzene",95,0.05161777
"1,1'-(1,2-ethynediyl)bisbenzene",90,0.03653997
"1,1'-(1,2-ethynediyl)bisbenzene",85,0.02557750
"1,1'-(1,2-ethynediyl)bisbenzene",80,0.01769425
"1,1'-(1,2-ethynediyl)bisbenzene",75,0.01209039
"1,1'-(1,2-ethynediyl)bisbenzene",70,0.00815490
"1,1'-(1,2-ethynediyl)bisbenzene",65,0.00542611
"1,1'-(1,2-ethynediyl)bisbenzene",60,0.00355923
"1,1'-(1,2-ethynediyl)bisbenzene",55,0.00229990
"1,1'-(1,2-ethynediyl)bisbenzene",50,0.00146291
"1,1'-(1,2-ethynediyl)bisbenzene",45,0.00091524
"1,1'-(1,2-ethynediyl)bisbenzene",40,0.00056272
"1,1'-(1,2-ethynediyl)bisbenzene",35,0.00033970
"1,1'-(1,2-ethynediyl)bisbenzene",30,0.00020116
"1,1'-(1,2-ethynediyl)bisbenzene",25,0.00011672
diphenylether,160,2.37447098
diphenylether,155,1.87737302
diphenylether,150,1.47451475
diphenylether,145,1.15024368
diphenylether,140,0.89101364
diphenylether,135,0.68521951
diphenylether,130,0.52300958
diphenylether,125,0.39609123
diphenylether,120,0.29754015
diphenylether,115,0.22161970
diphenylether,110,0.16361376
diphenylether,105,0.11967546
diphenylether,100,0.08669180
diphenylether,95,0.06216431
diphenylether,90,0.04410474
diphenylether,85,0.03094489
diphenylether,80,0.02145944
diphenylether,75,0.01470032
diphenylether,70,0.00994152
diphenylether,65,0.00663317
diphenylether,60,0.00436356
diphenylether,55,0.00282816
diphenylether,50,0.00180462
diphenylether,45,0.00113277
diphenylether,40,0.00069888
diphenylether,35,0.00042344
diphenylether,30,0.00025171
diphenylether,25,0.00014665
diphenylsulfone,160,1.45672061
diphenylsulfone,155,1.14858253
diphenylsulfone,150,0.90020934
diphenylsulfone,145,0.70115015
diphenylsulfone,140,0.54255988
diphenylsulfone,135,0.41699308
diphenylsulfone,130,0.31821647
diphenylsulfone,125,0.24104041
diphenylsulfone,120,0.18116905
diphenylsulfone,115,0.13506751
diphenylsulfone,110,0.09984553
diphenylsulfone,105,0.07315550
diphenylsulfone,100,0.05310399
diphenylsulfone,95,0.03817519
diphenylsulfone,90,0.02716511
diphenylsulfone,85,0.01912539
diphenylsulfone,80,0.01331554
diphenylsulfone,75,0.00916277
diphenylsulfone,70,0.00622833
diphenylsulfone,65,0.00417962
diphenylsulfone,60,0.00276729
diphenylsulfone,55,0.00180650
diphenylsulfone,50,0.00116195
diphenylsulfone,45,0.00073584
diphenylsulfone,40,0.00045845
diphenylsulfone,35,0.00028077
diphenylsulfone,30,0.00016889
diphenylsulfone,25,0.00009968
n-phenyl-benzeneamine,160,4.90675372
n-phenyl-benzeneamine,155,4.06558731
n-phenyl-benzeneamine,150,3.34924815
n-phenyl-benzeneamine,145,2.74347580
n-phenyl-benzeneamine,140,2.23469116
n-phenyl-benzeneamine,135,1.81020160
n-phenyl-benzeneamine,130,1.45832925
n-phenyl-benzeneamine,125,1.16849237
n-phenyl-benzeneamine,120,0.93122827
n-phenyl-benzeneamine,115,0.73817749
n-phenyl-benzeneamine,110,0.58203715
n-phenyl-benzeneamine,105,0.45649270
n-phenyl-benzeneamine,100,0.35613606
n-phenyl-benzeneamine,95,0.27637673
n-phenyl-benzeneamine,90,0.21335074
n-phenyl-benzeneamine,85,0.16383187
n-phenyl-benzeneamine,80,0.12514683
n-phenyl-benzeneamine,75,0.09509692
n-phenyl-benzeneamine,70,0.07188685
n-phenyl-benzeneamine,65,0.05406101
n-phenyl-benzeneamine,60,0.04044743
n-phenyl-benzeneamine,55,0.03010899
n-phenyl-benzeneamine,50,0.02230142
n-phenyl-benzeneamine,45,0.01643769
n-phenyl-benzeneamine,40,0.01205784
n-phenyl-benzeneamine,35,0.00880393
n-phenyl-benzeneamine,30,0.00639925
n-phenyl-benzeneamine,25,0.00463133
diphenylmethane,160,2.27187011
diphenylmethane,155,1.79267464
diphenylmethane,150,1.40513691
diphenylmethane,145,1.09383990
diphenylmethane,140,0.84549362
diphenylmethane,135,0.64875074
diphenylmethane,130,0.49400665
diphenylmethane,125,0.37319797
diphenylmethane,120,0.27960806
diphenylmethane,115,0.20768498
diphenylmethane,110,0.15287454
diphenylmethane,105,0.11147012
diphenylmethane,100,0.08047892
diphenylmethane,95,0.05750451
diphenylmethane,90,0.04064446
diphenylmethane,85,0.02840220
diphenylmethane,80,0.01961156
diphenylmethane,75,0.01337293
diphenylmethane,70,0.00899965
diphenylmethane,65,0.00597345
diphenylmethane,60,0.00390772
diphenylmethane,55,0.00251769
diphenylmethane,50,0.00159634
diphenylmethane,45,0.00099526
diphenylmethane,40,0.00060962
diphenylmethane,35,0.00036652
diphenylmethane,30,0.00021608
diphenylmethane,25,0.00012478
dipropylamine,160,4.56652811
dipropylamine,155,3.69718364
dipropylamine,150,2.97707195
dipropylamine,145,2.38431838
dipropylamine,140,1.89935550
dipropylamine,135,1.50492407
dipropylamine,130,1.18598384
dipropylamine,125,0.92956506
dipropylamine,120,0.72458776
dipropylamine,115,0.56166686
dipropylamine,110,0.43291554
dipropylamine,105,0.33175530
dipropylamine,100,0.25273797
dipropylamine,95,0.19138253
dipropylamine,90,0.14402828
dipropylamine,85,0.10770458
dipropylamine,80,0.08001670
dipropylamine,75,0.05904693
dipropylamine,70,0.04326971
dipropylamine,65,0.03147960
dipropylamine,60,0.02273046
dipropylamine,55,0.01628478
dipropylamine,50,0.01157163
dipropylamine,45,0.00815216
dipropylamine,40,0.00569145
dipropylamine,35,0.00393577
dipropylamine,30,0.00269434
dipropylamine,25,0.00182485
4-heptanone,160,5.31410092
4-heptanone,155,4.30414521
4-heptanone,150,3.46088588
4-heptanone,145,2.76288231
4-heptanone,140,2.18991448
4-heptanone,135,1.72337204
4-heptanone,130,1.34647436
4-heptanone,125,1.04435295
4-heptanone,120,0.80403180
4-heptanone,115,0.61433705
4-heptanone,110,0.46576152
4-heptanone,105,0.35030435
4-heptanone,100,0.26130064
4-heptanone,95,0.19325170
4-heptanone,90,0.14166297
4-heptanone,85,0.10289381
4-heptanone,80,0.07402180
4-heptanone,75,0.05272209
4-heptanone,70,0.03716215
4-heptanone,65,0.02591101
4-heptanone,60,0.01786199
4-heptanone,55,0.01216775
4-heptanone,50,0.00818623
4-heptanone,45,0.00543619
4-heptanone,40,0.00356097
4-heptanone,35,0.00229940
4-heptanone,30,0.00146260
4-heptanone,25,0.00091573
dipropyleneglycoln-butylether,160,2.67815628
dipropyleneglycoln-butylether,155,2.16716866
dipropyleneglycoln-butylether,150,1.74407874
dipropyleneglycoln-butylether,145,1.39578914
dipropyleneglycoln-butylether,140,1.11073241
dipropyleneglycoln-butylether,135,0.87878498
dipropyleneglycoln-butylether,130,0.69116127
dipropyleneglycoln-butylether,125,0.54029681
dipropyleneglycoln-butylether,120,0.41972721
dipropyleneglycoln-butylether,115,0.32396791
dipropyleneglycoln-butylether,110,0.24839820
dipropyleneglycoln-butylether,105,0.18915200
dipropyleneglycoln-butylether,100,0.14301674
dipropyleneglycoln-butylether,95,0.10734121
dipropyleneglycoln-butylether,90,0.07995261
dipropyleneglycoln-butylether,85,0.05908272
dipropyleneglycoln-butylether,80,0.04330291
dipropyleneglycoln-butylether,75,0.03146743
dipropyleneglycoln-butylether,70,0.02266431
dipropyleneglycoln-butylether,65,0.01617339
dipropyleneglycoln-butylether,60,0.01143054
dipropyleneglycoln-butylether,55,0.00799757
dipropyleneglycoln-butylether,50,0.00553710
dipropyleneglycoln-butylether,45,0.00379169
dipropyleneglycoln-butylether,40,0.00256679
dipropyleneglycoln-butylether,35,0.00171680
dipropyleneglycoln-butylether,30,0.00113388
dipropyleneglycoln-butylether,25,0.00073903
1-(1-methyl-2-propoxyethoxy)-2-propanol,160,3.61239114
1-(1-methyl-2-propoxyethoxy)-2-propanol,155,2.94678211
1-(1-methyl-2-propoxyethoxy)-2-propanol,150,2.38968095
1-(1-methyl-2-propoxyethoxy)-2-propanol,145,1.92646385
1-(1-methyl-2-propoxyethoxy)-2-propanol,140,1.54380458
1-(1-methyl-2-propoxyethoxy)-2-propanol,135,1.22972080
1-(1-methyl-2-propoxyethoxy)-2-propanol,130,0.97356807
1-(1-methyl-2-propoxyethoxy)-2-propanol,125,0.76599340
1-(1-methyl-2-propoxyethoxy)-2-propanol,120,0.59886198
1-(1-methyl-2-propoxyethoxy)-2-propanol,115,0.46516407
1-(1-methyl-2-propoxyethoxy)-2-propanol,110,0.35891268
1-(1-methyl-2-propoxyethoxy)-2-propanol,105,0.27503693
1-(1-methyl-2-propoxyethoxy)-2-propanol,100,0.20927628
1-(1-methyl-2-propoxyethoxy)-2-propanol,95,0.15807891
1-(1-methyl-2-propoxyethoxy)-2-propanol,90,0.11850635
1-(1-methyl-2-propoxyethoxy)-2-propanol,85,0.08814600
1-(1-methyl-2-propoxyethoxy)-2-propanol,80,0.06503195
1-(1-methyl-2-propoxyethoxy)-2-propanol,75,0.04757449
1-(1-methyl-2-propoxyethoxy)-2-propanol,70,0.03449804
1-(1-methyl-2-propoxyethoxy)-2-propanol,65,0.02478714
1-(1-methyl-2-propoxyethoxy)-2-propanol,60,0.01763996
1-(1-methyl-2-propoxyethoxy)-2-propanol,55,0.01242864
1-(1-methyl-2-propoxyethoxy)-2-propanol,50,0.00866576
1-(1-methyl-2-propoxyethoxy)-2-propanol,45,0.00597635
1-(1-methyl-2-propoxyethoxy)-2-propanol,40,0.00407461
1-(1-methyl-2-propoxyethoxy)-2-propanol,35,0.00274482
1-(1-methyl-2-propoxyethoxy)-2-propanol,30,0.00182584
1-(1-methyl-2-propoxyethoxy)-2-propanol,25,0.00119855
dpg-monomethyl-ether-acetate,160,3.37634467
dpg-monomethyl-ether-acetate,155,2.74720160
dpg-monomethyl-ether-acetate,150,2.22171938
dpg-monomethyl-ether-acetate,145,1.78577313
dpg-monomethyl-ether-acetate,140,1.42651360
dpg-monomethyl-ether-acetate,135,1.13240687
dpg-monomethyl-ether-acetate,130,0.89322425
dpg-monomethyl-ether-acetate,125,0.69999393
dpg-monomethyl-ether-acetate,120,0.54492700
dpg-monomethyl-ether-acetate,115,0.42132499
dpg-monomethyl-ether-acetate,110,0.32347872
dpg-monomethyl-ether-acetate,105,0.24656360
dpg-monomethyl-ether-acetate,100,0.18653593
dpg-monomethyl-ether-acetate,95,0.14003363
dpg-monomethyl-ether-acetate,90,0.10428337
dpg-monomethyl-ether-acetate,85,0.07701539
dpg-monomethyl-ether-acetate,80,0.05638674
dpg-monomethyl-ether-acetate,75,0.04091296
dpg-monomethyl-ether-acetate,70,0.02940806
dpg-monomethyl-ether-acetate,65,0.02093247
dpg-monomethyl-ether-acetate,60,0.01474819
dpg-monomethyl-ether-acetate,55,0.01028078
dpg-monomethyl-ether-acetate,50,0.00708720
dpg-monomethyl-ether-acetate,45,0.00482909
dpg-monomethyl-ether-acetate,40,0.00325060
dpg-monomethyl-ether-acetate,35,0.00216035
dpg-monomethyl-ether-acetate,30,0.00141671
dpg-monomethyl-ether-acetate,25,0.00091614
"1,1'-thiobisethene",160,7.22131845
"1,1'-thiobisethene",155,5.78901793
"1,1'-thiobisethene",150,4.59797396
"1,1'-thiobisethene",145,3.61939382
"1,1'-thiobisethene",140,2.82431961
"1,1'-thiobisethene",135,2.18506898
"1,1'-thiobisethene",130,1.67617000
"1,1'-thiobisethene",125,1.27487083
"1,1'-thiobisethene",120,0.96132678
"1,1'-thiobisethene",115,0.71856325
"1,1'-thiobisethene",110,0.53229719
"1,1'-thiobisethene",105,0.39068004
"1,1'-thiobisethene",100,0.28400592
"1,1'-thiobisethene",95,0.20441589
"1,1'-thiobisethene",90,0.14561532
"1,1'-thiobisethene",85,0.10261528
"1,1'-thiobisethene",80,0.07150246
"1,1'-thiobisethene",75,0.04923907
"1,1'-thiobisethene",70,0.03349187
"1,1'-thiobisethene",65,0.02248820
"1,1'-thiobisethene",60,0.01489655
"1,1'-thiobisethene",55,0.00972849
"1,1'-thiobisethene",50,0.00625938
"1,1'-thiobisethene",45,0.00396480
"1,1'-thiobisethene",40,0.00247045
"1,1'-thiobisethene",35,0.00151299
"1,1'-thiobisethene",30,0.00090996
"1,1'-thiobisethene",25,0.00053694
dodecane,160,0.17528825
dodecane,155,0.13168947
dodecane,150,0.09819812
dodecane,145,0.07264908
dodecane,140,0.05330280
dodecane,135,0.03876838
dodecane,130,0.02793974
dodecane,125,0.01994287
dodecane,120,0.01409192
dodecane,115,0.00985276
dodecane,110,0.00681287
dodecane,105,0.00465646
dodecane,100,0.00314408
dodecane,95,0.00209599
dodecane,90,0.00137872
dodecane,85,0.00089427
dodecane,80,0.00057158
dodecane,75,0.00035974
dodecane,70,0.00022277
dodecane,65,0.00013563
dodecane,60,0.00008112
dodecane,55,0.00004761
dodecane,50,0.00002740
dodecane,45,0.00001545
dodecane,40,0.00000852
dodecane,35,0.00000459
dodecane,30,0.00000242
dodecane,25,0.00000124
dodecanol,160,2.20482605
dodecanol,155,1.79722809
dodecanol,150,1.45871734
dodecanol,145,1.17877714
dodecanol,140,0.94827398
dodecanol,135,0.75931463
dodecanol,130,0.60511061
dodecanol,125,0.47985145
dodecanol,120,0.37858746
dodecanol,115,0.29712231
dodecanol,110,0.23191546
dodecanol,105,0.17999412
dodecanol,100,0.13887452
dodecanol,95,0.10649178
dodecanol,90,0.08113802
dodecanol,85,0.06140796
dodecanol,80,0.04615142
dodecanol,75,0.03443223
dodecanol,70,0.02549267
dodecanol,65,0.01872306
dodecanol,60,0.01363581
dodecanol,55,0.00984351
dodecanol,50,0.00704038
dodecanol,45,0.00498679
dodecanol,40,0.00349634
dodecanol,35,0.00242522
dodecanol,30,0.00166341
dodecanol,25,0.00112746
dopamine,160,5.67416711
dopamine,155,4.93795329
dopamine,150,4.30062581
dopamine,145,3.75036690
dopamine,140,3.27647927
dopamine,135,2.86935646
dopamine,130,2.52043577
dopamine,125,2.22214218
dopamine,120,1.96780980
dopamine,115,1.75163235
dopamine,110,1.56857966
dopamine,105,1.41433488
dopamine,100,1.28523259
dopamine,95,1.17820399
dopamine,90,1.09073063
dopamine,85,1.02080719
dopamine,80,0.96692454
dopamine,75,0.92805259
dopamine,70,0.90365560
dopamine,65,0.89372067
dopamine,60,0.89881103
dopamine,55,0.92014609
dopamine,50,0.95969394
dopamine,45,1.02028777
dopamine,40,1.10569714
dopamine,35,1.22066589
dopamine,30,1.37068953
dopamine,25,1.56167302
eicosane,160,0.09446212
eicosane,155,0.07101081
eicosane,150,0.05297482
eicosane,145,0.03920359
eicosane,140,0.02876885
eicosane,135,0.02092583
eicosane,130,0.01508075
eicosane,125,0.01076349
eicosane,120,0.00760456
eicosane,115,0.00531592
eicosane,110,0.00367492
eicosane,105,0.00251105
eicosane,100,0.00169496
eicosane,95,0.00112956
eicosane,90,0.00074274
eicosane,85,0.00048157
eicosane,80,0.00030767
eicosane,75,0.00019355
eicosane,70,0.00011981
eicosane,65,0.00007291
eicosane,60,0.00004358
eicosane,55,0.00002557
eicosane,50,0.00001471
eicosane,45,0.00000828
eicosane,40,0.00000457
eicosane,35,0.00000246
eicosane,30,0.00000129
eicosane,25,0.00000066
(chloromethyl)-oxirane,160,5.22369560
(chloromethyl)-oxirane,155,4.08040042
(chloromethyl)-oxirane,150,3.16009278
(chloromethyl)-oxirane,145,2.42706342
(chloromethyl)-oxirane,140,1.84884293
(chloromethyl)-oxirane,135,1.39688275
(chloromethyl)-oxirane,130,1.04669961
(chloromethyl)-oxirane,125,0.77770025
(chloromethyl)-oxirane,120,0.57283184
(chloromethyl)-oxirane,115,0.41815668
(chloromethyl)-oxirane,110,0.30241229
(chloromethyl)-oxirane,105,0.21659177
(chloromethyl)-oxirane,100,0.15356220
(chloromethyl)-oxirane,95,0.10772829
(chloromethyl)-oxirane,90,0.07474254
(chloromethyl)-oxirane,85,0.05125955
(chloromethyl)-oxirane,80,0.03473074
(chloromethyl)-oxirane,75,0.02323461
(chloromethyl)-oxirane,70,0.01533824
(chloromethyl)-oxirane,65,0.00998519
(chloromethyl)-oxirane,60,0.00640598
(chloromethyl)-oxirane,55,0.00404720
(chloromethyl)-oxirane,50,0.00251616
(chloromethyl)-oxirane,45,0.00153813
(chloromethyl)-oxirane,40,0.00092376
(chloromethyl)-oxirane,35,0.00054457
(chloromethyl)-oxirane,30,0.00031483
(chloromethyl)-oxirane,25,0.00017831
caprolactam,160,5.64664205
caprolactam,155,4.60602631
caprolactam,150,3.73136595
caprolactam,145,3.00231488
caprolactam,140,2.39950153
caprolactam,135,1.90492648
caprolactam,130,1.50220682
caprolactam,125,1.17669310
caprolactam,120,0.91548692
caprolactam,115,0.70738542
caprolactam,110,0.54277687
caprolactam,105,0.41350531
caprolactam,100,0.31272038
caprolactam,95,0.23472286
caprolactam,90,0.17481381
caprolactam,85,0.12915249
caprolactam,80,0.09462606
caprolactam,75,0.06873254
caprolactam,70,0.04947765
caprolactam,65,0.03528502
caprolactam,60,0.02491917
caprolactam,55,0.01742022
caprolactam,50,0.01204902
caprolactam,45,0.00824168
caprolactam,40,0.00557210
caprolactam,35,0.00372149
caprolactam,30,0.00245386
caprolactam,25,0.00159639
ethane,160,11.26727978
ethane,155,8.31206272
ethane,150,6.08531886
ethane,145,4.42672225
ethane,140,3.20049124
ethane,135,2.29913926
ethane,130,1.64018830
ethane,125,1.16121639
ethane,120,0.81528609
ethane,115,0.56723450
ethane,110,0.39079421
ethane,105,0.26640595
ethane,100,0.17956796
ethane,95,0.11958638
ethane,90,0.07862841
ethane,85,0.05100297
ethane,80,0.03261345
ethane,75,0.02054197
ethane,70,0.01273443
ethane,65,0.00776325
ethane,60,0.00465002
ethane,55,0.00273410
ethane,50,0.00157653
ethane,45,0.00089060
ethane,40,0.00049236
ethane,35,0.00026609
ethane,30,0.00014040
ethane,25,0.00007224
ethane,160,11.26727978
ethane,155,8.31206272
ethane,150,6.08531886
ethane,145,4.42672225
ethane,140,3.20049124
ethane,135,2.29913926
ethane,130,1.64018830
ethane,125,1.16121639
ethane,120,0.81528609
ethane,115,0.56723450
ethane,110,0.39079421
ethane,105,0.26640595
ethane,100,0.17956796
ethane,95,0.11958638
ethane,90,0.07862841
ethane,85,0.05100297
ethane,80,0.03261345
ethane,75,0.02054197
ethane,70,0.01273443
ethane,65,0.00776325
ethane,60,0.00465002
ethane,55,0.00273410
ethane,50,0.00157653
ethane,45,0.00089060
ethane,40,0.00049236
ethane,35,0.00026609
ethane,30,0.00014040
ethane,25,0.00007224
ethanesulfonylchloride,160,8.78104624
ethanesulfonylchloride,155,7.36979875
ethanesulfonylchloride,150,6.13364187
ethanesulfonylchloride,145,5.06233035
ethanesulfonylchloride,140,4.14371310
ethanesulfonylchloride,135,3.36422925
ethanesulfonylchloride,130,2.70955965
ethanesulfonylchloride,125,2.16516266
ethanesulfonylchloride,120,1.71679898
ethanesulfonylchloride,115,1.35094032
ethanesulfonylchloride,110,1.05506871
ethanesulfonylchloride,105,0.81786034
ethanesulfonylchloride,100,0.62927831
ethanesulfonylchloride,95,0.48058208
ethanesulfonylchloride,90,0.36427917
ethanesulfonylchloride,85,0.27403700
ethanesulfonylchloride,80,0.20457131
ethanesulfonylchloride,75,0.15152381
ethanesulfonylchloride,70,0.11133878
ethanesulfonylchloride,65,0.08114470
ethanesulfonylchloride,60,0.05864514
ethanesulfonylchloride,55,0.04202081
ethanesulfonylchloride,50,0.02984375
ethanesulfonylchloride,45,0.02100341
ethanesulfonylchloride,40,0.01464402
ethanesulfonylchloride,35,0.01011228
ethanesulfonylchloride,30,0.00691414
ethanesulfonylchloride,25,0.00467963
ethanethiol,160,19.81217462
ethanethiol,155,17.04882381
ethanethiol,150,14.49122138
ethanethiol,145,12.16064531
ethanethiol,140,10.07177110
ethanethiol,135,8.23177743
ethanethiol,130,6.63951923
ethanethiol,125,5.28586516
ethanethiol,120,4.15492078
ethanethiol,115,3.22581092
ethanethiol,110,2.47464553
ethanethiol,105,1.87647252
ethanethiol,100,1.40688381
ethanethiol,95,1.04317447
ethanethiol,90,0.76505749
ethanethiol,85,0.55498794
ethanethiol,80,0.39819775
ethanethiol,75,0.28253707
ethanethiol,70,0.19820507
ethanethiol,65,0.13743184
ethanethiol,60,0.09415351
ethanethiol,55,0.06370614
ethanethiol,50,0.04255189
ethanethiol,45,0.02804315
ethanethiol,40,0.01822486
ethanethiol,35,0.01167275
ethanethiol,30,0.00736341
ethanethiol,25,0.00457183
ethanol,160,22.80368320
ethanol,155,19.60534958
ethanol,150,16.64368432
ethanol,145,13.94858733
ethanol,140,11.54005765
ethanol,135,9.42683591
ethanol,130,7.60619679
ethanol,125,6.06509933
ethanol,120,4.78236421
ethanol,115,3.73136084
ethanol,110,2.88265120
ethanol,105,2.20636061
ethanol,100,1.67396878
ethanol,95,1.25947994
ethanol,90,0.94005391
ethanol,85,0.69620061
ethanol,80,0.51168057
ethanol,75,0.37322647
ethanol,70,0.27017657
ethanol,65,0.19408298
ethanol,60,0.13833350
ethanol,55,0.09780883
ethanol,50,0.06858470
ethanol,45,0.04768050
ethanol,40,0.03285215
ethanol,35,0.02242440
ethanol,30,0.01515710
ethanol,25,0.01013991
ethanolamine,160,12.50737939
ethanolamine,155,10.29179181
ethanolamine,150,8.37627582
ethanolamine,145,6.74535585
ethanolamine,140,5.37680487
ethanolamine,135,4.24406147
ethanolamine,130,3.31845940
ethanolamine,125,2.57115362
ethanolamine,120,1.97455207
ethanolamine,115,1.50328215
ethanolamine,110,1.13473639
ethanolamine,105,0.84928372
ethanolamine,100,0.63023983
ethanolamine,95,0.46368121
ethanolamine,90,0.33816985
ethanolamine,85,0.24443946
ethanolamine,80,0.17507670
ethanolamine,75,0.12421892
ethanolamine,70,0.08728001
ethanolamine,65,0.06070991
ethanolamine,60,0.04178860
ethanolamine,55,0.02845322
ethanolamine,50,0.01915528
ethanolamine,45,0.01274452
ethanolamine,40,0.00837563
ethanolamine,35,0.00543422
ethanolamine,30,0.00347883
ethanolamine,25,0.00219605
ethylacetate,160,11.89067388
ethylacetate,155,9.96427658
ethylacetate,150,8.26259139
ethylacetate,145,6.77983816
ethylacetate,140,5.50540264
ethylacetate,135,4.42470493
ethylacetate,130,3.52031594
ethylacetate,125,2.77307280
ethylacetate,120,2.16320784
ethylacetate,115,1.67130200
ethylacetate,110,1.27900751
ethylacetate,105,0.96955165
ethylacetate,100,0.72801488
ethylacetate,95,0.54143390
ethylacetate,90,0.39877123
ethylacetate,85,0.29079454
ethylacetate,80,0.20990303
ethylacetate,75,0.14992825
ethylacetate,70,0.10593035
ethylacetate,65,0.07400282
ethylacetate,60,0.05109348
ethylacetate,55,0.03484584
ethylacetate,50,0.02346197
ethylacetate,45,0.01558643
ethylacetate,40,0.01020984
ethylacetate,35,0.00658996
ethylacetate,30,0.00418812
ethylacetate,25,0.00261871
ethylacetoacetate,160,2.96659253
ethylacetoacetate,155,2.34892712
ethylacetoacetate,150,1.84794334
ethylacetoacetate,145,1.44434892
ethylacetoacetate,140,1.12139917
ethylacetoacetate,135,0.86472574
ethylacetoacetate,130,0.66212280
ethylacetoacetate,125,0.50331555
ethylacetoacetate,120,0.37972760
ethylacetoacetate,115,0.28425724
ethylacetoacetate,110,0.21106968
ethylacetoacetate,105,0.15540770
ethylacetoacetate,100,0.11342252
ethylacetoacetate,95,0.08202459
ethylacetoacetate,90,0.05875368
ethylacetoacetate,85,0.04166681
ethylacetoacetate,80,0.02924271
ethylacetoacetate,75,0.02030084
ethylacetoacetate,70,0.01393367
ethylacetoacetate,65,0.00945032
ethylacetoacetate,60,0.00633022
ethylacetoacetate,55,0.00418535
ethylacetoacetate,50,0.00272974
ethylacetoacetate,45,0.00175512
ethylacetoacetate,40,0.00111172
ethylacetoacetate,35,0.00069322
ethylacetoacetate,30,0.00042522
ethylacetoacetate,25,0.00025637
butyne,160,23.17347426
butyne,155,20.25986049
butyne,150,17.52646055
butyne,145,14.99611488
butyne,140,12.68705038
butyne,135,10.61108127
butyne,130,8.77314673
butyne,125,7.17112678
butyne,120,5.79623252
butyne,115,4.63403008
butyne,110,3.66589596
butyne,105,2.87063400
butyne,100,2.22596242
butyne,95,1.70983611
butyne,90,1.30143845
butyne,85,0.98183046
butyne,80,0.73430889
butyne,75,0.54451543
butyne,70,0.40037393
butyne,65,0.29191626
butyne,60,0.21104763
butyne,55,0.15128936
butyne,50,0.10752354
butyne,45,0.07575574
butyne,40,0.05290348
butyne,35,0.03661350
butyne,30,0.02510798
butyne,25,0.01705749
2-propenoicacidethylester,160,8.19829618
2-propenoicacidethylester,155,6.71570947
2-propenoicacidethylester,150,5.44913373
2-propenoicacidethylester,145,4.38032907
2-propenoicacidethylester,140,3.48904361
2-propenoicacidethylester,135,2.75420172
2-propenoicacidethylester,130,2.15491044
2-propenoicacidethylester,125,1.67125374
2-propenoicacidethylester,120,1.28483851
2-propenoicacidethylester,115,0.97912271
2-propenoicacidethylester,110,0.73955975
2-propenoicacidethylester,105,0.55360253
2-propenoicacidethylester,100,0.41061008
2-propenoicacidethylester,95,0.30169211
2-propenoicacidethylester,90,0.21952117
2-propenoicacidethylester,85,0.15813307
2-propenoicacidethylester,80,0.11273012
2-propenoicacidethylester,75,0.07949643
2-propenoicacidethylester,70,0.05543040
2-propenoicacidethylester,65,0.03819677
2-propenoicacidethylester,60,0.02599876
2-propenoicacidethylester,55,0.01746941
2-propenoicacidethylester,50,0.01158081
2-propenoicacidethylester,45,0.00756925
2-propenoicacidethylester,40,0.00487438
2-propenoicacidethylester,35,0.00309044
2-propenoicacidethylester,30,0.00192760
2-propenoicacidethylester,25,0.00118180
ethylamine,160,36.39839657
ethylamine,155,33.49585527
ethylamine,150,30.62434807
ethylamine,145,27.80018384
ethylamine,140,25.04010902
ethylamine,135,22.36326587
ethylamine,130,19.78915712
ethylamine,125,17.33817993
ethylamine,120,15.02988194
ethylamine,115,12.88195841
ethylamine,110,10.91027052
ethylamine,105,9.12651538
ethylamine,100,7.53765892
ethylamine,95,6.14546437
ethylamine,90,4.94584661
ethylamine,85,3.92959373
ethylamine,80,3.08303422
ethylamine,75,2.38927700
ethylamine,70,1.82961492
ethylamine,65,1.38485183
ethylamine,60,1.03638427
ethylamine,55,0.76701444
ethylamine,50,0.56144047
ethylamine,45,0.40647135
ethylamine,40,0.29103641
ethylamine,35,0.20605283
ethylamine,30,0.14421378
ethylamine,25,0.09974204
3-octanone,160,3.87774226
3-octanone,155,3.11740536
3-octanone,150,2.48992791
3-octanone,145,1.97582019
3-octanone,140,1.55756949
3-octanone,135,1.21967425
3-octanone,130,0.94859245
3-octanone,125,0.73262981
3-octanone,120,0.56179243
3-octanone,115,0.42762099
3-octanone,110,0.32301913
3-octanone,105,0.24208451
3-octanone,100,0.17994853
3-octanone,95,0.13262787
3-octanone,90,0.09689000
3-octanone,85,0.07013309
3-octanone,80,0.05028038
3-octanone,75,0.03568838
3-octanone,70,0.02506788
3-octanone,65,0.01741684
3-octanone,60,0.01196378
3-octanone,55,0.00812059
3-octanone,50,0.00544361
3-octanone,45,0.00360173
3-octanone,40,0.00235066
3-octanone,35,0.00151229
3-octanone,30,0.00095839
3-octanone,25,0.00059783
ethylbenzene,160,3.73994647
ethylbenzene,155,2.93845177
ethylbenzene,150,2.29233365
ethylbenzene,145,1.77548241
ethylbenzene,140,1.36513630
ethylbenzene,135,1.04177306
ethylbenzene,130,0.78886378
ethylbenzene,125,0.59256770
ethylbenzene,120,0.44140738
ethylbenzene,115,0.32594961
ethylbenzene,110,0.23850665
ethylbenzene,105,0.17286484
ethylbenzene,100,0.12404339
ethylbenzene,95,0.08808333
ethylbenzene,90,0.06186531
ethylbenzene,85,0.04295383
ethylbenzene,80,0.02946542
ethylbenzene,75,0.01995819
ethylbenzene,70,0.01333997
ethylbenzene,65,0.00879280
ethylbenzene,60,0.00571129
ethylbenzene,55,0.00365306
ethylbenzene,50,0.00229910
ethylbenzene,45,0.00142259
ethylbenzene,40,0.00086466
ethylbenzene,35,0.00051577
ethylbenzene,30,0.00030163
ethylbenzene,25,0.00017277
ethylbenzoate,160,3.48524586
ethylbenzoate,155,2.78828308
ethylbenzoate,150,2.21530906
ethylbenzoate,145,1.74787270
ethylbenzoate,140,1.36939819
ethylbenzoate,135,1.06523093
ethylbenzoate,130,0.82259372
ethylbenzoate,125,0.63048242
ethylbenzoate,120,0.47952425
ethylbenzoate,115,0.36181673
ethylbenzoate,110,0.27076015
ethylbenzoate,105,0.20089267
ethylbenzoate,100,0.14773381
ethylbenzoate,95,0.10764001
ethylbenzoate,90,0.07767397
ethylbenzoate,85,0.05548859
ethylbenzoate,80,0.03922519
ethylbenzoate,75,0.02742549
ethylbenzoate,70,0.01895634
ethylbenzoate,65,0.01294599
ethylbenzoate,60,0.00873078
ethylbenzoate,55,0.00581100
ethylbenzoate,50,0.00381466
ethylbenzoate,45,0.00246821
ethylbenzoate,40,0.00157298
ethylbenzoate,35,0.00098664
ethylbenzoate,30,0.00060862
ethylbenzoate,25,0.00036891
bromoethane,160,8.30012257
bromoethane,155,6.71662894
bromoethane,150,5.36889996
bromoethane,145,4.24100349
bromoethane,140,3.31210835
bromoethane,135,2.55853222
bromoethane,130,1.95568019
bromoethane,125,1.47963215
bromoethane,120,1.10825159
bromoethane,115,0.82182860
bromoethane,110,0.60334279
bromoethane,105,0.43845496
bromoethane,100,0.31532828
bromoethane,95,0.22435875
bromoethane,90,0.15787032
bromoethane,85,0.10981064
bromoethane,80,0.07546759
bromoethane,75,0.05121687
bromoethane,70,0.03430415
bromoethane,65,0.02266141
bromoethane,60,0.01475505
bromoethane,55,0.00946230
bromoethane,50,0.00597206
bromoethane,45,0.00370657
bromoethane,40,0.00226032
bromoethane,35,0.00135309
bromoethane,30,0.00079436
bromoethane,25,0.00045689
1-ethoxybutane,160,3.42106207
1-ethoxybutane,155,2.71509372
1-ethoxybutane,150,2.14237812
1-ethoxybutane,145,1.68056142
1-ethoxybutane,140,1.31039882
1-ethoxybutane,135,1.01548636
1-ethoxybutane,130,0.78196236
1-ethoxybutane,125,0.59820365
1-ethoxybutane,120,0.45453349
1-ethoxybutane,115,0.34295033
1-ethoxybutane,110,0.25688185
1-ethoxybutane,105,0.19096526
1-ethoxybutane,100,0.14085426
1-ethoxybutane,95,0.10305049
1-ethoxybutane,90,0.07475811
1-ethoxybutane,85,0.05375911
1-ethoxybutane,80,0.03830733
1-ethoxybutane,75,0.02703906
1-ethoxybutane,70,0.01889805
1-ethoxybutane,65,0.01307332
1-ethoxybutane,60,0.00894783
1-ethoxybutane,55,0.00605649
1-ethoxybutane,50,0.00405224
1-ethoxybutane,45,0.00267871
1-ethoxybutane,40,0.00174860
1-ethoxybutane,35,0.00112654
1-ethoxybutane,30,0.00071588
1-ethoxybutane,25,0.00044843
3-heptanone,160,5.43511937
3-heptanone,155,4.40738558
3-heptanone,150,3.54791767
3-heptanone,145,2.83544253
3-heptanone,140,2.24978592
3-heptanone,135,1.77229379
3-heptanone,130,1.38608036
3-heptanone,125,1.07613361
3-heptanone,120,0.82931485
3-heptanone,115,0.63428236
3-heptanone,110,0.48136561
3-heptanone,105,0.36241112
3-heptanone,100,0.27061568
3-heptanone,95,0.20035816
3-heptanone,90,0.14703763
3-heptanone,85,0.10692257
3-heptanone,80,0.07701396
3-heptanone,75,0.05492319
3-heptanone,70,0.03876528
3-heptanone,65,0.02706653
3-heptanone,60,0.01868586
3-heptanone,55,0.01274849
3-heptanone,50,0.00859072
3-heptanone,45,0.00571439
3-heptanone,40,0.00374980
3-heptanone,35,0.00242579
3-heptanone,30,0.00154596
3-heptanone,25,0.00096987
ethylbutyrate,160,5.89540326
ethylbutyrate,155,4.78899844
ethylbutyrate,150,3.85958126
ethylbutyrate,145,3.08636382
ethylbutyrate,140,2.44905345
ethylbutyrate,135,1.92845544
ethylbutyrate,130,1.50688091
ethylbutyrate,125,1.16838254
ethylbutyrate,120,0.89885171
ethylbutyrate,115,0.68600840
ethylbutyrate,110,0.51931744
ethylbutyrate,105,0.38985678
ethylbutyrate,100,0.29015917
ethylbutyrate,95,0.21404314
ethylbutyrate,90,0.15644436
ethylbutyrate,85,0.11325501
ethylbutyrate,80,0.08117553
ethylbutyrate,75,0.05758115
ethylbutyrate,70,0.04040419
ethylbutyrate,65,0.02803192
ethylbutyrate,60,0.01921916
ethylbutyrate,55,0.01301463
ethylbutyrate,50,0.00869940
ethylbutyrate,45,0.00573636
ethylbutyrate,40,0.00372893
ethylbutyrate,35,0.00238796
ethylbutyrate,30,0.00150535
ethylbutyrate,25,0.00093341
ethylhexanoate,160,3.17274238
ethylhexanoate,155,2.53934660
ethylhexanoate,150,2.01960828
ethylhexanoate,145,1.59600362
ethylhexanoate,140,1.25305783
ethylhexanoate,135,0.97726922
ethylhexanoate,130,0.75698254
ethylhexanoate,125,0.58223322
ethylhexanoate,120,0.44457725
ethylhexanoate,115,0.33691917
ethylhexanoate,110,0.25334440
ethylhexanoate,105,0.18896132
ethylhexanoate,100,0.13975576
ethylhexanoate,95,0.10245922
ethylhexanoate,90,0.07443145
ethylhexanoate,85,0.05355692
ethylhexanoate,80,0.03815467
ethylhexanoate,75,0.02690057
ethylhexanoate,70,0.01876094
ethylhexanoate,65,0.01293639
ethylhexanoate,60,0.00881476
ethylhexanoate,55,0.00593209
ethylhexanoate,50,0.00394050
ethylhexanoate,45,0.00258211
ethylhexanoate,40,0.00166798
ethylhexanoate,35,0.00106146
ethylhexanoate,30,0.00066495
ethylhexanoate,25,0.00040974
urethane,160,3.52158116
urethane,155,2.79177168
urethane,150,2.20223922
urethane,145,1.72849604
urethane,140,1.34975360
urethane,135,1.04851467
urethane,130,0.81016114
urethane,125,0.62255990
urethane,120,0.47570087
urethane,115,0.36137243
urethane,110,0.27287596
urethane,105,0.20477705
urethane,100,0.15269174
urethane,95,0.11310359
urethane,90,0.08320852
urethane,85,0.06078397
urethane,80,0.04407928
urethane,75,0.03172437
urethane,70,0.02265413
urethane,65,0.01604627
urethane,60,0.01127050
urethane,55,0.00784722
urethane,50,0.00541435
urethane,45,0.00370066
urethane,40,0.00250467
urethane,35,0.00167798
urethane,30,0.00111224
urethane,25,0.00072911
chloroethane,160,17.57556623
chloroethane,155,14.82786798
chloroethane,150,12.32676368
chloroethane,145,10.09412813
chloroethane,140,8.14144788
chloroethane,135,6.46874527
chloroethane,130,5.06506545
chloroethane,125,3.91033675
chloroethane,120,2.97813855
chloroethane,115,2.23872738
chloroethane,110,1.66176853
chloroethane,105,1.21839357
chloroethane,100,0.88252558
chloroethane,95,0.63154444
chloroethane,90,0.44645123
chloroethane,85,0.31170348
chloroethane,80,0.21486422
chloroethane,75,0.14616973
chloroethane,70,0.09808475
chloroethane,65,0.06488492
chloroethane,60,0.04228659
chloroethane,55,0.02713122
chloroethane,50,0.01712415
chloroethane,45,0.01062338
chloroethane,40,0.00647209
chloroethane,35,0.00386852
chloroethane,30,0.00226635
chloroethane,25,0.00129994
carbonochloridicacidethylester,160,8.21049021
carbonochloridicacidethylester,155,6.70525696
carbonochloridicacidethylester,150,5.41691721
carbonochloridicacidethylester,145,4.32967792
carbonochloridicacidethylester,140,3.42463780
carbonochloridicacidethylester,135,2.68113766
carbonochloridicacidethylester,130,2.07800387
carbonochloridicacidethylester,125,1.59460556
carbonochloridicacidethylester,120,1.21162903
carbonochloridicacidethylester,115,0.91157989
carbonochloridicacidethylester,110,0.67904047
carbonochloridicacidethylester,105,0.50073508
carbonochloridicacidethylester,100,0.36545749
carbonochloridicacidethylester,95,0.26391170
carbonochloridicacidethylester,90,0.18850507
carbonochloridicacidethylester,85,0.13312356
carbonochloridicacidethylester,80,0.09290863
carbonochloridicacidethylester,75,0.06404813
carbonochloridicacidethylester,70,0.04358783
carbonochloridicacidethylester,65,0.02926656
carbonochloridicacidethylester,60,0.01937515
carbonochloridicacidethylester,55,0.01263821
carbonochloridicacidethylester,50,0.00811657
carbonochloridicacidethylester,45,0.00512820
carbonochloridicacidethylester,40,0.00318494
carbonochloridicacidethylester,35,0.00194266
carbonochloridicacidethylester,30,0.00116263
carbonochloridicacidethylester,25,0.00068203
cyanoaceticacidethylester,160,1.40823902
cyanoaceticacidethylester,155,1.09584564
cyanoaceticacidethylester,150,0.84864058
cyanoaceticacidethylester,145,0.65384251
cyanoaceticacidethylester,140,0.50104139
cyanoaceticacidethylester,135,0.38177112
cyanoaceticacidethylester,130,0.28916172
cyanoaceticacidethylester,125,0.21765408
cyanoaceticacidethylester,120,0.16276510
cyanoaceticacidethylester,115,0.12089382
cyanoaceticacidethylester,110,0.08916080
cyanoaceticacidethylester,105,0.06527515
cyanoaceticacidethylester,100,0.04742428
cyanoaceticacidethylester,95,0.03418257
cyanoaceticacidethylester,90,0.02443591
cyanoaceticacidethylester,85,0.01731957
cyanoaceticacidethylester,80,0.01216720
cyanoaceticacidethylester,75,0.00846926
cyanoaceticacidethylester,70,0.00583917
cyanoaceticacidethylester,65,0.00398614
cyanoaceticacidethylester,60,0.00269332
cyanoaceticacidethylester,55,0.00180048
cyanoaceticacidethylester,50,0.00119037
cyanoaceticacidethylester,45,0.00077800
cyanoaceticacidethylester,40,0.00050245
cyanoaceticacidethylester,35,0.00032049
cyanoaceticacidethylester,30,0.00020182
cyanoaceticacidethylester,25,0.00012540
ethoxyacetylene,160,15.02185569
ethoxyacetylene,155,12.65506240
ethoxyacetylene,150,10.53771427
ethoxyacetylene,145,8.67302308
ethoxyacetylene,140,7.05648714
ethoxyacetylene,135,5.67672487
ethoxyacetylene,130,4.51673429
ethoxyacetylene,125,3.55557955
ethoxyacetylene,120,2.77010780
ethoxyacetylene,115,2.13655136
ethoxyacetylene,110,1.63180621
ethoxyacetylene,105,1.23436670
ethoxyacetylene,100,0.92489459
ethoxyacetylene,95,0.68649038
ethoxyacetylene,90,0.50473494
ethoxyacetylene,85,0.36757358
ethoxyacetylene,80,0.26510512
ethoxyacetylene,75,0.18932329
ethoxyacetylene,70,0.13384508
ethoxyacetylene,65,0.09364773
ethoxyacetylene,60,0.06482742
ethoxyacetylene,55,0.04438591
ethoxyacetylene,50,0.03004723
ethoxyacetylene,45,0.02010372
ethoxyacetylene,40,0.01328903
ethoxyacetylene,35,0.00867522
ethoxyacetylene,30,0.00559061
ethoxyacetylene,25,0.00355505
fluoroethane,160,27.66486818
fluoroethane,155,24.32816394
fluoroethane,150,21.10863176
fluoroethane,145,18.04833983
fluoroethane,140,15.18981117
fluoroethane,135,12.57185999
fluoroethane,130,10.22589899
fluoroethane,125,8.17192323
fluoroethane,120,6.41644961
fluoroethane,115,4.95189645
fluoroethane,110,3.75848030
fluoroethane,105,2.80753783
fluoroethane,100,2.06547757
fluoroethane,95,1.49750655
fluoroethane,90,1.07048051
fluoroethane,85,0.75471573
fluoroethane,80,0.52485214
fluoroethane,75,0.36001375
fluoroethane,70,0.24352416
fluoroethane,65,0.16238991
fluoroethane,60,0.10670191
fluoroethane,55,0.06904618
fluoroethane,50,0.04397248
fluoroethane,45,0.02754113
fluoroethane,40,0.01695103
fluoroethane,35,0.01024350
fluoroethane,30,0.00607205
fluoroethane,25,0.00352714
ethylformate,160,14.40394591
ethylformate,155,12.10832379
ethylformate,150,10.05743142
ethylformate,145,8.25394370
ethylformate,140,6.69322535
ethylformate,135,5.36394094
ethylformate,130,4.24928772
ethylformate,125,3.32859746
ethylformate,120,2.57899494
ethylformate,115,1.97698589
ethylformate,110,1.49974874
ethylformate,105,1.12606458
ethylformate,100,0.83689788
ethylformate,95,0.61566625
ethylformate,90,0.44827706
ethylformate,85,0.32300361
ethylformate,80,0.23026536
ethylformate,75,0.16236132
ethylformate,70,0.11319197
ethylformate,65,0.07799206
ethylformate,60,0.05308691
ethylformate,55,0.03567851
ethylformate,50,0.02366293
ethylformate,45,0.01547797
ethylformate,40,0.00997851
ethylformate,35,0.00633616
ethylformate,30,0.00395987
ethylformate,25,0.00243384
iodoethane,160,3.93395398
iodoethane,155,3.08708203
iodoethane,150,2.40156209
iodoethane,145,1.85267583
iodoethane,140,1.41756177
iodoethane,135,1.07583390
iodoethane,130,0.80981444
iodoethane,125,0.60450323
iodoethane,120,0.44738996
iodoethane,115,0.32818713
iodoethane,110,0.23853601
iodoethane,105,0.17171671
iodoethane,100,0.12237954
iodoethane,95,0.08630550
iodoethane,90,0.06019807
iodoethane,85,0.04150576
iodoethane,80,0.02827285
iodoethane,75,0.01901542
iodoethane,70,0.01261953
iodoethane,65,0.00825833
iodoethane,60,0.00532536
iodoethane,55,0.00338136
iodoethane,50,0.00211243
iodoethane,45,0.00129737
iodoethane,40,0.00078263
iodoethane,35,0.00046330
iodoethane,30,0.00026888
iodoethane,25,0.00015282
ethylisocyanate,160,12.40038032
ethylisocyanate,155,10.16762728
ethylisocyanate,150,8.22832059
ethylisocyanate,145,6.57431551
ethylisocyanate,140,5.18820612
ethylisocyanate,135,4.04580598
ethylisocyanate,130,3.11887768
ethylisocyanate,125,2.37768618
ethylisocyanate,120,1.79304828
ethylisocyanate,115,1.33777795
ethylisocyanate,110,0.98754515
ethylisocyanate,105,0.72125916
ethylisocyanate,100,0.52110479
ethylisocyanate,95,0.37235499
ethylisocyanate,90,0.26305819
ethylisocyanate,85,0.18367159
ethylisocyanate,80,0.12668718
ethylisocyanate,75,0.08627870
ethylisocyanate,70,0.05798438
ethylisocyanate,65,0.03843168
ethylisocyanate,60,0.02510453
ethylisocyanate,55,0.01615071
ethylisocyanate,50,0.01022540
ethylisocyanate,45,0.00636604
ethylisocyanate,40,0.00389392
ethylisocyanate,35,0.00233797
ethylisocyanate,30,0.00137661
ethylisocyanate,25,0.00079406
ethylisothiocyanate,160,7.57466554
ethylisothiocyanate,155,6.06423218
ethylisothiocyanate,150,4.80529999
ethylisothiocyanate,145,3.77009883
ethylisothiocyanate,140,2.92953694
ethylisothiocyanate,135,2.25501577
ethylisothiocyanate,130,1.71971301
ethylisothiocyanate,125,1.29936261
ethylisothiocyanate,120,0.97262958
ethylisothiocyanate,115,0.72118590
ethylisothiocyanate,110,0.52958792
ethylisothiocyanate,105,0.38503463
ethylisothiocyanate,100,0.27706810
ethylisothiocyanate,95,0.19725551
ethylisothiocyanate,90,0.13887922
ethylisothiocyanate,85,0.09664974
ethylisothiocyanate,80,0.06644933
ethylisothiocyanate,75,0.04510868
ethylisothiocyanate,70,0.03021655
ethylisothiocyanate,65,0.01996009
ethylisothiocyanate,60,0.01299312
ethylisothiocyanate,55,0.00832872
ethylisothiocyanate,50,0.00525315
ethylisothiocyanate,45,0.00325747
ethylisothiocyanate,40,0.00198417
ethylisothiocyanate,35,0.00118608
ethylisothiocyanate,30,0.00069511
ethylisothiocyanate,25,0.00039898
2-hydroxypropanoicacidethylester,160,7.98535449
2-hydroxypropanoicacidethylester,155,6.62054384
2-hydroxypropanoicacidethylester,150,5.44195798
2-hydroxypropanoicacidethylester,145,4.43528586
2-hydroxypropanoicacidethylester,140,3.58465249
2-hydroxypropanoicacidethylester,135,2.87334633
2-hydroxypropanoicacidethylester,130,2.28453650
2-hydroxypropanoicacidethylester,125,1.80187444
2-hydroxypropanoicacidethylester,120,1.40994400
2-hydroxypropanoicacidethylester,115,1.09458884
2-hydroxypropanoicacidethylester,110,0.84309563
2-hydroxypropanoicacidethylester,105,0.64426909
2-hydroxypropanoicacidethylester,100,0.48841971
2-hydroxypropanoicacidethylester,95,0.36728942
2-hydroxypropanoicacidethylester,90,0.27393679
2-hydroxypropanoicacidethylester,85,0.20260059
2-hydroxypropanoicacidethylester,80,0.14855449
2-hydroxypropanoicacidethylester,75,0.10796357
2-hydroxypropanoicacidethylester,70,0.07774853
2-hydroxypropanoicacidethylester,65,0.05546173
2-hydroxypropanoicacidethylester,60,0.03917681
2-hydroxypropanoicacidethylester,55,0.02739256
2-hydroxypropanoicacidethylester,50,0.01895054
2-hydroxypropanoicacidethylester,45,0.01296573
2-hydroxypropanoicacidethylester,40,0.00876885
2-hydroxypropanoicacidethylester,35,0.00585898
2-hydroxypropanoicacidethylester,30,0.00386527
2-hydroxypropanoicacidethylester,25,0.00251615
ethylmethacrylate,160,5.97557502
ethylmethacrylate,155,4.84828093
ethylmethacrylate,150,3.90219960
ethylmethacrylate,145,3.11601214
ethylmethacrylate,140,2.46885561
ethylmethacrylate,135,1.94097590
ethylmethacrylate,130,1.51416774
ethylmethacrylate,125,1.17203071
ethylmethacrylate,120,0.90007156
ethylmethacrylate,115,0.68569468
ethylmethacrylate,110,0.51811294
ethylmethacrylate,105,0.38820822
ethylmethacrylate,100,0.28836446
ethylmethacrylate,95,0.21229011
ethylmethacrylate,90,0.15484175
ethylmethacrylate,85,0.11185654
ethylmethacrylate,80,0.07999822
ethylmethacrylate,75,0.05661893
ethylmethacrylate,70,0.03963768
ethylmethacrylate,65,0.02743527
ethylmethacrylate,60,0.01876460
ethylmethacrylate,55,0.01267531
ethylmethacrylate,50,0.00845108
ethylmethacrylate,45,0.00555813
ethylmethacrylate,40,0.00360346
ethylmethacrylate,35,0.00230133
ethylmethacrylate,30,0.00144671
ethylmethacrylate,25,0.00089451
(methylthio)-ethane,160,10.40695546
(methylthio)-ethane,155,8.48424818
(methylthio)-ethane,150,6.83963226
(methylthio)-ethane,145,5.45440768
(methylthio)-ethane,140,4.30451707
(methylthio)-ethane,135,3.36290111
(methylthio)-ethane,130,2.60159818
(methylthio)-ethane,125,1.99339041
(methylthio)-ethane,120,1.51294328
(methylthio)-ethane,115,1.13748424
(methylthio)-ethane,110,0.84710755
(methylthio)-ethane,105,0.62480753
(methylthio)-ethane,100,0.45633281
(methylthio)-ethane,95,0.32993633
(methylthio)-ethane,90,0.23607593
(methylthio)-ethane,85,0.16710281
(methylthio)-ethane,80,0.11696148
(methylthio)-ethane,75,0.08091451
(methylthio)-ethane,70,0.05529856
(methylthio)-ethane,65,0.03731359
(methylthio)-ethane,60,0.02484457
(methylthio)-ethane,55,0.01631306
(methylthio)-ethane,50,0.01055579
(methylthio)-ethane,45,0.00672654
(methylthio)-ethane,40,0.00421807
(methylthio)-ethane,35,0.00260085
(methylthio)-ethane,30,0.00157555
(methylthio)-ethane,25,0.00093687
ethyl-oleate,160,0.50894677
ethyl-oleate,155,0.39863901
ethyl-oleate,150,0.31041258
ethyl-oleate,145,0.24022784
ethyl-oleate,140,0.18471503
ethyl-oleate,135,0.14107290
ethyl-oleate,130,0.10698233
ethyl-oleate,125,0.08053197
ethyl-oleate,120,0.06015461
ethyl-oleate,115,0.04457238
ethyl-oleate,110,0.03274957
ethyl-oleate,105,0.02385224
ethyl-oleate,100,0.01721359
ethyl-oleate,95,0.01230440
ethyl-oleate,90,0.00870798
ethyl-oleate,85,0.00609895
ethyl-oleate,80,0.00422551
ethyl-oleate,75,0.00289459
ethyl-oleate,70,0.00195958
ethyl-oleate,65,0.00131035
ethyl-oleate,60,0.00086502
ethyl-oleate,55,0.00056342
ethyl-oleate,50,0.00036187
ethyl-oleate,45,0.00022904
ethyl-oleate,40,0.00014277
ethyl-oleate,35,0.00008758
ethyl-oleate,30,0.00005284
ethyl-oleate,25,0.00003133
ethylpropionate,160,8.36249751
ethylpropionate,155,6.88210743
ethylpropionate,150,5.61165446
ethylpropionate,145,4.53427960
ethylpropionate,140,3.63111680
ethylpropionate,135,2.88236897
ethylpropionate,130,2.26823082
ethylpropionate,125,1.76965555
ethylpropionate,120,1.36889528
ethylpropionate,115,1.04984807
ethylpropionate,110,0.79823334
ethylpropionate,105,0.60163136
ethylpropionate,100,0.44942398
ethylpropionate,95,0.33267037
ethylpropionate,90,0.24394436
ethylpropionate,85,0.17715513
ethylpropionate,80,0.12736559
ethylpropionate,75,0.09061866
ethylpropionate,70,0.06377712
ethylpropionate,65,0.04438048
ethylpropionate,60,0.03051972
ethylpropionate,55,0.02072983
ethylpropionate,50,0.01389908
ethylpropionate,45,0.00919353
ethylpropionate,40,0.00599513
ethylpropionate,35,0.00385149
ethylpropionate,30,0.00243583
ethylpropionate,25,0.00151533
ethylthiocyanate,160,7.08223059
ethylthiocyanate,155,5.66620998
ethylthiocyanate,150,4.49169047
ethylthiocyanate,145,3.52912022
ethylthiocyanate,140,2.74899167
ethylthiocyanate,135,2.12326930
ethylthiocyanate,130,1.62629716
ethylthiocyanate,125,1.23527176
ethylthiocyanate,120,0.93039253
ethylthiocyanate,115,0.69479448
ethylthiocyanate,110,0.51434356
ethylthiocyanate,105,0.37735943
ethylthiocyanate,100,0.27430921
ethylthiocyanate,95,0.19750106
ethylthiocyanate,90,0.14079480
ethylthiocyanate,85,0.09933934
ethylthiocyanate,80,0.06934076
ethylthiocyanate,75,0.04786195
ethylthiocyanate,70,0.03265239
ethylthiocyanate,65,0.02200584
ethylthiocyanate,60,0.01464270
ethylthiocyanate,55,0.00961421
ethylthiocyanate,50,0.00622515
ethylthiocyanate,45,0.00397237
ethylthiocyanate,40,0.00249642
ethylthiocyanate,35,0.00154398
ethylthiocyanate,30,0.00093907
ethylthiocyanate,25,0.00056122
ethoxy-ethene,160,11.57912450
ethoxy-ethene,155,9.49284653
ethoxy-ethene,150,7.69151181
ethoxy-ethene,145,6.16127104
ethoxy-ethene,140,4.88131015
ethoxy-ethene,135,3.82622166
ethoxy-ethene,130,2.96833682
ethoxy-ethene,125,2.27970129
ethoxy-ethene,120,1.73356920
ethoxy-ethene,115,1.30539329
ethoxy-ethene,110,0.97337151
ethoxy-ethene,105,0.71864821
ethoxy-ethene,100,0.52527146
ethoxy-ethene,95,0.37999611
ethoxy-ethene,90,0.27200213
ethoxy-ethene,85,0.19257846
ethoxy-ethene,80,0.13480519
ethoxy-ethene,75,0.09325434
ethoxy-ethene,70,0.06371992
ethoxy-ethene,65,0.04298200
ethoxy-ethene,60,0.02860530
ethoxy-ethene,55,0.01877071
ethoxy-ethene,50,0.01213659
ethoxy-ethene,45,0.00772653
ethoxy-ethene,40,0.00483966
ethoxy-ethene,35,0.00298016
ethoxy-ethene,30,0.00180256
ethoxy-ethene,25,0.00106997
1-penten-3-one,160,10.81932802
1-penten-3-one,155,8.96711833
1-penten-3-one,150,7.35571866
1-penten-3-one,145,5.97286507
1-penten-3-one,140,4.80187743
1-penten-3-one,135,3.82298131
1-penten-3-one,130,3.01470789
1-penten-3-one,125,2.35515063
1-penten-3-one,120,1.82298204
1-penten-3-one,115,1.39821489
1-penten-3-one,110,1.06268743
1-penten-3-one,105,0.80031877
1-penten-3-one,100,0.59718042
1-penten-3-one,95,0.44143484
1-penten-3-one,90,0.32318792
1-penten-3-one,85,0.23429165
1-penten-3-one,80,0.16812629
1-penten-3-one,75,0.11938095
1-penten-3-one,70,0.08384536
1-penten-3-one,65,0.05822010
1-penten-3-one,60,0.03994883
1-penten-3-one,55,0.02707335
1-penten-3-one,50,0.01811084
1-penten-3-one,45,0.01195164
1-penten-3-one,40,0.00777543
1-penten-3-one,35,0.00498339
1-penten-3-one,30,0.00314417
1-penten-3-one,25,0.00195129
ethene,160,42.74235627
ethene,155,38.82380416
ethene,150,34.81458094
ethene,145,30.76201348
ethene,140,26.72858244
ethene,135,22.79153141
ethene,130,19.03892878
ethene,125,15.55982814
ethene,120,12.43303813
ethene,115,9.71399710
ethene,110,7.42681038
ethene,105,5.56336050
ethene,100,4.08922324
ethene,95,2.95347888
ethene,90,2.09866441
ethene,85,1.46845869
ethene,80,1.01237572
ethene,75,0.68786351
ethene,70,0.46062580
ethene,65,0.30394146
ethene,60,0.19754271
ethene,55,0.12639604
ethene,50,0.07956634
ethene,45,0.04924126
ethene,40,0.02993487
ethene,35,0.01786021
ethene,30,0.01044814
ethene,25,0.00598669
"1,3-dioxolan-2-one",160,0.25865273
"1,3-dioxolan-2-one",155,0.19045291
"1,3-dioxolan-2-one",150,0.13931648
"1,3-dioxolan-2-one",145,0.10119650
"1,3-dioxolan-2-one",140,0.07296094
"1,3-dioxolan-2-one",135,0.05219126
"1,3-dioxolan-2-one",130,0.03702646
"1,3-dioxolan-2-one",125,0.02604116
"1,3-dioxolan-2-one",120,0.01814966
"1,3-dioxolan-2-one",115,0.01253030
"1,3-dioxolan-2-one",110,0.00856566
"1,3-dioxolan-2-one",105,0.00579541
"1,3-dioxolan-2-one",100,0.00387920
"1,3-dioxolan-2-one",95,0.00256768
"1,3-dioxolan-2-one",90,0.00167988
"1,3-dioxolan-2-one",85,0.00108578
"1,3-dioxolan-2-one",80,0.00069296
"1,3-dioxolan-2-one",75,0.00043647
"1,3-dioxolan-2-one",70,0.00027117
"1,3-dioxolan-2-one",65,0.00016607
"1,3-dioxolan-2-one",60,0.00010020
"1,3-dioxolan-2-one",55,0.00005953
"1,3-dioxolan-2-one",50,0.00003479
"1,3-dioxolan-2-one",45,0.00001999
"1,3-dioxolan-2-one",40,0.00001129
"1,3-dioxolan-2-one",35,0.00000626
"1,3-dioxolan-2-one",30,0.00000340
"1,3-dioxolan-2-one",25,0.00000181
2-chloroethanol,160,11.41154128
2-chloroethanol,155,9.50472102
2-chloroethanol,150,7.84848905
2-chloroethanol,145,6.42826649
2-chloroethanol,140,5.22492090
2-chloroethanol,135,4.21654338
2-chloroethanol,130,3.38006593
2-chloroethanol,125,2.69256440
2-chloroethanol,120,2.13224737
2-chloroethanol,115,1.67908849
2-chloroethanol,110,1.31517567
2-chloroethanol,105,1.02483619
2-chloroethanol,100,0.79460258
2-chloroethanol,95,0.61307578
2-chloroethanol,90,0.47072972
2-chloroethanol,85,0.35969072
2-chloroethanol,80,0.27351232
2-chloroethanol,75,0.20696096
2-chloroethanol,70,0.15581961
2-chloroethanol,65,0.11671354
2-chloroethanol,60,0.08695898
2-chloroethanol,55,0.06443418
2-chloroethanol,50,0.04747091
2-chloroethanol,45,0.03476450
2-chloroethanol,40,0.02529979
2-chloroethanol,35,0.01829088
2-chloroethanol,30,0.01313235
2-chloroethanol,25,0.00936019
ethylenecyanohydrin,160,0.05365410
ethylenecyanohydrin,155,0.04071742
ethylenecyanohydrin,150,0.03080347
ethylenecyanohydrin,145,0.02323171
ethylenecyanohydrin,140,0.01746847
ethylenecyanohydrin,135,0.01309662
ethylenecyanohydrin,130,0.00979134
ethylenecyanohydrin,125,0.00730059
ethylenecyanohydrin,120,0.00542963
ethylenecyanohydrin,115,0.00402854
ethylenecyanohydrin,110,0.00298242
ethylenecyanohydrin,105,0.00220351
ethylenecyanohydrin,100,0.00162508
ethylenecyanohydrin,95,0.00119658
ethylenecyanohydrin,90,0.00087986
ethylenecyanohydrin,85,0.00064624
ethylenecyanohydrin,80,0.00047422
ethylenecyanohydrin,75,0.00034777
ethylenecyanohydrin,70,0.00025494
ethylenecyanohydrin,65,0.00018686
ethylenecyanohydrin,60,0.00013698
ethylenecyanohydrin,55,0.00010046
ethylenecyanohydrin,50,0.00007372
ethylenecyanohydrin,45,0.00005415
ethylenecyanohydrin,40,0.00003982
ethylenecyanohydrin,35,0.00002933
ethylenecyanohydrin,30,0.00002164
ethylenecyanohydrin,25,0.00001599
"1,2-dibromoethane",160,3.13945474
"1,2-dibromoethane",155,2.49600820
"1,2-dibromoethane",150,1.97134158
"1,2-dibromoethane",145,1.54679577
"1,2-dibromoethane",140,1.20575072
"1,2-dibromoethane",135,0.93369438
"1,2-dibromoethane",130,0.71815593
"1,2-dibromoethane",125,0.54855766
"1,2-dibromoethane",120,0.41602531
"1,2-dibromoethane",115,0.31318417
"1,2-dibromoethane",110,0.23395758
"1,2-dibromoethane",105,0.17337805
"1,2-dibromoethane",100,0.12741525
"1,2-dibromoethane",95,0.09282371
"1,2-dibromoethane",90,0.06700942
"1,2-dibromoethane",85,0.04791494
"1,2-dibromoethane",80,0.03392127
"1,2-dibromoethane",75,0.02376493
"1,2-dibromoethane",70,0.01646833
"1,2-dibromoethane",65,0.01128197
"1,2-dibromoethane",60,0.00763666
"1,2-dibromoethane",55,0.00510450
"1,2-dibromoethane",50,0.00336718
"1,2-dibromoethane",45,0.00219059
"1,2-dibromoethane",40,0.00140455
"1,2-dibromoethane",35,0.00088691
"1,2-dibromoethane",30,0.00055113
"1,2-dibromoethane",25,0.00033675
"1,2-dichloroethane",160,11.53524508
"1,2-dichloroethane",155,9.66486072
"1,2-dichloroethane",150,8.00959787
"1,2-dichloroethane",145,6.56536886
"1,2-dichloroethane",140,5.32312980
"1,2-dichloroethane",135,4.26969403
"1,2-dichloroethane",130,3.38869011
"1,2-dichloroethane",125,2.66175050
"1,2-dichloroethane",120,2.06964213
"1,2-dichloroethane",115,1.59329483
"1,2-dichloroethane",110,1.21458828
"1,2-dichloroethane",105,0.91691251
"1,2-dichloroethane",100,0.68548426
"1,2-dichloroethane",95,0.50747281
"1,2-dichloroethane",90,0.37197955
"1,2-dichloroethane",85,0.26991880
"1,2-dichloroethane",80,0.19384080
"1,2-dichloroethane",75,0.13772750
"1,2-dichloroethane",70,0.09678367
"1,2-dichloroethane",65,0.06723739
"1,2-dichloroethane",60,0.04615817
"1,2-dichloroethane",55,0.03129670
"1,2-dichloroethane",50,0.02094720
"1,2-dichloroethane",45,0.01383183
"1,2-dichloroethane",40,0.00900515
"1,2-dichloroethane",35,0.00577663
"1,2-dichloroethane",30,0.00364863
"1,2-dichloroethane",25,0.00226745
"1,2-ethanedioldinitrate",160,20.02452405
"1,2-ethanedioldinitrate",155,18.52988353
"1,2-ethanedioldinitrate",150,17.11041353
"1,2-ethanedioldinitrate",145,15.76391347
"1,2-ethanedioldinitrate",140,14.48816120
"1,2-ethanedioldinitrate",135,13.28130185
"1,2-ethanedioldinitrate",130,12.14185559
"1,2-ethanedioldinitrate",125,11.06849525
"1,2-ethanedioldinitrate",120,10.05826984
"1,2-ethanedioldinitrate",115,9.11052716
"1,2-ethanedioldinitrate",110,8.22281176
"1,2-ethanedioldinitrate",105,7.39374677
"1,2-ethanedioldinitrate",100,6.62234345
"1,2-ethanedioldinitrate",95,5.90582275
"1,2-ethanedioldinitrate",90,5.24320722
"1,2-ethanedioldinitrate",85,4.63270973
"1,2-ethanedioldinitrate",80,4.07262721
"1,2-ethanedioldinitrate",75,3.56120040
"1,2-ethanedioldinitrate",70,3.09656429
"1,2-ethanedioldinitrate",65,2.67684994
"1,2-ethanedioldinitrate",60,2.30002733
"1,2-ethanedioldinitrate",55,1.96385393
"1,2-ethanedioldinitrate",50,1.66610164
"1,2-ethanedioldinitrate",45,1.40431763
"1,2-ethanedioldinitrate",40,1.17593917
"1,2-ethanedioldinitrate",35,0.97830104
"1,2-ethanedioldinitrate",30,0.80868477
"1,2-ethanedioldinitrate",25,0.66432673
glycol,160,1.51150696
glycol,155,1.16571026
glycol,150,0.89611670
glycol,145,0.68652310
glycol,140,0.52408136
glycol,135,0.39860605
glycol,130,0.30202980
glycol,125,0.22797360
glycol,120,0.17140511
glycol,115,0.12836583
glycol,110,0.09575206
glycol,105,0.07113937
glycol,100,0.05264139
glycol,95,0.03879656
glycol,90,0.02847736
glycol,85,0.02081794
glycol,80,0.01515632
glycol,75,0.01098881
glycol,70,0.00793386
glycol,65,0.00570381
glycol,60,0.00408274
glycol,55,0.00290935
glycol,50,0.00206366
glycol,45,0.00145683
glycol,40,0.00102334
glycol,35,0.00071512
glycol,30,0.00049703
glycol,25,0.00034347
2-butoxyethanolacetate,160,3.71765928
2-butoxyethanolacetate,155,3.00398476
2-butoxyethanolacetate,150,2.41109129
2-butoxyethanolacetate,145,1.92223241
2-butoxyethanolacetate,140,1.52212269
2-butoxyethanolacetate,135,1.19703491
2-butoxyethanolacetate,130,0.93481500
2-butoxyethanolacetate,125,0.72483838
2-butoxyethanolacetate,120,0.55792426
2-butoxyethanolacetate,115,0.42622313
2-butoxyethanolacetate,110,0.32308980
2-butoxyethanolacetate,105,0.24295091
2-butoxyethanolacetate,100,0.18117390
2-butoxyethanolacetate,95,0.13394160
2-butoxyethanolacetate,90,0.09813580
2-butoxyethanolacetate,85,0.07123102
2-butoxyethanolacetate,80,0.05119959
2-butoxyethanolacetate,75,0.03642782
2-butoxyethanolacetate,70,0.02564311
2-butoxyethanolacetate,65,0.01785121
2-butoxyethanolacetate,60,0.01228286
2-butoxyethanolacetate,55,0.00834887
2-butoxyethanolacetate,50,0.00560272
2-butoxyethanolacetate,45,0.00370975
2-butoxyethanolacetate,40,0.00242203
2-butoxyethanolacetate,35,0.00155811
2-butoxyethanolacetate,30,0.00098692
2-butoxyethanolacetate,25,0.00061502
"1,2-ethanedioldiacetate",160,2.83059568
"1,2-ethanedioldiacetate",155,2.24890487
"1,2-ethanedioldiacetate",150,1.77533571
"1,2-ethanedioldiacetate",145,1.39239518
"1,2-ethanedioldiacetate",140,1.08482181
"1,2-ethanedioldiacetate",135,0.83945111
"1,2-ethanedioldiacetate",130,0.64504185
"1,2-ethanedioldiacetate",125,0.49208265
"1,2-ethanedioldiacetate",120,0.37259475
"1,2-ethanedioldiacetate",115,0.27993936
"1,2-ethanedioldiacetate",110,0.20863603
"1,2-ethanedioldiacetate",105,0.15419566
"1,2-ethanedioldiacetate",100,0.11296963
"1,2-ethanedioldiacetate",95,0.08201573
"1,2-ethanedioldiacetate",90,0.05898036
"1,2-ethanedioldiacetate",85,0.04199631
"1,2-ethanedioldiacetate",80,0.02959484
"1,2-ethanedioldiacetate",75,0.02063093
"1,2-ethanedioldiacetate",70,0.01422017
"1,2-ethanedioldiacetate",65,0.00968606
"1,2-ethanedioldiacetate",60,0.00651638
"1,2-ethanedioldiacetate",55,0.00432742
"1,2-ethanedioldiacetate",50,0.00283497
"1,2-ethanedioldiacetate",45,0.00183097
"1,2-ethanedioldiacetate",40,0.00116502
"1,2-ethanedioldiacetate",35,0.00072977
"1,2-ethanedioldiacetate",30,0.00044968
"1,2-ethanedioldiacetate",25,0.00027236
"1,2-dibutoxyethane",160,2.20763030
"1,2-dibutoxyethane",155,1.77201881
"1,2-dibutoxyethane",150,1.41483202
"1,2-dibutoxyethane",145,1.12351175
"1,2-dibutoxyethane",140,0.88719936
"1,2-dibutoxyethane",135,0.69656857
"1,2-dibutoxyethane",130,0.54366054
"1,2-dibutoxyethane",125,0.42172496
"1,2-dibutoxyethane",120,0.32507156
"1,2-dibutoxyethane",115,0.24893262
"1,2-dibutoxyethane",110,0.18933772
"1,2-dibutoxyethane",105,0.14300080
"1,2-dibutoxyethane",100,0.10721941
"1,2-dibutoxyethane",95,0.07978537
"1,2-dibutoxyethane",90,0.05890646
"1,2-dibutoxyethane",85,0.04313801
"1,2-dibutoxyethane",80,0.03132387
"1,2-dibutoxyethane",75,0.02254558
"1,2-dibutoxyethane",70,0.01607910
"1,2-dibutoxyethane",65,0.01135826
"1,2-dibutoxyethane",60,0.00794394
"1,2-dibutoxyethane",55,0.00549854
"1,2-dibutoxyethane",50,0.00376487
"1,2-dibutoxyethane",45,0.00254877
"1,2-dibutoxyethane",40,0.00170516
"1,2-dibutoxyethane",35,0.00112672
"1,2-dibutoxyethane",30,0.00073489
"1,2-dibutoxyethane",25,0.00047284
"3,6-dioxaoctane",160,6.75718978
"3,6-dioxaoctane",155,5.57424992
"3,6-dioxaoctane",150,4.56455222
"3,6-dioxaoctane",145,3.71060457
"3,6-dioxaoctane",140,2.99478121
"3,6-dioxaoctane",135,2.39987876
"3,6-dioxaoctane",130,1.90957616
"3,6-dioxaoctane",125,1.50874335
"3,6-dioxaoctane",120,1.18363561
"3,6-dioxaoctane",115,0.92198569
"3,6-dioxaoctane",110,0.71301469
"3,6-dioxaoctane",105,0.54738260
"3,6-dioxaoctane",100,0.41709715
"3,6-dioxaoctane",95,0.31539787
"3,6-dioxaoctane",90,0.23662644
"3,6-dioxaoctane",85,0.17609415
"3,6-dioxaoctane",80,0.12995248
"3,6-dioxaoctane",75,0.09507138
"3,6-dioxaoctane",70,0.06892792
"3,6-dioxaoctane",65,0.04950644
"3,6-dioxaoctane",60,0.03521090
"3,6-dioxaoctane",55,0.02478878
"3,6-dioxaoctane",50,0.01726612
"3,6-dioxaoctane",45,0.01189269
"3,6-dioxaoctane",40,0.00809617
"3,6-dioxaoctane",35,0.00544433
"3,6-dioxaoctane",30,0.00361417
"3,6-dioxaoctane",25,0.00236693
"1,2-dimethoxyethane",160,12.80506420
"1,2-dimethoxyethane",155,10.88166989
"1,2-dimethoxyethane",150,9.16171326
"1,2-dimethoxyethane",145,7.64176514
"1,2-dimethoxyethane",140,6.31458561
"1,2-dimethoxyethane",135,5.16951865
"1,2-dimethoxyethane",130,4.19325180
"1,2-dimethoxyethane",125,3.37054114
"1,2-dimethoxyethane",120,2.68507003
"1,2-dimethoxyethane",115,2.12019235
"1,2-dimethoxyethane",110,1.65961139
"1,2-dimethoxyethane",105,1.28790595
"1,2-dimethoxyethane",100,0.99088943
"1,2-dimethoxyethane",95,0.75583452
"1,2-dimethoxyethane",90,0.57156340
"1,2-dimethoxyethane",85,0.42844178
"1,2-dimethoxyethane",80,0.31830275
"1,2-dimethoxyethane",75,0.23432571
"1,2-dimethoxyethane",70,0.17089098
"1,2-dimethoxyethane",65,0.12342594
"1,2-dimethoxyethane",60,0.08825321
"1,2-dimethoxyethane",55,0.06244834
"1,2-dimethoxyethane",50,0.04371075
"1,2-dimethoxyethane",45,0.03024996
"1,2-dimethoxyethane",40,0.02068730
"1,2-dimethoxyethane",35,0.01397269
"1,2-dimethoxyethane",30,0.00931513
"1,2-dimethoxyethane",25,0.00612555
2-(2-ethylhexyl)oxyethanol,160,2.19225733
2-(2-ethylhexyl)oxyethanol,155,1.76164827
2-(2-ethylhexyl)oxyethanol,150,1.40838259
2-(2-ethylhexyl)oxyethanol,145,1.12005177
2-(2-ethylhexyl)oxyethanol,140,0.88594620
2-(2-ethylhexyl)oxyethanol,135,0.69688031
2-(2-ethylhexyl)oxyethanol,130,0.54502304
2-(2-ethylhexyl)oxyethanol,125,0.42373652
2-(2-ethylhexyl)oxyethanol,120,0.32742693
2-(2-ethylhexyl)oxyethanol,115,0.25140726
2-(2-ethylhexyl)oxyethanol,110,0.19177316
2-(2-ethylhexyl)oxyethanol,105,0.14529142
2-(2-ethylhexyl)oxyethanol,100,0.10930078
2-(2-ethylhexyl)oxyethanol,95,0.08162436
2-(2-ethylhexyl)oxyethanol,90,0.06049285
2-(2-ethylhexyl)oxyethanol,85,0.04447773
2-(2-ethylhexyl)oxyethanol,80,0.03243343
2-(2-ethylhexyl)oxyethanol,75,0.02344784
2-(2-ethylhexyl)oxyethanol,70,0.01680002
2-(2-ethylhexyl)oxyethanol,65,0.01192450
2-(2-ethylhexyl)oxyethanol,60,0.00838123
2-(2-ethylhexyl)oxyethanol,55,0.00583060
2-(2-ethylhexyl)oxyethanol,50,0.00401275
2-(2-ethylhexyl)oxyethanol,45,0.00273065
2-(2-ethylhexyl)oxyethanol,40,0.00183627
2-(2-ethylhexyl)oxyethanol,35,0.00121953
2-(2-ethylhexyl)oxyethanol,30,0.00079938
2-(2-ethylhexyl)oxyethanol,25,0.00051678
ethylenglycolmonobenzylether,160,4.14853572
ethylenglycolmonobenzylether,155,3.37060791
ethylenglycolmonobenzylether,150,2.72118466
ethylenglycolmonobenzylether,145,2.18303772
ethylenglycolmonobenzylether,140,1.74029714
ethylenglycolmonobenzylether,135,1.37859910
ethylenglycolmonobenzylether,130,1.08514148
ethylenglycolmonobenzylether,125,0.84866784
ethylenglycolmonobenzylether,120,0.65940100
ethylenglycolmonobenzylether,115,0.50894138
ethylenglycolmonobenzylether,110,0.39014554
ethylenglycolmonobenzylether,105,0.29699522
ethylenglycolmonobenzylether,100,0.22446479
ethylenglycolmonobenzylether,95,0.16839290
ethylenglycolmonobenzylether,90,0.12536187
ethylenglycolmonobenzylether,85,0.09258720
ethylenglycolmonobenzylether,80,0.06781810
ethylenglycolmonobenzylether,75,0.04924954
ethylenglycolmonobenzylether,70,0.03544539
ethylenglycolmonobenzylether,65,0.02527221
ethylenglycolmonobenzylether,60,0.01784277
ethylenglycolmonobenzylether,55,0.01246840
ethylenglycolmonobenzylether,50,0.00861916
ethylenglycolmonobenzylether,45,0.00589093
ethylenglycolmonobenzylether,40,0.00397839
ethylenglycolmonobenzylether,35,0.00265311
ethylenglycolmonobenzylether,30,0.00174593
ethylenglycolmonobenzylether,25,0.00113292
2-ethoxyethylacrylate,160,4.33019804
2-ethoxyethylacrylate,155,3.49752791
2-ethoxyethylacrylate,150,2.80457070
2-ethoxyethylacrylate,145,2.23271365
2-ethoxyethylacrylate,140,1.76463971
2-ethoxyethylacrylate,135,1.38456896
2-ethoxyethylacrylate,130,1.07838046
2-ethoxyethylacrylate,125,0.83363429
2-ethoxyethylacrylate,120,0.63952404
2-ethoxyethylacrylate,115,0.48677950
2-ethoxyethylacrylate,110,0.36753900
2-ethoxyethylacrylate,105,0.27520591
2-ethoxyethylacrylate,100,0.20430029
2-ethoxyethylacrylate,95,0.15031332
2-ethoxyethylacrylate,90,0.10956971
2-ethoxyethylacrylate,85,0.07910111
2-ethoxyethylacrylate,80,0.05653212
2-ethoxyethylacrylate,75,0.03997950
2-ethoxyethylacrylate,70,0.02796434
2-ethoxyethylacrylate,65,0.01933656
2-ethoxyethylacrylate,60,0.01321082
2-ethoxyethylacrylate,55,0.00891272
2-ethoxyethylacrylate,50,0.00593417
2-ethoxyethylacrylate,45,0.00389675
2-ethoxyethylacrylate,40,0.00252200
2-ethoxyethylacrylate,35,0.00160758
2-ethoxyethylacrylate,30,0.00100846
2-ethoxyethylacrylate,25,0.00062209
2-hexyloxyethanol,160,3.48846682
2-hexyloxyethanol,155,2.82436486
2-hexyloxyethanol,150,2.27364871
2-hexyloxyethanol,145,1.81981055
2-hexyloxyethanol,140,1.44811161
2-hexyloxyethanol,135,1.14554761
2-hexyloxyethanol,130,0.90076521
2-hexyloxyethanol,125,0.70394674
2-hexyloxyethanol,120,0.54667689
2-hexyloxyethanol,115,0.42180153
2-hexyloxyethanol,110,0.32328596
2-hexyloxyethanol,105,0.24607781
2-hexyloxyethanol,100,0.18597799
2-hexyloxyethanol,95,0.13952154
2-hexyloxyethanol,90,0.10386977
2-hexyloxyethanol,85,0.07671367
2-hexyloxyethanol,80,0.05618871
2-hexyloxyethanol,75,0.04080037
2-hexyloxyethanol,70,0.02935973
2-hexyloxyethanol,65,0.02092835
2-hexyloxyethanol,60,0.01477140
2-hexyloxyethanol,55,0.01031828
2-hexyloxyethanol,50,0.00712971
2-hexyloxyethanol,45,0.00487058
2-hexyloxyethanol,40,0.00328762
2-hexyloxyethanol,35,0.00219131
2-hexyloxyethanol,30,0.00144132
2-hexyloxyethanol,25,0.00093485
2-propoxyethanol,160,8.28461559
2-propoxyethanol,155,6.85821614
2-propoxyethanol,150,5.63052564
2-propoxyethanol,145,4.58510457
2-propoxyethanol,140,3.70405532
2-propoxyethanol,135,2.96890136
2-propoxyethanol,130,2.36134435
2-propoxyethanol,125,1.86385000
2-propoxyethanol,120,1.46009045
2-propoxyethanol,115,1.13521695
2-propoxyethanol,110,0.87600072
2-propoxyethanol,105,0.67086541
2-propoxyethanol,100,0.50983928
2-propoxyethanol,95,0.38445241
2-propoxyethanol,90,0.28760164
2-propoxyethanol,85,0.21339853
2-propoxyethanol,80,0.15701417
2-propoxyethanol,75,0.11452866
2-propoxyethanol,70,0.08279089
2-propoxyethanol,65,0.05929166
2-propoxyethanol,60,0.04205149
2-propoxyethanol,55,0.02952324
2-propoxyethanol,50,0.02050892
2-propoxyethanol,45,0.01408970
2-propoxyethanol,40,0.00956770
2-propoxyethanol,35,0.00641812
2-propoxyethanol,30,0.00425039
2-propoxyethanol,25,0.00277701
ethyleneglycoltert-butylether,160,6.36072933
ethyleneglycoltert-butylether,155,5.21907167
ethyleneglycoltert-butylether,150,4.25038432
ethyleneglycoltert-butylether,145,3.43603690
ethyleneglycoltert-butylether,140,2.75752463
ethyleneglycoltert-butylether,135,2.19705026
ethyleneglycoltert-butylether,130,1.73793654
ethyleneglycoltert-butylether,125,1.36490190
ethyleneglycoltert-butylether,120,1.06421177
ethyleneglycoltert-butylether,115,0.82372874
ethyleneglycoltert-butylether,110,0.63288593
ethyleneglycoltert-butylether,105,0.48260575
ethyleneglycoltert-butylether,100,0.36518424
ethyleneglycoltert-butylether,95,0.27415544
ethyleneglycoltert-butylether,90,0.20414866
ethyleneglycoltert-butylether,85,0.15074662
ethyleneglycoltert-butylether,80,0.11035040
ethyleneglycoltert-butylether,75,0.08005469
ethyleneglycoltert-butylether,70,0.05753538
ethyleneglycoltert-butylether,65,0.04095007
ethyleneglycoltert-butylether,60,0.02885152
ethyleneglycoltert-butylether,55,0.02011346
ethyleneglycoltert-butylether,50,0.01386771
ethyleneglycoltert-butylether,45,0.00945154
ethyleneglycoltert-butylether,40,0.00636423
ethyleneglycoltert-butylether,35,0.00423139
ethyleneglycoltert-butylether,30,0.00277615
ethyleneglycoltert-butylether,25,0.00179612
2-butoxyethanol,160,6.10223904
2-butoxyethanol,155,5.00106237
2-butoxyethanol,150,4.06920355
2-butoxyethanol,145,3.28758555
2-butoxyethanol,140,2.63756262
2-butoxyethanol,135,2.10141884
2-butoxyethanol,130,1.66272208
2-butoxyethanol,125,1.30654121
2-butoxyethanol,120,1.01954851
2-butoxyethanol,115,0.79003190
2-butoxyethanol,110,0.60784045
2-butoxyethanol,105,0.46428579
2-butoxyethanol,100,0.35201484
2-butoxyethanol,95,0.26486957
2-butoxyethanol,90,0.19774315
2-butoxyethanol,85,0.14643977
2-butoxyethanol,80,0.10754297
2-butoxyethanol,75,0.07829512
2-butoxyethanol,70,0.05648956
2-butoxyethanol,65,0.04037571
2-butoxyethanol,60,0.02857684
2-butoxyethanol,55,0.02001979
2-butoxyethanol,50,0.01387553
2-butoxyethanol,45,0.00950960
2-butoxyethanol,40,0.00644107
2-butoxyethanol,35,0.00430903
2-butoxyethanol,30,0.00284543
2-butoxyethanol,25,0.00185340
ethoxyethanol,160,11.40351556
ethoxyethanol,155,9.56845300
ethoxyethanol,150,7.95210348
ethoxyethanol,145,6.54618020
ethoxyethanol,140,5.33845767
ethoxyethanol,135,4.31358751
ethoxyethanol,130,3.45415273
ethoxyethanol,125,2.74164138
ethoxyethanol,120,2.15737861
ethoxyethanol,115,1.68328754
ethoxyethanol,110,1.30244361
ethoxyethanol,105,0.99945187
ethoxyethanol,100,0.76064103
ethoxyethanol,95,0.57412077
ethoxyethanol,90,0.42973561
ethoxyethanol,85,0.31894924
ethoxyethanol,80,0.23468791
ethoxyethanol,75,0.17116530
ethoxyethanol,70,0.12370413
ethoxyethanol,65,0.08856558
ethoxyethanol,60,0.06279259
ethoxyethanol,55,0.04407035
ethoxyethanol,50,0.03060503
ethoxyethanol,45,0.02102047
ethoxyethanol,40,0.01427153
ethoxyethanol,35,0.00957267
ethoxyethanol,30,0.00633964
ethoxyethanol,25,0.00414265
2-ethoxyethanolacetate,160,5.30180791
2-ethoxyethanolacetate,155,4.31154556
2-ethoxyethanolacetate,150,3.47963697
2-ethoxyethanolacetate,145,2.78713238
2-ethoxyethanolacetate,140,2.21576238
2-ethoxyethanolacetate,135,1.74837989
2-ethoxyethanolacetate,130,1.36925681
2-ethoxyethanolacetate,125,1.06424954
2-ethoxyethanolacetate,120,0.82085732
2-ethoxyethanolacetate,115,0.62819847
2-ethoxyethanolacetate,110,0.47692944
2-ethoxyethanolacetate,105,0.35912573
2-ethoxyethanolacetate,100,0.26814253
2-ethoxyethanolacetate,95,0.19846705
2-ethoxyethanolacetate,90,0.14557170
2-ethoxyethanolacetate,85,0.10577414
2-ethoxyethanolacetate,80,0.07610801
2-ethoxyethanolacetate,75,0.05420634
2-ethoxyethanolacetate,70,0.03819842
2-ethoxyethanolacetate,65,0.02662008
2-ethoxyethanolacetate,60,0.01833666
2-ethoxyethanolacetate,55,0.01247792
2-ethoxyethanolacetate,50,0.00838348
2-ethoxyethanolacetate,45,0.00555775
2-ethoxyethanolacetate,40,0.00363314
2-ethoxyethanolacetate,35,0.00234031
2-ethoxyethanolacetate,30,0.00148440
2-ethoxyethanolacetate,25,0.00092635
2-isopropoxyethanol,160,8.50317187
2-isopropoxyethanol,155,7.04532760
2-isopropoxyethanol,150,5.78772180
2-isopropoxyethanol,145,4.71472510
2-isopropoxyethanol,140,3.80896787
2-isopropoxyethanol,135,3.05224431
2-isopropoxyethanol,130,2.42630115
2-isopropoxyethanol,125,1.91348767
2-isopropoxyethanol,120,1.49723487
2-isopropoxyethanol,115,1.16238351
2-isopropoxyethanol,110,0.89536231
2-isopropoxyethanol,105,0.68424999
2-isopropoxyethanol,100,0.51874790
2-isopropoxyethanol,95,0.39009012
2-isopropoxyethanol,90,0.29091430
2-isopropoxyethanol,85,0.21511220
2-isopropoxyethanol,80,0.15767304
2-isopropoxyethanol,75,0.11453011
2-isopropoxyethanol,70,0.08241653
2-isopropoxyethanol,65,0.05873398
2-isopropoxyethanol,60,0.04143604
2-isopropoxyethanol,55,0.02892673
2-isopropoxyethanol,50,0.01997359
2-isopropoxyethanol,45,0.01363440
2-isopropoxyethanol,40,0.00919624
2-isopropoxyethanol,35,0.00612537
2-isopropoxyethanol,30,0.00402659
2-isopropoxyethanol,25,0.00261060
2-methoxyethanol,160,14.54523948
2-methoxyethanol,155,12.32646110
2-methoxyethanol,150,10.33661897
2-methoxyethanol,145,8.57687597
2-methoxyethanol,140,7.04248002
2-methoxyethanol,135,5.72321817
2-methoxyethanol,130,4.60446534
2-methoxyethanol,125,3.66831798
2-methoxyethanol,120,2.89493109
2-methoxyethanol,115,2.26372632
2-methoxyethanol,110,1.75445755
2-methoxyethanol,105,1.34801698
2-methoxyethanol,100,1.02696881
2-methoxyethanol,95,0.77585084
2-methoxyethanol,90,0.58127335
2-methoxyethanol,85,0.43187532
2-methoxyethanol,80,0.31818525
2-methoxyethanol,75,0.23242747
2-methoxyethanol,70,0.16830555
2-methoxyethanol,65,0.12078343
2-methoxyethanol,60,0.08587884
2-methoxyethanol,55,0.06047628
2-methoxyethanol,50,0.04216314
2-methoxyethanol,45,0.02908958
2-methoxyethanol,40,0.01985113
2-methoxyethanol,35,0.01339188
2-methoxyethanol,30,0.00892585
2-methoxyethanol,25,0.00587395
ethyleneglycolmonomethyletheracetate,160,5.82821113
ethyleneglycolmonomethyletheracetate,155,4.73575124
ethyleneglycolmonomethyletheracetate,150,3.81773064
ethyleneglycolmonomethyletheracetate,145,3.05373484
ethyleneglycolmonomethyletheracetate,140,2.42382841
ethyleneglycolmonomethyletheracetate,135,1.90913509
ethyleneglycolmonomethyletheracetate,130,1.49223923
ethyleneglycolmonomethyletheracetate,125,1.15742281
ethyleneglycolmonomethyletheracetate,120,0.89076654
ethyleneglycolmonomethyletheracetate,115,0.68014613
ethyleneglycolmonomethyletheracetate,110,0.51515466
ethyleneglycolmonomethyletheracetate,105,0.38697555
ethyleneglycolmonomethyletheracetate,100,0.28822851
ethyleneglycolmonomethyletheracetate,95,0.21280371
ethyleneglycolmonomethyletheracetate,90,0.15569566
ethyleneglycolmonomethyletheracetate,85,0.11284455
ethyleneglycolmonomethyletheracetate,80,0.08098954
ethyleneglycolmonomethyletheracetate,75,0.05753672
ethyleneglycolmonomethyletheracetate,70,0.04044258
ethyleneglycolmonomethyletheracetate,65,0.02811292
ethyleneglycolmonomethyletheracetate,60,0.01931650
ethyleneglycolmonomethyletheracetate,55,0.01311214
ethyleneglycolmonomethyletheracetate,50,0.00878808
ethyleneglycolmonomethyletheracetate,45,0.00581202
ethyleneglycolmonomethyletheracetate,40,0.00379047
ethyleneglycolmonomethyletheracetate,35,0.00243611
ethyleneglycolmonomethyletheracetate,30,0.00154179
ethyleneglycolmonomethyletheracetate,25,0.00096015
ethylenesulfite,160,3.32612888
ethylenesulfite,155,2.56650473
ethylenesulfite,150,1.96680468
ethylenesulfite,145,1.49679824
ethylenesulfite,140,1.13103341
ethylenesulfite,135,0.84838639
ethylenesulfite,130,0.63152616
ethylenesulfite,125,0.46636267
ethylenesulfite,120,0.34153253
ethylenesulfite,115,0.24793931
ethylenesulfite,110,0.17835383
ethylenesulfite,105,0.12707276
ethylenesulfite,100,0.08963045
ethylenesulfite,95,0.06255798
ethylenesulfite,90,0.04318327
ethylenesulfite,85,0.02946633
ethylenesulfite,80,0.01986442
ethylenesulfite,75,0.01322257
ethylenesulfite,70,0.00868530
ethylenesulfite,65,0.00562613
ethylenesulfite,60,0.00359172
ethylenesulfite,55,0.00225820
ethylenesulfite,50,0.00139725
ethylenesulfite,45,0.00085016
ethylenesulfite,40,0.00050827
ethylenesulfite,35,0.00029832
ethylenesulfite,30,0.00017174
ethylenesulfite,25,0.00009688
ethyleneoxide,160,31.79628788
ethyleneoxide,155,28.51919154
ethyleneoxide,150,25.31260292
ethyleneoxide,145,22.20922680
ethyleneoxide,140,19.24268295
ethyleneoxide,135,16.44719115
ethyleneoxide,130,13.85448959
ethyleneoxide,125,11.49242680
ethyleneoxide,120,9.38179616
ethyleneoxide,115,7.53459632
ethyleneoxide,110,5.95237218
ethyleneoxide,105,4.62649834
ethyleneoxide,100,3.53928466
ethyleneoxide,95,2.66630175
ethyleneoxide,90,1.97920330
ethyleneoxide,85,1.44846711
ethyleneoxide,80,1.04563080
ethyleneoxide,75,0.74483765
ethyleneoxide,70,0.52367066
ethyleneoxide,65,0.36341630
ethyleneoxide,60,0.24892867
ethyleneoxide,55,0.16826292
ethyleneoxide,50,0.11220530
ethyleneoxide,45,0.07378605
ethyleneoxide,40,0.04782519
ethyleneoxide,35,0.03053598
ethyleneoxide,30,0.01919375
ethyleneoxide,25,0.01186839
thiirane,160,17.73205212
thiirane,155,14.89125704
thiirane,150,12.32044402
thiirane,145,10.04106258
thiirane,140,8.06191426
thiirane,135,6.37892308
thiirane,130,4.97649910
thiirane,125,3.83016591
thiirane,120,2.90990913
thiirane,115,2.18340017
thiirane,110,1.61866968
thiirane,105,1.18598014
thiirane,100,0.85892508
thiirane,95,0.61489214
thiirane,90,0.43507323
thiirane,85,0.30419488
thiirane,80,0.21010289
thiirane,75,0.14329483
thiirane,70,0.09645906
thiirane,65,0.06405257
thiirane,60,0.04193266
thiirane,55,0.02704631
thiirane,50,0.01717505
thiirane,45,0.01072988
thiirane,40,0.00658945
thiirane,35,0.00397457
thiirane,30,0.00235245
thiirane,25,0.00136497
"1,2-diaminoethane",160,10.63071319
"1,2-diaminoethane",155,8.82361625
"1,2-diaminoethane",150,7.26600087
"1,2-diaminoethane",145,5.93731317
"1,2-diaminoethane",140,4.81521450
"1,2-diaminoethane",135,3.87666545
"1,2-diaminoethane",130,3.09884583
"1,2-diaminoethane",125,2.45988953
"1,2-diaminoethane",120,1.93940797
"1,2-diaminoethane",115,1.51884058
"1,2-diaminoethane",110,1.18163121
"1,2-diaminoethane",105,0.91327336
"1,2-diaminoethane",100,0.70125481
"1,2-diaminoethane",95,0.53493294
"1,2-diaminoethane",90,0.40536757
"1,2-diaminoethane",85,0.30513263
"1,2-diaminoethane",80,0.22812304
"1,2-diaminoethane",75,0.16936700
"1,2-diaminoethane",70,0.12485162
"1,2-diaminoethane",65,0.09136516
"1,2-diaminoethane",60,0.06635788
"1,2-diaminoethane",55,0.04782159
"1,2-diaminoethane",50,0.03418684
"1,2-diaminoethane",45,0.02423658
"1,2-diaminoethane",40,0.01703434
"1,2-diaminoethane",35,0.01186521
"1,2-diaminoethane",30,0.00818778
"1,2-diaminoethane",25,0.00559543
aziridine,160,30.92799786
aziridine,155,27.69565576
aziridine,150,24.55895577
aziridine,145,21.54863654
aziridine,140,18.69488829
aziridine,135,16.02566006
aziridine,130,13.56586395
aziridine,125,11.33482526
aziridine,120,9.34541410
aziridine,115,7.60236681
aziridine,110,6.10234137
aziridine,105,4.83447962
aziridine,100,3.78151713
aziridine,95,2.92173816
aziridine,90,2.23091539
aziridine,85,1.68419770
aziridine,80,1.25761656
aziridine,75,0.92916160
aziridine,70,0.67939487
aziridine,65,0.49169718
aziridine,60,0.35223316
aziridine,55,0.24974159
aziridine,50,0.17523154
aziridine,45,0.12164434
aziridine,40,0.08352098
aziridine,35,0.05669699
aziridine,30,0.03803603
aziridine,25,0.02520496
eugenol,160,6.56264190
eugenol,155,5.64638675
eugenol,150,4.84936739
eugenol,145,4.15936798
eugenol,140,3.56471717
eugenol,135,3.05441534
eugenol,130,2.61823817
eugenol,125,2.24680162
eugenol,120,1.93159272
eugenol,115,1.66497365
eugenol,110,1.44015226
eugenol,105,1.25115812
eugenol,100,1.09278164
eugenol,95,0.96051948
eugenol,90,0.85051324
eugenol,85,0.75948820
eugenol,80,0.68469432
eugenol,75,0.62385204
eugenol,70,0.57510431
eugenol,65,0.53697664
eugenol,60,0.50834648
eugenol,55,0.48842358
eugenol,50,0.47674338
eugenol,45,0.47317464
eugenol,40,0.47795028
eugenol,35,0.49171065
eugenol,30,0.51557772
eugenol,25,0.55124810
ferulic_acid,160,8.88274784
ferulic_acid,155,7.97397973
ferulic_acid,150,7.16501400
ferulic_acid,145,6.44730021
ferulic_acid,140,5.81268865
ferulic_acid,135,5.25349590
ferulic_acid,130,4.76255516
ferulic_acid,125,4.33325270
ferulic_acid,120,3.95955181
ferulic_acid,115,3.63600659
ferulic_acid,110,3.35776780
ferulic_acid,105,3.12058314
ferulic_acid,100,2.92079454
ferulic_acid,95,2.75533485
ferulic_acid,90,2.62172580
ferulic_acid,85,2.51807898
ferulic_acid,80,2.44310046
ferulic_acid,75,2.39611178
ferulic_acid,70,2.37701514
ferulic_acid,65,2.38633941
ferulic_acid,60,2.42522986
ferulic_acid,55,2.49537707
ferulic_acid,50,2.59895170
ferulic_acid,45,2.73834723
ferulic_acid,40,2.91609519
ferulic_acid,35,3.13439897
ferulic_acid,30,3.39487917
ferulic_acid,25,3.69789471
fluorene,160,2.40625090
fluorene,155,1.89941571
fluorene,150,1.48927357
fluorene,145,1.15966115
fluorene,140,0.89660263
fluorene,135,0.68813876
fluorene,130,0.52413108
fluorene,125,0.39605850
fluorene,120,0.29681748
fluorene,115,0.22053306
fluorene,110,0.16238415
fluorene,105,0.11844573
fluorene,100,0.08554796
fluorene,95,0.06115207
fluorene,90,0.04324232
fluorene,85,0.03023259
fluorene,80,0.02088671
fluorene,75,0.01425079
fluorene,70,0.00959651
fluorene,65,0.00637397
fluorene,60,0.00417282
fluorene,55,0.00269064
fluorene,50,0.00170746
fluorene,45,0.00106552
fluorene,40,0.00065330
fluorene,35,0.00039320
fluorene,30,0.00023207
fluorene,25,0.00013418
fluorobenzene,160,8.09078147
fluorobenzene,155,6.55675196
fluorobenzene,150,5.25876959
fluorobenzene,145,4.17550918
fluorobenzene,140,3.28312955
fluorobenzene,135,2.55694889
fluorobenzene,130,1.97280906
fluorobenzene,125,1.50805619
fluorobenzene,120,1.14215629
fluorobenzene,115,0.85700075
fluorobenzene,110,0.63697789
fluorobenzene,105,0.46888338
fluorobenzene,100,0.34173144
fluorobenzene,95,0.24651409
fluorobenzene,90,0.17594193
fluorobenzene,85,0.12418823
fluorobenzene,80,0.08664987
fluorobenzene,75,0.05973181
fluorobenzene,70,0.04065831
fluorobenzene,65,0.02731094
fluorobenzene,60,0.01809204
fluorobenzene,55,0.01181146
fluorobenzene,50,0.00759395
fluorobenzene,45,0.00480444
fluorobenzene,40,0.00298863
fluorobenzene,35,0.00182632
fluorobenzene,30,0.00109535
fluorobenzene,25,0.00064413
fluoroethene,160,34.23468900
fluoroethene,155,31.14943702
fluoroethene,150,28.09372080
fluoroethene,145,25.08997924
fluoroethene,140,22.16273052
fluoroethene,135,19.33989359
fluoroethene,130,16.65100074
fluoroethene,125,14.12675316
fluoroethene,120,11.79687314
fluoroethene,115,9.68695057
fluoroethene,110,7.81611684
fluoroethene,105,6.19461256
fluoroethene,100,4.82211981
fluoroethene,95,3.68798745
fluoroethene,90,2.77266129
fluoroethene,85,2.05044666
fluoroethene,80,1.49260347
fluoroethene,75,1.07017136
fluoroethene,70,0.75611020
fluoroethene,65,0.52659314
fluoroethene,60,0.36156012
fluoroethene,55,0.24472704
fluoroethene,50,0.16326423
fluoroethene,45,0.10731448
fluoroethene,40,0.06946744
fluoroethene,35,0.04426003
fluoroethene,30,0.02773711
fluoroethene,25,0.01708463
ch3f,160,42.93734963
ch3f,155,39.58464648
ch3f,150,36.16559237
ch3f,145,32.69677054
ch3f,140,29.20743063
ch3f,135,25.73206845
ch3f,130,22.31321214
ch3f,125,19.00335474
ch3f,120,15.86072056
ch3f,115,12.94641007
ch3f,110,10.31738974
ch3f,105,8.01865210
ch3f,100,6.07556160
ch3f,95,4.48963019
ch3f,90,3.23918456
ch3f,85,2.28500377
ch3f,80,1.57843631
ch3f,75,1.06917246
ch3f,70,0.71089267
ch3f,65,0.46429154
ch3f,60,0.29795150
ch3f,55,0.18787426
ch3f,50,0.11636961
ch3f,45,0.07077068
ch3f,40,0.04223045
ch3f,35,0.02470666
ch3f,30,0.01415882
ch3f,25,0.00794019
"2-fluoro-1,3-butadiene",160,13.11856800
"2-fluoro-1,3-butadiene",155,10.86332588
"2-fluoro-1,3-butadiene",150,8.88368137
"2-fluoro-1,3-butadiene",145,7.17583163
"2-fluoro-1,3-butadiene",140,5.72718131
"2-fluoro-1,3-butadiene",135,4.51819498
"2-fluoro-1,3-butadiene",130,3.52461984
"2-fluoro-1,3-butadiene",125,2.71979289
"2-fluoro-1,3-butadiene",120,2.07663124
"2-fluoro-1,3-butadiene",115,1.56916622
"2-fluoro-1,3-butadiene",110,1.17356990
"2-fluoro-1,3-butadiene",105,0.86872322
"2-fluoro-1,3-butadiene",100,0.63642552
"2-fluoro-1,3-butadiene",95,0.46135013
"2-fluoro-1,3-butadiene",90,0.33084087
"2-fluoro-1,3-butadiene",85,0.23462284
"2-fluoro-1,3-butadiene",80,0.16447991
"2-fluoro-1,3-butadiene",75,0.11393312
"2-fluoro-1,3-butadiene",70,0.07794013
"2-fluoro-1,3-butadiene",65,0.05262641
"2-fluoro-1,3-butadiene",60,0.03505211
"2-fluoro-1,3-butadiene",55,0.02301487
"2-fluoro-1,3-butadiene",50,0.01488616
"2-fluoro-1,3-butadiene",45,0.00947790
"2-fluoro-1,3-butadiene",40,0.00593541
"2-fluoro-1,3-butadiene",35,0.00365286
"2-fluoro-1,3-butadiene",30,0.00220733
"2-fluoro-1,3-butadiene",25,0.00130839
formaldehyde,160,29.55424307
formaldehyde,155,25.00971389
formaldehyde,150,20.73614662
formaldehyde,145,16.83972955
formaldehyde,140,13.39738342
formaldehyde,135,10.44900116
formaldehyde,130,7.99729152
formaldehyde,125,6.01391596
formaldehyde,120,4.44913441
formaldehyde,115,3.24209616
formaldehyde,110,2.32952581
formaldehyde,105,1.65183988
formaldehyde,100,1.15663201
formaldehyde,95,0.80005734
formaldehyde,90,0.54680340
formaldehyde,85,0.36926414
formaldehyde,80,0.24637090
formaldehyde,75,0.16236370
formaldehyde,70,0.10565658
formaldehyde,65,0.06786418
formaldehyde,60,0.04300536
formaldehyde,55,0.02687334
formaldehyde,50,0.01654995
formaldehyde,45,0.01003897
formaldehyde,40,0.00599409
formaldehyde,35,0.00352052
formaldehyde,30,0.00203250
formaldehyde,25,0.00115258
formamide,160,0.00318778
formamide,155,0.00230587
formamide,150,0.00165899
formamide,145,0.00118705
formamide,140,0.00084464
formamide,135,0.00059760
formamide,130,0.00042038
formamide,125,0.00029398
formamide,120,0.00020436
formamide,115,0.00014120
formamide,110,0.00009696
formamide,105,0.00006617
formamide,100,0.00004486
formamide,95,0.00003022
formamide,90,0.00002022
formamide,85,0.00001344
formamide,80,0.00000887
formamide,75,0.00000582
formamide,70,0.00000378
formamide,65,0.00000244
formamide,60,0.00000157
formamide,55,0.00000100
formamide,50,0.00000063
formamide,45,0.00000039
formamide,40,0.00000024
formamide,35,0.00000015
formamide,30,0.00000009
formamide,25,0.00000006
formicacid,160,33.22293735
formicacid,155,31.27612298
formicacid,150,29.54695935
formicacid,145,28.03436539
formicacid,140,26.73239474
formicacid,135,25.63442916
formicacid,130,24.73226935
formicacid,125,24.01865041
formicacid,120,23.48345740
formicacid,115,23.12131909
formicacid,110,22.92299083
formicacid,105,22.88153094
formicacid,100,22.98975013
formicacid,95,23.23812163
formicacid,90,23.62111994
formicacid,85,24.12780615
formicacid,80,24.74956148
formicacid,75,25.47380854
formicacid,70,26.28978187
formicacid,65,27.18550069
formicacid,60,100.00000000
formicacid,55,100.00000000
formicacid,50,100.00000000
formicacid,45,100.00000000
formicacid,40,100.00000000
formicacid,35,100.00000000
formicacid,30,100.00000000
formicacid,25,100.00000000
formylfluoride,160,38.33476089
formylfluoride,155,35.67669904
formylfluoride,150,33.04785509
formylfluoride,145,30.45978181
formylfluoride,140,27.92614774
formylfluoride,135,25.45837996
formylfluoride,130,23.07209743
formylfluoride,125,20.77739819
formylfluoride,120,18.58751135
formylfluoride,115,16.51437985
formylfluoride,110,14.56706462
formylfluoride,105,12.75380889
formylfluoride,100,11.08096165
formylfluoride,95,9.55232917
formylfluoride,90,8.16918594
formylfluoride,85,6.93071643
formylfluoride,80,5.83356935
formylfluoride,75,4.87212628
formylfluoride,70,4.03877893
formylfluoride,65,3.32428572
formylfluoride,60,2.71824326
formylfluoride,55,2.20945082
formylfluoride,50,1.78645135
formylfluoride,45,1.43796588
formylfluoride,40,1.15324868
formylfluoride,35,0.92235759
formylfluoride,30,0.73634317
formylfluoride,25,0.58732768
(e)-2-butenedinitrile,160,0.40869262
(e)-2-butenedinitrile,155,0.30717074
(e)-2-butenedinitrile,150,0.22970485
(e)-2-butenedinitrile,145,0.17085234
(e)-2-butenedinitrile,140,0.12635687
(e)-2-butenedinitrile,135,0.09289268
(e)-2-butenedinitrile,130,0.06786638
(e)-2-butenedinitrile,125,0.04926191
(e)-2-butenedinitrile,120,0.03551802
(e)-2-butenedinitrile,115,0.02543132
(e)-2-butenedinitrile,110,0.01807906
(e)-2-butenedinitrile,105,0.01275781
(e)-2-butenedinitrile,100,0.00893463
(e)-2-butenedinitrile,95,0.00620848
(e)-2-butenedinitrile,90,0.00427967
(e)-2-butenedinitrile,85,0.00292590
(e)-2-butenedinitrile,80,0.00198353
(e)-2-butenedinitrile,75,0.00133308
(e)-2-butenedinitrile,70,0.00088800
(e)-2-butenedinitrile,65,0.00058617
(e)-2-butenedinitrile,60,0.00038333
(e)-2-butenedinitrile,55,0.00024831
(e)-2-butenedinitrile,50,0.00015928
(e)-2-butenedinitrile,45,0.00010116
(e)-2-butenedinitrile,40,0.00006359
(e)-2-butenedinitrile,35,0.00003957
(e)-2-butenedinitrile,30,0.00002436
(e)-2-butenedinitrile,25,0.00001483
furane,160,18.88555586
furane,155,16.26172738
furane,150,13.83464059
furane,145,11.62274894
furane,140,9.63877288
furane,135,7.88884370
furane,130,6.37194127
furane,125,5.07980673
furane,120,3.99803439
furane,115,3.10748836
furane,110,2.38610431
furane,105,1.81063733
furane,100,1.35818226
furane,95,1.00729488
furane,90,0.73871032
furane,85,0.53569105
furane,80,0.38409456
furane,75,0.27224850
furane,70,0.19071236
furane,65,0.13198551
furane,60,0.09020372
furane,55,0.06085017
furane,50,0.04049491
furane,45,0.02656917
furane,40,0.01717547
furane,35,0.01093161
furane,30,0.00684500
furane,25,0.00421331
furfural,160,3.21294596
furfural,155,2.50485198
furfural,150,1.94130887
furfural,145,1.49548468
furfural,140,1.14488839
furfural,135,0.87084310
furfural,130,0.65796275
furfural,125,0.49365781
furfural,120,0.36769193
furfural,115,0.27179293
furfural,110,0.19931676
furfural,105,0.14496069
furfural,100,0.10452013
furfural,95,0.07468419
furfural,90,0.05286464
furfural,85,0.03705365
furfural,80,0.02570628
furfural,75,0.01764391
furfural,70,0.01197550
furfural,65,0.00803382
furfural,60,0.00532420
furfural,55,0.00348382
furfural,50,0.00224946
furfural,45,0.00143239
furfural,40,0.00089894
furfural,35,0.00055564
furfural,30,0.00033803
furfural,25,0.00020224
2-furanmethanol,160,9.43893418
2-furanmethanol,155,7.95938240
2-furanmethanol,150,6.67473512
2-furanmethanol,145,5.56845719
2-furanmethanol,140,4.62302922
2-furanmethanol,135,3.82074808
2-furanmethanol,130,3.14435329
2-furanmethanol,125,2.57748885
2-furanmethanol,120,2.10502123
2-furanmethanol,115,1.71320780
2-furanmethanol,110,1.38978078
2-furanmethanol,105,1.12393913
2-furanmethanol,100,0.90628724
2-furanmethanol,95,0.72873699
2-furanmethanol,90,0.58438907
2-furanmethanol,85,0.46740512
2-furanmethanol,80,0.37287936
2-furanmethanol,75,0.29671542
2-furanmethanol,70,0.23551178
2-furanmethanol,65,0.18645794
2-furanmethanol,60,0.14724211
2-furanmethanol,55,0.11597019
2-furanmethanol,50,0.09109597
2-furanmethanol,45,0.07136123
2-furanmethanol,40,0.05574509
2-furanmethanol,35,0.04342145
2-furanmethanol,30,0.03372345
2-furanmethanol,25,0.02611399
glycerol,160,1.84463922
glycerol,155,1.44567350
glycerol,150,1.12902439
glycerol,145,0.87850652
glycerol,140,0.68097980
glycerol,135,0.52579397
glycerol,130,0.40433241
glycerol,125,0.30963981
glycerol,120,0.23611716
glycerol,115,0.17927130
glycerol,110,0.13550902
glycerol,105,0.10196763
glycerol,100,0.07637574
glycerol,95,0.05693884
glycerol,90,0.04224550
glycerol,85,0.03119080
glycerol,80,0.02291382
glycerol,75,0.01674707
glycerol,70,0.01217558
glycerol,65,0.00880403
glycerol,60,0.00633050
glycerol,55,0.00452558
glycerol,50,0.00321584
glycerol,45,0.00227087
glycerol,40,0.00159314
glycerol,35,0.00111008
glycerol,30,0.00076798
glycerol,25,0.00052735
"4-hydroxymethyl-1,3-dioxolan-2-one",160,0.29297984
"4-hydroxymethyl-1,3-dioxolan-2-one",155,0.22779119
"4-hydroxymethyl-1,3-dioxolan-2-one",150,0.17663417
"4-hydroxymethyl-1,3-dioxolan-2-one",145,0.13659361
"4-hydroxymethyl-1,3-dioxolan-2-one",140,0.10534184
"4-hydroxymethyl-1,3-dioxolan-2-one",135,0.08102142
"4-hydroxymethyl-1,3-dioxolan-2-one",130,0.06215219
"4-hydroxymethyl-1,3-dioxolan-2-one",125,0.04755705
"4-hydroxymethyl-1,3-dioxolan-2-one",120,0.03630227
"4-hydroxymethyl-1,3-dioxolan-2-one",115,0.02764941
"4-hydroxymethyl-1,3-dioxolan-2-one",110,0.02101637
"4-hydroxymethyl-1,3-dioxolan-2-one",105,0.01594591
"4-hydroxymethyl-1,3-dioxolan-2-one",100,0.01208021
"4-hydroxymethyl-1,3-dioxolan-2-one",95,0.00914029
"4-hydroxymethyl-1,3-dioxolan-2-one",90,0.00690949
"4-hydroxymethyl-1,3-dioxolan-2-one",85,0.00522019
"4-hydroxymethyl-1,3-dioxolan-2-one",80,0.00394318
"4-hydroxymethyl-1,3-dioxolan-2-one",75,0.00297926
"4-hydroxymethyl-1,3-dioxolan-2-one",70,0.00225250
"4-hydroxymethyl-1,3-dioxolan-2-one",65,0.00170500
"4-hydroxymethyl-1,3-dioxolan-2-one",60,0.00129273
"4-hydroxymethyl-1,3-dioxolan-2-one",55,0.00098233
"4-hydroxymethyl-1,3-dioxolan-2-one",50,0.00074855
"4-hydroxymethyl-1,3-dioxolan-2-one",45,0.00057236
"4-hydroxymethyl-1,3-dioxolan-2-one",40,0.00043943
"4-hydroxymethyl-1,3-dioxolan-2-one",35,0.00033898
"4-hydroxymethyl-1,3-dioxolan-2-one",30,0.00026295
"4-hydroxymethyl-1,3-dioxolan-2-one",25,0.00020525
glycerol-triacetate,160,1.49234982
glycerol-triacetate,155,1.18290539
glycerol-triacetate,150,0.93224545
glycerol-triacetate,145,0.73032650
glycerol-triacetate,140,0.56860290
glycerol-triacetate,135,0.43984358
glycerol-triacetate,130,0.33796368
glycerol-triacetate,125,0.25787131
glycerol-triacetate,120,0.19533010
glycerol-triacetate,115,0.14683630
glycerol-triacetate,110,0.10950996
glycerol-triacetate,105,0.08099906
glycerol-triacetate,100,0.05939570
glycerol-triacetate,95,0.04316313
glycerol-triacetate,90,0.03107272
glycerol-triacetate,85,0.02214983
glycerol-triacetate,80,0.01562763
glycerol-triacetate,75,0.01090797
glycerol-triacetate,70,0.00752850
glycerol-triacetate,65,0.00513524
glycerol-triacetate,60,0.00345989
glycerol-triacetate,55,0.00230125
glycerol-triacetate,50,0.00151008
glycerol-triacetate,45,0.00097699
glycerol-triacetate,40,0.00062279
glycerol-triacetate,35,0.00039088
glycerol-triacetate,30,0.00024136
glycerol-triacetate,25,0.00014650
glycerol-tributyrate,160,1.51901296
glycerol-tributyrate,155,1.21646778
glycerol-tributyrate,150,0.96854213
glycerol-tributyrate,145,0.76653480
glycerol-tributyrate,140,0.60290667
glycerol-tributyrate,135,0.47116741
glycerol-tributyrate,130,0.36576494
glycerol-tributyrate,125,0.28197968
glycerol-tributyrate,120,0.21582518
glycerol-tributyrate,115,0.16395582
glycerol-tributyrate,110,0.12358217
glycerol-tributyrate,105,0.09239419
glycerol-tributyrate,100,0.06849208
glycerol-tributyrate,95,0.05032468
glycerol-tributyrate,90,0.03663494
glycerol-tributyrate,85,0.02641209
glycerol-tributyrate,80,0.01885002
glycerol-tributyrate,75,0.01331131
glycerol-tributyrate,70,0.00929643
glycerol-tributyrate,65,0.00641761
glycerol-tributyrate,60,0.00437677
glycerol-tributyrate,55,0.00294717
glycerol-tributyrate,50,0.00195823
glycerol-tributyrate,45,0.00128306
glycerol-tributyrate,40,0.00082844
glycerol-tributyrate,35,0.00052672
glycerol-tributyrate,30,0.00032952
glycerol-tributyrate,25,0.00020268
triolein,160,0.21997109
triolein,155,0.17265594
triolein,150,0.13471139
triolein,145,0.10445076
triolein,140,0.08045968
triolein,135,0.06155675
triolein,130,0.04675966
triolein,125,0.03525561
triolein,120,0.02637572
triolein,115,0.01957278
triolein,110,0.01440189
triolein,105,0.01050378
triolein,100,0.00759040
triolein,95,0.00543254
triolein,90,0.00384928
triolein,85,0.00269900
triolein,80,0.00187188
triolein,75,0.00128349
triolein,70,0.00086963
triolein,65,0.00058193
triolein,60,0.00038439
triolein,55,0.00025048
triolein,50,0.00016092
triolein,45,0.00010187
triolein,40,0.00006349
triolein,35,0.00003894
triolein,30,0.00002348
triolein,25,0.00001391
oxiranemethanol,160,6.77866900
oxiranemethanol,155,5.46792991
oxiranemethanol,150,4.38523150
oxiranemethanol,145,3.49787229
oxiranemethanol,140,2.77572934
oxiranemethanol,135,2.19182221
oxiranemethanol,130,1.72250032
oxiranemethanol,125,1.34738214
oxiranemethanol,120,1.04914529
oxiranemethanol,115,0.81323486
oxiranemethanol,110,0.62754135
oxiranemethanol,105,0.48207528
oxiranemethanol,100,0.36865846
oxiranemethanol,95,0.28064167
oxiranemethanol,90,0.21265313
oxiranemethanol,85,0.16037898
oxiranemethanol,80,0.12037456
oxiranemethanol,75,0.08990417
oxiranemethanol,70,0.06680664
oxiranemethanol,65,0.04938337
oxiranemethanol,60,0.03630611
oxiranemethanol,55,0.02654130
oxiranemethanol,50,0.01928870
oxiranemethanol,45,0.01393176
oxiranemethanol,40,0.00999780
oxiranemethanol,35,0.00712623
oxiranemethanol,30,0.00504340
oxiranemethanol,25,0.00354273
glycidylmethacrylate,160,3.78225918
glycidylmethacrylate,155,3.02673064
glycidylmethacrylate,150,2.40482886
glycidylmethacrylate,145,1.89705084
glycidylmethacrylate,140,1.48571742
glycidylmethacrylate,135,1.15509021
glycidylmethacrylate,130,0.89137531
glycidylmethacrylate,125,0.68264709
glycidylmethacrylate,120,0.51871999
glycidylmethacrylate,115,0.39099034
glycidylmethacrylate,110,0.29226466
glycidylmethacrylate,105,0.21658639
glycidylmethacrylate,100,0.15906872
glycidylmethacrylate,95,0.11573869
glycidylmethacrylate,90,0.08339524
glycidylmethacrylate,85,0.05948251
glycidylmethacrylate,80,0.04197844
glycidylmethacrylate,75,0.02929835
glycidylmethacrylate,70,0.02021240
glycidylmethacrylate,65,0.01377573
glycidylmethacrylate,60,0.00927009
glycidylmethacrylate,55,0.00615547
glycidylmethacrylate,50,0.00403057
glycidylmethacrylate,45,0.00260078
glycidylmethacrylate,40,0.00165256
glycidylmethacrylate,35,0.00103323
glycidylmethacrylate,30,0.00063514
glycidylmethacrylate,25,0.00038354
ethanedial,160,9.44544042
ethanedial,155,7.31483896
ethanedial,150,5.59361060
ethanedial,145,4.22826280
ethanedial,140,3.16205269
ethanedial,135,2.34073380
ethanedial,130,1.71571497
ethanedial,125,1.24536783
ethanedial,120,0.89513768
ethanedial,115,0.63701189
ethanedial,110,0.44869754
ethanedial,105,0.31272122
ethanedial,100,0.21556608
ethanedial,95,0.14690028
ethanedial,90,0.09891559
ethanedial,85,0.06577653
ethanedial,80,0.04317080
ethanedial,75,0.02794838
ethanedial,70,0.01783571
ethanedial,65,0.01121235
ethanedial,60,0.00693850
ethanedial,55,0.00422349
ethanedial,50,0.00252680
ethanedial,45,0.00148458
ethanedial,40,0.00085584
ethanedial,35,0.00048365
ethanedial,30,0.00026767
ethanedial,25,0.00014493
"1,1,1,2-tetrafluoroethane",160,9.01366907
"1,1,1,2-tetrafluoroethane",155,7.47141648
"1,1,1,2-tetrafluoroethane",150,6.14251095
"1,1,1,2-tetrafluoroethane",145,5.01058341
"1,1,1,2-tetrafluoroethane",140,4.05682513
"1,1,1,2-tetrafluoroethane",135,3.26124526
"1,1,1,2-tetrafluoroethane",130,2.60378206
"1,1,1,2-tetrafluoroethane",125,2.06514900
"1,1,1,2-tetrafluoroethane",120,1.62742303
"1,1,1,2-tetrafluoroethane",115,1.27439337
"1,1,1,2-tetrafluoroethane",110,0.99171902
"1,1,1,2-tetrafluoroethane",105,0.76694082
"1,1,1,2-tetrafluoroethane",100,0.58939851
"1,1,1,2-tetrafluoroethane",95,0.45008848
"1,1,1,2-tetrafluoroethane",90,0.34149140
"1,1,1,2-tetrafluoroethane",85,0.25738968
"1,1,1,2-tetrafluoroethane",80,0.19268806
"1,1,1,2-tetrafluoroethane",75,0.14324555
"1,1,1,2-tetrafluoroethane",70,0.10572281
"1,1,1,2-tetrafluoroethane",65,0.07744706
"1,1,1,2-tetrafluoroethane",60,0.05629459
"1,1,1,2-tetrafluoroethane",55,0.04059011
"1,1,1,2-tetrafluoroethane",50,0.02902164
"1,1,1,2-tetrafluoroethane",45,0.02056923
"1,1,1,2-tetrafluoroethane",40,0.01444591
"1,1,1,2-tetrafluoroethane",35,0.01004914
"1,1,1,2-tetrafluoroethane",30,0.00692128
"1,1,1,2-tetrafluoroethane",25,0.00471764
"1,1-dichloro-1-fluoroethane",160,5.95381537
"1,1-dichloro-1-fluoroethane",155,4.77855078
"1,1-dichloro-1-fluoroethane",150,3.80163502
"1,1-dichloro-1-fluoroethane",145,2.99879588
"1,1-dichloro-1-fluoroethane",140,2.34596685
"1,1-dichloro-1-fluoroethane",135,1.82035175
"1,1-dichloro-1-fluoroethane",130,1.40110531
"1,1-dichloro-1-fluoroethane",125,1.06968808
"1,1-dichloro-1-fluoroethane",120,0.80997493
"1,1-dichloro-1-fluoroethane",115,0.60819483
"1,1-dichloro-1-fluoroethane",110,0.45276618
"1,1-dichloro-1-fluoroethane",105,0.33407681
"1,1-dichloro-1-fluoroethane",100,0.24424223
"1,1-dichloro-1-fluoroethane",95,0.17686435
"1,1-dichloro-1-fluoroethane",90,0.12680355
"1,1-dichloro-1-fluoroethane",85,0.08997154
"1,1-dichloro-1-fluoroethane",80,0.06314776
"1,1-dichloro-1-fluoroethane",75,0.04381996
"1,1-dichloro-1-fluoroethane",70,0.03004799
"1,1-dichloro-1-fluoroethane",65,0.02034895
"1,1-dichloro-1-fluoroethane",60,0.01360164
"1,1-dichloro-1-fluoroethane",55,0.00896783
"1,1-dichloro-1-fluoroethane",50,0.00582827
"1,1-dichloro-1-fluoroethane",45,0.00373112
"1,1-dichloro-1-fluoroethane",40,0.00235105
"1,1-dichloro-1-fluoroethane",35,0.00145701
"1,1-dichloro-1-fluoroethane",30,0.00088732
"1,1-dichloro-1-fluoroethane",25,0.00053054
"1,1-dichloro-2,2,3,3,3-pentafluoropropane",160,2.64252387
"1,1-dichloro-2,2,3,3,3-pentafluoropropane",155,2.24264685
"1,1-dichloro-2,2,3,3,3-pentafluoropropane",150,1.90261695
"1,1-dichloro-2,2,3,3,3-pentafluoropropane",145,1.61378753
"1,1-dichloro-2,2,3,3,3-pentafluoropropane",140,1.36872049
"1,1-dichloro-2,2,3,3,3-pentafluoropropane",135,1.16101642
"1,1-dichloro-2,2,3,3,3-pentafluoropropane",130,0.98517099
"1,1-dichloro-2,2,3,3,3-pentafluoropropane",125,0.83645291
"1,1-dichloro-2,2,3,3,3-pentafluoropropane",120,0.71079960
"1,1-dichloro-2,2,3,3,3-pentafluoropropane",115,0.60472745
"1,1-dichloro-2,2,3,3,3-pentafluoropropane",110,0.51525415
"1,1-dichloro-2,2,3,3,3-pentafluoropropane",105,0.43983112
"1,1-dichloro-2,2,3,3,3-pentafluoropropane",100,0.37628570
"1,1-dichloro-2,2,3,3,3-pentafluoropropane",95,0.32276827
"1,1-dichloro-2,2,3,3,3-pentafluoropropane",90,0.27770867
"1,1-dichloro-2,2,3,3,3-pentafluoropropane",85,0.23977674
"1,1-dichloro-2,2,3,3,3-pentafluoropropane",80,0.20784825
"1,1-dichloro-2,2,3,3,3-pentafluoropropane",75,0.18097522
"1,1-dichloro-2,2,3,3,3-pentafluoropropane",70,0.15836025
"1,1-dichloro-2,2,3,3,3-pentafluoropropane",65,0.13933431
"1,1-dichloro-2,2,3,3,3-pentafluoropropane",60,0.12333768
"1,1-dichloro-2,2,3,3,3-pentafluoropropane",55,0.10990365
"1,1-dichloro-2,2,3,3,3-pentafluoropropane",50,0.09864478
"1,1-dichloro-2,2,3,3,3-pentafluoropropane",45,0.08924130
"1,1-dichloro-2,2,3,3,3-pentafluoropropane",40,0.08143160
"1,1-dichloro-2,2,3,3,3-pentafluoropropane",35,0.07500464
"1,1-dichloro-2,2,3,3,3-pentafluoropropane",30,0.06979407
"1,1-dichloro-2,2,3,3,3-pentafluoropropane",25,0.06567427
"1,3-dichloro-1,1,2,2,3-pentafluoropropane",160,3.25883663
"1,3-dichloro-1,1,2,2,3-pentafluoropropane",155,2.77508107
"1,3-dichloro-1,1,2,2,3-pentafluoropropane",150,2.36094710
"1,3-dichloro-1,1,2,2,3-pentafluoropropane",145,2.00700803
"1,3-dichloro-1,1,2,2,3-pentafluoropropane",140,1.70502088
"1,3-dichloro-1,1,2,2,3-pentafluoropropane",135,1.44778612
"1,3-dichloro-1,1,2,2,3-pentafluoropropane",130,1.22902462
"1,3-dichloro-1,1,2,2,3-pentafluoropropane",125,1.04326942
"1,3-dichloro-1,1,2,2,3-pentafluoropropane",120,0.88577025
"1,3-dichloro-1,1,2,2,3-pentafluoropropane",115,0.75240889
"1,3-dichloro-1,1,2,2,3-pentafluoropropane",110,0.63962391
"1,3-dichloro-1,1,2,2,3-pentafluoropropane",105,0.54434347
"1,3-dichloro-1,1,2,2,3-pentafluoropropane",100,0.46392533
"1,3-dichloro-1,1,2,2,3-pentafluoropropane",95,0.39610310
"1,3-dichloro-1,1,2,2,3-pentafluoropropane",90,0.33893819
"1,3-dichloro-1,1,2,2,3-pentafluoropropane",85,0.29077772
"1,3-dichloro-1,1,2,2,3-pentafluoropropane",80,0.25021531
"1,3-dichloro-1,1,2,2,3-pentafluoropropane",75,0.21605833
"1,3-dichloro-1,1,2,2,3-pentafluoropropane",70,0.18729794
"1,3-dichloro-1,1,2,2,3-pentafluoropropane",65,0.16308305
"1,3-dichloro-1,1,2,2,3-pentafluoropropane",60,0.14269756
"1,3-dichloro-1,1,2,2,3-pentafluoropropane",55,0.12554068
"1,3-dichloro-1,1,2,2,3-pentafluoropropane",50,0.11110990
"1,3-dichloro-1,1,2,2,3-pentafluoropropane",45,0.09898645
"1,3-dichloro-1,1,2,2,3-pentafluoropropane",40,0.08882298
"1,3-dichloro-1,1,2,2,3-pentafluoropropane",35,0.08033330
"1,3-dichloro-1,1,2,2,3-pentafluoropropane",30,0.07328389
"1,3-dichloro-1,1,2,2,3-pentafluoropropane",25,0.06748724
"3-chloro-1,1,1-trifluoropropane",160,5.71065467
"3-chloro-1,1,1-trifluoropropane",155,4.64038744
"3-chloro-1,1,1-trifluoropropane",150,3.74019353
"3-chloro-1,1,1-trifluoropropane",145,2.99070294
"3-chloro-1,1,1-trifluoropropane",140,2.37271795
"3-chloro-1,1,1-trifluoropropane",135,1.86788070
"3-chloro-1,1,1-trifluoropropane",130,1.45914568
"3-chloro-1,1,1-trifluoropropane",125,1.13107007
"3-chloro-1,1,1-trifluoropropane",120,0.86995140
"3-chloro-1,1,1-trifluoropropane",115,0.66384581
"3-chloro-1,1,1-trifluoropropane",110,0.50250232
"3-chloro-1,1,1-trifluoropropane",105,0.37724221
"3-chloro-1,1,1-trifluoropropane",100,0.28080738
"3-chloro-1,1,1-trifluoropropane",95,0.20719559
"3-chloro-1,1,1-trifluoropropane",90,0.15149484
"3-chloro-1,1,1-trifluoropropane",85,0.10972531
"3-chloro-1,1,1-trifluoropropane",80,0.07869352
"3-chloro-1,1,1-trifluoropropane",75,0.05586135
"3-chloro-1,1,1-trifluoropropane",70,0.03923080
"3-chloro-1,1,1-trifluoropropane",65,0.02724425
"3-chloro-1,1,1-trifluoropropane",60,0.01869947
"3-chloro-1,1,1-trifluoropropane",55,0.01267797
"3-chloro-1,1,1-trifluoropropane",50,0.00848558
"3-chloro-1,1,1-trifluoropropane",45,0.00560342
"3-chloro-1,1,1-trifluoropropane",40,0.00364820
"3-chloro-1,1,1-trifluoropropane",35,0.00234019
"3-chloro-1,1,1-trifluoropropane",30,0.00147791
"3-chloro-1,1,1-trifluoropropane",25,0.00091818
"1,1-dichloro-2,2,2-trifluoroethane",160,13.95801899
"1,1-dichloro-2,2,2-trifluoroethane",155,12.84229458
"1,1-dichloro-2,2,2-trifluoroethane",150,11.81957516
"1,1-dichloro-2,2,2-trifluoroethane",145,10.88353835
"1,1-dichloro-2,2,2-trifluoroethane",140,10.02814917
"1,1-dichloro-2,2,2-trifluoroethane",135,9.24785969
"1,1-dichloro-2,2,2-trifluoroethane",130,8.53728348
"1,1-dichloro-2,2,2-trifluoroethane",125,7.89133638
"1,1-dichloro-2,2,2-trifluoroethane",120,7.30550792
"1,1-dichloro-2,2,2-trifluoroethane",115,6.77539090
"1,1-dichloro-2,2,2-trifluoroethane",110,6.29670336
"1,1-dichloro-2,2,2-trifluoroethane",105,5.86576182
"1,1-dichloro-2,2,2-trifluoroethane",100,5.47898657
"1,1-dichloro-2,2,2-trifluoroethane",95,5.13328059
"1,1-dichloro-2,2,2-trifluoroethane",90,4.82560452
"1,1-dichloro-2,2,2-trifluoroethane",85,4.55327336
"1,1-dichloro-2,2,2-trifluoroethane",80,4.31387450
"1,1-dichloro-2,2,2-trifluoroethane",75,4.10526787
"1,1-dichloro-2,2,2-trifluoroethane",70,3.92558710
"1,1-dichloro-2,2,2-trifluoroethane",65,3.77329914
"1,1-dichloro-2,2,2-trifluoroethane",60,3.64699974
"1,1-dichloro-2,2,2-trifluoroethane",55,3.54564039
"1,1-dichloro-2,2,2-trifluoroethane",50,3.46866049
"1,1-dichloro-2,2,2-trifluoroethane",45,3.41552625
"1,1-dichloro-2,2,2-trifluoroethane",40,3.38607222
"1,1-dichloro-2,2,2-trifluoroethane",35,3.38032073
"1,1-dichloro-2,2,2-trifluoroethane",30,3.39913173
"1,1-dichloro-2,2,2-trifluoroethane",25,3.44310939
n-heptane,160,0.41439069
n-heptane,155,0.31079021
n-heptane,150,0.23144960
n-heptane,145,0.17106775
n-heptane,140,0.12542834
n-heptane,135,0.09118696
n-heptane,130,0.06570092
n-heptane,125,0.04689226
n-heptane,120,0.03313649
n-heptane,115,0.02317214
n-heptane,110,0.01602697
n-heptane,105,0.01095786
n-heptane,100,0.00740187
n-heptane,95,0.00493676
n-heptane,90,0.00324905
n-heptane,85,0.00210864
n-heptane,80,0.00134859
n-heptane,75,0.00084933
n-heptane,70,0.00052634
n-heptane,65,0.00032069
n-heptane,60,0.00019195
n-heptane,55,0.00011276
n-heptane,50,0.00006495
n-heptane,45,0.00003665
n-heptane,40,0.00002024
n-heptane,35,0.00001092
n-heptane,30,0.00000575
n-heptane,25,0.00000295
hexachlorobenzene,160,0.27160746
hexachlorobenzene,155,0.20584398
hexachlorobenzene,150,0.15496168
hexachlorobenzene,145,0.11582460
hexachlorobenzene,140,0.08591529
hexachlorobenzene,135,0.06321737
hexachlorobenzene,130,0.04612121
hexachlorobenzene,125,0.03334744
hexachlorobenzene,120,0.02388456
hexachlorobenzene,115,0.01693770
hexachlorobenzene,110,0.01188661
hexachlorobenzene,105,0.00825094
hexachlorobenzene,100,0.00566184
hexachlorobenzene,95,0.00383863
hexachlorobenzene,90,0.00256985
hexachlorobenzene,85,0.00169779
hexachlorobenzene,80,0.00110618
hexachlorobenzene,75,0.00071030
hexachlorobenzene,70,0.00044917
hexachlorobenzene,65,0.00027953
hexachlorobenzene,60,0.00017105
hexachlorobenzene,55,0.00010284
hexachlorobenzene,50,0.00006069
hexachlorobenzene,45,0.00003513
hexachlorobenzene,40,0.00001992
hexachlorobenzene,35,0.00001105
hexachlorobenzene,30,0.00000600
hexachlorobenzene,25,0.00000318
hexachloroethane,160,0.23790242
hexachloroethane,155,0.17900252
hexachloroethane,150,0.13378517
hexachloroethane,145,0.09927241
hexachloroethane,140,0.07309868
hexachloroethane,135,0.05338787
hexachloroethane,130,0.03865629
hexachloroethane,125,0.02773535
hexachloroethane,120,0.01970934
hexachloroethane,115,0.01386500
hexachloroethane,110,0.00965063
hexachloroethane,105,0.00664280
hexachloroethane,100,0.00451929
hexachloroethane,95,0.00303714
hexachloroethane,90,0.00201503
hexachloroethane,85,0.00131901
hexachloroethane,80,0.00085130
hexachloroethane,75,0.00054136
hexachloroethane,70,0.00033897
hexachloroethane,65,0.00020881
hexachloroethane,60,0.00012646
hexachloroethane,55,0.00007522
hexachloroethane,50,0.00004391
hexachloroethane,45,0.00002513
hexachloroethane,40,0.00001409
hexachloroethane,35,0.00000773
hexachloroethane,30,0.00000414
hexachloroethane,25,0.00000217
n-hexadecane,160,0.12248267
n-hexadecane,155,0.09207463
n-hexadecane,150,0.06869310
n-hexadecane,145,0.05084207
n-hexadecane,140,0.03731604
n-hexadecane,135,0.02714878
n-hexadecane,130,0.01957050
n-hexadecane,125,0.01397197
n-hexadecane,120,0.00987456
n-hexadecane,115,0.00690514
n-hexadecane,110,0.00477534
n-hexadecane,105,0.00326425
n-hexadecane,100,0.00220429
n-hexadecane,95,0.00146963
n-hexadecane,90,0.00096680
n-hexadecane,85,0.00062715
n-hexadecane,80,0.00040088
n-hexadecane,75,0.00025233
n-hexadecane,70,0.00015627
n-hexadecane,65,0.00009515
n-hexadecane,60,0.00005691
n-hexadecane,55,0.00003341
n-hexadecane,50,0.00001923
n-hexadecane,45,0.00001084
n-hexadecane,40,0.00000598
n-hexadecane,35,0.00000322
n-hexadecane,30,0.00000170
n-hexadecane,25,0.00000087
hexafluoro-i-propanol,160,100.00000000
hexafluoro-i-propanol,155,100.00000000
hexafluoro-i-propanol,150,100.00000000
hexafluoro-i-propanol,145,100.00000000
hexafluoro-i-propanol,140,100.00000000
hexafluoro-i-propanol,135,100.00000000
hexafluoro-i-propanol,130,100.00000000
hexafluoro-i-propanol,125,100.00000000
hexafluoro-i-propanol,120,100.00000000
hexafluoro-i-propanol,115,100.00000000
hexafluoro-i-propanol,110,100.00000000
hexafluoro-i-propanol,105,100.00000000
hexafluoro-i-propanol,100,100.00000000
hexafluoro-i-propanol,95,100.00000000
hexafluoro-i-propanol,90,100.00000000
hexafluoro-i-propanol,85,100.00000000
hexafluoro-i-propanol,80,100.00000000
hexafluoro-i-propanol,75,100.00000000
hexafluoro-i-propanol,70,100.00000000
hexafluoro-i-propanol,65,100.00000000
hexafluoro-i-propanol,60,100.00000000
hexafluoro-i-propanol,55,100.00000000
hexafluoro-i-propanol,50,100.00000000
hexafluoro-i-propanol,45,100.00000000
hexafluoro-i-propanol,40,100.00000000
hexafluoro-i-propanol,35,100.00000000
hexafluoro-i-propanol,30,100.00000000
hexafluoro-i-propanol,25,100.00000000
"hexafluoro-1,3-butadiene",160,0.08262947
"hexafluoro-1,3-butadiene",155,0.06065472
"hexafluoro-1,3-butadiene",150,0.04418073
"hexafluoro-1,3-butadiene",145,0.03191897
"hexafluoro-1,3-butadiene",140,0.02286247
"hexafluoro-1,3-butadiene",135,0.01622803
"hexafluoro-1,3-butadiene",130,0.01140997
"hexafluoro-1,3-butadiene",125,0.00794299
"hexafluoro-1,3-butadiene",120,0.00547221
"hexafluoro-1,3-butadiene",115,0.00372919
"hexafluoro-1,3-butadiene",110,0.00251260
"hexafluoro-1,3-butadiene",105,0.00167288
"hexafluoro-1,3-butadiene",100,0.00110004
"hexafluoro-1,3-butadiene",95,0.00071401
"hexafluoro-1,3-butadiene",90,0.00045720
"hexafluoro-1,3-butadiene",85,0.00028863
"hexafluoro-1,3-butadiene",80,0.00017952
"hexafluoro-1,3-butadiene",75,0.00010994
"hexafluoro-1,3-butadiene",70,0.00006624
"hexafluoro-1,3-butadiene",65,0.00003924
"hexafluoro-1,3-butadiene",60,0.00002283
"hexafluoro-1,3-butadiene",55,0.00001304
"hexafluoro-1,3-butadiene",50,0.00000730
"hexafluoro-1,3-butadiene",45,0.00000401
"hexafluoro-1,3-butadiene",40,0.00000215
"hexafluoro-1,3-butadiene",35,0.00000113
"hexafluoro-1,3-butadiene",30,0.00000058
"hexafluoro-1,3-butadiene",25,0.00000029
hexafluorobenzene,160,0.19107280
hexafluorobenzene,155,0.14320735
hexafluorobenzene,150,0.10660141
hexafluorobenzene,145,0.07877618
hexafluorobenzene,140,0.05776551
hexafluorobenzene,135,0.04201392
hexafluorobenzene,130,0.03029551
hexafluorobenzene,125,0.02164868
hexafluorobenzene,120,0.01532348
hexafluorobenzene,115,0.01073880
hexafluorobenzene,110,0.00744768
hexafluorobenzene,105,0.00510905
hexafluorobenzene,100,0.00346491
hexafluorobenzene,95,0.00232192
hexafluorobenzene,90,0.00153661
hexafluorobenzene,85,0.00100366
hexafluorobenzene,80,0.00064664
hexafluorobenzene,75,0.00041067
hexafluorobenzene,70,0.00025693
hexafluorobenzene,65,0.00015823
hexafluorobenzene,60,0.00009585
hexafluorobenzene,55,0.00005707
hexafluorobenzene,50,0.00003337
hexafluorobenzene,45,0.00001915
hexafluorobenzene,40,0.00001077
hexafluorobenzene,35,0.00000593
hexafluorobenzene,30,0.00000320
hexafluorobenzene,25,0.00000168
hexamethylbenzene,160,1.09815504
hexamethylbenzene,155,0.85082919
hexamethylbenzene,150,0.65518210
hexamethylbenzene,145,0.50125535
hexamethylbenzene,140,0.38086117
hexamethylbenzene,135,0.28728607
hexamethylbenzene,130,0.21504435
hexamethylbenzene,125,0.15967162
hexamethylbenzene,120,0.11755171
hexamethylbenzene,115,0.08577110
hexamethylbenzene,110,0.06199640
hexamethylbenzene,105,0.04437113
hexamethylbenzene,100,0.03142894
hexamethylbenzene,95,0.02202074
hexamethylbenzene,90,0.01525369
hexamethylbenzene,85,0.01044037
hexamethylbenzene,80,0.00705667
hexamethylbenzene,75,0.00470716
hexamethylbenzene,70,0.00309680
hexamethylbenzene,65,0.00200801
hexamethylbenzene,60,0.00128235
hexamethylbenzene,55,0.00080594
hexamethylbenzene,50,0.00049810
hexamethylbenzene,45,0.00030246
hexamethylbenzene,40,0.00018029
hexamethylbenzene,35,0.00010540
hexamethylbenzene,30,0.00006037
hexamethylbenzene,25,0.00003384
methenamine,160,5.28019993
methenamine,155,4.34359183
methenamine,150,3.55082505
methenamine,145,2.88486892
methenamine,140,2.32951494
methenamine,135,1.86966818
methenamine,130,1.49152332
methenamine,125,1.18265543
methenamine,120,0.93203974
methenamine,115,0.73001726
methenamine,110,0.56822198
methenamine,105,0.43948322
methenamine,100,0.33771368
methenamine,95,0.25779218
methenamine,90,0.19544663
methenamine,85,0.14714202
methenamine,80,0.10997608
methenamine,75,0.08158415
methenamine,70,0.06005405
methenamine,65,0.04385112
methenamine,60,0.03175289
methenamine,55,0.02279301
methenamine,50,0.01621347
methenamine,45,0.01142444
methenamine,40,0.00797067
methenamine,35,0.00550376
methenamine,30,0.00375940
methenamine,25,0.00253892
hexamethylphosphoramide,160,6.10537058
hexamethylphosphoramide,155,5.15973220
hexamethylphosphoramide,150,4.33554800
hexamethylphosphoramide,145,3.62208977
hexamethylphosphoramide,140,3.00866700
hexamethylphosphoramide,135,2.48479831
hexamethylphosphoramide,130,2.04039768
hexamethylphosphoramide,125,1.66589434
hexamethylphosphoramide,120,1.35234650
hexamethylphosphoramide,115,1.09151584
hexamethylphosphoramide,110,0.87591393
hexamethylphosphoramide,105,0.69881315
hexamethylphosphoramide,100,0.55424177
hexamethylphosphoramide,95,0.43695461
hexamethylphosphoramide,90,0.34239068
hexamethylphosphoramide,85,0.26662100
hexamethylphosphoramide,80,0.20629088
hexamethylphosphoramide,75,0.15855977
hexamethylphosphoramide,70,0.12104158
hexamethylphosphoramide,65,0.09174718
hexamethylphosphoramide,60,0.06903063
hexamethylphosphoramide,55,0.05153973
hexamethylphosphoramide,50,0.03817151
hexamethylphosphoramide,45,0.02803262
hexamethylphosphoramide,40,0.02040471
hexamethylphosphoramide,35,0.01471424
hexamethylphosphoramide,30,0.01050674
hexamethylphosphoramide,25,0.00742481
hexanal,160,7.12941507
hexanal,155,5.80733661
hexanal,150,4.69001932
hexanal,145,3.75592384
hexanal,140,2.98305737
hexanal,135,2.34990837
hexanal,130,1.83614680
hexanal,125,1.42309193
hexanal,120,1.09397666
hexanal,115,0.83404996
hexanal,110,0.63055591
hexanal,105,0.47263025
hexanal,100,0.35114446
hexanal,95,0.25852273
hexanal,90,0.18854956
hexanal,85,0.13618064
hexanal,80,0.09736477
hexanal,75,0.06888163
hexanal,70,0.04819742
hexanal,65,0.03333894
hexanal,60,0.02278564
hexanal,55,0.01537839
hexanal,50,0.01024338
hexanal,45,0.00672954
hexanal,40,0.00435759
hexanal,35,0.00277918
hexanal,30,0.00174449
hexanal,25,0.00107684
hexane,160,0.55436449
hexane,155,0.41534832
hexane,150,0.30906235
hexane,145,0.22828235
hexane,140,0.16729079
hexane,135,0.12157058
hexane,130,0.08756394
hexane,125,0.06248050
hexane,120,0.04414330
hexane,115,0.03086456
hexane,110,0.02134508
hexane,105,0.01459277
hexane,100,0.00985667
hexane,95,0.00657378
hexane,90,0.00432635
hexane,85,0.00280779
hexane,80,0.00179575
hexane,75,0.00113097
hexane,70,0.00070088
hexane,65,0.00042706
hexane,60,0.00025562
hexane,55,0.00015017
hexane,50,0.00008651
hexane,45,0.00004882
hexane,40,0.00002695
hexane,35,0.00001455
hexane,30,0.00000766
hexane,25,0.00000394
"1,6-hexanediol",160,3.06602891
"1,6-hexanediol",155,2.44886804
"1,6-hexanediol",150,1.94618113
"1,6-hexanediol",145,1.53899746
"1,6-hexanediol",140,1.21095245
"1,6-hexanediol",135,0.94806912
"1,6-hexanediol",130,0.73851368
"1,6-hexanediol",125,0.57234553
"1,6-hexanediol",120,0.44127498
"1,6-hexanediol",115,0.33843581
"1,6-hexanediol",110,0.25817789
"1,6-hexanediol",105,0.19588093
"1,6-hexanediol",100,0.14778999
"1,6-hexanediol",95,0.11087184
"1,6-hexanediol",90,0.08269104
"1,6-hexanediol",85,0.06130379
"1,6-hexanediol",80,0.04516803
"1,6-hexanediol",75,0.03306778
"1,6-hexanediol",70,0.02405000
"1,6-hexanediol",65,0.01737232
"1,6-hexanediol",60,0.01246002
"1,6-hexanediol",55,0.00887100
"1,6-hexanediol",50,0.00626731
"1,6-hexanediol",45,0.00439232
"1,6-hexanediol",40,0.00305244
"1,6-hexanediol",35,0.00210261
"1,6-hexanediol",30,0.00143495
"1,6-hexanediol",25,0.00096977
n-hexanoicacid,160,19.45078759
n-hexanoicacid,155,18.00950473
n-hexanoicacid,150,16.68006604
n-hexanoicacid,145,15.45794738
n-hexanoicacid,140,14.33885695
n-hexanoicacid,135,13.31790462
n-hexanoicacid,130,12.39045793
n-hexanoicacid,125,11.55134706
n-hexanoicacid,120,10.79557715
n-hexanoicacid,115,10.11823588
n-hexanoicacid,110,9.51456577
n-hexanoicacid,105,8.98002902
n-hexanoicacid,100,8.51036415
n-hexanoicacid,95,8.10163358
n-hexanoicacid,90,7.75035883
n-hexanoicacid,85,7.45320067
n-hexanoicacid,80,7.20735329
n-hexanoicacid,75,7.01075140
n-hexanoicacid,70,6.86118474
n-hexanoicacid,65,6.75720530
n-hexanoicacid,60,6.69777149
n-hexanoicacid,55,6.68164502
n-hexanoicacid,50,6.70850996
n-hexanoicacid,45,6.77824436
n-hexanoicacid,40,6.88976976
n-hexanoicacid,35,7.04268618
n-hexanoicacid,30,7.23650136
n-hexanoicacid,25,7.47075892
n-hexylacetate,160,3.46937011
n-hexylacetate,155,2.78722161
n-hexylacetate,150,2.22483497
n-hexylacetate,145,1.76443535
n-hexylacetate,140,1.39013478
n-hexylacetate,135,1.08792474
n-hexylacetate,130,0.84560182
n-hexylacetate,125,0.65264921
n-hexylacetate,120,0.50009257
n-hexylacetate,115,0.38034357
n-hexylacetate,110,0.28704124
n-hexylacetate,105,0.21489775
n-hexylacetate,100,0.15955308
n-hexylacetate,95,0.11744116
n-hexylacetate,90,0.08566887
n-hexylacetate,85,0.06190826
n-hexylacetate,80,0.04430185
n-hexylacetate,75,0.03138025
n-hexylacetate,70,0.02199149
n-hexylacetate,65,0.01524079
n-hexylacetate,60,0.01043981
n-hexylacetate,55,0.00706439
n-hexylacetate,50,0.00471960
n-hexylacetate,45,0.00311114
n-hexylacetate,40,0.00202227
n-hexylacetate,35,0.00129528
n-hexylacetate,30,0.00081692
n-hexylacetate,25,0.00050693
"1,1,1,3,3-pentafluoropropane",160,4.45936792
"1,1,1,3,3-pentafluoropropane",155,3.61690693
"1,1,1,3,3-pentafluoropropane",150,2.91886157
"1,1,1,3,3-pentafluoropropane",145,2.34400103
"1,1,1,3,3-pentafluoropropane",140,1.87327018
"1,1,1,3,3-pentafluoropropane",135,1.48987479
"1,1,1,3,3-pentafluoropropane",130,1.17922358
"1,1,1,3,3-pentafluoropropane",125,0.92878442
"1,1,1,3,3-pentafluoropropane",120,0.72789547
"1,1,1,3,3-pentafluoropropane",115,0.56755896
"1,1,1,3,3-pentafluoropropane",110,0.44023486
"1,1,1,3,3-pentafluoropropane",105,0.33964502
"1,1,1,3,3-pentafluoropropane",100,0.26059263
"1,1,1,3,3-pentafluoropropane",95,0.19880039
"1,1,1,3,3-pentafluoropropane",90,0.15076704
"1,1,1,3,3-pentafluoropropane",85,0.11364213
"1,1,1,3,3-pentafluoropropane",80,0.08511765
"1,1,1,3,3-pentafluoropropane",75,0.06333509
"1,1,1,3,3-pentafluoropropane",70,0.04680635
"1,1,1,3,3-pentafluoropropane",65,0.03434671
"1,1,1,3,3-pentafluoropropane",60,0.02501863
"1,1,1,3,3-pentafluoropropane",55,0.01808467
"1,1,1,3,3-pentafluoropropane",50,0.01296854
"1,1,1,3,3-pentafluoropropane",45,0.00922278
"1,1,1,3,3-pentafluoropropane",40,0.00650240
"1,1,1,3,3-pentafluoropropane",35,0.00454328
"1,1,1,3,3-pentafluoropropane",30,0.00314476
"1,1,1,3,3-pentafluoropropane",25,0.00215554
"1,1,2,2,3,3,4,4-octafluorobutane",160,2.77456790
"1,1,2,2,3,3,4,4-octafluorobutane",155,2.34464445
"1,1,2,2,3,3,4,4-octafluorobutane",150,1.97951483
"1,1,2,2,3,3,4,4-octafluorobutane",145,1.66984513
"1,1,2,2,3,3,4,4-octafluorobutane",140,1.40757100
"1,1,2,2,3,3,4,4-octafluorobutane",135,1.18573588
"1,1,2,2,3,3,4,4-octafluorobutane",130,0.99834824
"1,1,2,2,3,3,4,4-octafluorobutane",125,0.84025617
"1,1,2,2,3,3,4,4-octafluorobutane",120,0.70703731
"1,1,2,2,3,3,4,4-octafluorobutane",115,0.59490231
"1,1,2,2,3,3,4,4-octafluorobutane",110,0.50061040
"1,1,2,2,3,3,4,4-octafluorobutane",105,0.42139525
"1,1,2,2,3,3,4,4-octafluorobutane",100,0.35490029
"1,1,2,2,3,3,4,4-octafluorobutane",95,0.29912198
"1,1,2,2,3,3,4,4-octafluorobutane",90,0.25236043
"1,1,2,2,3,3,4,4-octafluorobutane",85,0.21317620
"1,1,2,2,3,3,4,4-octafluorobutane",80,0.18035287
"1,1,2,2,3,3,4,4-octafluorobutane",75,0.15286441
"1,1,2,2,3,3,4,4-octafluorobutane",70,0.12984704
"1,1,2,2,3,3,4,4-octafluorobutane",65,0.11057487
"1,1,2,2,3,3,4,4-octafluorobutane",60,0.09443898
"1,1,2,2,3,3,4,4-octafluorobutane",55,0.08092941
"1,1,2,2,3,3,4,4-octafluorobutane",50,0.06961990
"1,1,2,2,3,3,4,4-octafluorobutane",45,0.06015471
"1,1,2,2,3,3,4,4-octafluorobutane",40,0.05223759
"1,1,2,2,3,3,4,4-octafluorobutane",35,0.04562242
"1,1,2,2,3,3,4,4-octafluorobutane",30,0.04010534
"1,1,2,2,3,3,4,4-octafluorobutane",25,0.03551819
"1,1,1,3,3-pentafluorobutane",160,3.12995194
"1,1,1,3,3-pentafluorobutane",155,2.49375278
"1,1,1,3,3-pentafluorobutane",150,1.97570955
"1,1,1,3,3-pentafluorobutane",145,1.55642763
"1,1,1,3,3-pentafluorobutane",140,1.21908090
"1,1,1,3,3-pentafluorobutane",135,0.94924555
"1,1,1,3,3-pentafluorobutane",130,0.73467906
"1,1,1,3,3-pentafluorobutane",125,0.56507827
"1,1,1,3,3-pentafluorobutane",120,0.43183725
"1,1,1,3,3-pentafluorobutane",115,0.32781738
"1,1,1,3,3-pentafluorobutane",110,0.24713603
"1,1,1,3,3-pentafluorobutane",105,0.18497664
"1,1,1,3,3-pentafluorobutane",100,0.13742058
"1,1,1,3,3-pentafluorobutane",95,0.10130043
"1,1,1,3,3-pentafluorobutane",90,0.07407284
"1,1,1,3,3-pentafluorobutane",85,0.05370957
"1,1,1,3,3-pentafluorobutane",80,0.03860458
"1,1,1,3,3-pentafluorobutane",75,0.02749556
"1,1,1,3,3-pentafluorobutane",70,0.01939802
"1,1,1,3,3-pentafluorobutane",65,0.01355032
"1,1,1,3,3-pentafluorobutane",60,0.00936822
"1,1,1,3,3-pentafluorobutane",55,0.00640751
"1,1,1,3,3-pentafluorobutane",50,0.00433357
"1,1,1,3,3-pentafluorobutane",45,0.00289678
"1,1,1,3,3-pentafluorobutane",40,0.00191284
"1,1,1,3,3-pentafluorobutane",35,0.00124711
"1,1,1,3,3-pentafluorobutane",30,0.00080233
"1,1,1,3,3-pentafluorobutane",25,0.00050905
"1,1,1,2,2,3,4,5,5,5-decafluoropentane",160,0.48934216
"1,1,1,2,2,3,4,5,5,5-decafluoropentane",155,0.40580474
"1,1,1,2,2,3,4,5,5,5-decafluoropentane",150,0.33659634
"1,1,1,2,2,3,4,5,5,5-decafluoropentane",145,0.27928402
"1,1,1,2,2,3,4,5,5,5-decafluoropentane",140,0.23184648
"1,1,1,2,2,3,4,5,5,5-decafluoropentane",135,0.19260260
"1,1,1,2,2,3,4,5,5,5-decafluoropentane",130,0.16015344
"1,1,1,2,2,3,4,5,5,5-decafluoropentane",125,0.13333494
"1,1,1,2,2,3,4,5,5,5-decafluoropentane",120,0.11117881
"1,1,1,2,2,3,4,5,5,5-decafluoropentane",115,0.09288020
"1,1,1,2,2,3,4,5,5,5-decafluoropentane",110,0.07777077
"1,1,1,2,2,3,4,5,5,5-decafluoropentane",105,0.06529621
"1,1,1,2,2,3,4,5,5,5-decafluoropentane",100,0.05499736
"1,1,1,2,2,3,4,5,5,5-decafluoropentane",95,0.04649444
"1,1,1,2,2,3,4,5,5,5-decafluoropentane",90,0.03947385
"1,1,1,2,2,3,4,5,5,5-decafluoropentane",85,0.03367706
"1,1,1,2,2,3,4,5,5,5-decafluoropentane",80,0.02889134
"1,1,1,2,2,3,4,5,5,5-decafluoropentane",75,0.02494206
"1,1,1,2,2,3,4,5,5,5-decafluoropentane",70,0.02168628
"1,1,1,2,2,3,4,5,5,5-decafluoropentane",65,0.01900743
"1,1,1,2,2,3,4,5,5,5-decafluoropentane",60,0.01681098
"1,1,1,2,2,3,4,5,5,5-decafluoropentane",55,0.01502102
"1,1,1,2,2,3,4,5,5,5-decafluoropentane",50,0.01357745
"1,1,1,2,2,3,4,5,5,5-decafluoropentane",45,0.01243403
"1,1,1,2,2,3,4,5,5,5-decafluoropentane",40,0.01155708
"1,1,1,2,2,3,4,5,5,5-decafluoropentane",35,0.01092502
"1,1,1,2,2,3,4,5,5,5-decafluoropentane",30,0.01052887
"1,1,1,2,2,3,4,5,5,5-decafluoropentane",25,0.01037416
heptafluoro-1-methoxypropane,160,0.16157687
heptafluoro-1-methoxypropane,155,0.12181742
heptafluoro-1-methoxypropane,150,0.09124087
heptafluoro-1-methoxypropane,145,0.06786438
heptafluoro-1-methoxypropane,140,0.05010638
heptafluoro-1-methoxypropane,135,0.03670880
heptafluoro-1-methoxypropane,130,0.02667479
heptafluoro-1-methoxypropane,125,0.01921814
heptafluoro-1-methoxypropane,120,0.01372219
heptafluoro-1-methoxypropane,115,0.00970636
heptafluoro-1-methoxypropane,110,0.00679866
heptafluoro-1-methoxypropane,105,0.00471336
heptafluoro-1-methoxypropane,100,0.00323279
heptafluoro-1-methoxypropane,95,0.00219259
heptafluoro-1-methoxypropane,90,0.00146977
heptafluoro-1-methoxypropane,85,0.00097325
heptafluoro-1-methoxypropane,80,0.00063628
heptafluoro-1-methoxypropane,75,0.00041046
heptafluoro-1-methoxypropane,70,0.00026111
heptafluoro-1-methoxypropane,65,0.00016369
heptafluoro-1-methoxypropane,60,0.00010106
heptafluoro-1-methoxypropane,55,0.00006140
heptafluoro-1-methoxypropane,50,0.00003669
heptafluoro-1-methoxypropane,45,0.00002154
heptafluoro-1-methoxypropane,40,0.00001242
heptafluoro-1-methoxypropane,35,0.00000702
heptafluoro-1-methoxypropane,30,0.00000389
heptafluoro-1-methoxypropane,25,0.00000211
"1,1,1,2,2,3,3,4,4-nonafluoro-5-oxahexane",160,0.06430335
"1,1,1,2,2,3,3,4,4-nonafluoro-5-oxahexane",155,0.04802862
"1,1,1,2,2,3,3,4,4-nonafluoro-5-oxahexane",150,0.03561742
"1,1,1,2,2,3,3,4,4-nonafluoro-5-oxahexane",145,0.02621564
"1,1,1,2,2,3,3,4,4-nonafluoro-5-oxahexane",140,0.01914402
"1,1,1,2,2,3,3,4,4-nonafluoro-5-oxahexane",135,0.01386494
"1,1,1,2,2,3,3,4,4-nonafluoro-5-oxahexane",130,0.00995520
"1,1,1,2,2,3,3,4,4-nonafluoro-5-oxahexane",125,0.00708370
"1,1,1,2,2,3,3,4,4-nonafluoro-5-oxahexane",120,0.00499314
"1,1,1,2,2,3,3,4,4-nonafluoro-5-oxahexane",115,0.00348506
"1,1,1,2,2,3,3,4,4-nonafluoro-5-oxahexane",110,0.00240760
"1,1,1,2,2,3,3,4,4-nonafluoro-5-oxahexane",105,0.00164551
"1,1,1,2,2,3,3,4,4-nonafluoro-5-oxahexane",100,0.00111213
"1,1,1,2,2,3,3,4,4-nonafluoro-5-oxahexane",95,0.00074291
"1,1,1,2,2,3,3,4,4-nonafluoro-5-oxahexane",90,0.00049026
"1,1,1,2,2,3,3,4,4-nonafluoro-5-oxahexane",85,0.00031944
"1,1,1,2,2,3,3,4,4-nonafluoro-5-oxahexane",80,0.00020539
"1,1,1,2,2,3,3,4,4-nonafluoro-5-oxahexane",75,0.00013024
"1,1,1,2,2,3,3,4,4-nonafluoro-5-oxahexane",70,0.00008139
"1,1,1,2,2,3,3,4,4-nonafluoro-5-oxahexane",65,0.00005010
"1,1,1,2,2,3,3,4,4-nonafluoro-5-oxahexane",60,0.00003036
"1,1,1,2,2,3,3,4,4-nonafluoro-5-oxahexane",55,0.00001809
"1,1,1,2,2,3,3,4,4-nonafluoro-5-oxahexane",50,0.00001059
"1,1,1,2,2,3,3,4,4-nonafluoro-5-oxahexane",45,0.00000609
"1,1,1,2,2,3,3,4,4-nonafluoro-5-oxahexane",40,0.00000344
"1,1,1,2,2,3,3,4,4-nonafluoro-5-oxahexane",35,0.00000190
"1,1,1,2,2,3,3,4,4-nonafluoro-5-oxahexane",30,0.00000103
"1,1,1,2,2,3,3,4,4-nonafluoro-5-oxahexane",25,0.00000055
hydrazine,160,6.39308813
hydrazine,155,5.53280614
hydrazine,150,4.77194487
hydrazine,145,4.10121911
hydrazine,140,3.51209654
hydrazine,135,2.99673756
hydrazine,130,2.54784856
hydrazine,125,2.15858309
hydrazine,120,1.82253695
hydrazine,115,1.53377116
hydrazine,110,1.28675269
hydrazine,105,1.07638778
hydrazine,100,0.89799762
hydrazine,95,0.74733812
hydrazine,90,0.62058740
hydrazine,85,0.51433036
hydrazine,80,0.42554805
hydrazine,75,0.35158932
hydrazine,70,0.29014601
hydrazine,65,0.23922358
hydrazine,60,0.19711025
hydrazine,55,0.16234675
hydrazine,50,0.13369547
hydrazine,45,0.11011287
hydrazine,40,0.09072303
hydrazine,35,0.07479379
hydrazine,30,0.06171550
hydrazine,25,0.05098216
hcn,160,20.26536278
hcn,155,16.66069462
hcn,150,13.65172887
hcn,145,11.16133344
hcn,140,9.11215600
hcn,135,7.43316767
hcn,130,6.06199050
hcn,125,4.94510997
hcn,120,4.03725672
hcn,115,3.30053074
hcn,110,2.70343158
hcn,105,2.21993675
hcn,100,1.82865732
hcn,95,1.51209181
hcn,90,1.25597437
hcn,85,1.04871627
hcn,80,0.88093179
hcn,75,0.74504019
hcn,70,0.63493304
hcn,65,0.54569977
hcn,60,0.47340168
hcn,55,0.41488740
hcn,50,0.36764298
hcn,45,0.32967101
hcn,40,0.29939378
hcn,35,0.27557649
hcn,30,0.25726714
hcn,25,0.24375063
h2o2,160,16.68435315
h2o2,155,16.37160074
h2o2,150,16.16289651
h2o2,145,16.05340300
h2o2,140,16.04117186
h2o2,135,16.12427553
h2o2,130,16.30205844
h2o2,125,16.57562734
h2o2,120,16.94562343
h2o2,115,17.41410795
h2o2,110,17.98411699
h2o2,105,18.65770862
h2o2,100,19.43839041
h2o2,95,20.33041321
h2o2,90,100.00000000
h2o2,85,100.00000000
h2o2,80,100.00000000
h2o2,75,100.00000000
h2o2,70,100.00000000
h2o2,65,100.00000000
h2o2,60,100.00000000
h2o2,55,100.00000000
h2o2,50,100.00000000
h2o2,45,100.00000000
h2o2,40,100.00000000
h2o2,35,100.00000000
h2o2,30,100.00000000
h2o2,25,100.00000000
h2s,160,50.93899889
h2s,155,48.49100004
h2s,150,46.01125998
h2s,145,43.50543160
h2s,140,40.97460472
h2s,135,38.42904924
h2s,130,35.87157883
h2s,125,33.31038048
h2s,120,30.75655562
h2s,115,28.21764248
h2s,110,25.70744161
h2s,105,23.23957800
h2s,100,20.82846570
h2s,95,18.49258113
h2s,90,16.24796316
h2s,85,14.11466947
h2s,80,12.11135259
h2s,75,10.25595577
h2s,70,8.56391160
h2s,65,7.04730677
h2s,60,5.71288099
h2s,55,4.56154862
h2s,50,3.58823753
h2s,45,2.78196318
h2s,40,2.12725772
h2s,35,1.60564359
h2s,30,1.19738180
h2s,25,0.88301644
2-propenoicacid-2-hydroxyethylester,160,5.06206404
2-propenoicacid-2-hydroxyethylester,155,4.11139890
2-propenoicacid-2-hydroxyethylester,150,3.31935290
2-propenoicacid-2-hydroxyethylester,145,2.66435304
2-propenoicacid-2-hydroxyethylester,140,2.12648477
2-propenoicacid-2-hydroxyethylester,135,1.68774899
2-propenoicacid-2-hydroxyethylester,130,1.33216383
2-propenoicacid-2-hydroxyethylester,125,1.04575022
2-propenoicacid-2-hydroxyethylester,120,0.81643840
2-propenoicacid-2-hydroxyethylester,115,0.63392485
2-propenoicacid-2-hydroxyethylester,110,0.48950234
2-propenoicacid-2-hydroxyethylester,105,0.37587958
2-propenoicacid-2-hydroxyethylester,100,0.28700206
2-propenoicacid-2-hydroxyethylester,95,0.21788139
2-propenoicacid-2-hydroxyethylester,90,0.16443789
2-propenoicacid-2-hydroxyethylester,85,0.12335851
2-propenoicacid-2-hydroxyethylester,80,0.09197109
2-propenoicacid-2-hydroxyethylester,75,0.06813469
2-propenoicacid-2-hydroxyethylester,70,0.05014521
2-propenoicacid-2-hydroxyethylester,65,0.03665501
2-propenoicacid-2-hydroxyethylester,60,0.02660519
2-propenoicacid-2-hydroxyethylester,55,0.01916916
2-propenoicacid-2-hydroxyethylester,50,0.01370580
2-propenoicacid-2-hydroxyethylester,45,0.00972114
2-propenoicacid-2-hydroxyethylester,40,0.00683714
2-propenoicacid-2-hydroxyethylester,35,0.00476643
2-propenoicacid-2-hydroxyethylester,30,0.00329212
2-propenoicacid-2-hydroxyethylester,25,0.00225169
1h-indene,160,4.40486908
1h-indene,155,3.49350689
1h-indene,150,2.74888431
1h-indene,145,2.14605233
1h-indene,140,1.66228455
1h-indene,135,1.27736572
1h-indene,130,0.97365986
1h-indene,125,0.73602866
1h-indene,120,0.55165714
1h-indene,115,0.40982894
1h-indene,110,0.30168136
1h-indene,105,0.21996000
1h-indene,100,0.15878491
1h-indene,95,0.11343597
1h-indene,90,0.08016033
1h-indene,85,0.05600308
1h-indene,80,0.03866072
1h-indene,75,0.02635607
1h-indene,70,0.01773274
1h-indene,65,0.01176716
1h-indene,60,0.00769605
1h-indene,55,0.00495730
1h-indene,50,0.00314245
1h-indene,45,0.00195875
1h-indene,40,0.00119950
1h-indene,35,0.00072099
1h-indene,30,0.00042496
1h-indene,25,0.00024536
indole,160,14.06526179
indole,155,12.42097377
indole,150,10.91718344
indole,145,9.55044244
indole,140,8.31624995
indole,135,7.20899930
indole,130,6.22196013
indole,125,5.34769262
indole,120,4.57811713
indole,115,3.90482516
indole,110,3.31920584
indole,105,2.81269977
indole,100,2.37692559
indole,95,2.00386716
indole,90,1.68597712
indole,85,1.41624810
indole,80,1.18828245
indole,75,0.99629935
indole,70,0.83513927
indole,65,0.70024467
indole,60,0.58762744
indole,55,0.49382732
indole,50,0.41586494
indole,45,0.35119379
indole,40,0.29765027
indole,35,0.25340822
indole,30,0.21693531
indole,25,0.18695369
iodobenzene,160,1.24120184
iodobenzene,155,0.95955617
iodobenzene,150,0.73756913
iodobenzene,145,0.56348274
iodobenzene,140,0.42769876
iodobenzene,135,0.32240681
iodobenzene,130,0.24127054
iodobenzene,125,0.17916745
iodobenzene,120,0.13197302
iodobenzene,115,0.09638159
iodobenzene,110,0.06975770
iodobenzene,105,0.05001264
iodobenzene,100,0.03550180
iodobenzene,95,0.02493960
iodobenzene,90,0.01732904
iodobenzene,85,0.01190346
iodobenzene,80,0.00807873
iodobenzene,75,0.00541415
iodobenzene,70,0.00358070
iodobenzene,65,0.00233548
iodobenzene,60,0.00150128
iodobenzene,55,0.00095042
iodobenzene,50,0.00059211
iodobenzene,45,0.00036273
iodobenzene,40,0.00021832
iodobenzene,35,0.00012899
iodobenzene,30,0.00007474
iodobenzene,25,0.00004242
triiodomethane,160,0.18071134
triiodomethane,155,0.13942739
triiodomethane,150,0.10717407
triiodomethane,145,0.08205291
triiodomethane,140,0.06255503
triiodomethane,135,0.04748002
triiodomethane,130,0.03587317
triiodomethane,125,0.02697618
triiodomethane,120,0.02018809
triiodomethane,115,0.01503406
triiodomethane,110,0.01114025
triiodomethane,105,0.00821353
triiodomethane,100,0.00602516
triiodomethane,95,0.00439751
triiodomethane,90,0.00319334
triiodomethane,85,0.00230724
triiodomethane,80,0.00165869
triiodomethane,75,0.00118655
triiodomethane,70,0.00084466
triiodomethane,65,0.00059839
triiodomethane,60,0.00042193
triiodomethane,55,0.00029613
triiodomethane,50,0.00020691
triiodomethane,45,0.00014393
triiodomethane,40,0.00009970
triiodomethane,35,0.00006878
triiodomethane,30,0.00004726
triiodomethane,25,0.00003235
isoamylacetate,160,4.58971061
isoamylacetate,155,3.71037763
isoamylacetate,150,2.97846752
isoamylacetate,145,2.37422849
isoamylacetate,140,1.87933488
isoamylacetate,135,1.47712998
isoamylacetate,130,1.15273871
isoamylacetate,125,0.89307866
isoamylacetate,120,0.68679812
isoamylacetate,115,0.52416543
isoamylacetate,110,0.39692915
isoamylacetate,105,0.29816389
isoamylacetate,100,0.22211290
isoamylacetate,95,0.16403480
isoamylacetate,90,0.12005944
isoamylacetate,85,0.08705571
isoamylacetate,80,0.06251287
isoamylacetate,75,0.04443562
isoamylacetate,70,0.03125280
isoamylacetate,65,0.02173880
isoamylacetate,60,0.01494692
isoamylacetate,55,0.01015322
isoamylacetate,50,0.00680994
isoamylacetate,45,0.00450721
isoamylacetate,40,0.00294182
isoamylacetate,35,0.00189222
isoamylacetate,30,0.00119856
isoamylacetate,25,0.00074703
isopentanol,160,10.65125091
isopentanol,155,8.92182993
isopentanol,150,7.41106959
isopentanol,145,6.10608300
isopentanol,140,4.99104037
isopentanol,135,4.04821934
isopentanol,130,3.25895070
isopentanol,125,2.60448529
isopentanol,120,2.06669325
isopentanol,115,1.62856391
isopentanol,110,1.27455128
isopentanol,105,0.99075259
isopentanol,100,0.76496616
isopentanol,95,0.58665669
isopentanol,90,0.44685696
isopentanol,85,0.33803084
isopentanol,80,0.25391654
isopentanol,75,0.18936508
isopentanol,70,0.14018267
isopentanol,65,0.10298402
isopentanol,60,0.07505965
isopentanol,55,0.05425864
isopentanol,50,0.03888713
isopentanol,45,0.02762169
isopentanol,40,0.01943652
isopentanol,35,0.01354286
isopentanol,30,0.00933914
isopentanol,25,0.00637047
1-butanol-3-methylpropanoate,160,3.07872134
1-butanol-3-methylpropanoate,155,2.46242723
1-butanol-3-methylpropanoate,150,1.95731171
1-butanol-3-methylpropanoate,145,1.54603448
1-butanol-3-methylpropanoate,140,1.21334893
1-butanol-3-methylpropanoate,135,0.94600025
1-butanol-3-methylpropanoate,130,0.73258038
1-butanol-3-methylpropanoate,125,0.56336021
1-butanol-3-methylpropanoate,120,0.43011194
1-butanol-3-methylpropanoate,115,0.32593336
1-butanol-3-methylpropanoate,110,0.24507891
1-butanol-3-methylpropanoate,105,0.18280212
1-butanol-3-methylpropanoate,100,0.13521149
1-butanol-3-methylpropanoate,95,0.09914084
1-butanol-3-methylpropanoate,90,0.07203413
1-butanol-3-methylpropanoate,85,0.05184432
1-butanol-3-methylpropanoate,80,0.03694550
1-butanol-3-methylpropanoate,75,0.02605729
1-butanol-3-methylpropanoate,70,0.01818041
1-butanol-3-methylpropanoate,65,0.01254217
1-butanol-3-methylpropanoate,60,0.00855089
1-butanol-3-methylpropanoate,55,0.00575815
1-butanol-3-methylpropanoate,50,0.00382768
1-butanol-3-methylpropanoate,45,0.00251018
1-butanol-3-methylpropanoate,40,0.00162296
1-butanol-3-methylpropanoate,35,0.00103383
1-butanol-3-methylpropanoate,30,0.00064835
1-butanol-3-methylpropanoate,25,0.00039999
aceticacid-2-methylpropylester,160,6.06030891
aceticacid-2-methylpropylester,155,4.93594983
aceticacid-2-methylpropylester,150,3.98870354
aceticacid-2-methylpropylester,145,3.19833824
aceticacid-2-methylpropylester,140,2.54496982
aceticacid-2-methylpropylester,135,2.00967233
aceticacid-2-methylpropylester,130,1.57490376
aceticacid-2-methylpropylester,125,1.22476527
aceticacid-2-methylpropylester,120,0.94512106
aceticacid-2-methylpropylester,115,0.72361168
aceticacid-2-methylpropylester,110,0.54958831
aceticacid-2-methylpropylester,105,0.41399640
aceticacid-2-methylpropylester,100,0.30922882
aceticacid-2-methylpropylester,95,0.22896511
aceticacid-2-methylpropylester,90,0.16800851
aceticacid-2-methylpropylester,85,0.12212879
aceticacid-2-methylpropylester,80,0.08791596
aceticacid-2-methylpropylester,75,0.06264758
aceticacid-2-methylpropylester,70,0.04417108
aceticacid-2-methylpropylester,65,0.03080100
aceticacid-2-methylpropylester,60,0.02123081
aceticacid-2-methylpropylester,55,0.01445807
aceticacid-2-methylpropylester,50,0.00972183
aceticacid-2-methylpropylester,45,0.00645081
aceticacid-2-methylpropylester,40,0.00422113
aceticacid-2-methylpropylester,35,0.00272202
aceticacid-2-methylpropylester,30,0.00172855
aceticacid-2-methylpropylester,25,0.00108010
2-propenoicacid-2-methylpropylester,160,4.41983606
2-propenoicacid-2-methylpropylester,155,3.55880780
2-propenoicacid-2-methylpropylester,150,2.84527723
2-propenoicacid-2-methylpropylester,145,2.25879161
2-propenoicacid-2-methylpropylester,140,1.78053771
2-propenoicacid-2-methylpropylester,135,1.39355389
2-propenoicacid-2-methylpropylester,130,1.08280657
2-propenoicacid-2-methylpropylester,125,0.83516637
2-propenoicacid-2-methylpropylester,120,0.63931508
2-propenoicacid-2-methylpropylester,115,0.48560907
2-propenoicacid-2-methylpropylester,110,0.36591862
2-propenoicacid-2-methylpropylester,105,0.27345809
2-propenoicacid-2-methylpropylester,100,0.20261679
2-propenoicacid-2-methylpropylester,95,0.14879761
2-propenoicacid-2-methylpropylester,90,0.10826740
2-propenoicacid-2-methylpropylester,85,0.07802148
2-propenoicacid-2-methylpropylester,80,0.05566304
2-propenoicacid-2-methylpropylester,75,0.03929754
2-propenoicacid-2-methylpropylester,70,0.02744144
2-propenoicacid-2-methylpropylester,65,0.01894418
2-propenoicacid-2-methylpropylester,60,0.01292243
2-propenoicacid-2-methylpropylester,55,0.00870501
2-propenoicacid-2-methylpropylester,50,0.00578755
2-propenoicacid-2-methylpropylester,45,0.00379532
2-propenoicacid-2-methylpropylester,40,0.00245325
2-propenoicacid-2-methylpropylester,35,0.00156195
2-propenoicacid-2-methylpropylester,30,0.00097882
2-propenoicacid-2-methylpropylester,25,0.00060326
isobutanol,160,15.18966192
isobutanol,155,12.99118497
isobutanol,150,11.01175592
isobutanol,145,9.25111034
isobutanol,140,7.70395153
isobutanol,135,6.36061169
isobutanol,130,5.20778591
isobutanol,125,4.22956126
isobutanol,120,3.40839505
isobutanol,115,2.72610207
isobutanol,110,2.16465750
isobutanol,105,1.70685271
isobutanol,100,1.33675671
isobutanol,95,1.03998815
isobutanol,90,0.80384973
isobutanol,85,0.61733664
isobutanol,80,0.47106373
isobutanol,75,0.35713901
isobutanol,70,0.26900784
isobutanol,65,0.20128609
isobutanol,60,0.14959483
isobutanol,55,0.11040499
isobutanol,50,0.08089618
isobutanol,45,0.05883229
isobutanol,40,0.04245379
isobutanol,35,0.03038630
isobutanol,30,0.02156409
isobutanol,25,0.01516667
isobutylformate,160,8.15635651
isobutylformate,155,6.70228883
isobutylformate,150,5.45736594
isobutylformate,145,4.40395453
isobutylformate,140,3.52265169
isobutylformate,135,2.79334870
isobutylformate,130,2.19612779
isobutylformate,125,1.71198210
isobutylformate,120,1.32331286
isobutylformate,115,1.01423563
isobutylformate,110,0.77072186
isobutylformate,105,0.58061271
isobutylformate,100,0.43354288
isobutylformate,95,0.32080453
isobutylformate,90,0.23517918
isobutylformate,85,0.17075601
isobutylformate,80,0.12275052
isobutylformate,75,0.08733250
isobutylformate,70,0.06146849
isobutylformate,65,0.04278159
isobutylformate,60,0.02942910
isobutylformate,55,0.01999795
isobutylformate,50,0.01341652
isobutylformate,45,0.00888140
isobutylformate,40,0.00579743
isobutylformate,35,0.00372914
isobutylformate,30,0.00236207
isobutylformate,25,0.00147216
isobutylisobutyrate,160,2.84714783
isobutylisobutyrate,155,2.27227711
isobutylisobutyrate,150,1.80258767
isobutylisobutyrate,145,1.42122686
isobutylisobutyrate,140,1.11351764
isobutylisobutyrate,135,0.86680269
isobutylisobutyrate,130,0.67026209
isobutylisobutyrate,125,0.51472104
isobutylisobutyrate,120,0.39245898
isobutylisobutyrate,115,0.29702613
isobutylisobutyrate,110,0.22307315
isobutylisobutyrate,105,0.16619491
isobutylisobutyrate,100,0.12278995
isobutylisobutyrate,95,0.08993542
isobutylisobutyrate,90,0.06527709
isobutylisobutyrate,85,0.04693350
isobutylisobutyrate,80,0.03341317
isobutylisobutyrate,75,0.02354374
isobutylisobutyrate,70,0.01641181
isobutylisobutyrate,65,0.01131225
isobutylisobutyrate,60,0.00770603
isobutylisobutyrate,55,0.00518520
isobutylisobutyrate,50,0.00344433
isobutylisobutyrate,45,0.00225727
isobutylisobutyrate,40,0.00145855
isobutylisobutyrate,35,0.00092860
isobutylisobutyrate,30,0.00058208
isobutylisobutyrate,25,0.00035896
isobutene,160,8.32163212
isobutene,155,6.51504091
isobutene,150,5.05361908
isobutene,145,3.88603298
isobutene,140,2.96327544
isobutene,135,2.24108799
isobutene,130,1.68097047
isobutene,125,1.25030820
isobutene,120,0.92199685
isobutene,115,0.67385287
isobutene,110,0.48793977
isobutene,105,0.34990812
isobutene,100,0.24838869
isobutene,95,0.17445656
isobutene,90,0.12116968
isobutene,85,0.08317861
isobutene,80,0.05640104
isobutene,75,0.03775318
isobutene,70,0.02493048
isobutene,65,0.01623019
isobutene,60,0.01040932
isobutene,55,0.00657205
isobutene,50,0.00408146
isobutene,45,0.00249117
isobutene,40,0.00149308
isobutene,35,0.00087791
isobutene,30,0.00050591
isobutene,25,0.00028543
"2,2-dimethyl-oxirane",160,16.12388268
"2,2-dimethyl-oxirane",155,13.74834218
"2,2-dimethyl-oxirane",150,11.59409257
"2,2-dimethyl-oxirane",145,9.66806228
"2,2-dimethyl-oxirane",140,7.97116139
"2,2-dimethyl-oxirane",135,6.49821860
"2,2-dimethyl-oxirane",130,5.23849821
"2,2-dimethyl-oxirane",125,4.17676415
"2,2-dimethyl-oxirane",120,3.29451408
"2,2-dimethyl-oxirane",115,2.57136826
"2,2-dimethyl-oxirane",110,1.98634225
"2,2-dimethyl-oxirane",105,1.51893827
"2,2-dimethyl-oxirane",100,1.14994500
"2,2-dimethyl-oxirane",95,0.86196913
"2,2-dimethyl-oxirane",90,0.63970577
"2,2-dimethyl-oxirane",85,0.47001080
"2,2-dimethyl-oxirane",80,0.34182915
"2,2-dimethyl-oxirane",75,0.24603082
"2,2-dimethyl-oxirane",70,0.17519724
"2,2-dimethyl-oxirane",65,0.12338853
"2,2-dimethyl-oxirane",60,0.08591331
"2,2-dimethyl-oxirane",55,0.05911394
"2,2-dimethyl-oxirane",50,0.04017417
"2,2-dimethyl-oxirane",45,0.02695222
"2,2-dimethyl-oxirane",40,0.01783917
"2,2-dimethyl-oxirane",35,0.01164150
"2,2-dimethyl-oxirane",30,0.00748510
"2,2-dimethyl-oxirane",25,0.00473826
isobutyricacid,160,25.69729398
isobutyricacid,155,23.99540612
isobutyricacid,150,22.40324144
isobutyricacid,145,20.91993168
isobutyricacid,140,19.54387498
isobutyricacid,135,18.27318068
isobutyricacid,130,17.10513964
isobutyricacid,125,16.03674203
isobutyricacid,120,15.06465152
isobutyricacid,115,14.18515884
isobutyricacid,110,13.39498840
isobutyricacid,105,12.68997299
isobutyricacid,100,12.06656357
isobutyricacid,95,11.52120137
isobutyricacid,90,11.05061082
isobutyricacid,85,10.65159327
isobutyricacid,80,10.32127997
isobutyricacid,75,10.05683337
isobutyricacid,70,9.85726344
isobutyricacid,65,9.71971089
isobutyricacid,60,9.64273877
isobutyricacid,55,9.62568466
isobutyricacid,50,9.66633380
isobutyricacid,45,9.76352275
isobutyricacid,40,9.91652569
isobutyricacid,35,10.12288996
isobutyricacid,30,10.38171242
isobutyricacid,25,10.68980757
isocyanicacid,160,48.87913901
isocyanicacid,155,46.85891929
isocyanicacid,150,44.86455043
isocyanicacid,145,42.90093257
isocyanicacid,140,40.97331248
isocyanicacid,135,39.08854124
isocyanicacid,130,37.25208015
isocyanicacid,125,35.46720929
isocyanicacid,120,33.73987594
isocyanicacid,115,32.07764445
isocyanicacid,110,30.48239418
isocyanicacid,105,28.96081640
isocyanicacid,100,27.51529288
isocyanicacid,95,26.15058400
isocyanicacid,90,24.86900058
isocyanicacid,85,23.67357728
isocyanicacid,80,22.56554584
isocyanicacid,75,21.54697170
isocyanicacid,70,20.61904709
isocyanicacid,65,19.78197476
isocyanicacid,60,19.03432139
isocyanicacid,55,18.37768950
isocyanicacid,50,17.81052450
isocyanicacid,45,17.33212018
isocyanicacid,40,16.94027381
isocyanicacid,35,16.63418010
isocyanicacid,30,16.41204089
isocyanicacid,25,16.27192831
isooctanol,160,4.95137344
isooctanol,155,4.07002520
isooctanol,150,3.32640902
isooctanol,145,2.70321914
isooctanol,140,2.18436229
isooctanol,135,1.75512090
isooctanol,130,1.40223107
isooctanol,125,1.11389302
isooctanol,120,0.87973070
isooctanol,115,0.69071558
isooctanol,110,0.53906698
isooctanol,105,0.41813902
isooctanol,100,0.32230247
isooctanol,95,0.24682652
isooctanol,90,0.18776531
isooctanol,85,0.14185156
isooctanol,80,0.10639901
isooctanol,75,0.07921452
isooctanol,70,0.05851997
isooctanol,65,0.04288379
isooctanol,60,0.03116149
isooctanol,55,0.02244473
isooctanol,50,0.01601786
isooctanol,45,0.01132137
isooctanol,40,0.00792127
isooctanol,35,0.00548372
isooctanol,30,0.00375412
isooctanol,25,0.00254007
methylbutane,160,0.86463401
methylbutane,155,0.64717033
methylbutane,150,0.48130476
methylbutane,145,0.35545328
methylbutane,140,0.26053179
methylbutane,135,0.18941616
methylbutane,130,0.13652673
methylbutane,125,0.09750581
methylbutane,120,0.06896400
methylbutane,115,0.04827899
methylbutane,110,0.03343472
methylbutane,105,0.02289258
methylbutane,100,0.01548801
methylbutane,95,0.01034754
methylbutane,90,0.00682254
methylbutane,85,0.00443645
methylbutane,80,0.00284320
methylbutane,75,0.00179452
methylbutane,70,0.00111462
methylbutane,65,0.00068076
methylbutane,60,0.00040849
methylbutane,55,0.00024060
methylbutane,50,0.00013898
methylbutane,45,0.00007865
methylbutane,40,0.00004355
methylbutane,35,0.00002358
methylbutane,30,0.00001246
methylbutane,25,0.00000642
isophorone,160,5.70878796
isophorone,155,4.69633873
isophorone,150,3.83595787
isophorone,145,3.11107653
isophorone,140,2.50546353
isophorone,135,2.00361680
isophorone,130,1.59106826
isophorone,125,1.25457545
isophorone,120,0.98222673
isophorone,115,0.76347215
isophorone,110,0.58909685
isophorone,105,0.45115303
isophorone,100,0.34286436
isophorone,95,0.25851526
isophorone,90,0.19333292
isophorone,85,0.14337003
isophorone,80,0.10539199
isophorone,75,0.07677222
isophorone,70,0.05539685
isophorone,65,0.03957983
isophorone,60,0.02798857
isophorone,55,0.01957946
isophorone,50,0.01354298
isophorone,45,0.00925735
isophorone,40,0.00624981
isophorone,35,0.00416472
isophorone,30,0.00273751
isophorone,25,0.00177366
isoprene,160,7.88691631
isoprene,155,6.25338385
isoprene,150,4.91138458
isoprene,145,3.82261943
isoprene,140,2.94925147
isoprene,135,2.25592228
isoprene,130,1.71085522
isoprene,125,1.28632217
isoprene,120,0.95866269
isoprene,115,0.70804545
isoprene,110,0.51809287
isoprene,105,0.37545107
isoprene,100,0.26935529
isoprene,95,0.19121970
isoprene,90,0.13426603
isoprene,85,0.09319689
isoprene,80,0.06391434
isoprene,75,0.04328142
isoprene,70,0.02892279
isoprene,65,0.01906022
isoprene,60,0.01237833
isoprene,55,0.00791631
isoprene,50,0.00498163
isoprene,45,0.00308213
isoprene,40,0.00187320
isoprene,35,0.00111730
isoprene,30,0.00065340
isoprene,25,0.00037426
isopropylacetate,160,8.47411604
isopropylacetate,155,6.98429263
isopropylacetate,150,5.70364282
isopropylacetate,145,4.61577568
isopropylacetate,140,3.70223830
isopropylacetate,135,2.94355922
isopropylacetate,130,2.32018204
isopropylacetate,125,1.81321396
isopropylacetate,120,1.40498752
isopropylacetate,115,1.07941972
isopropylacetate,110,0.82220280
isopropylacetate,105,0.62085835
isopropylacetate,100,0.46469019
isopropylacetate,95,0.34466998
isopropylacetate,90,0.25328173
isopropylacetate,85,0.18434739
isopropylacetate,80,0.13284859
isopropylacetate,75,0.09475459
isopropylacetate,70,0.06686312
isopropylacetate,65,0.04665726
isopropylacetate,60,0.03217991
isopropylacetate,55,0.02192572
isopropylacetate,50,0.01474960
isopropylacetate,45,0.00979041
isopropylacetate,40,0.00640818
isopropylacetate,35,0.00413317
isopropylacetate,30,0.00262498
isopropylacetate,25,0.00164031
isopropylamine,160,24.40442915
isopropylamine,155,21.67141362
isopropylamine,150,19.07742205
isopropylamine,145,16.64036116
isopropylamine,140,14.37542526
isopropylamine,135,12.29492666
isopropylamine,130,10.40745162
isopropylamine,125,8.71747786
isopropylamine,120,7.22465327
isopropylamine,115,5.92405861
isopropylamine,110,4.80658162
isopropylamine,105,3.85956676
isopropylamine,100,3.06773085
isopropylamine,95,2.41420092
isopropylamine,90,1.88152439
isopropylamine,85,1.45250376
isopropylamine,80,1.11088019
isopropylamine,75,0.84179607
isopropylamine,70,0.63205320
isopropylamine,65,0.47021242
isopropylamine,60,0.34656371
isopropylamine,55,0.25301360
isopropylamine,50,0.18292335
isopropylamine,45,0.13092484
isopropylamine,40,0.09273374
isopropylamine,35,0.06497176
isopropylamine,30,0.04500548
isopropylamine,25,0.03080478
isopropylbenzene,160,2.62741392
isopropylbenzene,155,2.05504145
isopropylbenzene,150,1.59696282
isopropylbenzene,145,1.23270599
isopropylbenzene,140,0.94493850
isopropylbenzene,135,0.71911869
isopropylbenzene,130,0.54313876
isopropylbenzene,125,0.40698883
isopropylbenzene,120,0.30244959
isopropylbenzene,115,0.22281755
isopropylbenzene,110,0.16266297
isopropylbenzene,105,0.11761918
isopropylbenzene,100,0.08420050
isopropylbenzene,95,0.05964651
isopropylbenzene,90,0.04178929
isopropylbenzene,85,0.02894138
isopropylbenzene,80,0.01980159
isopropylbenzene,75,0.01337666
isopropylbenzene,70,0.00891637
isopropylbenzene,65,0.00586047
isopropylbenzene,60,0.00379558
isopropylbenzene,55,0.00242049
isopropylbenzene,50,0.00151870
isopropylbenzene,45,0.00093675
isopropylbenzene,40,0.00056752
isopropylbenzene,35,0.00033740
isopropylbenzene,30,0.00019665
isopropylbenzene,25,0.00011225
2-chloropropane,160,9.86590709
2-chloropropane,155,7.97458204
2-chloropropane,150,6.36967634
2-chloropropane,145,5.03007944
2-chloropropane,140,3.92900635
2-chloropropane,135,3.03680026
2-chloropropane,130,2.32332940
2-chloropropane,125,1.75976930
2-chloropropane,120,1.31975285
2-chloropropane,115,0.97997905
2-chloropropane,110,0.72041200
2-chloropropane,105,0.52420256
2-chloropropane,100,0.37744293
2-chloropropane,95,0.26883558
2-chloropropane,90,0.18933367
2-chloropropane,85,0.13178700
2-chloropropane,80,0.09061428
2-chloropropane,75,0.06151133
2-chloropropane,70,0.04119867
2-chloropropane,65,0.02720802
2-chloropropane,60,0.01770489
2-chloropropane,55,0.01134356
2-chloropropane,50,0.00715028
2-chloropropane,45,0.00443048
2-chloropropane,40,0.00269617
2-chloropropane,35,0.00160992
2-chloropropane,30,0.00094229
2-chloropropane,25,0.00054005
diisopropylether,160,3.77858028
diisopropylether,155,3.01323377
diisopropylether,150,2.38913944
diisopropylether,145,1.88336237
diisopropylether,140,1.47595230
diisopropylether,135,1.14975468
diisopropylether,130,0.89016250
diisopropylether,125,0.68484409
diisopropylether,120,0.52346921
diisopropylether,115,0.39744671
diisopropylether,110,0.29968144
diisopropylether,105,0.22435334
diisopropylether,100,0.16672081
diisopropylether,95,0.12294723
diisopropylether,90,0.08994990
diisopropylether,85,0.06526962
diisopropylether,80,0.04695904
diisopropylether,75,0.03348788
diisopropylether,70,0.02366311
diisopropylether,65,0.01656225
diisopropylether,60,0.01147809
diisopropylether,55,0.00787321
diisopropylether,50,0.00534300
diisopropylether,45,0.00358574
diisopropylether,40,0.00237862
diisopropylether,35,0.00155886
diisopropylether,30,0.00100876
diisopropylether,25,0.00064419
hexadecanoicacidisopropylester,160,0.41098014
hexadecanoicacidisopropylester,155,0.32040531
hexadecanoicacidisopropylester,150,0.24830734
hexadecanoicacidisopropylester,145,0.19123126
hexadecanoicacidisopropylester,140,0.14631022
hexadecanoicacidisopropylester,135,0.11117358
hexadecanoicacidisopropylester,130,0.08386904
hexadecanoicacidisopropylester,125,0.06279620
hexadecanoicacidisopropylester,120,0.04664995
hexadecanoicacidisopropylester,115,0.03437204
hexadecanoicacidisopropylester,110,0.02510966
hexadecanoicacidisopropylester,105,0.01818014
hexadecanoicacidisopropylester,100,0.01304091
hexadecanoicacidisopropylester,95,0.00926404
hexadecanoicacidisopropylester,90,0.00651470
hexadecanoicacidisopropylester,85,0.00453317
hexadecanoicacidisopropylester,80,0.00311981
hexadecanoicacidisopropylester,75,0.00212261
hexadecanoicacidisopropylester,70,0.00142696
hexadecanoicacidisopropylester,65,0.00094740
hexadecanoicacidisopropylester,60,0.00062086
hexadecanoicacidisopropylester,55,0.00040139
hexadecanoicacidisopropylester,50,0.00025584
hexadecanoicacidisopropylester,45,0.00016068
hexadecanoicacidisopropylester,40,0.00009936
hexadecanoicacidisopropylester,35,0.00006046
hexadecanoicacidisopropylester,30,0.00003618
hexadecanoicacidisopropylester,25,0.00002127
3-methylbutanal,160,10.29659332
3-methylbutanal,155,8.51569170
3-methylbutanal,150,6.97211038
3-methylbutanal,145,5.65194419
3-methylbutanal,140,4.53736438
3-methylbutanal,135,3.60800462
3-methylbutanal,130,2.84228707
3-methylbutanal,125,2.21856056
3-methylbutanal,120,1.71602354
3-methylbutanal,115,1.31536657
3-methylbutanal,110,0.99917112
3-methylbutanal,105,0.75209831
3-methylbutanal,100,0.56091559
3-methylbutanal,95,0.41441034
3-methylbutanal,90,0.30323008
3-methylbutanal,85,0.21968426
3-methylbutanal,80,0.15753099
3-methylbutanal,75,0.11176587
3-methylbutanal,70,0.07842336
3-methylbutanal,65,0.05439683
3-methylbutanal,60,0.03727990
3-methylbutanal,55,0.02522973
3-methylbutanal,50,0.01685130
3-methylbutanal,45,0.01110109
3-methylbutanal,40,0.00720807
3-methylbutanal,35,0.00460982
3-methylbutanal,30,0.00290157
3-methylbutanal,25,0.00179603
isovalericacid,160,23.06921138
isovalericacid,155,21.51719584
isovalericacid,150,20.07450189
isovalericacid,145,18.73853309
isovalericacid,140,17.50636743
isovalericacid,135,16.37470269
isovalericacid,130,15.33979493
isovalericacid,125,14.39811316
isovalericacid,120,13.54552518
isovalericacid,115,12.77800581
isovalericacid,110,12.09154870
isovalericacid,105,11.48236416
isovalericacid,100,10.94647511
isovalericacid,95,10.48045892
isovalericacid,90,10.08113184
isovalericacid,85,9.74542947
isovalericacid,80,9.47045606
isovalericacid,75,9.25403846
isovalericacid,70,9.09447863
isovalericacid,65,8.98998097
isovalericacid,60,8.93889124
isovalericacid,55,8.93982933
isovalericacid,50,8.99145937
isovalericacid,45,9.09286634
isovalericacid,40,9.24265053
isovalericacid,35,9.43883783
isovalericacid,30,9.67995621
isovalericacid,25,9.96442523
iso-oxazole,160,6.32005574
iso-oxazole,155,4.92945614
iso-oxazole,150,3.81767464
iso-oxazole,145,2.93681518
iso-oxazole,140,2.24443515
iso-oxazole,135,1.70413555
iso-oxazole,130,1.28539827
iso-oxazole,125,0.96303964
iso-oxazole,120,0.71653352
iso-oxazole,115,0.52931014
iso-oxazole,110,0.38810338
iso-oxazole,105,0.28237092
iso-oxazole,100,0.20379385
iso-oxazole,95,0.14585347
iso-oxazole,90,0.10347756
iso-oxazole,85,0.07274815
iso-oxazole,80,0.05066177
iso-oxazole,75,0.03493420
iso-oxazole,70,0.02384272
iso-oxazole,65,0.01609941
iso-oxazole,60,0.01075030
iso-oxazole,55,0.00709555
iso-oxazole,50,0.00462696
iso-oxazole,45,0.00297940
iso-oxazole,40,0.00189345
iso-oxazole,35,0.00118695
iso-oxazole,30,0.00073351
iso-oxazole,25,0.00044660
ethenone,160,39.59608348
ethenone,155,36.67607698
ethenone,150,33.75397818
ethenone,145,30.84186379
ethenone,140,27.95636563
ethenone,135,25.11345074
ethenone,130,22.33548136
ethenone,125,19.64388978
ethenone,120,17.06437407
ethenone,115,14.62282805
ethenone,110,12.34550068
ethenone,105,10.25700957
ethenone,100,8.37786886
ethenone,95,6.72229128
ethenone,90,5.29659940
ethenone,85,4.09763723
ethenone,80,3.11342231
ethenone,75,2.32450627
ethenone,70,1.70644968
ethenone,65,1.23262012
ethenone,60,0.87662350
ethenone,55,0.61413665
ethenone,50,0.42396605
ethenone,45,0.28845557
ethenone,40,0.19341897
ethenone,35,0.12779428
ethenone,30,0.08317125
ethenone,25,0.05329513
tyrosine,160,0.00032988
tyrosine,155,0.00025142
tyrosine,150,0.00019085
tyrosine,145,0.00014428
tyrosine,140,0.00010861
tyrosine,135,0.00008141
tyrosine,130,0.00006074
tyrosine,125,0.00004512
tyrosine,120,0.00003336
tyrosine,115,0.00002454
tyrosine,110,0.00001797
tyrosine,105,0.00001308
tyrosine,100,0.00000948
tyrosine,95,0.00000682
tyrosine,90,0.00000489
tyrosine,85,0.00000348
tyrosine,80,0.00000246
tyrosine,75,0.00000173
tyrosine,70,0.00000120
tyrosine,65,0.00000083
tyrosine,60,0.00000057
tyrosine,55,0.00000039
tyrosine,50,0.00000026
tyrosine,45,0.00000018
tyrosine,40,0.00000012
tyrosine,35,0.00000008
tyrosine,30,0.00000005
tyrosine,25,0.00000003
lacticacid,160,2.11733004
lacticacid,155,1.79665195
lacticacid,150,1.53036120
lacticacid,145,1.30897017
lacticacid,140,1.12475089
lacticacid,135,0.97138687
lacticacid,130,0.84369939
lacticacid,125,0.73743811
lacticacid,120,0.64911299
lacticacid,115,0.57586136
lacticacid,110,0.51534201
lacticacid,105,0.46565073
lacticacid,100,0.42525381
lacticacid,95,0.39293609
lacticacid,90,0.36776275
lacticacid,85,0.34905305
lacticacid,80,0.33636645
lacticacid,75,0.32950171
lacticacid,70,0.32851139
lacticacid,65,0.33373483
lacticacid,60,0.34585585
lacticacid,55,0.36599342
lacticacid,50,0.39583794
lacticacid,45,0.43785033
lacticacid,40,0.49554699
lacticacid,35,0.57389485
lacticacid,30,0.67984168
lacticacid,25,0.82297271
3-chlorobenzeneamine,160,12.68588903
3-chlorobenzeneamine,155,11.08045421
3-chlorobenzeneamine,150,9.61682444
3-chlorobenzeneamine,145,8.29246772
3-chlorobenzeneamine,140,7.10347829
3-chlorobenzeneamine,135,6.04453346
3-chlorobenzeneamine,130,5.10910125
3-chlorobenzeneamine,125,4.28967274
3-chlorobenzeneamine,120,3.57784769
3-chlorobenzeneamine,115,2.96464822
3-chlorobenzeneamine,110,2.44074028
3-chlorobenzeneamine,105,1.99673112
3-chlorobenzeneamine,100,1.62338714
3-chlorobenzeneamine,95,1.31185904
3-chlorobenzeneamine,90,1.05382932
3-chlorobenzeneamine,85,0.84163394
3-chlorobenzeneamine,80,0.66833236
3-chlorobenzeneamine,75,0.52773857
3-chlorobenzeneamine,70,0.41441527
3-chlorobenzeneamine,65,0.32364621
3-chlorobenzeneamine,60,0.25138792
3-chlorobenzeneamine,55,0.19421088
3-chlorobenzeneamine,50,0.14923485
3-chlorobenzeneamine,45,0.11406291
3-chlorobenzeneamine,40,0.08671724
3-chlorobenzeneamine,35,0.06557889
3-chlorobenzeneamine,30,0.04933273
3-chlorobenzeneamine,25,0.03691815
3-hydroxytoluene,160,30.68839923
3-hydroxytoluene,155,29.57087790
3-hydroxytoluene,150,28.55488806
3-hydroxytoluene,145,27.64032183
3-hydroxytoluene,140,26.82258864
3-hydroxytoluene,135,26.10104570
3-hydroxytoluene,130,25.47239902
3-hydroxytoluene,125,24.93205554
3-hydroxytoluene,120,24.47708698
3-hydroxytoluene,115,24.10425844
3-hydroxytoluene,110,100.00000000
3-hydroxytoluene,105,100.00000000
3-hydroxytoluene,100,100.00000000
3-hydroxytoluene,95,100.00000000
3-hydroxytoluene,90,100.00000000
3-hydroxytoluene,85,100.00000000
3-hydroxytoluene,80,100.00000000
3-hydroxytoluene,75,100.00000000
3-hydroxytoluene,70,100.00000000
3-hydroxytoluene,65,100.00000000
3-hydroxytoluene,60,100.00000000
3-hydroxytoluene,55,100.00000000
3-hydroxytoluene,50,100.00000000
3-hydroxytoluene,45,100.00000000
3-hydroxytoluene,40,100.00000000
3-hydroxytoluene,35,100.00000000
3-hydroxytoluene,30,100.00000000
3-hydroxytoluene,25,100.00000000
"1,3-dichlorobenzene",160,3.77738180
"1,3-dichlorobenzene",155,3.02377431
"1,3-dichlorobenzene",150,2.40406284
"1,3-dichlorobenzene",145,1.89840309
"1,3-dichlorobenzene",140,1.48889092
"1,3-dichlorobenzene",135,1.15966825
"1,3-dichlorobenzene",130,0.89690486
"1,3-dichlorobenzene",125,0.68869736
"1,3-dichlorobenzene",120,0.52491815
"1,3-dichlorobenzene",115,0.39703884
"1,3-dichlorobenzene",110,0.29794521
"1,3-dichlorobenzene",105,0.22175478
"1,3-dichlorobenzene",100,0.16364480
"1,3-dichlorobenzene",95,0.11969397
"1,3-dichlorobenzene",90,0.08674021
"1,3-dichlorobenzene",85,0.06225488
"1,3-dichlorobenzene",80,0.04423305
"1,3-dichlorobenzene",75,0.03109897
"1,3-dichlorobenzene",70,0.02162543
"1,3-dichlorobenzene",65,0.01486572
"1,3-dichlorobenzene",60,0.01009673
"1,3-dichlorobenzene",55,0.00677185
"1,3-dichlorobenzene",50,0.00448241
"1,3-dichlorobenzene",45,0.00292635
"1,3-dichlorobenzene",40,0.00188308
"1,3-dichlorobenzene",35,0.00119355
"1,3-dichlorobenzene",30,0.00074461
"1,3-dichlorobenzene",25,0.00045688
maleicanhydride,160,3.03150215
maleicanhydride,155,2.35087206
maleicanhydride,150,1.81345122
maleicanhydride,145,1.39124728
maleicanhydride,140,1.06126642
maleicanhydride,135,0.80473755
maleicanhydride,130,0.60642237
maleicanhydride,125,0.45400808
maleicanhydride,120,0.33759186
maleicanhydride,115,0.24924703
maleicanhydride,110,0.18266050
maleicanhydride,105,0.13283132
maleicanhydride,100,0.09582067
maleicanhydride,95,0.06854564
maleicanhydride,90,0.04860918
maleicanhydride,85,0.03416073
maleicanhydride,80,0.02378238
maleicanhydride,75,0.01639638
maleicanhydride,70,0.01119041
maleicanhydride,65,0.00755765
maleicanhydride,60,0.00504896
maleicanhydride,55,0.00333518
maleicanhydride,50,0.00217753
maleicanhydride,45,0.00140461
maleicanhydride,40,0.00089476
maleicanhydride,35,0.00056265
maleicanhydride,30,0.00034910
maleicanhydride,25,0.00021363
dicyanomethane,160,0.10140608
dicyanomethane,155,0.07696470
dicyanomethane,150,0.05818878
dicyanomethane,145,0.04382072
dicyanomethane,140,0.03286954
dicyanomethane,135,0.02455678
dicyanomethane,130,0.01827303
dicyanomethane,125,0.01354304
dicyanomethane,120,0.00999772
dicyanomethane,115,0.00735166
dicyanomethane,110,0.00538514
dicyanomethane,105,0.00392982
dicyanomethane,100,0.00285729
dicyanomethane,95,0.00207013
dicyanomethane,90,0.00149473
dicyanomethane,85,0.00107577
dicyanomethane,80,0.00077189
dicyanomethane,75,0.00055227
dicyanomethane,70,0.00039412
dicyanomethane,65,0.00028060
dicyanomethane,60,0.00019937
dicyanomethane,55,0.00014141
dicyanomethane,50,0.00010016
dicyanomethane,45,0.00007087
dicyanomethane,40,0.00005012
dicyanomethane,35,0.00003543
dicyanomethane,30,0.00002506
dicyanomethane,25,0.00001773
"4,5,6,7-tetrahydro-3,6-dimethylbenzofuran",160,1.77386524
"4,5,6,7-tetrahydro-3,6-dimethylbenzofuran",155,1.38638371
"4,5,6,7-tetrahydro-3,6-dimethylbenzofuran",150,1.07702287
"4,5,6,7-tetrahydro-3,6-dimethylbenzofuran",145,0.83141554
"4,5,6,7-tetrahydro-3,6-dimethylbenzofuran",140,0.63756898
"4,5,6,7-tetrahydro-3,6-dimethylbenzofuran",135,0.48552085
"4,5,6,7-tetrahydro-3,6-dimethylbenzofuran",130,0.36703592
"4,5,6,7-tetrahydro-3,6-dimethylbenzofuran",125,0.27534071
"4,5,6,7-tetrahydro-3,6-dimethylbenzofuran",120,0.20489324
"4,5,6,7-tetrahydro-3,6-dimethylbenzofuran",115,0.15118450
"4,5,6,7-tetrahydro-3,6-dimethylbenzofuran",110,0.11056795
"4,5,6,7-tetrahydro-3,6-dimethylbenzofuran",105,0.08011349
"4,5,6,7-tetrahydro-3,6-dimethylbenzofuran",100,0.05748315
"4,5,6,7-tetrahydro-3,6-dimethylbenzofuran",95,0.04082530
"4,5,6,7-tetrahydro-3,6-dimethylbenzofuran",90,0.02868524
"4,5,6,7-tetrahydro-3,6-dimethylbenzofuran",85,0.01992986
"4,5,6,7-tetrahydro-3,6-dimethylbenzofuran",80,0.01368463
"4,5,6,7-tetrahydro-3,6-dimethylbenzofuran",75,0.00928110
"4,5,6,7-tetrahydro-3,6-dimethylbenzofuran",70,0.00621365
"4,5,6,7-tetrahydro-3,6-dimethylbenzofuran",65,0.00410397
"4,5,6,7-tetrahydro-3,6-dimethylbenzofuran",60,0.00267233
"4,5,6,7-tetrahydro-3,6-dimethylbenzofuran",55,0.00171437
"4,5,6,7-tetrahydro-3,6-dimethylbenzofuran",50,0.00108277
"4,5,6,7-tetrahydro-3,6-dimethylbenzofuran",45,0.00067275
"4,5,6,7-tetrahydro-3,6-dimethylbenzofuran",40,0.00041088
"4,5,6,7-tetrahydro-3,6-dimethylbenzofuran",35,0.00024646
"4,5,6,7-tetrahydro-3,6-dimethylbenzofuran",30,0.00014506
"4,5,6,7-tetrahydro-3,6-dimethylbenzofuran",25,0.00008370
4-methyl-3-penten-2-one,160,8.83306466
4-methyl-3-penten-2-one,155,7.30305048
4-methyl-3-penten-2-one,150,5.98423651
4-methyl-3-penten-2-one,145,4.86055206
4-methyl-3-penten-2-one,140,3.91380589
4-methyl-3-penten-2-one,135,3.12472325
4-methyl-3-penten-2-one,130,2.47386722
4-methyl-3-penten-2-one,125,1.94237817
4-methyl-3-penten-2-one,120,1.51254239
4-methyl-3-penten-2-one,115,1.16816067
4-methyl-3-penten-2-one,110,0.89475405
4-methyl-3-penten-2-one,105,0.67963402
4-methyl-3-penten-2-one,100,0.51187142
4-methyl-3-penten-2-one,95,0.38219508
4-methyl-3-penten-2-one,90,0.28284786
4-methyl-3-penten-2-one,85,0.20742025
4-methyl-3-penten-2-one,80,0.15067781
4-methyl-3-penten-2-one,75,0.10839268
4-methyl-3-penten-2-one,70,0.07718616
4-methyl-3-penten-2-one,65,0.05438614
4-methyl-3-penten-2-one,60,0.03790102
4-methyl-3-penten-2-one,55,0.02611058
4-methyl-3-penten-2-one,50,0.01777287
4-methyl-3-penten-2-one,45,0.01194623
4-methyl-3-penten-2-one,40,0.00792457
4-methyl-3-penten-2-one,35,0.00518458
4-methyl-3-penten-2-one,30,0.00334308
4-methyl-3-penten-2-one,25,0.00212305
"1,3,5-trimethylbenzene",160,2.38053923
"1,3,5-trimethylbenzene",155,1.85621825
"1,3,5-trimethylbenzene",150,1.43813291
"1,3,5-trimethylbenzene",145,1.10682090
"1,3,5-trimethylbenzene",140,0.84593902
"1,3,5-trimethylbenzene",135,0.64186863
"1,3,5-trimethylbenzene",130,0.48333579
"1,3,5-trimethylbenzene",125,0.36106660
"1,3,5-trimethylbenzene",120,0.26748001
"1,3,5-trimethylbenzene",115,0.19641818
"1,3,5-trimethylbenzene",110,0.14291237
"1,3,5-trimethylbenzene",105,0.10298118
"1,3,5-trimethylbenzene",100,0.07345783
"1,3,5-trimethylbenzene",95,0.05184333
"1,3,5-trimethylbenzene",90,0.03618211
"1,3,5-trimethylbenzene",85,0.02495753
"1,3,5-trimethylbenzene",80,0.01700452
"1,3,5-trimethylbenzene",75,0.01143715
"1,3,5-trimethylbenzene",70,0.00758899
"1,3,5-trimethylbenzene",65,0.00496444
"1,3,5-trimethylbenzene",60,0.00319940
"1,3,5-trimethylbenzene",55,0.00202980
"1,3,5-trimethylbenzene",50,0.00126672
"1,3,5-trimethylbenzene",45,0.00077694
"1,3,5-trimethylbenzene",40,0.00046794
"1,3,5-trimethylbenzene",35,0.00027649
"1,3,5-trimethylbenzene",30,0.00016012
"1,3,5-trimethylbenzene",25,0.00009078
alpha-methylacrolein,160,14.72682257
alpha-methylacrolein,155,12.37580068
alpha-methylacrolein,150,10.27766667
alpha-methylacrolein,145,8.43465278
alpha-methylacrolein,140,6.84124794
alpha-methylacrolein,135,5.48511404
alpha-methylacrolein,130,4.34841837
alpha-methylacrolein,125,3.40955950
alpha-methylacrolein,120,2.64489948
alpha-methylacrolein,115,2.03035702
alpha-methylacrolein,110,1.54266444
alpha-methylacrolein,105,1.16027264
alpha-methylacrolein,100,0.86389004
alpha-methylacrolein,95,0.63672618
alpha-methylacrolein,90,0.46451007
alpha-methylacrolein,85,0.33535591
alpha-methylacrolein,80,0.23953865
alpha-methylacrolein,75,0.16922583
alpha-methylacrolein,70,0.11819964
alpha-methylacrolein,65,0.08159007
alpha-methylacrolein,60,0.05563153
alpha-methylacrolein,55,0.03744871
alpha-methylacrolein,50,0.02487335
alpha-methylacrolein,45,0.01629079
alpha-methylacrolein,40,0.01051403
alpha-methylacrolein,35,0.00668196
alpha-methylacrolein,30,0.00417843
alpha-methylacrolein,25,0.00256887
2-methyl-2-propenamide,160,1.86108070
2-methyl-2-propenamide,155,1.45600683
2-methyl-2-propenamide,150,1.13400351
2-methyl-2-propenamide,145,0.87904331
2-methyl-2-propenamide,140,0.67802418
2-methyl-2-propenamide,135,0.52025302
2-methyl-2-propenamide,130,0.39702248
2-methyl-2-propenamide,125,0.30126155
2-methyl-2-propenamide,120,0.22724669
2-methyl-2-propenamide,115,0.17036219
2-methyl-2-propenamide,110,0.12690128
2-methyl-2-propenamide,105,0.09390083
2-methyl-2-propenamide,100,0.06900402
2-methyl-2-propenamide,95,0.05034642
2-methyl-2-propenamide,90,0.03646160
2-methyl-2-propenamide,85,0.02620324
2-methyl-2-propenamide,80,0.01868100
2-methyl-2-propenamide,75,0.01320804
2-methyl-2-propenamide,70,0.00925829
2-methyl-2-propenamide,65,0.00643176
2-methyl-2-propenamide,60,0.00442670
2-methyl-2-propenamide,55,0.00301728
2-methyl-2-propenamide,50,0.00203592
2-methyl-2-propenamide,45,0.00135935
2-methyl-2-propenamide,40,0.00089768
2-methyl-2-propenamide,35,0.00058604
2-methyl-2-propenamide,30,0.00037802
2-methyl-2-propenamide,25,0.00024079
methacrylicacid,160,28.87335202
methacrylicacid,155,27.26223916
methacrylicacid,150,25.75613420
methacrylicacid,145,24.35182614
methacrylicacid,140,23.05093878
methacrylicacid,135,21.84955268
methacrylicacid,130,20.74905495
methacrylicacid,125,19.74519048
methacrylicacid,120,18.83539311
methacrylicacid,115,18.01812314
methacrylicacid,110,17.29007298
methacrylicacid,105,16.64836994
methacrylicacid,100,16.09072359
methacrylicacid,95,15.61366854
methacrylicacid,90,15.21414589
methacrylicacid,85,14.89042855
methacrylicacid,80,14.63832544
methacrylicacid,75,14.45572394
methacrylicacid,70,14.34044845
methacrylicacid,65,14.28886801
methacrylicacid,60,14.29803271
methacrylicacid,55,14.36580048
methacrylicacid,50,14.48824641
methacrylicacid,45,14.66286690
methacrylicacid,40,14.88546967
methacrylicacid,35,15.15375976
methacrylicacid,30,15.46332303
methacrylicacid,25,15.81114639
2-methyl-2-propenenitrile,160,10.32217014
2-methyl-2-propenenitrile,155,8.34891173
2-methyl-2-propenenitrile,150,6.67874991
2-methyl-2-propenenitrile,145,5.28650934
2-methyl-2-propenenitrile,140,4.14225930
2-methyl-2-propenenitrile,135,3.21408759
2-methyl-2-propenenitrile,130,2.47031713
2-methyl-2-propenenitrile,125,1.88107399
2-methyl-2-propenenitrile,120,1.41925926
2-methyl-2-propenenitrile,115,1.06102917
2-methyl-2-propenenitrile,110,0.78591382
2-methyl-2-propenenitrile,105,0.57669376
2-methyl-2-propenenitrile,100,0.41913185
2-methyl-2-propenenitrile,95,0.30163258
2-methyl-2-propenenitrile,90,0.21487822
2-methyl-2-propenenitrile,85,0.15147366
2-methyl-2-propenenitrile,80,0.10561795
2-methyl-2-propenenitrile,75,0.07281188
2-methyl-2-propenenitrile,70,0.04960466
2-methyl-2-propenenitrile,65,0.03337908
2-methyl-2-propenenitrile,60,0.02217269
2-methyl-2-propenenitrile,55,0.01453115
2-methyl-2-propenenitrile,50,0.00938963
2-methyl-2-propenenitrile,45,0.00597830
2-methyl-2-propenenitrile,40,0.00374787
2-methyl-2-propenenitrile,35,0.00231178
2-methyl-2-propenenitrile,30,0.00140193
2-methyl-2-propenenitrile,25,0.00083515
methane,160,55.92693869
methane,155,51.33896630
methane,150,46.25891925
methane,145,40.69718328
methane,140,34.74143853
methane,135,28.60110073
methane,130,22.61643152
methane,125,17.18215237
methane,120,12.60133869
methane,115,8.98486695
methane,110,6.26942931
methane,105,4.30137427
methane,100,2.90968901
methane,95,1.94317801
methane,90,1.28162433
methane,85,0.83464211
methane,80,0.53641019
methane,75,0.33996398
methane,70,0.21229638
methane,65,0.13050643
methane,60,0.07890197
methane,55,0.04686869
methane,50,0.02732596
methane,45,0.01562101
methane,40,0.00874602
methane,35,0.00479056
methane,30,0.00256401
methane,25,0.00133927
methanol,160,21.39661169
methanol,155,17.84893888
methanol,150,14.68122210
methanol,145,11.91245411
methanol,140,9.54175428
methanol,135,7.55113285
methanol,130,5.90960228
methanol,125,4.57803795
methanol,120,3.51374701
methanol,115,2.67416864
methanol,110,2.01949934
methanol,105,1.51423029
methanol,100,1.12781452
methanol,95,0.83471104
methanol,90,0.61404214
methanol,85,0.44905097
methanol,80,0.32648726
methanol,75,0.23600320
methanol,70,0.16960248
methanol,65,0.12116221
methanol,60,0.08603191
methanol,55,0.06070521
methanol,50,0.04255633
methanol,45,0.02963151
methanol,40,0.02048598
methanol,35,0.01405778
methanol,30,0.00957108
methanol,25,0.00646246
methanol,160,21.39661169
methanol,155,17.84893888
methanol,150,14.68122210
methanol,145,11.91245411
methanol,140,9.54175428
methanol,135,7.55113285
methanol,130,5.90960228
methanol,125,4.57803795
methanol,120,3.51374701
methanol,115,2.67416864
methanol,110,2.01949934
methanol,105,1.51423029
methanol,100,1.12781452
methanol,95,0.83471104
methanol,90,0.61404214
methanol,85,0.44905097
methanol,80,0.32648726
methanol,75,0.23600320
methanol,70,0.16960248
methanol,65,0.12116221
methanol,60,0.08603191
methanol,55,0.06070521
methanol,50,0.04255633
methanol,45,0.02963151
methanol,40,0.02048598
methanol,35,0.01405778
methanol,30,0.00957108
methanol,25,0.00646246
4-methoxy-4-methyl-pentan-2-one,160,5.68095351
4-methoxy-4-methyl-pentan-2-one,155,4.64505887
4-methoxy-4-methyl-pentan-2-one,150,3.76965679
4-methoxy-4-methyl-pentan-2-one,145,3.03657644
4-methoxy-4-methyl-pentan-2-one,140,2.42806263
4-methoxy-4-methyl-pentan-2-one,135,1.92725300
4-methoxy-4-methyl-pentan-2-one,130,1.51850761
4-methoxy-4-methyl-pentan-2-one,125,1.18761565
4-methoxy-4-methyl-pentan-2-one,120,0.92189460
4-methoxy-4-methyl-pentan-2-one,115,0.71020380
4-methoxy-4-methyl-pentan-2-one,110,0.54289414
4-methoxy-4-methyl-pentan-2-one,105,0.41171482
4-methoxy-4-methyl-pentan-2-one,100,0.30969245
4-methoxy-4-methyl-pentan-2-one,95,0.23099701
4-methoxy-4-methyl-pentan-2-one,90,0.17080409
4-methoxy-4-methyl-pentan-2-one,85,0.12516038
4-methoxy-4-methyl-pentan-2-one,80,0.09085711
4-methoxy-4-methyl-pentan-2-one,75,0.06531417
4-methoxy-4-methyl-pentan-2-one,70,0.04647631
4-methoxy-4-methyl-pentan-2-one,65,0.03272180
4-methoxy-4-methyl-pentan-2-one,60,0.02278323
4-methoxy-4-methyl-pentan-2-one,55,0.01567989
4-methoxy-4-methyl-pentan-2-one,50,0.01066060
4-methoxy-4-methyl-pentan-2-one,45,0.00715612
4-methoxy-4-methyl-pentan-2-one,40,0.00473981
4-methoxy-4-methyl-pentan-2-one,35,0.00309558
4-methoxy-4-methyl-pentan-2-one,30,0.00199212
4-methoxy-4-methyl-pentan-2-one,25,0.00126227
methylacetate,160,14.76719474
methylacetate,155,12.46246334
methylacetate,150,10.39486037
methylacetate,145,8.56816515
methylacetate,140,6.97930837
methylacetate,135,5.61874315
methylacetate,130,4.47151855
methylacetate,125,3.51859903
methylacetate,120,2.73844089
methylacetate,115,2.10848198
methylacetate,110,1.60645077
methylacetate,105,1.21134455
methylacetate,100,0.90409073
methylacetate,95,0.66789478
methylacetate,90,0.48834779
methylacetate,85,0.35335862
methylacetate,80,0.25297403
methylacetate,75,0.17913863
methylacetate,70,0.12543180
methylacetate,65,0.08680768
methylacetate,60,0.05935323
methylacetate,55,0.04007265
methylacetate,50,0.02670117
methylacetate,45,0.01754815
methylacetate,40,0.01136768
methylacetate,35,0.00725358
methylacetate,30,0.00455568
methylacetate,25,0.00281406
methylacetoacetate,160,2.09310253
methylacetoacetate,155,1.63257036
methylacetoacetate,150,1.26595988
methylacetoacetate,145,0.97573731
methylacetoacetate,140,0.74730888
methylacetoacetate,135,0.56859542
methylacetoacetate,130,0.42965273
methylacetoacetate,125,0.32233807
methylacetoacetate,120,0.24002043
methylacetoacetate,115,0.17733086
methylacetoacetate,110,0.12994829
methylacetoacetate,105,0.09441724
methylacetoacetate,100,0.06799300
methylacetoacetate,95,0.04851095
methylacetoacetate,90,0.03427685
methylacetoacetate,85,0.02397522
methylacetoacetate,80,0.01659324
methylacetoacetate,75,0.01135805
methylacetoacetate,70,0.00768542
methylacetoacetate,65,0.00513806
methylacetoacetate,60,0.00339207
methylacetoacetate,55,0.00221014
methylacetoacetate,50,0.00142037
methylacetoacetate,45,0.00089979
methylacetoacetate,40,0.00056151
methylacetoacetate,35,0.00034493
methylacetoacetate,30,0.00020844
methylacetoacetate,25,0.00012380
propyne,160,33.58086179
propyne,155,30.18127695
propyne,150,26.84160310
propyne,145,23.59898436
propyne,140,20.49222397
propyne,135,17.55977935
propyne,130,14.83787987
propyne,125,12.35697929
propyne,120,10.13938531
propyne,115,8.19674234
propyne,110,6.52955953
propyne,105,5.12755828
propyne,100,3.97151257
propyne,95,3.03591381
propyne,90,2.29186028
propyne,85,1.70966181
propyne,80,1.26089675
propyne,75,0.91975984
propyne,70,0.66378168
propyne,65,0.47403958
propyne,60,0.33502802
propyne,55,0.23432814
propyne,50,0.16218513
propyne,45,0.11106554
propyne,40,0.07523931
propyne,35,0.05040854
propyne,30,0.03339170
propyne,25,0.02186335
methylacrylate,160,10.46732427
methylacrylate,155,8.62410100
methylacrylate,150,7.02762972
methylacrylate,145,5.66503329
methylacrylate,140,4.51854650
methylacrylate,135,3.56704686
methylacrylate,130,2.78765918
methylacrylate,125,2.15715886
methylacrylate,120,1.65312037
methylacrylate,115,1.25472062
methylacrylate,110,0.94323438
methylacrylate,105,0.70226486
methylacrylate,100,0.51777267
methylacrylate,95,0.37796659
methylacrylate,90,0.27310888
methylacrylate,85,0.19527793
methylacrylate,80,0.13811757
methylacrylate,75,0.09659280
methylacrylate,70,0.06676394
methylacrylate,65,0.04558503
methylacrylate,60,0.03072902
methylacrylate,55,0.02043929
methylacrylate,50,0.01340601
methylacrylate,45,0.00866477
methylacrylate,40,0.00551476
methylacrylate,35,0.00345363
methylacrylate,30,0.00212644
methylacrylate,25,0.00128612
methylamine,160,48.32863034
methylamine,155,45.45978530
methylamine,150,42.54675635
methylamine,145,39.60000292
methylamine,140,36.63110052
methylamine,135,33.65379434
methylamine,130,30.68516030
methylamine,125,27.74415115
methylamine,120,24.85248292
methylamine,115,22.03451718
methylamine,110,19.31699187
methylamine,105,16.72698310
methylamine,100,14.29197546
methylamine,95,12.03781296
methylamine,90,9.98684381
methylamine,85,8.15568405
methylamine,80,6.55351977
methylamine,75,5.18125790
methylamine,70,4.03101286
methylamine,65,3.08740971
methylamine,60,2.32931825
methylamine,55,1.73223285
methylamine,50,1.27061914
methylamine,45,0.91984889
methylamine,40,0.65753584
methylamine,35,0.46427332
methylamine,30,0.32386539
methylamine,25,0.22321093
4-methyl-2-pentylacetate,160,3.25404317
4-methyl-2-pentylacetate,155,2.60825717
4-methyl-2-pentylacetate,150,2.07756838
4-methyl-2-pentylacetate,145,1.64439123
4-methyl-2-pentylacetate,140,1.29316050
4-methyl-2-pentylacetate,135,1.01026702
4-methyl-2-pentylacetate,130,0.78394033
4-methyl-2-pentylacetate,125,0.60409833
4-methyl-2-pentylacetate,120,0.46218285
4-methyl-2-pentylacetate,115,0.35099008
4-methyl-2-pentylacetate,110,0.26450500
4-methyl-2-pentylacetate,105,0.19774450
4-methyl-2-pentylacetate,100,0.14661224
4-methyl-2-pentylacetate,95,0.10776695
4-methyl-2-pentylacetate,90,0.07850461
4-methyl-2-pentylacetate,85,0.05665444
4-methyl-2-pentylacetate,80,0.04048803
4-methyl-2-pentylacetate,75,0.02864099
4-methyl-2-pentylacetate,70,0.02004573
4-methyl-2-pentylacetate,65,0.01387460
4-methyl-2-pentylacetate,60,0.00949215
4-methyl-2-pentylacetate,55,0.00641537
4-methyl-2-pentylacetate,50,0.00428102
4-methyl-2-pentylacetate,45,0.00281890
4-methyl-2-pentylacetate,40,0.00183039
4-methyl-2-pentylacetate,35,0.00117125
4-methyl-2-pentylacetate,30,0.00073804
4-methyl-2-pentylacetate,25,0.00045763
methylbenzoate,160,4.15816719
methylbenzoate,155,3.32913715
methylbenzoate,150,2.64549238
methylbenzoate,145,2.08659668
methylbenzoate,140,1.63350144
methylbenzoate,135,1.26917410
methylbenzoate,130,0.97857833
methylbenzoate,125,0.74864514
methylbenzoate,120,0.56816963
methylbenzoate,115,0.42766182
methylbenzoate,110,0.31917328
methylbenzoate,105,0.23611543
methylbenzoate,100,0.17308047
methylbenzoate,95,0.12567183
methylbenzoate,90,0.09034852
methylbenzoate,85,0.06428527
methylbenzoate,80,0.04524912
methylbenzoate,75,0.03149233
methylbenzoate,70,0.02166059
methylbenzoate,65,0.01471523
methylbenzoate,60,0.00986829
methylbenzoate,55,0.00652869
methylbenzoate,50,0.00425829
methylbenzoate,45,0.00273634
methylbenzoate,40,0.00173105
methylbenzoate,35,0.00107726
methylbenzoate,30,0.00065893
methylbenzoate,25,0.00039582
ch3br,160,11.75845219
ch3br,155,9.66796130
ch3br,150,7.82664060
ch3br,145,6.23888459
ch3br,140,4.89899383
ch3br,135,3.79188194
ch3br,130,2.89520789
ch3br,125,2.18227336
ch3br,120,1.62490975
ch3br,115,1.19580497
ch3br,110,0.87005433
ch3br,105,0.62597208
ch3br,100,0.44533181
ch3br,95,0.31323409
ch3br,90,0.21776864
ch3br,85,0.14959038
ch3br,80,0.10148424
ch3br,75,0.06796006
ch3br,70,0.04489686
ch3br,65,0.02924207
ch3br,60,0.01876424
ch3br,55,0.01185396
ch3br,50,0.00736656
ch3br,45,0.00449957
ch3br,40,0.00269897
ch3br,35,0.00158831
ch3br,30,0.00091612
ch3br,25,0.00051735
2-hexanone,160,8.02567358
2-hexanone,155,6.60078794
2-hexanone,150,5.38212407
2-hexanone,145,4.35129928
2-hexanone,140,3.48861576
2-hexanone,135,2.77401012
2-hexanone,130,2.18787715
2-hexanone,125,1.71167268
2-hexanone,120,1.32832959
2-hexanone,115,1.02249964
2-hexanone,110,0.78065217
2-hexanone,105,0.59106332
2-hexanone,100,0.44372946
2-hexanone,95,0.33023069
2-hexanone,90,0.24356831
2-hexanone,85,0.17799199
2-hexanone,80,0.12882855
2-hexanone,75,0.09231994
2-hexanone,70,0.06547487
2-hexanone,65,0.04593654
2-hexanone,60,0.03186688
2-hexanone,55,0.02184721
2-hexanone,50,0.01479411
2-hexanone,45,0.00988925
2-hexanone,40,0.00652149
2-hexanone,35,0.00423983
2-hexanone,30,0.00271555
2-hexanone,25,0.00171216
ch3cl,160,29.81259912
ch3cl,155,26.60902856
ch3cl,150,23.46919658
ch3cl,145,20.42539202
ch3cl,140,17.51431687
ch3cl,135,14.77451022
ch3cl,130,12.24413772
ch3cl,125,9.95724770
ch3cl,120,7.93991568
ch3cl,115,6.20598588
ch3cl,110,4.75539478
ch3cl,105,3.57413179
ch3cl,100,2.63697270
ch3cl,95,1.91152513
ch3cl,90,1.36258053
ch3cl,85,0.95576903
ch3cl,80,0.66002590
ch3cl,75,0.44884159
ch3cl,70,0.30057820
ch3cl,65,0.19818626
ch3cl,60,0.12861264
ch3cl,55,0.08210410
ch3cl,50,0.05152750
ch3cl,45,0.03176736
ch3cl,40,0.01922314
ch3cl,35,0.01140682
ch3cl,30,0.00663075
ch3cl,25,0.00377177
carbonochloridicacidmethylester,160,12.68439042
carbonochloridicacidmethylester,155,10.66317970
carbonochloridicacidmethylester,150,8.85474496
carbonochloridicacidmethylester,145,7.26138742
carbonochloridicacidmethylester,140,5.87991871
carbonochloridicacidmethylester,135,4.70155493
carbonochloridicacidmethylester,130,3.71274062
carbonochloridicacidmethylester,125,2.89620161
carbonochloridicacidmethylester,120,2.23233462
carbonochloridicacidmethylester,115,1.70058442
carbonochloridicacidmethylester,110,1.28067860
carbonochloridicacidmethylester,105,0.95356394
carbonochloridicacidmethylester,100,0.70202994
carbonochloridicacidmethylester,95,0.51102958
carbonochloridicacidmethylester,90,0.36776381
carbonochloridicacidmethylester,85,0.26159730
carbonochloridicacidmethylester,80,0.18387006
carbonochloridicacidmethylester,75,0.12765580
carbonochloridicacidmethylester,70,0.08750426
carbonochloridicacidmethylester,65,0.05919102
carbonochloridicacidmethylester,60,0.03948871
carbonochloridicacidmethylester,55,0.02596620
carbonochloridicacidmethylester,50,0.01681768
carbonochloridicacidmethylester,45,0.01072081
carbonochloridicacidmethylester,40,0.00672126
carbonochloridicacidmethylester,35,0.00414067
carbonochloridicacidmethylester,30,0.00250437
carbonochloridicacidmethylester,25,0.00148566
cyanoaceticacidmethylester,160,0.42625987
cyanoaceticacidmethylester,155,0.32292077
cyanoaceticacidmethylester,150,0.24332528
cyanoaceticacidmethylester,145,0.18230346
cyanoaceticacidmethylester,140,0.13576093
cyanoaceticacidmethylester,135,0.10045911
cyanoaceticacidmethylester,130,0.07384241
cyanoaceticacidmethylester,125,0.05390079
cyanoaceticacidmethylester,120,0.03905978
cyanoaceticacidmethylester,115,0.02809204
cyanoaceticacidmethylester,110,0.02004604
cyanoaceticacidmethylester,105,0.01418854
cyanoaceticacidmethylester,100,0.00995820
cyanoaceticacidmethylester,95,0.00692828
cyanoaceticacidmethylester,90,0.00477678
cyanoaceticacidmethylester,85,0.00326265
cyanoaceticacidmethylester,80,0.00220692
cyanoaceticacidmethylester,75,0.00147787
cyanoaceticacidmethylester,70,0.00097941
cyanoaceticacidmethylester,65,0.00064211
cyanoaceticacidmethylester,60,0.00041630
cyanoaceticacidmethylester,55,0.00026680
cyanoaceticacidmethylester,50,0.00016895
cyanoaceticacidmethylester,45,0.00010567
cyanoaceticacidmethylester,40,0.00006525
cyanoaceticacidmethylester,35,0.00003976
cyanoaceticacidmethylester,30,0.00002389
cyanoaceticacidmethylester,25,0.00001416
methylcyclohexane,160,0.51495503
methylcyclohexane,155,0.38547225
methylcyclohexane,150,0.28660174
methylcyclohexane,145,0.21153902
methylcyclohexane,140,0.15491714
methylcyclohexane,135,0.11250743
methylcyclohexane,130,0.08098652
methylcyclohexane,125,0.05775247
methylcyclohexane,120,0.04077828
methylcyclohexane,115,0.02849427
methylcyclohexane,110,0.01969340
methylcyclohexane,105,0.01345473
methylcyclohexane,100,0.00908173
methylcyclohexane,95,0.00605256
methylcyclohexane,90,0.00398027
methylcyclohexane,85,0.00258109
methylcyclohexane,80,0.00164934
methylcyclohexane,75,0.00103781
methylcyclohexane,70,0.00064253
methylcyclohexane,65,0.00039109
methylcyclohexane,60,0.00023384
methylcyclohexane,55,0.00013721
methylcyclohexane,50,0.00007894
methylcyclohexane,45,0.00004449
methylcyclohexane,40,0.00002453
methylcyclohexane,35,0.00001322
methylcyclohexane,30,0.00000695
methylcyclohexane,25,0.00000356
methylcyclopentane,160,0.71835176
methylcyclopentane,155,0.53760402
methylcyclopentane,150,0.39972760
methylcyclopentane,145,0.29511484
methylcyclopentane,140,0.21622270
methylcyclopentane,135,0.15713017
methylcyclopentane,130,0.11319680
methylcyclopentane,125,0.08079683
methylcyclopentane,120,0.05710951
methylcyclopentane,115,0.03995232
methylcyclopentane,110,0.02764747
methylcyclopentane,105,0.01891486
methylcyclopentane,100,0.01278590
methylcyclopentane,95,0.00853447
methylcyclopentane,90,0.00562167
methylcyclopentane,85,0.00365183
methylcyclopentane,80,0.00233783
methylcyclopentane,75,0.00147386
methylcyclopentane,70,0.00091435
methylcyclopentane,65,0.00055773
methylcyclopentane,60,0.00033422
methylcyclopentane,55,0.00019658
methylcyclopentane,50,0.00011338
methylcyclopentane,45,0.00006406
methylcyclopentane,40,0.00003542
methylcyclopentane,35,0.00001914
methylcyclopentane,30,0.00001010
methylcyclopentane,25,0.00000519
methylethylether,160,19.59360957
methylethylether,155,16.88110694
methylethylether,150,14.38274292
methylethylether,145,12.11463504
methylethylether,140,10.08640628
methylethylether,135,8.30059200
methylethylether,130,6.75258055
methylethylether,125,5.43127636
methylethylether,120,4.32034830
methylethylether,115,3.39979873
methylethylether,110,2.64751885
methylethylether,105,2.04079879
methylethylether,100,1.55754830
methylethylether,95,1.17717417
methylethylether,90,0.88114113
methylethylether,85,0.65323780
methylethylether,80,0.47962480
methylethylether,75,0.34872963
methylethylether,70,0.25104753
methylethylether,65,0.17889519
methylethylether,60,0.12614995
methylethylether,55,0.08799692
methylethylether,50,0.06069648
methylethylether,45,0.04137874
methylethylether,40,0.02786698
methylethylether,35,0.01852940
methylethylether,30,0.01215714
methylethylether,25,0.00786533
butanone,160,15.93486013
butanone,155,13.57549988
butanone,150,11.43946727
butanone,145,9.53273229
butanone,140,7.85524924
butanone,135,6.40100213
butanone,130,5.15860106
butanone,125,4.11233819
butanone,120,3.24349945
butanone,115,2.53165060
butanone,110,1.95590317
butanone,105,1.49594948
butanone,100,1.13281818
butanone,95,0.84937092
butanone,90,0.63054850
butanone,85,0.46342867
butanone,80,0.33714748
butanone,75,0.24273358
butanone,70,0.17289641
butanone,65,0.12179676
butanone,60,0.08482080
butanone,55,0.05836953
butanone,50,0.03967031
butanone,45,0.02661321
butanone,40,0.01761234
butanone,35,0.01149052
butanone,30,0.00738513
butanone,25,0.00467243
2-butanoneoxime,160,20.78476032
2-butanoneoxime,155,18.85367780
2-butanoneoxime,150,17.05141015
2-butanoneoxime,145,15.37774938
2-butanoneoxime,140,13.83201756
2-butanoneoxime,135,12.41179441
2-butanoneoxime,130,11.11340406
2-butanoneoxime,125,9.93283599
2-butanoneoxime,120,8.86463851
2-butanoneoxime,115,7.90282712
2-butanoneoxime,110,7.04093834
2-butanoneoxime,105,6.27206301
2-butanoneoxime,100,5.58915062
2-butanoneoxime,95,4.98505318
2-butanoneoxime,90,4.45280893
2-butanoneoxime,85,3.98564333
2-butanoneoxime,80,3.57716993
2-butanoneoxime,75,3.22135728
2-butanoneoxime,70,2.91266799
2-butanoneoxime,65,2.64606999
2-butanoneoxime,60,2.41705672
2-butanoneoxime,55,2.22165461
2-butanoneoxime,50,2.05642188
2-butanoneoxime,45,1.91844214
2-butanoneoxime,40,1.80531616
2-butanoneoxime,35,1.71515459
2-butanoneoxime,30,1.64657355
2-butanoneoxime,25,1.59869404
methylformate,160,15.40216120
methylformate,155,12.76316949
methylformate,150,10.43036997
methylformate,145,8.40819427
methylformate,140,6.68862919
methylformate,135,5.25316837
methylformate,130,4.07561318
methylformate,125,3.12525557
methylformate,120,2.36977371
methylformate,115,1.77757002
methylformate,110,1.31937643
methylformate,105,0.96918804
methylformate,100,0.70464815
methylformate,95,0.50704341
methylformate,90,0.36105237
methylformate,85,0.25436415
methylformate,80,0.17724733
methylformate,75,0.12212142
methylformate,70,0.08316081
methylformate,65,0.05594548
methylformate,60,0.03716344
methylformate,55,0.02436343
methylformate,50,0.01575367
methylformate,45,0.01004103
methylformate,40,0.00630440
methylformate,35,0.00389650
methylformate,30,0.00236894
methylformate,25,0.00141560
methyl2-furancarboxylate,160,4.75115792
methyl2-furancarboxylate,155,3.81484816
methyl2-furancarboxylate,150,3.03995184
methyl2-furancarboxylate,145,2.40442477
methyl2-furancarboxylate,140,1.88769897
methyl2-furancarboxylate,135,1.47106473
methyl2-furancarboxylate,130,1.13785702
methyl2-furancarboxylate,125,0.87349365
methyl2-furancarboxylate,120,0.66540858
methyl2-furancarboxylate,115,0.50291724
methyl2-furancarboxylate,110,0.37704289
methyl2-furancarboxylate,105,0.28032551
methyl2-furancarboxylate,100,0.20662816
methyl2-furancarboxylate,95,0.15095084
methyl2-furancarboxylate,90,0.10925771
methyl2-furancarboxylate,85,0.07832104
methyl2-furancarboxylate,80,0.05558299
methyl2-furancarboxylate,75,0.03903534
methyl2-furancarboxylate,70,0.02711629
methyl2-furancarboxylate,65,0.01862304
methyl2-furancarboxylate,60,0.01263859
methyl2-furancarboxylate,55,0.00847112
methyl2-furancarboxylate,50,0.00560442
methyl2-furancarboxylate,45,0.00365770
methyl2-furancarboxylate,40,0.00235342
methyl2-furancarboxylate,35,0.00149181
methyl2-furancarboxylate,30,0.00093099
methyl2-furancarboxylate,25,0.00057157
methylglyoxal,160,8.24751091
methylglyoxal,155,6.51142269
methylglyoxal,150,5.08405628
methylglyoxal,145,3.92821407
methylglyoxal,140,3.00498836
methylglyoxal,135,2.27669436
methylglyoxal,130,1.70872739
methylglyoxal,125,1.27052752
methylglyoxal,120,0.93589590
methylglyoxal,115,0.68288971
methylglyoxal,110,0.49347504
methylglyoxal,105,0.35306415
methylglyoxal,100,0.25001866
methylglyoxal,95,0.17516858
methylglyoxal,90,0.12137251
methylglyoxal,85,0.08313098
methylglyoxal,80,0.05625562
methylglyoxal,75,0.03759210
methylglyoxal,70,0.02479177
methylglyoxal,65,0.01612637
methylglyoxal,60,0.01033968
methylglyoxal,55,0.00653022
methylglyoxal,50,0.00405968
methylglyoxal,45,0.00248242
methylglyoxal,40,0.00149189
methylglyoxal,35,0.00088047
methylglyoxal,30,0.00050985
methylglyoxal,25,0.00028940
methylhydrazine,160,18.07918384
methylhydrazine,155,15.35020288
methylhydrazine,150,12.89466094
methylhydrazine,145,10.71608880
methylhydrazine,140,8.81053071
methylhydrazine,135,7.16734605
methylhydrazine,130,5.77019637
methylhydrazine,125,4.59847777
methylhydrazine,120,3.62878916
methylhydrazine,115,2.83645112
methylhydrazine,110,2.19681233
methylhydrazine,105,1.68632319
methylhydrazine,100,1.28329555
methylhydrazine,95,0.96835483
methylhydrazine,90,0.72464101
methylhydrazine,85,0.53780407
methylhydrazine,80,0.39586268
methylhydrazine,75,0.28897914
methylhydrazine,70,0.20919401
methylhydrazine,65,0.15015214
methylhydrazine,60,0.10683979
methylhydrazine,55,0.07534526
methylhydrazine,50,0.05264854
methylhydrazine,45,0.03644142
methylhydrazine,40,0.02497695
methylhydrazine,35,0.01694580
methylhydrazine,30,0.01137607
methylhydrazine,25,0.00755348
methylhydroperoxide,160,30.29652699
methylhydroperoxide,155,27.74960374
methylhydroperoxide,150,25.36487705
methylhydroperoxide,145,23.15312266
methylhydroperoxide,140,21.12089446
methylhydroperoxide,135,19.27070713
methylhydroperoxide,130,17.60142355
methylhydroperoxide,125,16.10904986
methylhydroperoxide,120,14.78713650
methylhydroperoxide,115,13.62771462
methylhydroperoxide,110,12.62192481
methylhydroperoxide,105,11.76063234
methylhydroperoxide,100,11.03499014
methylhydroperoxide,95,10.43670873
methylhydroperoxide,90,9.95859049
methylhydroperoxide,85,9.59461405
methylhydroperoxide,80,9.34027524
methylhydroperoxide,75,9.19192530
methylhydroperoxide,70,9.14799335
methylhydroperoxide,65,9.20738051
methylhydroperoxide,60,9.37025795
methylhydroperoxide,55,9.63698040
methylhydroperoxide,50,10.00839933
methylhydroperoxide,45,10.48378381
methylhydroperoxide,40,11.06153658
methylhydroperoxide,35,11.73888553
methylhydroperoxide,30,12.51042776
methylhydroperoxide,25,13.36782362
ch3i,160,5.00754385
ch3i,155,3.91960106
ch3i,150,3.03572214
ch3i,145,2.32813044
ch3i,140,1.76897807
ch3i,135,1.33219383
ch3i,130,0.99453926
ch3i,125,0.73603049
ch3i,120,0.53993444
ch3i,115,0.39252124
ch3i,110,0.28270330
ch3i,105,0.20164318
ch3i,100,0.14237603
ch3i,95,0.09946880
ch3i,90,0.06872469
ch3i,85,0.04693301
ch3i,80,0.03166164
ch3i,75,0.02108694
ch3i,70,0.01385608
ch3i,65,0.00897679
ch3i,60,0.00572990
ch3i,55,0.00360075
ch3i,50,0.00222596
ch3i,45,0.00135257
ch3i,40,0.00080711
ch3i,35,0.00047254
ch3i,30,0.00027117
ch3i,25,0.00015237
5-methyl-2-hexanone,160,5.91947278
5-methyl-2-hexanone,155,4.82011692
5-methyl-2-hexanone,150,3.89523217
5-methyl-2-hexanone,145,3.12429507
5-methyl-2-hexanone,140,2.48737916
5-methyl-2-hexanone,135,1.96569533
5-methyl-2-hexanone,130,1.54195318
5-methyl-2-hexanone,125,1.20056710
5-methyl-2-hexanone,120,0.92773580
5-methyl-2-hexanone,115,0.71142728
5-methyl-2-hexanone,110,0.54129550
5-methyl-2-hexanone,105,0.40855427
5-methyl-2-hexanone,100,0.30582657
5-methyl-2-hexanone,95,0.22698388
5-methyl-2-hexanone,90,0.16698576
5-methyl-2-hexanone,85,0.12172649
5-methyl-2-hexanone,80,0.08789321
5-methyl-2-hexanone,75,0.06283769
5-methyl-2-hexanone,70,0.04446276
5-methyl-2-hexanone,65,0.03112343
5-methyl-2-hexanone,60,0.02154183
5-methyl-2-hexanone,55,0.01473524
5-methyl-2-hexanone,50,0.00995570
5-methyl-2-hexanone,45,0.00664005
5-methyl-2-hexanone,40,0.00436901
5-methyl-2-hexanone,35,0.00283412
5-methyl-2-hexanone,30,0.00181121
5-methyl-2-hexanone,25,0.00113948
4-methyl-2-pentanol,160,7.79997698
4-methyl-2-pentanol,155,6.46818552
4-methyl-2-pentanol,150,5.32559701
4-methyl-2-pentanol,145,4.35426738
4-methyl-2-pentanol,140,3.53576128
4-methyl-2-pentanol,135,2.85184389
4-methyl-2-pentanol,130,2.28500346
4-methyl-2-pentanol,125,1.81885760
4-methyl-2-pentanol,120,1.43840436
4-methyl-2-pentanol,115,1.13016008
4-methyl-2-pentanol,110,0.88220176
4-methyl-2-pentanol,105,0.68413697
4-methyl-2-pentanol,100,0.52702298
4-methyl-2-pentanol,95,0.40325305
4-methyl-2-pentanol,90,0.30642473
4-methyl-2-pentanol,85,0.23120171
4-methyl-2-pentanol,80,0.17317648
4-methyl-2-pentanol,75,0.12874008
4-methyl-2-pentanol,70,0.09496177
4-methyl-2-pentanol,65,0.06948066
4-methyl-2-pentanol,60,0.05040991
4-methyl-2-pentanol,55,0.03625336
4-methyl-2-pentanol,50,0.02583395
4-methyl-2-pentanol,45,0.01823306
4-methyl-2-pentanol,40,0.01273963
4-methyl-2-pentanol,35,0.00880784
4-methyl-2-pentanol,30,0.00602241
4-methyl-2-pentanol,25,0.00407020
4-methyl-2-pentanone,160,7.72043785
4-methyl-2-pentanone,155,6.33237236
4-methyl-2-pentanone,150,5.14965088
4-methyl-2-pentanone,145,4.15282126
4-methyl-2-pentanone,140,3.32142385
4-methyl-2-pentanone,135,2.63493947
4-methyl-2-pentanone,130,2.07356231
4-methyl-2-pentanone,125,1.61875349
4-methyl-2-pentanone,120,1.25360098
4-methyl-2-pentanone,115,0.96301002
4-methyl-2-pentanone,110,0.73375817
4-methyl-2-pentanone,105,0.55445230
4-methyl-2-pentanone,100,0.41541676
4-methyl-2-pentanone,95,0.30854169
4-methyl-2-pentanone,90,0.22711084
4-methyl-2-pentanone,85,0.16562418
4-methyl-2-pentanone,80,0.11962535
4-methyl-2-pentanone,75,0.08554067
4-methyl-2-pentanone,70,0.06053315
4-methyl-2-pentanone,65,0.04237319
4-methyl-2-pentanone,60,0.02932632
4-methyl-2-pentanone,55,0.02005711
4-methyl-2-pentanone,50,0.01354826
4-methyl-2-pentanone,45,0.00903330
4-methyl-2-pentanone,40,0.00594134
4-methyl-2-pentanone,35,0.00385216
4-methyl-2-pentanone,30,0.00246035
4-methyl-2-pentanone,25,0.00154679
isocyanatomethane,160,18.49853988
isocyanatomethane,155,15.50643040
isocyanatomethane,150,12.79056406
isocyanatomethane,145,10.37932825
isocyanatomethane,140,8.28676710
isocyanatomethane,135,6.51173112
isocyanatomethane,130,5.03910254
isocyanatomethane,125,3.84281664
isocyanatomethane,120,2.88990461
isocyanatomethane,115,2.14447104
isocyanatomethane,110,1.57097882
isocyanatomethane,105,1.13652050
isocyanatomethane,100,0.81210891
isocyanatomethane,95,0.57317473
isocyanatomethane,90,0.39952125
isocyanatomethane,85,0.27495588
isocyanatomethane,80,0.18676683
isocyanatomethane,75,0.12515636
isocyanatomethane,70,0.08269710
isocyanatomethane,65,0.05384540
isocyanatomethane,60,0.03452526
isocyanatomethane,55,0.02178403
isocyanatomethane,50,0.01351485
isocyanatomethane,45,0.00823739
isocyanatomethane,40,0.00492815
isocyanatomethane,35,0.00289120
isocyanatomethane,30,0.00166161
isocyanatomethane,25,0.00093448
3-methyl-3-buten-2-one,160,11.32084771
3-methyl-3-buten-2-one,155,9.42634542
3-methyl-3-buten-2-one,150,7.76851777
3-methyl-3-buten-2-one,145,6.33740817
3-methyl-3-buten-2-one,140,5.11839717
3-methyl-3-buten-2-one,135,4.09344877
3-methyl-3-buten-2-one,130,3.24238220
3-methyl-3-buten-2-one,125,2.54412503
3-methyl-3-buten-2-one,120,1.97778213
3-methyl-3-buten-2-one,115,1.52345759
3-methyl-3-buten-2-one,110,1.16283270
3-methyl-3-buten-2-one,105,0.87950152
3-methyl-3-buten-2-one,100,0.65911289
3-methyl-3-buten-2-one,95,0.48936435
3-methyl-3-buten-2-one,90,0.35989389
3-methyl-3-buten-2-one,85,0.26210955
3-methyl-3-buten-2-one,80,0.18898677
3-methyl-3-buten-2-one,75,0.13485680
3-methyl-3-buten-2-one,70,0.09520061
3-methyl-3-buten-2-one,65,0.06645769
3-methyl-3-buten-2-one,60,0.04585472
3-methyl-3-buten-2-one,55,0.03125593
3-methyl-3-buten-2-one,50,0.02103529
3-methyl-3-buten-2-one,45,0.01396922
3-methyl-3-buten-2-one,40,0.00914797
3-methyl-3-buten-2-one,35,0.00590347
3-methyl-3-buten-2-one,30,0.00375148
3-methyl-3-buten-2-one,25,0.00234569
methylisothiocyanate,160,9.63486082
methylisothiocyanate,155,7.69784116
methylisothiocyanate,150,6.07525815
methylisothiocyanate,145,4.73926668
methylisothiocyanate,140,3.65642215
methylisothiocyanate,135,2.79126242
methylisothiocyanate,130,2.10905491
methylisothiocyanate,125,1.57762322
methylisothiocyanate,120,1.16835922
methylisothiocyanate,115,0.85661550
methylisothiocyanate,110,0.62167836
methylisothiocyanate,105,0.44648880
methylisothiocyanate,100,0.31723520
methylisothiocyanate,95,0.22289972
methylisothiocyanate,90,0.15481057
methylisothiocyanate,85,0.10622750
methylisothiocyanate,80,0.07197469
methylisothiocyanate,75,0.04812496
methylisothiocyanate,70,0.03173444
methylisothiocyanate,65,0.02062360
methylisothiocyanate,60,0.01319943
methylisothiocyanate,55,0.00831320
methylisothiocyanate,50,0.00514810
methylisothiocyanate,45,0.00313196
methylisothiocyanate,40,0.00187014
methylisothiocyanate,35,0.00109496
methylisothiocyanate,30,0.00062796
methylisothiocyanate,25,0.00035238
methanethiol,160,29.93540798
methanethiol,155,26.73358492
methanethiol,150,23.61400035
methanethiol,145,20.60879027
methanethiol,140,17.75114829
methanethiol,135,15.07503186
methanethiol,130,12.61126829
methanethiol,125,10.38539795
methanethiol,120,8.41521402
methanethiol,115,6.70832725
methanethiol,110,5.26173890
methanethiol,105,4.06230703
methanethiol,100,3.08872769
methanethiol,95,2.31430749
methanethiol,90,1.70988992
methanethiol,85,1.24641400
methanethiol,80,0.89679615
methanethiol,75,0.63707849
methanethiol,70,0.44691748
methanethiol,65,0.30960194
methanethiol,60,0.21177431
methanethiol,55,0.14300094
methanethiol,50,0.09529301
methanethiol,45,0.06264177
methanethiol,40,0.04060139
methanethiol,35,0.02593328
methanethiol,30,0.01631381
methanethiol,25,0.01010076
methylmethacrylate,160,8.20595905
methylmethacrylate,155,6.72202348
methylmethacrylate,150,5.45430169
methylmethacrylate,145,4.38454488
methylmethacrylate,140,3.49248052
methylmethacrylate,135,2.75700660
methylmethacrylate,130,2.15720370
methylmethacrylate,125,1.67313161
methylmethacrylate,120,1.28637707
methylmethacrylate,115,0.98038205
methylmethacrylate,110,0.74058777
methylmethacrylate,105,0.55443802
methylmethacrylate,100,0.41128500
methylmethacrylate,95,0.30223324
methylmethacrylate,90,0.21995125
methylmethacrylate,85,0.15847153
methylmethacrylate,80,0.11299362
methylmethacrylate,75,0.07969920
methylmethacrylate,70,0.05558451
methylmethacrylate,65,0.03831237
methylmethacrylate,60,0.02608428
methylmethacrylate,55,0.01753176
methylmethacrylate,50,0.01162558
methylmethacrylate,45,0.00760088
methylmethacrylate,40,0.00489636
methylmethacrylate,35,0.00310544
methylmethacrylate,30,0.00193764
methylmethacrylate,25,0.00118840
2-heptanone,160,5.78923305
2-heptanone,155,4.70989080
2-heptanone,150,3.80312794
2-heptanone,145,3.04825206
2-heptanone,140,2.42530418
2-heptanone,135,1.91556473
2-heptanone,130,1.50188280
2-heptanone,125,1.16885361
2-heptanone,120,0.90287709
2-heptanone,115,0.69212517
2-heptanone,110,0.52644779
2-heptanone,105,0.39723958
2-heptanone,100,0.29728534
2-heptanone,95,0.22059790
2-heptanone,90,0.16225782
2-heptanone,85,0.11826125
2-heptanone,80,0.08537978
2-heptanone,75,0.06103422
2-heptanone,70,0.04318318
2-heptanone,65,0.03022613
2-heptanone,60,0.02092027
2-heptanone,55,0.01431017
2-heptanone,50,0.00966889
2-heptanone,45,0.00644924
2-heptanone,40,0.00424394
2-heptanone,35,0.00275341
2-heptanone,30,0.00175997
2-heptanone,25,0.00110751
2-pentanone,160,11.41685695
2-pentanone,155,9.54452983
2-pentanone,150,7.90033600
2-pentanone,145,6.47518902
2-pentanone,140,5.25567961
2-pentanone,135,4.22517756
2-pentanone,130,3.36492153
2-pentanone,125,2.65515395
2-pentanone,120,2.07611050
2-pentanone,115,1.60879679
2-pentanone,110,1.23556622
2-pentanone,105,0.94047276
2-pentanone,100,0.70944531
2-pentanone,95,0.53031868
2-pentanone,90,0.39276168
2-pentanone,85,0.28813843
2-pentanone,80,0.20933261
2-pentanone,75,0.15055628
2-pentanone,70,0.10715928
2-pentanone,65,0.07544889
2-pentanone,60,0.05252582
2-pentanone,55,0.03613898
2-pentanone,50,0.02456010
2-pentanone,45,0.01647727
2-pentanone,40,0.01090616
2-pentanone,35,0.00711709
2-pentanone,30,0.00457580
2-pentanone,25,0.00289626
methylnitrate,160,24.95855352
methylnitrate,155,22.53538202
methylnitrate,150,20.19599836
methylnitrate,145,17.95141200
methylnitrate,140,15.81148916
methylnitrate,135,13.78752903
methylnitrate,130,11.89023048
methylnitrate,125,10.13029394
methylnitrate,120,8.51724904
methylnitrate,115,7.05919565
methylnitrate,110,5.76188065
methylnitrate,105,4.62755890
methylnitrate,100,3.65453111
methylnitrate,95,2.83679602
methylnitrate,90,2.16406574
methylnitrate,85,1.62254174
methylnitrate,80,1.19594872
methylnitrate,75,0.86690532
methylnitrate,70,0.61820486
methylnitrate,65,0.43383824
methylnitrate,60,0.29967070
methylnitrate,55,0.20375453
methylnitrate,50,0.13635705
methylnitrate,45,0.08979495
methylnitrate,40,0.05816569
methylnitrate,35,0.03704293
methylnitrate,30,0.02317941
methylnitrate,25,0.01424133
methyloleate,160,0.60215036
methyloleate,155,0.47257284
methyloleate,150,0.36872178
methyloleate,145,0.28593558
methyloleate,140,0.22031683
methyloleate,135,0.16861838
methyloleate,130,0.12814577
methyloleate,125,0.09667317
methyloleate,120,0.07237119
methyloleate,115,0.05374456
methyloleate,110,0.03957835
methyloleate,105,0.02889180
methyloleate,100,0.02089866
methyloleate,95,0.01497323
methyloleate,90,0.01062145
methyloleate,85,0.00745650
methyloleate,80,0.00517811
methyloleate,75,0.00355537
methyloleate,70,0.00241246
methyloleate,65,0.00161685
methyloleate,60,0.00106974
methyloleate,55,0.00069829
methyloleate,50,0.00044944
methyloleate,45,0.00028505
methyloleate,40,0.00017803
methyloleate,35,0.00010942
methyloleate,30,0.00006613
methyloleate,25,0.00003927
methylthiobenzene,160,3.69043198
methylthiobenzene,155,2.91605356
methylthiobenzene,150,2.28708112
methylthiobenzene,145,1.78042198
methylthiobenzene,140,1.37556246
methylthiobenzene,135,1.05460535
methylthiobenzene,130,0.80216961
methylthiobenzene,125,0.60520628
methylthiobenzene,120,0.45277034
methylthiobenzene,115,0.33577593
methylthiobenzene,110,0.24675312
methylthiobenzene,105,0.17961681
methylthiobenzene,100,0.12945487
methylthiobenzene,95,0.09233772
methylthiobenzene,90,0.06515053
methylthiobenzene,85,0.04544751
methylthiobenzene,80,0.03132685
methylthiobenzene,75,0.02132481
methylthiobenzene,70,0.01432675
methylthiobenzene,65,0.00949338
methylthiobenzene,60,0.00620020
methylthiobenzene,55,0.00398827
methylthiobenzene,50,0.00252478
methylthiobenzene,45,0.00157168
methylthiobenzene,40,0.00096125
methylthiobenzene,35,0.00057708
methylthiobenzene,30,0.00033973
methylthiobenzene,25,0.00019593
methylphenylsulfone,160,1.17574998
methylphenylsulfone,155,0.91463381
methylphenylsulfone,150,0.70759912
methylphenylsulfone,145,0.54424023
methylphenylsulfone,140,0.41601778
methylphenylsulfone,135,0.31593977
methylphenylsulfone,130,0.23829742
methylphenylsulfone,125,0.17844572
methylphenylsulfone,120,0.13262054
methylphenylsulfone,115,0.09778581
methylphenylsulfone,110,0.07150546
methylphenylsulfone,105,0.05183629
methylphenylsulfone,100,0.03723806
methylphenylsulfone,95,0.02649837
methylphenylsulfone,90,0.01866997
methylphenylsulfone,85,0.01301865
methylphenylsulfone,80,0.00898012
methylphenylsulfone,75,0.00612463
methylphenylsulfone,70,0.00412796
methylphenylsulfone,65,0.00274799
methylphenylsulfone,60,0.00180581
methylphenylsulfone,55,0.00117071
methylphenylsulfone,50,0.00074830
methylphenylsulfone,45,0.00047126
methylphenylsulfone,40,0.00029221
methylphenylsulfone,35,0.00017827
methylphenylsulfone,30,0.00010692
methylphenylsulfone,25,0.00006299
methylpropionate,160,11.37187513
methylpropionate,155,9.47949614
methylpropionate,150,7.81807288
methylpropionate,145,6.37969412
methylpropionate,140,5.15157451
methylpropionate,135,4.11716200
methylpropionate,130,3.25731427
methylpropionate,125,2.55158170
methylpropionate,120,1.97934552
methylpropionate,115,1.52072601
methylpropionate,110,1.15725574
methylpropionate,105,0.87229175
methylpropionate,100,0.65121620
methylpropionate,95,0.48146912
methylpropionate,90,0.35246243
methylpropionate,85,0.25541933
methylpropionate,80,0.18317322
methylpropionate,75,0.12995265
methylpropionate,70,0.09116940
methylpropionate,65,0.06322069
methylpropionate,60,0.04331127
methylpropionate,55,0.02929818
methylpropionate,50,0.01955805
methylpropionate,45,0.01287610
methylpropionate,40,0.00835460
methylpropionate,35,0.00533874
methylpropionate,30,0.00335732
methylpropionate,25,0.00207603
2-hydroxy-benzoicacidmethylester,160,4.31192874
2-hydroxy-benzoicacidmethylester,155,3.47303551
2-hydroxy-benzoicacidmethylester,150,2.77571642
2-hydroxy-benzoicacidmethylester,145,2.20133802
2-hydroxy-benzoicacidmethylester,140,1.73239021
2-hydroxy-benzoicacidmethylester,135,1.35280729
2-hydroxy-benzoicacidmethylester,130,1.04814894
2-hydroxy-benzoicacidmethylester,125,0.80566406
2-hydroxy-benzoicacidmethylester,120,0.61426795
2-hydroxy-benzoicacidmethylester,115,0.46445755
2-hydroxy-benzoicacidmethylester,110,0.34818752
2-hydroxy-benzoicacidmethylester,105,0.25872483
2-hydroxy-benzoicacidmethylester,100,0.19049535
2-hydroxy-benzoicacidmethylester,95,0.13893162
2-hydroxy-benzoicacidmethylester,90,0.10032833
2-hydroxy-benzoicacidmethylester,85,0.07170899
2-hydroxy-benzoicacidmethylester,80,0.05070608
2-hydroxy-benzoicacidmethylester,75,0.03545511
2-hydroxy-benzoicacidmethylester,70,0.02450266
2-hydroxy-benzoicacidmethylester,65,0.01672760
2-hydroxy-benzoicacidmethylester,60,0.01127451
2-hydroxy-benzoicacidmethylester,55,0.00749808
2-hydroxy-benzoicacidmethylester,50,0.00491724
2-hydroxy-benzoicacidmethylester,45,0.00317782
2-hydroxy-benzoicacidmethylester,40,0.00202244
2-hydroxy-benzoicacidmethylester,35,0.00126663
2-hydroxy-benzoicacidmethylester,30,0.00078006
2-hydroxy-benzoicacidmethylester,25,0.00047202
methylsilane,160,8.73482787
methylsilane,155,6.64608255
methylsilane,150,5.01532896
methylsilane,145,3.75682616
methylsilane,140,2.79427537
methylsilane,135,2.06365137
methylsilane,130,1.51292079
methylsilane,125,1.10063713
methylsilane,120,0.79417823
methylsilane,115,0.56808422
methylsilane,110,0.40261241
methylsilane,105,0.28254651
methylsilane,100,0.19622824
methylsilane,95,0.13478297
methylsilane,90,0.09150321
methylsilane,85,0.06135978
methylsilane,80,0.04061504
methylsilane,75,0.02651829
methylsilane,70,0.01706664
methylsilane,65,0.01081859
methylsilane,60,0.00674955
methylsilane,55,0.00414101
methylsilane,50,0.00249629
methylsilane,45,0.00147723
methylsilane,40,0.00085734
methylsilane,35,0.00048750
methylsilane,30,0.00027130
methylsilane,25,0.00014760
"3-methyl-tetrahydrothiophene-1,1-dioxide",160,1.77696500
"3-methyl-tetrahydrothiophene-1,1-dioxide",155,1.40541309
"3-methyl-tetrahydrothiophene-1,1-dioxide",150,1.10588005
"3-methyl-tetrahydrothiophene-1,1-dioxide",145,0.86553967
"3-methyl-tetrahydrothiophene-1,1-dioxide",140,0.67364933
"3-methyl-tetrahydrothiophene-1,1-dioxide",135,0.52124117
"3-methyl-tetrahydrothiophene-1,1-dioxide",130,0.40085582
"3-methyl-tetrahydrothiophene-1,1-dioxide",125,0.30631300
"3-methyl-tetrahydrothiophene-1,1-dioxide",120,0.23251426
"3-methyl-tetrahydrothiophene-1,1-dioxide",115,0.17527314
"3-methyl-tetrahydrothiophene-1,1-dioxide",110,0.13116940
"3-methyl-tetrahydrothiophene-1,1-dioxide",105,0.09742390
"3-methyl-tetrahydrothiophene-1,1-dioxide",100,0.07179146
"3-methyl-tetrahydrothiophene-1,1-dioxide",95,0.05246944
"3-methyl-tetrahydrothiophene-1,1-dioxide",90,0.03801994
"3-methyl-tetrahydrothiophene-1,1-dioxide",85,0.02730395
"3-methyl-tetrahydrothiophene-1,1-dioxide",80,0.01942576
"3-methyl-tetrahydrothiophene-1,1-dioxide",75,0.01368642
"3-methyl-tetrahydrothiophene-1,1-dioxide",70,0.00954492
"3-methyl-tetrahydrothiophene-1,1-dioxide",65,0.00658609
"3-methyl-tetrahydrothiophene-1,1-dioxide",60,0.00449414
"3-methyl-tetrahydrothiophene-1,1-dioxide",55,0.00303117
"3-methyl-tetrahydrothiophene-1,1-dioxide",50,0.00201969
"3-methyl-tetrahydrothiophene-1,1-dioxide",45,0.00132870
"3-methyl-tetrahydrothiophene-1,1-dioxide",40,0.00086254
"3-methyl-tetrahydrothiophene-1,1-dioxide",35,0.00055216
"3-methyl-tetrahydrothiophene-1,1-dioxide",30,0.00034834
"3-methyl-tetrahydrothiophene-1,1-dioxide",25,0.00021641
methylthiocyanate,160,5.56157699
methylthiocyanate,155,4.31228496
methylthiocyanate,150,3.31770771
methylthiocyanate,145,2.53333852
methylthiocyanate,140,1.92002517
methylthiocyanate,135,1.44431031
methylthiocyanate,130,1.07818495
methylthiocyanate,125,0.79857063
methylthiocyanate,120,0.58668423
methylthiocyanate,115,0.42739647
methylthiocyanate,110,0.30863250
methylthiocyanate,105,0.22083717
methylthiocyanate,100,0.15651164
methylthiocyanate,95,0.10981927
methylthiocyanate,90,0.07625552
methylthiocyanate,85,0.05237432
methylthiocyanate,80,0.03556340
methylthiocyanate,75,0.02386157
methylthiocyanate,70,0.01581131
methylthiocyanate,65,0.01034093
methylthiocyanate,60,0.00667134
methylthiocyanate,55,0.00424281
methylthiocyanate,50,0.00265822
methylthiocyanate,45,0.00163954
methylthiocyanate,40,0.00099477
methylthiocyanate,35,0.00059328
methylthiocyanate,30,0.00034752
methylthiocyanate,25,0.00019975
methylvinylether,160,19.32101997
methylvinylether,155,16.42242841
methylvinylether,150,13.76474957
methylvinylether,145,11.37262260
methylvinylether,140,9.26095792
methylvinylether,135,7.43337256
methylvinylether,130,5.88255962
methylvinylether,125,4.59165889
methylvinylether,120,3.53669688
methylvinylether,115,2.68939814
methylvinylether,110,2.01986630
methylvinylether,105,1.49880176
methylvinylether,100,1.09904535
methylvinylether,95,0.79649078
methylvinylether,90,0.57046849
methylvinylether,85,0.40374909
methylvinylether,80,0.28230516
methylvinylether,75,0.19494480
methylvinylether,70,0.13289616
methylvinylether,65,0.08939465
methylvinylether,60,0.05930218
methylvinylether,55,0.03877260
methylvinylether,50,0.02496808
methylvinylether,45,0.01582481
methylvinylether,40,0.00986391
methylvinylether,35,0.00604168
methylvinylether,30,0.00363314
methylvinylether,25,0.00214297
1-buten-3-one,160,13.49456017
1-buten-3-one,155,11.25805518
1-buten-3-one,150,9.28577083
1-buten-3-one,145,7.57312443
1-buten-3-one,140,6.10834470
1-buten-3-one,135,4.87392273
1-buten-3-one,130,3.84826549
1-buten-3-one,125,3.00749340
1-buten-3-one,120,2.32705472
1-buten-3-one,115,1.78302315
1-buten-3-one,110,1.35305307
1-buten-3-one,105,1.01697065
1-buten-3-one,100,0.75706697
1-buten-3-one,95,0.55815875
1-buten-3-one,90,0.40748719
1-buten-3-one,85,0.29451686
1-buten-3-one,80,0.21068198
1-buten-3-one,75,0.14911538
1-buten-3-one,70,0.10438298
1-buten-3-one,65,0.07223744
1-buten-3-one,60,0.04939849
1-buten-3-one,55,0.03336244
1-buten-3-one,50,0.02224078
1-buten-3-one,45,0.01462604
1-buten-3-one,40,0.00948213
1-buten-3-one,35,0.00605600
1-buten-3-one,30,0.00380755
1-buten-3-one,25,0.00235473
4-methyl-benzoicacidmethylester,160,3.52971636
4-methyl-benzoicacidmethylester,155,2.82489461
4-methyl-benzoicacidmethylester,150,2.24508682
4-methyl-benzoicacidmethylester,145,1.77181308
4-methyl-benzoicacidmethylester,140,1.38843146
4-methyl-benzoicacidmethylester,135,1.08019885
4-methyl-benzoicacidmethylester,130,0.83423884
4-methyl-benzoicacidmethylester,125,0.63944592
4-methyl-benzoicacidmethylester,120,0.48634972
4-methyl-benzoicacidmethylester,115,0.36695753
4-methyl-benzoicacidmethylester,110,0.27458885
4-methyl-benzoicacidmethylester,105,0.20371124
4-methyl-benzoicacidmethylester,100,0.14978383
4-methyl-benzoicacidmethylester,95,0.10911225
4-methyl-benzoicacidmethylester,90,0.07871724
4-methyl-benzoicacidmethylester,85,0.05621746
4-methyl-benzoicacidmethylester,80,0.03972675
4-methyl-benzoicacidmethylester,75,0.02776506
4-methyl-benzoicacidmethylester,70,0.01918222
4-methyl-benzoicacidmethylester,65,0.01309337
4-methyl-benzoicacidmethylester,60,0.00882493
4-methyl-benzoicacidmethylester,55,0.00586974
4-methyl-benzoicacidmethylester,50,0.00385034
4-methyl-benzoicacidmethylester,45,0.00248921
4-methyl-benzoicacidmethylester,40,0.00158489
4-methyl-benzoicacidmethylester,35,0.00099308
4-methyl-benzoicacidmethylester,30,0.00061189
4-methyl-benzoicacidmethylester,25,0.00037043
methyl-t-butylether,160,7.23088812
methyl-t-butylether,155,5.88518825
methyl-t-butylether,150,4.75385766
methyl-t-butylether,145,3.81191138
methyl-t-butylether,140,3.03475322
methyl-t-butylether,135,2.39905126
methyl-t-butylether,130,1.88330891
methyl-t-butylether,125,1.46818042
methyl-t-butylether,120,1.13659038
methyl-t-butylether,115,0.87371222
methyl-t-butylether,110,0.66685238
methyl-t-butylether,105,0.50527756
methyl-t-butylether,100,0.38001240
methyl-t-butylether,95,0.28362778
methyl-t-butylether,90,0.21003270
methyl-t-butylether,85,0.15427829
methyl-t-butylether,80,0.11237873
methyl-t-butylether,75,0.08115135
methyl-t-butylether,70,0.05807641
methyl-t-butylether,65,0.04117611
methyl-t-butylether,60,0.02891147
methyl-t-butylether,55,0.02009557
methyl-t-butylether,50,0.01382129
methyl-t-butylether,45,0.00940188
methyl-t-butylether,40,0.00632243
methyl-t-butylether,35,0.00420074
methyl-t-butylether,30,0.00275609
methyl-t-butylether,25,0.00178451
dimethoxymethane,160,15.06624755
dimethoxymethane,155,12.79533295
dimethoxymethane,150,10.74768890
dimethoxymethane,145,8.92749911
dimethoxymethane,140,7.33288882
dimethoxymethane,135,5.95630311
dimethoxymethane,130,4.78515869
dimethoxymethane,125,3.80294608
dimethoxymethane,120,2.99054185
dimethoxymethane,115,2.32748325
dimethoxymethane,110,1.79316740
dimethoxymethane,105,1.36780689
dimethoxymethane,100,1.03310553
dimethoxymethane,95,0.77267756
dimethoxymethane,90,0.57223307
dimethoxymethane,85,0.41959028
dimethoxymethane,80,0.30456703
dimethoxymethane,75,0.21879849
dimethoxymethane,70,0.15551863
dimethoxymethane,65,0.10933143
dimethoxymethane,60,0.07599008
dimethoxymethane,55,0.05219400
dimethoxymethane,50,0.03540934
dimethoxymethane,45,0.02371427
dimethoxymethane,40,0.01566886
dimethoxymethane,35,0.01020754
dimethoxymethane,30,0.00655180
dimethoxymethane,25,0.00414033
ch2cl2,160,25.66127364
ch2cl2,155,23.58240056
ch2cl2,150,21.58260923
ch2cl2,145,19.66750454
ch2cl2,140,17.83705907
ch2cl2,135,16.09512830
ch2cl2,130,14.44479020
ch2cl2,125,12.88812193
ch2cl2,120,11.42778427
ch2cl2,115,10.06572557
ch2cl2,110,8.80330871
ch2cl2,105,7.64157509
ch2cl2,100,6.58097180
ch2cl2,95,5.62097947
ch2cl2,90,4.75996669
ch2cl2,85,3.99537585
ch2cl2,80,3.32343084
ch2cl2,75,2.73935726
ch2cl2,70,2.23730646
ch2cl2,65,1.81063542
ch2cl2,60,1.45213528
ch2cl2,55,1.15428839
ch2cl2,50,0.90954348
ch2cl2,45,0.71057200
ch2cl2,40,0.55047872
ch2cl2,35,0.42294403
ch2cl2,30,0.32231762
ch2cl2,25,0.24365651
diiodomethane,160,0.87241191
diiodomethane,155,0.67881679
diiodomethane,150,0.52637796
diiodomethane,145,0.40661048
diiodomethane,140,0.31277205
diiodomethane,135,0.23948991
diiodomethane,130,0.18247671
diiodomethane,125,0.13830800
diiodomethane,120,0.10424904
diiodomethane,115,0.07811816
diiodomethane,110,0.05817832
diiodomethane,105,0.04305030
diiodomethane,100,0.03164280
diiodomethane,95,0.02309593
diiodomethane,90,0.01673536
diiodomethane,85,0.01203508
diiodomethane,80,0.00858717
diiodomethane,75,0.00607724
diiodomethane,70,0.00426464
diiodomethane,65,0.00296645
diiodomethane,60,0.00204466
diiodomethane,55,0.00139599
diiodomethane,50,0.00094375
diiodomethane,45,0.00063150
diiodomethane,40,0.00041808
diiodomethane,35,0.00027372
diiodomethane,30,0.00017714
diiodomethane,25,0.00011327
morpholine,160,11.89948613
morpholine,155,10.00422228
morpholine,150,8.32994471
morpholine,145,6.86956512
morpholine,140,5.61171604
morpholine,135,4.54165898
morpholine,130,3.64225522
morpholine,125,2.89502862
morpholine,120,2.28111388
morpholine,115,1.78207851
morpholine,110,1.38054690
morpholine,105,1.06061734
morpholine,100,0.80810369
morpholine,95,0.61062064
morpholine,90,0.45755659
morpholine,85,0.33996817
morpholine,80,0.25042752
morpholine,75,0.18284656
morpholine,70,0.13229523
morpholine,65,0.09482616
morpholine,60,0.06731244
morpholine,55,0.04730269
morpholine,50,0.03289450
morpholine,45,0.02262639
morpholine,40,0.01538695
morpholine,35,0.01033974
morpholine,30,0.00686187
morpholine,25,0.00449460
tetramethylthiourea,160,4.01081360
tetramethylthiourea,155,3.22085172
tetramethylthiourea,150,2.56870346
tetramethylthiourea,145,2.03450784
tetramethylthiourea,140,1.60024758
tetramethylthiourea,135,1.24985940
tetramethylthiourea,130,0.96923524
tetramethylthiourea,125,0.74614631
tetramethylthiourea,120,0.57011683
tetramethylthiourea,115,0.43226827
tetramethylthiourea,110,0.32515014
tetramethylthiourea,105,0.24256858
tetramethylthiourea,100,0.17942043
tetramethylthiourea,95,0.13153790
tetramethylthiourea,90,0.09554653
tetramethylthiourea,85,0.06873779
tetramethylthiourea,80,0.04895679
tetramethylthiourea,75,0.03450448
tetramethylthiourea,70,0.02405357
tetramethylthiourea,65,0.01657712
tetramethylthiourea,60,0.01128847
tetramethylthiourea,55,0.00759130
tetramethylthiourea,50,0.00503843
tetramethylthiourea,45,0.00329840
tetramethylthiourea,40,0.00212839
tetramethylthiourea,35,0.00135281
tetramethylthiourea,30,0.00084633
tetramethylthiourea,25,0.00052074
"n,n-dibutylformamide",160,4.50144090
"n,n-dibutylformamide",155,3.69674641
"n,n-dibutylformamide",150,3.01730290
"n,n-dibutylformamide",145,2.44767307
"n,n-dibutylformamide",140,1.97341912
"n,n-dibutylformamide",135,1.58126240
"n,n-dibutylformamide",130,1.25917152
"n,n-dibutylformamide",125,0.99639080
"n,n-dibutylformamide",120,0.78342152
"n,n-dibutylformamide",115,0.61196803
"n,n-dibutylformamide",110,0.47485955
"n,n-dibutylformamide",105,0.36595672
"n,n-dibutylformamide",100,0.28005060
"n,n-dibutylformamide",95,0.21275935
"n,n-dibutylformamide",90,0.16042730
"n,n-dibutylformamide",85,0.12002901
"n,n-dibutylformamide",80,0.08908034
"n,n-dibutylformamide",75,0.06555757
"n,n-dibutylformamide",70,0.04782493
"n,n-dibutylformamide",65,0.03457077
"n,n-dibutylformamide",60,0.02475177
"n,n-dibutylformamide",55,0.01754490
"n,n-dibutylformamide",50,0.01230647
"n,n-dibutylformamide",45,0.00853746
"n,n-dibutylformamide",40,0.00585456
"n,n-dibutylformamide",35,0.00396615
"n,n-dibutylformamide",30,0.00265263
"n,n-dibutylformamide",25,0.00175030
2-chloro-n-(2-chloroethyl)ethanamine,160,4.05052440
2-chloro-n-(2-chloroethyl)ethanamine,155,3.23817200
2-chloro-n-(2-chloroethyl)ethanamine,150,2.56932394
2-chloro-n-(2-chloroethyl)ethanamine,145,2.02344294
2-chloro-n-(2-chloroethyl)ethanamine,140,1.58168021
2-chloro-n-(2-chloroethyl)ethanamine,135,1.22711225
2-chloro-n-(2-chloroethyl)ethanamine,130,0.94482345
2-chloro-n-(2-chloroethyl)ethanamine,125,0.72187576
2-chloro-n-(2-chloroethyl)ethanamine,120,0.54720178
2-chloro-n-(2-chloroethyl)ethanamine,115,0.41145105
2-chloro-n-(2-chloroethyl)ethanamine,110,0.30681233
2-chloro-n-(2-chloroethyl)ethanamine,105,0.22682812
2-chloro-n-(2-chloroethyl)ethanamine,100,0.16621274
2-chloro-n-(2-chloroethyl)ethanamine,95,0.12068078
2-chloro-n-(2-chloroethyl)ethanamine,90,0.08679039
2-chloro-n-(2-chloroethyl)ethanamine,85,0.06180292
2-chloro-n-(2-chloroethyl)ethanamine,80,0.04355978
2-chloro-n-(2-chloroethyl)ethanamine,75,0.03037590
2-chloro-n-(2-chloroethyl)ethanamine,70,0.02094879
2-chloro-n-(2-chloroethyl)ethanamine,65,0.01428194
2-chloro-n-(2-chloroethyl)ethanamine,60,0.00962097
2-chloro-n-(2-chloroethyl)ethanamine,55,0.00640105
2-chloro-n-(2-chloroethyl)ethanamine,50,0.00420411
2-chloro-n-(2-chloroethyl)ethanamine,45,0.00272440
2-chloro-n-(2-chloroethyl)ethanamine,40,0.00174106
2-chloro-n-(2-chloroethyl)ethanamine,35,0.00109666
2-chloro-n-(2-chloroethyl)ethanamine,30,0.00068046
2-chloro-n-(2-chloroethyl)ethanamine,25,0.00041568
diethylacetamide,160,10.10606371
diethylacetamide,155,8.58254893
diethylacetamide,150,7.23281368
diethylacetamide,145,6.04844951
diethylacetamide,140,5.01911155
diethylacetamide,135,4.13303675
diethylacetamide,130,3.37748123
diethylacetamide,125,2.73918951
diethylacetamide,120,2.20486209
diethylacetamide,115,1.76153172
diethylacetamide,110,1.39688377
diethylacetamide,105,1.09949047
diethylacetamide,100,0.85895487
diethylacetamide,95,0.66599112
diethylacetamide,90,0.51243753
diethylacetamide,85,0.39122444
diethylacetamide,80,0.29630861
diethylacetamide,75,0.22258650
diethylacetamide,70,0.16579638
diethylacetamide,65,0.12241664
diethylacetamide,60,0.08956637
diethylacetamide,55,0.06491136
diethylacetamide,50,0.04657810
diethylacetamide,45,0.03307684
diethylacetamide,40,0.02323405
diethylacetamide,35,0.01613402
diethylacetamide,30,0.01106918
diethylacetamide,25,0.00749828
"n,n-diethylformamide",160,11.40025731
"n,n-diethylformamide",155,9.68253230
"n,n-diethylformamide",150,8.15445276
"n,n-diethylformamide",145,6.80943838
"n,n-diethylformamide",140,5.63818531
"n,n-diethylformamide",135,4.62907872
"n,n-diethylformamide",130,3.76882401
"n,n-diethylformamide",125,3.04303898
"n,n-diethylformamide",120,2.43689242
"n,n-diethylformamide",115,1.93563869
"n,n-diethylformamide",110,1.52508574
"n,n-diethylformamide",105,1.19194789
"n,n-diethylformamide",100,0.92407649
"n,n-diethylformamide",95,0.71059745
"n,n-diethylformamide",90,0.54195468
"n,n-diethylformamide",85,0.40988767
"n,n-diethylformamide",80,0.30736075
"n,n-diethylformamide",75,0.22846150
"n,n-diethylformamide",70,0.16828228
"n,n-diethylformamide",65,0.12279622
"n,n-diethylformamide",60,0.08873487
"n,n-diethylformamide",55,0.06347296
"n,n-diethylformamide",50,0.04492335
"n,n-diethylformamide",45,0.03144337
"n,n-diethylformamide",40,0.02175330
"n,n-diethylformamide",35,0.01486643
"n,n-diethylformamide",30,0.01002996
"n,n-diethylformamide",25,0.00667587
"n,n-dimethylacetamide",160,15.52584301
"n,n-dimethylacetamide",155,13.47702421
"n,n-dimethylacetamide",150,11.60285772
"n,n-dimethylacetamide",145,9.90534565
"n,n-dimethylacetamide",140,8.38345519
"n,n-dimethylacetamide",135,7.03337030
"n,n-dimethylacetamide",130,5.84870118
"n,n-dimethylacetamide",125,4.82057579
"n,n-dimethylacetamide",120,3.93814391
"n,n-dimethylacetamide",115,3.18904035
"n,n-dimethylacetamide",110,2.55998549
"n,n-dimethylacetamide",105,2.03732054
"n,n-dimethylacetamide",100,1.60753043
"n,n-dimethylacetamide",95,1.25765481
"n,n-dimethylacetamide",90,0.97561244
"n,n-dimethylacetamide",85,0.75041553
"n,n-dimethylacetamide",80,0.57228182
"n,n-dimethylacetamide",75,0.43266937
"n,n-dimethylacetamide",70,0.32424475
"n,n-dimethylacetamide",65,0.24080789
"n,n-dimethylacetamide",60,0.17718936
"n,n-dimethylacetamide",55,0.12913385
"n,n-dimethylacetamide",50,0.09318003
"n,n-dimethylacetamide",45,0.06654412
"n,n-dimethylacetamide",40,0.04701142
"n,n-dimethylacetamide",35,0.03283871
"n,n-dimethylacetamide",30,0.02266832
"n,n-dimethylacetamide",25,0.01545409
"n,n-dimethylbutanamide",160,9.09979096
"n,n-dimethylbutanamide",155,7.65598258
"n,n-dimethylbutanamide",150,6.39106648
"n,n-dimethylbutanamide",145,5.29372610
"n,n-dimethylbutanamide",140,4.35099985
"n,n-dimethylbutanamide",135,3.54882915
"n,n-dimethylbutanamide",130,2.87264519
"n,n-dimethylbutanamide",125,2.30785885
"n,n-dimethylbutanamide",120,1.84030583
"n,n-dimethylbutanamide",115,1.45659520
"n,n-dimethylbutanamide",110,1.14434585
"n,n-dimethylbutanamide",105,0.89234584
"n,n-dimethylbutanamide",100,0.69061990
"n,n-dimethylbutanamide",95,0.53043379
"n,n-dimethylbutanamide",90,0.40424904
"n,n-dimethylbutanamide",85,0.30564345
"n,n-dimethylbutanamide",80,0.22921085
"n,n-dimethylbutanamide",75,0.17045034
"n,n-dimethylbutanamide",70,0.12565367
"n,n-dimethylbutanamide",65,0.09179569
"n,n-dimethylbutanamide",60,0.06643202
"n,n-dimethylbutanamide",55,0.04760603
"n,n-dimethylbutanamide",50,0.03376603
"n,n-dimethylbutanamide",45,0.02369289
"n,n-dimethylbutanamide",40,0.01643781
"n,n-dimethylbutanamide",35,0.01126957
"n,n-dimethylbutanamide",30,0.00763023
"n,n-dimethylbutanamide",25,0.00509852
1-(2-hydroxyethyl)-2-pyrrolidinone,160,5.06497663
1-(2-hydroxyethyl)-2-pyrrolidinone,155,4.14914050
1-(2-hydroxyethyl)-2-pyrrolidinone,150,3.37743045
1-(2-hydroxyethyl)-2-pyrrolidinone,145,2.73198999
1-(2-hydroxyethyl)-2-pyrrolidinone,140,2.19606221
1-(2-hydroxyethyl)-2-pyrrolidinone,135,1.75421099
1-(2-hydroxyethyl)-2-pyrrolidinone,130,1.39244857
1-(2-hydroxyethyl)-2-pyrrolidinone,125,1.09828327
1-(2-hydroxyethyl)-2-pyrrolidinone,120,0.86070467
1-(2-hydroxyethyl)-2-pyrrolidinone,115,0.67012246
1-(2-hydroxyethyl)-2-pyrrolidinone,110,0.51827353
1-(2-hydroxyethyl)-2-pyrrolidinone,105,0.39810925
1-(2-hydroxyethyl)-2-pyrrolidinone,100,0.30367344
1-(2-hydroxyethyl)-2-pyrrolidinone,95,0.22997722
1-(2-hydroxyethyl)-2-pyrrolidinone,90,0.17287731
1-(2-hydroxyethyl)-2-pyrrolidinone,85,0.12896074
1-(2-hydroxyethyl)-2-pyrrolidinone,80,0.09543864
1-(2-hydroxyethyl)-2-pyrrolidinone,75,0.07005006
1-(2-hydroxyethyl)-2-pyrrolidinone,70,0.05097651
1-(2-hydroxyethyl)-2-pyrrolidinone,65,0.03676699
1-(2-hydroxyethyl)-2-pyrrolidinone,60,0.02627305
1-(2-hydroxyethyl)-2-pyrrolidinone,55,0.01859320
1-(2-hydroxyethyl)-2-pyrrolidinone,50,0.01302578
1-(2-hydroxyethyl)-2-pyrrolidinone,45,0.00902947
1-(2-hydroxyethyl)-2-pyrrolidinone,40,0.00619041
1-(2-hydroxyethyl)-2-pyrrolidinone,35,0.00419519
1-(2-hydroxyethyl)-2-pyrrolidinone,30,0.00280880
1-(2-hydroxyethyl)-2-pyrrolidinone,25,0.00185684
1-acetylpiperidine,160,8.95615035
1-acetylpiperidine,155,7.58006218
1-acetylpiperidine,150,6.36784624
1-acetylpiperidine,145,5.30973650
1-acetylpiperidine,140,4.39456789
1-acetylpiperidine,135,3.61023016
1-acetylpiperidine,130,2.94405287
1-acetylpiperidine,125,2.38324216
1-acetylpiperidine,120,1.91522239
1-acetylpiperidine,115,1.52795140
1-acetylpiperidine,110,1.21015504
1-acetylpiperidine,105,0.95149089
1-acetylpiperidine,100,0.74263867
1-acetylpiperidine,95,0.57533737
1-acetylpiperidine,90,0.44237127
1-acetylpiperidine,85,0.33752160
1-acetylpiperidine,80,0.25549421
1-acetylpiperidine,75,0.19183296
1-acetylpiperidine,70,0.14282657
1-acetylpiperidine,65,0.10541504
1-acetylpiperidine,60,0.07709944
1-acetylpiperidine,55,0.05585795
1-acetylpiperidine,50,0.04006976
1-acetylpiperidine,45,0.02844733
1-acetylpiperidine,40,0.01997729
1-acetylpiperidine,35,0.01386948
1-acetylpiperidine,30,0.00951374
1-acetylpiperidine,25,0.00644360
4-acetylmorpholine,160,4.81451743
4-acetylmorpholine,155,3.93849669
4-acetylmorpholine,150,3.20200989
4-acetylmorpholine,145,2.58723891
4-acetylmorpholine,140,2.07763773
4-acetylmorpholine,135,1.65809789
4-acetylmorpholine,130,1.31502690
4-acetylmorpholine,125,1.03635714
4-acetylmorpholine,120,0.81150238
4-acetylmorpholine,115,0.63127691
4-acetylmorpholine,110,0.48778990
4-acetylmorpholine,105,0.37432660
4-acetylmorpholine,100,0.28522318
4-acetylmorpholine,95,0.21574242
4-acetylmorpholine,90,0.16195427
4-acetylmorpholine,85,0.12062409
4-acetylmorpholine,80,0.08911036
4-acetylmorpholine,75,0.06527268
4-acetylmorpholine,70,0.04739026
4-acetylmorpholine,65,0.03409061
4-acetylmorpholine,60,0.02428793
4-acetylmorpholine,55,0.01713031
4-acetylmorpholine,50,0.01195518
4-acetylmorpholine,45,0.00825174
4-acetylmorpholine,40,0.00562993
4-acetylmorpholine,35,0.00379475
4-acetylmorpholine,30,0.00252536
4-acetylmorpholine,25,0.00165823
n-butylacetate,160,6.23053404
n-butylacetate,155,5.07925115
n-butylacetate,150,4.10758823
n-butylacetate,145,3.29560709
n-butylacetate,140,2.62351139
n-butylacetate,135,2.07230034
n-butylacetate,130,1.62424386
n-butylacetate,125,1.26318569
n-butylacetate,120,0.97469958
n-butylacetate,115,0.74612845
n-butylacetate,110,0.56653834
n-butylacetate,105,0.42661289
n-butylacetate,100,0.31851278
n-butylacetate,95,0.23571712
n-butylacetate,90,0.17285997
n-butylacetate,85,0.12557104
n-butylacetate,80,0.09032636
n-butylacetate,75,0.06431220
n-butylacetate,70,0.04530392
n-butylacetate,65,0.03156002
n-butylacetate,60,0.02173095
n-butylacetate,55,0.01478176
n-butylacetate,50,0.00992729
n-butylacetate,45,0.00657850
n-butylacetate,40,0.00429865
n-butylacetate,35,0.00276788
n-butylacetate,30,0.00175490
n-butylacetate,25,0.00109473
3-oxobutanoicacidbutylester,160,3.19993572
3-oxobutanoicacidbutylester,155,2.56274817
3-oxobutanoicacidbutylester,150,2.03879682
3-oxobutanoicacidbutylester,145,1.61108264
3-oxobutanoicacidbutylester,140,1.26443104
3-oxobutanoicacidbutylester,135,0.98548290
3-oxobutanoicacidbutylester,130,0.76262125
3-oxobutanoicacidbutylester,125,0.58585549
3-oxobutanoicacidbutylester,120,0.44668058
3-oxobutanoicacidbutylester,115,0.33792437
3-oxobutanoicacidbutylester,110,0.25359277
3-oxobutanoicacidbutylester,105,0.18871945
3-oxobutanoicacidbutylester,100,0.13922433
3-oxobutanoicacidbutylester,95,0.10178349
3-oxobutanoicacidbutylester,90,0.07371182
3-oxobutanoicacidbutylester,85,0.05285880
3-oxobutanoicacidbutylester,80,0.03751707
3-oxobutanoicacidbutylester,75,0.02634339
3-oxobutanoicacidbutylester,70,0.01829081
3-oxobutanoicacidbutylester,65,0.01255128
3-oxobutanoicacidbutylester,60,0.00850744
3-oxobutanoicacidbutylester,55,0.00569264
3-oxobutanoicacidbutylester,50,0.00375808
3-oxobutanoicacidbutylester,45,0.00244611
3-oxobutanoicacidbutylester,40,0.00156871
3-oxobutanoicacidbutylester,35,0.00099050
3-oxobutanoicacidbutylester,30,0.00061529
3-oxobutanoicacidbutylester,25,0.00037572
2-propenoicacidbutylester,160,4.53221829
2-propenoicacidbutylester,155,3.65183933
2-propenoicacidbutylester,150,2.92131798
2-propenoicacidbutylester,145,2.32020167
2-propenoicacidbutylester,140,1.82956609
2-propenoicacidbutylester,135,1.43226656
2-propenoicacidbutylester,130,1.11304678
2-propenoicacidbutylester,125,0.85853963
2-propenoicacidbutylester,120,0.65719166
2-propenoicacidbutylester,115,0.49913793
2-propenoicacidbutylester,110,0.37604813
2-propenoicacidbutylester,105,0.28095983
2-propenoicacidbutylester,100,0.20811016
2-propenoicacidbutylester,95,0.15277353
2-propenoicacidbutylester,90,0.11111014
2-propenoicacidbutylester,85,0.08002815
2-propenoicacidbutylester,80,0.05706054
2-propenoicacidbutylester,75,0.04025698
2-propenoicacidbutylester,70,0.02809017
2-propenoicacidbutylester,65,0.01937574
2-propenoicacidbutylester,60,0.01320451
2-propenoicacidbutylester,55,0.00888593
2-propenoicacidbutylester,50,0.00590120
2-propenoicacidbutylester,45,0.00386510
2-propenoicacidbutylester,40,0.00249502
2-propenoicacidbutylester,35,0.00158624
2-propenoicacidbutylester,30,0.00099248
2-propenoicacidbutylester,25,0.00061064
1-butylamine,160,17.98190630
1-butylamine,155,15.66731960
1-butylamine,150,13.53459863
1-butylamine,145,11.59013458
1-butylamine,140,9.83675358
1-butylamine,135,8.27350539
1-butylamine,130,6.89581426
1-butylamine,125,5.69578213
1-butylamine,120,4.66262890
1-butylamine,115,3.78330265
1-butylamine,110,3.04326418
1-butylamine,105,2.42719292
1-butylamine,100,1.91968716
1-butylamine,95,1.50581861
1-butylamine,90,1.17157433
1-butylamine,85,0.90415326
1-butylamine,80,0.69212770
1-butylamine,75,0.52550344
1-butylamine,70,0.39569281
1-butylamine,65,0.29543143
1-butylamine,60,0.21865965
1-butylamine,55,0.16038606
1-butylamine,50,0.11654638
1-butylamine,45,0.08386670
1-butylamine,40,0.05973655
1-butylamine,35,0.04209485
1-butylamine,30,0.02932999
1-butylamine,25,0.02019404
butylbutyrate,160,3.07341967
butylbutyrate,155,2.45727037
butylbutyrate,150,1.95239436
butylbutyrate,145,1.54143264
butylbutyrate,140,1.20911731
butylbutyrate,135,0.94217242
butylbutyrate,130,0.72917075
butylbutyrate,125,0.56036693
butylbutyrate,120,0.42752024
butylbutyrate,115,0.32371893
butylbutyrate,110,0.24321095
butylbutyrate,105,0.18124600
butylbutyrate,100,0.13393101
butylbutyrate,95,0.09809996
butylbutyrate,90,0.07119826
butylbutyrate,85,0.05118124
butylbutyrate,80,0.03642596
butylbutyrate,75,0.02565531
butylbutyrate,70,0.01787335
butylbutyrate,65,0.01231068
butylbutyrate,60,0.00837871
butylbutyrate,55,0.00563186
butylbutyrate,50,0.00373638
butylbutyrate,45,0.00244515
butylbutyrate,40,0.00157736
butylbutyrate,35,0.00100236
butylbutyrate,30,0.00062699
butylbutyrate,25,0.00038575
butylcyclohexane,160,0.25816783
butylcyclohexane,155,0.19371691
butylcyclohexane,150,0.14430435
butylcyclohexane,145,0.10666957
butylcyclohexane,140,0.07820851
butylcyclohexane,135,0.05684884
butylcyclohexane,130,0.04094891
butylcyclohexane,125,0.02921532
butylcyclohexane,120,0.02063553
butylcyclohexane,115,0.01442246
butylcyclohexane,110,0.00996909
butylcyclohexane,105,0.00681129
butylcyclohexane,100,0.00459743
butylcyclohexane,95,0.00306376
butylcyclohexane,90,0.00201456
butylcyclohexane,85,0.00130619
butylcyclohexane,80,0.00083452
butylcyclohexane,75,0.00052499
butylcyclohexane,70,0.00032496
butylcyclohexane,65,0.00019775
butylcyclohexane,60,0.00011820
butylcyclohexane,55,0.00006934
butylcyclohexane,50,0.00003988
butylcyclohexane,45,0.00002247
butylcyclohexane,40,0.00001238
butylcyclohexane,35,0.00000667
butylcyclohexane,30,0.00000351
butylcyclohexane,25,0.00000180
butylcyclopentane,160,0.30351200
butylcyclopentane,155,0.22774376
butylcyclopentane,150,0.16966621
butylcyclopentane,145,0.12543577
butylcyclopentane,140,0.09198658
butylcyclopentane,135,0.06688118
butylcyclopentane,130,0.04818995
butylcyclopentane,125,0.03439341
butylcyclopentane,120,0.02430233
butylcyclopentane,115,0.01699244
butylcyclopentane,110,0.01175093
butylcyclopentane,105,0.00803270
butylcyclopentane,100,0.00542473
butylcyclopentane,95,0.00361714
butylcyclopentane,90,0.00237987
butylcyclopentane,85,0.00154405
butylcyclopentane,80,0.00098716
butylcyclopentane,75,0.00062147
butylcyclopentane,70,0.00038497
butylcyclopentane,65,0.00023446
butylcyclopentane,60,0.00014027
butylcyclopentane,55,0.00008236
butylcyclopentane,50,0.00004741
butylcyclopentane,45,0.00002674
butylcyclopentane,40,0.00001475
butylcyclopentane,35,0.00000796
butylcyclopentane,30,0.00000419
butylcyclopentane,25,0.00000215
2-methyl-2-propenoicacidbutylester,160,3.12779938
2-methyl-2-propenoicacidbutylester,155,2.49894628
2-methyl-2-propenoicacidbutylester,150,1.98402994
2-methyl-2-propenoicacidbutylester,145,1.56521502
2-methyl-2-propenoicacidbutylester,140,1.22681853
2-methyl-2-propenoicacidbutylester,135,0.95521109
2-methyl-2-propenoicacidbutylester,130,0.73867018
2-methyl-2-propenoicacidbutylester,125,0.56720707
2-methyl-2-propenoicacidbutylester,120,0.43238375
2-methyl-2-propenoicacidbutylester,115,0.32712976
2-methyl-2-propenoicacidbutylester,110,0.24556706
2-methyl-2-propenoicacidbutylester,105,0.18284635
2-methyl-2-propenoicacidbutylester,100,0.13499755
2-methyl-2-propenoicacidbutylester,95,0.09879539
2-methyl-2-propenoicacidbutylester,90,0.07164025
2-methyl-2-propenoicacidbutylester,85,0.05145358
2-methyl-2-propenoicacidbutylester,80,0.03658735
2-methyl-2-propenoicacidbutylester,75,0.02574610
2-methyl-2-propenoicacidbutylester,70,0.01792068
2-methyl-2-propenoicacidbutylester,65,0.01233236
2-methyl-2-propenoicacidbutylester,60,0.00838611
2-methyl-2-propenoicacidbutylester,55,0.00563196
2-methyl-2-propenoicacidbutylester,50,0.00373327
2-methyl-2-propenoicacidbutylester,45,0.00244110
2-methyl-2-propenoicacidbutylester,40,0.00157348
2-methyl-2-propenoicacidbutylester,35,0.00099913
2-methyl-2-propenoicacidbutylester,30,0.00062452
2-methyl-2-propenoicacidbutylester,25,0.00038397
n-butylpropionate,160,4.25524196
n-butylpropionate,155,3.42696875
n-butylpropionate,150,2.74094295
n-butylpropionate,145,2.17719581
n-butylpropionate,140,1.71746975
n-butylpropionate,135,1.34537837
n-butylpropionate,130,1.04644622
n-butylpropionate,125,0.80806154
n-butylpropionate,120,0.61937011
n-butylpropionate,115,0.47113314
n-butylpropionate,110,0.35556644
n-butylpropionate,105,0.26617364
n-butylpropionate,100,0.19758218
n-butylpropionate,95,0.14538796
n-butylpropionate,90,0.10601198
n-butylpropionate,85,0.07657086
n-butylpropionate,80,0.05476198
n-butylpropionate,75,0.03876276
n-butylpropionate,70,0.02714384
n-butylpropionate,65,0.01879480
n-butylpropionate,60,0.01286144
n-butylpropionate,55,0.00869339
n-butylpropionate,50,0.00580074
n-butylpropionate,45,0.00381862
n-butylpropionate,40,0.00247841
n-butylpropionate,35,0.00158483
n-butylpropionate,30,0.00099774
n-butylpropionate,25,0.00061792
butylbenzene,160,1.88020330
butylbenzene,155,1.46581403
butylbenzene,150,1.13563808
butylbenzene,145,0.87409586
butylbenzene,140,0.66818577
butylbenzene,135,0.50711460
butylbenzene,130,0.38196971
butylbenzene,125,0.28543074
butylbenzene,120,0.21151869
butylbenzene,115,0.15537888
butylbenzene,110,0.11309449
butylbenzene,105,0.08152659
butylbenzene,100,0.05817799
butylbenzene,95,0.04107741
butylbenzene,90,0.02868175
butylbenzene,85,0.01979377
butylbenzene,80,0.01349342
butylbenzene,75,0.00908080
butylbenzene,70,0.00602918
butylbenzene,65,0.00394671
butylbenzene,60,0.00254535
butylbenzene,55,0.00161612
butylbenzene,50,0.00100942
butylbenzene,45,0.00061971
butylbenzene,40,0.00037362
butylbenzene,35,0.00022101
butylbenzene,30,0.00012814
butylbenzene,25,0.00007274
butanamide,160,2.60690248
butanamide,155,2.05532473
butanamide,150,1.61228965
butanamide,145,1.25820539
butanamide,140,0.97664710
butanamide,135,0.75392387
butanamide,130,0.57868502
butanamide,125,0.44156928
butanamide,120,0.33489624
butanamide,115,0.25239792
butanamide,110,0.18898641
butanamide,105,0.14055489
butanamide,100,0.10380755
butanamide,95,0.07611529
butanamide,90,0.05539394
butanamide,85,0.04000200
butanamide,80,0.02865537
butanamide,75,0.02035655
butanamide,70,0.01433634
butanamide,65,0.01000602
butanamide,60,0.00691861
butanamide,55,0.00473746
butanamide,50,0.00321119
butanamide,45,0.00215374
butanamide,40,0.00142866
butanamide,35,0.00093683
butanamide,30,0.00060695
butanamide,25,0.00038831
n-formylethylamine,160,4.04554082
n-formylethylamine,155,3.20093869
n-formylethylamine,150,2.51833457
n-formylethylamine,145,1.97003141
n-formylethylamine,140,1.53224232
n-formylethylamine,135,1.18476596
n-formylethylamine,130,0.91060994
n-formylethylamine,125,0.69560103
n-formylethylamine,120,0.52800750
n-formylethylamine,115,0.39818758
n-formylethylamine,110,0.29827105
n-formylethylamine,105,0.22187631
n-formylethylamine,100,0.16386293
n-formylethylamine,95,0.12011765
n-formylethylamine,90,0.08737120
n-formylethylamine,85,0.06304296
n-formylethylamine,80,0.04511025
n-formylethylamine,75,0.03199921
n-formylethylamine,70,0.02249441
n-formylethylamine,65,0.01566453
n-formylethylamine,60,0.01080174
n-formylethylamine,55,0.00737255
n-formylethylamine,50,0.00497843
n-formylethylamine,45,0.00332434
n-formylethylamine,40,0.00219399
n-formylethylamine,35,0.00143033
n-formylethylamine,30,0.00092057
n-formylethylamine,25,0.00058454
n-ethyl-2-pyrrolidinone,160,11.07931904
n-ethyl-2-pyrrolidinone,155,9.47074763
n-ethyl-2-pyrrolidinone,150,8.03294781
n-ethyl-2-pyrrolidinone,145,6.76000470
n-ethyl-2-pyrrolidinone,140,5.64387686
n-ethyl-2-pyrrolidinone,135,4.67478868
n-ethyl-2-pyrrolidinone,130,3.84155162
n-ethyl-2-pyrrolidinone,125,3.13205141
n-ethyl-2-pyrrolidinone,120,2.53366577
n-ethyl-2-pyrrolidinone,115,2.03371847
n-ethyl-2-pyrrolidinone,110,1.61983688
n-ethyl-2-pyrrolidinone,105,1.28026636
n-ethyl-2-pyrrolidinone,100,1.00410070
n-ethyl-2-pyrrolidinone,95,0.78142323
n-ethyl-2-pyrrolidinone,90,0.60338766
n-ethyl-2-pyrrolidinone,85,0.46223135
n-ethyl-2-pyrrolidinone,80,0.35124412
n-ethyl-2-pyrrolidinone,75,0.26470425
n-ethyl-2-pyrrolidinone,70,0.19779343
n-ethyl-2-pyrrolidinone,65,0.14650090
n-ethyl-2-pyrrolidinone,60,0.10752414
n-ethyl-2-pyrrolidinone,55,0.07817185
n-ethyl-2-pyrrolidinone,50,0.05627253
n-ethyl-2-pyrrolidinone,45,0.04009114
n-ethyl-2-pyrrolidinone,40,0.02825479
n-ethyl-2-pyrrolidinone,35,0.01968766
n-ethyl-2-pyrrolidinone,30,0.01355505
n-ethyl-2-pyrrolidinone,25,0.00921597
1-piperidinecarboxaldehyde,160,9.99467214
1-piperidinecarboxaldehyde,155,8.45990775
1-piperidinecarboxaldehyde,150,7.10334641
1-piperidinecarboxaldehyde,145,5.91627482
1-piperidinecarboxaldehyde,140,4.88790251
1-piperidinecarboxaldehyde,135,4.00591033
1-piperidinecarboxaldehyde,130,3.25691507
1-piperidinecarboxaldehyde,125,2.62703684
1-piperidinecarboxaldehyde,120,2.10235503
1-piperidinecarboxaldehyde,115,1.66934541
1-piperidinecarboxaldehyde,110,1.31521613
1-piperidinecarboxaldehyde,105,1.02815190
1-piperidinecarboxaldehyde,100,0.79746123
1-piperidinecarboxaldehyde,95,0.61364993
1-piperidinecarboxaldehyde,90,0.46842455
1-piperidinecarboxaldehyde,85,0.35464786
1-piperidinecarboxaldehyde,80,0.26626021
1-piperidinecarboxaldehyde,75,0.19818035
1-piperidinecarboxaldehyde,70,0.14619620
1-piperidinecarboxaldehyde,65,0.10685395
1-piperidinecarboxaldehyde,60,0.07735062
1-piperidinecarboxaldehyde,55,0.05543416
1-piperidinecarboxaldehyde,50,0.03931294
1-piperidinecarboxaldehyde,45,0.02757550
1-piperidinecarboxaldehyde,40,0.01912090
1-piperidinecarboxaldehyde,35,0.01309900
1-piperidinecarboxaldehyde,30,0.00886015
1-piperidinecarboxaldehyde,25,0.00591324
aceticacidheptylester,160,2.61724647
aceticacidheptylester,155,2.09133850
aceticacidheptylester,150,1.66108879
aceticacidheptylester,145,1.31127395
aceticacidheptylester,140,1.02862654
aceticacidheptylester,135,0.80169019
aceticacidheptylester,130,0.62065564
aceticacidheptylester,125,0.47719014
aceticacidheptylester,120,0.36426790
aceticacidheptylester,115,0.27600841
aceticacidheptylester,110,0.20752495
aceticacidheptylester,105,0.15478573
aceticacidheptylester,100,0.11448840
aceticacidheptylester,95,0.08394805
aceticacidheptylester,90,0.06099834
aceticacidheptylester,85,0.04390501
aceticacidheptylester,80,0.03129101
aceticacidheptylester,75,0.02207218
aceticacidheptylester,70,0.01540250
aceticacidheptylester,65,0.01062788
aceticacidheptylester,60,0.00724750
aceticacidheptylester,55,0.00488181
aceticacidheptylester,50,0.00324620
aceticacidheptylester,45,0.00212965
aceticacidheptylester,40,0.00137753
aceticacidheptylester,35,0.00087792
aceticacidheptylester,30,0.00055088
aceticacidheptylester,25,0.00034008
n-methylacetamide,160,4.45866633
n-methylacetamide,155,3.55493910
n-methylacetamide,150,2.81756577
n-methylacetamide,145,2.21993718
n-methylacetamide,140,1.73870493
n-methylacetamide,135,1.35365826
n-methylacetamide,130,1.04750587
n-methylacetamide,125,0.80560629
n-methylacetamide,120,0.61567569
n-methylacetamide,115,0.46749606
n-methylacetamide,110,0.35263506
n-methylacetamide,105,0.26418654
n-methylacetamide,100,0.19653560
n-methylacetamide,95,0.14514983
n-methylacetamide,90,0.10639660
n-methylacetamide,85,0.07738517
n-methylacetamide,80,0.05583169
n-methylacetamide,75,0.03994497
n-methylacetamide,70,0.02833072
n-methylacetamide,65,0.01991192
n-methylacetamide,60,0.01386321
n-methylacetamide,55,0.00955727
n-methylacetamide,50,0.00652131
n-methylacetamide,45,0.00440216
n-methylacetamide,40,0.00293839
n-methylacetamide,35,0.00193837
n-methylacetamide,30,0.00126299
n-methylacetamide,25,0.00081233
methylformamide,160,1.50560601
methylformamide,155,1.16780134
methylformamide,150,0.90176375
methylformamide,145,0.69305579
methylformamide,140,0.53001249
methylformamide,135,0.40321915
methylformamide,130,0.30509187
methylformamide,125,0.22953738
methylformamide,120,0.17167576
methylformamide,115,0.12761348
methylformamide,110,0.09425710
methylformamide,105,0.06916040
methylformamide,100,0.05039880
methylformamide,95,0.03646629
methylformamide,90,0.02619130
methylformamide,85,0.01866795
methylformamide,80,0.01320033
methylformamide,75,0.00925739
methylformamide,70,0.00643677
methylformamide,65,0.00443582
methylformamide,60,0.00302866
methylformamide,55,0.00204799
methylformamide,50,0.00137097
methylformamide,45,0.00090815
methylformamide,40,0.00059500
methylformamide,35,0.00038538
methylformamide,30,0.00024662
methylformamide,25,0.00015585
1-methyl-pyrrolidine,160,7.17746355
1-methyl-pyrrolidine,155,5.86956621
1-methyl-pyrrolidine,150,4.76972529
1-methyl-pyrrolidine,145,3.85248506
1-methyl-pyrrolidine,140,3.09342441
1-methyl-pyrrolidine,135,2.46981050
1-methyl-pyrrolidine,130,1.96098081
1-methyl-pyrrolidine,125,1.54851579
1-methyl-pyrrolidine,120,1.21625917
1-methyl-pyrrolidine,115,0.95023344
1-methyl-pyrrolidine,110,0.73849094
1-methyl-pyrrolidine,105,0.57092626
1-methyl-pyrrolidine,100,0.43907361
1-methyl-pyrrolidine,95,0.33590261
1-methyl-pyrrolidine,90,0.25562216
1-methyl-pyrrolidine,85,0.19349831
1-methyl-pyrrolidine,80,0.14568937
1-methyl-pyrrolidine,75,0.10909945
1-methyl-pyrrolidine,70,0.08125052
1-methyl-pyrrolidine,65,0.06017218
1-methyl-pyrrolidine,60,0.04430772
1-methyl-pyrrolidine,55,0.03243510
1-methyl-pyrrolidine,50,0.02360097
1-methyl-pyrrolidine,45,0.01706623
1-methyl-pyrrolidine,40,0.01226136
1-methyl-pyrrolidine,35,0.00875019
1-methyl-pyrrolidine,30,0.00620071
1-methyl-pyrrolidine,25,0.00436175
n-methyl-2-pyrrolidinone,160,13.58669915
n-methyl-2-pyrrolidinone,155,11.74636321
n-methyl-2-pyrrolidinone,150,10.07593233
n-methyl-2-pyrrolidinone,145,8.57384841
n-methyl-2-pyrrolidinone,140,7.23616583
n-methyl-2-pyrrolidinone,135,6.05671361
n-methyl-2-pyrrolidinone,130,5.02733088
n-methyl-2-pyrrolidinone,125,4.13813925
n-methyl-2-pyrrolidinone,120,3.37790022
n-methyl-2-pyrrolidinone,115,2.73452490
n-methyl-2-pyrrolidinone,110,2.19549793
n-methyl-2-pyrrolidinone,105,1.74833642
n-methyl-2-pyrrolidinone,100,1.38094515
n-methyl-2-pyrrolidinone,95,1.08192270
n-methyl-2-pyrrolidinone,90,0.84077757
n-methyl-2-pyrrolidinone,85,0.64805321
n-methyl-2-pyrrolidinone,80,0.49538977
n-methyl-2-pyrrolidinone,75,0.37552003
n-methyl-2-pyrrolidinone,70,0.28222258
n-methyl-2-pyrrolidinone,65,0.21024495
n-methyl-2-pyrrolidinone,60,0.15520899
n-methyl-2-pyrrolidinone,55,0.11350832
n-methyl-2-pyrrolidinone,50,0.08220539
n-methyl-2-pyrrolidinone,45,0.05893279
n-methyl-2-pyrrolidinone,40,0.04180234
n-methyl-2-pyrrolidinone,35,0.02932338
n-methyl-2-pyrrolidinone,30,0.02033109
n-methyl-2-pyrrolidinone,25,0.01392462
n-methylaniline,160,9.04905046
n-methylaniline,155,7.55004051
n-methylaniline,150,6.24673763
n-methylaniline,145,5.12584125
n-methylaniline,140,4.17204423
n-methylaniline,135,3.36877882
n-methylaniline,130,2.69900503
n-methylaniline,125,2.14587795
n-methylaniline,120,1.69328709
n-methylaniline,115,1.32624001
n-methylaniline,110,1.03111742
n-methylaniline,105,0.79579782
n-methylaniline,100,0.60968521
n-methylaniline,95,0.46366302
n-methylaniline,90,0.34999796
n-methylaniline,85,0.26221332
n-methylaniline,80,0.19494815
n-methylaniline,75,0.14381275
n-methylaniline,70,0.10524936
n-methylaniline,65,0.07640243
n-methylaniline,60,0.05500160
n-methylaniline,55,0.03925838
n-methylaniline,50,0.02777672
n-methylaniline,45,0.01947685
n-methylaniline,40,0.01353125
n-methylaniline,35,0.00931165
n-methylaniline,30,0.00634553
n-methylaniline,25,0.00428096
n-butyl-2-pyrrolidinone,160,6.94636647
n-butyl-2-pyrrolidinone,155,5.81031724
n-butyl-2-pyrrolidinone,150,4.82653893
n-butyl-2-pyrrolidinone,145,3.98179570
n-butyl-2-pyrrolidinone,140,3.26247247
n-butyl-2-pyrrolidinone,135,2.65494543
n-butyl-2-pyrrolidinone,130,2.14594136
n-butyl-2-pyrrolidinone,125,1.72282025
n-butyl-2-pyrrolidinone,120,1.37379066
n-butyl-2-pyrrolidinone,115,1.08804623
n-butyl-2-pyrrolidinone,110,0.85584845
n-butyl-2-pyrrolidinone,105,0.66854882
n-butyl-2-pyrrolidinone,100,0.51856942
n-butyl-2-pyrrolidinone,95,0.39935147
n-butyl-2-pyrrolidinone,90,0.30528216
n-butyl-2-pyrrolidinone,85,0.23160844
n-butyl-2-pyrrolidinone,80,0.17434472
n-butyl-2-pyrrolidinone,75,0.13018025
n-butyl-2-pyrrolidinone,70,0.09638937
n-butyl-2-pyrrolidinone,65,0.07074763
n-butyl-2-pyrrolidinone,60,0.05145523
n-butyl-2-pyrrolidinone,55,0.03706828
n-butyl-2-pyrrolidinone,50,0.02643842
n-butyl-2-pyrrolidinone,45,0.01866023
n-butyl-2-pyrrolidinone,40,0.01302621
n-butyl-2-pyrrolidinone,35,0.00898859
n-butyl-2-pyrrolidinone,30,0.00612735
n-butyl-2-pyrrolidinone,25,0.00412358
amylpropionate,160,3.11532626
amylpropionate,155,2.49267497
amylpropionate,150,1.98204190
amylpropionate,145,1.56605196
amylpropionate,140,1.22939778
amylpropionate,135,0.95874942
amylpropionate,130,0.74261791
amylpropionate,125,0.57119337
amylpropionate,120,0.43617140
amylpropionate,115,0.33057965
amylpropionate,110,0.24861002
amylpropionate,105,0.18546149
amylpropionate,100,0.13719582
amylpropionate,95,0.10060741
amylpropionate,90,0.07310740
amylpropionate,85,0.05262177
amylpropionate,80,0.03750272
amylpropionate,75,0.02645228
amylpropionate,70,0.01845719
amylpropionate,65,0.01273379
amylpropionate,60,0.00868190
amylpropionate,55,0.00584655
amylpropionate,50,0.00388651
amylpropionate,45,0.00254877
amylpropionate,40,0.00164790
amylpropionate,35,0.00104969
amylpropionate,30,0.00065827
amylpropionate,25,0.00040609
n-propylacetate,160,8.66028600
n-propylacetate,155,7.14908677
n-propylacetate,150,5.84711169
n-propylacetate,145,4.73872490
n-propylacetate,140,3.80603902
n-propylacetate,135,3.02996472
n-propylacetate,130,2.39115719
n-propylacetate,125,1.87078653
n-propylacetate,120,1.45113598
n-propylacetate,115,1.11599377
n-propylacetate,110,0.85087464
n-propylacetate,105,0.64309887
n-propylacetate,100,0.48176420
n-propylacetate,95,0.35764382
n-propylacetate,90,0.26303935
n-propylacetate,85,0.19161048
n-propylacetate,80,0.13819820
n-propylacetate,75,0.09865252
n-propylacetate,70,0.06967187
n-propylacetate,65,0.04865799
n-propylacetate,60,0.03358810
n-propylacetate,55,0.02290457
n-propylacetate,50,0.01542119
n-propylacetate,45,0.01024493
n-propylacetate,40,0.00671142
n-propylacetate,35,0.00433245
n-propylacetate,30,0.00275390
n-propylacetate,25,0.00172233
propylnitrate,160,10.33764886
propylnitrate,155,8.59388810
propylnitrate,150,7.06228016
propylnitrate,145,5.73660853
propylnitrate,140,4.60611464
propylnitrate,135,3.65620211
propylnitrate,130,2.86951992
propylnitrate,125,2.22712293
propylnitrate,120,1.70962150
propylnitrate,115,1.29814113
propylnitrate,110,0.97505437
propylnitrate,105,0.72444881
propylnitrate,100,0.53236720
propylnitrate,95,0.38686340
propylnitrate,90,0.27792727
propylnitrate,85,0.19732588
propylnitrate,80,0.13840069
propylnitrate,75,0.09584897
propylnitrate,70,0.06550866
propylnitrate,65,0.04415848
propylnitrate,60,0.02933940
propylnitrate,55,0.01920015
propylnitrate,50,0.01236645
propylnitrate,45,0.00783285
propylnitrate,40,0.00487476
propylnitrate,35,0.00297812
propylnitrate,30,0.00178428
propylnitrate,25,0.00104726
propylpropionate,160,5.88390947
propylpropionate,155,4.78026280
propylpropionate,150,3.85319054
propylpropionate,145,3.08190481
propylpropionate,140,2.44613633
propylpropionate,135,1.92672922
propylpropionate,130,1.50604189
propylpropionate,125,1.16817709
propylpropionate,120,0.89907496
propylpropionate,115,0.68650020
propylpropionate,110,0.51995686
propylpropionate,105,0.39055596
propylpropionate,100,0.29085725
propylpropionate,95,0.21470055
propylpropionate,90,0.15703782
propylpropionate,85,0.11377324
propylpropionate,80,0.08161571
propylpropionate,75,0.05794612
propylpropionate,70,0.04070029
propylpropionate,65,0.02826734
propylpropionate,60,0.01940278
propylpropionate,55,0.01315521
propylpropionate,50,0.00880509
propylpropionate,45,0.00581439
propylpropionate,40,0.00378550
propylpropionate,35,0.00242823
propylpropionate,30,0.00153348
propylpropionate,25,0.00095269
tetradecane,160,0.14252129
tetradecane,155,0.10709180
tetradecane,150,0.07986498
tetradecane,145,0.05908889
tetradecane,140,0.04335378
tetradecane,135,0.03153099
tetradecane,130,0.02272217
tetradecane,125,0.01621697
tetradecane,120,0.01145764
tetradecane,115,0.00800970
tetradecane,110,0.00553749
tetradecane,105,0.00378404
tetradecane,100,0.00255448
tetradecane,95,0.00170256
tetradecane,90,0.00111965
tetradecane,85,0.00072606
tetradecane,80,0.00046394
tetradecane,75,0.00029191
tetradecane,70,0.00018072
tetradecane,65,0.00010999
tetradecane,60,0.00006576
tetradecane,55,0.00003859
tetradecane,50,0.00002220
tetradecane,45,0.00001251
tetradecane,40,0.00000690
tetradecane,35,0.00000372
tetradecane,30,0.00000195
tetradecane,25,0.00000100
naphthalene,160,3.79052517
naphthalene,155,3.00409972
naphthalene,150,2.36304600
naphthalene,145,1.84487072
naphthalene,140,1.42942814
naphthalene,135,1.09901509
naphthalene,130,0.83832016
naphthalene,125,0.63427957
naphthalene,120,0.47587961
naphthalene,115,0.35393447
naphthalene,110,0.26085912
naphthalene,105,0.19044929
naphthalene,100,0.13767697
naphthalene,95,0.09850455
naphthalene,90,0.06971962
naphthalene,85,0.04879037
naphthalene,80,0.03374089
naphthalene,75,0.02304467
naphthalene,70,0.01553494
naphthalene,65,0.01032979
naphthalene,60,0.00677046
naphthalene,55,0.00437092
naphthalene,50,0.00277729
naphthalene,45,0.00173544
naphthalene,40,0.00106552
naphthalene,35,0.00064221
naphthalene,30,0.00037961
naphthalene,25,0.00021983
nicotine,160,3.49981925
nicotine,155,2.83236886
nicotine,150,2.27847045
nicotine,145,1.82189769
nicotine,140,1.44803182
nicotine,135,1.14388321
nicotine,130,0.89805008
nicotine,125,0.70063371
nicotine,120,0.54312585
nicotine,115,0.41828074
nicotine,110,0.31998108
nicotine,105,0.24310473
nicotine,100,0.18339677
nicotine,95,0.13735004
nicotine,90,0.10209572
nicotine,85,0.07530507
nicotine,80,0.05510209
nicotine,75,0.03998726
nicotine,70,0.02877133
nicotine,65,0.02051872
nicotine,60,0.01449946
nicotine,55,0.01014879
nicotine,50,0.00703361
nicotine,45,0.00482472
nicotine,40,0.00327427
nicotine,35,0.00219739
nicotine,30,0.00145762
nicotine,25,0.00095520
nitricacid,160,100.00000000
nitricacid,155,100.00000000
nitricacid,150,100.00000000
nitricacid,145,100.00000000
nitricacid,140,100.00000000
nitricacid,135,100.00000000
nitricacid,130,100.00000000
nitricacid,125,100.00000000
nitricacid,120,100.00000000
nitricacid,115,100.00000000
nitricacid,110,100.00000000
nitricacid,105,100.00000000
nitricacid,100,100.00000000
nitricacid,95,100.00000000
nitricacid,90,100.00000000
nitricacid,85,100.00000000
nitricacid,80,100.00000000
nitricacid,75,100.00000000
nitricacid,70,100.00000000
nitricacid,65,100.00000000
nitricacid,60,100.00000000
nitricacid,55,100.00000000
nitricacid,50,100.00000000
nitricacid,45,100.00000000
nitricacid,40,100.00000000
nitricacid,35,100.00000000
nitricacid,30,100.00000000
nitricacid,25,100.00000000
nitrobenzene,160,5.28813333
nitrobenzene,155,4.23476023
nitrobenzene,150,3.36138990
nitrobenzene,145,2.64507582
nitrobenzene,140,2.06361927
nitrobenzene,135,1.59628677
nitrobenzene,130,1.22425860
nitrobenzene,125,0.93085230
nitrobenzene,120,0.70157248
nitrobenzene,115,0.52403821
nitrobenzene,110,0.38783213
nitrobenzene,105,0.28430574
nitrobenzene,100,0.20636659
nitrobenzene,95,0.14826459
nitrobenzene,90,0.10538887
nitrobenzene,85,0.07408145
nitrobenzene,80,0.05147111
nitrobenzene,75,0.03532832
nitrobenzene,70,0.02394075
nitrobenzene,65,0.01600818
nitrobenzene,60,0.01055486
nitrobenzene,55,0.00685756
nitrobenzene,50,0.00438709
nitrobenzene,45,0.00276144
nitrobenzene,40,0.00170880
nitrobenzene,35,0.00103865
nitrobenzene,30,0.00061953
nitrobenzene,25,0.00036229
nitroethane,160,8.79928342
nitroethane,155,6.97790322
nitroethane,150,5.46830140
nitroethane,145,4.23768867
nitroethane,140,3.24944679
nitroethane,135,2.46655556
nitroethane,130,1.85399865
nitroethane,125,1.38019811
nitroethane,120,1.01767504
nitroethane,115,0.74316796
nitroethane,110,0.53741337
nitroethane,105,0.38474450
nitroethane,100,0.27261393
nitroethane,95,0.19110829
nitroethane,90,0.13249192
nitroethane,85,0.09079902
nitroethane,80,0.06148102
nitroethane,75,0.04110925
nitroethane,70,0.02712889
nitroethane,65,0.01765872
nitroethane,60,0.01133044
nitroethane,55,0.00716153
nitroethane,50,0.00445587
nitroethane,45,0.00272713
nitroethane,40,0.00164055
nitroethane,35,0.00096923
nitroethane,30,0.00056188
nitroethane,25,0.00031934
nitroethene,160,11.09959726
nitroethene,155,8.98095711
nitroethene,150,7.17512166
nitroethene,145,5.66371866
nitroethene,140,4.41997502
nitroethene,135,3.41225576
nitroethene,130,2.60726168
nitroethene,125,1.97249787
nitroethene,120,1.47792237
nitroethene,115,1.09686263
nitroethene,110,0.80636729
nitroethene,105,0.58717232
nitroethene,100,0.42343345
nitroethene,95,0.30233937
nitroethene,90,0.21368296
nitroethene,85,0.14943861
nitroethene,80,0.10337249
nitroethene,75,0.07069839
nitroethene,70,0.04778297
nitroethene,65,0.03189899
nitroethene,60,0.02102265
nitroethene,55,0.01366963
nitroethene,50,0.00876442
nitroethene,45,0.00553745
nitroethene,40,0.00344530
nitroethene,35,0.00210944
nitroethene,30,0.00127001
nitroethene,25,0.00075129
"1,2,3-propanetrioltrinitrate",160,20.97896416
"1,2,3-propanetrioltrinitrate",155,19.78597271
"1,2,3-propanetrioltrinitrate",150,18.64930713
"1,2,3-propanetrioltrinitrate",145,17.56581974
"1,2,3-propanetrioltrinitrate",140,16.53330854
"1,2,3-propanetrioltrinitrate",135,15.55104329
"1,2,3-propanetrioltrinitrate",130,14.61594722
"1,2,3-propanetrioltrinitrate",125,13.72603539
"1,2,3-propanetrioltrinitrate",120,12.88020074
"1,2,3-propanetrioltrinitrate",115,12.07616267
"1,2,3-propanetrioltrinitrate",110,11.31226512
"1,2,3-propanetrioltrinitrate",105,10.58737027
"1,2,3-propanetrioltrinitrate",100,9.90022459
"1,2,3-propanetrioltrinitrate",95,9.24897020
"1,2,3-propanetrioltrinitrate",90,8.63270909
"1,2,3-propanetrioltrinitrate",85,8.05021933
"1,2,3-propanetrioltrinitrate",80,7.49981112
"1,2,3-propanetrioltrinitrate",75,6.98073216
"1,2,3-propanetrioltrinitrate",70,6.49205145
"1,2,3-propanetrioltrinitrate",65,6.03194839
"1,2,3-propanetrioltrinitrate",60,5.60016853
"1,2,3-propanetrioltrinitrate",55,5.19522062
"1,2,3-propanetrioltrinitrate",50,4.81660550
"1,2,3-propanetrioltrinitrate",45,4.46292127
"1,2,3-propanetrioltrinitrate",40,4.13367891
"1,2,3-propanetrioltrinitrate",35,3.82764725
"1,2,3-propanetrioltrinitrate",30,3.54406454
"1,2,3-propanetrioltrinitrate",25,3.28213381
nitromethane,160,3.72683473
nitromethane,155,2.76884214
nitromethane,150,2.04475188
nitromethane,145,1.50049161
nitromethane,140,1.09372753
nitromethane,135,0.79155392
nitromethane,130,0.56852776
nitromethane,125,0.40506208
nitromethane,120,0.28614581
nitromethane,115,0.20032964
nitromethane,110,0.13892816
nitromethane,105,0.09539302
nitromethane,100,0.06482108
nitromethane,95,0.04356910
nitromethane,90,0.02895271
nitromethane,85,0.01901205
nitromethane,80,0.01233028
nitromethane,75,0.00789388
nitromethane,70,0.00498589
nitromethane,65,0.00310516
nitromethane,60,0.00190571
nitromethane,55,0.00115186
nitromethane,50,0.00068523
nitromethane,45,0.00040094
nitromethane,40,0.00023059
nitromethane,35,0.00013026
nitromethane,30,0.00007222
nitromethane,25,0.00003927
nitrosobenzene,160,5.02647294
nitrosobenzene,155,3.99291424
nitrosobenzene,150,3.14621046
nitrosobenzene,145,2.45933326
nitrosobenzene,140,1.90724631
nitrosobenzene,135,1.46741457
nitrosobenzene,130,1.12001453
nitrosobenzene,125,0.84793264
nitrosobenzene,120,0.63662622
nitrosobenzene,115,0.47390455
nitrosobenzene,110,0.34967052
nitrosobenzene,105,0.25565269
nitrosobenzene,100,0.18514439
nitrosobenzene,95,0.13276096
nitrosobenzene,90,0.09422077
nitrosobenzene,85,0.06615193
nitrosobenzene,80,0.04592488
nitrosobenzene,75,0.03150938
nitrosobenzene,70,0.02135409
nitrosobenzene,65,0.01428636
nitrosobenzene,60,0.00942967
nitrosobenzene,55,0.00613657
nitrosobenzene,50,0.00393473
nitrosobenzene,45,0.00248401
nitrosobenzene,40,0.00154280
nitrosobenzene,35,0.00094197
nitrosobenzene,30,0.00056490
nitrosobenzene,25,0.00033244
n-nonane,160,0.26570540
n-nonane,155,0.19944259
n-nonane,150,0.14861414
n-nonane,145,0.10988422
n-nonane,140,0.08058446
n-nonane,135,0.05858869
n-nonane,130,0.04221094
n-nonane,125,0.03012190
n-nonane,120,0.02128028
n-nonane,115,0.01487627
n-nonane,110,0.01028510
n-nonane,105,0.00702889
n-nonane,100,0.00474553
n-nonane,95,0.00316335
n-nonane,90,0.00208068
n-nonane,85,0.00134951
n-nonane,80,0.00086251
n-nonane,75,0.00054282
n-nonane,70,0.00033614
n-nonane,65,0.00020464
n-nonane,60,0.00012239
n-nonane,55,0.00007183
n-nonane,50,0.00004134
n-nonane,45,0.00002330
n-nonane,40,0.00001285
n-nonane,35,0.00000693
n-nonane,30,0.00000365
n-nonane,25,0.00000187
ephedrine,160,3.63187120
ephedrine,155,2.94227843
ephedrine,150,2.36855094
ephedrine,145,1.89461272
ephedrine,140,1.50583948
ephedrine,135,1.18912503
ephedrine,130,0.93287994
ephedrine,125,0.72697732
ephedrine,120,0.56266439
ephedrine,115,0.43245156
ephedrine,110,0.32998999
ephedrine,105,0.24994543
ephedrine,100,0.18787414
ephedrine,95,0.14010474
ephedrine,90,0.10362870
ephedrine,85,0.07600052
ephedrine,80,0.05524853
ephedrine,75,0.03979617
ephedrine,70,0.02839337
ephedrine,65,0.02005745
ephedrine,60,0.01402281
ephedrine,55,0.00969841
ephedrine,50,0.00663232
ephedrine,45,0.00448239
ephedrine,40,0.00299226
ephedrine,35,0.00197190
ephedrine,30,0.00128203
ephedrine,25,0.00082178
o-chlorofluorobenzene,160,5.19147973
o-chlorofluorobenzene,155,4.18179732
o-chlorofluorobenzene,150,3.34122238
o-chlorofluorobenzene,145,2.64838649
o-chlorofluorobenzene,140,2.08272435
o-chlorofluorobenzene,135,1.62507451
o-chlorofluorobenzene,130,1.25804891
o-chlorofluorobenzene,125,0.96621071
o-chlorofluorobenzene,120,0.73610592
o-chlorofluorobenzene,115,0.55619260
o-chlorofluorobenzene,110,0.41670496
o-chlorofluorobenzene,105,0.30948112
o-chlorofluorobenzene,100,0.22777592
o-chlorofluorobenzene,95,0.16607322
o-chlorofluorobenzene,90,0.11990694
o-chlorofluorobenzene,85,0.08569630
o-chlorofluorobenzene,80,0.06059811
o-chlorofluorobenzene,75,0.04237673
o-chlorofluorobenzene,70,0.02929178
o-chlorofluorobenzene,65,0.02000224
o-chlorofluorobenzene,60,0.01348579
o-chlorofluorobenzene,55,0.00897171
o-chlorofluorobenzene,50,0.00588566
o-chlorofluorobenzene,45,0.00380488
o-chlorofluorobenzene,40,0.00242215
o-chlorofluorobenzene,35,0.00151721
o-chlorofluorobenzene,30,0.00093438
o-chlorofluorobenzene,25,0.00056529
o-chlorostyrene,160,3.28861077
o-chlorostyrene,155,2.60425809
o-chlorostyrene,150,2.04807457
o-chlorostyrene,145,1.59944051
o-chlorostyrene,140,1.24021666
o-chlorostyrene,135,0.95468358
o-chlorostyrene,130,0.72939042
o-chlorostyrene,125,0.55295352
o-chlorostyrene,120,0.41583302
o-chlorostyrene,115,0.31010640
o-chlorostyrene,110,0.22925046
o-chlorostyrene,105,0.16793888
o-chlorostyrene,100,0.12185838
o-chlorostyrene,95,0.08754517
o-chlorostyrene,90,0.06224139
o-chlorostyrene,85,0.04377056
o-chlorostyrene,80,0.03043083
o-chlorostyrene,75,0.02090424
o-chlorostyrene,70,0.01418048
o-chlorostyrene,65,0.00949327
o-chlorostyrene,60,0.00626798
o-chlorostyrene,55,0.00407876
o-chlorostyrene,50,0.00261398
o-chlorostyrene,45,0.00164860
o-chlorostyrene,40,0.00102240
o-chlorostyrene,35,0.00062293
o-chlorostyrene,30,0.00037255
o-chlorostyrene,25,0.00021849
1-chloro-2-methylbenzene,160,3.57042545
1-chloro-2-methylbenzene,155,2.81702299
1-chloro-2-methylbenzene,150,2.20681885
1-chloro-2-methylbenzene,145,1.71645657
1-chloro-2-methylbenzene,140,1.32538890
1-chloro-2-methylbenzene,135,1.01584351
1-chloro-2-methylbenzene,130,0.77266163
1-chloro-2-methylbenzene,125,0.58306553
1-chloro-2-methylbenzene,120,0.43639521
1-chloro-2-methylbenzene,115,0.32384017
1-chloro-2-methylbenzene,110,0.23818203
1-chloro-2-methylbenzene,105,0.17355647
1-chloro-2-methylbenzene,100,0.12523904
1-chloro-2-methylbenzene,95,0.08945544
1-chloro-2-methylbenzene,90,0.06321655
1-chloro-2-methylbenzene,85,0.04417619
1-chloro-2-methylbenzene,80,0.03051007
1-chloro-2-methylbenzene,75,0.02081355
1-chloro-2-methylbenzene,70,0.01401633
1-chloro-2-methylbenzene,65,0.00931173
1-chloro-2-methylbenzene,60,0.00609876
1-chloro-2-methylbenzene,55,0.00393514
1-chloro-2-methylbenzene,50,0.00249953
1-chloro-2-methylbenzene,45,0.00156168
1-chloro-2-methylbenzene,40,0.00095896
1-chloro-2-methylbenzene,35,0.00057822
1-chloro-2-methylbenzene,30,0.00034203
1-chloro-2-methylbenzene,25,0.00019828
"1,2-dichlorobenzene",160,3.53056675
"1,2-dichlorobenzene",155,2.80890247
"1,2-dichlorobenzene",150,2.21927314
"1,2-dichlorobenzene",145,1.74126197
"1,2-dichlorobenzene",140,1.35665286
"1,2-dichlorobenzene",135,1.04947849
"1,2-dichlorobenzene",130,0.80594747
"1,2-dichlorobenzene",125,0.61429634
"1,2-dichlorobenzene",120,0.46460092
"1,2-dichlorobenzene",115,0.34857074
"1,2-dichlorobenzene",110,0.25934294
"1,2-dichlorobenzene",105,0.19128530
"1,2-dichlorobenzene",100,0.13981413
"1,2-dichlorobenzene",95,0.10123012
"1,2-dichlorobenzene",90,0.07257263
"1,2-dichlorobenzene",85,0.05149252
"1,2-dichlorobenzene",80,0.03614229
"1,2-dichlorobenzene",75,0.02508230
"1,2-dichlorobenzene",70,0.01720154
"1,2-dichlorobenzene",65,0.01165120
"1,2-dichlorobenzene",60,0.00778966
"1,2-dichlorobenzene",55,0.00513734
"1,2-dichlorobenzene",50,0.00333998
"1,2-dichlorobenzene",45,0.00213909
"1,2-dichlorobenzene",40,0.00134858
"1,2-dichlorobenzene",35,0.00083627
"1,2-dichlorobenzene",30,0.00050966
"1,2-dichlorobenzene",25,0.00030500
o-difluorobenzene,160,5.96148251
o-difluorobenzene,155,4.79874716
o-difluorobenzene,150,3.82960002
o-difluorobenzene,145,3.03057017
o-difluorobenzene,140,2.37853361
o-difluorobenzene,135,1.85160757
o-difluorobenzene,130,1.42973345
o-difluorobenzene,125,1.09499173
o-difluorobenzene,120,0.83171151
o-difluorobenzene,115,0.62642913
o-difluorobenzene,110,0.46775331
o-difluorobenzene,105,0.34617430
o-difluorobenzene,100,0.25384809
o-difluorobenzene,95,0.18437605
o-difluorobenzene,90,0.13259297
o-difluorobenzene,85,0.09437135
o-difluorobenzene,80,0.06644570
o-difluorobenzene,75,0.04625828
o-difluorobenzene,70,0.03182602
o-difluorobenzene,65,0.02162746
o-difluorobenzene,60,0.01450789
o-difluorobenzene,55,0.00960083
o-difluorobenzene,50,0.00626374
o-difluorobenzene,45,0.00402603
o-difluorobenzene,40,0.00254753
o-difluorobenzene,35,0.00158571
o-difluorobenzene,30,0.00097013
o-difluorobenzene,25,0.00058286
2-methoxyphenol,160,11.27979600
2-methoxyphenol,155,9.91587236
2-methoxyphenol,150,8.69685654
2-methoxyphenol,145,7.61369353
2-methoxyphenol,140,6.65675704
2-methoxyphenol,135,5.81591737
2-methoxyphenol,130,5.08095753
2-methoxyphenol,125,4.44177257
2-methoxyphenol,120,3.88851186
2-methoxyphenol,115,3.41184803
2-methoxyphenol,110,3.00302620
2-methoxyphenol,105,2.65397775
2-methoxyphenol,100,2.35737599
2-methoxyphenol,95,2.10666276
2-methoxyphenol,90,1.89605167
2-methoxyphenol,85,1.72051432
2-methoxyphenol,80,1.57575571
2-methoxyphenol,75,1.45818467
2-methoxyphenol,70,1.36488487
2-methoxyphenol,65,1.29359139
2-methoxyphenol,60,1.24267708
2-methoxyphenol,55,1.21115250
2-methoxyphenol,50,1.19868143
2-methoxyphenol,45,1.20560397
2-methoxyphenol,40,1.23299737
2-methoxyphenol,35,1.28269016
2-methoxyphenol,30,1.35723517
2-methoxyphenol,25,1.45986502
octadecane,160,0.10575751
octadecane,155,0.07949154
octadecane,150,0.05929515
octadecane,145,0.04387708
octadecane,140,0.03219613
octadecane,135,0.02341741
octadecane,130,0.01687559
octadecane,125,0.01204405
octadecane,120,0.00850903
octadecane,115,0.00594803
octadecane,110,0.00411182
octadecane,105,0.00280953
octadecane,100,0.00189641
octadecane,95,0.00126379
octadecane,90,0.00083099
octadecane,85,0.00053879
octadecane,80,0.00034422
octadecane,75,0.00021655
octadecane,70,0.00013404
octadecane,65,0.00008157
octadecane,60,0.00004876
octadecane,55,0.00002860
octadecane,50,0.00001645
octadecane,45,0.00000927
octadecane,40,0.00000511
octadecane,35,0.00000275
octadecane,30,0.00000145
octadecane,25,0.00000074
octamethylcyclotetrasiloxane,160,0.47412937
octamethylcyclotetrasiloxane,155,0.36926744
octamethylcyclotetrasiloxane,150,0.28588807
octamethylcyclotetrasiloxane,145,0.21994241
octamethylcyclotetrasiloxane,140,0.16808381
octamethylcyclotetrasiloxane,135,0.12755307
octamethylcyclotetrasiloxane,130,0.09608274
octamethylcyclotetrasiloxane,125,0.07181701
octamethylcyclotetrasiloxane,120,0.05324394
octamethylcyclotetrasiloxane,115,0.03913834
octamethylcyclotetrasiloxane,110,0.02851325
octamethylcyclotetrasiloxane,105,0.02057877
octamethylcyclotetrasiloxane,100,0.01470717
octamethylcyclotetrasiloxane,95,0.01040345
octamethylcyclotetrasiloxane,90,0.00728042
octamethylcyclotetrasiloxane,85,0.00503789
octamethylcyclotetrasiloxane,80,0.00344531
octamethylcyclotetrasiloxane,75,0.00232733
octamethylcyclotetrasiloxane,70,0.00155198
octamethylcyclotetrasiloxane,65,0.00102107
octamethylcyclotetrasiloxane,60,0.00066235
octamethylcyclotetrasiloxane,55,0.00042334
octamethylcyclotetrasiloxane,50,0.00026642
octamethylcyclotetrasiloxane,45,0.00016497
octamethylcyclotetrasiloxane,40,0.00010043
octamethylcyclotetrasiloxane,35,0.00006006
octamethylcyclotetrasiloxane,30,0.00003525
octamethylcyclotetrasiloxane,25,0.00002029
octane,160,0.32795572
octane,155,0.24613402
octane,150,0.18340108
octane,145,0.13561476
octane,140,0.09946921
octane,135,0.07233487
octane,130,0.05212933
octane,125,0.03721228
octane,120,0.02629957
octane,115,0.01839296
octane,110,0.01272240
octane,105,0.00869894
octane,100,0.00587622
octane,95,0.00391930
octane,90,0.00257946
octane,85,0.00167408
octane,80,0.00107066
octane,75,0.00067429
octane,70,0.00041786
octane,65,0.00025459
octane,60,0.00015238
octane,55,0.00008952
octane,50,0.00005156
octane,45,0.00002909
octane,40,0.00001606
octane,35,0.00000867
octane,30,0.00000457
octane,25,0.00000235
caprylicacid,160,14.88234889
caprylicacid,155,13.68755009
caprylicacid,150,12.59923030
caprylicacid,145,11.61081206
caprylicacid,140,10.71611799
caprylicacid,135,9.90892755
caprylicacid,130,9.18318231
caprylicacid,125,8.53304437
caprylicacid,120,7.95294713
caprylicacid,115,7.43763797
caprylicacid,110,6.98221334
caprylicacid,105,6.58214629
caprylicacid,100,6.23330710
caprylicacid,95,5.93197776
caprylicacid,90,5.67486076
caprylicacid,85,5.45902574
caprylicacid,80,5.28211107
caprylicacid,75,5.14209843
caprylicacid,70,5.03721121
caprylicacid,65,4.96637592
caprylicacid,60,4.92851948
caprylicacid,55,4.92330055
caprylicacid,50,4.95024400
caprylicacid,45,5.00943746
caprylicacid,40,5.10061218
caprylicacid,35,5.22421002
caprylicacid,30,5.37995096
caprylicacid,25,5.56797464
aceticacidoctylester,160,2.06805995
aceticacidoctylester,155,1.64679808
aceticacidoctylester,150,1.30378731
aceticacidoctylester,145,1.02608729
aceticacidoctylester,140,0.80257607
aceticacidoctylester,135,0.62375990
aceticacidoctylester,130,0.48158755
aceticacidoctylester,125,0.36927468
aceticacidoctylester,120,0.28114004
aceticacidoctylester,115,0.21245653
aceticacidoctylester,110,0.15931608
aceticacidoctylester,105,0.11850917
aceticacidoctylester,100,0.08741785
aceticacidoctylester,95,0.06392184
aceticacidoctylester,90,0.04631656
aceticacidoctylester,85,0.03324220
aceticacidoctylester,80,0.02362268
aceticacidoctylester,75,0.01661361
aceticacidoctylester,70,0.01155832
aceticacidoctylester,65,0.00795078
aceticacidoctylester,60,0.00540489
aceticacidoctylester,55,0.00362903
aceticacidoctylester,50,0.00240533
aceticacidoctylester,45,0.00157281
aceticacidoctylester,40,0.00101395
aceticacidoctylester,35,0.00064403
aceticacidoctylester,30,0.00040274
aceticacidoctylester,25,0.00024777
cis-9-octadecenoicacid,160,4.55570667
cis-9-octadecenoicacid,155,4.07571093
cis-9-octadecenoicacid,150,3.65537893
cis-9-octadecenoicacid,145,3.28788680
cis-9-octadecenoicacid,140,2.96713529
cis-9-octadecenoicacid,135,2.68769146
cis-9-octadecenoicacid,130,2.44473334
cis-9-octadecenoicacid,125,2.23399795
cis-9-octadecenoicacid,120,2.05173231
cis-9-octadecenoicacid,115,1.89464784
cis-9-octadecenoicacid,110,1.75987802
cis-9-octadecenoicacid,105,1.64493956
cis-9-octadecenoicacid,100,1.54769704
cis-9-octadecenoicacid,95,1.46633119
cis-9-octadecenoicacid,90,1.39931093
cis-9-octadecenoicacid,85,1.34536906
cis-9-octadecenoicacid,80,1.30348188
cis-9-octadecenoicacid,75,1.27284577
cis-9-octadecenoicacid,70,1.25288762
cis-9-octadecenoicacid,65,1.24322294
cis-9-octadecenoicacid,60,1.24367515
cis-9-octadecenoicacid,55,1.25424710
cis-9-octadecenoicacid,50,1.27514233
cis-9-octadecenoicacid,45,1.30672663
cis-9-octadecenoicacid,40,1.34957643
cis-9-octadecenoicacid,35,1.40439775
cis-9-octadecenoicacid,30,1.47197636
cis-9-octadecenoicacid,25,1.55324040
oleyl-alcohol,160,1.19365301
oleyl-alcohol,155,0.97179262
oleyl-alcohol,150,0.78831408
oleyl-alcohol,145,0.63709623
oleyl-alcohol,140,0.51290803
oleyl-alcohol,135,0.41129112
oleyl-alcohol,130,0.32845697
oleyl-alcohol,125,0.26119645
oleyl-alcohol,120,0.20680052
oleyl-alcohol,115,0.16299042
oleyl-alcohol,110,0.12785653
oleyl-alcohol,105,0.09980472
oleyl-alcohol,100,0.07750956
oleyl-alcohol,95,0.05987358
oleyl-alcohol,90,0.04599182
oleyl-alcohol,85,0.03512128
oleyl-alcohol,80,0.02665461
oleyl-alcohol,75,0.02009753
oleyl-alcohol,70,0.01504962
oleyl-alcohol,65,0.01118801
oleyl-alcohol,60,0.00825364
oleyl-alcohol,55,0.00603966
oleyl-alcohol,50,0.00438179
oleyl-alcohol,45,0.00315029
oleyl-alcohol,40,0.00224330
oleyl-alcohol,35,0.00158135
oleyl-alcohol,30,0.00110289
oleyl-alcohol,25,0.00076059
hexamethyldisiloxane,160,0.65597038
hexamethyldisiloxane,155,0.50643970
hexamethyldisiloxane,150,0.38867876
hexamethyldisiloxane,145,0.29641857
hexamethyldisiloxane,140,0.22454579
hexamethyldisiloxane,135,0.16889740
hexamethyldisiloxane,130,0.12609341
hexamethyldisiloxane,125,0.09339941
hexamethyldisiloxane,120,0.06861305
hexamethyldisiloxane,115,0.04996949
hexamethyldisiloxane,110,0.03606277
hexamethyldisiloxane,105,0.02578010
hexamethyldisiloxane,100,0.01824697
hexamethyldisiloxane,95,0.01278147
hexamethyldisiloxane,90,0.00885625
hexamethyldisiloxane,85,0.00606717
hexamethyldisiloxane,80,0.00410742
hexamethyldisiloxane,75,0.00274642
hexamethyldisiloxane,70,0.00181276
hexamethyldisiloxane,65,0.00118043
hexamethyldisiloxane,60,0.00075789
hexamethyldisiloxane,55,0.00047947
hexamethyldisiloxane,50,0.00029869
hexamethyldisiloxane,45,0.00018310
hexamethyldisiloxane,40,0.00011037
hexamethyldisiloxane,35,0.00006537
hexamethyldisiloxane,30,0.00003801
hexamethyldisiloxane,25,0.00002168
octamethyltrisiloxane,160,0.69052881
octamethyltrisiloxane,155,0.54178072
octamethyltrisiloxane,150,0.42274992
octamethyltrisiloxane,145,0.32796886
octamethyltrisiloxane,140,0.25289573
octamethyltrisiloxane,135,0.19376715
octamethyltrisiloxane,130,0.14747461
octamethyltrisiloxane,125,0.11146014
octamethyltrisiloxane,120,0.08362797
octamethyltrisiloxane,115,0.06226940
octamethyltrisiloxane,110,0.04599885
octamethyltrisiloxane,105,0.03369945
octamethyltrisiloxane,100,0.02447664
octamethyltrisiloxane,95,0.01761891
octamethyltrisiloxane,90,0.01256447
octamethyltrisiloxane,85,0.00887322
octamethyltrisiloxane,80,0.00620323
octamethyltrisiloxane,75,0.00429116
octamethyltrisiloxane,70,0.00293606
octamethyltrisiloxane,65,0.00198607
octamethyltrisiloxane,60,0.00132757
octamethyltrisiloxane,55,0.00087649
octamethyltrisiloxane,50,0.00057126
octamethyltrisiloxane,45,0.00036736
octamethyltrisiloxane,40,0.00023295
octamethyltrisiloxane,35,0.00014558
octamethyltrisiloxane,30,0.00008960
octamethyltrisiloxane,25,0.00005428
decamethyltetrasiloxane,160,0.44636719
decamethyltetrasiloxane,155,0.34896862
decamethyltetrasiloxane,150,0.27125952
decamethyltetrasiloxane,145,0.20958143
decamethyltetrasiloxane,140,0.16089924
decamethyltetrasiloxane,135,0.12270199
decamethyltetrasiloxane,130,0.09291946
decamethyltetrasiloxane,125,0.06985184
decamethyltetrasiloxane,120,0.05210995
decamethyltetrasiloxane,115,0.03856443
decamethyltetrasiloxane,110,0.02830246
decamethyltetrasiloxane,105,0.02059091
decamethyltetrasiloxane,100,0.01484495
decamethyltetrasiloxane,95,0.01060147
decamethyltetrasiloxane,90,0.00749658
decamethyltetrasiloxane,85,0.00524674
decamethyltetrasiloxane,80,0.00363293
decamethyltetrasiloxane,75,0.00248754
decamethyltetrasiloxane,70,0.00168355
decamethyltetrasiloxane,65,0.00112568
decamethyltetrasiloxane,60,0.00074321
decamethyltetrasiloxane,55,0.00048427
decamethyltetrasiloxane,50,0.00031124
decamethyltetrasiloxane,45,0.00019719
decamethyltetrasiloxane,40,0.00012309
decamethyltetrasiloxane,35,0.00007564
decamethyltetrasiloxane,30,0.00004574
decamethyltetrasiloxane,25,0.00002719
oxalicacid,160,100.00000000
oxalicacid,155,100.00000000
oxalicacid,150,100.00000000
oxalicacid,145,100.00000000
oxalicacid,140,100.00000000
oxalicacid,135,100.00000000
oxalicacid,130,100.00000000
oxalicacid,125,100.00000000
oxalicacid,120,100.00000000
oxalicacid,115,100.00000000
oxalicacid,110,100.00000000
oxalicacid,105,100.00000000
oxalicacid,100,100.00000000
oxalicacid,95,100.00000000
oxalicacid,90,100.00000000
oxalicacid,85,100.00000000
oxalicacid,80,100.00000000
oxalicacid,75,100.00000000
oxalicacid,70,100.00000000
oxalicacid,65,100.00000000
oxalicacid,60,100.00000000
oxalicacid,55,100.00000000
oxalicacid,50,100.00000000
oxalicacid,45,100.00000000
oxalicacid,40,100.00000000
oxalicacid,35,100.00000000
oxalicacid,30,100.00000000
oxalicacid,25,100.00000000
oxalylchloride,160,9.94363402
oxalylchloride,155,8.38540690
oxalylchloride,150,6.99895948
oxalylchloride,145,5.78036197
oxalylchloride,140,4.72296817
oxalylchloride,135,3.81751317
oxalylchloride,130,3.05247974
oxalylchloride,125,2.41467522
oxalylchloride,120,1.88991524
oxalylchloride,115,1.46369237
oxalylchloride,110,1.12181139
oxalylchloride,105,0.85089305
oxalylchloride,100,0.63872558
oxalylchloride,95,0.47447132
oxalylchloride,90,0.34874243
oxalylchloride,85,0.25357812
oxalylchloride,80,0.18235371
oxalylchloride,75,0.12964894
oxalylchloride,70,0.09109696
oxalylchloride,65,0.06323000
oxalylchloride,60,0.04333182
oxalylchloride,55,0.02930302
oxalylchloride,50,0.01954226
oxalylchloride,45,0.01284423
oxalylchloride,40,0.00831388
oxalylchloride,35,0.00529582
oxalylchloride,30,0.00331699
oxalylchloride,25,0.00204108
oxetane,160,27.36753472
oxetane,155,24.59404787
oxetane,150,21.91886794
oxetane,145,19.36031538
oxetane,140,16.93546277
oxetane,135,14.66147330
oxetane,130,12.55364416
oxetane,125,10.62466933
oxetane,120,8.88374962
oxetane,115,7.33579900
oxetane,110,5.98095631
oxetane,105,4.81418697
oxetane,100,3.82585079
oxetane,95,3.00233146
oxetane,90,2.32713056
oxetane,85,1.78212230
oxetane,80,1.34875836
oxetane,75,1.00906546
oxetane,70,0.74640514
oxetane,65,0.54594248
oxetane,60,0.39486005
oxetane,55,0.28237740
oxetane,50,0.19963332
oxetane,45,0.13948887
oxetane,40,0.09629414
oxetane,35,0.06564929
oxetane,30,0.04417877
oxetane,25,0.02932944
o3,160,100.00000000
o3,155,100.00000000
o3,150,100.00000000
o3,145,100.00000000
o3,140,100.00000000
o3,135,100.00000000
o3,130,100.00000000
o3,125,100.00000000
o3,120,100.00000000
o3,115,100.00000000
o3,110,100.00000000
o3,105,100.00000000
o3,100,100.00000000
o3,95,100.00000000
o3,90,100.00000000
o3,85,100.00000000
o3,80,100.00000000
o3,75,100.00000000
o3,70,100.00000000
o3,65,100.00000000
o3,60,100.00000000
o3,55,100.00000000
o3,50,100.00000000
o3,45,100.00000000
o3,40,100.00000000
o3,35,100.00000000
o3,30,100.00000000
o3,25,100.00000000
p-anisidine,160,4.46659075
p-anisidine,155,3.59061357
p-anisidine,150,2.86753462
p-anisidine,145,2.27522709
p-anisidine,140,1.79359410
p-anisidine,135,1.40473560
p-anisidine,130,1.09296420
p-anisidine,125,0.84471908
p-anisidine,120,0.64841546
p-anisidine,115,0.49426058
p-anisidine,110,0.37405491
p-anisidine,105,0.28099337
p-anisidine,100,0.20947530
p-anisidine,95,0.15492841
p-anisidine,90,0.11364949
p-anisidine,85,0.08266282
p-anisidine,80,0.05959627
p-anisidine,75,0.04257412
p-anisidine,70,0.03012543
p-anisidine,65,0.02110651
p-anisidine,60,0.01463597
p-anisidine,55,0.01004073
p-anisidine,50,0.00681171
p-anisidine,45,0.00456764
p-anisidine,40,0.00302594
p-anisidine,35,0.00197942
p-anisidine,30,0.00127789
p-anisidine,25,0.00081372
4-bromobenzonitrile,160,0.99468521
4-bromobenzonitrile,155,0.77014344
4-bromobenzonitrile,150,0.59312761
4-bromobenzonitrile,145,0.45420946
4-bromobenzonitrile,140,0.34573115
4-bromobenzonitrile,135,0.26148023
4-bromobenzonitrile,130,0.19642700
4-bromobenzonitrile,125,0.14651056
4-bromobenzonitrile,120,0.10846362
4-bromobenzonitrile,115,0.07966852
4-bromobenzonitrile,110,0.05803816
4-bromobenzonitrile,105,0.04191772
4-bromobenzonitrile,100,0.03000316
4-bromobenzonitrile,95,0.02127376
4-bromobenzonitrile,90,0.01493639
4-bromobenzonitrile,85,0.01037958
4-bromobenzonitrile,80,0.00713589
4-bromobenzonitrile,75,0.00485112
4-bromobenzonitrile,70,0.00325945
4-bromobenzonitrile,65,0.00216335
4-bromobenzonitrile,60,0.00141758
4-bromobenzonitrile,55,0.00091656
4-bromobenzonitrile,50,0.00058438
4-bromobenzonitrile,45,0.00036717
4-bromobenzonitrile,40,0.00022720
4-bromobenzonitrile,35,0.00013835
4-bromobenzonitrile,30,0.00008284
4-bromobenzonitrile,25,0.00004874
4-bromonitrobenzene,160,1.79379022
4-bromonitrobenzene,155,1.41192314
4-bromonitrobenzene,150,1.10490870
4-bromonitrobenzene,145,0.85946122
4-bromonitrobenzene,140,0.66436593
4-bromonitrobenzene,135,0.51021831
4-bromonitrobenzene,130,0.38917943
4-bromonitrobenzene,125,0.29475308
4-bromonitrobenzene,120,0.22158654
4-bromonitrobenzene,115,0.16529493
4-bromonitrobenzene,110,0.12230782
4-bromonitrobenzene,105,0.08973614
4-bromonitrobenzene,100,0.06525763
4-bromonitrobenzene,95,0.04701867
4-bromonitrobenzene,90,0.03355062
4-bromonitrobenzene,85,0.02369894
4-bromonitrobenzene,80,0.01656353
4-bromonitrobenzene,75,0.01144880
4-bromonitrobenzene,70,0.00782217
4-bromonitrobenzene,65,0.00527983
4-bromonitrobenzene,60,0.00351877
4-bromonitrobenzene,55,0.00231408
4-bromonitrobenzene,50,0.00150076
4-bromonitrobenzene,45,0.00095918
4-bromonitrobenzene,40,0.00060372
4-bromonitrobenzene,35,0.00037394
4-bromonitrobenzene,30,0.00022775
4-bromonitrobenzene,25,0.00013628
1-bromo-4-methylbenzene,160,1.59543538
1-bromo-4-methylbenzene,155,1.24075379
1-bromo-4-methylbenzene,150,0.95926147
1-bromo-4-methylbenzene,145,0.73705123
1-bromo-4-methylbenzene,140,0.56262826
1-bromo-4-methylbenzene,135,0.42653536
1-bromo-4-methylbenzene,130,0.32102424
1-bromo-4-methylbenzene,125,0.23977464
1-bromo-4-methylbenzene,120,0.17765546
1-bromo-4-methylbenzene,115,0.13052231
1-bromo-4-methylbenzene,110,0.09504653
1-bromo-4-methylbenzene,105,0.06857102
1-bromo-4-methylbenzene,100,0.04898891
1-bromo-4-methylbenzene,95,0.03464173
1-bromo-4-methylbenzene,90,0.02423421
1-bromo-4-methylbenzene,85,0.01676328
1-bromo-4-methylbenzene,80,0.01145917
1-bromo-4-methylbenzene,75,0.00773682
1-bromo-4-methylbenzene,70,0.00515617
1-bromo-4-methylbenzene,65,0.00338980
1-bromo-4-methylbenzene,60,0.00219692
1-bromo-4-methylbenzene,55,0.00140263
1-bromo-4-methylbenzene,50,0.00088155
1-bromo-4-methylbenzene,45,0.00054499
1-bromo-4-methylbenzene,40,0.00033113
1-bromo-4-methylbenzene,35,0.00019757
1-bromo-4-methylbenzene,30,0.00011565
1-bromo-4-methylbenzene,25,0.00006635
1-(4-chlorophenyl)ethanone,160,3.70968774
1-(4-chlorophenyl)ethanone,155,2.97881637
1-(4-chlorophenyl)ethanone,150,2.37526562
1-(4-chlorophenyl)ethanone,145,1.88079174
1-(4-chlorophenyl)ethanone,140,1.47880353
1-(4-chlorophenyl)ethanone,135,1.15447875
1-(4-chlorophenyl)ethanone,130,0.89477804
1-(4-chlorophenyl)ethanone,125,0.68838472
1-(4-chlorophenyl)ethanone,120,0.52559529
1-(4-chlorophenyl)ethanone,115,0.39818028
1-(4-chlorophenyl)ethanone,110,0.29923088
1-(4-chlorophenyl)ethanone,105,0.22300212
1-(4-chlorophenyl)ethanone,100,0.16476038
1-(4-chlorophenyl)ethanone,95,0.12063995
1-(4-chlorophenyl)ethanone,90,0.08751163
1-(4-chlorophenyl)ethanone,85,0.06286471
1-(4-chlorophenyl)ethanone,80,0.04470265
1-(4-chlorophenyl)ethanone,75,0.03145227
1-(4-chlorophenyl)ethanone,70,0.02188559
1-(4-chlorophenyl)ethanone,65,0.01505341
1-(4-chlorophenyl)ethanone,60,0.01022947
1-(4-chlorophenyl)ethanone,55,0.00686388
1-(4-chlorophenyl)ethanone,50,0.00454494
1-(4-chlorophenyl)ethanone,45,0.00296796
1-(4-chlorophenyl)ethanone,40,0.00191017
1-(4-chlorophenyl)ethanone,35,0.00121078
1-(4-chlorophenyl)ethanone,30,0.00075531
1-(4-chlorophenyl)ethanone,25,0.00046334
1-chloro-4-nitrobenzene,160,4.72770868
1-chloro-4-nitrobenzene,155,3.83852057
1-chloro-4-nitrobenzene,150,3.09255860
1-chloro-4-nitrobenzene,145,2.47252721
1-chloro-4-nitrobenzene,140,1.96178352
1-chloro-4-nitrobenzene,135,1.54472787
1-chloro-4-nitrobenzene,130,1.20706903
1-chloro-4-nitrobenzene,125,0.93597228
1-chloro-4-nitrobenzene,120,0.72010971
1-chloro-4-nitrobenzene,115,0.54963720
1-chloro-4-nitrobenzene,110,0.41611685
1-chloro-4-nitrobenzene,105,0.31240629
1-chloro-4-nitrobenzene,100,0.23252912
1-chloro-4-nitrobenzene,95,0.17153817
1-chloro-4-nitrobenzene,90,0.12537998
1-chloro-4-nitrobenzene,85,0.09076610
1-chloro-4-nitrobenzene,80,0.06505456
1-chloro-4-nitrobenzene,75,0.04614315
1-chloro-4-nitrobenzene,70,0.03237545
1-chloro-4-nitrobenzene,65,0.02245917
1-chloro-4-nitrobenzene,60,0.01539634
1-chloro-4-nitrobenzene,55,0.01042437
1-chloro-4-nitrobenzene,50,0.00696690
1-chloro-4-nitrobenzene,45,0.00459325
1-chloro-4-nitrobenzene,40,0.00298546
1-chloro-4-nitrobenzene,35,0.00191167
1-chloro-4-nitrobenzene,30,0.00120506
1-chloro-4-nitrobenzene,25,0.00074726
p-chlorostyrene,160,3.83706943
p-chlorostyrene,155,3.06180825
p-chlorostyrene,150,2.42552394
p-chlorostyrene,145,1.90756858
p-chlorostyrene,140,1.48928069
p-chlorostyrene,135,1.15411142
p-chlorostyrene,130,0.88761842
p-chlorostyrene,125,0.67737003
p-chlorostyrene,120,0.51279399
p-chlorostyrene,115,0.38499692
p-chlorostyrene,110,0.28657194
p-chlorostyrene,105,0.21140856
p-chlorostyrene,100,0.15451145
p-chlorostyrene,95,0.11183334
p-chlorostyrene,90,0.08012441
p-chlorostyrene,85,0.05679872
p-chlorostyrene,80,0.03981775
p-chlorostyrene,75,0.02758991
p-chlorostyrene,70,0.01888497
p-chlorostyrene,65,0.01276198
p-chlorostyrene,60,0.00850910
p-chlorostyrene,55,0.00559404
p-chlorostyrene,50,0.00362360
p-chlorostyrene,45,0.00231103
p-chlorostyrene,40,0.00145004
p-chlorostyrene,35,0.00089435
p-chlorostyrene,30,0.00054175
p-chlorostyrene,25,0.00032200
1-chloro-4-methylbenzene,160,3.79516365
1-chloro-4-methylbenzene,155,3.00502718
1-chloro-4-methylbenzene,150,2.36219774
1-chloro-4-methylbenzene,145,1.84344949
1-chloro-4-methylbenzene,140,1.42810922
1-chloro-4-methylbenzene,135,1.09811737
1-chloro-4-methylbenzene,130,0.83793847
1-chloro-4-methylbenzene,125,0.63438069
1-chloro-4-methylbenzene,120,0.47636782
1-chloro-4-methylbenzene,115,0.35469353
1-chloro-4-methylbenzene,110,0.26177683
1-chloro-4-methylbenzene,105,0.19143047
1-chloro-4-methylbenzene,100,0.13864821
1-chloro-4-methylbenzene,95,0.09941442
1-chloro-4-methylbenzene,90,0.07053627
1-chloro-4-methylbenzene,85,0.04949792
1-chloro-4-methylbenzene,80,0.03433550
1-chloro-4-methylbenzene,75,0.02353094
1-chloro-4-methylbenzene,70,0.01592276
1-chloro-4-methylbenzene,65,0.01063188
1-chloro-4-methylbenzene,60,0.00700050
1-chloro-4-methylbenzene,55,0.00454228
1-chloro-4-methylbenzene,50,0.00290219
1-chloro-4-methylbenzene,45,0.00182453
1-chloro-4-methylbenzene,40,0.00112769
1-chloro-4-methylbenzene,35,0.00068465
1-chloro-4-methylbenzene,30,0.00040793
1-chloro-4-methylbenzene,25,0.00023830
"1,4-dichlorobenzene",160,4.35606679
"1,4-dichlorobenzene",155,3.51456981
"1,4-dichlorobenzene",150,2.81542658
"1,4-dichlorobenzene",145,2.23943177
"1,4-dichlorobenzene",140,1.76872875
"1,4-dichlorobenzene",135,1.38708516
"1,4-dichlorobenzene",130,1.08002323
"1,4-dichlorobenzene",125,0.83483829
"1,4-dichlorobenzene",120,0.64053774
"1,4-dichlorobenzene",115,0.48772798
"1,4-dichlorobenzene",110,0.36847106
"1,4-dichlorobenzene",105,0.27612751
"1,4-dichlorobenzene",100,0.20519690
"1,4-dichlorobenzene",95,0.15116389
"1,4-dichlorobenzene",90,0.11035457
"1,4-dichlorobenzene",85,0.07980579
"1,4-dichlorobenzene",80,0.05714853
"1,4-dichlorobenzene",75,0.04050562
"1,4-dichlorobenzene",70,0.02840312
"1,4-dichlorobenzene",65,0.01969455
"1,4-dichlorobenzene",60,0.01349682
"1,4-dichlorobenzene",55,0.00913662
"1,4-dichlorobenzene",50,0.00610602
"1,4-dichlorobenzene",45,0.00402610
"1,4-dichlorobenzene",40,0.00261748
"1,4-dichlorobenzene",35,0.00167672
"1,4-dichlorobenzene",30,0.00105756
"1,4-dichlorobenzene",25,0.00065627
"1,4-diethylbenzene",160,1.71566678
"1,4-diethylbenzene",155,1.33400608
"1,4-diethylbenzene",150,1.03084065
"1,4-diethylbenzene",145,0.79139639
"1,4-diethylbenzene",140,0.60341478
"1,4-diethylbenzene",135,0.45677278
"1,4-diethylbenzene",130,0.34314893
"1,4-diethylbenzene",125,0.25573606
"1,4-diethylbenzene",120,0.18899475
"1,4-diethylbenzene",115,0.13844273
"1,4-diethylbenzene",110,0.10047541
"1,4-diethylbenzene",105,0.07221324
"1,4-diethylbenzene",100,0.05137250
"1,4-diethylbenzene",95,0.03615609
"1,4-diethylbenzene",90,0.02516164
"1,4-diethylbenzene",85,0.01730462
"1,4-diethylbenzene",80,0.01175432
"1,4-diethylbenzene",75,0.00788099
"1,4-diethylbenzene",70,0.00521232
"1,4-diethylbenzene",65,0.00339826
"1,4-diethylbenzene",60,0.00218246
"1,4-diethylbenzene",55,0.00137966
"1,4-diethylbenzene",50,0.00085782
"1,4-diethylbenzene",45,0.00052414
"1,4-diethylbenzene",40,0.00031444
"1,4-diethylbenzene",35,0.00018504
"1,4-diethylbenzene",30,0.00010671
"1,4-diethylbenzene",25,0.00006024
p-divinylbenzene,160,3.56136649
p-divinylbenzene,155,2.82726668
p-divinylbenzene,150,2.22834187
p-divinylbenzene,145,1.74355699
p-divinylbenzene,140,1.35419672
p-divinylbenzene,135,1.04387851
p-divinylbenzene,130,0.79845961
p-divinylbenzene,125,0.60587819
p-divinylbenzene,120,0.45595840
p-divinylbenzene,115,0.34020108
p-divinylbenzene,110,0.25157360
p-divinylbenzene,105,0.18430959
p-divinylbenzene,100,0.13372277
p-divinylbenzene,95,0.09603847
p-divinylbenzene,90,0.06824365
p-divinylbenzene,85,0.04795542
p-divinylbenzene,80,0.03330730
p-divinylbenzene,75,0.02285184
p-divinylbenzene,70,0.01547827
p-divinylbenzene,65,0.01034348
p-divinylbenzene,60,0.00681495
p-divinylbenzene,55,0.00442385
p-divinylbenzene,50,0.00282719
p-divinylbenzene,45,0.00177737
p-divinylbenzene,40,0.00109825
p-divinylbenzene,35,0.00066641
p-divinylbenzene,30,0.00039672
p-divinylbenzene,25,0.00023146
4-fluoroanisole,160,5.29147552
4-fluoroanisole,155,4.25611323
4-fluoroanisole,150,3.39424095
4-fluoroanisole,145,2.68421633
4-fluoroanisole,140,2.10508813
4-fluoroanisole,135,1.63723559
4-fluoroanisole,130,1.26277660
4-fluoroanisole,125,0.96578090
4-fluoroanisole,120,0.73232894
4-fluoroanisole,115,0.55045964
4-fluoroanisole,110,0.41004485
4-fluoroanisole,105,0.30262072
4-fluoroanisole,100,0.22119908
4-fluoroanisole,95,0.16007499
4-fluoroanisole,90,0.11464108
4-fluoroanisole,85,0.08121542
4-fluoroanisole,80,0.05688623
4-fluoroanisole,75,0.03937490
4-fluoroanisole,70,0.02691740
4-fluoroanisole,65,0.01816309
4-fluoroanisole,60,0.01208969
4-fluoroanisole,55,0.00793265
4-fluoroanisole,50,0.00512733
4-fluoroanisole,45,0.00326216
4-fluoroanisole,40,0.00204135
4-fluoroanisole,35,0.00125533
4-fluoroanisole,30,0.00075795
4-fluoroanisole,25,0.00044890
1-methyl-4-nitro-benzene,160,4.35412282
1-methyl-4-nitro-benzene,155,3.48077770
1-methyl-4-nitro-benzene,150,2.76028562
1-methyl-4-nitro-benzene,145,2.17149525
1-methyl-4-nitro-benzene,140,1.69470532
1-methyl-4-nitro-benzene,135,1.31202108
1-methyl-4-nitro-benzene,130,1.00752815
1-methyl-4-nitro-benzene,125,0.76732616
1-methyl-4-nitro-benzene,120,0.57946229
1-methyl-4-nitro-benzene,115,0.43379946
1-methyl-4-nitro-benzene,110,0.32184691
1-methyl-4-nitro-benzene,105,0.23657379
1-methyl-4-nitro-benzene,100,0.17222050
1-methyl-4-nitro-benzene,95,0.12411728
1-methyl-4-nitro-benzene,90,0.08851604
1-methyl-4-nitro-benzene,85,0.06243848
1-methyl-4-nitro-benzene,80,0.04354187
1-methyl-4-nitro-benzene,75,0.03000235
1-methyl-4-nitro-benzene,70,0.02041509
1-methyl-4-nitro-benzene,65,0.01370990
1-methyl-4-nitro-benzene,60,0.00908088
1-methyl-4-nitro-benzene,55,0.00592843
1-methyl-4-nitro-benzene,50,0.00381206
1-methyl-4-nitro-benzene,45,0.00241246
1-methyl-4-nitro-benzene,40,0.00150140
1-methyl-4-nitro-benzene,35,0.00091812
1-methyl-4-nitro-benzene,30,0.00055116
1-methyl-4-nitro-benzene,25,0.00032451
4-hydroxyacetanilide,160,2.72429401
4-hydroxyacetanilide,155,2.27791435
4-hydroxyacetanilide,150,1.90370785
4-hydroxyacetanilide,145,1.59033369
4-hydroxyacetanilide,140,1.32817000
4-hydroxyacetanilide,135,1.10906285
4-hydroxyacetanilide,130,0.92611041
4-hydroxyacetanilide,125,0.77347824
4-hydroxyacetanilide,120,0.64624012
4-hydroxyacetanilide,115,0.54024316
4-hydroxyacetanilide,110,0.45199149
4-hydroxyacetanilide,105,0.37854702
4-hydroxyacetanilide,100,0.31744442
4-hydroxyacetanilide,95,0.26661852
4-hydroxyacetanilide,90,0.22434219
4-hydroxyacetanilide,85,0.18917335
4-hydroxyacetanilide,80,0.15990980
4-hydroxyacetanilide,75,0.13555081
4-hydroxyacetanilide,70,0.11526449
4-hydroxyacetanilide,65,0.09836023
4-hydroxyacetanilide,60,0.08426532
4-hydroxyacetanilide,55,0.07250535
4-hydroxyacetanilide,50,0.06268769
4-hydroxyacetanilide,45,0.05448764
4-hydroxyacetanilide,40,0.04763694
4-hydroxyacetanilide,35,0.04191408
4-hydroxyacetanilide,30,0.03713634
4-hydroxyacetanilide,25,0.03315321
paraldehyde,160,5.09599302
paraldehyde,155,4.12013475
paraldehyde,150,3.30489967
paraldehyde,145,2.63030477
paraldehyde,140,2.07719081
paraldehyde,135,1.62769678
paraldehyde,130,1.26556097
paraldehyde,125,0.97627367
paraldehyde,120,0.74711346
paraldehyde,115,0.56709648
paraldehyde,110,0.42686819
paraldehyde,105,0.31855983
paraldehyde,100,0.23562762
paraldehyde,95,0.17268765
paraldehyde,90,0.12535542
paraldehyde,85,0.09009569
paraldehyde,80,0.06408580
paraldehyde,75,0.04509417
paraldehyde,70,0.03137396
paraldehyde,65,0.02157166
paraldehyde,60,0.01464954
paraldehyde,55,0.00982055
paraldehyde,50,0.00649454
paraldehyde,45,0.00423424
paraldehyde,40,0.00271964
paraldehyde,35,0.00171963
paraldehyde,30,0.00106955
paraldehyde,25,0.00065381
pentachloroethane,160,3.40136003
pentachloroethane,155,2.86206781
pentachloroethane,150,2.40349242
pentachloroethane,145,2.01463377
pentachloroethane,140,1.68578299
pentachloroethane,135,1.40840825
pentachloroethane,130,1.17504337
pentachloroethane,125,0.97918135
pentachloroethane,120,0.81517351
pentachloroethane,115,0.67813799
pentachloroethane,110,0.56386919
pentachloroethane,105,0.46876073
pentachloroethane,100,0.38973158
pentachloroethane,95,0.32415963
pentachloroethane,90,0.26982172
pentachloroethane,85,0.22483983
pentachloroethane,80,0.18763307
pentachloroethane,75,0.15687516
pentachloroethane,70,0.13145699
pentachloroethane,65,0.11045386
pentachloroethane,60,0.09309703
pentachloroethane,55,0.07874907
pentachloroethane,50,0.06688280
pentachloroethane,45,0.05706318
pentachloroethane,40,0.04893200
pentachloroethane,35,0.04219500
pentachloroethane,30,0.03661093
pentachloroethane,25,0.03198257
pentachlorophenol,160,8.31669564
pentachlorophenol,155,7.91112852
pentachlorophenol,150,7.57742437
pentachlorophenol,145,7.31096078
pentachlorophenol,140,7.10730542
pentachlorophenol,135,6.96266821
pentachlorophenol,130,6.87356486
pentachlorophenol,125,6.83698405
pentachlorophenol,120,6.84986647
pentachlorophenol,115,6.91003788
pentachlorophenol,110,7.01407137
pentachlorophenol,105,7.15904591
pentachlorophenol,100,7.34143747
pentachlorophenol,95,7.55720923
pentachlorophenol,90,7.80204672
pentachlorophenol,85,100.00000000
pentachlorophenol,80,100.00000000
pentachlorophenol,75,100.00000000
pentachlorophenol,70,100.00000000
pentachlorophenol,65,100.00000000
pentachlorophenol,60,100.00000000
pentachlorophenol,55,100.00000000
pentachlorophenol,50,100.00000000
pentachlorophenol,45,100.00000000
pentachlorophenol,40,100.00000000
pentachlorophenol,35,100.00000000
pentachlorophenol,30,100.00000000
pentachlorophenol,25,100.00000000
valeraldehyde,160,10.17604216
valeraldehyde,155,8.40623514
valeraldehyde,150,6.87448340
valeraldehyde,145,5.56633332
valeraldehyde,140,4.46348691
valeraldehyde,135,3.54521010
valeraldehyde,130,2.78966640
valeraldehyde,125,2.17505175
valeraldehyde,120,1.68050074
valeraldehyde,115,1.28671039
valeraldehyde,110,0.97631895
valeraldehyde,105,0.73407662
valeraldehyde,100,0.54685743
valeraldehyde,95,0.40356152
valeraldehyde,90,0.29494749
valeraldehyde,85,0.21342899
valeraldehyde,80,0.15285848
valeraldehyde,75,0.10831465
valeraldehyde,70,0.07590349
valeraldehyde,65,0.05257879
valeraldehyde,60,0.03598434
valeraldehyde,55,0.02431828
valeraldehyde,50,0.01621861
valeraldehyde,45,0.01066799
valeraldehyde,40,0.00691590
valeraldehyde,35,0.00441571
valeraldehyde,30,0.00277465
valeraldehyde,25,0.00171443
pentane,160,0.81585394
pentane,155,0.61033553
pentane,150,0.45361061
pentane,145,0.33474051
pentane,140,0.24513446
pentane,135,0.17804841
pentane,130,0.12819738
pentane,125,0.09145299
pentane,120,0.06460460
pentane,115,0.04516914
pentane,110,0.03123877
pentane,105,0.02135867
pentane,100,0.01442876
pentane,95,0.00962487
pentane,90,0.00633575
pentane,85,0.00411294
pentane,80,0.00263122
pentane,75,0.00165766
pentane,70,0.00102764
pentane,65,0.00062638
pentane,60,0.00037507
pentane,55,0.00022044
pentane,50,0.00012704
pentane,45,0.00007172
pentane,40,0.00003962
pentane,35,0.00002139
pentane,30,0.00001128
pentane,25,0.00000580
n-bucooh,160,22.18083725
n-bucooh,155,20.60939663
n-bucooh,150,19.15097005
n-bucooh,145,17.80278427
n-bucooh,140,16.56119909
n-bucooh,135,15.42283333
n-bucooh,130,14.38355094
n-bucooh,125,13.43945034
n-bucooh,120,12.58595488
n-bucooh,115,11.81862089
n-bucooh,110,11.13303501
n-bucooh,105,10.52489902
n-bucooh,100,9.99010668
n-bucooh,95,9.52493739
n-bucooh,90,9.12565160
n-bucooh,85,8.78903879
n-bucooh,80,8.51271017
n-bucooh,75,8.29389128
n-bucooh,70,8.13092760
n-bucooh,65,8.02205458
n-bucooh,60,7.96572285
n-bucooh,55,7.96159434
n-bucooh,50,8.00846762
n-bucooh,45,8.10592552
n-bucooh,40,8.25250534
n-bucooh,35,8.44786605
n-bucooh,30,8.69067155
n-bucooh,25,8.97860931
tetrafluoroethene,160,0.16600331
tetrafluoroethene,155,0.12023164
tetrafluoroethene,150,0.08642381
tetrafluoroethene,145,0.06161892
tetrafluoroethene,140,0.04355380
tetrafluoroethene,135,0.03050298
tetrafluoroethene,130,0.02115629
tetrafluoroethene,125,0.01452434
tetrafluoroethene,120,0.00986483
tetrafluoroethene,115,0.00662510
tetrafluoroethene,110,0.00439717
tetrafluoroethene,105,0.00288266
tetrafluoroethene,100,0.00186554
tetrafluoroethene,95,0.00119110
tetrafluoroethene,90,0.00074982
tetrafluoroethene,85,0.00046510
tetrafluoroethene,80,0.00028407
tetrafluoroethene,75,0.00017072
tetrafluoroethene,70,0.00010088
tetrafluoroethene,65,0.00005856
tetrafluoroethene,60,0.00003337
tetrafluoroethene,55,0.00001865
tetrafluoroethene,50,0.00001021
tetrafluoroethene,45,0.00000547
tetrafluoroethene,40,0.00000287
tetrafluoroethene,35,0.00000147
tetrafluoroethene,30,0.00000073
tetrafluoroethene,25,0.00000036
decafluorobutane,160,0.00109158
decafluorobutane,155,0.00074310
decafluorobutane,150,0.00050048
decafluorobutane,145,0.00033333
decafluorobutane,140,0.00021945
decafluorobutane,135,0.00014273
decafluorobutane,130,0.00009167
decafluorobutane,125,0.00005811
decafluorobutane,120,0.00003633
decafluorobutane,115,0.00002239
decafluorobutane,110,0.00001360
decafluorobutane,105,0.00000813
decafluorobutane,100,0.00000478
decafluorobutane,95,0.00000276
decafluorobutane,90,0.00000157
decafluorobutane,85,0.00000088
decafluorobutane,80,0.00000048
decafluorobutane,75,0.00000026
decafluorobutane,70,0.00000013
decafluorobutane,65,0.00000007
decafluorobutane,60,0.00000003
decafluorobutane,55,0.00000002
decafluorobutane,50,0.00000001
decafluorobutane,45,0.00000000
decafluorobutane,40,0.00000000
decafluorobutane,35,0.00000000
decafluorobutane,30,0.00000000
decafluorobutane,25,0.00000000
perfluoroheptane,160,0.00049264
perfluoroheptane,155,0.00033507
perfluoroheptane,150,0.00022546
perfluoroheptane,145,0.00015001
perfluoroheptane,140,0.00009865
perfluoroheptane,135,0.00006409
perfluoroheptane,130,0.00004112
perfluoroheptane,125,0.00002603
perfluoroheptane,120,0.00001625
perfluoroheptane,115,0.00001000
perfluoroheptane,110,0.00000607
perfluoroheptane,105,0.00000362
perfluoroheptane,100,0.00000213
perfluoroheptane,95,0.00000123
perfluoroheptane,90,0.00000070
perfluoroheptane,85,0.00000039
perfluoroheptane,80,0.00000021
perfluoroheptane,75,0.00000011
perfluoroheptane,70,0.00000006
perfluoroheptane,65,0.00000003
perfluoroheptane,60,0.00000002
perfluoroheptane,55,0.00000001
perfluoroheptane,50,0.00000000
perfluoroheptane,45,0.00000000
perfluoroheptane,40,0.00000000
perfluoroheptane,35,0.00000000
perfluoroheptane,30,0.00000000
perfluoroheptane,25,0.00000000
perfluoro-n-hexane,160,0.00060590
perfluoro-n-hexane,155,0.00041223
perfluoro-n-hexane,150,0.00027747
perfluoro-n-hexane,145,0.00018468
perfluoro-n-hexane,140,0.00012150
perfluoro-n-hexane,135,0.00007896
perfluoro-n-hexane,130,0.00005068
perfluoro-n-hexane,125,0.00003210
perfluoro-n-hexane,120,0.00002005
perfluoro-n-hexane,115,0.00001235
perfluoro-n-hexane,110,0.00000749
perfluoro-n-hexane,105,0.00000447
perfluoro-n-hexane,100,0.00000263
perfluoro-n-hexane,95,0.00000152
perfluoro-n-hexane,90,0.00000086
perfluoro-n-hexane,85,0.00000048
perfluoro-n-hexane,80,0.00000026
perfluoro-n-hexane,75,0.00000014
perfluoro-n-hexane,70,0.00000007
perfluoro-n-hexane,65,0.00000004
perfluoro-n-hexane,60,0.00000002
perfluoro-n-hexane,55,0.00000001
perfluoro-n-hexane,50,0.00000000
perfluoro-n-hexane,45,0.00000000
perfluoro-n-hexane,40,0.00000000
perfluoro-n-hexane,35,0.00000000
perfluoro-n-hexane,30,0.00000000
perfluoro-n-hexane,25,0.00000000
perfluoromethylcyclohexane,160,0.00060320
perfluoromethylcyclohexane,155,0.00041022
perfluoromethylcyclohexane,150,0.00027599
perfluoromethylcyclohexane,145,0.00018361
perfluoromethylcyclohexane,140,0.00012073
perfluoromethylcyclohexane,135,0.00007842
perfluoromethylcyclohexane,130,0.00005030
perfluoromethylcyclohexane,125,0.00003184
perfluoromethylcyclohexane,120,0.00001988
perfluoromethylcyclohexane,115,0.00001223
perfluoromethylcyclohexane,110,0.00000741
perfluoromethylcyclohexane,105,0.00000442
perfluoromethylcyclohexane,100,0.00000260
perfluoromethylcyclohexane,95,0.00000150
perfluoromethylcyclohexane,90,0.00000085
perfluoromethylcyclohexane,85,0.00000047
perfluoromethylcyclohexane,80,0.00000026
perfluoromethylcyclohexane,75,0.00000014
perfluoromethylcyclohexane,70,0.00000007
perfluoromethylcyclohexane,65,0.00000004
perfluoromethylcyclohexane,60,0.00000002
perfluoromethylcyclohexane,55,0.00000001
perfluoromethylcyclohexane,50,0.00000000
perfluoromethylcyclohexane,45,0.00000000
perfluoromethylcyclohexane,40,0.00000000
perfluoromethylcyclohexane,35,0.00000000
perfluoromethylcyclohexane,30,0.00000000
perfluoromethylcyclohexane,25,0.00000000
perfluoropentane,160,0.00078424
perfluoropentane,155,0.00053372
perfluoropentane,150,0.00035935
perfluoropentane,145,0.00023926
perfluoropentane,140,0.00015746
perfluoropentane,135,0.00010237
perfluoropentane,130,0.00006573
perfluoropentane,125,0.00004164
perfluoropentane,120,0.00002603
perfluoropentane,115,0.00001603
perfluoropentane,110,0.00000973
perfluoropentane,105,0.00000581
perfluoropentane,100,0.00000342
perfluoropentane,95,0.00000198
perfluoropentane,90,0.00000112
perfluoropentane,85,0.00000062
perfluoropentane,80,0.00000034
perfluoropentane,75,0.00000018
perfluoropentane,70,0.00000010
perfluoropentane,65,0.00000005
perfluoropentane,60,0.00000002
perfluoropentane,55,0.00000001
perfluoropentane,50,0.00000001
perfluoropentane,45,0.00000000
perfluoropentane,40,0.00000000
perfluoropentane,35,0.00000000
perfluoropentane,30,0.00000000
perfluoropentane,25,0.00000000
ethoxybenzene,160,4.25515302
ethoxybenzene,155,3.38609808
ethoxybenzene,150,2.67384482
ethoxybenzene,145,2.09525563
ethoxybenzene,140,1.62925114
ethoxybenzene,135,1.25704463
ethoxybenzene,130,0.96219570
ethoxybenzene,125,0.73053877
ethoxybenzene,120,0.55003160
ethoxybenzene,115,0.41055928
ethoxybenzene,110,0.30371785
ethoxybenzene,105,0.22259612
ethoxybenzene,100,0.16156577
ethoxybenzene,95,0.11608682
ethoxybenzene,90,0.08253187
ethoxybenzene,85,0.05803035
ethoxybenzene,80,0.04033290
ethoxybenzene,75,0.02769468
ethoxybenzene,70,0.01877646
ethoxybenzene,65,0.01256159
ethoxybenzene,60,0.00828718
ethoxybenzene,55,0.00538768
ethoxybenzene,50,0.00344917
ethoxybenzene,45,0.00217277
ethoxybenzene,40,0.00134569
ethoxybenzene,35,0.00081872
ethoxybenzene,30,0.00048887
ethoxybenzene,25,0.00028622
phenol,160,34.83929244
phenol,155,33.69768139
phenol,150,32.65679158
phenol,145,31.71791020
phenol,140,30.87782526
phenol,135,30.13359375
phenol,130,100.00000000
phenol,125,100.00000000
phenol,120,100.00000000
phenol,115,100.00000000
phenol,110,100.00000000
phenol,105,100.00000000
phenol,100,100.00000000
phenol,95,100.00000000
phenol,90,100.00000000
phenol,85,100.00000000
phenol,80,100.00000000
phenol,75,100.00000000
phenol,70,100.00000000
phenol,65,100.00000000
phenol,60,100.00000000
phenol,55,100.00000000
phenol,50,100.00000000
phenol,45,100.00000000
phenol,40,100.00000000
phenol,35,100.00000000
phenol,30,100.00000000
phenol,25,100.00000000
phenylacetate,160,3.60630099
phenylacetate,155,2.86613042
phenylacetate,150,2.26137946
phenylacetate,145,1.77126724
phenylacetate,140,1.37719609
phenylacetate,135,1.06281082
phenylacetate,130,0.81394118
phenylacetate,125,0.61846877
phenylacetate,120,0.46614877
phenylacetate,115,0.34841147
phenylacetate,110,0.25815838
phenylacetate,105,0.18956451
phenylacetate,100,0.13789322
phenylacetate,95,0.09932743
phenylacetate,90,0.07081881
phenylacetate,85,0.04995528
phenylacetate,80,0.03484618
phenylacetate,75,0.02402396
phenylacetate,70,0.01636103
phenylacetate,65,0.01100022
phenylacetate,60,0.00729709
phenylacetate,55,0.00477279
phenylacetate,50,0.00307590
phenylacetate,45,0.00195180
phenylacetate,40,0.00121850
phenylacetate,35,0.00074781
phenylacetate,30,0.00045077
phenylacetate,25,0.00026664
phenylacetonitrile,160,2.87715805
phenylacetonitrile,155,2.26233232
phenylacetonitrile,150,1.76789623
phenylacetonitrile,145,1.37278488
phenylacetonitrile,140,1.05904423
phenylacetonitrile,135,0.81151692
phenylacetonitrile,130,0.61751351
phenylacetonitrile,125,0.46649113
phenylacetonitrile,120,0.34975280
phenylacetonitrile,115,0.26017385
phenylacetonitrile,110,0.19195790
phenylacetonitrile,105,0.14042193
phenylacetonitrile,100,0.10180966
phenylacetonitrile,95,0.07313043
phenylacetonitrile,90,0.05202160
phenylacetonitrile,85,0.03663179
phenylacetonitrile,80,0.02552258
phenylacetonitrile,75,0.01758637
phenylacetonitrile,70,0.01197831
phenylacetonitrile,65,0.00806037
phenylacetonitrile,60,0.00535569
phenylacetonitrile,55,0.00351175
phenylacetonitrile,50,0.00227099
phenylacetonitrile,45,0.00144748
phenylacetonitrile,40,0.00090870
phenylacetonitrile,35,0.00056148
phenylacetonitrile,30,0.00034121
phenylacetonitrile,25,0.00020377
ethynylbenzene,160,8.84604944
ethynylbenzene,155,7.36925388
ethynylbenzene,150,6.09101528
ethynylbenzene,145,4.99601718
ethynylbenzene,140,4.06730503
ethynylbenzene,135,3.28714800
ethynylbenzene,130,2.63778092
ethynylbenzene,125,2.10201585
ethynylbenzene,120,1.66368757
ethynylbenzene,115,1.30796575
ethynylbenzene,110,1.02152429
ethynylbenzene,105,0.79260423
ethynylbenzene,100,0.61099327
ethynylbenzene,95,0.46794642
ethynylbenzene,90,0.35606918
ethynylbenzene,85,0.26918006
ethynylbenzene,80,0.20216586
ethynylbenzene,75,0.15083810
ethynylbenzene,70,0.11179738
ethynylbenzene,65,0.08230894
ethynylbenzene,60,0.06019142
ethynylbenzene,55,0.04371924
ethynylbenzene,50,0.03153853
ethynylbenzene,45,0.02259564
ethynylbenzene,40,0.01607718
ethynylbenzene,35,0.01136030
ethynylbenzene,30,0.00797193
ethynylbenzene,25,0.00555567
phenyl-hydrazine,160,6.50990150
phenyl-hydrazine,155,5.30943806
phenyl-hydrazine,150,4.29924495
phenyl-hydrazine,145,3.45694921
phenyl-hydrazine,140,2.76070326
phenyl-hydrazine,135,2.18988621
phenyl-hydrazine,130,1.72555091
phenyl-hydrazine,125,1.35066843
phenyl-hydrazine,120,1.05021203
phenyl-hydrazine,115,0.81112644
phenyl-hydrazine,110,0.62222075
phenyl-hydrazine,105,0.47401502
phenyl-hydrazine,100,0.35856364
phenyl-hydrazine,95,0.26927151
phenyl-hydrazine,90,0.20071396
phenyl-hydrazine,85,0.14846737
phenyl-hydrazine,80,0.10895443
phenyl-hydrazine,75,0.07930574
phenyl-hydrazine,70,0.05723839
phenyl-hydrazine,65,0.04095077
phenyl-hydrazine,60,0.02903284
phenyl-hydrazine,55,0.02039026
phenyl-hydrazine,50,0.01418098
phenyl-hydrazine,45,0.00976286
phenyl-hydrazine,40,0.00665063
phenyl-hydrazine,35,0.00448108
phenyl-hydrazine,30,0.00298503
phenyl-hydrazine,25,0.00196499
carbonicdichloride,160,5.85222552
carbonicdichloride,155,4.56538703
carbonicdichloride,150,3.52869561
carbonicdichloride,145,2.70399010
carbonicdichloride,140,2.05503502
carbonicdichloride,135,1.54929013
carbonicdichloride,130,1.15863194
carbonicdichloride,125,0.85940595
carbonicdichloride,120,0.63209903
carbonicdichloride,115,0.46085567
carbonicdichloride,110,0.33294298
carbonicdichloride,105,0.23823775
carbonicdichloride,100,0.16876424
carbonicdichloride,95,0.11829268
carbonicdichloride,90,0.08199892
carbonicdichloride,85,0.05618029
carbonicdichloride,80,0.03802120
carbonicdichloride,75,0.02540164
carbonicdichloride,70,0.01674198
carbonicdichloride,65,0.01087833
carbonicdichloride,60,0.00696329
carbonicdichloride,55,0.00438768
carbonicdichloride,50,0.00271942
carbonicdichloride,45,0.00165643
carbonicdichloride,40,0.00099070
carbonicdichloride,35,0.00058127
carbonicdichloride,30,0.00033423
carbonicdichloride,25,0.00018814
phosphoricacid,160,14.80020141
phosphoricacid,155,15.20028838
phosphoricacid,150,15.66799523
phosphoricacid,145,100.00000000
phosphoricacid,140,100.00000000
phosphoricacid,135,100.00000000
phosphoricacid,130,100.00000000
phosphoricacid,125,100.00000000
phosphoricacid,120,100.00000000
phosphoricacid,115,100.00000000
phosphoricacid,110,100.00000000
phosphoricacid,105,100.00000000
phosphoricacid,100,100.00000000
phosphoricacid,95,100.00000000
phosphoricacid,90,100.00000000
phosphoricacid,85,100.00000000
phosphoricacid,80,100.00000000
phosphoricacid,75,100.00000000
phosphoricacid,70,100.00000000
phosphoricacid,65,100.00000000
phosphoricacid,60,100.00000000
phosphoricacid,55,100.00000000
phosphoricacid,50,100.00000000
phosphoricacid,45,100.00000000
phosphoricacid,40,100.00000000
phosphoricacid,35,100.00000000
phosphoricacid,30,100.00000000
phosphoricacid,25,100.00000000
pocl3,160,2.52503405
pocl3,155,1.96599302
pocl3,150,1.52091361
pocl3,145,1.16888316
pocl3,140,0.89225526
pocl3,135,0.67630458
pocl3,130,0.50885809
pocl3,125,0.37992985
pocl3,120,0.28138534
pocl3,115,0.20664220
pocl3,110,0.15040922
pocl3,105,0.10846183
pocl3,100,0.07745090
pocl3,95,0.05474112
pocl3,90,0.03827538
pocl3,85,0.02646154
pocl3,80,0.01807842
pocl3,75,0.01219844
pocl3,70,0.00812424
pocl3,65,0.00533726
pocl3,60,0.00345637
pocl3,55,0.00220486
pocl3,50,0.00138446
pocl3,45,0.00085501
pocl3,40,0.00051891
pocl3,35,0.00030922
pocl3,30,0.00018076
pocl3,25,0.00010355
pcl3,160,0.91860001
pcl3,155,0.69160848
pcl3,150,0.51779021
pcl3,145,0.38524643
pcl3,140,0.28468136
pcl3,135,0.20881810
pcl3,130,0.15195903
pcl3,125,0.10964767
pcl3,120,0.07840694
pcl3,115,0.05553412
pcl3,110,0.03893877
pcl3,105,0.02701375
pcl3,100,0.01853217
pcl3,95,0.01256488
pcl3,90,0.00841443
pcl3,85,0.00556238
pcl3,80,0.00362734
pcl3,75,0.00233195
pcl3,70,0.00147690
pcl3,65,0.00092081
pcl3,60,0.00056472
pcl3,55,0.00034041
pcl3,50,0.00020151
pcl3,45,0.00011704
pcl3,40,0.00006663
pcl3,35,0.00003714
pcl3,30,0.00002026
pcl3,25,0.00001079
phthalicanhydride,160,2.64413559
phthalicanhydride,155,2.07509114
phthalicanhydride,150,1.61762433
phthalicanhydride,145,1.25240777
phthalicanhydride,140,0.96285489
phthalicanhydride,135,0.73489319
phthalicanhydride,130,0.55670028
phthalicanhydride,125,0.41843124
phthalicanhydride,120,0.31195452
phthalicanhydride,115,0.23060588
phthalicanhydride,110,0.16896545
phthalicanhydride,105,0.12265907
phthalicanhydride,100,0.08818424
phthalicanhydride,95,0.06275909
phthalicanhydride,90,0.04419270
phthalicanhydride,85,0.03077484
phthalicanhydride,80,0.02118281
phthalicanhydride,75,0.01440367
phthalicanhydride,70,0.00966966
phthalicanhydride,65,0.00640517
phthalicanhydride,60,0.00418360
phthalicanhydride,55,0.00269261
phthalicanhydride,50,0.00170643
phthalicanhydride,45,0.00106405
phthalicanhydride,40,0.00065231
phthalicanhydride,35,0.00039281
phthalicanhydride,30,0.00023215
phthalicanhydride,25,0.00013453
"2,4,6-trinitrophenol",160,9.63987723
"2,4,6-trinitrophenol",155,8.58508660
"2,4,6-trinitrophenol",150,7.62195726
"2,4,6-trinitrophenol",145,6.74633872
"2,4,6-trinitrophenol",140,5.95367627
"2,4,6-trinitrophenol",135,5.23934006
"2,4,6-trinitrophenol",130,4.59896186
"2,4,6-trinitrophenol",125,4.02782520
"2,4,6-trinitrophenol",120,3.52130192
"2,4,6-trinitrophenol",115,3.07469334
"2,4,6-trinitrophenol",110,2.68327264
"2,4,6-trinitrophenol",105,2.34243485
"2,4,6-trinitrophenol",100,2.04763874
"2,4,6-trinitrophenol",95,1.79453675
"2,4,6-trinitrophenol",90,1.57898046
"2,4,6-trinitrophenol",85,1.39712924
"2,4,6-trinitrophenol",80,1.24549839
"2,4,6-trinitrophenol",75,1.12102503
"2,4,6-trinitrophenol",70,1.02111584
"2,4,6-trinitrophenol",65,0.94374298
"2,4,6-trinitrophenol",60,0.88750733
"2,4,6-trinitrophenol",55,0.85176894
"2,4,6-trinitrophenol",50,0.83677151
"2,4,6-trinitrophenol",45,0.84384774
"2,4,6-trinitrophenol",40,0.87560589
"2,4,6-trinitrophenol",35,0.93612446
"2,4,6-trinitrophenol",30,1.03088653
"2,4,6-trinitrophenol",25,1.16625364
piperazine,160,12.32965423
piperazine,155,10.39159797
piperazine,150,8.67420215
piperazine,145,7.17161980
piperazine,140,5.87351377
piperazine,135,4.76593552
piperazine,130,3.83227832
piperazine,125,3.05435938
piperazine,120,2.41339831
piperazine,115,1.89088357
piperazine,110,1.46924201
piperazine,105,1.13229700
piperazine,100,0.86554570
piperazine,95,0.65627147
piperazine,90,0.49353635
piperazine,85,0.36808878
piperazine,80,0.27221849
piperazine,75,0.19958485
piperazine,70,0.14503598
piperazine,65,0.10443273
piperazine,60,0.07448460
piperazine,55,0.05260218
piperazine,50,0.03676798
piperazine,45,0.02542543
piperazine,40,0.01738546
piperazine,35,0.01174878
piperazine,30,0.00784221
piperazine,25,0.00516722
piperidine,160,10.94566889
piperidine,155,9.17925146
piperidine,150,7.63298571
piperidine,145,6.29451971
piperidine,140,5.14849795
piperidine,135,4.17759238
piperidine,130,3.36338441
piperidine,125,2.68722963
piperidine,120,2.13095645
piperidine,115,1.67740348
piperidine,110,1.31077754
piperidine,105,1.01687415
piperidine,100,0.78316232
piperidine,95,0.59877406
piperidine,90,0.45442411
piperidine,85,0.34228495
piperidine,80,0.25583706
piperidine,75,0.18970977
piperidine,70,0.13952381
piperidine,65,0.10174225
piperidine,60,0.07353442
piperidine,55,0.05265479
piperidine,50,0.03733738
piperidine,45,0.02620523
piperidine,40,0.01819399
piperidine,35,0.01248817
piperidine,30,0.00846861
piperidine,25,0.00566963
propane,160,2.99961925
propane,155,2.22383382
propane,150,1.64049255
propane,145,1.20320780
propane,140,0.87674531
propane,135,0.63424966
propane,130,0.45520009
propane,125,0.32389928
propane,120,0.22835020
propane,115,0.15940404
propane,110,0.11011043
propane,105,0.07521648
propane,100,0.05077787
propane,95,0.03385550
propane,90,0.02227853
propane,85,0.01445929
propane,80,0.00924912
propane,75,0.00582670
propane,70,0.00361224
propane,65,0.00220195
propane,60,0.00131869
propane,55,0.00077516
propane,50,0.00044683
propane,45,0.00025232
propane,40,0.00013943
propane,35,0.00007531
propane,30,0.00003971
propane,25,0.00002042
2-propynal,160,16.70041382
2-propynal,155,13.94382339
2-propynal,150,11.51142616
2-propynal,145,9.40311411
2-propynal,140,7.60567482
2-propynal,135,6.09614636
2-propynal,130,4.84542244
2-propynal,125,3.82155163
2-propynal,120,2.99235625
2-propynal,115,2.32726142
2-propynal,110,1.79841425
2-propynal,105,1.38123312
2-propynal,100,1.05455042
2-propynal,95,0.80049140
2-propynal,90,0.60420017
2-propynal,85,0.45349247
2-propynal,80,0.33848745
2-propynal,75,0.25125098
2-propynal,70,0.18546807
2-propynal,65,0.13615289
2-propynal,60,0.09939849
2-propynal,55,0.07216521
2-propynal,50,0.05210437
2-propynal,45,0.03741338
2-propynal,40,0.02671789
2-propynal,35,0.01897692
2-propynal,30,0.01340714
2-propynal,25,0.00942299
propanal,160,20.49191394
propanal,155,17.63644028
propanal,150,14.99220940
propanal,145,12.58190891
propanal,140,10.42112582
propanal,135,8.51735187
propanal,130,6.86955941
propanal,125,5.46837560
propanal,120,4.29749270
propanal,115,3.33541341
propanal,110,2.55753965
propanal,105,1.93813198
propanal,100,1.45197480
propanal,95,1.07557539
propanal,90,0.78791649
propanal,85,0.57080290
propanal,80,0.40890832
propanal,75,0.28961885
propanal,70,0.20275851
propanal,65,0.14026177
propanal,60,0.09583701
propanal,55,0.06464852
propanal,50,0.04303154
propanal,45,0.02824655
propanal,40,0.01827334
propanal,35,0.01164248
propanal,30,0.00730007
propanal,25,0.00450108
glycidylaldehyde,160,3.79678940
glycidylaldehyde,155,2.89367460
glycidylaldehyde,150,2.19090079
glycidylaldehyde,145,1.64771959
glycidylaldehyde,140,1.23066470
glycidylaldehyde,135,0.91258539
glycidylaldehyde,130,0.67165489
glycidylaldehyde,125,0.49046237
glycidylaldehyde,120,0.35521345
glycidylaldehyde,115,0.25505047
glycidylaldehyde,110,0.18148358
glycidylaldehyde,105,0.12791982
glycidylaldehyde,100,0.08927616
glycidylaldehyde,95,0.06166397
glycidylaldehyde,90,0.04213273
glycidylaldehyde,85,0.02846332
glycidylaldehyde,80,0.01900233
glycidylaldehyde,75,0.01253002
glycidylaldehyde,70,0.00815601
glycidylaldehyde,65,0.00523759
glycidylaldehyde,60,0.00331627
glycidylaldehyde,55,0.00206897
glycidylaldehyde,50,0.00127102
glycidylaldehyde,45,0.00076831
glycidylaldehyde,40,0.00045666
glycidylaldehyde,35,0.00026667
glycidylaldehyde,30,0.00015287
glycidylaldehyde,25,0.00008596
propanamide,160,1.52494481
propanamide,155,1.18587240
propanamide,150,0.91801758
propanamide,145,0.70726492
propanamide,140,0.54215621
propanamide,135,0.41340354
propanamide,130,0.31349454
propanamide,125,0.23636978
propanamide,120,0.17715813
propanamide,115,0.13195883
propanamide,110,0.09766174
propanamide,105,0.07179893
propanamide,100,0.05242229
propanamide,95,0.03800253
propanamide,90,0.02734627
propanamide,85,0.01952804
propanamide,80,0.01383489
propanamide,75,0.00972131
propanamide,70,0.00677289
propanamide,65,0.00467720
propanamide,60,0.00320046
propanamide,55,0.00216920
propanamide,50,0.00145572
propanamide,45,0.00096689
propanamide,40,0.00063533
propanamide,35,0.00041281
propanamide,30,0.00026510
propanamide,25,0.00016817
propionicacid,160,26.68326563
propionicacid,155,24.76822588
propionicacid,150,22.97514046
propionicacid,145,21.30545331
propionicacid,140,19.75892351
propionicacid,135,18.33394162
propionicacid,130,17.02858361
propionicacid,125,15.83972425
propionicacid,120,14.76403678
propionicacid,115,13.79721894
propionicacid,110,12.93483601
propionicacid,105,12.17230832
propionicacid,100,11.50507127
propionicacid,95,10.92885085
propionicacid,90,10.43931137
propionicacid,85,10.03268571
propionicacid,80,9.70606938
propionicacid,75,9.45633527
propionicacid,70,9.28132528
propionicacid,65,9.17941999
propionicacid,60,9.14864360
propionicacid,55,9.18837913
propionicacid,50,9.29732335
propionicacid,45,9.47489478
propionicacid,40,9.71881095
propionicacid,35,10.02796072
propionicacid,30,10.39959582
propionicacid,25,10.83026494
"propanoicacid,anhydride",160,5.09419047
"propanoicacid,anhydride",155,4.11027943
"propanoicacid,anhydride",150,3.28955926
"propanoicacid,anhydride",145,2.61161613
"propanoicacid,anhydride",140,2.05686406
"propanoicacid,anhydride",135,1.60704381
"propanoicacid,anhydride",130,1.24553957
"propanoicacid,anhydride",125,0.95753967
"propanoicacid,anhydride",120,0.73007481
"propanoicacid,anhydride",115,0.55196520
"propanoicacid,anhydride",110,0.41370759
"propanoicacid,anhydride",105,0.30732542
"propanoicacid,anhydride",100,0.22620143
"propanoicacid,anhydride",95,0.16490597
"propanoicacid,anhydride",90,0.11903045
"propanoicacid,anhydride",85,0.08503186
"propanoicacid,anhydride",80,0.06009155
"propanoicacid,anhydride",75,0.04198990
"propanoicacid,anhydride",70,0.02899696
"propanoicacid,anhydride",65,0.01977870
"propanoicacid,anhydride",60,0.01331764
"propanoicacid,anhydride",55,0.00884650
"propanoicacid,anhydride",50,0.00579354
"propanoicacid,anhydride",45,0.00373802
"propanoicacid,anhydride",40,0.00237433
"propanoicacid,anhydride",35,0.00148356
"propanoicacid,anhydride",30,0.00091111
"propanoicacid,anhydride",25,0.00054948
propionitrile,160,11.49554494
propionitrile,155,9.27382689
propionitrile,150,7.39731476
propionitrile,145,5.83743969
propionitrile,140,4.55961547
propionitrile,135,3.52680681
propionitrile,130,2.70229087
propionitrile,125,2.05156824
propionitrile,120,1.54350338
propionitrile,115,1.15085746
propionitrile,110,0.85038614
propionitrile,105,0.62265485
propionitrile,100,0.45169189
propionitrile,95,0.32456575
propionitrile,90,0.23094466
propionitrile,85,0.16267372
propionitrile,80,0.11338940
propionitrile,75,0.07818043
propionitrile,70,0.05329710
propionitrile,65,0.03590739
propionitrile,60,0.02389568
propionitrile,55,0.01569916
propionitrile,50,0.01017670
propionitrile,45,0.00650503
propionitrile,40,0.00409755
propionitrile,35,0.00254180
propionitrile,30,0.00155163
propionitrile,25,0.00093140
propionylchloride,160,11.17000761
propionylchloride,155,9.27225267
propionylchloride,150,7.60670808
propionylchloride,145,6.16735312
propionylchloride,140,4.94250907
propionylchloride,135,3.91591330
propionylchloride,130,3.06803790
propionylchloride,125,2.37758429
propionylchloride,120,1.82285101
propionylchloride,115,1.38284895
propionylchloride,110,1.03811226
propionylchloride,105,0.77119291
propionylchloride,100,0.56688897
propionylchloride,95,0.41226965
propionylchloride,90,0.29655929
propionylchloride,85,0.21093837
propionylchloride,80,0.14830357
propionylchloride,75,0.10301749
propionylchloride,70,0.07066756
propionylchloride,65,0.04784562
propionylchloride,60,0.03195349
propionylchloride,55,0.02103624
propionylchloride,50,0.01364239
propionylchloride,45,0.00870888
propionylchloride,40,0.00546814
propionylchloride,35,0.00337409
propionylchloride,30,0.00204420
propionylchloride,25,0.00121486
n-propylamine,160,25.74410585
n-propylamine,155,23.02065209
n-propylamine,150,20.41858238
n-propylamine,145,17.95427019
n-propylamine,140,15.64356640
n-propylamine,135,13.49985050
n-propylamine,130,11.53402758
n-propylamine,125,9.75331079
n-propylamine,120,8.16120348
n-propylamine,115,6.75668958
n-propylamine,110,5.53455206
n-propylamine,105,4.48572441
n-propylamine,100,3.59789550
n-propylamine,95,2.85636853
n-propylamine,90,2.24503203
n-propylamine,85,1.74729974
n-propylamine,80,1.34688236
n-propylamine,75,1.02841897
n-propylamine,70,0.77790063
n-propylamine,65,0.58290340
n-propylamine,60,0.43267396
n-propylamine,55,0.31809542
n-propylamine,50,0.23157687
n-propylamine,45,0.16689821
n-propylamine,40,0.11903499
n-propylamine,35,0.08398155
n-propylamine,30,0.05858311
n-propylamine,25,0.04038386
1-chloropropane,160,9.15948404
1-chloropropane,155,7.36496916
1-chloropropane,150,5.85571168
1-chloropropane,145,4.60595586
1-chloropropane,140,3.58581254
1-chloropropane,135,2.76400750
1-chloropropane,130,2.11000415
1-chloropropane,125,1.59543545
1-chloropropane,120,1.19492024
1-chloropropane,115,0.88640161
1-chloropropane,110,0.65115310
1-chloropropane,105,0.47357749
1-chloropropane,100,0.34089317
1-chloropropane,95,0.24277398
1-chloropropane,90,0.17098409
1-chloropropane,85,0.11903390
1-chloropropane,80,0.08186883
1-chloropropane,75,0.05559711
1-chloropropane,70,0.03725686
1-chloropropane,65,0.02462052
1-chloropropane,60,0.01603333
1-chloropropane,55,0.01028172
1-chloropropane,50,0.00648760
1-chloropropane,45,0.00402457
1-chloropropane,40,0.00245239
1-chloropropane,35,0.00146654
1-chloropropane,30,0.00085981
1-chloropropane,25,0.00049369
n-propylformate,160,11.22774266
n-propylformate,155,9.35094997
n-propylformate,150,7.70578510
n-propylformate,145,6.28359304
n-propylformate,140,5.07095274
n-propylformate,135,4.05082084
n-propylformate,130,3.20373535
n-propylformate,125,2.50908678
n-propylformate,120,1.94623106
n-propylformate,115,1.49536577
n-propylformate,110,1.13816792
n-propylformate,105,0.85817594
n-propylformate,100,0.64096637
n-propylformate,95,0.47416951
n-propylformate,90,0.34737257
n-propylformate,85,0.25195334
n-propylformate,80,0.18087687
n-propylformate,75,0.12848070
n-propylformate,70,0.09026467
n-propylformate,65,0.06269549
n-propylformate,60,0.04303170
n-propylformate,55,0.02917101
n-propylformate,50,0.01952023
n-propylformate,45,0.01288638
n-propylformate,40,0.00838714
n-propylformate,35,0.00537823
n-propylformate,30,0.00339544
n-propylformate,25,0.00210887
propylmethacrylate,160,4.25600890
propylmethacrylate,155,3.42222642
propylmethacrylate,150,2.73280141
propylmethacrylate,145,2.16723464
propylmethacrylate,140,1.70682630
propylmethacrylate,135,1.33483464
propylmethacrylate,130,1.03650802
propylmethacrylate,125,0.79902667
propylmethacrylate,120,0.61138484
propylmethacrylate,115,0.46423738
propylmethacrylate,110,0.34972897
propylmethacrylate,105,0.26131872
propylmethacrylate,100,0.19360926
propylmethacrylate,95,0.14218572
propylmethacrylate,90,0.10346801
propylmethacrylate,85,0.07457808
propylmethacrylate,80,0.05322242
propylmethacrylate,75,0.03758962
propylmethacrylate,70,0.02626220
propylmethacrylate,65,0.01814143
propylmethacrylate,60,0.01238409
propylmethacrylate,55,0.00834969
propylmethacrylate,50,0.00555695
propylmethacrylate,45,0.00364834
propylmethacrylate,40,0.00236136
propylmethacrylate,35,0.00150569
propylmethacrylate,30,0.00094514
propylmethacrylate,25,0.00058358
propene,160,19.44504519
propene,155,15.97579211
propene,150,12.90301729
propene,145,10.25405132
propene,140,8.02741465
propene,135,6.19795218
propene,130,4.72477622
propene,125,3.55922075
propene,120,2.65122993
propene,115,1.95359599
propene,110,1.42430260
propene,105,1.02744244
propene,100,0.73323603
propene,95,0.51754977
propene,90,0.36118594
propene,85,0.24911126
propene,80,0.16971642
propene,75,0.11415150
propene,70,0.07575366
propene,65,0.04956860
propene,60,0.03195863
propene,55,0.02028742
propene,50,0.01267016
propene,45,0.00777846
propene,40,0.00469008
propene,35,0.00277485
propene,30,0.00160932
propene,25,0.00091399
propylenecarbonate,160,1.73581244
propylenecarbonate,155,1.33312111
propylenecarbonate,150,1.01817501
propylenecarbonate,145,0.77304819
propylenecarbonate,140,0.58326332
propylenecarbonate,135,0.43715805
propylenecarbonate,130,0.32536326
propylenecarbonate,125,0.24037747
propylenecarbonate,120,0.17621837
propylenecarbonate,115,0.12813715
propylenecarbonate,110,0.09238392
propylenecarbonate,105,0.06601489
propylenecarbonate,100,0.04673406
propylenecarbonate,95,0.03276328
propylenecarbonate,90,0.02273595
propylenecarbonate,85,0.01561037
propylenecarbonate,80,0.01059942
propylenecarbonate,75,0.00711386
propylenecarbonate,70,0.00471692
propylenecarbonate,65,0.00308822
propylenecarbonate,60,0.00199530
propylenecarbonate,55,0.00127145
propylenecarbonate,50,0.00079857
propylenecarbonate,45,0.00049404
propylenecarbonate,40,0.00030086
propylenecarbonate,35,0.00018021
propylenecarbonate,30,0.00010609
propylenecarbonate,25,0.00006134
1-chloro-2-propanol,160,11.68797306
1-chloro-2-propanol,155,9.89560885
1-chloro-2-propanol,150,8.30758975
1-chloro-2-propanol,145,6.91653746
1-chloro-2-propanol,140,5.71159357
1-chloro-2-propanol,135,4.67925759
1-chloro-2-propanol,130,3.80414807
1-chloro-2-propanol,125,3.06982368
1-chloro-2-propanol,120,2.45957681
1-chloro-2-propanol,115,1.95707047
1-chloro-2-propanol,110,1.54685044
1-chloro-2-propanol,105,1.21469837
1-chloro-2-propanol,100,0.94783128
1-chloro-2-propanol,95,0.73499054
1-chloro-2-propanol,90,0.56643021
1-chloro-2-propanol,85,0.43384105
1-chloro-2-propanol,80,0.33023250
1-chloro-2-propanol,75,0.24979231
1-chloro-2-propanol,70,0.18773859
1-chloro-2-propanol,65,0.14017428
1-chloro-2-propanol,60,0.10395106
1-chloro-2-propanol,55,0.07654572
1-chloro-2-propanol,50,0.05595133
1-chloro-2-propanol,45,0.04058296
1-chloro-2-propanol,40,0.02919764
1-chloro-2-propanol,35,0.02082715
1-chloro-2-propanol,30,0.01472238
1-chloro-2-propanol,25,0.01030768
propyleneglycol,160,5.04453827
propyleneglycol,155,4.02027034
propyleneglycol,150,3.18746943
propyleneglycol,145,2.51465627
propyleneglycol,140,1.97430086
propyleneglycol,135,1.54273229
propyleneglycol,130,1.19987246
propyleneglycol,125,0.92887912
propyleneglycol,120,0.71575654
propyleneglycol,115,0.54896885
propyleneglycol,110,0.41907705
propyleneglycol,105,0.31840889
propyleneglycol,100,0.24076726
propyleneglycol,95,0.18117611
propyleneglycol,90,0.13566265
propyleneglycol,85,0.10107280
propyleneglycol,80,0.07491609
propyleneglycol,75,0.05523673
propyleneglycol,70,0.04050701
propyleneglycol,65,0.02954001
propyleneglycol,60,0.02141850
propyleneglycol,55,0.01543743
propyleneglycol,50,0.01105776
propyleneglycol,45,0.00786960
propyleneglycol,40,0.00556298
propyleneglycol,35,0.00390475
propyleneglycol,30,0.00272057
propyleneglycol,25,0.00188081
"1-(1,1-dimethylethoxy)-2-propanol",160,4.56759476
"1-(1,1-dimethylethoxy)-2-propanol",155,3.71419264
"1-(1,1-dimethylethoxy)-2-propanol",150,3.00092046
"1-(1,1-dimethylethoxy)-2-propanol",145,2.40918037
"1-(1,1-dimethylethoxy)-2-propanol",140,1.92179732
"1-(1,1-dimethylethoxy)-2-propanol",135,1.52319239
"1-(1,1-dimethylethoxy)-2-propanol",130,1.19945381
"1-(1,1-dimethylethoxy)-2-propanol",125,0.93832617
"1-(1,1-dimethylethoxy)-2-propanol",120,0.72914405
"1-(1,1-dimethylethoxy)-2-propanol",115,0.56272709
"1-(1,1-dimethylethoxy)-2-propanol",110,0.43125246
"1-(1,1-dimethylethoxy)-2-propanol",105,0.32811626
"1-(1,1-dimethylethoxy)-2-propanol",100,0.24779274
"1-(1,1-dimethylethoxy)-2-propanol",95,0.18569732
"1-(1,1-dimethylethoxy)-2-propanol",90,0.13805747
"1-(1,1-dimethylethoxy)-2-propanol",85,0.10179390
"1-(1,1-dimethylethoxy)-2-propanol",80,0.07441337
"1-(1,1-dimethylethoxy)-2-propanol",75,0.05391334
"1-(1,1-dimethylethoxy)-2-propanol",70,0.03869861
"1-(1,1-dimethylethoxy)-2-propanol",65,0.02750897
"1-(1,1-dimethylethoxy)-2-propanol",60,0.01935740
"1-(1,1-dimethylethoxy)-2-propanol",55,0.01347767
"1-(1,1-dimethylethoxy)-2-propanol",50,0.00928038
"1-(1,1-dimethylethoxy)-2-propanol",45,0.00631646
"1-(1,1-dimethylethoxy)-2-propanol",40,0.00424715
"1-(1,1-dimethylethoxy)-2-propanol",35,0.00281954
"1-(1,1-dimethylethoxy)-2-propanol",30,0.00184690
"1-(1,1-dimethylethoxy)-2-propanol",25,0.00119289
1-butoxy-2-propanol,160,4.17603493
1-butoxy-2-propanol,155,3.38395332
1-butoxy-2-propanol,150,2.72512515
1-butoxy-2-propanol,145,2.18098133
1-butoxy-2-propanol,140,1.73463870
1-butoxy-2-propanol,135,1.37098556
1-butoxy-2-propanol,130,1.07667881
1-butoxy-2-propanol,125,0.84007797
1-butoxy-2-propanol,120,0.65113710
1-butoxy-2-propanol,115,0.50127148
1-butoxy-2-propanol,110,0.38321193
1-butoxy-2-propanol,105,0.29085599
1-butoxy-2-propanol,100,0.21912275
1-butoxy-2-propanol,95,0.16381548
1-butoxy-2-propanol,90,0.12149492
1-butoxy-2-propanol,85,0.08936442
1-butoxy-2-propanol,80,0.06516763
1-butoxy-2-propanol,75,0.04709849
1-butoxy-2-propanol,70,0.03372295
1-butoxy-2-propanol,65,0.02391180
1-butoxy-2-propanol,60,0.01678338
1-butoxy-2-propanol,55,0.01165539
1-butoxy-2-propanol,50,0.00800461
1-butoxy-2-propanol,45,0.00543364
1-butoxy-2-propanol,40,0.00364363
1-butoxy-2-propanol,35,0.00241219
1-butoxy-2-propanol,30,0.00157558
1-butoxy-2-propanol,25,0.00101467
1-ethoxy-2-propanol,160,8.19249938
1-ethoxy-2-propanol,155,6.77594401
1-ethoxy-2-propanol,150,5.55778188
1-ethoxy-2-propanol,145,4.52135686
1-ethoxy-2-propanol,140,3.64863376
1-ethoxy-2-propanol,135,2.92105901
1-ethoxy-2-propanol,130,2.32030615
1-ethoxy-2-propanol,125,1.82885212
1-ethoxy-2-propanol,120,1.43040580
1-ethoxy-2-propanol,115,1.11017119
1-ethoxy-2-propanol,110,0.85498023
1-ethoxy-2-propanol,105,0.65331942
1-ethoxy-2-propanol,100,0.49527808
1-ethoxy-2-propanol,95,0.37244352
1-ethoxy-2-propanol,90,0.27776472
1-ethoxy-2-propanol,85,0.20540026
1-ethoxy-2-propanol,80,0.15056323
1-ethoxy-2-propanol,75,0.10937120
1-ethoxy-2-propanol,70,0.07870656
1-ethoxy-2-propanol,65,0.05609012
1-ethoxy-2-propanol,60,0.03956931
1-ethoxy-2-propanol,55,0.02762118
1-ethoxy-2-propanol,50,0.01906941
1-ethoxy-2-propanol,45,0.01301451
1-ethoxy-2-propanol,40,0.00877570
1-ethoxy-2-propanol,35,0.00584319
1-ethoxy-2-propanol,30,0.00383940
1-ethoxy-2-propanol,25,0.00248792
1-ethoxy-2-propanol-acetate,160,4.40372728
1-ethoxy-2-propanol-acetate,155,3.56703446
1-ethoxy-2-propanol-acetate,150,2.86877267
1-ethoxy-2-propanol-acetate,145,2.29084467
1-ethoxy-2-propanol-acetate,140,1.81635591
1-ethoxy-2-propanol-acetate,135,1.42985702
1-ethoxy-2-propanol-acetate,130,1.11747015
1-ethoxy-2-propanol-acetate,125,0.86692428
1-ethoxy-2-propanol-acetate,120,0.66751871
1-ethoxy-2-propanol-acetate,115,0.51003872
1-ethoxy-2-propanol-acetate,110,0.38663962
1-ethoxy-2-propanol-acetate,105,0.29071354
1-ethoxy-2-propanol-acetate,100,0.21674973
1-ethoxy-2-propanol-acetate,95,0.16019606
1-ethoxy-2-propanol-acetate,90,0.11732693
1-ethoxy-2-propanol-acetate,85,0.08512089
1-ethoxy-2-propanol-acetate,80,0.06114971
1-ethoxy-2-propanol-acetate,75,0.04347973
1-ethoxy-2-propanol-acetate,70,0.03058546
1-ethoxy-2-propanol-acetate,65,0.02127488
1-ethoxy-2-propanol-acetate,60,0.01462573
1-ethoxy-2-propanol-acetate,55,0.00993177
1-ethoxy-2-propanol-acetate,50,0.00665794
1-ethoxy-2-propanol-acetate,45,0.00440339
1-ethoxy-2-propanol-acetate,40,0.00287131
1-ethoxy-2-propanol-acetate,35,0.00184465
1-ethoxy-2-propanol-acetate,30,0.00116672
1-ethoxy-2-propanol-acetate,25,0.00072593
1-isopropoxy-2-propanol,160,6.11632751
1-isopropoxy-2-propanol,155,5.01130785
1-isopropoxy-2-propanol,150,4.07609052
1-isopropoxy-2-propanol,145,3.29162719
1-isopropoxy-2-propanol,140,2.63927082
1-isopropoxy-2-propanol,135,2.10128129
1-isopropoxy-2-propanol,130,1.66118605
1-isopropoxy-2-propanol,125,1.30400333
1-isopropoxy-2-propanol,120,1.01634963
1-isopropoxy-2-propanol,115,0.78645590
1-isopropoxy-2-propanol,110,0.60411608
1-isopropoxy-2-propanol,105,0.46059054
1-isopropoxy-2-propanol,100,0.34848016
1-isopropoxy-2-propanol,95,0.26158684
1-isopropoxy-2-propanol,90,0.19476988
1-isopropoxy-2-propanol,85,0.14380578
1-isopropoxy-2-propanol,80,0.10525617
1-isopropoxy-2-propanol,75,0.07634682
1-isopropoxy-2-propanol,70,0.05485924
1-isopropoxy-2-propanol,65,0.03903504
1-isopropoxy-2-propanol,60,0.02749306
1-isopropoxy-2-propanol,55,0.01915843
1-isopropoxy-2-propanol,50,0.01320247
1-isopropoxy-2-propanol,45,0.00899261
1-isopropoxy-2-propanol,40,0.00605079
1-isopropoxy-2-propanol,35,0.00401956
1-isopropoxy-2-propanol,30,0.00263459
1-isopropoxy-2-propanol,25,0.00170264
1-methoxy2-propanol,160,11.55914404
1-methoxy2-propanol,155,9.70839585
1-methoxy2-propanol,150,8.07534489
1-methoxy2-propanol,145,6.65246175
1-methoxy2-propanol,140,5.42821655
1-methoxy2-propanol,135,4.38782385
1-methoxy2-propanol,130,3.51428100
1-methoxy2-propanol,125,2.78932620
1-methoxy2-propanol,120,2.19438813
1-methoxy2-propanol,115,1.71137380
1-methoxy2-propanol,110,1.32325258
1-methoxy2-propanol,105,1.01446636
1-methoxy2-propanol,100,0.77115028
1-methoxy2-propanol,95,0.58121161
1-methoxy2-propanol,90,0.43429894
1-methoxy2-propanol,85,0.32169646
1-methoxy2-propanol,80,0.23617269
1-methoxy2-propanol,75,0.17180745
1-methoxy2-propanol,70,0.12381324
1-methoxy2-propanol,65,0.08836298
1-methoxy2-propanol,60,0.06243085
1-methoxy2-propanol,55,0.04364993
1-methoxy2-propanol,50,0.03018807
1-methoxy2-propanol,45,0.02064185
1-methoxy2-propanol,40,0.01394759
1-methoxy2-propanol,35,0.00930773
1-methoxy2-propanol,30,0.00613083
1-methoxy2-propanol,25,0.00398327
1-methoxy-2-acetoxypropane,160,5.25947202
1-methoxy-2-acetoxypropane,155,4.27216765
1-methoxy-2-acetoxypropane,150,3.44363711
1-methoxy-2-acetoxypropane,145,2.75474049
1-methoxy-2-acetoxypropane,140,2.18704176
1-methoxy-2-acetoxypropane,135,1.72325944
1-methoxy-2-acetoxypropane,130,1.34756402
1-methoxy-2-acetoxypropane,125,1.04574144
1-methoxy-2-acetoxypropane,120,0.80524691
1-methoxy-2-acetoxypropane,115,0.61517750
1-methoxy-2-acetoxypropane,110,0.46618520
1-methoxy-2-acetoxypropane,105,0.35035399
1-methoxy-2-acetoxypropane,100,0.26105652
1-methoxy-2-acetoxypropane,95,0.19280319
1-methoxy-2-acetoxypropane,90,0.14109280
1-methoxy-2-acetoxypropane,85,0.10227065
1-methoxy-2-acetoxypropane,80,0.07339786
1-methoxy-2-acetoxypropane,75,0.05213374
1-methoxy-2-acetoxypropane,70,0.03663199
1-methoxy-2-acetoxypropane,65,0.02545057
1-methoxy-2-acetoxypropane,60,0.01747449
1-methoxy-2-acetoxypropane,55,0.01185065
1-methoxy-2-acetoxypropane,50,0.00793332
1-methoxy-2-acetoxypropane,45,0.00523929
1-methoxy-2-acetoxypropane,40,0.00341119
1-methoxy-2-acetoxypropane,35,0.00218802
1-methoxy-2-acetoxypropane,30,0.00138160
1-methoxy-2-acetoxypropane,25,0.00085814
1-phenoxy-2-propanol,160,4.71852303
1-phenoxy-2-propanol,155,3.86702221
1-phenoxy-2-propanol,150,3.14937995
1-phenoxy-2-propanol,145,2.54907766
1-phenoxy-2-propanol,140,2.05057050
1-phenoxy-2-propanol,135,1.63951207
1-phenoxy-2-propanol,130,1.30288845
1-phenoxy-2-propanol,125,1.02907313
1-phenoxy-2-propanol,120,0.80781932
1-phenoxy-2-propanol,115,0.63020603
1-phenoxy-2-propanol,110,0.48855238
1-phenoxy-2-propanol,105,0.37631214
1-phenoxy-2-propanol,100,0.28795882
1-phenoxy-2-propanol,95,0.21886782
1-phenoxy-2-propanol,90,0.16520169
1-phenoxy-2-propanol,85,0.12380167
1-phenoxy-2-propanol,80,0.09208784
1-phenoxy-2-propanol,75,0.06796906
1-phenoxy-2-propanol,70,0.04976302
1-phenoxy-2-propanol,65,0.03612642
1-phenoxy-2-propanol,60,0.02599465
1-phenoxy-2-propanol,55,0.01853029
1-phenoxy-2-propanol,50,0.01307968
1-phenoxy-2-propanol,45,0.00913661
1-phenoxy-2-propanol,40,0.00631218
1-phenoxy-2-propanol,35,0.00431011
1-phenoxy-2-propanol,30,0.00290667
1-phenoxy-2-propanol,25,0.00193447
1-propoxy-2-propanol,160,5.76963076
1-propoxy-2-propanol,155,4.71425659
1-propoxy-2-propanol,150,3.82471440
1-propoxy-2-propanol,145,3.08137651
1-propoxy-2-propanol,140,2.46534747
1-propoxy-2-propanol,135,1.95890580
1-propoxy-2-propanol,130,1.54579295
1-propoxy-2-propanol,125,1.21137122
1-propoxy-2-propanol,120,0.94267643
1-propoxy-2-propanol,115,0.72839074
1-propoxy-2-propanol,110,0.55876049
1-propoxy-2-propanol,105,0.42547702
1-propoxy-2-propanol,100,0.32153803
1-propoxy-2-propanol,95,0.24110073
1-propoxy-2-propanol,90,0.17933564
1-propoxy-2-propanol,85,0.13228683
1-propoxy-2-propanol,80,0.09674238
1-propoxy-2-propanol,75,0.07011701
1-propoxy-2-propanol,70,0.05034786
1-propoxy-2-propanol,65,0.03580320
1-propoxy-2-propanol,60,0.02520377
1-propoxy-2-propanol,55,0.01755571
1-propoxy-2-propanol,50,0.01209408
1-propoxy-2-propanol,45,0.00823583
1-propoxy-2-propanol,40,0.00554094
1-propoxy-2-propanol,35,0.00368084
1-propoxy-2-propanol,30,0.00241282
1-propoxy-2-propanol,25,0.00155964
2-methylaziridine,160,24.51420905
2-methylaziridine,155,21.66968746
2-methylaziridine,150,18.96984494
2-methylaziridine,145,16.43592629
2-methylaziridine,140,14.08716052
2-methylaziridine,135,11.93877092
2-methylaziridine,130,10.00170593
2-methylaziridine,125,8.28098694
2-methylaziridine,120,6.77577313
2-methylaziridine,115,5.47946268
2-methylaziridine,110,4.38026046
2-methylaziridine,105,3.46224841
2-methylaziridine,100,2.70673525
2-methylaziridine,95,2.09364623
2-methylaziridine,90,1.60273404
2-methylaziridine,85,1.21459458
2-methylaziridine,80,0.91137506
2-methylaziridine,75,0.67718927
2-methylaziridine,70,0.49829565
2-methylaziridine,65,0.36308659
2-methylaziridine,60,0.26195540
2-methylaziridine,55,0.18709152
2-methylaziridine,50,0.13224384
2-methylaziridine,45,0.09248003
2-methylaziridine,40,0.06395896
2-methylaziridine,35,0.04372603
2-methylaziridine,30,0.02953548
2-methylaziridine,25,0.01970016
"1,2-epoxypropane",160,23.43336998
"1,2-epoxypropane",155,20.54913542
"1,2-epoxypropane",150,17.82140541
"1,2-epoxypropane",145,15.27459448
"1,2-epoxypropane",140,12.92996572
"1,2-epoxypropane",135,10.80461340
"1,2-epoxypropane",130,8.90949040
"1,2-epoxypropane",125,7.24842092
"1,2-epoxypropane",120,5.81802533
"1,2-epoxypropane",115,4.60796939
"1,2-epoxypropane",110,3.60209367
"1,2-epoxypropane",105,2.78005320
"1,2-epoxypropane",100,2.11913259
"1,2-epoxypropane",95,1.59593269
"1,2-epoxypropane",90,1.18780231
"1,2-epoxypropane",85,0.87384177
"1,2-epoxypropane",80,0.63551542
"1,2-epoxypropane",75,0.45690529
"1,2-epoxypropane",70,0.32470732
"1,2-epoxypropane",65,0.22805607
"1,2-epoxypropane",60,0.15825388
"1,2-epoxypropane",55,0.10846130
"1,2-epoxypropane",50,0.07338634
"1,2-epoxypropane",45,0.04899575
"1,2-epoxypropane",40,0.03225964
"1,2-epoxypropane",35,0.02093379
"1,2-epoxypropane",30,0.01337911
"1,2-epoxypropane",25,0.00841544
propiolonitrile,160,23.45481320
propiolonitrile,155,20.53104126
propiolonitrile,150,17.81542383
propiolonitrile,145,15.32781277
propiolonitrile,140,13.08034924
propiolonitrile,135,11.07700439
propiolonitrile,130,9.31395683
propiolonitrile,125,7.78084147
propiolonitrile,120,6.46220822
propiolonitrile,115,5.33926073
propiolonitrile,110,4.39139327
propiolonitrile,105,3.59755082
propiolonitrile,100,2.93725552
propiolonitrile,95,2.39132351
propiolonitrile,90,1.94228448
propiolonitrile,85,1.57459611
propiolonitrile,80,1.27468135
propiolonitrile,75,1.03085650
propiolonitrile,70,0.83319044
propiolonitrile,65,0.67332761
propiolonitrile,60,0.54429778
propiolonitrile,55,0.44032797
propiolonitrile,50,0.35666568
propiolonitrile,45,0.28941863
propiolonitrile,40,0.23541307
propiolonitrile,35,0.19207072
propiolonitrile,30,0.15730403
propiolonitrile,25,0.12942738
pulegone,160,3.59383714
pulegone,155,2.90400371
pulegone,150,2.33207625
pulegone,145,1.86114965
pulegone,140,1.47599937
pulegone,135,1.16310344
pulegone,130,0.91059830
pulegone,125,0.70818918
pulegone,120,0.54703156
pulegone,115,0.41959697
pulegone,110,0.31953266
pulegone,105,0.24152237
pulegone,100,0.18115291
pulegone,95,0.13478954
pulegone,90,0.09946209
pulegone,85,0.07276246
pulegone,80,0.05275380
pulegone,75,0.03789089
pulegone,70,0.02695120
pulegone,65,0.01897580
pulegone,60,0.01321923
pulegone,55,0.00910728
pulegone,50,0.00620195
pulegone,45,0.00417244
pulegone,40,0.00277157
pulegone,35,0.00181664
pulegone,30,0.00117419
pulegone,25,0.00074788
pyrazole,160,3.89710837
pyrazole,155,3.07703046
pyrazole,150,2.42175908
pyrazole,145,1.89962719
pyrazole,140,1.48479218
pyrazole,135,1.15622438
pyrazole,130,0.89684653
pyrazole,125,0.69281213
pyrazole,120,0.53291613
pyrazole,115,0.40810852
pyrazole,110,0.31109698
pyrazole,105,0.23602137
pyrazole,100,0.17818698
pyrazole,95,0.13384579
pyrazole,90,0.10001683
pyrazole,85,0.07433901
pyrazole,80,0.05495043
pyrazole,75,0.04038970
pyrazole,70,0.02951540
pyrazole,65,0.02144061
pyrazole,60,0.01547983
pyrazole,55,0.01110617
pyrazole,50,0.00791696
pyrazole,45,0.00560626
pyrazole,40,0.00394305
pyrazole,35,0.00275398
pyrazole,30,0.00190976
pyrazole,25,0.00131466
pyridazine,160,1.73369009
pyridazine,155,1.34200668
pyridazine,150,1.03395198
pyridazine,145,0.79261065
pyridazine,140,0.60435063
pyridazine,135,0.45819238
pyridazine,130,0.34530263
pyridazine,125,0.25858927
pyridazine,120,0.19237390
pyridazine,115,0.14212592
pyridazine,110,0.10424557
pyridazine,105,0.07588619
pyridazine,100,0.05480874
pyridazine,95,0.03926234
pyridazine,90,0.02788658
pyridazine,85,0.01963157
pyridazine,80,0.01369296
pyridazine,75,0.00945929
pyridazine,70,0.00646944
pyridazine,65,0.00437866
pyridazine,60,0.00293154
pyridazine,55,0.00194057
pyridazine,50,0.00126951
pyridazine,45,0.00082035
pyridazine,40,0.00052334
pyridazine,35,0.00032942
pyridazine,30,0.00020447
pyridazine,25,0.00012508
pyridine,160,9.98849729
pyridine,155,8.18625410
pyridine,150,6.64378062
pyridine,145,5.34129340
pyridine,140,4.25532170
pyridine,135,3.36057262
pyridine,130,2.63153474
pyridine,125,2.04368972
pyridine,120,1.57434136
pyridine,115,1.20309988
pyridine,110,0.91208968
pyridine,105,0.68595575
pyridine,100,0.51173394
pyridine,95,0.37864148
pyridine,90,0.27782780
pyridine,85,0.20211459
pyridine,80,0.14574365
pyridine,75,0.10414373
pyridine,70,0.07372188
pyridine,65,0.05168149
pyridine,60,0.03586677
pyridine,55,0.02463197
pyridine,50,0.01673301
pyridine,45,0.01123887
pyridine,40,0.00745996
pyridine,35,0.00489096
pyridine,30,0.00316560
pyridine,25,0.00202148
pyrimidine,160,4.97824491
pyrimidine,155,3.90502502
pyrimidine,150,3.04272192
pyrimidine,145,2.35525260
pyrimidine,140,1.81114338
pyrimidine,135,1.38349302
pyrimidine,130,1.04966940
pyrimidine,125,0.79086323
pyrimidine,120,0.59160088
pyrimidine,115,0.43926505
pyrimidine,110,0.32364984
pyrimidine,105,0.23656238
pyrimidine,100,0.17147443
pyrimidine,95,0.12322246
pyrimidine,90,0.08775313
pyrimidine,85,0.06190915
pyrimidine,80,0.04325096
pyrimidine,75,0.02990927
pyrimidine,70,0.02046428
pyrimidine,65,0.01384745
pyrimidine,60,0.00926227
pyrimidine,55,0.00612097
pyrimidine,50,0.00399436
pyrimidine,45,0.00257250
pyrimidine,40,0.00163413
pyrimidine,35,0.00102323
pyrimidine,30,0.00063114
pyrimidine,25,0.00038321
"1,2,3-trihydroxybenzene",160,100.00000000
"1,2,3-trihydroxybenzene",155,100.00000000
"1,2,3-trihydroxybenzene",150,100.00000000
"1,2,3-trihydroxybenzene",145,100.00000000
"1,2,3-trihydroxybenzene",140,100.00000000
"1,2,3-trihydroxybenzene",135,100.00000000
"1,2,3-trihydroxybenzene",130,100.00000000
"1,2,3-trihydroxybenzene",125,100.00000000
"1,2,3-trihydroxybenzene",120,100.00000000
"1,2,3-trihydroxybenzene",115,100.00000000
"1,2,3-trihydroxybenzene",110,100.00000000
"1,2,3-trihydroxybenzene",105,100.00000000
"1,2,3-trihydroxybenzene",100,100.00000000
"1,2,3-trihydroxybenzene",95,100.00000000
"1,2,3-trihydroxybenzene",90,100.00000000
"1,2,3-trihydroxybenzene",85,100.00000000
"1,2,3-trihydroxybenzene",80,100.00000000
"1,2,3-trihydroxybenzene",75,100.00000000
"1,2,3-trihydroxybenzene",70,100.00000000
"1,2,3-trihydroxybenzene",65,100.00000000
"1,2,3-trihydroxybenzene",60,100.00000000
"1,2,3-trihydroxybenzene",55,100.00000000
"1,2,3-trihydroxybenzene",50,100.00000000
"1,2,3-trihydroxybenzene",45,100.00000000
"1,2,3-trihydroxybenzene",40,100.00000000
"1,2,3-trihydroxybenzene",35,100.00000000
"1,2,3-trihydroxybenzene",30,100.00000000
"1,2,3-trihydroxybenzene",25,100.00000000
pyrrole,160,22.21384272
pyrrole,155,19.69346561
pyrrole,150,17.33223073
pyrrole,145,15.14190498
pyrrole,140,13.13076122
pyrrole,135,11.30355163
pyrrole,130,9.66080900
pyrrole,125,8.19924092
pyrrole,120,6.91219805
pyrrole,115,5.79003762
pyrrole,110,4.82091419
pyrrole,105,3.99144476
pyrrole,100,3.28747733
pyrrole,95,2.69468517
pyrrole,90,2.19912190
pyrrole,85,1.78758728
pyrrole,80,1.44790516
pyrrole,75,1.16907877
pyrrole,70,0.94135335
pyrrole,65,0.75620979
pyrrole,60,0.60630411
pyrrole,55,0.48537957
pyrrole,50,0.38815841
pyrrole,45,0.31022747
pyrrole,40,0.24792495
pyrrole,35,0.19823309
pyrrole,30,0.15867996
pyrrole,25,0.12725167
pyrrolidine,160,20.00638518
pyrrolidine,155,17.60637365
pyrrolidine,150,15.36742343
pyrrolidine,145,13.29882280
pyrrolidine,140,11.40706770
pyrrolidine,135,9.69559743
pyrrolidine,130,8.16476568
pyrrolidine,125,6.81137992
pyrrolidine,120,5.62904558
pyrrolidine,115,4.60851745
pyrrolidine,110,3.73816340
pyrrolidine,105,3.00458560
pyrrolidine,100,2.39337481
pyrrolidine,95,1.88976384
pyrrolidine,90,1.47924813
pyrrolidine,85,1.14805617
pyrrolidine,80,0.88350068
pyrrolidine,75,0.67419097
pyrrolidine,70,0.51012385
pyrrolidine,65,0.38268586
pyrrolidine,60,0.28458551
pyrrolidine,55,0.20974334
pyrrolidine,50,0.15315898
pyrrolidine,45,0.11077001
pyrrolidine,40,0.07931359
pyrrolidine,35,0.05619701
pyrrolidine,30,0.03938113
pyrrolidine,25,0.02727829
2-oxo-propanenitrile,160,3.33156968
2-oxo-propanenitrile,155,2.51663456
2-oxo-propanenitrile,150,1.88906789
2-oxo-propanenitrile,145,1.40867682
2-oxo-propanenitrile,140,1.04318747
2-oxo-propanenitrile,135,0.76689051
2-oxo-propanenitrile,130,0.55942780
2-oxo-propanenitrile,125,0.40476791
2-oxo-propanenitrile,120,0.29035200
2-oxo-propanenitrile,115,0.20639552
2-oxo-propanenitrile,110,0.14532068
2-oxo-propanenitrile,105,0.10129687
2-oxo-propanenitrile,100,0.06986991
2-oxo-propanenitrile,95,0.04766367
2-oxo-propanenitrile,90,0.03214093
2-oxo-propanenitrile,85,0.02141239
2-oxo-propanenitrile,80,0.01408513
2-oxo-propanenitrile,75,0.00914300
2-oxo-propanenitrile,70,0.00585302
2-oxo-propanenitrile,65,0.00369279
2-oxo-propanenitrile,60,0.00229467
2-oxo-propanenitrile,55,0.00140335
2-oxo-propanenitrile,50,0.00084406
2-oxo-propanenitrile,45,0.00049888
2-oxo-propanenitrile,40,0.00028952
2-oxo-propanenitrile,35,0.00016484
2-oxo-propanenitrile,30,0.00009198
2-oxo-propanenitrile,25,0.00005026
quinine,160,1.37145734
quinine,155,1.10006764
quinine,150,0.87761920
quinine,145,0.69625057
quinine,140,0.54918126
quinine,135,0.43059553
quinine,130,0.33553277
quinine,125,0.25978550
quinine,120,0.19980541
quinine,115,0.15261761
quinine,110,0.11574293
quinine,105,0.08712820
quinine,100,0.06508393
quinine,95,0.04822920
quinine,90,0.03544314
quinine,85,0.02582249
quinine,80,0.01864487
quinine,75,0.01333707
quinine,70,0.00944795
quinine,65,0.00662552
quinine,60,0.00459756
quinine,55,0.00315552
quinine,50,0.00214117
quinine,45,0.00143569
quinine,40,0.00095076
quinine,35,0.00062152
quinine,30,0.00040083
quinine,25,0.00025487
chinoline,160,4.06807385
chinoline,155,3.25869326
chinoline,150,2.59272051
chinoline,145,2.04899957
chinoline,140,1.60841873
chinoline,135,1.25402579
chinoline,130,0.97101626
chinoline,125,0.74663252
chinoline,120,0.57000924
chinoline,115,0.43198990
chinoline,110,0.32493247
chinoline,105,0.24251669
chinoline,100,0.17956064
chinoline,95,0.13185154
chinoline,90,0.09599295
chinoline,85,0.06926939
chinoline,80,0.04952812
chinoline,75,0.03507712
chinoline,70,0.02459820
chinoline,65,0.01707372
chinoline,60,0.01172544
chinoline,55,0.00796394
chinoline,50,0.00534735
chinoline,45,0.00354784
chinoline,40,0.00232487
chinoline,35,0.00150392
chinoline,30,0.00095987
chinoline,25,0.00060411
saccharin,160,1.17769602
saccharin,155,0.94974710
saccharin,150,0.76410309
saccharin,145,0.61320163
saccharin,140,0.49080724
saccharin,135,0.39177345
saccharin,130,0.31185003
saccharin,125,0.24752764
saccharin,120,0.19591105
saccharin,115,0.15461491
saccharin,110,0.12167760
saccharin,105,0.09548970
saccharin,100,0.07473414
saccharin,95,0.05833633
saccharin,90,0.04542233
saccharin,85,0.03528379
saccharin,80,0.02734861
saccharin,75,0.02115651
saccharin,70,0.01633849
saccharin,65,0.01259997
saccharin,60,0.00970660
saccharin,55,0.00747275
saccharin,50,0.00575189
saccharin,45,0.00442883
saccharin,40,0.00341336
saccharin,35,0.00263507
saccharin,30,0.00203920
saccharin,25,0.00158334
salicylicaldehyde,160,5.96984013
salicylicaldehyde,155,4.83146272
salicylicaldehyde,150,3.87605785
salicylicaldehyde,145,3.08293032
salicylicaldehyde,140,2.43137751
salicylicaldehyde,135,1.90148061
salicylicaldehyde,130,1.47467747
salicylicaldehyde,125,1.13412289
salicylicaldehyde,120,0.86486991
salicylicaldehyde,115,0.65390727
salicylicaldehyde,110,0.49009674
salicylicaldehyde,105,0.36404317
salicylicaldehyde,100,0.26792634
salicylicaldehyde,95,0.19531585
salicylicaldehyde,90,0.14098423
salicylicaldehyde,85,0.10072798
salicylicaldehyde,80,0.07120277
salicylicaldehyde,75,0.04977567
salicylicaldehyde,70,0.03439562
salicylicaldehyde,65,0.02348193
salicylicaldehyde,60,0.01582975
salicylicaldehyde,55,0.01053115
salicylicaldehyde,50,0.00690998
salicylicaldehyde,45,0.00446891
salicylicaldehyde,40,0.00284681
salicylicaldehyde,35,0.00178502
salicylicaldehyde,30,0.00110087
salicylicaldehyde,25,0.00066726
salicylicacid,160,100.00000000
salicylicacid,155,100.00000000
salicylicacid,150,100.00000000
salicylicacid,145,100.00000000
salicylicacid,140,100.00000000
salicylicacid,135,100.00000000
salicylicacid,130,100.00000000
salicylicacid,125,100.00000000
salicylicacid,120,100.00000000
salicylicacid,115,100.00000000
salicylicacid,110,100.00000000
salicylicacid,105,100.00000000
salicylicacid,100,100.00000000
salicylicacid,95,100.00000000
salicylicacid,90,100.00000000
salicylicacid,85,100.00000000
salicylicacid,80,100.00000000
salicylicacid,75,100.00000000
salicylicacid,70,100.00000000
salicylicacid,65,100.00000000
salicylicacid,60,100.00000000
salicylicacid,55,100.00000000
salicylicacid,50,100.00000000
salicylicacid,45,100.00000000
salicylicacid,40,100.00000000
salicylicacid,35,100.00000000
salicylicacid,30,100.00000000
salicylicacid,25,100.00000000
decanedioicacid,160,9.47755440
decanedioicacid,155,8.57557382
decanedioicacid,150,7.76969892
decanedioicacid,145,7.05194125
decanedioicacid,140,6.41475140
decanedioicacid,135,5.85102858
decanedioicacid,130,5.35416278
decanedioicacid,125,4.91806610
decanedioicacid,120,4.53719435
decanedioicacid,115,4.20656111
decanedioicacid,110,3.92174606
decanedioicacid,105,3.67889986
decanedioicacid,100,3.47474782
decanedioicacid,95,3.30659434
decanedioicacid,90,3.17233010
decanedioicacid,85,3.07044317
decanedioicacid,80,3.00003469
decanedioicacid,75,2.96086102
decanedioicacid,70,2.95328038
decanedioicacid,65,2.97834208
decanedioicacid,60,3.03779172
decanedioicacid,55,3.13399009
decanedioicacid,50,3.26984335
decanedioicacid,45,3.44865008
decanedioicacid,40,3.67380785
decanedioicacid,35,3.94855190
decanedioicacid,30,4.27556786
decanedioicacid,25,4.65620238
sec-butylacetate,160,5.97240414
sec-butylacetate,155,4.85997551
sec-butylacetate,150,3.92394228
sec-butylacetate,145,3.14384521
sec-butylacetate,140,2.49967017
sec-butylacetate,135,1.97244279
sec-butylacetate,130,1.54463569
sec-butylacetate,125,1.20040943
sec-butylacetate,120,0.92571626
sec-butylacetate,115,0.70829995
sec-butylacetate,110,0.53762029
sec-butylacetate,105,0.40472948
sec-butylacetate,100,0.30212069
sec-butylacetate,95,0.22356457
sec-butylacetate,90,0.16394499
sec-butylacetate,85,0.11910158
sec-butylacetate,80,0.08568382
sec-butylacetate,75,0.06101913
sec-butylacetate,70,0.04299614
sec-butylacetate,65,0.02996303
sec-butylacetate,60,0.02064037
sec-butylacetate,55,0.01404729
sec-butylacetate,50,0.00943982
sec-butylacetate,45,0.00625992
sec-butylacetate,40,0.00409380
sec-butylacetate,35,0.00263841
sec-butylacetate,30,0.00167454
sec-butylacetate,25,0.00104581
methylindole,160,12.68493271
methylindole,155,11.18590005
methylindole,150,9.81928934
methylindole,145,8.58054328
methylindole,140,7.46440839
methylindole,135,6.46486809
methylindole,130,5.57509335
methylindole,125,4.78781377
methylindole,120,4.09534054
methylindole,115,3.48982520
methylindole,110,2.96333676
methylindole,105,2.50806755
methylindole,100,2.11642085
methylindole,95,1.78116331
methylindole,90,1.49550295
methylindole,85,1.25314309
methylindole,80,1.04833841
methylindole,75,0.87589728
methylindole,70,0.73118372
methylindole,65,0.61009942
methylindole,60,0.50905442
methylindole,55,0.42493003
methylindole,50,0.35503840
methylindole,45,0.29707732
methylindole,40,0.24908842
methylindole,35,0.20941501
methylindole,30,0.17666307
methylindole,25,0.14966550
octadecanoicacid,160,3.97265681
octadecanoicacid,155,3.54725950
octadecanoicacid,150,3.17556915
octadecanoicacid,145,2.85119923
octadecanoicacid,140,2.56848484
octadecanoicacid,135,2.32241374
octadecanoicacid,130,2.10856323
octadecanoicacid,125,1.92304231
octadecanoicacid,120,1.76243881
octadecanoicacid,115,1.62377105
octadecanoicacid,110,1.50444389
octadecanoicacid,105,1.40220898
octadecanoicacid,100,1.31512901
octadecanoicacid,95,1.24154592
octadecanoicacid,90,1.18005294
octadecanoicacid,85,1.12947045
octadecanoicacid,80,1.08882560
octadecanoicacid,75,1.05733570
octadecanoicacid,70,1.03439540
octadecanoicacid,65,1.01956771
octadecanoicacid,60,1.01257331
octadecanoicacid,55,1.01330681
octadecanoicacid,50,1.02181418
octadecanoicacid,45,1.03831859
octadecanoicacid,40,1.06320024
octadecanoicacid,35,1.09701615
octadecanoicacid,30,1.14051969
octadecanoicacid,25,1.19459973
styrene,160,5.20318636
styrene,155,4.14113341
styrene,150,3.26860665
styrene,145,2.55888610
styrene,140,1.98702649
styrene,135,1.53041609
styrene,130,1.16903718
styrene,125,0.88550921
styrene,120,0.66498579
styrene,115,0.49496267
styrene,110,0.36503893
styrene,105,0.26666116
styrene,100,0.19286961
styrene,95,0.13805891
styrene,90,0.09775950
styrene,85,0.06844303
styrene,80,0.04735239
styrene,75,0.03235551
styrene,70,0.02182147
styrene,65,0.01451671
styrene,60,0.00951928
styrene,55,0.00614861
styrene,50,0.00390888
styrene,45,0.00244387
styrene,40,0.00150134
styrene,35,0.00090543
styrene,30,0.00053554
styrene,25,0.00031034
styreneoxide,160,4.70788706
styreneoxide,155,3.75830745
styreneoxide,150,2.97620193
styreneoxide,145,2.33814192
styreneoxide,140,1.82233273
styreneoxide,135,1.40902301
styreneoxide,130,1.08069574
styreneoxide,125,0.82209570
styreneoxide,120,0.62014362
styreneoxide,115,0.46377865
styreneoxide,110,0.34376135
styreneoxide,105,0.25246038
styreneoxide,100,0.18363918
styreneoxide,95,0.13225256
styreneoxide,90,0.09425959
styreneoxide,85,0.06645558
styreneoxide,80,0.04632439
styreneoxide,75,0.03191052
styreneoxide,70,0.02171018
styreneoxide,65,0.01457953
styreneoxide,60,0.00965837
styreneoxide,55,0.00630753
styreneoxide,50,0.00405795
styreneoxide,45,0.00256997
styreneoxide,40,0.00160098
styreneoxide,35,0.00098021
styreneoxide,30,0.00058932
styreneoxide,25,0.00034761
"dihydro-2,5-furandione",160,0.10949987
"dihydro-2,5-furandione",155,0.07943380
"dihydro-2,5-furandione",150,0.05718723
"dihydro-2,5-furandione",145,0.04084240
"dihydro-2,5-furandione",140,0.02892427
"dihydro-2,5-furandione",135,0.02030370
"dihydro-2,5-furandione",130,0.01412121
"dihydro-2,5-furandione",125,0.00972689
"dihydro-2,5-furandione",120,0.00663282
"dihydro-2,5-furandione",115,0.00447567
"dihydro-2,5-furandione",110,0.00298718
"dihydro-2,5-furandione",105,0.00197110
"dihydro-2,5-furandione",100,0.00128526
"dihydro-2,5-furandione",95,0.00082774
"dihydro-2,5-furandione",90,0.00052625
"dihydro-2,5-furandione",85,0.00033011
"dihydro-2,5-furandione",80,0.00020419
"dihydro-2,5-furandione",75,0.00012447
"dihydro-2,5-furandione",70,0.00007473
"dihydro-2,5-furandione",65,0.00004416
"dihydro-2,5-furandione",60,0.00002566
"dihydro-2,5-furandione",55,0.00001466
"dihydro-2,5-furandione",50,0.00000822
"dihydro-2,5-furandione",45,0.00000453
"dihydro-2,5-furandione",40,0.00000244
"dihydro-2,5-furandione",35,0.00000129
"dihydro-2,5-furandione",30,0.00000067
"dihydro-2,5-furandione",25,0.00000034
butanedinitrile,160,0.00836624
butanedinitrile,155,0.00588261
butanedinitrile,150,0.00410281
butanedinitrile,145,0.00283757
butanedinitrile,140,0.00194555
butanedinitrile,135,0.00132204
butanedinitrile,130,0.00089006
butanedinitrile,125,0.00059353
butanedinitrile,120,0.00039190
butanedinitrile,115,0.00025613
butanedinitrile,110,0.00016564
butanedinitrile,105,0.00010596
butanedinitrile,100,0.00006702
butanedinitrile,95,0.00004190
butanedinitrile,90,0.00002588
butanedinitrile,85,0.00001579
butanedinitrile,80,0.00000951
butanedinitrile,75,0.00000565
butanedinitrile,70,0.00000331
butanedinitrile,65,0.00000191
butanedinitrile,60,0.00000109
butanedinitrile,55,0.00000061
butanedinitrile,50,0.00000034
butanedinitrile,45,0.00000018
butanedinitrile,40,0.00000010
butanedinitrile,35,0.00000005
butanedinitrile,30,0.00000003
butanedinitrile,25,0.00000001
sulfanilamide,160,0.07777383
sulfanilamide,155,0.06003702
sulfanilamide,150,0.04613600
sulfanilamide,145,0.03528841
sulfanilamide,140,0.02686183
sulfanilamide,135,0.02034669
sulfanilamide,130,0.01533392
sulfanilamide,125,0.01149643
sulfanilamide,120,0.00857381
sulfanilamide,115,0.00635975
sulfanilamide,110,0.00469155
sulfanilamide,105,0.00344159
sulfanilamide,100,0.00251032
sulfanilamide,95,0.00182047
sulfanilamide,90,0.00131246
sulfanilamide,85,0.00094059
sulfanilamide,80,0.00067003
sulfanilamide,75,0.00047439
sulfanilamide,70,0.00033381
sulfanilamide,65,0.00023343
sulfanilamide,60,0.00016222
sulfanilamide,55,0.00011202
sulfanilamide,50,0.00007686
sulfanilamide,45,0.00005241
sulfanilamide,40,0.00003551
sulfanilamide,35,0.00002390
sulfanilamide,30,0.00001599
sulfanilamide,25,0.00001063
"tetrahydrothiophene-1,1-dioxide",160,1.05304466
"tetrahydrothiophene-1,1-dioxide",155,0.83011131
"tetrahydrothiophene-1,1-dioxide",150,0.65144084
"tetrahydrothiophene-1,1-dioxide",145,0.50879829
"tetrahydrothiophene-1,1-dioxide",140,0.39539883
"tetrahydrothiophene-1,1-dioxide",135,0.30565675
"tetrahydrothiophene-1,1-dioxide",130,0.23498110
"tetrahydrothiophene-1,1-dioxide",125,0.17960723
"tetrahydrothiophene-1,1-dioxide",120,0.13645763
"tetrahydrothiophene-1,1-dioxide",115,0.10302548
"tetrahydrothiophene-1,1-dioxide",110,0.07727727
"tetrahydrothiophene-1,1-dioxide",105,0.05757099
"tetrahydrothiophene-1,1-dioxide",100,0.04258741
"tetrahydrothiophene-1,1-dioxide",95,0.03127239
"tetrahydrothiophene-1,1-dioxide",90,0.02278845
"tetrahydrothiophene-1,1-dioxide",85,0.01647437
"tetrahydrothiophene-1,1-dioxide",80,0.01181147
"tetrahydrothiophene-1,1-dioxide",75,0.00839564
"tetrahydrothiophene-1,1-dioxide",70,0.00591434
"tetrahydrothiophene-1,1-dioxide",65,0.00412762
"tetrahydrothiophene-1,1-dioxide",60,0.00285278
"tetrahydrothiophene-1,1-dioxide",55,0.00195179
"tetrahydrothiophene-1,1-dioxide",50,0.00132133
"tetrahydrothiophene-1,1-dioxide",45,0.00088472
"tetrahydrothiophene-1,1-dioxide",40,0.00058561
"tetrahydrothiophene-1,1-dioxide",35,0.00038301
"tetrahydrothiophene-1,1-dioxide",30,0.00024739
"tetrahydrothiophene-1,1-dioxide",25,0.00015772
sulfurcyanide,160,1.40382615
sulfurcyanide,155,1.04189821
sulfurcyanide,150,0.76842499
sulfurcyanide,145,0.56282009
sulfurcyanide,140,0.40913553
sulfurcyanide,135,0.29501148
sulfurcyanide,130,0.21088001
sulfurcyanide,125,0.14935196
sulfurcyanide,120,0.10474209
sulfurcyanide,115,0.07269785
sulfurcyanide,110,0.04990739
sulfurcyanide,105,0.03386879
sulfurcyanide,100,0.02270747
sulfurcyanide,95,0.01503167
sulfurcyanide,90,0.00981839
sulfurcyanide,85,0.00632388
sulfurcyanide,80,0.00401364
sulfurcyanide,75,0.00250839
sulfurcyanide,70,0.00154250
sulfurcyanide,65,0.00093258
sulfurcyanide,60,0.00055388
sulfurcyanide,55,0.00032288
sulfurcyanide,50,0.00018456
sulfurcyanide,45,0.00010335
sulfurcyanide,40,0.00005663
sulfurcyanide,35,0.00003034
sulfurcyanide,30,0.00001587
sulfurcyanide,25,0.00000809
so2,160,30.98246865
so2,155,28.48354823
so2,150,26.04029586
so2,145,23.66448771
so2,140,21.36212033
so2,135,19.14496859
so2,130,17.02082017
so2,125,14.99983662
so2,120,13.09060542
so2,115,11.30222054
so2,110,9.64307126
so2,105,8.12086331
so2,100,6.74152385
so2,95,5.50966274
so2,90,4.42759910
so2,85,3.49464612
so2,80,2.70670312
so2,75,2.05603521
so2,70,1.53132297
so2,65,1.11839015
so2,60,0.80126201
so2,55,0.56343552
so2,50,0.38909645
so2,45,0.26402437
so2,40,0.17610740
so2,35,0.11549294
so2,30,0.07447242
so2,25,0.04721054
sulfurylchloride,160,5.27112539
sulfurylchloride,155,4.19675934
sulfurylchloride,150,3.31020370
sulfurylchloride,145,2.58757310
sulfurylchloride,140,2.00517892
sulfurylchloride,135,1.54068558
sulfurylchloride,130,1.17383048
sulfurylchloride,125,0.88677364
sulfurylchloride,120,0.66417416
sulfurylchloride,115,0.49308770
sulfurylchloride,110,0.36276114
sulfurylchloride,105,0.26437935
sulfurylchloride,100,0.19079988
sulfurylchloride,95,0.13629705
sulfurylchloride,90,0.09632721
sulfurylchloride,85,0.06732026
sulfurylchloride,80,0.04649875
sulfurylchloride,75,0.03172378
sulfurylchloride,70,0.02136541
sulfurylchloride,65,0.01419513
sulfurylchloride,60,0.00929763
sulfurylchloride,55,0.00599925
sulfurylchloride,50,0.00381050
sulfurylchloride,45,0.00238056
sulfurylchloride,40,0.00146156
sulfurylchloride,35,0.00088106
sulfurylchloride,30,0.00052100
sulfurylchloride,25,0.00030190
tert-butylacetate,160,5.76333168
tert-butylacetate,155,4.67714236
tert-butylacetate,150,3.76634597
tert-butylacetate,145,3.00981876
tert-butylacetate,140,2.38711410
tert-butylacetate,135,1.87902835
tert-butylacetate,130,1.46796864
tert-butylacetate,125,1.13815346
tert-butylacetate,120,0.87567754
tert-butylacetate,115,0.66847906
tert-butylacetate,110,0.50623876
tert-butylacetate,105,0.38023713
tert-butylacetate,100,0.28318963
tert-butylacetate,95,0.20907463
tert-butylacetate,90,0.15296426
tert-butylacetate,85,0.11086467
tert-butylacetate,80,0.07956968
tert-butylacetate,75,0.05652974
tert-butylacetate,70,0.03973671
tert-butylacetate,65,0.02762422
tert-butylacetate,60,0.01898258
tert-butylacetate,55,0.01288718
tert-butylacetate,50,0.00863880
tert-butylacetate,45,0.00571456
tert-butylacetate,40,0.00372795
tert-butylacetate,35,0.00239675
tert-butylacetate,30,0.00151751
tert-butylacetate,25,0.00094550
tert-butanol,160,13.58732415
tert-butanol,155,11.43024675
tert-butanol,150,9.51756258
tert-butanol,145,7.84503766
tert-butanol,140,6.40252305
tert-butanol,135,5.17493591
tert-butanol,130,4.14365645
tert-butanol,125,3.28789020
tert-butanol,120,2.58600711
tert-butanol,115,2.01665942
tert-butanol,110,1.55961630
tert-butanol,105,1.19634247
tert-butanol,100,0.91031561
tert-butanol,95,0.68714573
tert-butanol,90,0.51454546
tert-butanol,85,0.38220057
tert-butanol,80,0.28158168
tert-butanol,75,0.20572900
tert-butanol,70,0.14903151
tert-butanol,65,0.10701573
tert-butanol,60,0.07615222
tert-butanol,55,0.05368403
tert-butanol,50,0.03747845
tert-butanol,45,0.02590138
tert-butanol,40,0.01771267
tert-butanol,35,0.01198021
tert-butanol,30,0.00801027
tert-butanol,25,0.00529174
"1,4-benzenedicarboxylicacid",160,23.13375677
"1,4-benzenedicarboxylicacid",155,22.28040009
"1,4-benzenedicarboxylicacid",150,21.53105054
"1,4-benzenedicarboxylicacid",145,20.88238744
"1,4-benzenedicarboxylicacid",140,20.33133048
"1,4-benzenedicarboxylicacid",135,19.87590245
"1,4-benzenedicarboxylicacid",130,19.51270623
"1,4-benzenedicarboxylicacid",125,19.23901778
"1,4-benzenedicarboxylicacid",120,19.05210515
"1,4-benzenedicarboxylicacid",115,18.95001246
"1,4-benzenedicarboxylicacid",110,18.92829007
"1,4-benzenedicarboxylicacid",105,18.98419219
"1,4-benzenedicarboxylicacid",100,19.11588420
"1,4-benzenedicarboxylicacid",95,19.31678348
"1,4-benzenedicarboxylicacid",90,100.00000000
"1,4-benzenedicarboxylicacid",85,100.00000000
"1,4-benzenedicarboxylicacid",80,100.00000000
"1,4-benzenedicarboxylicacid",75,100.00000000
"1,4-benzenedicarboxylicacid",70,100.00000000
"1,4-benzenedicarboxylicacid",65,100.00000000
"1,4-benzenedicarboxylicacid",60,100.00000000
"1,4-benzenedicarboxylicacid",55,100.00000000
"1,4-benzenedicarboxylicacid",50,100.00000000
"1,4-benzenedicarboxylicacid",45,100.00000000
"1,4-benzenedicarboxylicacid",40,100.00000000
"1,4-benzenedicarboxylicacid",35,100.00000000
"1,4-benzenedicarboxylicacid",30,100.00000000
"1,4-benzenedicarboxylicacid",25,100.00000000
tetrachloroethene,160,0.38846330
tetrachloroethene,155,0.29083359
tetrachloroethene,150,0.21633559
tetrachloroethene,145,0.15979085
tetrachloroethene,140,0.11713286
tetrachloroethene,135,0.08516824
tetrachloroethene,130,0.06139344
tetrachloroethene,125,0.04385169
tetrachloroethene,120,0.03102023
tetrachloroethene,115,0.02172049
tetrachloroethene,110,0.01504623
tetrachloroethene,105,0.01030576
tetrachloroethene,100,0.00697559
tetrachloroethene,95,0.00466311
tetrachloroethene,90,0.00307678
tetrachloroethene,85,0.00200249
tetrachloroethene,80,0.00128470
tetrachloroethene,75,0.00081188
tetrachloroethene,70,0.00050503
tetrachloroethene,65,0.00030898
tetrachloroethene,60,0.00018578
tetrachloroethene,55,0.00010968
tetrachloroethene,50,0.00006352
tetrachloroethene,45,0.00003606
tetrachloroethene,40,0.00002004
tetrachloroethene,35,0.00001089
tetrachloroethene,30,0.00000578
tetrachloroethene,25,0.00000299
ethylsilicate,160,2.89191681
ethylsilicate,155,2.34698211
ethylsilicate,150,1.89349449
ethylsilicate,145,1.51850110
ethylsilicate,140,1.21037578
ethylsilicate,135,0.95879790
ethylsilicate,130,0.75469925
ethylsilicate,125,0.59018668
ethylsilicate,120,0.45845069
ethylsilicate,115,0.35366588
ethylsilicate,110,0.27088879
ethylsilicate,105,0.20595708
ethylsilicate,100,0.15539286
ethylsilicate,95,0.11631216
ethylsilicate,90,0.08634159
ethylsilicate,85,0.06354286
ethylsilicate,80,0.04634529
ethylsilicate,75,0.03348622
ethylsilicate,70,0.02395888
ethylsilicate,65,0.01696731
ethylsilicate,60,0.01188773
ethylsilicate,55,0.00823578
ethylsilicate,50,0.00563893
ethylsilicate,45,0.00381352
ethylsilicate,40,0.00254582
ethylsilicate,35,0.00167657
ethylsilicate,30,0.00108844
ethylsilicate,25,0.00069607
thf,160,18.57066134
thf,155,16.15156052
thf,150,13.91320658
thf,145,11.86583509
thf,140,10.01624435
thf,135,8.36670723
thf,130,6.91509094
thf,125,5.65497512
thf,120,4.57600619
thf,115,3.66459562
thf,110,2.90490499
thf,105,2.27979309
thf,100,1.77177333
thf,95,1.36380011
thf,90,1.03988671
thf,85,0.78551494
thf,80,0.58785424
thf,75,0.43583054
thf,70,0.32007828
thf,65,0.23281730
thf,60,0.16768639
thf,55,0.11955870
thf,50,0.08435638
thf,45,0.05887584
thf,40,0.04062979
thf,35,0.02770918
thf,30,0.01866533
thf,25,0.01241134
tetrahydrofurfurylalcohol,160,9.34199451
tetrahydrofurfurylalcohol,155,7.76790222
tetrahydrofurfurylalcohol,150,6.40053858
tetrahydrofurfurylalcohol,145,5.22676641
tetrahydrofurfurylalcohol,140,4.23080170
tetrahydrofurfurylalcohol,135,3.39518336
tetrahydrofurfurylalcohol,130,2.70167079
tetrahydrofurfurylalcohol,125,2.13207083
tetrahydrofurfurylalcohol,120,1.66890405
tetrahydrofurfurylalcohol,115,1.29588449
tetrahydrofurfurylalcohol,110,0.99823681
tetrahydrofurfurylalcohol,105,0.76285366
tetrahydrofurfurylalcohol,100,0.57833242
tetrahydrofurfurylalcohol,95,0.43492185
tetrahydrofurfurylalcohol,90,0.32440830
tetrahydrofurfurylalcohol,85,0.23996669
tetrahydrofurfurylalcohol,80,0.17599564
tetrahydrofurfurylalcohol,75,0.12795034
tetrahydrofurfurylalcohol,70,0.09218276
tetrahydrofurfurylalcohol,65,0.06579469
tetrahydrofurfurylalcohol,60,0.04650640
tetrahydrofurfurylalcohol,55,0.03254224
tetrahydrofurfurylalcohol,50,0.02253256
tetrahydrofurfurylalcohol,45,0.01543124
tetrahydrofurfurylalcohol,40,0.01044718
tetrahydrofurfurylalcohol,35,0.00698825
tetrahydrofurfurylalcohol,30,0.00461586
tetrahydrofurfurylalcohol,25,0.00300866
tetralin,160,2.30783076
tetralin,155,1.80102100
tetralin,150,1.39654262
tetralin,145,1.07573378
tetralin,140,0.82290103
tetralin,135,0.62495109
tetralin,130,0.47103314
tetralin,125,0.35221233
tetralin,120,0.26117766
tetralin,115,0.19198489
tetralin,110,0.13983293
tetralin,105,0.10087087
tetralin,100,0.07203253
tetralin,95,0.05089567
tetralin,90,0.03556266
tetralin,85,0.02456008
tetralin,80,0.01675469
tetralin,75,0.01128367
tetralin,70,0.00749711
tetralin,65,0.00491106
tetralin,60,0.00316947
tetralin,55,0.00201374
tetralin,50,0.00125859
tetralin,45,0.00077315
tetralin,40,0.00046641
tetralin,35,0.00027604
tetralin,30,0.00016013
tetralin,25,0.00009095
thp,160,10.57705094
thp,155,8.80012609
thp,150,7.25378359
thp,145,5.92472299
thp,140,4.79611200
thp,135,3.84876589
thp,130,3.06234151
thp,125,2.41637887
thp,120,1.89111959
thp,115,1.46811674
thp,110,1.13061390
thp,105,0.86374051
thp,100,0.65455964
thp,95,0.49200902
thp,90,0.36677160
thp,85,0.27110604
thp,80,0.19865873
thp,75,0.14427402
thp,70,0.10381290
thp,65,0.07398645
thp,60,0.05220717
thp,55,0.03645938
thp,50,0.02518826
thp,45,0.01720637
thp,40,0.01161606
thp,35,0.00774579
thp,30,0.00509859
thp,25,0.00331081
tetrahydro-2h-thiopyran,160,5.84010537
tetrahydro-2h-thiopyran,155,4.66392080
tetrahydro-2h-thiopyran,150,3.69297029
tetrahydro-2h-thiopyran,145,2.89993947
tetrahydro-2h-thiopyran,140,2.25865523
tetrahydro-2h-thiopyran,135,1.74495187
tetrahydro-2h-thiopyran,130,1.33715272
tetrahydro-2h-thiopyran,125,1.01625752
tetrahydro-2h-thiopyran,120,0.76592356
tetrahydro-2h-thiopyran,115,0.57231499
tetrahydro-2h-thiopyran,110,0.42387715
tetrahydro-2h-thiopyran,105,0.31107686
tetrahydro-2h-thiopyran,100,0.22613505
tetrahydro-2h-thiopyran,95,0.16276982
tetrahydro-2h-thiopyran,90,0.11595884
tetrahydro-2h-thiopyran,85,0.08172624
tetrahydro-2h-thiopyran,80,0.05695563
tetrahydro-2h-thiopyran,75,0.03922882
tetrahydro-2h-thiopyran,70,0.02668884
tetrahydro-2h-thiopyran,65,0.01792497
tetrahydro-2h-thiopyran,60,0.01187752
tetrahydro-2h-thiopyran,55,0.00775981
tetrahydro-2h-thiopyran,50,0.00499504
tetrahydro-2h-thiopyran,45,0.00316574
tetrahydro-2h-thiopyran,40,0.00197393
tetrahydro-2h-thiopyran,35,0.00120993
tetrahydro-2h-thiopyran,30,0.00072844
tetrahydro-2h-thiopyran,25,0.00043037
tetrahydrothiophene,160,9.36504343
tetrahydrothiophene,155,7.63790413
tetrahydrothiophene,150,6.16200972
tetrahydrothiophene,145,4.91915734
tetrahydrothiophene,140,3.88702888
tetrahydrothiophene,135,3.04110235
tetrahydrothiophene,130,2.35632667
tetrahydrothiophene,125,1.80844921
tetrahydrothiophene,120,1.37494491
tetrahydrothiophene,115,1.03557017
tetrahydrothiophene,110,0.77261338
tetrahydrothiophene,105,0.57091905
tetrahydrothiophene,100,0.41776112
tetrahydrothiophene,95,0.30262664
tetrahydrothiophene,90,0.21695608
tetrahydrothiophene,85,0.15387195
tetrahydrothiophene,80,0.10791627
tetrahydrothiophene,75,0.07480867
tetrahydrothiophene,70,0.05123115
tetrahydrothiophene,65,0.03464142
tetrahydrothiophene,60,0.02311436
tetrahydrothiophene,55,0.01520973
tetrahydrothiophene,50,0.00986337
tetrahydrothiophene,45,0.00629923
tetrahydrothiophene,40,0.00395898
tetrahydrothiophene,35,0.00244664
tetrahydrothiophene,30,0.00148553
tetrahydrothiophene,25,0.00088539
tetramethylenesulfoxide,160,10.63812001
tetramethylenesulfoxide,155,9.11634922
tetramethylenesulfoxide,150,7.76050325
tetramethylenesulfoxide,145,6.56195555
tetramethylenesulfoxide,140,5.51088085
tetramethylenesulfoxide,135,4.59659584
tetramethylenesulfoxide,130,3.80775258
tetramethylenesulfoxide,125,3.13268656
tetramethylenesulfoxide,120,2.55967664
tetramethylenesulfoxide,115,2.07720011
tetramethylenesulfoxide,110,1.67418069
tetramethylenesulfoxide,105,1.34016470
tetramethylenesulfoxide,100,1.06546770
tetramethylenesulfoxide,95,0.84126699
tetramethylenesulfoxide,90,0.65964968
tetramethylenesulfoxide,85,0.51361779
tetramethylenesulfoxide,80,0.39706501
tetramethylenesulfoxide,75,0.30472707
tetramethylenesulfoxide,70,0.23211656
tetramethylenesulfoxide,65,0.17544832
tetramethylenesulfoxide,60,0.13156095
tetramethylenesulfoxide,55,0.09783862
tetramethylenesulfoxide,50,0.07213639
tetramethylenesulfoxide,45,0.05271069
tetramethylenesulfoxide,40,0.03815634
tetramethylenesulfoxide,35,0.02735055
tetramethylenesulfoxide,30,0.01940388
tetramethylenesulfoxide,25,0.01361789
tetramethylurea,160,11.16715325
tetramethylurea,155,9.57897409
tetramethylurea,150,8.15574061
tetramethylurea,145,6.89177633
tetramethylurea,140,5.77959379
tetramethylurea,135,4.81010180
tetramethylurea,130,3.97286544
tetramethylurea,125,3.25656649
tetramethylurea,120,2.64937074
tetramethylurea,115,2.13930789
tetramethylurea,110,1.71463511
tetramethylurea,105,1.36411629
tetramethylurea,100,1.07724912
tetramethylurea,95,0.84441962
tetramethylurea,90,0.65698445
tetramethylurea,85,0.50730392
tetramethylurea,80,0.38872503
tetramethylurea,75,0.29553247
tetramethylurea,70,0.22287714
tetramethylurea,65,0.16669195
tetramethylurea,60,0.12360191
tetramethylurea,55,0.09083470
tetramethylurea,50,0.06613486
tetramethylurea,45,0.04768467
tetramethylurea,40,0.03403263
tetramethylurea,35,0.02403038
tetramethylurea,30,0.01677776
tetramethylurea,25,0.01157594
tetranitro-methane,160,100.00000000
tetranitro-methane,155,100.00000000
tetranitro-methane,150,100.00000000
tetranitro-methane,145,100.00000000
tetranitro-methane,140,100.00000000
tetranitro-methane,135,100.00000000
tetranitro-methane,130,100.00000000
tetranitro-methane,125,100.00000000
tetranitro-methane,120,100.00000000
tetranitro-methane,115,100.00000000
tetranitro-methane,110,100.00000000
tetranitro-methane,105,100.00000000
tetranitro-methane,100,100.00000000
tetranitro-methane,95,100.00000000
tetranitro-methane,90,100.00000000
tetranitro-methane,85,100.00000000
tetranitro-methane,80,100.00000000
tetranitro-methane,75,100.00000000
tetranitro-methane,70,100.00000000
tetranitro-methane,65,100.00000000
tetranitro-methane,60,100.00000000
tetranitro-methane,55,12.79925081
tetranitro-methane,50,12.13747989
tetranitro-methane,45,11.48813435
tetranitro-methane,40,10.85009882
tetranitro-methane,35,10.22199023
tetranitro-methane,30,9.60363161
tetranitro-methane,25,8.99417479
thiazole,160,6.14603239
thiazole,155,4.86149869
thiazole,150,3.81589146
thiazole,145,2.97318290
thiazole,140,2.30005229
thiazole,135,1.76679632
thiazole,130,1.34762749
thiazole,125,1.02060356
thiazole,120,0.76734578
thiazole,115,0.57265587
thiazole,110,0.42410112
thiazole,105,0.31160782
thiazole,100,0.22708508
thiazole,95,0.16408827
thiazole,90,0.11752570
thiazole,85,0.08340716
thiazole,80,0.05863124
thiazole,75,0.04080765
thiazole,70,0.02811018
thiazole,65,0.01915619
thiazole,60,0.01290871
thiazole,55,0.00859763
thiazole,50,0.00565693
thiazole,45,0.00367505
thiazole,40,0.00235605
thiazole,35,0.00148969
thiazole,30,0.00092839
thiazole,25,0.00056991
ethanethioamide,160,0.47596765
ethanethioamide,155,0.36962859
ethanethioamide,150,0.28613489
ethanethioamide,145,0.22074734
ethanethioamide,140,0.16969017
ethanethioamide,135,0.12995235
ethanethioamide,130,0.09913295
ethanethioamide,125,0.07531954
ethanethioamide,120,0.05699156
ethanethioamide,115,0.04294285
ethanethioamide,110,0.03221953
ethanethioamide,105,0.02406977
ethanethioamide,100,0.01790321
ethanethioamide,95,0.01325816
ethanethioamide,90,0.00977508
ethanethioamide,85,0.00717529
ethanethioamide,80,0.00524375
ethanethioamide,75,0.00381536
ethanethioamide,70,0.00276397
ethanethioamide,65,0.00199368
ethanethioamide,60,0.00143193
ethanethioamide,55,0.00102417
ethanethioamide,50,0.00072953
ethanethioamide,45,0.00051758
ethanethioamide,40,0.00036579
ethanethioamide,35,0.00025756
ethanethioamide,30,0.00018072
ethanethioamide,25,0.00012638
thioaceticacid,160,14.17295087
thioaceticacid,155,11.93379798
thioaceticacid,150,9.93760347
thioaceticacid,145,8.18487867
thioaceticacid,140,6.66903906
thioaceticacid,135,5.37736610
thioaceticacid,130,4.29230906
thioaceticacid,125,3.39311660
thioaceticacid,120,2.65742303
thioaceticacid,115,2.06267786
thioaceticacid,110,1.58724262
thioaceticacid,105,1.21116551
thioaceticacid,100,0.91662437
thioaceticacid,95,0.68811192
thioaceticacid,90,0.51242791
thioaceticacid,85,0.37854281
thioaceticacid,80,0.27738789
thioaceticacid,75,0.20161073
thioaceticacid,70,0.14532520
thioaceticacid,65,0.10387314
thioaceticacid,60,0.07360763
thioaceticacid,55,0.05170251
thioaceticacid,50,0.03598925
thioaceticacid,45,0.02481997
thioaceticacid,40,0.01695450
thioaceticacid,35,0.01146846
thioaceticacid,30,0.00767955
thioaceticacid,25,0.00508916
thiocyanicacid,160,14.85994213
thiocyanicacid,155,12.55205704
thiocyanicacid,150,10.56333208
thiocyanicacid,145,8.86789126
thiocyanicacid,140,7.43441920
thiocyanicacid,135,6.23003091
thiocyanicacid,130,5.22285069
thiocyanicacid,125,4.38349393
thiocyanicacid,120,3.68576728
thiocyanicacid,115,3.10683536
thiocyanicacid,110,2.62711674
thiocyanicacid,105,2.23000951
thiocyanicacid,100,1.90155755
thiocyanicacid,95,1.63010557
thiocyanicacid,90,1.40597164
thiocyanicacid,85,1.22115028
thiocyanicacid,80,1.06905244
thiocyanicacid,75,0.94428168
thiocyanicacid,70,0.84244631
thiocyanicacid,65,0.76000282
thiocyanicacid,60,0.69412962
thiocyanicacid,55,0.64262742
thiocyanicacid,50,0.60384487
thiocyanicacid,45,0.57662829
thiocyanicacid,40,0.56029612
thiocyanicacid,35,0.55463937
thiocyanicacid,30,0.55995200
thiocyanicacid,25,0.57709670
"2,2'-thiobisethanol",160,4.14284242
"2,2'-thiobisethanol",155,3.33769649
"2,2'-thiobisethanol",150,2.67363141
"2,2'-thiobisethanol",145,2.12953824
"2,2'-thiobisethanol",140,1.68656626
"2,2'-thiobisethanol",135,1.32814044
"2,2'-thiobisethanol",130,1.03987424
"2,2'-thiobisethanol",125,0.80941997
"2,2'-thiobisethanol",120,0.62628319
"2,2'-thiobisethanol",115,0.48162267
"2,2'-thiobisethanol",110,0.36804983
"2,2'-thiobisethanol",105,0.27943633
"2,2'-thiobisethanol",100,0.21073547
"2,2'-thiobisethanol",95,0.15781985
"2,2'-thiobisethanol",90,0.11733675
"2,2'-thiobisethanol",85,0.08658094
"2,2'-thiobisethanol",80,0.06338424
"2,2'-thiobisethanol",75,0.04602069
"2,2'-thiobisethanol",70,0.03312581
"2,2'-thiobisethanol",65,0.02362847
"2,2'-thiobisethanol",60,0.01669397
"2,2'-thiobisethanol",55,0.01167677
"2,2'-thiobisethanol",50,0.00808150
"2,2'-thiobisethanol",45,0.00553117
"2,2'-thiobisethanol",40,0.00374136
"2,2'-thiobisethanol",35,0.00249942
"2,2'-thiobisethanol",30,0.00164794
"2,2'-thiobisethanol",25,0.00107153
mercaptoaceticacid,160,0.67159271
mercaptoaceticacid,155,0.51652082
mercaptoaceticacid,150,0.39589573
mercaptoaceticacid,145,0.30231984
mercaptoaceticacid,140,0.22995793
mercaptoaceticacid,135,0.17419964
mercaptoaceticacid,130,0.13140158
mercaptoaceticacid,125,0.09868710
mercaptoaceticacid,120,0.07378909
mercaptoaceticacid,115,0.05492555
mercaptoaceticacid,110,0.04070033
mercaptoaceticacid,105,0.03002381
mercaptoaceticacid,100,0.02204922
mercaptoaceticacid,95,0.01612161
mercaptoaceticacid,90,0.01173687
mercaptoaceticacid,85,0.00850903
mercaptoaceticacid,80,0.00614414
mercaptoaceticacid,75,0.00441958
mercaptoaceticacid,70,0.00316769
mercaptoaceticacid,65,0.00226291
mercaptoaceticacid,60,0.00161175
mercaptoaceticacid,55,0.00114498
mercaptoaceticacid,50,0.00081163
mercaptoaceticacid,45,0.00057438
mercaptoaceticacid,40,0.00040603
mercaptoaceticacid,35,0.00028690
mercaptoaceticacid,30,0.00020278
mercaptoaceticacid,25,0.00014348
thionylchloride,160,6.79226889
thionylchloride,155,5.49243029
thionylchloride,150,4.39755210
thionylchloride,145,3.48729851
thionylchloride,140,2.73982977
thionylchloride,135,2.13312799
thionylchloride,130,1.64604831
thionylchloride,125,1.25904414
thionylchloride,120,0.95459382
thionylchloride,115,0.71738005
thionylchloride,110,0.53428868
thionylchloride,105,0.39428795
thionylchloride,100,0.28823805
thionylchloride,95,0.20866800
thionylchloride,90,0.14954533
thionylchloride,85,0.10605449
thionylchloride,80,0.07439327
thionylchloride,75,0.05159164
thionylchloride,70,0.03535435
thionylchloride,65,0.02392686
thionylchloride,60,0.01598282
thionylchloride,55,0.01053117
thionylchloride,50,0.00684021
thionylchloride,45,0.00437652
thionylchloride,40,0.00275636
thionylchloride,35,0.00170746
thionylchloride,30,0.00103948
thionylchloride,25,0.00062137
thiophene,160,8.47604442
thiophene,155,6.83081990
thiophene,150,5.44884176
thiophene,145,4.30407202
thiophene,140,3.36794440
thiophene,135,2.61150498
thiophene,130,2.00700270
thiophene,125,1.52892462
thiophene,120,1.15455877
thiophene,115,0.86419682
thiophene,110,0.64108887
thiophene,105,0.47124443
thiophene,100,0.34315031
thiophene,95,0.24745584
thiophene,90,0.17665695
thiophene,85,0.12479852
thiophene,80,0.08720524
thiophene,75,0.06024526
thiophene,70,0.04112702
thiophene,65,0.02772793
thiophene,60,0.01845185
thiophene,55,0.01211228
thiophene,50,0.00783772
thiophene,45,0.00499609
thiophene,40,0.00313493
thiophene,35,0.00193484
thiophene,30,0.00117361
thiophene,25,0.00069901
thiophenol,160,7.44088364
thiophenol,155,6.14762387
thiophenol,150,5.04231214
thiophenol,145,4.10661799
thiophenol,140,3.32170045
thiophenol,135,2.66894173
thiophenol,130,2.13055026
thiophenol,125,1.68996977
thiophenol,120,1.33213811
thiophenol,115,1.04361410
thiophenol,110,0.81260111
thiophenol,105,0.62889528
thiophenol,100,0.48378338
thiophenol,95,0.36991021
thiophenol,90,0.28113182
thiophenol,85,0.21236518
thiophenol,80,0.15944274
thiophenol,75,0.11897653
thiophenol,70,0.08823478
thiophenol,65,0.06503214
thiophenol,60,0.04763386
thiophenol,55,0.03467335
thiophenol,50,0.02508217
thiophenol,45,0.01803124
thiophenol,40,0.01288204
thiophenol,35,0.00914654
thiophenol,30,0.00645450
thiophenol,25,0.00452723
thiourea,160,0.00103804
thiourea,155,0.00078734
thiourea,150,0.00059560
thiourea,145,0.00044940
thiourea,140,0.00033825
thiourea,135,0.00025398
thiourea,130,0.00019028
thiourea,125,0.00014225
thiourea,120,0.00010613
thiourea,115,0.00007904
thiourea,110,0.00005877
thiourea,105,0.00004363
thiourea,100,0.00003235
thiourea,95,0.00002397
thiourea,90,0.00001774
thiourea,85,0.00001312
thiourea,80,0.00000970
thiourea,75,0.00000717
thiourea,70,0.00000530
thiourea,65,0.00000392
thiourea,60,0.00000291
thiourea,55,0.00000215
thiourea,50,0.00000160
thiourea,45,0.00000119
thiourea,40,0.00000089
thiourea,35,0.00000066
thiourea,30,0.00000049
thiourea,25,0.00000037
thiourea,160,0.00103804
thiourea,155,0.00078734
thiourea,150,0.00059560
thiourea,145,0.00044940
thiourea,140,0.00033825
thiourea,135,0.00025398
thiourea,130,0.00019028
thiourea,125,0.00014225
thiourea,120,0.00010613
thiourea,115,0.00007904
thiourea,110,0.00005877
thiourea,105,0.00004363
thiourea,100,0.00003235
thiourea,95,0.00002397
thiourea,90,0.00001774
thiourea,85,0.00001312
thiourea,80,0.00000970
thiourea,75,0.00000717
thiourea,70,0.00000530
thiourea,65,0.00000392
thiourea,60,0.00000291
thiourea,55,0.00000215
thiourea,50,0.00000160
thiourea,45,0.00000119
thiourea,40,0.00000089
thiourea,35,0.00000066
thiourea,30,0.00000049
thiourea,25,0.00000037
thymine,160,0.09220385
thymine,155,0.07079701
thymine,150,0.05409705
thymine,145,0.04112881
thymine,140,0.03110686
thymine,135,0.02340072
thymine,130,0.01750620
thymine,125,0.01302181
thymine,120,0.00962929
thymine,115,0.00707761
thymine,110,0.00516979
thymine,105,0.00375211
thymine,100,0.00270530
thymine,95,0.00193736
thymine,90,0.00137775
thymine,85,0.00097277
thymine,80,0.00068176
thymine,75,0.00047417
thymine,70,0.00032720
thymine,65,0.00022396
thymine,60,0.00015201
thymine,55,0.00010228
thymine,50,0.00006820
thymine,45,0.00004506
thymine,40,0.00002948
thymine,35,0.00001910
thymine,30,0.00001224
thymine,25,0.00000776
thymol,160,23.42776755
thymol,155,22.57100056
thymol,150,21.81455163
thymol,145,21.15585133
thymol,140,20.59136250
thymol,135,20.11678344
thymol,130,19.72697520
thymol,125,19.41951400
thymol,120,19.18891424
thymol,115,19.03102522
thymol,110,100.00000000
thymol,105,100.00000000
thymol,100,100.00000000
thymol,95,100.00000000
thymol,90,100.00000000
thymol,85,100.00000000
thymol,80,100.00000000
thymol,75,100.00000000
thymol,70,100.00000000
thymol,65,100.00000000
thymol,60,100.00000000
thymol,55,100.00000000
thymol,50,100.00000000
thymol,45,100.00000000
thymol,40,100.00000000
thymol,35,100.00000000
thymol,30,100.00000000
thymol,25,100.00000000
trans-2-methyl-2-butenal,160,11.69457137
trans-2-methyl-2-butenal,155,9.77186144
trans-2-methyl-2-butenal,150,8.08207766
trans-2-methyl-2-butenal,145,6.61689227
trans-2-methyl-2-butenal,140,5.36323423
trans-2-methyl-2-butenal,135,4.30444063
trans-2-methyl-2-butenal,130,3.42141015
trans-2-methyl-2-butenal,125,2.69383268
trans-2-methyl-2-butenal,120,2.10127085
trans-2-methyl-2-butenal,115,1.62401585
trans-2-methyl-2-butenal,110,1.24372736
trans-2-methyl-2-butenal,105,0.94382694
trans-2-methyl-2-butenal,100,0.70969498
trans-2-methyl-2-butenal,95,0.52870981
trans-2-methyl-2-butenal,90,0.39017376
trans-2-methyl-2-butenal,85,0.28516630
trans-2-methyl-2-butenal,80,0.20635697
trans-2-methyl-2-butenal,75,0.14780198
trans-2-methyl-2-butenal,70,0.10474181
trans-2-methyl-2-butenal,65,0.07341035
trans-2-methyl-2-butenal,60,0.05086175
trans-2-methyl-2-butenal,55,0.03481792
trans-2-methyl-2-butenal,50,0.02353715
trans-2-methyl-2-butenal,45,0.01570320
trans-2-methyl-2-butenal,40,0.01033308
trans-2-methyl-2-butenal,35,0.00670169
trans-2-methyl-2-butenal,30,0.00428091
trans-2-methyl-2-butenal,25,0.00269121
toluene,160,5.66465307
toluene,155,4.48758820
toluene,150,3.52503690
toluene,145,2.74604951
toluene,140,2.12171727
toluene,135,1.62593026
toluene,130,1.23571023
toluene,125,0.93124755
toluene,120,0.69574977
toluene,115,0.51518312
toluene,110,0.37796395
toluene,105,0.27463725
toluene,100,0.19756564
toluene,95,0.14064111
toluene,90,0.09902676
toluene,85,0.06892992
toluene,80,0.04740656
toluene,75,0.03219513
toluene,70,0.02157713
toluene,65,0.01426145
toluene,60,0.00928963
toluene,55,0.00595907
toluene,50,0.00376156
toluene,45,0.00233458
toluene,40,0.00142339
toluene,35,0.00085175
toluene,30,0.00049974
toluene,25,0.00028720
(e)-2-butenenitrile,160,8.86141719
(e)-2-butenenitrile,155,7.10607050
(e)-2-butenenitrile,150,5.64248768
(e)-2-butenenitrile,145,4.43829779
(e)-2-butenenitrile,140,3.45957098
(e)-2-butenenitrile,135,2.67303481
(e)-2-butenenitrile,130,2.04757918
(e)-2-butenenitrile,125,1.55514103
(e)-2-butenenitrile,120,1.17110532
(e)-2-butenenitrile,115,0.87436253
(e)-2-butenenitrile,110,0.64714329
(e)-2-butenenitrile,105,0.47472429
(e)-2-butenenitrile,100,0.34507301
(e)-2-butenenitrile,95,0.24847670
(e)-2-butenenitrile,90,0.17718388
(e)-2-butenenitrile,85,0.12507459
(e)-2-butenenitrile,80,0.08736705
(e)-2-butenenitrile,75,0.06036330
(e)-2-butenenitrile,70,0.04123296
(e)-2-butenenitrile,65,0.02783224
(e)-2-butenenitrile,60,0.01855480
(e)-2-butenenitrile,55,0.01221034
(e)-2-butenenitrile,50,0.00792698
(e)-2-butenenitrile,45,0.00507371
(e)-2-butenenitrile,40,0.00319962
(e)-2-butenenitrile,35,0.00198666
(e)-2-butenenitrile,30,0.00121362
(e)-2-butenenitrile,25,0.00072886
trans-decalin,160,0.28421090
trans-decalin,155,0.21293132
trans-decalin,150,0.15839271
trans-decalin,145,0.11692779
trans-decalin,140,0.08562088
trans-decalin,135,0.06216041
trans-decalin,130,0.04472103
trans-decalin,125,0.03186851
trans-decalin,120,0.02248265
trans-decalin,115,0.01569446
trans-decalin,110,0.01083500
trans-decalin,105,0.00739360
trans-decalin,100,0.00498402
trans-decalin,95,0.00331696
trans-decalin,90,0.00217804
trans-decalin,85,0.00141016
trans-decalin,80,0.00089960
trans-decalin,75,0.00056506
trans-decalin,70,0.00034920
trans-decalin,65,0.00021214
trans-decalin,60,0.00012658
trans-decalin,55,0.00007412
trans-decalin,50,0.00004255
trans-decalin,45,0.00002392
trans-decalin,40,0.00001316
trans-decalin,35,0.00000707
trans-decalin,30,0.00000371
trans-decalin,25,0.00000190
tributoxyborane,160,0.32386804
tributoxyborane,155,0.24897073
tributoxyborane,150,0.19017014
tributoxyborane,145,0.14427658
tributoxyborane,140,0.10868109
tributoxyborane,135,0.08125692
tributoxyborane,130,0.06027769
tributoxyborane,125,0.04434872
tributoxyborane,120,0.03234959
tributoxyborane,115,0.02338570
tributoxyborane,110,0.01674758
tributoxyborane,105,0.01187667
tributoxyborane,100,0.00833669
tributoxyborane,95,0.00578973
tributoxyborane,90,0.00397642
tributoxyborane,85,0.00269956
tributoxyborane,80,0.00181071
tributoxyborane,75,0.00119935
tributoxyborane,70,0.00078409
tributoxyborane,65,0.00050568
tributoxyborane,60,0.00032154
tributoxyborane,55,0.00020147
tributoxyborane,50,0.00012433
tributoxyborane,45,0.00007552
tributoxyborane,40,0.00004513
tributoxyborane,35,0.00002651
tributoxyborane,30,0.00001530
tributoxyborane,25,0.00000867
tri-n-butylphosphate,160,1.53465913
tri-n-butylphosphate,155,1.23300942
tri-n-butylphosphate,150,0.98545373
tri-n-butylphosphate,145,0.78333260
tri-n-butylphosphate,140,0.61917847
tri-n-butylphosphate,135,0.48658613
tri-n-butylphosphate,130,0.38009079
tri-n-butylphosphate,125,0.29505505
tri-n-butylphosphate,120,0.22756521
tri-n-butylphosphate,115,0.17433691
tri-n-butylphosphate,110,0.13262987
tri-n-butylphosphate,105,0.10017140
tri-n-butylphosphate,100,0.07508827
tri-n-butylphosphate,95,0.05584642
tri-n-butylphosphate,90,0.04119792
tri-n-butylphosphate,85,0.03013467
tri-n-butylphosphate,80,0.02184816
tri-n-butylphosphate,75,0.01569490
tri-n-butylphosphate,70,0.01116672
tri-n-butylphosphate,65,0.00786565
tri-n-butylphosphate,60,0.00548269
tri-n-butylphosphate,55,0.00378006
tri-n-butylphosphate,50,0.00257652
tri-n-butylphosphate,45,0.00173527
tri-n-butylphosphate,40,0.00115414
tri-n-butylphosphate,35,0.00075760
tri-n-butylphosphate,30,0.00049050
tri-n-butylphosphate,25,0.00031301
trichloroaceticacid,160,100.00000000
trichloroaceticacid,155,100.00000000
trichloroaceticacid,150,100.00000000
trichloroaceticacid,145,100.00000000
trichloroaceticacid,140,100.00000000
trichloroaceticacid,135,100.00000000
trichloroaceticacid,130,100.00000000
trichloroaceticacid,125,100.00000000
trichloroaceticacid,120,100.00000000
trichloroaceticacid,115,100.00000000
trichloroaceticacid,110,100.00000000
trichloroaceticacid,105,100.00000000
trichloroaceticacid,100,100.00000000
trichloroaceticacid,95,100.00000000
trichloroaceticacid,90,100.00000000
trichloroaceticacid,85,100.00000000
trichloroaceticacid,80,100.00000000
trichloroaceticacid,75,100.00000000
trichloroaceticacid,70,100.00000000
trichloroaceticacid,65,100.00000000
trichloroaceticacid,60,100.00000000
trichloroaceticacid,55,100.00000000
trichloroaceticacid,50,100.00000000
trichloroaceticacid,45,100.00000000
trichloroaceticacid,40,100.00000000
trichloroaceticacid,35,100.00000000
trichloroaceticacid,30,100.00000000
trichloroaceticacid,25,100.00000000
trichloroacetonitrile,160,1.12152281
trichloroacetonitrile,155,0.85078575
trichloroacetonitrile,150,0.64159565
trichloroacetonitrile,145,0.48073879
trichloroacetonitrile,140,0.35772025
trichloroacetonitrile,135,0.26420790
trichloroacetonitrile,130,0.19359704
trichloroacetonitrile,125,0.14066468
trichloroacetonitrile,120,0.10129465
trichloroacetonitrile,115,0.07225742
trichloroacetonitrile,110,0.05103270
trichloroacetonitrile,105,0.03566611
trichloroacetonitrile,100,0.02465293
trichloroacetonitrile,95,0.01684396
trichloroacetonitrile,90,0.01136924
trichloroacetonitrile,85,0.00757650
trichloroacetonitrile,80,0.00498177
trichloroacetonitrile,75,0.00322991
trichloroacetonitrile,70,0.00206344
trichloroacetonitrile,65,0.00129800
trichloroacetonitrile,60,0.00080336
trichloroacetonitrile,55,0.00048882
trichloroacetonitrile,50,0.00029216
trichloroacetonitrile,45,0.00017138
trichloroacetonitrile,40,0.00009856
trichloroacetonitrile,35,0.00005553
trichloroacetonitrile,30,0.00003061
trichloroacetonitrile,25,0.00001649
trichloroethene,160,4.10113552
trichloroethene,155,3.31888903
trichloroethene,150,2.67297759
trichloroethene,145,2.14264712
trichloroethene,140,1.70954591
trichloroethene,135,1.35767145
trichloroethene,130,1.07322679
trichloroethene,125,0.84442898
trichloroethene,120,0.66129633
trichloroethene,115,0.51543449
trichloroethene,110,0.39983053
trichloroethene,105,0.30866185
trichloroethene,100,0.23712282
trichloroethene,95,0.18127004
trichloroethene,90,0.13788605
trichloroethene,85,0.10436053
trichloroethene,80,0.07858774
trichloroethene,75,0.05887864
trichloroethene,70,0.04388622
trichloroethene,65,0.03254240
trichloroethene,60,0.02400526
trichloroethene,55,0.01761504
trichloroethene,50,0.01285777
trichloroethene,45,0.00933549
trichloroethene,40,0.00674189
trichloroethene,35,0.00484263
trichloroethene,30,0.00345952
trichloroethene,25,0.00245789
cfcl3,160,0.53710706
cfcl3,155,0.40064069
cfcl3,150,0.29708176
cfcl3,145,0.21884084
cfcl3,140,0.16004234
cfcl3,135,0.11612692
cfcl3,130,0.08355444
cfcl3,125,0.05957970
cfcl3,120,0.04208001
cfcl3,115,0.02942115
cfcl3,110,0.02035191
cfcl3,105,0.01392081
cfcl3,100,0.00940987
cfcl3,95,0.00628205
cfcl3,90,0.00413949
cfcl3,85,0.00269054
cfcl3,80,0.00172379
cfcl3,75,0.00108787
cfcl3,70,0.00067576
cfcl3,65,0.00041285
cfcl3,60,0.00024786
cfcl3,55,0.00014611
cfcl3,50,0.00008449
cfcl3,45,0.00004788
cfcl3,40,0.00002657
cfcl3,35,0.00001441
cfcl3,30,0.00000764
cfcl3,25,0.00000395
trichloromethylsilane,160,2.61140698
trichloromethylsilane,155,2.05986533
trichloromethylsilane,150,1.61545017
trichloromethylsilane,145,1.25942099
trichloromethylsilane,140,0.97584868
trichloromethylsilane,135,0.75131960
trichloromethylsilane,130,0.57462097
trichloromethylsilane,125,0.43644142
trichloromethylsilane,120,0.32909575
trichloromethylsilane,115,0.24627833
trichloromethylsilane,110,0.18284616
trichloromethylsilane,105,0.13462999
trichloromethylsilane,100,0.09827143
trichloromethylsilane,95,0.07108334
trichloromethylsilane,90,0.05093088
trichloromethylsilane,85,0.03613073
trichloromethylsilane,80,0.02536619
trichloromethylsilane,75,0.01761604
trichloromethylsilane,70,0.01209533
trichloromethylsilane,65,0.00820644
trichloromethylsilane,60,0.00549895
trichloromethylsilane,55,0.00363698
trichloromethylsilane,50,0.00237286
trichloromethylsilane,45,0.00152615
trichloromethylsilane,40,0.00096699
trichloromethylsilane,35,0.00060317
trichloromethylsilane,30,0.00037011
trichloromethylsilane,25,0.00022322
trichlorosilane,160,1.81873798
trichlorosilane,155,1.39911531
trichlorosilane,150,1.07045893
trichlorosilane,145,0.81422631
trichlorosilane,140,0.61545333
trichlorosilane,135,0.46209504
trichlorosilane,130,0.34447717
trichlorosilane,125,0.25485123
trichlorosilane,120,0.18703008
trichlorosilane,115,0.13609204
trichlorosilane,110,0.09813971
trichlorosilane,105,0.07010311
trichlorosilane,100,0.04957865
trichlorosilane,95,0.03469723
trichlorosilane,90,0.02401641
trichlorosilane,85,0.01643224
trichlorosilane,80,0.01110743
trichlorosilane,75,0.00741312
trichlorosilane,70,0.00488190
trichlorosilane,65,0.00317026
trichlorosilane,60,0.00202873
trichlorosilane,55,0.00127840
trichlorosilane,50,0.00079267
trichlorosilane,45,0.00048323
trichlorosilane,40,0.00028940
trichlorosilane,35,0.00017010
trichlorosilane,30,0.00009804
trichlorosilane,25,0.00005536
tricyclene,160,0.48768726
tricyclene,155,0.36933785
tricyclene,150,0.27788675
tricyclene,145,0.20761565
tricyclene,140,0.15395412
tricyclene,135,0.11325415
tricyclene,130,0.08261165
tricyclene,125,0.05972330
tricyclene,120,0.04277103
tricyclene,115,0.03032788
tricyclene,110,0.02128131
tricyclene,105,0.01477026
tricyclene,100,0.01013382
tricyclene,95,0.00686918
tricyclene,90,0.00459753
tricyclene,85,0.00303641
tricyclene,80,0.00197755
tricyclene,75,0.00126919
tricyclene,70,0.00080212
tricyclene,65,0.00049882
tricyclene,60,0.00030498
tricyclene,55,0.00018318
tricyclene,50,0.00010798
tricyclene,45,0.00006241
tricyclene,40,0.00003534
tricyclene,35,0.00001958
tricyclene,30,0.00001060
tricyclene,25,0.00000560
1-tridecanol,160,1.83464844
1-tridecanol,155,1.49174040
1-tridecanol,150,1.20782567
1-tridecanol,145,0.97370796
1-tridecanol,140,0.78145813
1-tridecanol,135,0.62426669
1-tridecanol,130,0.49630931
1-tridecanol,125,0.39262494
1-tridecanol,120,0.30900568
1-tridecanol,115,0.24189790
1-tridecanol,110,0.18831383
1-tridecanol,105,0.14575291
1-tridecanol,100,0.11213213
1-tridecanol,95,0.08572465
1-tridecanol,90,0.06510597
1-tridecanol,85,0.04910699
1-tridecanol,80,0.03677329
1-tridecanol,75,0.02732991
1-tridecanol,70,0.02015122
1-tridecanol,65,0.01473512
1-tridecanol,60,0.01068113
1-tridecanol,55,0.00767193
1-tridecanol,50,0.00545783
1-tridecanol,45,0.00384374
1-tridecanol,40,0.00267850
1-tridecanol,35,0.00184587
1-tridecanol,30,0.00125730
1-tridecanol,25,0.00084597
triethanolamine,160,1.67969871
triethanolamine,155,1.33849309
triethanolamine,150,1.06184080
triethanolamine,145,0.83847188
triethanolamine,140,0.65891255
triethanolamine,135,0.51522694
triethanolamine,130,0.40079187
triethanolamine,125,0.31010095
triethanolamine,120,0.23859496
triethanolamine,115,0.18251501
triethanolamine,110,0.13877613
triethanolamine,105,0.10485842
triethanolamine,100,0.07871376
triethanolamine,95,0.05868614
triethanolamine,90,0.04344384
triethanolamine,85,0.03192194
triethanolamine,80,0.02327392
triethanolamine,75,0.01683095
triethanolamine,70,0.01206798
triethanolamine,65,0.00857557
triethanolamine,60,0.00603666
triethanolamine,55,0.00420750
triethanolamine,50,0.00290214
triethanolamine,45,0.00197988
triethanolamine,40,0.00133515
triethanolamine,35,0.00088944
triethanolamine,30,0.00058493
triethanolamine,25,0.00037948
triethylcitrate,160,1.60480485
triethylcitrate,155,1.28294552
triethylcitrate,150,1.01967513
triethylcitrate,145,0.80557084
triethylcitrate,140,0.63248012
triethylcitrate,135,0.49339706
triethylcitrate,130,0.38234066
triethylcitrate,125,0.29423803
triethylcitrate,120,0.22481437
triethylcitrate,115,0.17049086
triethylcitrate,110,0.12829121
triethylcitrate,105,0.09575700
triethylcitrate,100,0.07087168
triethylcitrate,95,0.05199310
triethylcitrate,90,0.03779402
triethylcitrate,85,0.02721004
triethylcitrate,80,0.01939450
triethylcitrate,75,0.01367970
triethylcitrate,70,0.00954371
triethylcitrate,65,0.00658240
triethylcitrate,60,0.00448590
triethylcitrate,55,0.00301907
triethylcitrate,50,0.00200540
triethylcitrate,45,0.00131392
triethylcitrate,40,0.00084858
triethylcitrate,35,0.00053986
triethylcitrate,30,0.00033808
triethylcitrate,25,0.00020825
triethylamine,160,2.34238216
triethylamine,155,1.87735123
triethylamine,150,1.50032362
triethylamine,145,1.19554881
triethylamine,140,0.94993168
triethylamine,135,0.75260788
triethylamine,130,0.59458547
triethylamine,125,0.46844210
triethylamine,120,0.36806923
triethylamine,115,0.28845558
triethylamine,110,0.22550461
triethylamine,105,0.17587986
triethylamine,100,0.13687455
triethylamine,95,0.10630154
triethylamine,90,0.08240086
triethylamine,85,0.06376208
triethylamine,80,0.04925960
triethylamine,75,0.03799875
triethylamine,70,0.02927118
triethylamine,65,0.02251823
triethylamine,60,0.01730082
triethylamine,55,0.01327504
triethylamine,50,0.01017233
triethylamine,45,0.00778356
triethylamine,40,0.00594627
triethylamine,35,0.00453453
triethylamine,30,0.00345088
triethylamine,25,0.00262002
triethyleneglycol,160,3.87852604
triethyleneglycol,155,3.13891834
triethyleneglycol,150,2.52423898
triethyleneglycol,145,2.01706546
triethyleneglycol,140,1.60154008
triethyleneglycol,135,1.26345635
triethyleneglycol,130,0.99026433
triethyleneglycol,125,0.77101349
triethyleneglycol,120,0.59625543
triethyleneglycol,115,0.45792075
triethyleneglycol,110,0.34918284
triethyleneglycol,105,0.26431772
triethyleneglycol,100,0.19856664
triethyleneglycol,95,0.14800571
triethyleneglycol,90,0.10942543
triethyleneglycol,85,0.08022156
triethyleneglycol,80,0.05829781
triethyleneglycol,75,0.04198042
triethyleneglycol,70,0.02994396
triethyleneglycol,65,0.02114773
triethyleneglycol,60,0.01478165
triethyleneglycol,55,0.01022087
triethyleneglycol,50,0.00698792
triethyleneglycol,45,0.00472148
triethyleneglycol,40,0.00315096
triethyleneglycol,35,0.00207582
triethyleneglycol,30,0.00134913
triethyleneglycol,25,0.00086447
2-2-(2-methoxyethoxy)ethoxyethanol,160,3.60688382
2-2-(2-methoxyethoxy)ethoxyethanol,155,2.92961805
2-2-(2-methoxyethoxy)ethoxyethanol,150,2.36523387
2-2-(2-methoxyethoxy)ethoxyethanol,145,1.89809698
2-2-(2-methoxyethoxy)ethoxyethanol,140,1.51401865
2-2-(2-methoxyethoxy)ethoxyethanol,135,1.20030071
2-2-(2-methoxyethoxy)ethoxyethanol,130,0.94571968
2-2-(2-methoxyethoxy)ethoxyethanol,125,0.74046800
2-2-(2-methoxyethoxy)ethoxyethanol,120,0.57606312
2-2-(2-methoxyethoxy)ethoxyethanol,115,0.44523862
2-2-(2-methoxyethoxy)ethoxyethanol,110,0.34182555
2-2-(2-methoxyethoxy)ethoxyethanol,105,0.26063106
2-2-(2-methoxyethoxy)ethoxyethanol,100,0.19731943
2-2-(2-methoxyethoxy)ethoxyethanol,95,0.14829919
2-2-(2-methoxyethoxy)ethoxyethanol,90,0.11061835
2-2-(2-methoxyethoxy)ethoxyethanol,85,0.08186912
2-2-(2-methoxyethoxy)ethoxyethanol,80,0.06010259
2-2-(2-methoxyethoxy)ethoxyethanol,75,0.04375344
2-2-(2-methoxyethoxy)ethoxyethanol,70,0.03157421
2-2-(2-methoxyethoxy)ethoxyethanol,65,0.02257869
2-2-(2-methoxyethoxy)ethoxyethanol,60,0.01599351
2-2-(2-methoxyethoxy)ethoxyethanol,55,0.01121730
2-2-(2-methoxyethoxy)ethoxyethanol,50,0.00778646
2-2-(2-methoxyethoxy)ethoxyethanol,45,0.00534679
2-2-(2-methoxyethoxy)ethoxyethanol,40,0.00363015
2-2-(2-methoxyethoxy)ethoxyethanol,35,0.00243556
2-2-(2-methoxyethoxy)ethoxyethanol,30,0.00161385
2-2-(2-methoxyethoxy)ethoxyethanol,25,0.00105545
triethylphosphate,160,3.93450328
triethylphosphate,155,3.21222396
triethylphosphate,150,2.60553998
triethylphosphate,145,2.09972517
triethylphosphate,140,1.68107835
triethylphosphate,135,1.33706434
triethylphosphate,130,1.05638641
triethylphosphate,125,0.82900180
triethylphosphate,120,0.64609258
triethylphosphate,115,0.50000397
triethylphosphate,110,0.38416039
triethylphosphate,105,0.29296900
triethylphosphate,100,0.22171684
triethylphosphate,95,0.16646775
triethylphosphate,90,0.12396271
triethylphosphate,85,0.09152615
triethylphosphate,80,0.06697992
triethylphosphate,75,0.04856572
triethylphosphate,70,0.03487621
triethylphosphate,65,0.02479471
triethylphosphate,60,0.01744306
triethylphosphate,55,0.01213696
triethylphosphate,50,0.00834828
triethylphosphate,45,0.00567342
triethylphosphate,40,0.00380714
triethylphosphate,35,0.00252110
triethylphosphate,30,0.00164636
triethylphosphate,25,0.00105950
trifluoroaceticacid,160,100.00000000
trifluoroaceticacid,155,100.00000000
trifluoroaceticacid,150,100.00000000
trifluoroaceticacid,145,100.00000000
trifluoroaceticacid,140,100.00000000
trifluoroaceticacid,135,100.00000000
trifluoroaceticacid,130,100.00000000
trifluoroaceticacid,125,100.00000000
trifluoroaceticacid,120,100.00000000
trifluoroaceticacid,115,100.00000000
trifluoroaceticacid,110,100.00000000
trifluoroaceticacid,105,100.00000000
trifluoroaceticacid,100,100.00000000
trifluoroaceticacid,95,100.00000000
trifluoroaceticacid,90,100.00000000
trifluoroaceticacid,85,100.00000000
trifluoroaceticacid,80,100.00000000
trifluoroaceticacid,75,100.00000000
trifluoroaceticacid,70,100.00000000
trifluoroaceticacid,65,100.00000000
trifluoroaceticacid,60,100.00000000
trifluoroaceticacid,55,100.00000000
trifluoroaceticacid,50,100.00000000
trifluoroaceticacid,45,100.00000000
trifluoroaceticacid,40,100.00000000
trifluoroaceticacid,35,100.00000000
trifluoroaceticacid,30,100.00000000
trifluoroaceticacid,25,100.00000000
chf3,160,31.88776989
chf3,155,29.86866255
chf3,150,27.92104186
chf3,145,26.04535859
chf3,140,24.24437849
chf3,135,22.51876157
chf3,130,20.86901261
chf3,125,19.29598087
chf3,120,17.80094090
chf3,115,16.38339818
chf3,110,15.04250978
chf3,105,13.77921837
chf3,100,12.59288556
chf3,95,11.48294563
chf3,90,10.44732912
chf3,85,9.48520908
chf3,80,8.59500552
chf3,75,7.77489487
chf3,70,7.02232737
chf3,65,6.33480692
chf3,60,5.70966289
chf3,55,5.14394022
chf3,50,4.63430016
chf3,45,4.17754410
chf3,40,3.77039753
chf3,35,3.40937452
chf3,30,3.09131622
chf3,25,2.81298251
trimethylamine,160,17.52362773
trimethylamine,155,15.01266135
trimethylamine,150,12.74176131
trimethylamine,145,10.71442000
trimethylamine,140,8.92760096
trimethylamine,135,7.37253565
trimethylamine,130,6.03564121
trimethylamine,125,4.89980448
trimethylamine,120,3.94559942
trimethylamine,115,3.15252488
trimethylamine,110,2.50000786
trimethylamine,105,1.96823681
trimethylamine,100,1.53875080
trimethylamine,95,1.19481392
trimethylamine,90,0.92159697
trimethylamine,85,0.70622039
trimethylamine,80,0.53768638
trimethylamine,75,0.40674312
trimethylamine,70,0.30570931
trimethylamine,65,0.22828200
trimethylamine,60,0.16934381
trimethylamine,55,0.12477986
trimethylamine,50,0.09131101
trimethylamine,45,0.06634588
trimethylamine,40,0.04785289
trimethylamine,35,0.03425145
trimethylamine,30,0.02432099
trimethylamine,25,0.01712579
"1,2,4-trimethylbenzene",160,2.53660611
"1,2,4-trimethylbenzene",155,1.98118702
"1,2,4-trimethylbenzene",150,1.53740149
"1,2,4-trimethylbenzene",145,1.18506148
"1,2,4-trimethylbenzene",140,0.90713058
"1,2,4-trimethylbenzene",135,0.68935531
"1,2,4-trimethylbenzene",130,0.51989658
"1,2,4-trimethylbenzene",125,0.38898780
"1,2,4-trimethylbenzene",120,0.28862524
"1,2,4-trimethylbenzene",115,0.21229318
"1,2,4-trimethylbenzene",110,0.15472323
"1,2,4-trimethylbenzene",105,0.11168565
"1,2,4-trimethylbenzene",100,0.07980979
"1,2,4-trimethylbenzene",95,0.05643080
"1,2,4-trimethylbenzene",90,0.03945946
"1,2,4-trimethylbenzene",85,0.02727238
"1,2,4-trimethylbenzene",80,0.01862010
"1,2,4-trimethylbenzene",75,0.01255063
"1,2,4-trimethylbenzene",70,0.00834637
"1,2,4-trimethylbenzene",65,0.00547251
"1,2,4-trimethylbenzene",60,0.00353530
"1,2,4-trimethylbenzene",55,0.00224850
"1,2,4-trimethylbenzene",50,0.00140685
"1,2,4-trimethylbenzene",45,0.00086522
"1,2,4-trimethylbenzene",40,0.00052257
"1,2,4-trimethylbenzene",35,0.00030968
"1,2,4-trimethylbenzene",30,0.00017988
"1,2,4-trimethylbenzene",25,0.00010231
thiacyclobutane,160,12.66164037
thiacyclobutane,155,10.44847699
thiacyclobutane,150,8.51287985
thiacyclobutane,145,6.84967514
thiacyclobutane,140,5.44487683
thiacyclobutane,135,4.27769706
thiacyclobutane,130,3.32288193
thiacyclobutane,125,2.55307917
thiacyclobutane,120,1.94083200
thiacyclobutane,115,1.46007678
thiacyclobutane,110,1.08711151
thiacyclobutane,105,0.80109885
thiacyclobutane,100,0.58421578
thiacyclobutane,95,0.42155963
thiacyclobutane,90,0.30090690
thiacyclobutane,85,0.21239811
thiacyclobutane,80,0.14819883
thiacyclobutane,75,0.10216918
thiacyclobutane,70,0.06955985
thiacyclobutane,65,0.04674364
thiacyclobutane,60,0.03098512
thiacyclobutane,55,0.02024757
thiacyclobutane,50,0.01303423
thiacyclobutane,45,0.00825989
thiacyclobutane,40,0.00514878
thiacyclobutane,35,0.00315443
thiacyclobutane,30,0.00189778
thiacyclobutane,25,0.00112016
trimethylphosphate,160,4.04052481
trimethylphosphate,155,3.25170061
trimethylphosphate,150,2.59898823
trimethylphosphate,145,2.06314078
trimethylphosphate,140,1.62659034
trimethylphosphate,135,1.27359164
trimethylphosphate,130,0.99025527
trimethylphosphate,125,0.76449780
trimethylphosphate,120,0.58593595
trimethylphosphate,115,0.44574639
trimethylphosphate,110,0.33650782
trimethylphosphate,105,0.25203765
trimethylphosphate,100,0.18723194
trimethylphosphate,95,0.13791400
trimethylphosphate,90,0.10069524
trimethylphosphate,85,0.07284986
trimethylphosphate,80,0.05220398
trimethylphosphate,75,0.03703891
trimethylphosphate,70,0.02600793
trimethylphosphate,65,0.01806541
trimethylphosphate,60,0.01240719
trimethylphosphate,55,0.00842093
trimethylphosphate,50,0.00564509
trimethylphosphate,45,0.00373556
trimethylphosphate,40,0.00243866
trimethylphosphate,35,0.00156955
trimethylphosphate,30,0.00099525
trimethylphosphate,25,0.00062131
trinitromethane,160,100.00000000
trinitromethane,155,100.00000000
trinitromethane,150,100.00000000
trinitromethane,145,100.00000000
trinitromethane,140,100.00000000
trinitromethane,135,100.00000000
trinitromethane,130,100.00000000
trinitromethane,125,100.00000000
trinitromethane,120,100.00000000
trinitromethane,115,100.00000000
trinitromethane,110,100.00000000
trinitromethane,105,100.00000000
trinitromethane,100,100.00000000
trinitromethane,95,100.00000000
trinitromethane,90,100.00000000
trinitromethane,85,100.00000000
trinitromethane,80,100.00000000
trinitromethane,75,100.00000000
trinitromethane,70,100.00000000
trinitromethane,65,100.00000000
trinitromethane,60,100.00000000
trinitromethane,55,100.00000000
trinitromethane,50,100.00000000
trinitromethane,45,100.00000000
trinitromethane,40,100.00000000
trinitromethane,35,100.00000000
trinitromethane,30,100.00000000
trinitromethane,25,100.00000000
"2-methyl-1,3,5-trinitrobenzene",160,5.82500819
"2-methyl-1,3,5-trinitrobenzene",155,4.90857381
"2-methyl-1,3,5-trinitrobenzene",150,4.10500206
"2-methyl-1,3,5-trinitrobenzene",145,3.40630622
"2-methyl-1,3,5-trinitrobenzene",140,2.80411825
"2-methyl-1,3,5-trinitrobenzene",135,2.28976684
"2-methyl-1,3,5-trinitrobenzene",130,1.85448538
"2-methyl-1,3,5-trinitrobenzene",125,1.48955854
"2-methyl-1,3,5-trinitrobenzene",120,1.18648890
"2-methyl-1,3,5-trinitrobenzene",115,0.93716313
"2-methyl-1,3,5-trinitrobenzene",110,0.73397867
"2-methyl-1,3,5-trinitrobenzene",105,0.56994713
"2-methyl-1,3,5-trinitrobenzene",100,0.43876029
"2-methyl-1,3,5-trinitrobenzene",95,0.33481847
"2-methyl-1,3,5-trinitrobenzene",90,0.25323106
"2-methyl-1,3,5-trinitrobenzene",85,0.18978994
"2-methyl-1,3,5-trinitrobenzene",80,0.14092493
"2-methyl-1,3,5-trinitrobenzene",75,0.10364713
"2-methyl-1,3,5-trinitrobenzene",70,0.07548572
"2-methyl-1,3,5-trinitrobenzene",65,0.05442284
"2-methyl-1,3,5-trinitrobenzene",60,0.03882983
"2-methyl-1,3,5-trinitrobenzene",55,0.02740728
"2-methyl-1,3,5-trinitrobenzene",50,0.01913024
"2-methyl-1,3,5-trinitrobenzene",45,0.01319953
"2-methyl-1,3,5-trinitrobenzene",40,0.00899914
"2-methyl-1,3,5-trinitrobenzene",35,0.00605986
"2-methyl-1,3,5-trinitrobenzene",30,0.00402858
"2-methyl-1,3,5-trinitrobenzene",25,0.00264285
"2-methyl-1,3,5-trinitrobenzene",160,5.82500819
"2-methyl-1,3,5-trinitrobenzene",155,4.90857381
"2-methyl-1,3,5-trinitrobenzene",150,4.10500206
"2-methyl-1,3,5-trinitrobenzene",145,3.40630622
"2-methyl-1,3,5-trinitrobenzene",140,2.80411825
"2-methyl-1,3,5-trinitrobenzene",135,2.28976684
"2-methyl-1,3,5-trinitrobenzene",130,1.85448538
"2-methyl-1,3,5-trinitrobenzene",125,1.48955854
"2-methyl-1,3,5-trinitrobenzene",120,1.18648890
"2-methyl-1,3,5-trinitrobenzene",115,0.93716313
"2-methyl-1,3,5-trinitrobenzene",110,0.73397867
"2-methyl-1,3,5-trinitrobenzene",105,0.56994713
"2-methyl-1,3,5-trinitrobenzene",100,0.43876029
"2-methyl-1,3,5-trinitrobenzene",95,0.33481847
"2-methyl-1,3,5-trinitrobenzene",90,0.25323106
"2-methyl-1,3,5-trinitrobenzene",85,0.18978994
"2-methyl-1,3,5-trinitrobenzene",80,0.14092493
"2-methyl-1,3,5-trinitrobenzene",75,0.10364713
"2-methyl-1,3,5-trinitrobenzene",70,0.07548572
"2-methyl-1,3,5-trinitrobenzene",65,0.05442284
"2-methyl-1,3,5-trinitrobenzene",60,0.03882983
"2-methyl-1,3,5-trinitrobenzene",55,0.02740728
"2-methyl-1,3,5-trinitrobenzene",50,0.01913024
"2-methyl-1,3,5-trinitrobenzene",45,0.01319953
"2-methyl-1,3,5-trinitrobenzene",40,0.00899914
"2-methyl-1,3,5-trinitrobenzene",35,0.00605986
"2-methyl-1,3,5-trinitrobenzene",30,0.00402858
"2-methyl-1,3,5-trinitrobenzene",25,0.00264285
triphenylphosphate,160,1.13704283
triphenylphosphate,155,0.90290084
triphenylphosphate,150,0.71276794
triphenylphosphate,145,0.55923699
triphenylphosphate,140,0.43598514
triphenylphosphate,135,0.33764299
triphenylphosphate,130,0.25967470
triphenylphosphate,125,0.19826972
triphenylphosphate,120,0.15024503
triphenylphosphate,115,0.11295769
triphenylphosphate,110,0.08422694
triphenylphosphate,105,0.06226521
triphenylphosphate,100,0.04561743
triphenylphosphate,95,0.03310778
triphenylphosphate,90,0.02379343
triphenylphosphate,85,0.01692452
triphenylphosphate,80,0.01190974
triphenylphosphate,75,0.00828703
triphenylphosphate,70,0.00569873
triphenylphosphate,65,0.00387080
triphenylphosphate,60,0.00259547
triphenylphosphate,55,0.00171695
triphenylphosphate,50,0.00111981
triphenylphosphate,45,0.00071959
triphenylphosphate,40,0.00045526
triphenylphosphate,35,0.00028337
triphenylphosphate,30,0.00017338
triphenylphosphate,25,0.00010420
n-undecane,160,0.19693149
n-undecane,155,0.14790813
n-undecane,150,0.11026553
n-undecane,145,0.08155977
n-undecane,140,0.05982963
n-undecane,135,0.04350838
n-undecane,130,0.03135115
n-undecane,125,0.02237484
n-undecane,120,0.01580838
n-undecane,115,0.01105154
n-undecane,110,0.00764090
n-undecane,105,0.00522182
n-undecane,100,0.00352542
n-undecane,95,0.00234994
n-undecane,90,0.00154559
n-undecane,85,0.00100239
n-undecane,80,0.00064061
n-undecane,75,0.00040314
n-undecane,70,0.00024962
n-undecane,65,0.00015196
n-undecane,60,0.00009087
n-undecane,55,0.00005333
n-undecane,50,0.00003069
n-undecane,45,0.00001730
n-undecane,40,0.00000954
n-undecane,35,0.00000514
n-undecane,30,0.00000270
n-undecane,25,0.00000139
urea,160,0.00007893
urea,155,0.00005589
urea,150,0.00003937
urea,145,0.00002759
urea,140,0.00001924
urea,135,0.00001335
urea,130,0.00000921
urea,125,0.00000633
urea,120,0.00000432
urea,115,0.00000294
urea,110,0.00000199
urea,105,0.00000134
urea,100,0.00000090
urea,95,0.00000060
urea,90,0.00000040
urea,85,0.00000026
urea,80,0.00000017
urea,75,0.00000011
urea,70,0.00000007
urea,65,0.00000005
urea,60,0.00000003
urea,55,0.00000002
urea,50,0.00000001
urea,45,0.00000001
urea,40,0.00000000
urea,35,0.00000000
urea,30,0.00000000
urea,25,0.00000000
urea,160,0.00007893
urea,155,0.00005589
urea,150,0.00003937
urea,145,0.00002759
urea,140,0.00001924
urea,135,0.00001335
urea,130,0.00000921
urea,125,0.00000633
urea,120,0.00000432
urea,115,0.00000294
urea,110,0.00000199
urea,105,0.00000134
urea,100,0.00000090
urea,95,0.00000060
urea,90,0.00000040
urea,85,0.00000026
urea,80,0.00000017
urea,75,0.00000011
urea,70,0.00000007
urea,65,0.00000005
urea,60,0.00000003
urea,55,0.00000002
urea,50,0.00000001
urea,45,0.00000001
urea,40,0.00000000
urea,35,0.00000000
urea,30,0.00000000
urea,25,0.00000000
valeronitrile,160,9.78750042
valeronitrile,155,8.03424805
valeronitrile,150,6.52841145
valeronitrile,145,5.25239567
valeronitrile,140,4.18502408
valeronitrile,135,3.30313835
valeronitrile,130,2.58301403
valeronitrile,125,2.00152478
valeronitrile,120,1.53697979
valeronitrile,115,1.16966296
valeronitrile,110,0.88211290
valeronitrile,105,0.65920011
valeronitrile,100,0.48806029
valeronitrile,95,0.35793332
valeronitrile,90,0.25995020
valeronitrile,85,0.18689751
valeronitrile,80,0.13298072
valeronitrile,75,0.09359953
valeronitrile,70,0.06514321
valeronitrile,65,0.04480937
valeronitrile,60,0.03044740
valeronitrile,55,0.02042557
valeronitrile,50,0.01352029
valeronitrile,45,0.00882497
valeronitrile,40,0.00567633
valeronitrile,35,0.00359535
valeronitrile,30,0.00224083
valeronitrile,25,0.00137318
4-hydroxy-3-methoxybenzaldehyde,160,5.42651790
4-hydroxy-3-methoxybenzaldehyde,155,4.54296609
4-hydroxy-3-methoxybenzaldehyde,150,3.78840322
4-hydroxy-3-methoxybenzaldehyde,145,3.14762288
4-hydroxy-3-methoxybenzaldehyde,140,2.60633510
4-hydroxy-3-methoxybenzaldehyde,135,2.15134177
4-hydroxy-3-methoxybenzaldehyde,130,1.77064103
4-hydroxy-3-methoxybenzaldehyde,125,1.45345699
4-hydroxy-3-methoxybenzaldehyde,120,1.19023338
4-hydroxy-3-methoxybenzaldehyde,115,0.97258309
4-hydroxy-3-methoxybenzaldehyde,110,0.79321458
4-hydroxy-3-methoxybenzaldehyde,105,0.64584271
4-hydroxy-3-methoxybenzaldehyde,100,0.52509164
4-hydroxy-3-methoxybenzaldehyde,95,0.42639555
4-hydroxy-3-methoxybenzaldehyde,90,0.34590150
4-hydroxy-3-methoxybenzaldehyde,85,0.28037718
4-hydroxy-3-methoxybenzaldehyde,80,0.22712555
4-hydroxy-3-methoxybenzaldehyde,75,0.18390726
4-hydroxy-3-methoxybenzaldehyde,70,0.14887131
4-hydroxy-3-methoxybenzaldehyde,65,0.12049399
4-hydroxy-3-methoxybenzaldehyde,60,0.09752553
4-hydroxy-3-methoxybenzaldehyde,55,0.07894430
4-hydroxy-3-methoxybenzaldehyde,50,0.06391753
4-hydroxy-3-methoxybenzaldehyde,45,0.05176806
4-hydroxy-3-methoxybenzaldehyde,40,0.04194643
4-hydroxy-3-methoxybenzaldehyde,35,0.03400750
4-hydroxy-3-methoxybenzaldehyde,30,0.02759114
4-hydroxy-3-methoxybenzaldehyde,25,0.02240623
(c-chloroethoxy)ethene,160,7.22833044
(c-chloroethoxy)ethene,155,5.84963075
(c-chloroethoxy)ethene,150,4.68674923
(c-chloroethoxy)ethene,145,3.71848939
(c-chloroethoxy)ethene,140,2.92214874
(c-chloroethoxy)ethene,135,2.27484026
(c-chloroethoxy)ethene,130,1.75452748
(c-chloroethoxy)ethene,125,1.34075753
(c-chloroethoxy)ethene,120,1.01510688
(c-chloroethoxy)ethene,115,0.76138776
(c-chloroethoxy)ethene,110,0.56567246
(c-chloroethoxy)ethene,105,0.41619272
(c-chloroethoxy)ethene,100,0.30316151
(c-chloroethoxy)ethene,95,0.21855461
(c-chloroethoxy)ethene,90,0.15587856
(c-chloroethoxy)ethene,85,0.10994283
(c-chloroethoxy)ethene,80,0.07664709
(c-chloroethoxy)ethene,75,0.05278958
(c-chloroethoxy)ethene,70,0.03589895
(c-chloroethoxy)ethene,65,0.02408996
(c-chloroethoxy)ethene,60,0.01594164
(c-chloroethoxy)ethene,55,0.01039623
(c-chloroethoxy)ethene,50,0.00667652
(c-chloroethoxy)ethene,45,0.00421911
(c-chloroethoxy)ethene,40,0.00262141
(c-chloroethoxy)ethene,35,0.00159999
(c-chloroethoxy)ethene,30,0.00095845
(c-chloroethoxy)ethene,25,0.00056294
vinylacetate,160,10.52857020
vinylacetate,155,8.66485653
vinylacetate,150,7.05043895
vinylacetate,145,5.67300648
vinylacetate,140,4.51500268
vinylacetate,135,3.55520535
vinylacetate,130,2.77041146
vinylacetate,125,2.13693480
vinylacetate,120,1.63183565
vinylacetate,115,1.23378849
vinylacetate,110,0.92361871
vinylacetate,105,0.68455394
vinylacetate,100,0.50226006
vinylacetate,95,0.36472696
vinylacetate,90,0.26206498
vinylacetate,85,0.18625552
vinylacetate,80,0.13088839
vinylacetate,75,0.09090652
vinylacetate,70,0.06237058
vinylacetate,65,0.04224976
vinylacetate,60,0.02824086
vinylacetate,55,0.01861535
vinylacetate,50,0.01209248
vinylacetate,45,0.00773577
vinylacetate,40,0.00486976
vinylacetate,35,0.00301425
vinylacetate,30,0.00183295
vinylacetate,25,0.00109403
butenyne,160,27.92824745
butenyne,155,25.03332709
butenyne,150,22.25367512
butenyne,145,19.60957761
butenyne,140,17.12079542
butenyne,135,14.80435136
butenyne,130,12.67437960
butenyne,125,10.74068456
butenyne,120,9.00867799
butenyne,115,7.47844419
butenyne,110,6.14512648
butenyne,105,4.99937920
butenyne,100,4.02810239
butenyne,95,3.21545012
butenyne,90,2.54398814
butenyne,85,1.99572052
butenyne,80,1.55300293
butenyne,75,1.19921731
butenyne,70,0.91923435
butenyne,65,0.69966415
butenyne,60,0.52893387
butenyne,55,0.39724412
butenyne,50,0.29644076
butenyne,45,0.21984119
butenyne,40,0.16204156
butenyne,35,0.11872359
butenyne,30,0.08647346
butenyne,25,0.06261859
allylvinylether,160,9.05108135
allylvinylether,155,7.35848006
allylvinylether,150,5.91965506
allylvinylether,145,4.71356204
allylvinylether,140,3.71591131
allylvinylether,135,2.90099262
allylvinylether,130,2.24321160
allylvinylether,125,1.71823937
allylvinylether,120,1.30377453
allylvinylether,115,0.97996355
allylvinylether,110,0.72955451
allylvinylether,105,0.53785850
allylvinylether,100,0.39258639
allylvinylether,95,0.28361440
allylvinylether,90,0.20271813
allylvinylether,85,0.14330186
allylvinylether,80,0.10014042
allylvinylether,75,0.06914322
allylvinylether,70,0.04714527
allylvinylether,65,0.03172656
allylvinylether,60,0.02105884
allylvinylether,55,0.01377796
allylvinylether,50,0.00887909
allylvinylether,45,0.00563197
allylvinylether,40,0.00351332
allylvinylether,35,0.00215365
allylvinylether,30,0.00129612
allylvinylether,25,0.00076510
butylvinylether,160,4.20342150
butylvinylether,155,3.32452814
butylvinylether,150,2.61086514
butylvinylether,145,2.03590661
butylvinylether,140,1.57620770
butylvinylether,135,1.21140518
butylvinylether,130,0.92406468
butylvinylether,125,0.69943928
butylvinylether,120,0.52518644
butylvinylether,115,0.39107417
butylvinylether,110,0.28869527
butylvinylether,105,0.21120074
butylvinylether,100,0.15305755
butylvinylether,95,0.10983342
butylvinylether,90,0.07800820
butylvinylether,85,0.05481084
butylvinylether,80,0.03807991
butylvinylether,75,0.02614568
butylvinylether,70,0.01773118
butylvinylether,65,0.01187013
butylvinylether,60,0.00783948
butylvinylether,55,0.00510448
butylvinylether,50,0.00327457
butylvinylether,45,0.00206815
butylvinylether,40,0.00128502
butylvinylether,35,0.00078486
butylvinylether,30,0.00047082
butylvinylether,25,0.00027716
vinylbutyrate,160,5.45253964
vinylbutyrate,155,4.38926394
vinylbutyrate,150,3.50474880
vinylbutyrate,145,2.77614451
vinylbutyrate,140,2.18159370
vinylbutyrate,135,1.70081342
vinylbutyrate,130,1.31544355
vinylbutyrate,125,1.00920647
vinylbutyrate,120,0.76792407
vinylbutyrate,115,0.57943532
vinylbutyrate,110,0.43345007
vinylbutyrate,105,0.32136738
vinylbutyrate,100,0.23607910
vinylbutyrate,95,0.17177300
vinylbutyrate,90,0.12374491
vinylbutyrate,85,0.08822543
vinylbutyrate,80,0.06222414
vinylbutyrate,75,0.04339237
vinylbutyrate,70,0.02990430
vinylbutyrate,65,0.02035552
vinylbutyrate,60,0.01367751
vinylbutyrate,55,0.00906652
vinylbutyrate,50,0.00592516
vinylbutyrate,45,0.00381492
vinylbutyrate,40,0.00241814
vinylbutyrate,35,0.00150782
vinylbutyrate,30,0.00092414
vinylbutyrate,25,0.00055625
chloroethene,160,23.18687710
chloroethene,155,20.40392651
chloroethene,150,17.76166352
chloroethene,145,15.28212542
chloroethene,140,12.98624993
chloroethene,135,10.89160411
chloroethene,130,9.01143761
chloroethene,125,7.35274453
chloroethene,120,5.91571824
chloroethene,115,4.69360769
chloroethene,110,3.67327430
chloroethene,105,2.83662910
chloroethene,100,2.16239653
chloroethene,95,1.62790733
chloroethene,90,1.21071626
chloroethene,85,0.88980065
chloroethene,80,0.64633181
chloroethene,75,0.46404207
chloroethene,70,0.32928877
chloroethene,65,0.23091271
chloroethene,60,0.15997892
chloroethene,55,0.10946551
chloroethene,50,0.07394593
chloroethene,45,0.04929094
chloroethene,40,0.03240430
chloroethene,35,0.02099731
chloroethene,30,0.01340201
chloroethene,25,0.00842014
divinylether,160,15.85341915
divinylether,155,13.42043753
divinylether,150,11.22546630
divinylether,145,9.27619770
divinylether,140,7.57282376
divinylether,135,6.10821677
divinylether,130,4.86885913
divinylether,125,3.83629263
divinylether,120,2.98876572
divinylether,115,2.30295645
divinylether,110,1.75546979
divinylether,105,1.32399680
divinylether,100,0.98811099
divinylether,95,0.72971489
divinylether,90,0.53320801
divinylether,85,0.38545018
divinylether,80,0.27559237
divinylether,75,0.19483276
divinylether,70,0.13614224
divinylether,65,0.09398840
divinylether,60,0.06407613
divinylether,55,0.04311482
divinylether,50,0.02861617
divinylether,45,0.01872304
divinylether,40,0.01206775
divinylether,35,0.00765677
divinylether,30,0.00477857
divinylether,25,0.00293106
ethylvinylsulfide,160,7.00285618
ethylvinylsulfide,155,5.60316351
ethylvinylsulfide,150,4.44141135
ethylvinylsulfide,145,3.48873062
ethylvinylsulfide,140,2.71623321
ethylvinylsulfide,135,2.09641369
ethylvinylsulfide,130,1.60404735
ethylvinylsulfide,125,1.21666838
ethylvinylsulfide,120,0.91473232
ethylvinylsulfide,115,0.68156126
ethylvinylsulfide,110,0.50315343
ethylvinylsulfide,105,0.36791921
ethylvinylsulfide,100,0.26638572
ethylvinylsulfide,95,0.19090012
ethylvinylsulfide,90,0.13534752
ethylvinylsulfide,85,0.09489387
ethylvinylsulfide,80,0.06575795
ethylvinylsulfide,75,0.04501353
ethylvinylsulfide,70,0.03042070
ethylvinylsulfide,65,0.02028417
ethylvinylsulfide,60,0.01333588
ethylvinylsulfide,55,0.00863892
ethylvinylsulfide,50,0.00550998
ethylvinylsulfide,45,0.00345744
ethylvinylsulfide,40,0.00213263
ethylvinylsulfide,35,0.00129196
ethylvinylsulfide,30,0.00076799
ethylvinylsulfide,25,0.00044752
vinylformate,160,16.09982036
vinylformate,155,13.65480474
vinylformate,150,11.44051184
vinylformate,145,9.46681267
vinylformate,140,7.73632695
vinylformate,135,6.24421303
vinylformate,130,4.97879727
vinylformate,125,3.92287767
vinylformate,120,3.05541309
vinylformate,115,2.35326838
vinylformate,110,1.79286602
vinylformate,105,1.35148322
vinylformate,100,1.00818188
vinylformate,95,0.74434518
vinylformate,90,0.54390247
vinylformate,85,0.39331994
vinylformate,80,0.28143735
vinylformate,75,0.19921841
vinylformate,70,0.13946383
vinylformate,65,0.09652167
vinylformate,60,0.06601498
vinylformate,55,0.04459812
vinylformate,50,0.02974604
vinylformate,45,0.01957690
vinylformate,40,0.01270592
vinylformate,35,0.00812724
vinylformate,30,0.00511995
vinylformate,25,0.00317443
iodoethene,160,3.16158537
iodoethene,155,2.46213491
iodoethene,150,1.90471559
iodoethene,145,1.46387689
iodoethene,140,1.11769527
iodoethene,135,0.84768042
iodoethene,130,0.63847237
iodoethene,125,0.47746337
iodoethene,120,0.35440009
iodoethene,115,0.26100966
iodoethene,110,0.19066447
iodoethene,105,0.13809089
iodoethene,100,0.09912090
iodoethene,95,0.07048317
iodoethene,90,0.04962865
iodoethene,85,0.03458640
iodoethene,80,0.02384486
iodoethene,75,0.01625483
iodoethene,70,0.01095067
iodoethene,65,0.00728672
iodoethene,60,0.00478638
iodoethene,55,0.00310174
iodoethene,50,0.00198178
iodoethene,45,0.00124758
iodoethene,40,0.00077329
iodoethene,35,0.00047159
iodoethene,30,0.00028274
iodoethene,25,0.00016652
isobutylvinylether,160,3.77383679
isobutylvinylether,155,2.97021294
isobutylvinylether,150,2.32187552
isobutylvinylether,145,1.80261175
isobutylvinylether,140,1.38967640
isobutylvinylether,135,1.06362137
isobutylvinylether,130,0.80800948
isobutylvinylether,125,0.60908694
isobutylvinylether,120,0.45544749
isobutylvinylether,115,0.33770942
isobutylvinylether,110,0.24821696
isobutylvinylether,105,0.18077126
isobutylvinylether,100,0.13039241
isobutylvinylether,95,0.09311179
isobutylvinylether,90,0.06579306
isobutylvinylether,85,0.04597919
isobutylvinylether,80,0.03176285
isobutylvinylether,75,0.02167774
isobutylvinylether,70,0.01460804
isobutylvinylether,65,0.00971376
isobutylvinylether,60,0.00636972
isobutylvinylether,55,0.00411620
isobutylvinylether,50,0.00261942
isobutylvinylether,45,0.00164028
isobutylvinylether,40,0.00100994
isobutylvinylether,35,0.00061089
isobutylvinylether,30,0.00036270
isobutylvinylether,25,0.00021117
2-(ethenyloxy)-propane,160,7.84283704
2-(ethenyloxy)-propane,155,6.33725804
2-(ethenyloxy)-propane,150,5.07218318
2-(ethenyloxy)-propane,145,4.02228044
2-(ethenyloxy)-propane,140,3.16104861
2-(ethenyloxy)-propane,135,2.46230677
2-(ethenyloxy)-propane,130,1.90128188
2-(ethenyloxy)-propane,125,1.45530837
2-(ethenyloxy)-propane,120,1.10420245
2-(ethenyloxy)-propane,115,0.83038636
2-(ethenyloxy)-propane,110,0.61883629
2-(ethenyloxy)-propane,105,0.45691701
2-(ethenyloxy)-propane,100,0.33415230
2-(ethenyloxy)-propane,95,0.24196707
2-(ethenyloxy)-propane,90,0.17342548
2-(ethenyloxy)-propane,85,0.12298067
2-(ethenyloxy)-propane,80,0.08624502
2-(ethenyloxy)-propane,75,0.05978528
2-(ethenyloxy)-propane,70,0.04094415
2-(ethenyloxy)-propane,65,0.02768765
2-(ethenyloxy)-propane,60,0.01847653
2-(ethenyloxy)-propane,55,0.01215970
2-(ethenyloxy)-propane,50,0.00788689
2-(ethenyloxy)-propane,45,0.00503807
2-(ethenyloxy)-propane,40,0.00316720
2-(ethenyloxy)-propane,35,0.00195794
2-(ethenyloxy)-propane,30,0.00118926
2-(ethenyloxy)-propane,25,0.00070913
propanoicacidethenylester,160,7.66649992
propanoicacidethenylester,155,6.23685060
propanoicacidethenylester,150,5.02526392
propanoicacidethenylester,145,4.01113190
propanoicacidethenylester,140,3.17227581
propanoicacidethenylester,135,2.48620921
propanoicacidethenylester,130,1.93113825
propanoicacidethenylester,125,1.48668913
propanoicacidethenylester,120,1.13436847
propanoicacidethenylester,115,0.85779826
propanoicacidethenylester,110,0.64277221
propanoicacidethenylester,105,0.47718749
propanoicacidethenylester,100,0.35089463
propanoicacidethenylester,95,0.25550178
propanoicacidethenylester,90,0.18415944
propanoicacidethenylester,85,0.13134420
propanoicacidethenylester,80,0.09265323
propanoicacidethenylester,75,0.06461620
propanoicacidethenylester,70,0.04452819
propanoicacidethenylester,65,0.03030446
propanoicacidethenylester,60,0.02035656
propanoicacidethenylester,55,0.01348841
propanoicacidethenylester,50,0.00881029
propanoicacidethenylester,45,0.00566878
propanoicacidethenylester,40,0.00359037
propanoicacidethenylester,35,0.00223664
propanoicacidethenylester,30,0.00136931
propanoicacidethenylester,25,0.00082314
1-(ethenyloxy)propane,160,6.72745758
1-(ethenyloxy)propane,155,5.38287151
1-(ethenyloxy)propane,150,4.26947937
1-(ethenyloxy)propane,145,3.35769672
1-(ethenyloxy)propane,140,2.61870026
1-(ethenyloxy)propane,135,2.02555612
1-(ethenyloxy)propane,130,1.55388628
1-(ethenyloxy)propane,125,1.18217410
1-(ethenyloxy)propane,120,0.89181167
1-(ethenyloxy)propane,115,0.66697720
1-(ethenyloxy)propane,110,0.49441154
1-(ethenyloxy)propane,105,0.36314429
1-(ethenyloxy)propane,100,0.26420270
1-(ethenyloxy)propane,95,0.19032687
1-(ethenyloxy)propane,90,0.13570298
1-(ethenyloxy)propane,85,0.09572199
1-(ethenyloxy)propane,80,0.06676661
1-(ethenyloxy)propane,75,0.04602676
1-(ethenyloxy)propane,70,0.03134217
1-(ethenyloxy)propane,65,0.02107005
1-(ethenyloxy)propane,60,0.01397512
1-(ethenyloxy)propane,55,0.00913945
1-(ethenyloxy)propane,50,0.00588931
1-(ethenyloxy)propane,45,0.00373660
1-(ethenyloxy)propane,40,0.00233255
1-(ethenyloxy)propane,35,0.00143146
1-(ethenyloxy)propane,30,0.00086289
1-(ethenyloxy)propane,25,0.00051047
1-vinyl-2-pyrrolidinone,160,6.75046317
1-vinyl-2-pyrrolidinone,155,5.52264298
1-vinyl-2-pyrrolidinone,150,4.48186670
1-vinyl-2-pyrrolidinone,145,3.60851377
1-vinyl-2-pyrrolidinone,140,2.88273430
1-vinyl-2-pyrrolidinone,135,2.28520521
1-vinyl-2-pyrrolidinone,130,1.79768041
1-vinyl-2-pyrrolidinone,125,1.40336881
1-vinyl-2-pyrrolidinone,120,1.08715278
1-vinyl-2-pyrrolidinone,115,0.83567577
1-vinyl-2-pyrrolidinone,110,0.63733004
1-vinyl-2-pyrrolidinone,105,0.48217356
1-vinyl-2-pyrrolidinone,100,0.36180191
1-vinyl-2-pyrrolidinone,95,0.26919460
1-vinyl-2-pyrrolidinone,90,0.19855171
1-vinyl-2-pyrrolidinone,85,0.14513137
1-vinyl-2-pyrrolidinone,80,0.10509529
1-vinyl-2-pyrrolidinone,75,0.07536660
1-vinyl-2-pyrrolidinone,70,0.05350245
1-vinyl-2-pyrrolidinone,65,0.03758188
1-vinyl-2-pyrrolidinone,60,0.02610901
1-vinyl-2-pyrrolidinone,55,0.01793047
1-vinyl-2-pyrrolidinone,50,0.01216605
1-vinyl-2-pyrrolidinone,45,0.00815109
1-vinyl-2-pyrrolidinone,40,0.00538922
1-vinyl-2-pyrrolidinone,35,0.00351397
1-vinyl-2-pyrrolidinone,30,0.00225805
1-vinyl-2-pyrrolidinone,25,0.00142893
ethenyltrimethylsilane,160,1.43443128
ethenyltrimethylsilane,155,1.10107983
ethenyltrimethylsilane,150,0.84018411
ethenyltrimethylsilane,145,0.63702072
ethenyltrimethylsilane,140,0.47969252
ethenyltrimethylsilane,135,0.35859819
ethenyltrimethylsilane,130,0.26600706
ethenyltrimethylsilane,125,0.19571307
ethenyltrimethylsilane,120,0.14275339
ethenyltrimethylsilane,115,0.10317796
ethenyltrimethylsilane,110,0.07386010
ethenyltrimethylsilane,105,0.05234049
ethenyltrimethylsilane,100,0.03669825
ethenyltrimethylsilane,95,0.02544481
ethenyltrimethylsilane,90,0.01743639
ethenyltrimethylsilane,85,0.01180222
ethenyltrimethylsilane,80,0.00788599
ethenyltrimethylsilane,75,0.00519824
ethenyltrimethylsilane,70,0.00337810
ethenyltrimethylsilane,65,0.00216271
ethenyltrimethylsilane,60,0.00136306
ethenyltrimethylsilane,55,0.00084504
ethenyltrimethylsilane,50,0.00051490
ethenyltrimethylsilane,45,0.00030810
ethenyltrimethylsilane,40,0.00018087
ethenyltrimethylsilane,35,0.00010407
ethenyltrimethylsilane,30,0.00005863
ethenyltrimethylsilane,25,0.00003230
"1,3-dioxol-2-one",160,8.88204852
"1,3-dioxol-2-one",155,7.25735636
"1,3-dioxol-2-one",150,5.88100874
"1,3-dioxol-2-one",145,4.72844983
"1,3-dioxol-2-one",140,3.77349475
"1,3-dioxol-2-one",135,2.98996660
"1,3-dioxol-2-one",130,2.35288138
"1,3-dioxol-2-one",125,1.83921527
"1,3-dioxol-2-one",120,1.42832554
"1,3-dioxol-2-one",115,1.10211012
"1,3-dioxol-2-one",110,0.84498094
"1,3-dioxol-2-one",105,0.64371905
"1,3-dioxol-2-one",100,0.48726075
"1,3-dioxol-2-one",95,0.36645196
"1,3-dioxol-2-one",90,0.27379591
"1,3-dioxol-2-one",85,0.20321013
"1,3-dioxol-2-one",80,0.14980230
"1,3-dioxol-2-one",75,0.10966952
"1,3-dioxol-2-one",70,0.07972266
"1,3-dioxol-2-one",65,0.05753547
"1,3-dioxol-2-one",60,0.04121675
"1,3-dioxol-2-one",55,0.02930352
"1,3-dioxol-2-one",50,0.02067264
"1,3-dioxol-2-one",45,0.01446851
"1,3-dioxol-2-one",40,0.01004442
"1,3-dioxol-2-one",35,0.00691550
"1,3-dioxol-2-one",30,0.00472114
"1,3-dioxol-2-one",25,0.00319539
h2o,160,0.00002242
h2o,155,0.00001594
h2o,150,0.00001138
h2o,145,0.00000816
h2o,140,0.00000589
h2o,135,0.00000428
h2o,130,0.00000313
h2o,125,0.00000232
h2o,120,0.00000173
h2o,115,0.00000131
h2o,110,0.00000100
h2o,105,0.00000077
h2o,100,0.00000061
h2o,95,0.00000049
h2o,90,0.00000040
h2o,85,0.00000033
h2o,80,0.00000028
h2o,75,0.00000024
h2o,70,0.00000022
h2o,65,0.00000020
h2o,60,0.00000019
h2o,55,0.00000018
h2o,50,0.00000018
h2o,45,0.00000018
h2o,40,0.00000019
h2o,35,0.00000021
h2o,30,0.00000023
h2o,25,0.00000027
h2o,160,0.00002242
h2o,155,0.00001594
h2o,150,0.00001138
h2o,145,0.00000816
h2o,140,0.00000589
h2o,135,0.00000428
h2o,130,0.00000313
h2o,125,0.00000232
h2o,120,0.00000173
h2o,115,0.00000131
h2o,110,0.00000100
h2o,105,0.00000077
h2o,100,0.00000061
h2o,95,0.00000049
h2o,90,0.00000040
h2o,85,0.00000033
h2o,80,0.00000028
h2o,75,0.00000024
h2o,70,0.00000022
h2o,65,0.00000020
h2o,60,0.00000019
h2o,55,0.00000018
h2o,50,0.00000018
h2o,45,0.00000018
h2o,40,0.00000019
h2o,35,0.00000021
h2o,30,0.00000023
h2o,25,0.00000027
h2o,160,0.00002242
h2o,155,0.00001594
h2o,150,0.00001138
h2o,145,0.00000816
h2o,140,0.00000589
h2o,135,0.00000428
h2o,130,0.00000313
h2o,125,0.00000232
h2o,120,0.00000173
h2o,115,0.00000131
h2o,110,0.00000100
h2o,105,0.00000077
h2o,100,0.00000061
h2o,95,0.00000049
h2o,90,0.00000040
h2o,85,0.00000033
h2o,80,0.00000028
h2o,75,0.00000024
h2o,70,0.00000022
h2o,65,0.00000020
h2o,60,0.00000019
h2o,55,0.00000018
h2o,50,0.00000018
h2o,45,0.00000018
h2o,40,0.00000019
h2o,35,0.00000021
h2o,30,0.00000023
h2o,25,0.00000027
"1,4-dimethylbenzene",160,3.61518585
"1,4-dimethylbenzene",155,2.83618531
"1,4-dimethylbenzene",150,2.20942007
"1,4-dimethylbenzene",145,1.70894088
"1,4-dimethylbenzene",140,1.31224602
"1,4-dimethylbenzene",135,1.00012154
"1,4-dimethylbenzene",130,0.75635922
"1,4-dimethylbenzene",125,0.56742890
"1,4-dimethylbenzene",120,0.42214047
"1,4-dimethylbenzene",115,0.31131821
"1,4-dimethylbenzene",110,0.22749959
"1,4-dimethylbenzene",105,0.16466425
"1,4-dimethylbenzene",100,0.11799477
"1,4-dimethylbenzene",95,0.08366831
"1,4-dimethylbenzene",90,0.05867757
"1,4-dimethylbenzene",85,0.04067823
"1,4-dimethylbenzene",80,0.02786018
"1,4-dimethylbenzene",75,0.01883986
"1,4-dimethylbenzene",70,0.01257098
"1,4-dimethylbenzene",65,0.00827122
"1,4-dimethylbenzene",60,0.00536259
"1,4-dimethylbenzene",55,0.00342343
"1,4-dimethylbenzene",50,0.00215027
"1,4-dimethylbenzene",45,0.00132772
"1,4-dimethylbenzene",40,0.00080525
"1,4-dimethylbenzene",35,0.00047924
"1,4-dimethylbenzene",30,0.00027961
"1,4-dimethylbenzene",25,0.00015976
beta-propiolactone,160,1.72680145
beta-propiolactone,155,1.30184085
beta-propiolactone,150,0.97625234
beta-propiolactone,145,0.72786706
beta-propiolactone,140,0.53930252
beta-propiolactone,135,0.39693184
beta-propiolactone,130,0.29008223
beta-propiolactone,125,0.21041217
beta-propiolactone,120,0.15142264
beta-propiolactone,115,0.10807067
beta-propiolactone,110,0.07646257
beta-propiolactone,105,0.05360920
beta-propiolactone,100,0.03723077
beta-propiolactone,95,0.02560094
beta-propiolactone,90,0.01742271
beta-propiolactone,85,0.01172979
beta-propiolactone,80,0.00780874
beta-propiolactone,75,0.00513787
beta-propiolactone,70,0.00333951
beta-propiolactone,65,0.00214318
beta-propiolactone,60,0.00135730
beta-propiolactone,55,0.00084780
beta-propiolactone,50,0.00052198
beta-propiolactone,45,0.00031659
beta-propiolactone,40,0.00018904
beta-propiolactone,35,0.00011104
beta-propiolactone,30,0.00006413
beta-propiolactone,25,0.00003638
2-chloroacetophenone,160,3.42740153
2-chloroacetophenone,155,2.74827253
2-chloroacetophenone,150,2.18958099
2-chloroacetophenone,145,1.73323781
2-chloroacetophenone,140,1.36308806
2-chloroacetophenone,135,1.06491530
2-chloroacetophenone,130,0.82636860
2-chloroacetophenone,125,0.63683778
2-chloroacetophenone,120,0.48729985
2-chloroacetophenone,115,0.37015250
2-chloroacetophenone,110,0.27904591
2-chloroacetophenone,105,0.20872014
2-chloroacetophenone,100,0.15485316
2-chloroacetophenone,95,0.11392168
2-chloroacetophenone,90,0.08307636
2-chloroacetophenone,85,0.06003133
2-chloroacetophenone,80,0.04296781
2-chloroacetophenone,75,0.03045082
2-chloroacetophenone,70,0.02135803
2-chloroacetophenone,65,0.01481957
2-chloroacetophenone,60,0.01016760
2-chloroacetophenone,55,0.00689435
2-chloroacetophenone,50,0.00461780
2-chloroacetophenone,45,0.00305355
2-chloroacetophenone,40,0.00199229
2-chloroacetophenone,35,0.00128178
2-chloroacetophenone,30,0.00081266
2-chloroacetophenone,25,0.00050740
methyl2-chloroacrylate,160,6.41866212
methyl2-chloroacrylate,155,5.20795498
methyl2-chloroacrylate,150,4.18702469
methyl2-chloroacrylate,145,3.33605758
methyl2-chloroacrylate,140,2.63461026
methyl2-chloroacrylate,135,2.06255061
methyl2-chloroacrylate,130,1.60077063
methyl2-chloroacrylate,125,1.23168053
methyl2-chloroacrylate,120,0.93949758
methyl2-chloroacrylate,115,0.71036512
methyl2-chloroacrylate,110,0.53234351
methyl2-chloroacrylate,105,0.39531187
methyl2-chloroacrylate,100,0.29081511
methyl2-chloroacrylate,95,0.21188235
methyl2-chloroacrylate,90,0.15283605
methyl2-chloroacrylate,85,0.10910502
methyl2-chloroacrylate,80,0.07704939
methyl2-chloroacrylate,75,0.05380229
methyl2-chloroacrylate,70,0.03713000
methyl2-chloroacrylate,65,0.02531114
methyl2-chloroacrylate,60,0.01703396
methyl2-chloroacrylate,55,0.01131034
methyl2-chloroacrylate,50,0.00740481
methyl2-chloroacrylate,45,0.00477680
methyl2-chloroacrylate,40,0.00303412
methyl2-chloroacrylate,35,0.00189615
methyl2-chloroacrylate,30,0.00116495
methyl2-chloroacrylate,25,0.00070302
gamma-butyrolactone,160,5.00298146
gamma-butyrolactone,155,3.99698842
gamma-butyrolactone,150,3.17190185
gamma-butyrolactone,145,2.50036585
gamma-butyrolactone,140,1.95785517
gamma-butyrolactone,135,1.52275671
gamma-butyrolactone,130,1.17629960
gamma-butyrolactone,125,0.90238756
gamma-butyrolactone,120,0.68737357
gamma-butyrolactone,115,0.51980608
gamma-butyrolactone,110,0.39016734
gamma-butyrolactone,105,0.29061789
gamma-butyrolactone,100,0.21475611
gamma-butyrolactone,95,0.15739819
gamma-butyrolactone,90,0.11438102
gamma-butyrolactone,85,0.08238858
gamma-butyrolactone,80,0.05880141
gamma-butyrolactone,75,0.04156757
gamma-butyrolactone,70,0.02909352
gamma-butyrolactone,65,0.02015258
gamma-butyrolactone,60,0.01380910
gamma-butyrolactone,55,0.00935614
gamma-butyrolactone,50,0.00626484
gamma-butyrolactone,45,0.00414361
gamma-butyrolactone,40,0.00270559
gamma-butyrolactone,35,0.00174305
gamma-butyrolactone,30,0.00110727
gamma-butyrolactone,25,0.00069313
dihydrothiophen-2(3h)-one,160,6.68392060
dihydrothiophen-2(3h)-one,155,5.37057257
dihydrothiophen-2(3h)-one,150,4.27471919
dihydrothiophen-2(3h)-one,145,3.37138131
dihydrothiophen-2(3h)-one,140,2.63520286
dihydrothiophen-2(3h)-one,135,2.04169580
dihydrothiophen-2(3h)-one,130,1.56809765
dihydrothiophen-2(3h)-one,125,1.19388814
dihydrothiophen-2(3h)-one,120,0.90102324
dihydrothiophen-2(3h)-one,115,0.67396172
dihydrothiophen-2(3h)-one,110,0.49955142
dihydrothiophen-2(3h)-one,105,0.36683075
dihydrothiophen-2(3h)-one,100,0.26678703
dihydrothiophen-2(3h)-one,95,0.19210110
dihydrothiophen-2(3h)-one,90,0.13689740
dihydrothiophen-2(3h)-one,85,0.09651113
dihydrothiophen-2(3h)-one,80,0.06727853
dihydrothiophen-2(3h)-one,75,0.04635287
dihydrothiophen-2(3h)-one,70,0.03154614
dihydrothiophen-2(3h)-one,65,0.02119524
dihydrothiophen-2(3h)-one,60,0.01405043
dihydrothiophen-2(3h)-one,55,0.00918378
dihydrothiophen-2(3h)-one,50,0.00591477
dihydrothiophen-2(3h)-one,45,0.00375082
dihydrothiophen-2(3h)-one,40,0.00234021
dihydrothiophen-2(3h)-one,35,0.00143539
dihydrothiophen-2(3h)-one,30,0.00086478
dihydrothiophen-2(3h)-one,25,0.00051128
"1,4-dichloro-2-butyne",160,11.91954619
"1,4-dichloro-2-butyne",155,10.28718770
"1,4-dichloro-2-butyne",150,8.81113878
"1,4-dichloro-2-butyne",145,7.48834405
"1,4-dichloro-2-butyne",140,6.31389079
"1,4-dichloro-2-butyne",135,5.28120176
"1,4-dichloro-2-butyne",130,4.38203262
"1,4-dichloro-2-butyne",125,3.60685200
"1,4-dichloro-2-butyne",120,2.94513363
"1,4-dichloro-2-butyne",115,2.38578448
"1,4-dichloro-2-butyne",110,1.91750191
"1,4-dichloro-2-butyne",105,1.52914707
"1,4-dichloro-2-butyne",100,1.21003085
"1,4-dichloro-2-butyne",95,0.95015282
"1,4-dichloro-2-butyne",90,0.74036422
"1,4-dichloro-2-butyne",85,0.57245643
"1,4-dichloro-2-butyne",80,0.43919714
"1,4-dichloro-2-butyne",75,0.33431451
"1,4-dichloro-2-butyne",70,0.25244775
"1,4-dichloro-2-butyne",65,0.18907482
"1,4-dichloro-2-butyne",60,0.14042714
"1,4-dichloro-2-butyne",55,0.10339916
"1,4-dichloro-2-butyne",50,0.07545889
"1,4-dichloro-2-butyne",45,0.05456267
"1,4-dichloro-2-butyne",40,0.03907721
"1,4-dichloro-2-butyne",35,0.02770973
"1,4-dichloro-2-butyne",30,0.01944676
"1,4-dichloro-2-butyne",25,0.01350152
trans-dibromoethene,160,1.49948795
trans-dibromoethene,155,1.18053525
trans-dibromoethene,150,0.92636926
trans-dibromoethene,145,0.72433205
trans-dibromoethene,140,0.56418633
trans-dibromoethene,135,0.43764811
trans-dibromoethene,130,0.33801575
trans-dibromoethene,125,0.25986917
trans-dibromoethene,120,0.19882890
trans-dibromoethene,115,0.15136168
trans-dibromoethene,110,0.11462302
trans-dibromoethene,105,0.08632910
trans-dibromoethene,100,0.06465222
trans-dibromoethene,95,0.04813517
trans-dibromoethene,90,0.03562100
trans-dibromoethene,85,0.02619539
trans-dibromoethene,80,0.01913937
trans-dibromoethene,75,0.01389059
trans-dibromoethene,70,0.01001167
trans-dibromoethene,65,0.00716447
trans-dibromoethene,60,0.00508917
trans-dibromoethene,55,0.00358744
trans-dibromoethene,50,0.00250886
trans-dibromoethene,45,0.00174020
trans-dibromoethene,40,0.00119679
trans-dibromoethene,35,0.00081582
trans-dibromoethene,30,0.00055103
trans-dibromoethene,25,0.00036863
"1,2-dimethylbenzene",160,3.81652820
"1,2-dimethylbenzene",155,2.99985901
"1,2-dimethylbenzene",150,2.34104167
"1,2-dimethylbenzene",145,1.81372794
"1,2-dimethylbenzene",140,1.39487869
"1,2-dimethylbenzene",135,1.06468798
"1,2-dimethylbenzene",130,0.80635707
"1,2-dimethylbenzene",125,0.60580020
"1,2-dimethylbenzene",120,0.45132457
"1,2-dimethylbenzene",115,0.33331221
"1,2-dimethylbenzene",110,0.24391988
"1,2-dimethylbenzene",105,0.17680506
"1,2-dimethylbenzene",100,0.12688167
"1,2-dimethylbenzene",95,0.09010575
"1,2-dimethylbenzene",90,0.06329012
"1,2-dimethylbenzene",85,0.04394574
"1,2-dimethylbenzene",80,0.03014742
"1,2-dimethylbenzene",75,0.02042101
"1,2-dimethylbenzene",70,0.01364977
"1,2-dimethylbenzene",65,0.00899719
"1,2-dimethylbenzene",60,0.00584412
"1,2-dimethylbenzene",55,0.00373801
"1,2-dimethylbenzene",50,0.00235252
"1,2-dimethylbenzene",45,0.00145559
"1,2-dimethylbenzene",40,0.00088467
"1,2-dimethylbenzene",35,0.00052766
"1,2-dimethylbenzene",30,0.00030856
"1,2-dimethylbenzene",25,0.00017672
dipropyleneglycolmonomethylether,160,5.07377830
dipropyleneglycolmonomethylether,155,4.16205078
dipropyleneglycolmonomethylether,150,3.39103700
dipropyleneglycolmonomethylether,145,2.74427950
dipropyleneglycolmonomethylether,140,2.20601167
dipropyleneglycolmonomethylether,135,1.76146805
dipropyleneglycolmonomethylether,130,1.39708314
dipropyleneglycolmonomethylether,125,1.10060519
dipropyleneglycolmonomethylether,120,0.86113605
dipropyleneglycolmonomethylether,115,0.66911313
dipropyleneglycolmonomethylether,110,0.51624890
dipropyleneglycolmonomethylether,105,0.39544158
dipropyleneglycolmonomethylether,100,0.30066921
dipropyleneglycolmonomethylether,95,0.22687513
dipropyleneglycolmonomethylether,90,0.16985264
dipropyleneglycolmonomethylether,85,0.12613331
dipropyleneglycolmonomethylether,80,0.09288222
dipropyleneglycolmonomethylether,75,0.06780198
dipropyleneglycolmonomethylether,70,0.04904664
dipropyleneglycolmonomethylether,65,0.03514566
dipropyleneglycolmonomethylether,60,0.02493766
dipropyleneglycolmonomethylether,55,0.01751360
dipropyleneglycolmonomethylether,50,0.01216833
dipropyleneglycolmonomethylether,45,0.00836007
dipropyleneglycolmonomethylether,40,0.00567655
dipropyleneglycolmonomethylether,35,0.00380725
dipropyleneglycolmonomethylether,30,0.00252076
dipropyleneglycolmonomethylether,25,0.00164653
"1,2-3,4-diepoxybutane",160,4.47489249
"1,2-3,4-diepoxybutane",155,3.50350176
"1,2-3,4-diepoxybutane",150,2.72327580
"1,2-3,4-diepoxybutane",145,2.10170727
"1,2-3,4-diepoxybutane",140,1.61038975
"1,2-3,4-diepoxybutane",135,1.22497024
"1,2-3,4-diepoxybutane",130,0.92488793
"1,2-3,4-diepoxybutane",125,0.69300216
"1,2-3,4-diepoxybutane",120,0.51517826
"1,2-3,4-diepoxybutane",115,0.37987303
"1,2-3,4-diepoxybutane",110,0.27774409
"1,2-3,4-diepoxybutane",105,0.20129452
"1,2-3,4-diepoxybutane",100,0.14455864
"1,2-3,4-diepoxybutane",95,0.10282883
"1,2-3,4-diepoxybutane",90,0.07242155
"1,2-3,4-diepoxybutane",85,0.05047962
"1,2-3,4-diepoxybutane",80,0.03480667
"1,2-3,4-diepoxybutane",75,0.02373008
"1,2-3,4-diepoxybutane",70,0.01598850
"1,2-3,4-diepoxybutane",65,0.01064040
"1,2-3,4-diepoxybutane",60,0.00699050
"1,2-3,4-diepoxybutane",55,0.00453110
"1,2-3,4-diepoxybutane",50,0.00289585
"1,2-3,4-diepoxybutane",45,0.00182365
"1,2-3,4-diepoxybutane",40,0.00113085
"1,2-3,4-diepoxybutane",35,0.00069001
"1,2-3,4-diepoxybutane",30,0.00041396
"1,2-3,4-diepoxybutane",25,0.00024399
2-chloro-1-propanol,160,11.31711014
2-chloro-1-propanol,155,9.56262285
2-chloro-1-propanol,150,8.01443554
2-chloro-1-propanol,145,6.66344579
2-chloro-1-propanol,140,5.49730967
2-chloro-1-propanol,135,4.50131798
2-chloro-1-propanol,130,3.65920934
2-chloro-1-propanol,125,2.95404249
2-chloro-1-propanol,120,2.36890174
2-chloro-1-propanol,115,1.88750502
2-chloro-1-propanol,110,1.49464091
2-chloro-1-propanol,105,1.17645423
2-chloro-1-propanol,100,0.92058989
2-chloro-1-propanol,95,0.71623498
2-chloro-1-propanol,90,0.55407544
2-chloro-1-propanol,85,0.42619918
2-chloro-1-propanol,80,0.32596676
2-chloro-1-propanol,75,0.24786660
2-chloro-1-propanol,70,0.18736743
2-chloro-1-propanol,65,0.14077621
2-chloro-1-propanol,60,0.10510700
2-chloro-1-propanol,55,0.07796321
2-chloro-1-propanol,50,0.05743442
2-chloro-1-propanol,45,0.04200764
2-chloro-1-propanol,40,0.03049210
2-chloro-1-propanol,35,0.02195629
2-chloro-1-propanol,30,0.01567593
2-chloro-1-propanol,25,0.01109126
dimethylmethylphosphonate,160,3.69209179
dimethylmethylphosphonate,155,2.99777811
dimethylmethylphosphonate,150,2.42061166
dimethylmethylphosphonate,145,1.94368463
dimethylmethylphosphonate,140,1.55192780
dimethylmethylphosphonate,135,1.23204209
dimethylmethylphosphonate,130,0.97239824
dimethylmethylphosphonate,125,0.76291541
dimethylmethylphosphonate,120,0.59492686
dimethylmethylphosphonate,115,0.46104097
dimethylmethylphosphonate,110,0.35500143
dimethylmethylphosphonate,105,0.27155211
dimethylmethylphosphonate,100,0.20630917
dimethylmethylphosphonate,95,0.15564232
dimethylmethylphosphonate,90,0.11656652
dimethylmethylphosphonate,85,0.08664463
dimethylmethylphosphonate,80,0.06390092
dimethylmethylphosphonate,75,0.04674523
dimethylmethylphosphonate,70,0.03390706
dimethylmethylphosphonate,65,0.02437889
dimethylmethylphosphonate,60,0.01736792
dimethylmethylphosphonate,55,0.01225518
dimethylmethylphosphonate,50,0.00856146
dimethylmethylphosphonate,45,0.00591887
dimethylmethylphosphonate,40,0.00404751
dimethylmethylphosphonate,35,0.00273639
dimethylmethylphosphonate,30,0.00182801
dimethylmethylphosphonate,25,0.00120599
5-methyl-3-heptanone,160,3.90968609
5-methyl-3-heptanone,155,3.14322774
5-methyl-3-heptanone,150,2.51069277
5-methyl-3-heptanone,145,1.99243673
5-methyl-3-heptanone,140,1.57080371
5-methyl-3-heptanone,135,1.23016590
5-methyl-3-heptanone,130,0.95687092
5-methyl-3-heptanone,125,0.73913051
5-methyl-3-heptanone,120,0.56687153
5-methyl-3-heptanone,115,0.43156848
5-methyl-3-heptanone,110,0.32607007
5-methyl-3-heptanone,105,0.24442864
5-methyl-3-heptanone,100,0.18173834
5-methyl-3-heptanone,95,0.13398538
5-methyl-3-heptanone,90,0.09791238
5-methyl-3-heptanone,85,0.07089731
5-methyl-3-heptanone,80,0.05084710
5-methyl-3-heptanone,75,0.03610509
5-methyl-3-heptanone,70,0.02537156
5-methyl-3-heptanone,65,0.01763605
5-methyl-3-heptanone,60,0.01212043
5-methyl-3-heptanone,55,0.00823134
5-methyl-3-heptanone,50,0.00552103
5-methyl-3-heptanone,45,0.00365521
5-methyl-3-heptanone,40,0.00238713
5-methyl-3-heptanone,35,0.00153683
5-methyl-3-heptanone,30,0.00097466
5-methyl-3-heptanone,25,0.00060847
propyleneglycolmonophenylether,160,4.92985566
propyleneglycolmonophenylether,155,4.05870349
propyleneglycolmonophenylether,150,3.32152403
propyleneglycolmonophenylether,145,2.70224812
propyleneglycolmonophenylether,140,2.18566843
propyleneglycolmonophenylether,135,1.75768331
propyleneglycolmonophenylether,130,1.40543749
propyleneglycolmonophenylether,125,1.11738989
propyleneglycolmonophenylether,120,0.88331978
propyleneglycolmonophenylether,115,0.69428616
propyleneglycolmonophenylether,110,0.54255401
propyleneglycolmonophenylether,105,0.42149936
propyleneglycolmonophenylether,100,0.32550247
propyleneglycolmonophenylether,95,0.24983731
propyleneglycolmonophenylether,90,0.19056166
propyleneglycolmonophenylether,85,0.14441269
propyleneglycolmonophenylether,80,0.10870993
propyleneglycolmonophenylether,75,0.08126705
propyleneglycolmonophenylether,70,0.06031327
propyleneglycolmonophenylether,65,0.04442414
propyleneglycolmonophenylether,60,0.03246160
propyleneglycolmonophenylether,55,0.02352250
propyleneglycolmonophenylether,50,0.01689500
propyleneglycolmonophenylether,45,0.01202187
propyleneglycolmonophenylether,40,0.00846995
propyleneglycolmonophenylether,35,0.00590499
propyleneglycolmonophenylether,30,0.00407098
propyleneglycolmonophenylether,25,0.00277337
dipropyleneglycol,160,5.47868356
dipropyleneglycol,155,4.47505300
dipropyleneglycol,150,3.62838442
dipropyleneglycol,145,2.92052309
dipropyleneglycol,140,2.33383562
dipropyleneglycol,135,1.85166137
dipropyleneglycol,130,1.45861764
dipropyleneglycol,125,1.14078397
dipropyleneglycol,120,0.88578236
dipropyleneglycol,115,0.68277579
dipropyleneglycol,110,0.52240677
dipropyleneglycol,105,0.39669639
dipropyleneglycol,100,0.29891863
dipropyleneglycol,95,0.22346395
dipropyleneglycol,90,0.16570076
dipropyleneglycol,85,0.12184159
dipropyleneglycol,80,0.08881802
dipropyleneglycol,75,0.06416678
dipropyleneglycol,70,0.04592837
dipropyleneglycol,65,0.03255816
dipropyleneglycol,60,0.02284972
dipropyleneglycol,55,0.01586957
dipropyleneglycol,50,0.01090237
dipropyleneglycol,45,0.00740526
dipropyleneglycol,40,0.00497051
dipropyleneglycol,35,0.00329504
dipropyleneglycol,30,0.00215607
dipropyleneglycol,25,0.00139163
"1,1'-sulfonylbisbutane",160,2.80667176
"1,1'-sulfonylbisbutane",155,2.25503895
"1,1'-sulfonylbisbutane",150,1.80062542
"1,1'-sulfonylbisbutane",145,1.42875534
"1,1'-sulfonylbisbutane",140,1.12642903
"1,1'-sulfonylbisbutane",135,0.88225877
"1,1'-sulfonylbisbutane",130,0.68636919
"1,1'-sulfonylbisbutane",125,0.53027571
"1,1'-sulfonylbisbutane",120,0.40675203
"1,1'-sulfonylbisbutane",115,0.30969431
"1,1'-sulfonylbisbutane",110,0.23398793
"1,1'-sulfonylbisbutane",105,0.17538054
"1,1'-sulfonylbisbutane",100,0.13036409
"1,1'-sulfonylbisbutane",95,0.09606690
"1,1'-sulfonylbisbutane",90,0.07015668
"1,1'-sulfonylbisbutane",85,0.05075437
"1,1'-sulfonylbisbutane",80,0.03635847
"1,1'-sulfonylbisbutane",75,0.02577941
"1,1'-sulfonylbisbutane",70,0.01808304
"1,1'-sulfonylbisbutane",65,0.01254250
"1,1'-sulfonylbisbutane",60,0.00859768
"1,1'-sulfonylbisbutane",55,0.00582131
"1,1'-sulfonylbisbutane",50,0.00389085
"1,1'-sulfonylbisbutane",45,0.00256554
"1,1'-sulfonylbisbutane",40,0.00166777
"1,1'-sulfonylbisbutane",35,0.00106809
"1,1'-sulfonylbisbutane",30,0.00067340
"1,1'-sulfonylbisbutane",25,0.00041762
3-butenoicacid,160,23.91301245
3-butenoicacid,155,22.26398705
3-butenoicacid,150,20.74702984
3-butenoicacid,145,19.35997045
3-butenoicacid,140,18.09979051
3-butenoicacid,135,16.96280117
3-butenoicacid,130,15.94482767
3-butenoicacid,125,15.04139265
3-butenoicacid,120,14.24768934
3-butenoicacid,115,13.55962091
3-butenoicacid,110,12.97221173
3-butenoicacid,105,12.48178795
3-butenoicacid,100,12.08410478
3-butenoicacid,95,11.77603963
3-butenoicacid,90,11.55426742
3-butenoicacid,85,11.41578814
3-butenoicacid,80,11.35801865
3-butenoicacid,75,11.37888940
3-butenoicacid,70,11.47509799
3-butenoicacid,65,11.64382146
3-butenoicacid,60,11.88229538
3-butenoicacid,55,12.18580817
3-butenoicacid,50,12.55021793
3-butenoicacid,45,12.96991985
3-butenoicacid,40,13.44038333
3-butenoicacid,35,13.95460148
3-butenoicacid,30,14.50689171
3-butenoicacid,25,15.09081130
"2-methyl-2,4-pentanediol",160,5.26291450
"2-methyl-2,4-pentanediol",155,4.26191913
"2-methyl-2,4-pentanediol",150,3.42683606
"2-methyl-2,4-pentanediol",145,2.73620809
"2-methyl-2,4-pentanediol",140,2.16977843
"2-methyl-2,4-pentanediol",135,1.70890684
"2-methyl-2,4-pentanediol",130,1.33680318
"2-methyl-2,4-pentanediol",125,1.03861726
"2-methyl-2,4-pentanediol",120,0.80141855
"2-methyl-2,4-pentanediol",115,0.61410193
"2-methyl-2,4-pentanediol",110,0.46724592
"2-methyl-2,4-pentanediol",105,0.35294522
"2-methyl-2,4-pentanediol",100,0.26463366
"2-methyl-2,4-pentanediol",95,0.19690878
"2-methyl-2,4-pentanediol",90,0.14536528
"2-methyl-2,4-pentanediol",85,0.10644188
"2-methyl-2,4-pentanediol",80,0.07728381
"2-methyl-2,4-pentanediol",75,0.05562160
"2-methyl-2,4-pentanediol",70,0.03966605
"2-methyl-2,4-pentanediol",65,0.02801836
"2-methyl-2,4-pentanediol",60,0.01959423
"2-methyl-2,4-pentanediol",55,0.01356045
"2-methyl-2,4-pentanediol",50,0.00928246
"2-methyl-2,4-pentanediol",45,0.00628147
"2-methyl-2,4-pentanediol",40,0.00419969
"2-methyl-2,4-pentanediol",35,0.00277245
"2-methyl-2,4-pentanediol",30,0.00180597
"2-methyl-2,4-pentanediol",25,0.00115997
cis-crotonaldehyde,160,13.34435719
cis-crotonaldehyde,155,11.13657567
cis-crotonaldehyde,150,9.19098248
cis-crotonaldehyde,145,7.50202917
cis-crotonaldehyde,140,6.05738874
cis-crotonaldehyde,135,4.83938655
cis-crotonaldehyde,130,3.82657425
cis-crotonaldehyde,125,2.99543160
cis-crotonaldehyde,120,2.32188537
cis-crotonaldehyde,115,1.78252460
cis-crotonaldehyde,110,1.35549997
cis-crotonaldehyde,105,1.02107944
cis-crotonaldehyde,100,0.76192494
cis-crotonaldehyde,95,0.56315011
cis-crotonaldehyde,90,0.41222387
cis-crotonaldehyde,85,0.29877874
cis-crotonaldehyde,80,0.21436751
cis-crotonaldehyde,75,0.15220271
cis-crotonaldehyde,70,0.10690043
cis-crotonaldehyde,65,0.07424186
cis-crotonaldehyde,60,0.05096004
cis-crotonaldehyde,55,0.03455432
cis-crotonaldehyde,50,0.02313281
cis-crotonaldehyde,45,0.01528099
cis-crotonaldehyde,40,0.00995397
cis-crotonaldehyde,35,0.00638953
cis-crotonaldehyde,30,0.00403883
cis-crotonaldehyde,25,0.00251202
"2,3-dimethyl-1-butene",160,1.99995239
"2,3-dimethyl-1-butene",155,1.53214495
"2,3-dimethyl-1-butene",150,1.16685443
"2,3-dimethyl-1-butene",145,0.88303926
"2,3-dimethyl-1-butene",140,0.66373796
"2,3-dimethyl-1-butene",135,0.49530089
"2,3-dimethyl-1-butene",130,0.36677322
"2,3-dimethyl-1-butene",125,0.26938868
"2,3-dimethyl-1-butene",120,0.19615881
"2,3-dimethyl-1-butene",115,0.14153771
"2,3-dimethyl-1-butene",110,0.10114777
"2,3-dimethyl-1-butene",105,0.07155472
"2,3-dimethyl-1-butene",100,0.05008282
"2,3-dimethyl-1-butene",95,0.03466334
"2,3-dimethyl-1-butene",90,0.02371029
"2,3-dimethyl-1-butene",85,0.01601886
"2,3-dimethyl-1-butene",80,0.01068283
"2,3-dimethyl-1-butene",75,0.00702783
"2,3-dimethyl-1-butene",70,0.00455766
"2,3-dimethyl-1-butene",65,0.00291166
"2,3-dimethyl-1-butene",60,0.00183102
"2,3-dimethyl-1-butene",55,0.00113254
"2,3-dimethyl-1-butene",50,0.00068844
"2,3-dimethyl-1-butene",45,0.00041091
"2,3-dimethyl-1-butene",40,0.00024060
"2,3-dimethyl-1-butene",35,0.00013806
"2,3-dimethyl-1-butene",30,0.00007756
"2,3-dimethyl-1-butene",25,0.00004261
ethylcinnamate,160,2.72768679
ethylcinnamate,155,2.18063596
ethylcinnamate,150,1.73208760
ethylcinnamate,145,1.36681266
ethylcinnamate,140,1.07137530
ethylcinnamate,135,0.83405748
ethylcinnamate,130,0.64474509
ethylcinnamate,125,0.49479135
ethylcinnamate,120,0.37686969
ethylcinnamate,115,0.28482468
ethylcinnamate,110,0.21352710
ethylcinnamate,105,0.15873719
ethylcinnamate,100,0.11697842
ethylcinnamate,95,0.08542305
ethylcinnamate,90,0.06178985
ethylcinnamate,85,0.04425395
ethylcinnamate,80,0.03136815
ethylcinnamate,75,0.02199511
ethylcinnamate,70,0.01524932
ethylcinnamate,65,0.01044807
ethylcinnamate,60,0.00707043
ethylcinnamate,55,0.00472310
ethylcinnamate,50,0.00311254
ethylcinnamate,45,0.00202223
ethylcinnamate,40,0.00129442
ethylcinnamate,35,0.00081571
ethylcinnamate,30,0.00050568
ethylcinnamate,25,0.00030814
dimethylethanolamine,160,9.44417391
dimethylethanolamine,155,7.79732203
dimethylethanolamine,150,6.37880505
dimethylethanolamine,145,5.17173029
dimethylethanolamine,140,4.15651691
dimethylethanolamine,135,3.31215743
dimethylethanolamine,130,2.61734430
dimethylethanolamine,125,2.05136998
dimethylethanolamine,120,1.59480170
dimethylethanolamine,115,1.22991316
dimethylethanolamine,110,0.94091670
dimethylethanolamine,105,0.71403451
dimethylethanolamine,100,0.53745232
dimethylethanolamine,95,0.40119431
dimethylethanolamine,90,0.29695203
dimethylethanolamine,85,0.21789104
dimethylethanolamine,80,0.15845364
dimethylethanolamine,75,0.11416875
dimethylethanolamine,70,0.08147640
dimethylethanolamine,65,0.05757034
dimethylethanolamine,60,0.04026028
dimethylethanolamine,55,0.02785352
dimethylethanolamine,50,0.01905501
dimethylethanolamine,45,0.01288397
dimethylethanolamine,40,0.00860543
dimethylethanolamine,35,0.00567457
dimethylethanolamine,30,0.00369206
dimethylethanolamine,25,0.00236866
"1,2-propanediolmonoethylether",160,10.54224303
"1,2-propanediolmonoethylether",155,8.97499141
"1,2-propanediolmonoethylether",150,7.58927083
"1,2-propanediolmonoethylether",145,6.37497435
"1,2-propanediolmonoethylether",140,5.32017136
"1,2-propanediolmonoethylether",135,4.41171600
"1,2-propanediolmonoethylether",130,3.63575687
"1,2-propanediolmonoethylether",125,2.97822495
"1,2-propanediolmonoethylether",120,2.42529052
"1,2-propanediolmonoethylether",115,1.96369854
"1,2-propanediolmonoethylether",110,1.58103906
"1,2-propanediolmonoethylether",105,1.26592326
"1,2-propanediolmonoethylether",100,1.00808383
"1,2-propanediolmonoethylether",95,0.79840363
"1,2-propanediolmonoethylether",90,0.62890010
"1,2-propanediolmonoethylether",85,0.49266816
"1,2-propanediolmonoethylether",80,0.38379960
"1,2-propanediolmonoethylether",75,0.29728855
"1,2-propanediolmonoethylether",70,0.22893104
"1,2-propanediolmonoethylether",65,0.17522496
"1,2-propanediolmonoethylether",60,0.13327433
"1,2-propanediolmonoethylether",55,0.10070097
"1,2-propanediolmonoethylether",50,0.07556446
"1,2-propanediolmonoethylether",45,0.05629128
"1,2-propanediolmonoethylether",40,0.04161313
"1,2-propanediolmonoethylether",35,0.03051365
"1,2-propanediolmonoethylether",30,0.02218323
"1,2-propanediolmonoethylether",25,0.01598077
"1,2-benzenedicarboxylicaciddioctylester",160,0.64863094
"1,2-benzenedicarboxylicaciddioctylester",155,0.51252567
"1,2-benzenedicarboxylicaciddioctylester",150,0.40266634
"1,2-benzenedicarboxylicaciddioctylester",145,0.31446137
"1,2-benzenedicarboxylicaciddioctylester",140,0.24403871
"1,2-benzenedicarboxylicaciddioctylester",135,0.18814523
"1,2-benzenedicarboxylicaciddioctylester",130,0.14405890
"1,2-benzenedicarboxylicaciddioctylester",125,0.10951262
"1,2-benzenedicarboxylicaciddioctylester",120,0.08262761
"1,2-benzenedicarboxylicaciddioctylester",115,0.06185538
"1,2-benzenedicarboxylicaciddioctylester",110,0.04592713
"1,2-benzenedicarboxylicaciddioctylester",105,0.03380980
"1,2-benzenedicarboxylicaciddioctylester",100,0.02466791
"1,2-benzenedicarboxylicaciddioctylester",95,0.01783061
"1,2-benzenedicarboxylicaciddioctylester",90,0.01276332
"1,2-benzenedicarboxylicaciddioctylester",85,0.00904349
"1,2-benzenedicarboxylicaciddioctylester",80,0.00633995
"1,2-benzenedicarboxylicaciddioctylester",75,0.00439547
"1,2-benzenedicarboxylicaciddioctylester",70,0.00301215
"1,2-benzenedicarboxylicaciddioctylester",65,0.00203926
"1,2-benzenedicarboxylicaciddioctylester",60,0.00136317
"1,2-benzenedicarboxylicaciddioctylester",55,0.00089921
"1,2-benzenedicarboxylicaciddioctylester",50,0.00058497
"1,2-benzenedicarboxylicaciddioctylester",45,0.00037506
"1,2-benzenedicarboxylicaciddioctylester",40,0.00023684
"1,2-benzenedicarboxylicaciddioctylester",35,0.00014719
"1,2-benzenedicarboxylicaciddioctylester",30,0.00008996
"1,2-benzenedicarboxylicaciddioctylester",25,0.00005403
isopropylpalmitate,160,0.41158626
isopropylpalmitate,155,0.32100327
isopropylpalmitate,150,0.24887658
isopropylpalmitate,145,0.19175844
isopropylpalmitate,140,0.14678757
isopropylpalmitate,135,0.11159758
isopropylpalmitate,130,0.08423928
isopropylpalmitate,125,0.06311452
isopropylpalmitate,120,0.04691971
isopropylpalmitate,115,0.03459753
isopropylpalmitate,110,0.02529565
isopropylpalmitate,105,0.01833159
isopropylpalmitate,100,0.01316266
isopropylpalmitate,95,0.00936067
isopropylpalmitate,90,0.00659042
isopropylpalmitate,85,0.00459174
isopropylpalmitate,80,0.00316453
isopropylpalmitate,75,0.00215628
isopropylpalmitate,70,0.00145198
isopropylpalmitate,65,0.00096572
isopropylpalmitate,60,0.00063410
isopropylpalmitate,55,0.00041080
isopropylpalmitate,50,0.00026243
isopropylpalmitate,45,0.00016522
isopropylpalmitate,40,0.00010244
isopropylpalmitate,35,0.00006251
isopropylpalmitate,30,0.00003752
isopropylpalmitate,25,0.00002213
"dihydro-2h-pyran-2,6(3h)-dione",160,0.40123973
"dihydro-2h-pyran-2,6(3h)-dione",155,0.30258248
"dihydro-2h-pyran-2,6(3h)-dione",150,0.22684133
"dihydro-2h-pyran-2,6(3h)-dione",145,0.16899151
"dihydro-2h-pyran-2,6(3h)-dione",140,0.12505629
"dihydro-2h-pyran-2,6(3h)-dione",135,0.09189319
"dihydro-2h-pyran-2,6(3h)-dione",130,0.06702564
"dihydro-2h-pyran-2,6(3h)-dione",125,0.04850907
"dihydro-2h-pyran-2,6(3h)-dione",120,0.03482364
"dihydro-2h-pyran-2,6(3h)-dione",115,0.02478782
"dihydro-2h-pyran-2,6(3h)-dione",110,0.01748869
"dihydro-2h-pyran-2,6(3h)-dione",105,0.01222558
"dihydro-2h-pyran-2,6(3h)-dione",100,0.00846465
"dihydro-2h-pyran-2,6(3h)-dione",95,0.00580238
"dihydro-2h-pyran-2,6(3h)-dione",90,0.00393626
"dihydro-2h-pyran-2,6(3h)-dione",85,0.00264155
"dihydro-2h-pyran-2,6(3h)-dione",80,0.00175284
"dihydro-2h-pyran-2,6(3h)-dione",75,0.00114958
"dihydro-2h-pyran-2,6(3h)-dione",70,0.00074480
"dihydro-2h-pyran-2,6(3h)-dione",65,0.00047646
"dihydro-2h-pyran-2,6(3h)-dione",60,0.00030081
"dihydro-2h-pyran-2,6(3h)-dione",55,0.00018732
"dihydro-2h-pyran-2,6(3h)-dione",50,0.00011499
"dihydro-2h-pyran-2,6(3h)-dione",45,0.00006955
"dihydro-2h-pyran-2,6(3h)-dione",40,0.00004141
"dihydro-2h-pyran-2,6(3h)-dione",35,0.00002427
"dihydro-2h-pyran-2,6(3h)-dione",30,0.00001398
"dihydro-2h-pyran-2,6(3h)-dione",25,0.00000792
dihydro-5-methyl-2(3h)-furanone,160,6.18473830
dihydro-5-methyl-2(3h)-furanone,155,5.01019510
dihydro-5-methyl-2(3h)-furanone,150,4.02709922
dihydro-5-methyl-2(3h)-furanone,145,3.21210634
dihydro-5-methyl-2(3h)-furanone,140,2.54265497
dihydro-5-methyl-2(3h)-furanone,135,1.99759596
dihydro-5-methyl-2(3h)-furanone,130,1.55759684
dihydro-5-methyl-2(3h)-furanone,125,1.20535647
dihydro-5-methyl-2(3h)-furanone,120,0.92566999
dihydro-5-methyl-2(3h)-furanone,115,0.70538527
dihydro-5-methyl-2(3h)-furanone,110,0.53328322
dihydro-5-methyl-2(3h)-furanone,105,0.39991343
dihydro-5-methyl-2(3h)-furanone,100,0.29740617
dihydro-5-methyl-2(3h)-furanone,95,0.21927754
dihydro-5-methyl-2(3h)-furanone,90,0.16023906
dihydro-5-methyl-2(3h)-furanone,85,0.11601887
dihydro-5-methyl-2(3h)-furanone,80,0.08319885
dihydro-5-methyl-2(3h)-furanone,75,0.05906955
dihydro-5-methyl-2(3h)-furanone,70,0.04150340
dihydro-5-methyl-2(3h)-furanone,65,0.02884565
dihydro-5-methyl-2(3h)-furanone,60,0.01982180
dihydro-5-methyl-2(3h)-furanone,55,0.01346009
dihydro-5-methyl-2(3h)-furanone,50,0.00902728
dihydro-5-methyl-2(3h)-furanone,45,0.00597610
dihydro-5-methyl-2(3h)-furanone,40,0.00390267
dihydro-5-methyl-2(3h)-furanone,35,0.00251250
dihydro-5-methyl-2(3h)-furanone,30,0.00159348
dihydro-5-methyl-2(3h)-furanone,25,0.00099488
chloromethoxymethane,160,10.67716058
chloromethoxymethane,155,8.67048948
chloromethoxymethane,150,6.95115801
chloromethoxymethane,145,5.50421090
chloromethoxymethane,140,4.30702044
chloromethoxymethane,135,3.33208572
chloromethoxymethane,130,2.54976371
chloromethoxymethane,125,1.93052365
chloromethoxymethane,120,1.44657670
chloromethoxymethane,115,1.07287543
chloromethoxymethane,110,0.78759187
chloromethoxymethane,105,0.57221014
chloromethoxymethane,100,0.41136822
chloromethoxymethane,95,0.29255655
chloromethoxymethane,90,0.20575231
chloromethoxymethane,85,0.14304071
chloromethoxymethane,80,0.09825492
chloromethoxymethane,75,0.06665089
chloromethoxymethane,70,0.04462427
chloromethoxymethane,65,0.02947045
chloromethoxymethane,60,0.01918541
chloromethoxymethane,55,0.01230334
chloromethoxymethane,50,0.00776646
chloromethoxymethane,45,0.00482206
chloromethoxymethane,40,0.00294233
chloromethoxymethane,35,0.00176287
chloromethoxymethane,30,0.00103614
chloromethoxymethane,25,0.00059683
chloromethacetate,160,7.05859114
chloromethacetate,155,5.71468518
chloromethacetate,150,4.58288016
chloromethacetate,145,3.64144457
chloromethacetate,140,2.86749981
chloromethacetate,135,2.23827265
chloromethacetate,130,1.73205953
chloromethacetate,125,1.32887874
chloromethacetate,120,1.01084560
chloromethacetate,115,0.76232036
chloromethacetate,110,0.56989302
chloromethacetate,105,0.42225779
chloromethacetate,100,0.31002258
chloromethacetate,95,0.22548753
chloromethacetate,90,0.16241591
chloromethacetate,85,0.11581300
chloromethacetate,80,0.08172189
chloromethacetate,75,0.05704087
chloromethacetate,70,0.03936408
chloromethacetate,65,0.02684514
chloromethacetate,60,0.01808231
chloromethacetate,55,0.01202326
chloromethacetate,50,0.00788703
chloromethacetate,45,0.00510100
chloromethacetate,40,0.00325059
chloromethacetate,35,0.00203952
chloromethacetate,30,0.00125903
chloromethacetate,25,0.00076410
chcl2br,160,9.21580571
chcl2br,155,8.15348006
chcl2br,150,7.19954485
chcl2br,145,6.34553248
chcl2br,140,5.58334272
chcl2br,135,4.90512856
chcl2br,130,4.30346153
chcl2br,125,3.77123153
chcl2br,120,3.30180735
chcl2br,115,2.88892278
chcl2br,110,2.52676460
chcl2br,105,2.20989837
chcl2br,100,1.93333534
chcl2br,95,1.69247679
chcl2br,90,1.48315928
chcl2br,85,1.30160003
chcl2br,80,1.14439416
chcl2br,75,1.00849306
chcl2br,70,0.89119392
chcl2br,65,0.79009841
chcl2br,60,0.70310289
chcl2br,55,0.62837029
chcl2br,50,0.56430670
chcl2br,45,0.50953929
chcl2br,40,0.46289580
chcl2br,35,0.42338638
chcl2br,30,0.39018826
chcl2br,25,0.36263362
ch2fcl,160,31.38025692
ch2fcl,155,29.07319004
ch2fcl,150,26.82052177
ch2fcl,145,24.62585277
ch2fcl,140,22.49695306
ch2fcl,135,20.43804625
ch2fcl,130,18.45516920
ch2fcl,125,16.55538315
ch2fcl,120,14.74370153
ch2fcl,115,13.02761213
ch2fcl,110,11.41352102
ch2fcl,105,9.90716450
ch2fcl,100,8.51424156
ch2fcl,95,7.23930812
ch2fcl,90,6.08579518
ch2fcl,85,5.05529882
ch2fcl,80,4.14735928
ch2fcl,75,3.35915964
ch2fcl,70,2.68561198
ch2fcl,65,2.11924469
ch2fcl,60,1.65077794
ch2fcl,55,1.26957367
ch2fcl,50,0.96429801
ch2fcl,45,0.72357725
ch2fcl,40,0.53655358
ch2fcl,35,0.39328759
ch2fcl,30,0.28501213
ch2fcl,25,0.20423221
ch2cli,160,4.46987486
ch2cli,155,3.63780998
ch2cli,150,2.94204703
ch2cli,145,2.36500741
ch2cli,140,1.89005256
ch2cli,135,1.50187991
ch2cli,130,1.18673832
ch2cli,125,0.93250384
ch2cli,120,0.72865335
ch2cli,115,0.56617199
ch2cli,110,0.43742242
ch2cli,105,0.33599646
ch2cli,100,0.25656314
ch2cli,95,0.19472192
ch2cli,90,0.14686650
ch2cli,85,0.11006166
ch2cli,80,0.08193416
ch2cli,75,0.06057763
ch2cli,70,0.04447060
ch2cli,65,0.03240670
ch2cli,60,0.02343570
ch2cli,55,0.01681412
ch2cli,50,0.01196433
ch2cli,45,0.00844065
ch2cli,40,0.00590180
ch2cli,35,0.00408839
ch2cli,30,0.00280485
ch2cli,25,0.00190491
cf4,160,0.02680971
cf4,155,0.01848826
cf4,150,0.01262485
cf4,145,0.00853223
cf4,140,0.00570408
cf4,135,0.00377029
cf4,130,0.00246265
cf4,125,0.00158869
cf4,120,0.00101168
cf4,115,0.00063557
cf4,110,0.00039368
cf4,105,0.00024028
cf4,100,0.00014441
cf4,95,0.00008540
cf4,90,0.00004966
cf4,85,0.00002837
cf4,80,0.00001592
cf4,75,0.00000876
cf4,70,0.00000472
cf4,65,0.00000249
cf4,60,0.00000129
cf4,55,0.00000065
cf4,50,0.00000032
cf4,45,0.00000015
cf4,40,0.00000007
cf4,35,0.00000003
cf4,30,0.00000001
cf4,25,0.00000001
camphor,160,3.58821153
camphor,155,2.89202343
camphor,150,2.31602483
camphor,145,1.84283851
camphor,140,1.45681557
camphor,135,1.14406764
camphor,130,0.89242538
camphor,125,0.69134646
camphor,120,0.53179177
camphor,115,0.40608444
camphor,110,0.30776248
camphor,105,0.23143258
camphor,100,0.17263038
camphor,95,0.12769029
camphor,90,0.09362678
camphor,85,0.06802790
camphor,80,0.04896113
camphor,75,0.03489112
camphor,70,0.02460866
camphor,65,0.01716996
camphor,60,0.01184528
camphor,55,0.00807587
camphor,50,0.00543827
camphor,45,0.00361497
camphor,40,0.00237055
camphor,35,0.00153253
camphor,30,0.00097605
camphor,25,0.00061195
butylisobutyrate,160,2.90508308
butylisobutyrate,155,2.31912838
butylisobutyrate,150,1.84006857
butylisobutyrate,145,1.45089898
butylisobutyrate,140,1.13676727
butylisobutyrate,135,0.88483431
butylisobutyrate,130,0.68410333
butylisobutyrate,125,0.52523484
butylisobutyrate,120,0.40035961
butylisobutyrate,115,0.30289708
butylisobutyrate,110,0.22738514
butylisobutyrate,105,0.16932311
butylisobutyrate,100,0.12502984
butylisobutyrate,95,0.09151694
butylisobutyrate,90,0.06637698
butylisobutyrate,85,0.04768594
butylisobutyrate,80,0.03391866
butylisobutyrate,75,0.02387653
butylisobutyrate,70,0.01662593
butylisobutyrate,65,0.01144642
butylisobutyrate,60,0.00778748
butylisobutyrate,55,0.00523275
butylisobutyrate,50,0.00347071
butylisobutyrate,45,0.00227088
butylisobutyrate,40,0.00146479
butylisobutyrate,35,0.00093082
butylisobutyrate,30,0.00058230
butylisobutyrate,25,0.00035833
bromoaceticacid,160,17.85041826
bromoaceticacid,155,16.88097619
bromoaceticacid,150,16.04370875
bromoaceticacid,145,15.33130586
bromoaceticacid,140,14.73740012
bromoaceticacid,135,14.25579002
bromoaceticacid,130,13.87995131
bromoaceticacid,125,13.60496082
bromoaceticacid,120,13.42509071
bromoaceticacid,115,13.33530588
bromoaceticacid,110,13.33007764
bromoaceticacid,105,13.40518828
bromoaceticacid,100,13.55367577
bromoaceticacid,95,13.77104253
bromoaceticacid,90,14.05081249
bromoaceticacid,85,14.38688316
bromoaceticacid,80,14.77200812
bromoaceticacid,75,100.00000000
bromoaceticacid,70,100.00000000
bromoaceticacid,65,100.00000000
bromoaceticacid,60,100.00000000
bromoaceticacid,55,100.00000000
bromoaceticacid,50,100.00000000
bromoaceticacid,45,100.00000000
bromoaceticacid,40,100.00000000
bromoaceticacid,35,100.00000000
bromoaceticacid,30,100.00000000
bromoaceticacid,25,100.00000000
alpha-terpineol,160,4.26358623
alpha-terpineol,155,3.51253214
alpha-terpineol,150,2.87876862
alpha-terpineol,145,2.34714627
alpha-terpineol,140,1.90378690
alpha-terpineol,135,1.53614027
alpha-terpineol,130,1.23298778
alpha-terpineol,125,0.98440578
alpha-terpineol,120,0.78169979
alpha-terpineol,115,0.61731930
alpha-terpineol,110,0.48476090
alpha-terpineol,105,0.37846616
alpha-terpineol,100,0.29371880
alpha-terpineol,95,0.22654510
alpha-terpineol,90,0.17361929
alpha-terpineol,85,0.13217603
alpha-terpineol,80,0.09993062
alpha-terpineol,75,0.07500739
alpha-terpineol,70,0.05587611
alpha-terpineol,65,0.04129624
alpha-terpineol,60,0.03026854
alpha-terpineol,55,0.02199341
alpha-terpineol,50,0.01583530
alpha-terpineol,45,0.01129262
alpha-terpineol,40,0.00797239
alpha-terpineol,35,0.00556915
alpha-terpineol,30,0.00384738
alpha-terpineol,25,0.00262709
allylmethylamine,160,15.36451147
allylmethylamine,155,13.09942259
allylmethylamine,150,11.06052024
allylmethylamine,145,9.24868807
allylmethylamine,140,7.65937294
allylmethylamine,135,6.28302175
allylmethylamine,130,5.10606020
allylmethylamine,125,4.11186232
allylmethylamine,120,3.28192858
allylmethylamine,115,2.59691680
allylmethylamine,110,2.03759414
allylmethylamine,105,1.58557439
allylmethylamine,100,1.22384354
allylmethylamine,95,0.93707731
allylmethylamine,90,0.71179204
allylmethylamine,85,0.53635720
allylmethylamine,80,0.40091346
allylmethylamine,75,0.29722984
allylmethylamine,70,0.21852804
allylmethylamine,65,0.15929461
allylmethylamine,60,0.11509574
allylmethylamine,55,0.08240353
allylmethylamine,50,0.05843917
allylmethylamine,45,0.04103515
allylmethylamine,40,0.02851690
allylmethylamine,35,0.01960296
allylmethylamine,30,0.01332199
allylmethylamine,25,0.00894492
2-amino-1-butanol,160,10.24628582
2-amino-1-butanol,155,8.51727239
2-amino-1-butanol,150,7.01395258
2-amino-1-butanol,145,5.72292135
2-amino-1-butanol,140,4.62747758
2-amino-1-butanol,135,3.70872825
2-amino-1-butanol,130,2.94672157
2-amino-1-butanol,125,2.32143736
2-amino-1-butanol,120,1.81356567
2-amino-1-butanol,115,1.40509221
2-amino-1-butanol,110,1.07966190
2-amino-1-butanol,105,0.82276665
2-amino-1-butanol,100,0.62179077
2-amino-1-butanol,95,0.46595281
2-amino-1-butanol,90,0.34617872
2-amino-1-butanol,85,0.25493579
2-amino-1-butanol,80,0.18604835
2-amino-1-butanol,75,0.13451178
2-amino-1-butanol,70,0.09631464
2-amino-1-butanol,65,0.06827531
2-amino-1-butanol,60,0.04789611
2-amino-1-butanol,55,0.03323629
2-amino-1-butanol,50,0.02280318
2-amino-1-butanol,45,0.01546064
2-amino-1-butanol,40,0.01035314
2-amino-1-butanol,35,0.00684345
2-amino-1-butanol,30,0.00446237
2-amino-1-butanol,25,0.00286849
benzylformate,160,3.54638152
benzylformate,155,2.81983943
benzylformate,150,2.22634433
benzylformate,145,1.74532602
benzylformate,140,1.35844867
benzylformate,135,1.04963650
benzylformate,130,0.80499297
benzylformate,125,0.61265313
benzylformate,120,0.46259724
benzylformate,115,0.34644906
benzylformate,110,0.25727199
benzylformate,105,0.18937316
benzylformate,100,0.13812140
benzylformate,95,0.09978199
benzylformate,90,0.07136942
benzylformate,85,0.05051840
benzylformate,80,0.03537212
benzylformate,75,0.02448676
benzylformate,70,0.01675069
benzylformate,65,0.01131682
benzylformate,60,0.00754662
benzylformate,55,0.00496420
benzylformate,50,0.00321907
benzylformate,45,0.00205636
benzylformate,40,0.00129312
benzylformate,35,0.00079986
benzylformate,30,0.00048627
benzylformate,25,0.00029031
