Solvent,Temperature (°C),Solubility (%)
"1,1,1,2-tetrachloroethane",160,23.82792052
"1,1,1,2-tetrachloroethane",155,20.99915041
"1,1,1,2-tetrachloroethane",150,18.32504609
"1,1,1,2-tetrachloroethane",145,15.82925700
"1,1,1,2-tetrachloroethane",140,13.53133719
"1,1,1,2-tetrachloroethane",135,11.44577478
"1,1,1,2-tetrachloroethane",130,9.58063470
"1,1,1,2-tetrachloroethane",125,7.93703785
"1,1,1,2-tetrachloroethane",120,6.50959423
"1,1,1,2-tetrachloroethane",115,5.28718362
"1,1,1,2-tetrachloroethane",110,4.25431201
"1,1,1,2-tetrachloroethane",105,3.39256089
"1,1,1,2-tetrachloroethane",100,2.68205267
"1,1,1,2-tetrachloroethane",95,2.10270241
"1,1,1,2-tetrachloroethane",90,1.63517445
"1,1,1,2-tetrachloroethane",85,1.26155133
"1,1,1,2-tetrachloroethane",80,0.96572211
"1,1,1,2-tetrachloroethane",75,0.73355333
"1,1,1,2-tetrachloroethane",70,0.55289804
"1,1,1,2-tetrachloroethane",65,0.41349611
"1,1,1,2-tetrachloroethane",60,0.30681047
"1,1,1,2-tetrachloroethane",55,0.22583050
"1,1,1,2-tetrachloroethane",50,0.16486707
"1,1,1,2-tetrachloroethane",45,0.11935344
"1,1,1,2-tetrachloroethane",40,0.08566104
"1,1,1,2-tetrachloroethane",35,0.06093470
"1,1,1,2-tetrachloroethane",30,0.04294904
"1,1,1,2-tetrachloroethane",25,0.02998565
"1,1,1-trichloroethane",160,29.44296589
"1,1,1-trichloroethane",155,26.12652129
"1,1,1-trichloroethane",150,22.90785302
"1,1,1-trichloroethane",145,19.83002340
"1,1,1-trichloroethane",140,16.93590826
"1,1,1-trichloroethane",135,14.26498844
"1,1,1-trichloroethane",130,11.84880213
"1,1,1-trichloroethane",125,9.70749482
"1,1,1-trichloroethane",120,7.84823556
"1,1,1-trichloroethane",115,6.26531225
"1,1,1-trichloroethane",110,4.94226119
"1,1,1-trichloroethane",105,3.85497905
"1,1,1-trichloroethane",100,2.97509130
"1,1,1-trichloroethane",95,2.27289492
"1,1,1-trichloroethane",90,1.71957507
"1,1,1-trichloroethane",85,1.28863559
"1,1,1-trichloroethane",80,0.95665883
"1,1,1-trichloroethane",75,0.70356590
"1,1,1-trichloroethane",70,0.51254751
"1,1,1-trichloroethane",65,0.36980267
"1,1,1-trichloroethane",60,0.26418403
"1,1,1-trichloroethane",55,0.18681467
"1,1,1-trichloroethane",50,0.13071552
"1,1,1-trichloroethane",45,0.09046443
"1,1,1-trichloroethane",40,0.06189656
"1,1,1-trichloroethane",35,0.04184834
"1,1,1-trichloroethane",30,0.02794345
"1,1,1-trichloroethane",25,0.01841709
"1,1,1-trifluoroethane",160,45.45999207
"1,1,1-trifluoroethane",155,41.79583859
"1,1,1-trifluoroethane",150,37.98427084
"1,1,1-trifluoroethane",145,34.05033921
"1,1,1-trifluoroethane",140,30.03766895
"1,1,1-trifluoroethane",135,26.01105747
"1,1,1-trifluoroethane",130,22.05955117
"1,1,1-trifluoroethane",125,18.28984264
"1,1,1-trifluoroethane",120,14.81281412
"1,1,1-trifluoroethane",115,11.72273328
"1,1,1-trifluoroethane",110,9.07843036
"1,1,1-trifluoroethane",105,6.89479062
"1,1,1-trifluoroethane",100,5.14743921
"1,1,1-trifluoroethane",95,3.78587616
"1,1,1-trifluoroethane",90,2.74793364
"1,1,1-trifluoroethane",85,1.97087140
"1,1,1-trifluoroethane",80,1.39789790
"1,1,1-trifluoroethane",75,0.98095953
"1,1,1-trifluoroethane",70,0.68117065
"1,1,1-trifluoroethane",65,0.46802578
"1,1,1-trifluoroethane",60,0.31813117
"1,1,1-trifluoroethane",55,0.21386048
"1,1,1-trifluoroethane",50,0.14212565
"1,1,1-trifluoroethane",45,0.09333282
"1,1,1-trifluoroethane",40,0.06053367
"1,1,1-trifluoroethane",35,0.03875452
"1,1,1-trifluoroethane",30,0.02447685
"1,1,1-trifluoroethane",25,0.01524141
"1,1,2,2-tetrabromoethane",160,15.91843427
"1,1,2,2-tetrabromoethane",155,14.20510292
"1,1,2,2-tetrabromoethane",150,12.60405828
"1,1,2,2-tetrabromoethane",145,11.11585727
"1,1,2,2-tetrabromoethane",140,9.74134808
"1,1,2,2-tetrabromoethane",135,8.48026100
"1,1,2,2-tetrabromoethane",130,7.33180783
"1,1,2,2-tetrabromoethane",125,6.29411603
"1,1,2,2-tetrabromoethane",120,5.36442588
"1,1,2,2-tetrabromoethane",115,4.53884745
"1,1,2,2-tetrabromoethane",110,3.81236566
"1,1,2,2-tetrabromoethane",105,3.17898507
"1,1,2,2-tetrabromoethane",100,2.63190524
"1,1,2,2-tetrabromoethane",95,2.16372146
"1,1,2,2-tetrabromoethane",90,1.76666167
"1,1,2,2-tetrabromoethane",85,1.43287168
"1,1,2,2-tetrabromoethane",80,1.15463612
"1,1,2,2-tetrabromoethane",75,0.92459003
"1,1,2,2-tetrabromoethane",70,0.73586153
"1,1,2,2-tetrabromoethane",65,0.58217706
"1,1,2,2-tetrabromoethane",60,0.45791827
"1,1,2,2-tetrabromoethane",55,0.35813453
"1,1,2,2-tetrabromoethane",50,0.27853046
"1,1,2,2-tetrabromoethane",45,0.21542776
"1,1,2,2-tetrabromoethane",40,0.16571406
"1,1,2,2-tetrabromoethane",35,0.12678416
"1,1,2,2-tetrabromoethane",30,0.09647878
"1,1,2,2-tetrabromoethane",25,0.07302443
"1,1,2,2-tetrachloroethane",160,30.81715791
"1,1,2,2-tetrachloroethane",155,28.34936477
"1,1,2,2-tetrachloroethane",150,25.95742747
"1,1,2,2-tetrachloroethane",145,23.64886733
"1,1,2,2-tetrachloroethane",140,21.43280687
"1,1,2,2-tetrachloroethane",135,19.31630753
"1,1,2,2-tetrachloroethane",130,17.30717683
"1,1,2,2-tetrachloroethane",125,15.41139612
"1,1,2,2-tetrachloroethane",120,13.63486808
"1,1,2,2-tetrachloroethane",115,11.98171683
"1,1,2,2-tetrachloroethane",110,10.45524111
"1,1,2,2-tetrachloroethane",105,9.05724509
"1,1,2,2-tetrachloroethane",100,7.78775410
"1,1,2,2-tetrachloroethane",95,6.64538725
"1,1,2,2-tetrachloroethane",90,5.62693256
"1,1,2,2-tetrachloroethane",85,4.72774081
"1,1,2,2-tetrachloroethane",80,3.94165948
"1,1,2,2-tetrachloroethane",75,3.26125193
"1,1,2,2-tetrachloroethane",70,2.67812193
"1,1,2,2-tetrachloroethane",65,2.18323629
"1,1,2,2-tetrachloroethane",60,1.76724086
"1,1,2,2-tetrachloroethane",55,1.42077077
"1,1,2,2-tetrachloroethane",50,1.13475305
"1,1,2,2-tetrachloroethane",45,0.90062328
"1,1,2,2-tetrachloroethane",40,0.71049838
"1,1,2,2-tetrachloroethane",35,0.55727277
"1,1,2,2-tetrachloroethane",30,0.43466599
"1,1,2,2-tetrachloroethane",25,0.33722227
"1,1,2-trichloroethane",160,37.39370412
"1,1,2-trichloroethane",155,34.69736376
"1,1,2-trichloroethane",150,32.02834937
"1,1,2-trichloroethane",145,29.39774021
"1,1,2-trichloroethane",140,26.81759093
"1,1,2-trichloroethane",135,24.30043643
"1,1,2-trichloroethane",130,21.86002295
"1,1,2-trichloroethane",125,19.51003665
"1,1,2-trichloroethane",120,17.26487754
"1,1,2-trichloroethane",115,15.13898709
"1,1,2-trichloroethane",110,13.14589199
"1,1,2-trichloroethane",105,11.29735525
"1,1,2-trichloroethane",100,9.60373983
"1,1,2-trichloroethane",95,8.07219567
"1,1,2-trichloroethane",90,6.70637746
"1,1,2-trichloroethane",85,5.50629024
"1,1,2-trichloroethane",80,4.46771968
"1,1,2-trichloroethane",75,3.58269553
"1,1,2-trichloroethane",70,2.84007355
"1,1,2-trichloroethane",65,2.22625102
"1,1,2-trichloroethane",60,1.72622699
"1,1,2-trichloroethane",55,1.32452419
"1,1,2-trichloroethane",50,1.00603338
"1,1,2-trichloroethane",45,0.75663685
"1,1,2-trichloroethane",40,0.56362660
"1,1,2-trichloroethane",35,0.41590939
"1,1,2-trichloroethane",30,0.30405470
"1,1,2-trichloroethane",25,0.22022217
"1,1,2-trichloro-1,2,2-trifluoroethane",160,1.39280442
"1,1,2-trichloro-1,2,2-trifluoroethane",155,1.04928657
"1,1,2-trichloro-1,2,2-trifluoroethane",150,0.78891377
"1,1,2-trichloro-1,2,2-trifluoroethane",145,0.59125221
"1,1,2-trichloro-1,2,2-trifluoroethane",140,0.44125076
"1,1,2-trichloro-1,2,2-trifluoroethane",135,0.32763778
"1,1,2-trichloro-1,2,2-trifluoroethane",130,0.24186385
"1,1,2-trichloro-1,2,2-trifluoroethane",125,0.17738787
"1,1,2-trichloro-1,2,2-trifluoroethane",120,0.12917696
"1,1,2-trichloro-1,2,2-trifluoroethane",115,0.09334808
"1,1,2-trichloro-1,2,2-trifluoroethane",110,0.06690353
"1,1,2-trichloro-1,2,2-trifluoroethane",105,0.04753229
"1,1,2-trichloro-1,2,2-trifluoroethane",100,0.03345819
"1,1,2-trichloro-1,2,2-trifluoroethane",95,0.02332222
"1,1,2-trichloro-1,2,2-trifluoroethane",90,0.01609052
"1,1,2-trichloro-1,2,2-trifluoroethane",85,0.01098194
"1,1,2-trichloro-1,2,2-trifluoroethane",80,0.00741084
"1,1,2-trichloro-1,2,2-trifluoroethane",75,0.00494195
"1,1,2-trichloro-1,2,2-trifluoroethane",70,0.00325482
"1,1,2-trichloro-1,2,2-trifluoroethane",65,0.00211590
"1,1,2-trichloro-1,2,2-trifluoroethane",60,0.00135686
"1,1,2-trichloro-1,2,2-trifluoroethane",55,0.00085775
"1,1,2-trichloro-1,2,2-trifluoroethane",50,0.00053416
"1,1,2-trichloro-1,2,2-trifluoroethane",45,0.00032746
"1,1,2-trichloro-1,2,2-trifluoroethane",40,0.00019746
"1,1,2-trichloro-1,2,2-trifluoroethane",35,0.00011702
"1,1,2-trichloro-1,2,2-trifluoroethane",30,0.00006810
"1,1,2-trichloro-1,2,2-trifluoroethane",25,0.00003888
"1,1,3,3-tetramethoxypropane",160,25.02711770
"1,1,3,3-tetramethoxypropane",155,22.29169999
"1,1,3,3-tetramethoxypropane",150,19.69106693
"1,1,3,3-tetramethoxypropane",145,17.24262041
"1,1,3,3-tetramethoxypropane",140,14.96185719
"1,1,3,3-tetramethoxypropane",135,12.86124227
"1,1,3,3-tetramethoxypropane",130,10.94940444
"1,1,3,3-tetramethoxypropane",125,9.23076712
"1,1,3,3-tetramethoxypropane",120,7.70535326
"1,1,3,3-tetramethoxypropane",115,6.36879123
"1,1,3,3-tetramethoxypropane",110,5.21265990
"1,1,3,3-tetramethoxypropane",105,4.22524818
"1,1,3,3-tetramethoxypropane",100,3.39235084
"1,1,3,3-tetramethoxypropane",95,2.69822073
"1,1,3,3-tetramethoxypropane",90,2.12643116
"1,1,3,3-tetramethoxypropane",85,1.66066273
"1,1,3,3-tetramethoxypropane",80,1.28532277
"1,1,3,3-tetramethoxypropane",75,0.98597950
"1,1,3,3-tetramethoxypropane",70,0.74963737
"1,1,3,3-tetramethoxypropane",65,0.56486117
"1,1,3,3-tetramethoxypropane",60,0.42178904
"1,1,3,3-tetramethoxypropane",55,0.31206465
"1,1,3,3-tetramethoxypropane",50,0.22871766
"1,1,3,3-tetramethoxypropane",45,0.16601560
"1,1,3,3-tetramethoxypropane",40,0.11930530
"1,1,3,3-tetramethoxypropane",35,0.08485541
"1,1,3,3-tetramethoxypropane",30,0.05970849
"1,1,3,3-tetramethoxypropane",25,0.04154684
"1,1-dibromoethane",160,35.49113827
"1,1-dibromoethane",155,33.43412148
"1,1-dibromoethane",150,31.42194084
"1,1-dibromoethane",145,29.45601916
"1,1-dibromoethane",140,27.53728604
"1,1-dibromoethane",135,25.66930763
"1,1-dibromoethane",130,23.85129265
"1,1-dibromoethane",125,22.08577448
"1,1-dibromoethane",120,20.37395410
"1,1-dibromoethane",115,18.71908424
"1,1-dibromoethane",110,17.12048162
"1,1-dibromoethane",105,15.58221698
"1,1-dibromoethane",100,14.10552584
"1,1-dibromoethane",95,12.69268451
"1,1-dibromoethane",90,11.34647163
"1,1-dibromoethane",85,10.06965215
"1,1-dibromoethane",80,8.86554031
"1,1-dibromoethane",75,7.73613753
"1,1-dibromoethane",70,6.68542293
"1,1-dibromoethane",65,5.71598267
"1,1-dibromoethane",60,4.83062705
"1,1-dibromoethane",55,4.03129954
"1,1-dibromoethane",50,3.31912311
"1,1-dibromoethane",45,2.69398148
"1,1-dibromoethane",40,2.15416600
"1,1-dibromoethane",35,1.69621628
"1,1-dibromoethane",30,1.31495715
"1,1-dibromoethane",25,1.00361031
"1,1-dichloro-1-nitroethane",160,34.05220411
"1,1-dichloro-1-nitroethane",155,31.27561003
"1,1-dichloro-1-nitroethane",150,28.53763688
"1,1-dichloro-1-nitroethane",145,25.85297808
"1,1-dichloro-1-nitroethane",140,23.23686815
"1,1-dichloro-1-nitroethane",135,20.70513783
"1,1-dichloro-1-nitroethane",130,18.27570108
"1,1-dichloro-1-nitroethane",125,15.96657930
"1,1-dichloro-1-nitroethane",120,13.79508145
"1,1-dichloro-1-nitroethane",115,11.77830976
"1,1-dichloro-1-nitroethane",110,9.93069285
"1,1-dichloro-1-nitroethane",105,8.26327082
"1,1-dichloro-1-nitroethane",100,6.78295249
"1,1-dichloro-1-nitroethane",95,5.49117273
"1,1-dichloro-1-nitroethane",90,4.38387953
"1,1-dichloro-1-nitroethane",85,3.45180297
"1,1-dichloro-1-nitroethane",80,2.68119194
"1,1-dichloro-1-nitroethane",75,2.05514563
"1,1-dichloro-1-nitroethane",70,1.55505357
"1,1-dichloro-1-nitroethane",65,1.16193469
"1,1-dichloro-1-nitroethane",60,0.85757399
"1,1-dichloro-1-nitroethane",55,0.62531264
"1,1-dichloro-1-nitroethane",50,0.45050040
"1,1-dichloro-1-nitroethane",45,0.32066718
"1,1-dichloro-1-nitroethane",40,0.22548446
"1,1-dichloro-1-nitroethane",35,0.15659490
"1,1-dichloro-1-nitroethane",30,0.10737203
"1,1-dichloro-1-nitroethane",25,0.07265608
"1,1-dichloroacetone",160,34.57594325
"1,1-dichloroacetone",155,31.43341820
"1,1-dichloroacetone",150,28.31762495
"1,1-dichloroacetone",145,25.25437655
"1,1-dichloroacetone",140,22.27230324
"1,1-dichloroacetone",135,19.40431445
"1,1-dichloroacetone",130,16.68409220
"1,1-dichloroacetone",125,14.14463548
"1,1-dichloroacetone",120,11.81610213
"1,1-dichloroacetone",115,9.72198230
"1,1-dichloroacetone",110,7.87702737
"1,1-dichloroacetone",105,6.28565070
"1,1-dichloroacetone",100,4.94164800
"1,1-dichloroacetone",95,3.82960554
"1,1-dichloroacetone",90,2.92726553
"1,1-dichloroacetone",85,2.20831510
"1,1-dichloroacetone",80,1.64508638
"1,1-dichloroacetone",75,1.21069663
"1,1-dichloroacetone",70,0.88050958
"1,1-dichloroacetone",65,0.63293297
"1,1-dichloroacetone",60,0.44969733
"1,1-dichloroacetone",55,0.31577834
"1,1-dichloroacetone",50,0.21910693
"1,1-dichloroacetone",45,0.15017990
"1,1-dichloroacetone",40,0.10164420
"1,1-dichloroacetone",35,0.06789988
"1,1-dichloroacetone",30,0.04474478
"1,1-dichloroacetone",25,0.02907014
"1,1-dichloroethane",160,47.89740489
"1,1-dichloroethane",155,45.27443775
"1,1-dichloroethane",150,42.62174069
"1,1-dichloroethane",145,39.94539992
"1,1-dichloroethane",140,37.25178663
"1,1-dichloroethane",135,34.55096037
"1,1-dichloroethane",130,31.85178413
"1,1-dichloroethane",125,29.16696247
"1,1-dichloroethane",120,26.51048906
"1,1-dichloroethane",115,23.89496867
"1,1-dichloroethane",110,21.34027385
"1,1-dichloroethane",105,18.86474080
"1,1-dichloroethane",100,16.48962483
"1,1-dichloroethane",95,14.23605368
"1,1-dichloroethane",90,12.12581107
"1,1-dichloroethane",85,10.17950774
"1,1-dichloroethane",80,8.41462266
"1,1-dichloroethane",75,6.84407502
"1,1-dichloroethane",70,5.47462922
"1,1-dichloroethane",65,4.30603420
"1,1-dichloroethane",60,3.33060280
"1,1-dichloroethane",55,2.53425679
"1,1-dichloroethane",50,1.89797943
"1,1-dichloroethane",45,1.39996186
"1,1-dichloroethane",40,1.01764887
"1,1-dichloroethane",35,0.72941774
"1,1-dichloroethane",30,0.51574900
"1,1-dichloroethane",25,0.35983676
"1,1-dichloroethylene",160,45.67177932
"1,1-dichloroethylene",155,42.76366974
"1,1-dichloroethylene",150,39.81609407
"1,1-dichloroethylene",145,36.84010682
"1,1-dichloroethylene",140,33.85029779
"1,1-dichloroethylene",135,30.86387631
"1,1-dichloroethylene",130,27.90007757
"1,1-dichloroethylene",125,24.98174785
"1,1-dichloroethylene",120,22.13465065
"1,1-dichloroethylene",115,19.38693132
"1,1-dichloroethylene",110,16.76836363
"1,1-dichloroethylene",105,14.30801393
"1,1-dichloroethylene",100,12.03378609
"1,1-dichloroethylene",95,9.96886165
"1,1-dichloroethylene",90,8.13000310
"1,1-dichloroethylene",85,6.52588188
"1,1-dichloroethylene",80,5.15586957
"1,1-dichloroethylene",75,4.01053252
"1,1-dichloroethylene",70,3.07287056
"1,1-dichloroethylene",65,2.32050425
"1,1-dichloroethylene",60,1.72816555
"1,1-dichloroethylene",55,1.27001003
"1,1-dichloroethylene",50,0.92142958
"1,1-dichloroethylene",45,0.66025514
"1,1-dichloroethylene",40,0.46736647
"1,1-dichloroethylene",35,0.32684445
"1,1-dichloroethylene",30,0.22581225
"1,1-dichloroethylene",25,0.15410272
"1,1-dichloropropane",160,39.77332597
"1,1-dichloropropane",155,36.80215842
"1,1-dichloropropane",150,33.83239515
"1,1-dichloropropane",145,30.88119036
"1,1-dichloropropane",140,27.96634977
"1,1-dichloropropane",135,25.10864734
"1,1-dichloropropane",130,22.33140935
"1,1-dichloropropane",125,19.65845505
"1,1-dichloropropane",120,17.11450093
"1,1-dichloropropane",115,14.72422506
"1,1-dichloropropane",110,12.50976814
"1,1-dichloropropane",105,10.48954231
"1,1-dichloropropane",100,8.67725496
"1,1-dichloropropane",95,7.07979650
"1,1-dichloropropane",90,5.69707842
"1,1-dichloropropane",85,4.52206333
"1,1-dichloropropane",80,3.54157264
"1,1-dichloropropane",75,2.73775004
"1,1-dichloropropane",70,2.08983179
"1,1-dichloropropane",65,1.57589918
"1,1-dichloropropane",60,1.17436315
"1,1-dichloropropane",55,0.86508100
"1,1-dichloropropane",50,0.63004579
"1,1-dichloropropane",45,0.45371594
"1,1-dichloropropane",40,0.32305965
"1,1-dichloropropane",35,0.22741290
"1,1-dichloropropane",30,0.15822961
"1,1-dichloropropane",25,0.10878546
"1,1-dichloropropene",160,36.74099115
"1,1-dichloropropene",155,33.42322226
"1,1-dichloropropene",150,30.11984740
"1,1-dichloropropene",145,26.86237927
"1,1-dichloropropene",140,23.68619415
"1,1-dichloropropene",135,20.63033545
"1,1-dichloropropene",130,17.73451055
"1,1-dichloropropene",125,15.03693389
"1,1-dichloropropene",120,12.57004988
"1,1-dichloropropene",115,10.35813255
"1,1-dichloropropene",110,8.41454607
"1,1-dichloropropene",105,6.74088930
"1,1-dichloropropene",100,5.32775815
"1,1-dichloropropene",95,4.15678173
"1,1-dichloropropene",90,3.20336840
"1,1-dichloropropene",85,2.43965088
"1,1-dichloropropene",80,1.83703020
"1,1-dichloropropene",75,1.36811321
"1,1-dichloropropene",70,1.00795647
"1,1-dichloropropene",65,0.73471689
"1,1-dichloropropene",60,0.52984855
"1,1-dichloropropene",55,0.37799570
"1,1-dichloropropene",50,0.26670722
"1,1-dichloropropene",45,0.18606685
"1,1-dichloropropene",40,0.12830131
"1,1-dichloropropene",35,0.08740448
"1,1-dichloropropene",30,0.05879807
"1,1-dichloropropene",25,0.03903740
"1,1-diethoxyethane",160,33.66113964
"1,1-diethoxyethane",155,30.54041423
"1,1-diethoxyethane",150,27.48966539
"1,1-diethoxyethane",145,24.53361220
"1,1-diethoxyethane",140,21.69758553
"1,1-diethoxyethane",135,19.00625137
"1,1-diethoxyethane",130,16.48193979
"1,1-diethoxyethane",125,14.14412373
"1,1-diethoxyethane",120,12.00790081
"1,1-diethoxyethane",115,10.08284891
"1,1-diethoxyethane",110,8.37298771
"1,1-diethoxyethane",105,6.87629809
"1,1-diethoxyethane",100,5.58525135
"1,1-diethoxyethane",95,4.48756542
"1,1-diethoxyethane",90,3.56734091
"1,1-diethoxyethane",85,2.80634796
"1,1-diethoxyethane",80,2.18522312
"1,1-diethoxyethane",75,1.68457521
"1,1-diethoxyethane",70,1.28585047
"1,1-diethoxyethane",65,0.97193295
"1,1-diethoxyethane",60,0.72751450
"1,1-diethoxyethane",55,0.53925193
"1,1-diethoxyethane",50,0.39577005
"1,1-diethoxyethane",45,0.28755690
"1,1-diethoxyethane",40,0.20679293
"1,1-diethoxyethane",35,0.14714809
"1,1-diethoxyethane",30,0.10356962
"1,1-diethoxyethane",25,0.07207713
"1,1-difluoroethane",160,58.59106439
"1,1-difluoroethane",155,55.96110097
"1,1-difluoroethane",150,53.21815465
"1,1-difluoroethane",145,50.35793010
"1,1-difluoroethane",140,47.38066169
"1,1-difluoroethane",135,44.28750027
"1,1-difluoroethane",130,41.08223756
"1,1-difluoroethane",125,37.77339409
"1,1-difluoroethane",120,34.37728061
"1,1-difluoroethane",115,30.91316894
"1,1-difluoroethane",110,27.41534249
"1,1-difluoroethane",105,23.92649371
"1,1-difluoroethane",100,20.50144036
"1,1-difluoroethane",95,17.20635643
"1,1-difluoroethane",90,14.11417127
"1,1-difluoroethane",85,11.29600350
"1,1-difluoroethane",80,8.81175474
"1,1-difluoroethane",75,6.69898691
"1,1-difluoroethane",70,4.96717638
"1,1-difluoroethane",65,3.59749123
"1,1-difluoroethane",60,2.54963057
"1,1-difluoroethane",55,1.77153659
"1,1-difluoroethane",50,1.20871426
"1,1-difluoroethane",45,0.81084811
"1,1-difluoroethane",40,0.53525484
"1,1-difluoroethane",35,0.34784236
"1,1-difluoroethane",30,0.22256559
"1,1-difluoroethane",25,0.14019254
"1,1-difluoroethene",160,58.91407934
"1,1-difluoroethene",155,56.28371601
"1,1-difluoroethene",150,53.54535599
"1,1-difluoroethene",145,50.69641355
"1,1-difluoroethene",140,47.74076077
"1,1-difluoroethene",135,44.68229547
"1,1-difluoroethene",130,41.52598578
"1,1-difluoroethene",125,38.28489155
"1,1-difluoroethene",120,34.97626595
"1,1-difluoroethene",115,31.61939275
"1,1-difluoroethene",110,28.24662638
"1,1-difluoroethene",105,24.89420311
"1,1-difluoroethene",100,21.60794277
"1,1-difluoroethene",95,18.43906300
"1,1-difluoroethene",90,15.44300078
"1,1-difluoroethene",85,12.67466226
"1,1-difluoroethene",80,10.18235124
"1,1-difluoroethene",75,8.00165992
"1,1-difluoroethene",70,6.15047317
"1,1-difluoroethene",65,4.62656095
"1,1-difluoroethene",60,3.40928452
"1,1-difluoroethene",55,2.46420465
"1,1-difluoroethene",50,1.74937960
"1,1-difluoroethene",45,1.22130586
"1,1-difluoroethene",40,0.83934465
"1,1-difluoroethene",35,0.56826785
"1,1-difluoroethene",30,0.37919413
"1,1-difluoroethene",25,0.24943184
"1,1-dimethoxyethane",160,49.92484364
"1,1-dimethoxyethane",155,47.30065129
"1,1-dimethoxyethane",150,44.63876026
"1,1-dimethoxyethane",145,41.94743170
"1,1-dimethoxyethane",140,39.23426160
"1,1-dimethoxyethane",135,36.50758133
"1,1-dimethoxyethane",130,33.77821984
"1,1-dimethoxyethane",125,31.05795387
"1,1-dimethoxyethane",120,28.36074140
"1,1-dimethoxyethane",115,25.70046408
"1,1-dimethoxyethane",110,23.09537798
"1,1-dimethoxyethane",105,20.56404113
"1,1-dimethoxyethane",100,18.12617529
"1,1-dimethoxyethane",95,15.80184336
"1,1-dimethoxyethane",90,13.61201886
"1,1-dimethoxyethane",85,11.57593549
"1,1-dimethoxyethane",80,9.71075290
"1,1-dimethoxyethane",75,8.02982716
"1,1-dimethoxyethane",70,6.54143523
"1,1-dimethoxyethane",65,5.24826898
"1,1-dimethoxyethane",60,4.14646323
"1,1-dimethoxyethane",55,3.22621657
"1,1-dimethoxyethane",50,2.47272975
"1,1-dimethoxyethane",45,1.86761193
"1,1-dimethoxyethane",40,1.39061114
"1,1-dimethoxyethane",35,1.02120703
"1,1-dimethoxyethane",30,0.73988222
"1,1-dimethoxyethane",25,0.52900773
"1,1-dimethylhydrazine",160,60.24075914
"1,1-dimethylhydrazine",155,57.61741214
"1,1-dimethylhydrazine",150,54.87645940
"1,1-dimethylhydrazine",145,52.01754533
"1,1-dimethylhydrazine",140,49.04217989
"1,1-dimethylhydrazine",135,45.95194755
"1,1-dimethylhydrazine",130,42.75445987
"1,1-dimethylhydrazine",125,39.45921969
"1,1-dimethylhydrazine",120,36.08121653
"1,1-dimethylhydrazine",115,32.64322187
"1,1-dimethylhydrazine",110,29.17206204
"1,1-dimethylhydrazine",105,25.70492092
"1,1-dimethylhydrazine",100,22.28840347
"1,1-dimethylhydrazine",95,18.97538056
"1,1-dimethylhydrazine",90,15.82665861
"1,1-dimethylhydrazine",85,12.90441866
"1,1-dimethylhydrazine",80,10.26697218
"1,1-dimethylhydrazine",75,7.96048287
"1,1-dimethylhydrazine",70,6.01173626
"1,1-dimethylhydrazine",65,4.42328888
"1,1-dimethylhydrazine",60,3.17416928
"1,1-dimethylhydrazine",55,2.22494967
"1,1-dimethylhydrazine",50,1.52605615
"1,1-dimethylhydrazine",45,1.02589434
"1,1-dimethylhydrazine",40,0.67689666
"1,1-dimethylhydrazine",35,0.43881473
"1,1-dimethylhydrazine",30,0.27968768
"1,1-dimethylhydrazine",25,0.17532780
"1,2,3,4-tetramethylbenzene",160,26.35631403
"1,2,3,4-tetramethylbenzene",155,23.26937729
"1,2,3,4-tetramethylbenzene",150,20.34309198
"1,2,3,4-tetramethylbenzene",145,17.60486294
"1,2,3,4-tetramethylbenzene",140,15.07751247
"1,2,3,4-tetramethylbenzene",135,12.77772998
"1,2,3,4-tetramethylbenzene",130,10.71500755
"1,2,3,4-tetramethylbenzene",125,8.89153609
"1,2,3,4-tetramethylbenzene",120,7.30244836
"1,2,3,4-tetramethylbenzene",115,5.93681855
"1,2,3,4-tetramethylbenzene",110,4.77891442
"1,2,3,4-tetramethylbenzene",105,3.80971242
"1,2,3,4-tetramethylbenzene",100,3.00837506
"1,2,3,4-tetramethylbenzene",95,2.35353840
"1,2,3,4-tetramethylbenzene",90,1.82436594
"1,2,3,4-tetramethylbenzene",85,1.40130012
"1,2,3,4-tetramethylbenzene",80,1.06654624
"1,2,3,4-tetramethylbenzene",75,0.80432485
"1,2,3,4-tetramethylbenzene",70,0.60094371
"1,2,3,4-tetramethylbenzene",65,0.44474224
"1,2,3,4-tetramethylbenzene",60,0.32595108
"1,2,3,4-tetramethylbenzene",55,0.23650466
"1,2,3,4-tetramethylbenzene",50,0.16983289
"1,2,3,4-tetramethylbenzene",45,0.12065044
"1,2,3,4-tetramethylbenzene",40,0.08475601
"1,2,3,4-tetramethylbenzene",35,0.05884854
"1,2,3,4-tetramethylbenzene",30,0.04036392
"1,2,3,4-tetramethylbenzene",25,0.02733329
"1,2,3,5-tetramethylbenzene",160,25.01950851
"1,2,3,5-tetramethylbenzene",155,21.93197962
"1,2,3,5-tetramethylbenzene",150,19.03077280
"1,2,3,5-tetramethylbenzene",145,16.34265276
"1,2,3,5-tetramethylbenzene",140,13.88768946
"1,2,3,5-tetramethylbenzene",135,11.67838234
"1,2,3,5-tetramethylbenzene",130,9.71905950
"1,2,3,5-tetramethylbenzene",125,8.00631594
"1,2,3,5-tetramethylbenzene",120,6.52989396
"1,2,3,5-tetramethylbenzene",115,5.27414136
"1,2,3,5-tetramethylbenzene",110,4.21964907
"1,2,3,5-tetramethylbenzene",105,3.34483869
"1,2,3,5-tetramethylbenzene",100,2.62740276
"1,2,3,5-tetramethylbenzene",95,2.04544032
"1,2,3,5-tetramethylbenzene",90,1.57828908
"1,2,3,5-tetramethylbenzene",85,1.20706408
"1,2,3,5-tetramethylbenzene",80,0.91494670
"1,2,3,5-tetramethylbenzene",75,0.68728174
"1,2,3,5-tetramethylbenzene",70,0.51153356
"1,2,3,5-tetramethylbenzene",65,0.37715238
"1,2,3,5-tetramethylbenzene",60,0.27538709
"1,2,3,5-tetramethylbenzene",55,0.19907358
"1,2,3,5-tetramethylbenzene",50,0.14241835
"1,2,3,5-tetramethylbenzene",45,0.10079053
"1,2,3,5-tetramethylbenzene",40,0.07053018
"1,2,3,5-tetramethylbenzene",35,0.04877672
"1,2,3,5-tetramethylbenzene",30,0.03331915
"1,2,3,5-tetramethylbenzene",25,0.02246782
1h-benzotriazole,160,1.74421925
1h-benzotriazole,155,1.31553879
1h-benzotriazole,150,0.98777791
1h-benzotriazole,145,0.73793100
1h-benzotriazole,140,0.54821572
1h-benzotriazole,135,0.40482557
1h-benzotriazole,130,0.29702084
1h-benzotriazole,125,0.21644448
1h-benzotriazole,120,0.15660236
1h-benzotriazole,115,0.11246181
1h-benzotriazole,110,0.08013807
1h-benzotriazole,105,0.05664735
1h-benzotriazole,100,0.03971121
1h-benzotriazole,95,0.02760135
1h-benzotriazole,90,0.01901630
1h-benzotriazole,85,0.01298366
1h-benzotriazole,80,0.00878300
1h-benzotriazole,75,0.00588521
1h-benzotriazole,70,0.00390529
1h-benzotriazole,65,0.00256575
1h-benzotriazole,60,0.00166855
1h-benzotriazole,55,0.00107378
1h-benzotriazole,50,0.00068364
1h-benzotriazole,45,0.00043049
1h-benzotriazole,40,0.00026802
1h-benzotriazole,35,0.00016494
1h-benzotriazole,30,0.00010030
1h-benzotriazole,25,0.00006024
"1h-1,2,3-triazole",160,0.00030746
"1h-1,2,3-triazole",155,0.00020242
"1h-1,2,3-triazole",150,0.00013211
"1h-1,2,3-triazole",145,0.00008546
"1h-1,2,3-triazole",140,0.00005478
"1h-1,2,3-triazole",135,0.00003479
"1h-1,2,3-triazole",130,0.00002189
"1h-1,2,3-triazole",125,0.00001364
"1h-1,2,3-triazole",120,0.00000842
"1h-1,2,3-triazole",115,0.00000514
"1h-1,2,3-triazole",110,0.00000311
"1h-1,2,3-triazole",105,0.00000186
"1h-1,2,3-triazole",100,0.00000110
"1h-1,2,3-triazole",95,0.00000065
"1h-1,2,3-triazole",90,0.00000038
"1h-1,2,3-triazole",85,0.00000022
"1h-1,2,3-triazole",80,0.00000012
"1h-1,2,3-triazole",75,0.00000007
"1h-1,2,3-triazole",70,0.00000004
"1h-1,2,3-triazole",65,0.00000002
"1h-1,2,3-triazole",60,0.00000001
"1h-1,2,3-triazole",55,0.00000001
"1h-1,2,3-triazole",50,0.00000000
"1h-1,2,3-triazole",45,0.00000000
"1h-1,2,3-triazole",40,0.00000000
"1h-1,2,3-triazole",35,0.00000000
"1h-1,2,3-triazole",30,0.00000000
"1h-1,2,3-triazole",25,0.00000000
"1,2,3-trichloropropene",160,34.98699897
"1,2,3-trichloropropene",155,32.35906408
"1,2,3-trichloropropene",150,29.77452781
"1,2,3-trichloropropene",145,27.24391227
"1,2,3-trichloropropene",140,24.77794941
"1,2,3-trichloropropene",135,22.38834066
"1,2,3-trichloropropene",130,20.08613248
"1,2,3-trichloropropene",125,17.88379020
"1,2,3-trichloropropene",120,15.79307966
"1,2,3-trichloropropene",115,13.82482604
"1,2,3-trichloropropene",110,11.98957877
"1,2,3-trichloropropene",105,10.29617186
"1,2,3-trichloropropene",100,8.75118933
"1,2,3-trichloropropene",95,7.35889997
"1,2,3-trichloropropene",90,6.12045823
"1,2,3-trichloropropene",85,5.03395962
"1,2,3-trichloropropene",80,4.09414620
"1,2,3-trichloropropene",75,3.29281579
"1,2,3-trichloropropene",70,2.61934237
"1,2,3-trichloropropene",65,2.06126345
"1,2,3-trichloropropene",60,1.60512369
"1,2,3-trichloropropene",55,1.23719742
"1,2,3-trichloropropene",50,0.94415222
"1,2,3-trichloropropene",45,0.71353911
"1,2,3-trichloropropene",40,0.53412749
"1,2,3-trichloropropene",35,0.39607198
"1,2,3-trichloropropene",30,0.29095640
"1,2,3-trichloropropene",25,0.21173854
"1,2,3-trichloropropane",160,30.53785107
"1,2,3-trichloropropane",155,27.62364976
"1,2,3-trichloropropane",150,24.78225969
"1,2,3-trichloropropane",145,22.03428687
"1,2,3-trichloropropane",140,19.40295709
"1,2,3-trichloropropane",135,16.91044442
"1,2,3-trichloropropane",130,14.57826709
"1,2,3-trichloropropane",125,12.42520776
"1,2,3-trichloropropane",120,10.46639993
"1,2,3-trichloropropane",115,8.71154536
"1,2,3-trichloropropane",110,7.16433498
"1,2,3-trichloropropane",105,5.82223208
"1,2,3-trichloropropane",100,4.67666099
"1,2,3-trichloropropane",95,3.71413355
"1,2,3-trichloropropane",90,2.91754403
"1,2,3-trichloropropane",85,2.26769060
"1,2,3-trichloropropane",80,1.74466716
"1,2,3-trichloropropane",75,1.32903860
"1,2,3-trichloropropane",70,1.00267771
"1,2,3-trichloropropane",65,0.74929475
"1,2,3-trichloropropane",60,0.55468334
"1,2,3-trichloropropane",55,0.40675968
"1,2,3-trichloropropane",50,0.29545963
"1,2,3-trichloropropane",45,0.21255110
"1,2,3-trichloropropane",40,0.15140649
"1,2,3-trichloropropane",35,0.10676485
"1,2,3-trichloropropane",30,0.07450402
"1,2,3-trichloropropane",25,0.05143321
"1,2,4,5-tetrachlorobenzene",160,11.17539306
"1,2,4,5-tetrachlorobenzene",155,9.24263866
"1,2,4,5-tetrachlorobenzene",150,7.58275312
"1,2,4,5-tetrachlorobenzene",145,6.17445743
"1,2,4,5-tetrachlorobenzene",140,4.99242144
"1,2,4,5-tetrachlorobenzene",135,4.00973180
"1,2,4,5-tetrachlorobenzene",130,3.19973842
"1,2,4,5-tetrachlorobenzene",125,2.53728775
"1,2,4,5-tetrachlorobenzene",120,1.99942079
"1,2,4,5-tetrachlorobenzene",115,1.56570623
"1,2,4,5-tetrachlorobenzene",110,1.21830130
"1,2,4,5-tetrachlorobenzene",105,0.94185335
"1,2,4,5-tetrachlorobenzene",100,0.72331027
"1,2,4,5-tetrachlorobenzene",95,0.55168741
"1,2,4,5-tetrachlorobenzene",90,0.41782162
"1,2,4,5-tetrachlorobenzene",85,0.31413040
"1,2,4,5-tetrachlorobenzene",80,0.23438667
"1,2,4,5-tetrachlorobenzene",75,0.17351368
"1,2,4,5-tetrachlorobenzene",70,0.12740262
"1,2,4,5-tetrachlorobenzene",65,0.09275237
"1,2,4,5-tetrachlorobenzene",60,0.06693048
"1,2,4,5-tetrachlorobenzene",55,0.04785392
"1,2,4,5-tetrachlorobenzene",50,0.03388752
"1,2,4,5-tetrachlorobenzene",45,0.02375836
"1,2,4,5-tetrachlorobenzene",40,0.01648406
"1,2,4,5-tetrachlorobenzene",35,0.01131331
"1,2,4,5-tetrachlorobenzene",30,0.00767698
"1,2,4,5-tetrachlorobenzene",25,0.00514816
"1,2,4-trichlorobenzene",160,21.62543558
"1,2,4-trichlorobenzene",155,19.00433252
"1,2,4-trichlorobenzene",150,16.55080035
"1,2,4-trichlorobenzene",145,14.28025150
"1,2,4-trichlorobenzene",140,12.20422876
"1,2,4-trichlorobenzene",135,10.32979655
"1,2,4-trichlorobenzene",130,8.65903144
"1,2,4-trichlorobenzene",125,7.18890929
"1,2,4-trichlorobenzene",120,5.91187284
"1,2,4-trichlorobenzene",115,4.81645049
"1,2,4-trichlorobenzene",110,3.88826325
"1,2,4-trichlorobenzene",105,3.11099758
"1,2,4-trichlorobenzene",100,2.46742172
"1,2,4-trichlorobenzene",95,1.94026422
"1,2,4-trichlorobenzene",90,1.51289544
"1,2,4-trichlorobenzene",85,1.16983706
"1,2,4-trichlorobenzene",80,0.89707092
"1,2,4-trichlorobenzene",75,0.68219350
"1,2,4-trichlorobenzene",70,0.51444668
"1,2,4-trichlorobenzene",65,0.38465963
"1,2,4-trichlorobenzene",60,0.28513303
"1,2,4-trichlorobenzene",55,0.20949110
"1,2,4-trichlorobenzene",50,0.15251947
"1,2,4-trichlorobenzene",45,0.11000299
"1,2,4-trichlorobenzene",40,0.07857150
"1,2,4-trichlorobenzene",35,0.05555891
"1,2,4-trichlorobenzene",30,0.03887786
"1,2,4-trichlorobenzene",25,0.02691091
"1,2-butadiene",160,64.92617155
"1,2-butadiene",155,62.72137335
"1,2-butadiene",150,60.43030847
"1,2-butadiene",145,58.05477641
"1,2-butadiene",140,55.59013771
"1,2-butadiene",135,53.03956331
"1,2-butadiene",130,50.40168994
"1,2-butadiene",125,47.67868194
"1,2-butadiene",120,44.87627406
"1,2-butadiene",115,41.99806319
"1,2-butadiene",110,39.05432402
"1,2-butadiene",105,36.05214991
"1,2-butadiene",100,33.00900119
"1,2-butadiene",95,29.94150464
"1,2-butadiene",90,26.87511484
"1,2-butadiene",85,23.83499073
"1,2-butadiene",80,20.85666555
"1,2-butadiene",75,17.97759856
"1,2-butadiene",70,15.23862340
"1,2-butadiene",65,12.68189560
"1,2-butadiene",60,10.34722962
"1,2-butadiene",55,8.26703308
"1,2-butadiene",50,6.46286246
"1,2-butadiene",45,4.94234815
"1,2-butadiene",40,3.69791564
"1,2-butadiene",35,2.70868443
"1,2-butadiene",30,1.94403339
"1,2-butadiene",25,1.36834487
1-bromo-2-chloroethene,160,39.50528040
1-bromo-2-chloroethene,155,37.10334856
1-bromo-2-chloroethene,150,34.72752624
1-bromo-2-chloroethene,145,32.38454101
1-bromo-2-chloroethene,140,30.07858127
1-bromo-2-chloroethene,135,27.81607993
1-bromo-2-chloroethene,130,25.60346879
1-bromo-2-chloroethene,125,23.44812299
1-bromo-2-chloroethene,120,21.35576395
1-bromo-2-chloroethene,115,19.33406809
1-bromo-2-chloroethene,110,17.38950953
1-bromo-2-chloroethene,105,15.53018493
1-bromo-2-chloroethene,100,13.76210704
1-bromo-2-chloroethene,95,12.09367314
1-bromo-2-chloroethene,90,10.53086400
1-bromo-2-chloroethene,85,9.08014098
1-bromo-2-chloroethene,80,7.74685189
1-bromo-2-chloroethene,75,6.53507953
1-bromo-2-chloroethene,70,5.44743416
1-bromo-2-chloroethene,65,4.48443296
1-bromo-2-chloroethene,60,3.64429817
1-bromo-2-chloroethene,55,2.92276261
1-bromo-2-chloroethene,50,2.31322100
1-bromo-2-chloroethene,45,1.80683447
1-bromo-2-chloroethene,40,1.39317359
1-bromo-2-chloroethene,35,1.06079846
1-bromo-2-chloroethene,30,0.79796371
1-bromo-2-chloroethene,25,0.59326008
"1,2-cyclohexanedione",160,21.11565457
"1,2-cyclohexanedione",155,17.96321898
"1,2-cyclohexanedione",150,15.14205876
"1,2-cyclohexanedione",145,12.65230118
"1,2-cyclohexanedione",140,10.48285423
"1,2-cyclohexanedione",135,8.61465827
"1,2-cyclohexanedione",130,7.02350184
"1,2-cyclohexanedione",125,5.68230344
"1,2-cyclohexanedione",120,4.56288671
"1,2-cyclohexanedione",115,3.63731554
"1,2-cyclohexanedione",110,2.87887196
"1,2-cyclohexanedione",105,2.26270267
"1,2-cyclohexanedione",100,1.76623988
"1,2-cyclohexanedione",95,1.36939949
"1,2-cyclohexanedione",90,1.05462281
"1,2-cyclohexanedione",85,0.80679923
"1,2-cyclohexanedione",80,0.61310712
"1,2-cyclohexanedione",75,0.46280470
"1,2-cyclohexanedione",70,0.34699628
"1,2-cyclohexanedione",65,0.25839282
"1,2-cyclohexanedione",60,0.19108027
"1,2-cyclohexanedione",55,0.14030444
"1,2-cyclohexanedione",50,0.10227675
"1,2-cyclohexanedione",45,0.07400348
"1,2-cyclohexanedione",40,0.05313824
"1,2-cyclohexanedione",35,0.03785665
"1,2-cyclohexanedione",30,0.02675150
"1,2-cyclohexanedione",25,0.01874588
cis-dibromoethene,160,31.22534701
cis-dibromoethene,155,28.86315249
cis-dibromoethene,150,26.55427891
cis-dibromoethene,145,24.30646738
cis-dibromoethene,140,22.12422795
cis-dibromoethene,135,20.01440475
cis-dibromoethene,130,17.98518564
cis-dibromoethene,125,16.04364484
cis-dibromoethene,120,14.19769732
cis-dibromoethene,115,12.45526651
cis-dibromoethene,110,10.82413193
cis-dibromoethene,105,9.31146964
cis-dibromoethene,100,7.92379960
cis-dibromoethene,95,6.66599298
cis-dibromoethene,90,5.54093798
cis-dibromoethene,85,4.54894404
cis-dibromoethene,80,3.68768486
cis-dibromoethene,75,2.95182979
cis-dibromoethene,70,2.33329543
cis-dibromoethene,65,1.82182319
cis-dibromoethene,60,1.40557798
cis-dibromoethene,55,1.07200591
cis-dibromoethene,50,0.80856789
cis-dibromoethene,45,0.60337001
cis-dibromoethene,40,0.44559729
cis-dibromoethene,35,0.32576404
cis-dibromoethene,30,0.23579657
cis-dibromoethene,25,0.16899743
"cis-1,2-dichloroethene",160,100.00000000
"cis-1,2-dichloroethene",155,49.10107218
"cis-1,2-dichloroethene",150,46.79152712
"cis-1,2-dichloroethene",145,44.47273201
"cis-1,2-dichloroethene",140,42.14645160
"cis-1,2-dichloroethene",135,39.81780471
"cis-1,2-dichloroethene",130,37.49218488
"cis-1,2-dichloroethene",125,35.17500850
"cis-1,2-dichloroethene",120,32.87109697
"cis-1,2-dichloroethene",115,30.58695930
"cis-1,2-dichloroethene",110,28.33022602
"cis-1,2-dichloroethene",105,26.10549409
"cis-1,2-dichloroethene",100,23.92312540
"cis-1,2-dichloroethene",95,21.79063044
"cis-1,2-dichloroethene",90,19.71509073
"cis-1,2-dichloroethene",85,17.70711933
"cis-1,2-dichloroethene",80,15.77574455
"cis-1,2-dichloroethene",75,13.93212690
"cis-1,2-dichloroethene",70,12.18427884
"cis-1,2-dichloroethene",65,10.54384743
"cis-1,2-dichloroethene",60,9.01956276
"cis-1,2-dichloroethene",55,7.62032984
"cis-1,2-dichloroethene",50,6.35280793
"cis-1,2-dichloroethene",45,5.22194631
"cis-1,2-dichloroethene",40,4.22957626
"cis-1,2-dichloroethene",35,3.37419423
"cis-1,2-dichloroethene",30,2.65071731
"cis-1,2-dichloroethene",25,2.05069238
"1,2-dichloropropane",160,40.30773388
"1,2-dichloropropane",155,37.35024346
"1,2-dichloropropane",150,34.38650809
"1,2-dichloropropane",145,31.43132235
"1,2-dichloropropane",140,28.50281883
"1,2-dichloropropane",135,25.62111827
"1,2-dichloropropane",130,22.80855821
"1,2-dichloropropane",125,20.08998169
"1,2-dichloropropane",120,17.49192668
"1,2-dichloropropane",115,15.04097892
"1,2-dichloropropane",110,12.76218430
"1,2-dichloropropane",105,10.67771692
"1,2-dichloropropane",100,8.80448874
"1,2-dichloropropane",95,7.15270062
"1,2-dichloropropane",90,5.72451322
"1,2-dichloropropane",85,4.51410761
"1,2-dichloropropane",80,3.50839864
"1,2-dichloropropane",75,2.68867939
"1,2-dichloropropane",70,2.03270058
"1,2-dichloropropane",65,1.51676463
"1,2-dichloropropane",60,1.11750727
"1,2-dichloropropane",55,0.81321159
"1,2-dichloropropane",50,0.58460009
"1,2-dichloropropane",45,0.41518597
"1,2-dichloropropane",40,0.29129117
"1,2-dichloropropane",35,0.20185270
"1,2-dichloropropane",30,0.13811459
"1,2-dichloropropane",25,0.09327720
"1,2-dichlorotetrafluoroethane",160,0.44746734
"1,2-dichlorotetrafluoroethane",155,0.33145049
"1,2-dichlorotetrafluoroethane",150,0.24431893
"1,2-dichlorotetrafluoroethane",145,0.17907035
"1,2-dichlorotetrafluoroethane",140,0.13040989
"1,2-dichlorotetrafluoroethane",135,0.09430660
"1,2-dichlorotetrafluoroethane",130,0.06768098
"1,2-dichlorotetrafluoroethane",125,0.04817809
"1,2-dichlorotetrafluoroethane",120,0.03399913
"1,2-dichlorotetrafluoroethane",115,0.02377420
"1,2-dichlorotetrafluoroethane",110,0.01646463
"1,2-dichlorotetrafluoroethane",105,0.01128744
"1,2-dichlorotetrafluoroethane",100,0.00765639
"1,2-dichlorotetrafluoroethane",95,0.00513596
"1,2-dichlorotetrafluoroethane",90,0.00340538
"1,2-dichlorotetrafluoroethane",85,0.00223062
"1,2-dichlorotetrafluoroethane",80,0.00144266
"1,2-dichlorotetrafluoroethane",75,0.00092073
"1,2-dichlorotetrafluoroethane",70,0.00057951
"1,2-dichlorotetrafluoroethane",65,0.00035948
"1,2-dichlorotetrafluoroethane",60,0.00021963
"1,2-dichlorotetrafluoroethane",55,0.00013206
"1,2-dichlorotetrafluoroethane",50,0.00007810
"1,2-dichlorotetrafluoroethane",45,0.00004538
"1,2-dichlorotetrafluoroethane",40,0.00002589
"1,2-dichlorotetrafluoroethane",35,0.00001449
"1,2-dichlorotetrafluoroethane",30,0.00000795
"1,2-dichlorotetrafluoroethane",25,0.00000427
"1,2-diethylbenzene",160,25.25404548
"1,2-diethylbenzene",155,22.16367011
"1,2-diethylbenzene",150,19.25529281
"1,2-diethylbenzene",145,16.55590684
"1,2-diethylbenzene",140,14.08633108
"1,2-diethylbenzene",135,11.85983859
"1,2-diethylbenzene",130,9.88173885
"1,2-diethylbenzene",125,8.14952624
"1,2-diethylbenzene",120,6.65380933
"1,2-diethylbenzene",115,5.37963040
"1,2-diethylbenzene",110,4.30809199
"1,2-diethylbenzene",105,3.41793672
"1,2-diethylbenzene",100,2.68701306
"1,2-diethylbenzene",95,2.09344115
"1,2-diethylbenzene",90,1.61648103
"1,2-diethylbenzene",85,1.23710509
"1,2-diethylbenzene",80,0.93831622
"1,2-diethylbenzene",75,0.70526558
"1,2-diethylbenzene",70,0.52522578
"1,2-diethylbenzene",65,0.38746652
"1,2-diethylbenzene",60,0.28307354
"1,2-diethylbenzene",55,0.20473958
"1,2-diethylbenzene",50,0.14654857
"1,2-diethylbenzene",45,0.10376680
"1,2-diethylbenzene",40,0.07264949
"1,2-diethylbenzene",35,0.05026723
"1,2-diethylbenzene",30,0.03435396
"1,2-diethylbenzene",25,0.02317660
"1,2-benzenediol",160,27.95799175
"1,2-benzenediol",155,24.26871166
"1,2-benzenediol",150,20.78135628
"1,2-benzenediol",145,17.55072371
"1,2-benzenediol",140,14.61968365
"1,2-benzenediol",135,12.01556173
"1,2-benzenediol",130,9.74883385
"1,2-benzenediol",125,7.81411575
"1,2-benzenediol",120,6.19281118
"1,2-benzenediol",115,4.85690762
"1,2-benzenediol",110,3.77292764
"1,2-benzenediol",105,2.90542032
"1,2-benzenediol",100,2.21968183
"1,2-benzenediol",95,1.68357869
"1,2-benzenediol",90,1.26857968
"1,2-benzenediol",85,0.95016509
"1,2-benzenediol",80,0.70780285
"1,2-benzenediol",75,0.52465982
"1,2-benzenediol",70,0.38717428
"1,2-benzenediol",65,0.28458028
"1,2-benzenediol",60,0.20843878
"1,2-benzenediol",55,0.15220752
"1,2-benzenediol",50,0.11086408
"1,2-benzenediol",45,0.08058654
"1,2-benzenediol",40,0.05848954
"1,2-benzenediol",35,0.04241046
"1,2-benzenediol",30,0.03073896
"1,2-benzenediol",25,0.02228317
"1,2-dimethoxybenzene",160,30.66656608
"1,2-dimethoxybenzene",155,27.66769684
"1,2-dimethoxybenzene",150,24.75042213
"1,2-dimethoxybenzene",145,21.93910979
"1,2-dimethoxybenzene",140,19.25731653
"1,2-dimethoxybenzene",135,16.72831207
"1,2-dimethoxybenzene",130,14.37298083
"1,2-dimethoxybenzene",125,12.20932310
"1,2-dimethoxybenzene",120,10.25031476
"1,2-dimethoxybenzene",115,8.50339015
"1,2-dimethoxybenzene",110,6.96989327
"1,2-dimethoxybenzene",105,5.64499098
"1,2-dimethoxybenzene",100,4.51825422
"1,2-dimethoxybenzene",95,3.57476032
"1,2-dimethoxybenzene",90,2.79647301
"1,2-dimethoxybenzene",85,2.16361869
"1,2-dimethoxybenzene",80,1.65601720
"1,2-dimethoxybenzene",75,1.25415024
"1,2-dimethoxybenzene",70,0.93992212
"1,2-dimethoxybenzene",65,0.69713371
"1,2-dimethoxybenzene",60,0.51169573
"1,2-dimethoxybenzene",55,0.37164984
"1,2-dimethoxybenzene",50,0.26705707
"1,2-dimethoxybenzene",45,0.18980693
"1,2-dimethoxybenzene",40,0.13338845
"1,2-dimethoxybenzene",35,0.09265207
"1,2-dimethoxybenzene",30,0.06358126
"1,2-dimethoxybenzene",25,0.04308457
o-dinitrobenzene,160,25.96048255
o-dinitrobenzene,155,23.25511282
o-dinitrobenzene,150,20.66725763
o-dinitrobenzene,145,18.21347396
o-dinitrobenzene,140,15.90835621
o-dinitrobenzene,135,13.76496011
o-dinitrobenzene,130,11.79360930
o-dinitrobenzene,125,10.00147039
o-dinitrobenzene,120,8.39243810
o-dinitrobenzene,115,6.96635943
o-dinitrobenzene,110,5.71928201
o-dinitrobenzene,105,4.64368147
o-dinitrobenzene,100,3.72883763
o-dinitrobenzene,95,2.96147103
o-dinitrobenzene,90,2.32660713
o-dinitrobenzene,85,1.80838434
o-dinitrobenzene,80,1.39086648
o-dinitrobenzene,75,1.05870325
o-dinitrobenzene,70,0.79764392
o-dinitrobenzene,65,0.59486858
o-dinitrobenzene,60,0.43915289
o-dinitrobenzene,55,0.32090174
o-dinitrobenzene,50,0.23208192
o-dinitrobenzene,45,0.16609168
o-dinitrobenzene,40,0.11759542
o-dinitrobenzene,35,0.08234615
o-dinitrobenzene,30,0.05701093
o-dinitrobenzene,25,0.03900903
"1,2-ethanedithiol",160,100.00000000
"1,2-ethanedithiol",155,100.00000000
"1,2-ethanedithiol",150,100.00000000
"1,2-ethanedithiol",145,47.47168770
"1,2-ethanedithiol",140,45.25950069
"1,2-ethanedithiol",135,43.03117469
"1,2-ethanedithiol",130,40.79116228
"1,2-ethanedithiol",125,38.54314979
"1,2-ethanedithiol",120,36.28929094
"1,2-ethanedithiol",115,34.03319654
"1,2-ethanedithiol",110,31.77927095
"1,2-ethanedithiol",105,29.53354760
"1,2-ethanedithiol",100,27.30112674
"1,2-ethanedithiol",95,25.08829700
"1,2-ethanedithiol",90,22.90206352
"1,2-ethanedithiol",85,20.75265436
"1,2-ethanedithiol",80,18.64974874
"1,2-ethanedithiol",75,16.60395109
"1,2-ethanedithiol",70,14.62773436
"1,2-ethanedithiol",65,12.73679511
"1,2-ethanedithiol",60,10.94458330
"1,2-ethanedithiol",55,9.26764360
"1,2-ethanedithiol",50,7.72143070
"1,2-ethanedithiol",45,6.31998503
"1,2-ethanedithiol",40,5.07486805
"1,2-ethanedithiol",35,3.99333910
"1,2-ethanedithiol",30,3.07678158
"1,2-ethanedithiol",25,2.32032948
"1,3-benzodioxole",160,37.83174584
"1,3-benzodioxole",155,34.89534536
"1,3-benzodioxole",150,31.97017235
"1,3-benzodioxole",145,29.07302049
"1,3-benzodioxole",140,26.22208989
"1,3-benzodioxole",135,23.43734106
"1,3-benzodioxole",130,20.74100099
"1,3-benzodioxole",125,18.15709564
"1,3-benzodioxole",120,15.70988357
"1,3-benzodioxole",115,13.42250034
"1,3-benzodioxole",110,11.31625370
"1,3-benzodioxole",105,9.40824469
"1,3-benzodioxole",100,7.71024593
"1,3-benzodioxole",95,6.22696079
"1,3-benzodioxole",90,4.95594852
"1,3-benzodioxole",85,3.88771478
"1,3-benzodioxole",80,3.00686009
"1,3-benzodioxole",75,2.29379249
"1,3-benzodioxole",70,1.72663062
"1,3-benzodioxole",65,1.28296814
"1,3-benzodioxole",60,0.94132197
"1,3-benzodioxole",55,0.68211180
"1,3-benzodioxole",50,0.48821009
"1,3-benzodioxole",45,0.34512631
"1,3-benzodioxole",40,0.24093778
"1,3-benzodioxole",35,0.16606370
"1,3-benzodioxole",30,0.11296166
"1,3-benzodioxole",25,0.07580139
propadiene,160,100.00000000
propadiene,155,100.00000000
propadiene,150,100.00000000
propadiene,145,100.00000000
propadiene,140,100.00000000
propadiene,135,100.00000000
propadiene,130,100.00000000
propadiene,125,100.00000000
propadiene,120,100.00000000
propadiene,115,100.00000000
propadiene,110,55.72391408
propadiene,105,53.42975143
propadiene,100,51.05430218
propadiene,95,48.59518857
propadiene,90,46.05317444
propadiene,85,43.42863489
propadiene,80,40.72633825
propadiene,75,37.94778619
propadiene,70,35.10131374
propadiene,65,32.19664357
propadiene,60,29.24802560
propadiene,55,26.27079128
propadiene,50,23.29196443
propadiene,45,20.33995153
propadiene,40,17.45309811
propadiene,35,14.67502567
propadiene,30,12.05620190
propadiene,25,9.64942899
"1,3,5-trioxane",160,12.53567491
"1,3,5-trioxane",155,9.37409806
"1,3,5-trioxane",150,6.97404515
"1,3,5-trioxane",145,5.16650742
"1,3,5-trioxane",140,3.81157091
"1,3,5-trioxane",135,2.79950237
"1,3,5-trioxane",130,2.04616885
"1,3,5-trioxane",125,1.48756422
"1,3,5-trioxane",120,1.07515838
"1,3,5-trioxane",115,0.77219644
"1,3,5-trioxane",110,0.55086619
"1,3,5-trioxane",105,0.39015984
"1,3,5-trioxane",100,0.27424694
"1,3,5-trioxane",95,0.19123914
"1,3,5-trioxane",90,0.13224750
"1,3,5-trioxane",85,0.09066075
"1,3,5-trioxane",80,0.06159162
"1,3,5-trioxane",75,0.04145208
"1,3,5-trioxane",70,0.02762780
"1,3,5-trioxane",65,0.01822950
"1,3,5-trioxane",60,0.01190373
"1,3,5-trioxane",55,0.00768990
"1,3,5-trioxane",50,0.00491285
"1,3,5-trioxane",45,0.00310287
"1,3,5-trioxane",40,0.00193663
"1,3,5-trioxane",35,0.00119403
"1,3,5-trioxane",30,0.00072693
"1,3,5-trioxane",25,0.00043682
resorcinol,160,1.77589450
resorcinol,155,1.31924349
resorcinol,150,0.97537914
resorcinol,145,0.71736282
resorcinol,140,0.52460936
resorcinol,135,0.38133931
resorcinol,130,0.27544883
resorcinol,125,0.19766283
resorcinol,120,0.14089257
resorcinol,115,0.09974155
resorcinol,110,0.07012224
resorcinol,105,0.04895680
resorcinol,100,0.03394320
resorcinol,95,0.02337213
resorcinol,90,0.01598418
resorcinol,85,0.01085891
resorcinol,80,0.00732927
resorcinol,75,0.00491591
resorcinol,70,0.00327733
resorcinol,65,0.00217235
resorcinol,60,0.00143208
resorcinol,55,0.00093923
resorcinol,50,0.00061306
resorcinol,45,0.00039841
resorcinol,40,0.00025788
resorcinol,35,0.00016633
resorcinol,30,0.00010694
resorcinol,25,0.00006857
"1,3-bis-(triflouromethyl)-benzene",160,3.01821693
"1,3-bis-(triflouromethyl)-benzene",155,2.36347107
"1,3-bis-(triflouromethyl)-benzene",150,1.84616943
"1,3-bis-(triflouromethyl)-benzene",145,1.43768858
"1,3-bis-(triflouromethyl)-benzene",140,1.11557495
"1,3-bis-(triflouromethyl)-benzene",135,0.86210002
"1,3-bis-(triflouromethyl)-benzene",130,0.66319553
"1,3-bis-(triflouromethyl)-benzene",125,0.50764899
"1,3-bis-(triflouromethyl)-benzene",120,0.38649843
"1,3-bis-(triflouromethyl)-benzene",115,0.29256800
"1,3-bis-(triflouromethyl)-benzene",110,0.22011043
"1,3-bis-(triflouromethyl)-benzene",105,0.16452586
"1,3-bis-(triflouromethyl)-benzene",100,0.12213950
"1,3-bis-(triflouromethyl)-benzene",95,0.09002379
"1,3-bis-(triflouromethyl)-benzene",90,0.06585511
"1,3-bis-(triflouromethyl)-benzene",85,0.04779737
"1,3-bis-(triflouromethyl)-benzene",80,0.03440729
"1,3-bis-(triflouromethyl)-benzene",75,0.02455705
"1,3-bis-(triflouromethyl)-benzene",70,0.01737100
"1,3-bis-(triflouromethyl)-benzene",65,0.01217404
"1,3-bis-(triflouromethyl)-benzene",60,0.00844967
"1,3-bis-(triflouromethyl)-benzene",55,0.00580586
"1,3-bis-(triflouromethyl)-benzene",50,0.00394761
"1,3-bis-(triflouromethyl)-benzene",45,0.00265494
"1,3-bis-(triflouromethyl)-benzene",40,0.00176534
"1,3-bis-(triflouromethyl)-benzene",35,0.00115997
"1,3-bis-(triflouromethyl)-benzene",30,0.00075282
"1,3-bis-(triflouromethyl)-benzene",25,0.00048232
butadiene,160,100.00000000
butadiene,155,63.65073215
butadiene,150,61.47427379
butadiene,145,59.21925248
butadiene,140,56.88665146
butadiene,135,54.47364445
butadiene,130,51.98170417
butadiene,125,49.41369759
butadiene,120,46.76874734
butadiene,115,44.05281309
butadiene,110,41.26980459
butadiene,105,38.42555578
butadiene,100,35.53155633
butadiene,95,32.59980349
butadiene,90,29.64469965
butadiene,85,26.68841610
butadiene,80,23.75402469
butadiene,75,20.87033044
butadiene,70,18.07242025
butadiene,65,15.39706908
butadiene,60,12.88321930
butadiene,55,10.56966861
butadiene,50,8.49019369
butadiene,45,6.66987580
butadiene,40,5.12145413
butadiene,35,3.84334227
butadiene,30,2.81991174
butadiene,25,2.02443154
1-chloroprene,160,51.31522492
1-chloroprene,155,48.77551057
1-chloroprene,150,46.19841528
1-chloroprene,145,43.58807771
1-chloroprene,140,40.95124304
1-chloroprene,135,38.29468203
1-chloroprene,130,35.62496494
1-chloroprene,125,32.95371597
1-chloroprene,120,30.29064705
1-chloroprene,115,27.64880272
1-chloroprene,110,25.04373205
1-chloroprene,105,22.48859995
1-chloroprene,100,20.00321018
1-chloroprene,95,17.60685759
1-chloroprene,90,15.31939061
1-chloroprene,85,13.16181136
1-chloroprene,80,11.15425912
1-chloroprene,75,9.31484501
1-chloroprene,70,7.65852962
1-chloroprene,65,6.19504523
1-chloroprene,60,4.92801449
1-chloroprene,55,3.85432142
1-chloroprene,50,2.96413595
1-chloroprene,45,2.24207278
1-chloroprene,40,1.66874066
1-chloroprene,35,1.22273022
1-chloroprene,30,0.88244073
1-chloroprene,25,0.62752019
"1,3-butanediol",160,1.26831514
"1,3-butanediol",155,0.89887305
"1,3-butanediol",150,0.63325361
"1,3-butanediol",145,0.44330261
"1,3-butanediol",140,0.30827552
"1,3-butanediol",135,0.21291205
"1,3-butanediol",130,0.14602229
"1,3-butanediol",125,0.09943885
"1,3-butanediol",120,0.06723463
"1,3-butanediol",115,0.04513670
"1,3-butanediol",110,0.03008718
"1,3-butanediol",105,0.01991474
"1,3-butanediol",100,0.01309015
"1,3-butanediol",95,0.00854540
"1,3-butanediol",90,0.00554091
"1,3-butanediol",85,0.00356889
"1,3-butanediol",80,0.00228365
"1,3-butanediol",75,0.00145178
"1,3-butanediol",70,0.00091700
"1,3-butanediol",65,0.00057550
"1,3-butanediol",60,0.00035886
"1,3-butanediol",55,0.00022233
"1,3-butanediol",50,0.00013683
"1,3-butanediol",45,0.00008365
"1,3-butanediol",40,0.00005078
"1,3-butanediol",35,0.00003060
"1,3-butanediol",30,0.00001831
"1,3-butanediol",25,0.00001086
"1,3-dichloropropane",160,39.14976292
"1,3-dichloropropane",155,36.03617996
"1,3-dichloropropane",150,32.91070663
"1,3-dichloropropane",145,29.79356576
"1,3-dichloropropane",140,26.70853841
"1,3-dichloropropane",135,23.68293106
"1,3-dichloropropane",130,20.74886043
"1,3-dichloropropane",125,17.94076132
"1,3-dichloropropane",120,15.29402329
"1,3-dichloropropane",115,12.84225684
"1,3-dichloropropane",110,10.61491404
"1,3-dichloropropane",105,8.63327698
"1,3-dichloropropane",100,6.90852173
"1,3-dichloropropane",95,5.44054052
"1,3-dichloropropane",90,4.21835539
"1,3-dichloropropane",85,3.22218954
"1,3-dichloropropane",80,2.42635100
"1,3-dichloropropane",75,1.80228810
"1,3-dichloropropane",70,1.32128107
"1,3-dichloropropane",65,0.95640041
"1,3-dichloropropane",60,0.68369877
"1,3-dichloropropane",55,0.48273667
"1,3-dichloropropane",50,0.33663003
"1,3-dichloropropane",45,0.23179925
"1,3-dichloropropane",40,0.15756383
"1,3-dichloropropane",35,0.10568429
"1,3-dichloropropane",30,0.06991307
"1,3-dichloropropane",25,0.04558788
"1,3-dichloro-2-butene",160,37.45753544
"1,3-dichloro-2-butene",155,34.56959667
"1,3-dichloro-2-butene",150,31.69906487
"1,3-dichloro-2-butene",145,28.86191783
"1,3-dichloro-2-butene",140,26.07430991
"1,3-dichloro-2-butene",135,23.35491082
"1,3-dichloro-2-butene",130,20.72447952
"1,3-dichloro-2-butene",125,18.20388752
"1,3-dichloro-2-butene",120,15.81461991
"1,3-dichloro-2-butene",115,13.57796199
"1,3-dichloro-2-butene",110,11.51273683
"1,3-dichloro-2-butene",105,9.63432088
"1,3-dichloro-2-butene",100,7.95382383
"1,3-dichloro-2-butene",95,6.47620269
"1,3-dichloro-2-butene",90,5.20015861
"1,3-dichloro-2-butene",85,4.11817860
"1,3-dichloro-2-butene",80,3.21727859
"1,3-dichloro-2-butene",75,2.48033686
"1,3-dichloro-2-butene",70,1.88770293
"1,3-dichloro-2-butene",65,1.41878903
"1,3-dichloro-2-butene",60,1.05341817
"1,3-dichloro-2-butene",55,0.77283297
"1,3-dichloro-2-butene",50,0.56031424
"1,3-dichloro-2-butene",45,0.40146891
"1,3-dichloro-2-butene",40,0.28425798
"1,3-dichloro-2-butene",35,0.19885441
"1,3-dichloro-2-butene",30,0.13740385
"1,3-dichloro-2-butene",25,0.09374421
"1,3-dichloro-2-propanol",160,21.28660057
"1,3-dichloro-2-propanol",155,17.53946547
"1,3-dichloro-2-propanol",150,14.16523111
"1,3-dichloro-2-propanol",145,11.22770043
"1,3-dichloro-2-propanol",140,8.75012600
"1,3-dichloro-2-propanol",135,6.71810664
"1,3-dichloro-2-propanol",130,5.09045781
"1,3-dichloro-2-propanol",125,3.81200372
"1,3-dichloro-2-propanol",120,2.82402945
"1,3-dichloro-2-propanol",115,2.07099075
"1,3-dichloro-2-propanol",110,1.50391992
"1,3-dichloro-2-propanol",105,1.08157535
"1,3-dichloro-2-propanol",100,0.77028532
"1,3-dichloro-2-propanol",95,0.54317340
"1,3-dichloro-2-propanol",90,0.37915298
"1,3-dichloro-2-propanol",85,0.26191252
"1,3-dichloro-2-propanol",80,0.17898984
"1,3-dichloro-2-propanol",75,0.12097321
"1,3-dichloro-2-propanol",70,0.08083402
"1,3-dichloro-2-propanol",65,0.05338243
"1,3-dichloro-2-propanol",60,0.03483033
"1,3-dichloro-2-propanol",55,0.02244544
"1,3-dichloro-2-propanol",50,0.01428126
"1,3-dichloro-2-propanol",45,0.00896868
"1,3-dichloro-2-propanol",40,0.00555734
"1,3-dichloro-2-propanol",35,0.00339648
"1,3-dichloro-2-propanol",30,0.00204671
"1,3-dichloro-2-propanol",25,0.00121557
dioxolane,160,51.85694299
dioxolane,155,48.84890493
dioxolane,150,45.76210548
dioxolane,145,42.60996717
dioxolane,140,39.40854391
dioxolane,135,36.17935096
dioxolane,130,32.94786968
dioxolane,125,29.74131731
dioxolane,120,26.58999854
dioxolane,115,23.52650007
dioxolane,110,20.58310924
dioxolane,105,17.79171846
dioxolane,100,15.18129410
dioxolane,95,12.77765467
dioxolane,90,10.60093220
dioxolane,85,8.66453407
dioxolane,80,6.97404814
dioxolane,75,5.52718951
dioxolane,70,4.31356075
dioxolane,65,3.31598379
dioxolane,60,2.51217885
dioxolane,55,1.87678978
dioxolane,50,1.38354876
dioxolane,45,1.00708934
dioxolane,40,0.72424275
dioxolane,35,0.51480780
dioxolane,30,0.36182424
dioxolane,25,0.25149727
1-trans-3-pentadiene,160,56.50546369
1-trans-3-pentadiene,155,53.85080051
1-trans-3-pentadiene,150,51.11534158
1-trans-3-pentadiene,145,48.30162254
1-trans-3-pentadiene,140,45.41532984
1-trans-3-pentadiene,135,42.46454289
1-trans-3-pentadiene,130,39.45921148
1-trans-3-pentadiene,125,36.41281775
1-trans-3-pentadiene,120,33.33984094
1-trans-3-pentadiene,115,30.26187628
1-trans-3-pentadiene,110,27.20290387
1-trans-3-pentadiene,105,24.19048538
1-trans-3-pentadiene,100,21.25612998
1-trans-3-pentadiene,95,18.43406033
1-trans-3-pentadiene,90,15.75971621
1-trans-3-pentadiene,85,13.26772864
1-trans-3-pentadiene,80,10.98894824
1-trans-3-pentadiene,75,8.94758424
1-trans-3-pentadiene,70,7.15909664
1-trans-3-pentadiene,65,5.62781214
1-trans-3-pentadiene,60,4.34721010
1-trans-3-pentadiene,55,3.30088812
1-trans-3-pentadiene,50,2.46504184
1-trans-3-pentadiene,45,1.81151319
1-trans-3-pentadiene,40,1.31075658
1-trans-3-pentadiene,35,0.93425009
1-trans-3-pentadiene,30,0.65614726
1-trans-3-pentadiene,25,0.45415232
propanesultone,160,0.01616332
propanesultone,155,0.01121513
propanesultone,150,0.00771974
propanesultone,145,0.00527005
propanesultone,140,0.00356725
propanesultone,135,0.00239361
propanesultone,130,0.00159173
propanesultone,125,0.00104877
propanesultone,120,0.00068451
propanesultone,115,0.00044245
propanesultone,110,0.00028316
propanesultone,105,0.00017938
propanesultone,100,0.00011246
propanesultone,95,0.00006975
propanesultone,90,0.00004280
propanesultone,85,0.00002597
propanesultone,80,0.00001558
propanesultone,75,0.00000923
propanesultone,70,0.00000541
propanesultone,65,0.00000313
propanesultone,60,0.00000179
propanesultone,55,0.00000101
propanesultone,50,0.00000056
propanesultone,45,0.00000031
propanesultone,40,0.00000017
propanesultone,35,0.00000009
propanesultone,30,0.00000005
propanesultone,25,0.00000002
"1,3-propanediol",160,0.80377257
"1,3-propanediol",155,0.56505889
"1,3-propanediol",150,0.39487048
"1,3-propanediol",145,0.27421573
"1,3-propanediol",140,0.18919893
"1,3-propanediol",135,0.12968086
"1,3-propanediol",130,0.08829418
"1,3-propanediol",125,0.05971419
"1,3-propanediol",120,0.04011633
"1,3-propanediol",115,0.02677240
"1,3-propanediol",110,0.01775060
"1,3-propanediol",105,0.01169352
"1,3-propanediol",100,0.00765486
"1,3-propanediol",95,0.00498021
"1,3-propanediol",90,0.00322058
"1,3-propanediol",85,0.00207041
"1,3-propanediol",80,0.00132333
"1,3-propanediol",75,0.00084104
"1,3-propanediol",70,0.00053154
"1,3-propanediol",65,0.00033408
"1,3-propanediol",60,0.00020883
"1,3-propanediol",55,0.00012981
"1,3-propanediol",50,0.00008024
"1,3-propanediol",45,0.00004932
"1,3-propanediol",40,0.00003014
"1,3-propanediol",35,0.00001830
"1,3-propanediol",30,0.00001104
"1,3-propanediol",25,0.00000662
"1,4-butadiol",160,0.84918576
"1,4-butadiol",155,0.60398726
"1,4-butadiol",150,0.42710818
"1,4-butadiol",145,0.30020478
"1,4-butadiol",140,0.20969314
"1,4-butadiol",135,0.14554029
"1,4-butadiol",130,0.10036547
"1,4-butadiol",125,0.06876665
"1,4-butadiol",120,0.04681353
"1,4-butadiol",115,0.03166553
"1,4-butadiol",110,0.02128420
"1,4-butadiol",105,0.01421755
"1,4-butadiol",100,0.00943921
"1,4-butadiol",95,0.00622932
"1,4-butadiol",90,0.00408686
"1,4-butadiol",85,0.00266581
"1,4-butadiol",80,0.00172902
"1,4-butadiol",75,0.00111516
"1,4-butadiol",70,0.00071525
"1,4-butadiol",65,0.00045622
"1,4-butadiol",60,0.00028938
"1,4-butadiol",55,0.00018252
"1,4-butadiol",50,0.00011447
"1,4-butadiol",45,0.00007136
"1,4-butadiol",40,0.00004422
"1,4-butadiol",35,0.00002722
"1,4-butadiol",30,0.00001664
"1,4-butadiol",25,0.00001010
"1,4-dichlorobutane",160,33.12956417
"1,4-dichlorobutane",155,29.94443624
"1,4-dichlorobutane",150,26.80865937
"1,4-dichlorobutane",145,23.75172725
"1,4-dichlorobutane",140,20.80530518
"1,4-dichlorobutane",135,18.00273224
"1,4-dichlorobutane",130,15.37634176
"1,4-dichlorobutane",125,12.95566566
"1,4-dichlorobutane",120,10.76404741
"1,4-dichlorobutane",115,8.81708029
"1,4-dichlorobutane",110,7.12079792
"1,4-dichlorobutane",105,5.67143528
"1,4-dichlorobutane",100,4.45643935
"1,4-dichlorobutane",95,3.45638740
"1,4-dichlorobutane",90,2.64735128
"1,4-dichlorobutane",85,2.00334300
"1,4-dichlorobutane",80,1.49836703
"1,4-dichlorobutane",75,1.10794913
"1,4-dichlorobutane",70,0.81008206
"1,4-dichlorobutane",65,0.58568403
"1,4-dichlorobutane",60,0.41868883
"1,4-dichlorobutane",55,0.29589407
"1,4-dichlorobutane",50,0.20667132
"1,4-dichlorobutane",45,0.14261606
"1,4-dichlorobutane",40,0.09718805
"1,4-dichlorobutane",35,0.06537248
"1,4-dichlorobutane",30,0.04337783
"1,4-dichlorobutane",25,0.02837643
hydroquinone,160,0.67314492
hydroquinone,155,0.48949365
hydroquinone,150,0.35377055
hydroquinone,145,0.25400605
hydroquinone,140,0.18111699
hydroquinone,135,0.12821552
hydroquinone,130,0.09009214
hydroquinone,125,0.06282314
hydroquinone,120,0.04346914
hydroquinone,115,0.02984234
hydroquinone,110,0.02032617
hydroquinone,105,0.01373558
hydroquinone,100,0.00920921
hydroquinone,95,0.00612650
hydroquinone,90,0.00404450
hydroquinone,85,0.00264996
hydroquinone,80,0.00172352
hydroquinone,75,0.00111296
hydroquinone,70,0.00071373
hydroquinone,65,0.00045467
hydroquinone,60,0.00028779
hydroquinone,55,0.00018106
hydroquinone,50,0.00011325
hydroquinone,45,0.00007046
hydroquinone,40,0.00004361
hydroquinone,35,0.00002686
hydroquinone,30,0.00001647
hydroquinone,25,0.00001006
dioxane,160,48.36001504
dioxane,155,45.51256635
dioxane,150,42.62383596
dioxane,145,39.70537246
dioxane,140,36.77197788
dioxane,135,33.83563488
dioxane,130,30.91459968
dioxane,125,28.02866142
dioxane,120,25.19814104
dioxane,115,22.44543487
dioxane,110,19.79377097
dioxane,105,17.26661607
dioxane,100,14.88659788
dioxane,95,12.67500394
dioxane,90,10.64986123
dioxane,85,8.82479303
dioxane,80,7.20803842
dioxane,75,5.80175499
dioxane,70,4.60145754
dioxane,65,3.59643797
dioxane,60,2.77091066
dioxane,55,2.10535204
dioxane,50,1.57830472
dioxane,45,1.16797707
dioxane,40,0.85359050
dioxane,35,0.61630253
dioxane,30,0.43972232
dioxane,25,0.31007193
dioxane,160,48.36001504
dioxane,155,45.51256635
dioxane,150,42.62383596
dioxane,145,39.70537246
dioxane,140,36.77197788
dioxane,135,33.83563488
dioxane,130,30.91459968
dioxane,125,28.02866142
dioxane,120,25.19814104
dioxane,115,22.44543487
dioxane,110,19.79377097
dioxane,105,17.26661607
dioxane,100,14.88659788
dioxane,95,12.67500394
dioxane,90,10.64986123
dioxane,85,8.82479303
dioxane,80,7.20803842
dioxane,75,5.80175499
dioxane,70,4.60145754
dioxane,65,3.59643797
dioxane,60,2.77091066
dioxane,55,2.10535204
dioxane,50,1.57830472
dioxane,45,1.16797707
dioxane,40,0.85359050
dioxane,35,0.61630253
dioxane,30,0.43972232
dioxane,25,0.31007193
"1,4-oxathiane",160,45.74443281
"1,4-oxathiane",155,43.07619560
"1,4-oxathiane",150,40.39031976
"1,4-oxathiane",145,37.69191459
"1,4-oxathiane",140,34.99096002
"1,4-oxathiane",135,32.29762167
"1,4-oxathiane",130,29.62401454
"1,4-oxathiane",125,26.98163519
"1,4-oxathiane",120,24.38506471
"1,4-oxathiane",115,21.85105029
"1,4-oxathiane",110,19.39718729
"1,4-oxathiane",105,17.04131702
"1,4-oxathiane",100,14.80274278
"1,4-oxathiane",95,12.70078264
"1,4-oxathiane",90,10.75328330
"1,4-oxathiane",85,8.97605216
"1,4-oxathiane",80,7.38118251
"1,4-oxathiane",75,5.97580931
"1,4-oxathiane",70,4.76151589
"1,4-oxathiane",65,3.73340664
"1,4-oxathiane",60,2.88086026
"1,4-oxathiane",55,2.18836513
"1,4-oxathiane",50,1.63709432
"1,4-oxathiane",45,1.20665044
"1,4-oxathiane",40,0.87666418
"1,4-oxathiane",35,0.62803652
"1,4-oxathiane",30,0.44375478
"1,4-oxathiane",25,0.30928230
"1,5-dichloro-pentane",160,28.02801897
"1,5-dichloro-pentane",155,24.92389036
"1,5-dichloro-pentane",150,21.93547509
"1,5-dichloro-pentane",145,19.09360210
"1,5-dichloro-pentane",140,16.42811674
"1,5-dichloro-pentane",135,13.96514218
"1,5-dichloro-pentane",130,11.72541305
"1,5-dichloro-pentane",125,9.72254357
"1,5-dichloro-pentane",120,7.96190151
"1,5-dichloro-pentane",115,6.44046474
"1,5-dichloro-pentane",110,5.14762239
"1,5-dichloro-pentane",105,4.06668301
"1,5-dichloro-pentane",100,3.17673063
"1,5-dichloro-pentane",95,2.45459862
"1,5-dichloro-pentane",90,1.87659314
"1,5-dichloro-pentane",85,1.41986428
"1,5-dichloro-pentane",80,1.06333586
"1,5-dichloro-pentane",75,0.78824524
"1,5-dichloro-pentane",70,0.57836326
"1,5-dichloro-pentane",65,0.41998398
"1,5-dichloro-pentane",60,0.30176374
"1,5-dichloro-pentane",55,0.21447743
"1,5-dichloro-pentane",50,0.15073882
"1,5-dichloro-pentane",45,0.10471757
"1,5-dichloro-pentane",40,0.07187231
"1,5-dichloro-pentane",35,0.04871070
"1,5-dichloro-pentane",30,0.03258048
"1,5-dichloro-pentane",25,0.02149255
"1,8-cineole",160,14.76411726
"1,8-cineole",155,12.34423343
"1,8-cineole",150,10.23333290
"1,8-cineole",145,8.41534756
"1,8-cineole",140,6.86759531
"1,8-cineole",135,5.56361103
"1,8-cineole",130,4.47543068
"1,8-cineole",125,3.57529517
"1,8-cineole",120,2.83680967
"1,8-cineole",115,2.23565382
"1,8-cineole",110,1.74995034
"1,8-cineole",105,1.36038991
"1,8-cineole",100,1.05019243
"1,8-cineole",95,0.80496541
"1,8-cineole",90,0.61250435
"1,8-cineole",85,0.46256463
"1,8-cineole",80,0.34662732
"1,8-cineole",75,0.25767073
"1,8-cineole",70,0.18995626
"1,8-cineole",65,0.13883295
"1,8-cineole",60,0.10056252
"1,8-cineole",55,0.07216535
"1,8-cineole",50,0.05128668
"1,8-cineole",45,0.03608177
"1,8-cineole",40,0.02511839
"1,8-cineole",35,0.01729492
"1,8-cineole",30,0.01177225
"1,8-cineole",25,0.00791758
1-9-nonanediol,160,0.91024861
1-9-nonanediol,155,0.65303199
1-9-nonanediol,150,0.46452126
1-9-nonanediol,145,0.32747255
1-9-nonanediol,140,0.22869901
1-9-nonanediol,135,0.15816665
1-9-nonanediol,130,0.10828949
1-9-nonanediol,125,0.07337625
1-9-nonanediol,120,0.04919440
1-9-nonanediol,115,0.03262684
1-9-nonanediol,110,0.02140207
1-9-nonanediol,105,0.01388327
1-9-nonanediol,100,0.00890488
1-9-nonanediol,95,0.00564700
1-9-nonanediol,90,0.00354015
1-9-nonanediol,85,0.00219383
1-9-nonanediol,80,0.00134379
1-9-nonanediol,75,0.00081353
1-9-nonanediol,70,0.00048673
1-9-nonanediol,65,0.00028777
1-9-nonanediol,60,0.00016811
1-9-nonanediol,55,0.00009702
1-9-nonanediol,50,0.00005531
1-9-nonanediol,45,0.00003114
1-9-nonanediol,40,0.00001731
1-9-nonanediol,35,0.00000950
1-9-nonanediol,30,0.00000515
1-9-nonanediol,25,0.00000275
1-aminocyclopropanecarboxylicacid,160,0.37656933
1-aminocyclopropanecarboxylicacid,155,0.27513723
1-aminocyclopropanecarboxylicacid,150,0.19974882
1-aminocyclopropanecarboxylicacid,145,0.14403106
1-aminocyclopropanecarboxylicacid,140,0.10310705
1-aminocyclopropanecarboxylicacid,135,0.07325153
1-aminocyclopropanecarboxylicacid,130,0.05162820
1-aminocyclopropanecarboxylicacid,125,0.03608708
1-aminocyclopropanecarboxylicacid,120,0.02500743
1-aminocyclopropanecarboxylicacid,115,0.01717514
1-aminocyclopropanecarboxylicacid,110,0.01168718
1-aminocyclopropanecarboxylicacid,105,0.00787702
1-aminocyclopropanecarboxylicacid,100,0.00525681
1-aminocyclopropanecarboxylicacid,95,0.00347261
1-aminocyclopropanecarboxylicacid,90,0.00227001
1-aminocyclopropanecarboxylicacid,85,0.00146790
1-aminocyclopropanecarboxylicacid,80,0.00093869
1-aminocyclopropanecarboxylicacid,75,0.00059342
1-aminocyclopropanecarboxylicacid,70,0.00037074
1-aminocyclopropanecarboxylicacid,65,0.00022882
1-aminocyclopropanecarboxylicacid,60,0.00013947
1-aminocyclopropanecarboxylicacid,55,0.00008392
1-aminocyclopropanecarboxylicacid,50,0.00004983
1-aminocyclopropanecarboxylicacid,45,0.00002919
1-aminocyclopropanecarboxylicacid,40,0.00001686
1-aminocyclopropanecarboxylicacid,35,0.00000960
1-aminocyclopropanecarboxylicacid,30,0.00000538
1-aminocyclopropanecarboxylicacid,25,0.00000297
1-bromonaphthalene,160,20.58939138
1-bromonaphthalene,155,18.18235647
1-bromonaphthalene,150,15.92453512
1-bromonaphthalene,145,13.82703006
1-bromonaphthalene,140,11.89855718
1-bromonaphthalene,135,10.14478357
1-bromonaphthalene,130,8.56810622
1-bromonaphthalene,125,7.16749844
1-bromonaphthalene,120,5.93843275
1-bromonaphthalene,115,4.87307786
1-bromonaphthalene,110,3.96090511
1-bromonaphthalene,105,3.18927497
1-bromonaphthalene,100,2.54421260
1-bromonaphthalene,95,2.01110771
1-bromonaphthalene,90,1.57538686
1-bromonaphthalene,85,1.22305590
1-bromonaphthalene,80,0.94109061
1-bromonaphthalene,75,0.71769752
1-bromonaphthalene,70,0.54244154
1-bromonaphthalene,65,0.40627457
1-bromonaphthalene,60,0.30148966
1-bromonaphthalene,55,0.22162556
1-bromonaphthalene,50,0.16134249
1-bromonaphthalene,45,0.11628542
1-bromonaphthalene,40,0.08294598
1-bromonaphthalene,35,0.05853092
1-bromonaphthalene,30,0.04084157
1-bromonaphthalene,25,0.02816661
1-bromopropane,160,100.00000000
1-bromopropane,155,100.00000000
1-bromopropane,150,42.42448862
1-bromopropane,145,40.27131420
1-bromopropane,140,38.13083960
1-bromopropane,135,36.00552563
1-bromopropane,130,33.89803282
1-bromopropane,125,31.81212887
1-bromopropane,120,29.75084302
1-bromopropane,115,27.71723102
1-bromopropane,110,25.71468768
1-bromopropane,105,23.74715535
1-bromopropane,100,21.81820314
1-bromopropane,95,19.93364373
1-bromopropane,90,18.09910461
1-bromopropane,85,16.31878165
1-bromopropane,80,14.59857648
1-bromopropane,75,12.94757620
1-bromopropane,70,11.37173413
1-bromopropane,65,9.87973267
1-bromopropane,60,8.47960785
1-bromopropane,55,7.18047933
1-bromopropane,50,5.99053050
1-bromopropane,45,4.91704063
1-bromopropane,40,3.96554026
1-bromopropane,35,3.13889448
1-bromopropane,30,2.43639073
1-bromopropane,25,1.85353828
butanethiol,160,51.13842256
butanethiol,155,48.64346178
butanethiol,150,46.11504665
butanethiol,145,43.55954276
butanethiol,140,40.98212522
butanethiol,135,38.38976153
butanethiol,130,35.78824728
butanethiol,125,33.18738249
butanethiol,120,30.59547437
butanethiol,115,28.02509614
butanethiol,110,25.48840473
butanethiol,105,22.99783819
butanethiol,100,20.56998703
butanethiol,95,18.22132296
butanethiol,90,15.97009818
butanethiol,85,13.83447359
butanethiol,80,11.83281753
butanethiol,75,9.98239202
butanethiol,70,8.29823822
butanethiol,65,6.79165798
butanethiol,60,5.46901570
butanethiol,55,4.33115617
butanethiol,50,3.37258858
butanethiol,45,2.58226340
butanethiol,40,1.94448272
butanethiol,35,1.44049311
butanethiol,30,1.05021117
butanethiol,25,0.75377667
1-butanol,160,19.54337832
1-butanol,155,14.75430276
1-butanol,150,10.87220070
1-butanol,145,7.85442846
1-butanol,140,5.58246851
1-butanol,135,3.91312212
1-butanol,130,2.70955954
1-butanol,125,1.85510660
1-butanol,120,1.25649805
1-butanol,115,0.84214031
1-butanol,110,0.55855951
1-butanol,105,0.36661290
1-butanol,100,0.23810519
1-butanol,95,0.15300774
1-butanol,90,0.09727476
1-butanol,85,0.06117718
1-butanol,80,0.03805781
1-butanol,75,0.02341680
1-butanol,70,0.01424966
1-butanol,65,0.00857504
1-butanol,60,0.00510246
1-butanol,55,0.00300181
1-butanol,50,0.00174577
1-butanol,45,0.00100350
1-butanol,40,0.00057001
1-butanol,35,0.00031988
1-butanol,30,0.00017730
1-butanol,25,0.00009703
1-butene,160,59.09778821
1-butene,155,56.18492435
1-butene,150,53.12753121
1-butene,145,49.92889352
1-butene,140,46.59527991
1-butene,135,43.13714597
1-butene,130,39.57311888
1-butene,125,35.92884970
1-butene,120,32.23994215
1-butene,115,28.55115982
1-butene,110,24.91714241
1-butene,105,21.40025849
1-butene,100,18.06539578
1-butene,95,14.97484556
1-butene,90,12.18166126
1-butene,85,9.72287028
1-butene,80,7.61598045
1-butene,75,5.85788853
1-butene,70,4.42772083
1-butene,65,3.29175112
1-butene,60,2.40909283
1-butene,55,1.73693326
1-butene,50,1.23442398
1-butene,45,0.86508977
1-butene,40,0.59793165
1-butene,35,0.40759837
1-butene,30,0.27398570
1-butene,25,0.18155064
1-chloropentane,160,32.74553853
1-chloropentane,155,29.18928768
1-chloropentane,150,25.72587617
1-chloropentane,145,22.40238325
1-chloropentane,140,19.26489386
1-chloropentane,135,16.35477380
1-chloropentane,130,13.70492403
1-chloropentane,125,11.33703740
1-chloropentane,120,9.26032927
1-chloropentane,115,7.47184371
1-chloropentane,110,5.95806478
1-chloropentane,105,4.69752684
1-chloropentane,100,3.66368222
1-chloropentane,95,2.82762761
1-chloropentane,90,2.16031692
1-chloropentane,85,1.63417013
1-chloropentane,80,1.22408836
1-chloropentane,75,0.90797506
1-chloropentane,70,0.66688645
1-chloropentane,65,0.48493367
1-chloropentane,60,0.34903471
1-chloropentane,55,0.24859071
1-chloropentane,50,0.17513732
1-chloropentane,45,0.12200370
1-chloropentane,40,0.08399777
1-chloropentane,35,0.05712695
1-chloropentane,30,0.03835742
1-chloropentane,25,0.02541136
1-chloro-1-nitroethane,160,39.92689939
1-chloro-1-nitroethane,155,36.75152373
1-chloro-1-nitroethane,150,33.55313739
1-chloro-1-nitroethane,145,30.35257391
1-chloro-1-nitroethane,140,27.17514792
1-chloro-1-nitroethane,135,24.05164185
1-chloro-1-nitroethane,130,21.01773423
1-chloro-1-nitroethane,125,18.11217270
1-chloro-1-nitroethane,120,15.37495636
1-chloro-1-nitroethane,115,12.84405937
1-chloro-1-nitroethane,110,10.55246804
1-chloro-1-nitroethane,105,8.52354665
1-chloro-1-nitroethane,100,6.76880789
1-chloro-1-nitroethane,95,5.28675280
1-chloro-1-nitroethane,90,4.06369131
1-chloro-1-nitroethane,85,3.07642019
1-chloro-1-nitroethane,80,2.29573928
1-chloro-1-nitroethane,75,1.69000058
1-chloro-1-nitroethane,70,1.22806712
1-chloro-1-nitroethane,65,0.88133876
1-chloro-1-nitroethane,60,0.62487010
1-chloro-1-nitroethane,55,0.43775514
1-chloro-1-nitroethane,50,0.30301924
1-chloro-1-nitroethane,45,0.20722974
1-chloro-1-nitroethane,40,0.13998229
1-chloro-1-nitroethane,35,0.09336579
1-chloro-1-nitroethane,30,0.06146316
1-chloro-1-nitroethane,25,0.03991558
1-chloro-1-nitropropane,160,37.02191857
1-chloro-1-nitropropane,155,34.02580072
1-chloro-1-nitropropane,150,31.04389487
1-chloro-1-nitropropane,145,28.09454397
1-chloro-1-nitropropane,140,25.19827793
1-chloro-1-nitropropane,135,22.37848373
1-chloro-1-nitropropane,130,19.66131195
1-chloro-1-nitropropane,125,17.07278500
1-chloro-1-nitropropane,120,14.63986763
1-chloro-1-nitropropane,115,12.38720939
1-chloro-1-nitropropane,110,10.33567281
1-chloro-1-nitropropane,105,8.50069869
1-chloro-1-nitropropane,100,6.89014101
1-chloro-1-nitropropane,95,5.50395917
1-chloro-1-nitropropane,90,4.33410756
1-chloro-1-nitropropane,85,3.36567305
1-chloro-1-nitropropane,80,2.57871428
1-chloro-1-nitropropane,75,1.95037630
1-chloro-1-nitropropane,70,1.45689144
1-chloro-1-nitropropane,65,1.07524350
1-chloro-1-nitropropane,60,0.78431102
1-chloro-1-nitropropane,55,0.56552517
1-chloro-1-nitropropane,50,0.40311207
1-chloro-1-nitropropane,45,0.28404570
1-chloro-1-nitropropane,40,0.19782060
1-chloro-1-nitropropane,35,0.13613409
1-chloro-1-nitropropane,30,0.09253984
1-chloro-1-nitropropane,25,0.06211244
1-chloro-2-ethoxybenzene,160,28.86740405
1-chloro-2-ethoxybenzene,155,26.10291037
1-chloro-2-ethoxybenzene,150,23.42788055
1-chloro-2-ethoxybenzene,145,20.85840744
1-chloro-2-ethoxybenzene,140,18.41190992
1-chloro-2-ethoxybenzene,135,16.10412972
1-chloro-2-ethoxybenzene,130,13.94988705
1-chloro-2-ethoxybenzene,125,11.96153749
1-chloro-2-ethoxybenzene,120,10.14873966
1-chloro-2-ethoxybenzene,115,8.51744893
1-chloro-2-ethoxybenzene,110,7.06933985
1-chloro-2-ethoxybenzene,105,5.80190551
1-chloro-2-ethoxybenzene,100,4.70844865
1-chloro-2-ethoxybenzene,95,3.77855283
1-chloro-2-ethoxybenzene,90,2.99893838
1-chloro-2-ethoxybenzene,85,2.35435311
1-chloro-2-ethoxybenzene,80,1.82856301
1-chloro-2-ethoxybenzene,75,1.40522566
1-chloro-2-ethoxybenzene,70,1.06863125
1-chloro-2-ethoxybenzene,65,0.80422670
1-chloro-2-ethoxybenzene,60,0.59895445
1-chloro-2-ethoxybenzene,55,0.44140702
1-chloro-2-ethoxybenzene,50,0.32184663
1-chloro-2-ethoxybenzene,45,0.23212720
1-chloro-2-ethoxybenzene,40,0.16555527
1-chloro-2-ethoxybenzene,35,0.11671949
1-chloro-2-ethoxybenzene,30,0.08130971
1-chloro-2-ethoxybenzene,25,0.05594071
1-chloro-2-ethylbenzene,160,28.91113025
1-chloro-2-ethylbenzene,155,25.92472581
1-chloro-2-ethylbenzene,150,23.04453934
1-chloro-2-ethylbenzene,145,20.29472651
1-chloro-2-ethylbenzene,140,17.69838149
1-chloro-2-ethylbenzene,135,15.27657466
1-chloro-2-ethylbenzene,130,13.04683311
1-chloro-2-ethylbenzene,125,11.02180259
1-chloro-2-ethylbenzene,120,9.20881749
1-chloro-2-ethylbenzene,115,7.60925120
1-chloro-2-ethylbenzene,110,6.21853797
1-chloro-2-ethylbenzene,105,5.02691546
1-chloro-2-ethylbenzene,100,4.02033580
1-chloro-2-ethylbenzene,95,3.18173801
1-chloro-2-ethylbenzene,90,2.49230138
1-chloro-2-ethylbenzene,85,1.93264898
1-chloro-2-ethylbenzene,80,1.48383589
1-chloro-2-ethylbenzene,75,1.12807642
1-chloro-2-ethylbenzene,70,0.84922491
1-chloro-2-ethylbenzene,65,0.63302483
1-chloro-2-ethylbenzene,60,0.46718085
1-chloro-2-ethylbenzene,55,0.34130200
1-chloro-2-ethylbenzene,50,0.24676138
1-chloro-2-ethylbenzene,45,0.17650968
1-chloro-2-ethylbenzene,40,0.12486930
1-chloro-2-ethylbenzene,35,0.08732874
1-chloro-2-ethylbenzene,30,0.06034871
1-chloro-2-ethylbenzene,25,0.04118701
1-chloro-2-methyl-1-propene,160,46.40280139
1-chloro-2-methyl-1-propene,155,43.41278519
1-chloro-2-methyl-1-propene,150,40.37706178
1-chloro-2-methyl-1-propene,145,37.30869032
1-chloro-2-methyl-1-propene,140,34.22324022
1-chloro-2-methyl-1-propene,135,31.13982405
1-chloro-2-methyl-1-propene,130,28.08129391
1-chloro-2-methyl-1-propene,125,25.07310053
1-chloro-2-methyl-1-propene,120,22.14425681
1-chloro-2-methyl-1-propene,115,19.32636527
1-chloro-2-methyl-1-propene,110,16.65162891
1-chloro-2-methyl-1-propene,105,14.15100652
1-chloro-2-methyl-1-propene,100,11.85262537
1-chloro-2-methyl-1-propene,95,9.77880881
1-chloro-2-methyl-1-propene,90,7.94425419
1-chloro-2-methyl-1-propene,85,6.35426546
1-chloro-2-methyl-1-propene,80,5.00468922
1-chloro-2-methyl-1-propene,75,3.88261286
1-chloro-2-methyl-1-propene,70,2.96822211
1-chloro-2-methyl-1-propene,65,2.23722114
1-chloro-2-methyl-1-propene,60,1.66330859
1-chloro-2-methyl-1-propene,55,1.22030957
1-chloro-2-methyl-1-propene,50,0.88376659
1-chloro-2-methyl-1-propene,45,0.63191341
1-chloro-2-methyl-1-propene,40,0.44612265
1-chloro-2-methyl-1-propene,35,0.31095289
1-chloro-2-methyl-1-propene,30,0.21393966
1-chloro-2-methyl-1-propene,25,0.14524696
1-chloro-4-ethoxybenzene,160,28.17746109
1-chloro-4-ethoxybenzene,155,25.39808086
1-chloro-4-ethoxybenzene,150,22.71635406
1-chloro-4-ethoxybenzene,145,20.15060587
1-chloro-4-ethoxybenzene,140,17.71773594
1-chloro-4-ethoxybenzene,135,15.43399255
1-chloro-4-ethoxybenzene,130,13.31335766
1-chloro-4-ethoxybenzene,125,11.36738723
1-chloro-4-ethoxybenzene,120,9.60409828
1-chloro-4-ethoxybenzene,115,8.02723267
1-chloro-4-ethoxybenzene,110,6.63636269
1-chloro-4-ethoxybenzene,105,5.42660974
1-chloro-4-ethoxybenzene,100,4.38913172
1-chloro-4-ethoxybenzene,95,3.51176104
1-chloro-4-ethoxybenzene,90,2.77990555
1-chloro-4-ethoxybenzene,85,2.17753744
1-chloro-4-ethoxybenzene,80,1.68810341
1-chloro-4-ethoxybenzene,75,1.29534358
1-chloro-4-ethoxybenzene,70,0.98391786
1-chloro-4-ethoxybenzene,65,0.73982768
1-chloro-4-ethoxybenzene,60,0.55065866
1-chloro-4-ethoxybenzene,55,0.40566489
1-chloro-4-ethoxybenzene,50,0.29573902
1-chloro-4-ethoxybenzene,45,0.21330458
1-chloro-4-ethoxybenzene,40,0.15216257
1-chloro-4-ethoxybenzene,35,0.10731742
1-chloro-4-ethoxybenzene,30,0.07479969
1-chloro-4-ethoxybenzene,25,0.05149717
1-chlorobutane,160,43.06589954
1-chlorobutane,155,39.81285681
1-chlorobutane,150,36.52387421
1-chlorobutane,145,33.22241411
1-chlorobutane,140,29.93452650
1-chlorobutane,135,26.69245250
1-chlorobutane,130,23.53199539
1-chlorobutane,125,20.49110270
1-chlorobutane,120,17.60895489
1-chlorobutane,115,14.92241909
1-chlorobutane,110,12.46376365
1-chlorobutane,105,10.25686217
1-chlorobutane,100,8.31571546
1-chlorobutane,95,6.64302661
1-chlorobutane,90,5.23063341
1-chlorobutane,85,4.06125981
1-chlorobutane,80,3.11107192
1-chlorobutane,75,2.35246480
1-chlorobutane,70,1.75669794
1-chlorobutane,65,1.29594597
1-chlorobutane,60,0.94470854
1-chlorobutane,55,0.68058329
1-chlorobutane,50,0.48454601
1-chlorobutane,45,0.34088365
1-chlorobutane,40,0.23691639
1-chlorobutane,35,0.16261471
1-chlorobutane,30,0.11018433
1-chlorobutane,25,0.07366471
1-chlorohexane,160,22.94499771
1-chlorohexane,155,19.61452648
1-chlorohexane,150,16.56559347
1-chlorohexane,145,13.82705785
1-chlorohexane,140,11.41199713
1-chlorohexane,135,9.31856906
1-chlorohexane,130,7.53255794
1-chlorohexane,125,6.03077172
1-chlorohexane,120,4.78452629
1-chlorohexane,115,3.76268952
1-chlorohexane,110,2.93403720
1-chlorohexane,105,2.26888571
1-chlorohexane,100,1.74009047
1-chlorohexane,95,1.32354866
1-chlorohexane,90,0.99834751
1-chlorohexane,85,0.74667925
1-chlorohexane,80,0.55361654
1-chlorohexane,75,0.40681468
1-chlorohexane,70,0.29618763
1-chlorohexane,65,0.21358562
1-chlorohexane,60,0.15249196
1-chlorohexane,55,0.10774834
1-chlorohexane,50,0.07531234
1-chlorohexane,45,0.05204762
1-chlorohexane,40,0.03554564
1-chlorohexane,35,0.02397604
1-chlorohexane,30,0.01596290
1-chlorohexane,25,0.01048356
1-chloronaphthalene,160,28.25332988
1-chloronaphthalene,155,25.56205291
1-chloronaphthalene,150,22.96349864
1-chloronaphthalene,145,20.47214144
1-chloronaphthalene,140,18.10297982
1-chloronaphthalene,135,15.86965744
1-chloronaphthalene,130,13.78495038
1-chloronaphthalene,125,11.85925231
1-chloronaphthalene,120,10.10076817
1-chloronaphthalene,115,8.51445873
1-chloronaphthalene,110,7.10163706
1-chloronaphthalene,105,5.85992331
1-chloronaphthalene,100,4.78334372
1-chloronaphthalene,95,3.86265734
1-chloronaphthalene,90,3.08595855
1-chloronaphthalene,85,2.43946477
1-chloronaphthalene,80,1.90836299
1-chloronaphthalene,75,1.47756579
1-chloronaphthalene,70,1.13239531
1-chloronaphthalene,65,0.85909856
1-chloronaphthalene,60,0.64518705
1-chloronaphthalene,55,0.47962727
1-chloronaphthalene,50,0.35289645
1-chloronaphthalene,45,0.25694306
1-chloronaphthalene,40,0.18508249
1-chloronaphthalene,35,0.13185529
1-chloronaphthalene,30,0.09286926
1-chloronaphthalene,25,0.06463997
1-chloro-1-propene,160,55.56816604
1-chloro-1-propene,155,53.08587010
1-chloro-1-propene,150,50.54500768
1-chloro-1-propene,145,47.94736382
1-chloro-1-propene,140,45.29911012
1-chloro-1-propene,135,42.60252781
1-chloro-1-propene,130,39.86599487
1-chloro-1-propene,125,37.09650072
1-chloro-1-propene,120,34.30252047
1-chloro-1-propene,115,31.49846399
1-chloro-1-propene,110,28.69717216
1-chloro-1-propene,105,25.91641791
1-chloro-1-propene,100,23.17443799
1-chloro-1-propene,95,20.49524256
1-chloro-1-propene,90,17.90438884
1-chloro-1-propene,85,15.42876702
1-chloro-1-propene,80,13.09744944
1-chloro-1-propene,75,10.93816281
1-chloro-1-propene,70,8.97606387
1-chloro-1-propene,65,7.23077339
1-chloro-1-propene,60,5.71408271
1-chloro-1-propene,55,4.42841678
1-chloro-1-propene,50,3.36604344
1-chloro-1-propene,45,2.51038352
1-chloro-1-propene,40,1.83814352
1-chloro-1-propene,35,1.32236615
1-chloro-1-propene,30,0.93532583
1-chloro-1-propene,25,0.65082865
1-decanol,160,3.68597537
1-decanol,155,2.77881435
1-decanol,150,2.07879843
1-decanol,145,1.54268486
1-decanol,140,1.13527738
1-decanol,135,0.82818284
1-decanol,130,0.59866692
1-decanol,125,0.42866354
1-decanol,120,0.30392192
1-decanol,115,0.21328981
1-decanol,110,0.14811426
1-decanol,105,0.10174342
1-decanol,100,0.06911473
1-decanol,95,0.04641610
1-decanol,90,0.03080955
1-decanol,85,0.02020739
1-decanol,80,0.01309285
1-decanol,75,0.00837815
1-decanol,70,0.00529348
1-decanol,65,0.00330138
1-decanol,60,0.00203182
1-decanol,55,0.00123360
1-decanol,50,0.00073861
1-decanol,45,0.00043595
1-decanol,40,0.00025355
1-decanol,35,0.00014524
1-decanol,30,0.00008190
1-decanol,25,0.00004544
1-decene,160,4.09757948
1-decene,155,3.24052319
1-decene,150,2.55223282
1-decene,145,2.00114370
1-decene,140,1.56143604
1-decene,135,1.21198018
1-decene,130,0.93547292
1-decene,125,0.71774810
1-decene,120,0.54721589
1-decene,115,0.41441164
1-decene,110,0.31162442
1-decene,105,0.23259214
1-decene,100,0.17224929
1-decene,95,0.12651725
1-decene,90,0.09212941
1-decene,85,0.06648499
1-decene,80,0.04752691
1-decene,75,0.03363973
1-decene,70,0.02356458
1-decene,65,0.01632860
1-decene,60,0.01118657
1-decene,55,0.00757301
1-decene,50,0.00506308
1-decene,45,0.00334097
1-decene,40,0.00217451
1-decene,35,0.00139504
1-decene,30,0.00088152
1-decene,25,0.00054823
1-heptanol,160,7.81088014
1-heptanol,155,5.82322372
1-heptanol,150,4.29779040
1-heptanol,145,3.14189346
1-heptanol,140,2.27563513
1-heptanol,135,1.63298471
1-heptanol,130,1.16084329
1-heptanol,125,0.81730835
1-heptanol,120,0.56978152
1-heptanol,115,0.39320840
1-heptanol,110,0.26854090
1-heptanol,105,0.18144967
1-heptanol,100,0.12126926
1-heptanol,95,0.08014776
1-heptanol,90,0.05236988
1-heptanol,85,0.03382436
1-heptanol,80,0.02158970
1-heptanol,75,0.01361584
1-heptanol,70,0.00848268
1-heptanol,65,0.00521936
1-heptanol,60,0.00317099
1-heptanol,55,0.00190175
1-heptanol,50,0.00112556
1-heptanol,45,0.00065720
1-heptanol,40,0.00037843
1-heptanol,35,0.00021481
1-heptanol,30,0.00012015
1-heptanol,25,0.00006618
1-heptene,160,17.83297139
1-heptene,155,14.57568113
1-heptene,150,11.79303413
1-heptene,145,9.45600129
1-heptene,140,7.52048234
1-heptene,135,5.93602294
1-heptene,130,4.65175787
1-heptene,125,3.61985660
1-heptene,120,2.79730854
1-heptene,115,2.14654487
1-heptene,110,1.63542910
1-heptene,105,1.23688339
1-heptene,100,0.92837442
1-heptene,95,0.69133644
1-heptene,90,0.51060770
1-heptene,85,0.37390710
1-heptene,80,0.27136480
1-heptene,75,0.19511055
1-heptene,70,0.13891793
1-heptene,65,0.09790120
1-heptene,60,0.06825904
1-heptene,55,0.04706014
1-heptene,50,0.03206508
1-heptene,45,0.02157989
1-heptene,40,0.01433641
1-heptene,35,0.00939564
1-heptene,30,0.00607029
1-heptene,25,0.00386343
1-hexanol,160,10.48730255
1-hexanol,155,7.80921921
1-hexanol,150,5.74214924
1-hexanol,145,4.17522894
1-hexanol,140,3.00458621
1-hexanol,135,2.14074194
1-hexanol,130,1.51035015
1-hexanol,125,1.05513384
1-hexanol,120,0.72978100
1-hexanol,115,0.49962754
1-hexanol,110,0.33851055
1-hexanol,105,0.22691905
1-hexanol,100,0.15046870
1-hexanol,95,0.09867490
1-hexanol,90,0.06398338
1-hexanol,85,0.04101546
1-hexanol,80,0.02598793
1-hexanol,75,0.01627291
1-hexanol,70,0.01006824
1-hexanol,65,0.00615400
1-hexanol,60,0.00371530
1-hexanol,55,0.00221498
1-hexanol,50,0.00130372
1-hexanol,45,0.00075738
1-hexanol,40,0.00043415
1-hexanol,35,0.00024547
1-hexanol,30,0.00013685
1-hexanol,25,0.00007519
1-hexene,160,30.25676991
1-hexene,155,26.01461366
1-hexene,150,22.03014464
1-hexene,145,18.38352287
1-hexene,140,15.12873699
1-hexene,135,12.29043897
1-hexene,130,9.86652132
1-hexene,125,7.83427039
1-hexene,120,6.15762433
1-hexene,115,4.79374522
1-hexene,110,3.69808192
1-hexene,105,2.82774710
1-hexene,100,2.14353139
1-hexene,95,1.61085303
1-hexene,90,1.20001690
1-hexene,85,0.88604717
1-hexene,80,0.64828626
1-hexene,75,0.46988763
1-hexene,70,0.33728172
1-hexene,65,0.23966121
1-hexene,60,0.16850981
1-hexene,55,0.11718562
1-hexene,50,0.08056157
1-hexene,45,0.05472076
1-hexene,40,0.03670257
1-hexene,35,0.02429367
1-hexene,30,0.01585827
1-hexene,25,0.01020186
"1-methoxy-1,3-butadiene",160,50.93218344
"1-methoxy-1,3-butadiene",155,48.18591464
"1-methoxy-1,3-butadiene",150,45.38297339
"1-methoxy-1,3-butadiene",145,42.52753974
"1-methoxy-1,3-butadiene",140,39.62899154
"1-methoxy-1,3-butadiene",135,36.69849063
"1-methoxy-1,3-butadiene",130,33.74759386
"1-methoxy-1,3-butadiene",125,30.79221112
"1-methoxy-1,3-butadiene",120,27.85209820
"1-methoxy-1,3-butadiene",115,24.94973635
"1-methoxy-1,3-butadiene",110,22.10988159
"1-methoxy-1,3-butadiene",105,19.36113749
"1-methoxy-1,3-butadiene",100,16.73360782
"1-methoxy-1,3-butadiene",95,14.25842846
"1-methoxy-1,3-butadiene",90,11.96504142
"1-methoxy-1,3-butadiene",85,9.87916065
"1-methoxy-1,3-butadiene",80,8.02016368
"1-methoxy-1,3-butadiene",75,6.39924730
"1-methoxy-1,3-butadiene",70,5.01762591
"1-methoxy-1,3-butadiene",65,3.86689558
"1-methoxy-1,3-butadiene",60,2.93013464
"1-methoxy-1,3-butadiene",55,2.18423765
"1-methoxy-1,3-butadiene",50,1.60267968
"1-methoxy-1,3-butadiene",45,1.15813724
"1-methoxy-1,3-butadiene",40,0.82457061
"1-methoxy-1,3-butadiene",35,0.57859507
"1-methoxy-1,3-butadiene",30,0.40017973
"1-methoxy-1,3-butadiene",25,0.27280416
1-methoxy-2-nitrobenzene,160,18.20830990
1-methoxy-2-nitrobenzene,155,15.28839534
1-methoxy-2-nitrobenzene,150,12.67486975
1-methoxy-2-nitrobenzene,145,10.38118793
1-methoxy-2-nitrobenzene,140,8.40542607
1-methoxy-2-nitrobenzene,135,6.73264910
1-methoxy-2-nitrobenzene,130,5.33845510
1-methoxy-2-nitrobenzene,125,4.19277464
1-methoxy-2-nitrobenzene,120,3.26322838
1-methoxy-2-nitrobenzene,115,2.51769755
1-methoxy-2-nitrobenzene,110,1.92604929
1-methoxy-2-nitrobenzene,105,1.46112825
1-methoxy-2-nitrobenzene,100,1.09919081
1-methoxy-2-nitrobenzene,95,0.81995795
1-methoxy-2-nitrobenzene,90,0.60643240
1-methoxy-2-nitrobenzene,85,0.44458775
1-methoxy-2-nitrobenzene,80,0.32300275
1-methoxy-2-nitrobenzene,75,0.23248673
1-methoxy-2-nitrobenzene,70,0.16572412
1-methoxy-2-nitrobenzene,65,0.11695147
1-methoxy-2-nitrobenzene,60,0.08167335
1-methoxy-2-nitrobenzene,55,0.05641809
1-methoxy-2-nitrobenzene,50,0.03853140
1-methoxy-2-nitrobenzene,45,0.02600464
1-methoxy-2-nitrobenzene,40,0.01733381
1-methoxy-2-nitrobenzene,35,0.01140505
1-methoxy-2-nitrobenzene,30,0.00740282
1-methoxy-2-nitrobenzene,25,0.00473713
1-methylcyclohexanol,160,13.48521602
1-methylcyclohexanol,155,10.25103896
1-methylcyclohexanol,150,7.67467069
1-methylcyclohexanol,145,5.67301681
1-methylcyclohexanol,140,4.14680567
1-methylcyclohexanol,135,3.00007798
1-methylcyclohexanol,130,2.14896444
1-methylcyclohexanol,125,1.52412458
1-methylcyclohexanol,120,1.07013354
1-methylcyclohexanol,115,0.74364465
1-methylcyclohexanol,110,0.51128220
1-methylcyclohexanol,105,0.34767426
1-methylcyclohexanol,100,0.23374910
1-methylcyclohexanol,95,0.15532711
1-methylcyclohexanol,90,0.10198281
1-methylcyclohexanol,85,0.06613944
1-methylcyclohexanol,80,0.04235718
1-methylcyclohexanol,75,0.02678009
1-methylcyclohexanol,70,0.01671107
1-methylcyclohexanol,65,0.01028947
1-methylcyclohexanol,60,0.00624978
1-methylcyclohexanol,55,0.00374367
1-methylcyclohexanol,50,0.00221086
1-methylcyclohexanol,45,0.00128679
1-methylcyclohexanol,40,0.00073787
1-methylcyclohexanol,35,0.00041666
1-methylcyclohexanol,30,0.00023159
1-methylcyclohexanol,25,0.00012664
1-methylimidazol,160,35.76297841
1-methylimidazol,155,31.81483328
1-methylimidazol,150,27.97849917
1-methylimidazol,145,24.31095129
1-methylimidazol,140,20.86316587
1-methylimidazol,135,17.67683271
1-methylimidazol,130,14.78290067
1-methylimidazol,125,12.20031834
1-methylimidazol,120,9.93609307
1-methylimidazol,115,7.98591180
1-methylimidazol,110,6.33546762
1-methylimidazol,105,4.96258531
1-methylimidazol,100,3.83950838
1-methylimidazol,95,2.93538936
1-methylimidazol,90,2.21852248
1-methylimidazol,85,1.65822138
1-methylimidazol,80,1.22616731
1-methylimidazol,75,0.89722211
1-methylimidazol,70,0.64978695
1-methylimidazol,65,0.46580347
1-methylimidazol,60,0.33052074
1-methylimidazol,55,0.23212877
1-methylimidazol,50,0.16133668
1-methylimidazol,45,0.11094917
1-methylimidazol,40,0.07547290
1-methylimidazol,35,0.05076943
1-methylimidazol,30,0.03376037
1-methylimidazol,25,0.02218391
1-methylnaphthalene,160,31.92271669
1-methylnaphthalene,155,29.09855126
1-methylnaphthalene,150,26.34147139
1-methylnaphthalene,145,23.66845574
1-methylnaphthalene,140,21.09665180
1-methylnaphthalene,135,18.64339342
1-methylnaphthalene,130,16.32487103
1-methylnaphthalene,125,14.15646403
1-methylnaphthalene,120,12.15128838
1-methylnaphthalene,115,10.31957259
1-methylnaphthalene,110,8.66813602
1-methylnaphthalene,105,7.19950572
1-methylnaphthalene,100,5.91188967
1-methylnaphthalene,95,4.79927373
1-methylnaphthalene,90,3.85182709
1-methylnaphthalene,85,3.05663814
1-methylnaphthalene,80,2.39865686
1-methylnaphthalene,75,1.86169172
1-methylnaphthalene,70,1.42930496
1-methylnaphthalene,65,1.08559096
1-methylnaphthalene,60,0.81574846
1-methylnaphthalene,55,0.60644470
1-methylnaphthalene,50,0.44600197
1-methylnaphthalene,45,0.32443414
1-methylnaphthalene,40,0.23337901
1-methylnaphthalene,35,0.16596332
1-methylnaphthalene,30,0.11663161
1-methylnaphthalene,25,0.08096239
2-methoxy-1-propene,160,56.54927136
2-methoxy-1-propene,155,54.02781091
2-methoxy-1-propene,150,51.43712952
2-methoxy-1-propene,145,48.78075000
2-methoxy-1-propene,140,46.06085022
2-methoxy-1-propene,135,43.28250734
2-methoxy-1-propene,130,40.45516043
2-methoxy-1-propene,125,37.58463659
2-methoxy-1-propene,120,34.68369742
2-methoxy-1-propene,115,31.76669277
2-methoxy-1-propene,110,28.85143746
2-methoxy-1-propene,105,25.95523735
2-methoxy-1-propene,100,23.10416455
2-methoxy-1-propene,95,20.32442929
2-methoxy-1-propene,90,17.64663641
2-methoxy-1-propene,85,15.10225648
2-methoxy-1-propene,80,12.72324111
2-methoxy-1-propene,75,10.53948806
2-methoxy-1-propene,70,8.57584687
2-methoxy-1-propene,65,6.84947444
2-methoxy-1-propene,60,5.36793499
2-methoxy-1-propene,55,4.12776866
2-methoxy-1-propene,50,3.11541484
2-methoxy-1-propene,45,2.30910338
2-methoxy-1-propene,40,1.68183293
2-methoxy-1-propene,35,1.20455616
2-methoxy-1-propene,30,0.84884722
2-methoxy-1-propene,25,0.58881486
1-naphthol,160,34.35458964
1-naphthol,155,31.75783959
1-naphthol,150,29.21863326
1-naphthol,145,26.74854907
1-naphthol,140,24.35722593
1-naphthol,135,22.05589350
1-naphthol,130,19.85396593
1-naphthol,125,17.76149726
1-naphthol,120,15.78664772
1-naphthol,115,13.93713778
1-naphthol,110,12.21915491
1-naphthol,105,10.63678411
1-naphthol,100,9.19251722
1-naphthol,95,7.88661175
1-naphthol,90,6.71713943
1-naphthol,85,5.68021418
1-naphthol,80,4.76985526
1-naphthol,75,3.97842833
1-naphthol,70,3.29702466
1-naphthol,65,2.71582875
1-naphthol,60,2.22450725
1-naphthol,55,1.81266326
1-naphthol,50,1.47016295
1-naphthol,45,1.18740768
1-naphthol,40,0.95554015
1-naphthol,35,0.76655876
1-naphthol,30,0.61337456
1-naphthol,25,0.48981374
1-nitropropane,160,44.96547871
1-nitropropane,155,41.64327568
1-nitropropane,150,38.24640261
1-nitropropane,145,34.79577223
1-nitropropane,140,31.31844922
1-nitropropane,135,27.84975498
1-nitropropane,130,24.43309086
1-nitropropane,125,21.11823833
1-nitropropane,120,17.95922183
1-nitropropane,115,15.01003108
1-nitropropane,110,12.31987115
1-nitropropane,105,9.92638068
1-nitropropane,100,7.85174085
1-nitropropane,95,6.10007810
1-nitropropane,90,4.65839799
1-nitropropane,85,3.50011966
1-nitropropane,80,2.59002258
1-nitropropane,75,1.88926941
1-nitropropane,70,1.35950693
1-nitropropane,65,0.96562960
1-nitropropane,60,0.67723394
1-nitropropane,55,0.46907352
1-nitropropane,50,0.32086281
1-nitropropane,45,0.21672724
1-nitropropane,40,0.14451400
1-nitropropane,35,0.09509356
1-nitropropane,30,0.06172231
1-nitropropane,25,0.03949626
1-nonanol,160,4.60581747
1-nonanol,155,3.45818834
1-nonanol,150,2.57563778
1-nonanol,145,1.90256084
1-nonanol,140,1.39346412
1-nonanol,135,1.01162515
1-nonanol,130,0.72771682
1-nonanol,125,0.51852774
1-nonanol,120,0.36584568
1-nonanol,115,0.25550208
1-nonanol,110,0.17657222
1-nonanol,105,0.12071195
1-nonanol,100,0.08161209
1-nonanol,95,0.05455298
1-nonanol,90,0.03604389
1-nonanol,85,0.02353357
1-nonanol,80,0.01518040
1-nonanol,75,0.00967193
1-nonanol,70,0.00608514
1-nonanol,65,0.00377957
1-nonanol,60,0.00231691
1-nonanol,55,0.00140132
1-nonanol,50,0.00083595
1-nonanol,45,0.00049167
1-nonanol,40,0.00028500
1-nonanol,35,0.00016274
1-nonanol,30,0.00009149
1-nonanol,25,0.00005062
1-nonene,160,6.21927419
1-nonene,155,4.93087441
1-nonene,150,3.89253318
1-nonene,145,3.05883410
1-nonene,140,2.39203918
1-nonene,135,1.86093164
1-nonene,130,1.43978399
1-nonene,125,1.10743835
1-nonene,120,0.84653524
1-nonene,115,0.64286290
1-nonene,110,0.48482142
1-nonene,105,0.36297327
1-nonene,100,0.26967007
1-nonene,95,0.19874117
1-nonene,90,0.14523352
1-nonene,85,0.10519404
1-nonene,80,0.07548757
1-nonene,75,0.05364473
1-nonene,70,0.03773506
1-nonene,65,0.02626145
1-nonene,60,0.01807287
1-nonene,55,0.01229243
1-nonene,50,0.00825856
1-nonene,45,0.00547731
1-nonene,40,0.00358386
1-nonene,35,0.00231187
1-nonene,30,0.00146924
1-nonene,25,0.00091920
1-octanol,160,5.95997300
1-octanol,155,4.45841382
1-octanol,150,3.30596966
1-octanol,145,2.43018111
1-octanol,140,1.77075562
1-octanol,135,1.27870391
1-octanol,130,0.91486131
1-octanol,125,0.64830974
1-octanol,120,0.45489790
1-octanol,115,0.31594561
1-octanol,110,0.21714258
1-octanol,105,0.14763380
1-octanol,100,0.09926959
1-octanol,95,0.06599712
1-octanol,90,0.04337179
1-octanol,85,0.02816849
1-octanol,80,0.01807578
1-octanol,75,0.01145807
1-octanol,70,0.00717313
1-octanol,65,0.00443390
1-octanol,60,0.00270540
1-octanol,55,0.00162902
1-octanol,50,0.00096768
1-octanol,45,0.00056690
1-octanol,40,0.00032740
1-octanol,35,0.00018632
1-octanol,30,0.00010444
1-octanol,25,0.00005763
octene,160,10.32252492
octene,155,8.25027019
octene,150,6.55603945
octene,145,5.18085579
octene,140,4.07162050
octene,135,3.18204483
octene,130,2.47256281
octene,125,1.90982963
octene,120,1.46600020
octene,115,1.11799238
octene,110,0.84678116
octene,105,0.63677394
octene,100,0.47525648
octene,95,0.35191647
octene,90,0.25843620
octene,85,0.18814634
octene,80,0.13573324
octene,75,0.09699200
octene,70,0.06861951
octene,65,0.04804128
octene,60,0.03326747
octene,55,0.02277375
octene,50,0.01540344
octene,45,0.01028762
octene,40,0.00678040
octene,35,0.00440711
octene,30,0.00282296
octene,25,0.00178067
1-pentanol,160,14.11965022
1-pentanol,155,10.53021885
1-pentanol,150,7.72159220
1-pentanol,145,5.58252803
1-pentanol,140,3.98669223
1-pentanol,135,2.81542683
1-pentanol,130,1.96741027
1-pentanol,125,1.36077920
1-pentanol,120,0.93165078
1-pentanol,115,0.63134382
1-pentanol,110,0.42341933
1-pentanol,105,0.28099447
1-pentanol,100,0.18449019
1-pentanol,95,0.11981867
1-pentanol,90,0.07696311
1-pentanol,85,0.04888584
1-pentanol,80,0.03070189
1-pentanol,75,0.01906205
1-pentanol,70,0.01169868
1-pentanol,65,0.00709585
1-pentanol,60,0.00425308
1-pentanol,55,0.00251860
1-pentanol,50,0.00147327
1-pentanol,45,0.00085109
1-pentanol,40,0.00048542
1-pentanol,35,0.00027326
1-pentanol,30,0.00015178
1-pentanol,25,0.00008315
pentene,160,44.99785834
pentene,155,41.04798565
pentene,150,37.01439620
pentene,145,32.95185241
pentene,140,28.92792342
pentene,135,25.01847405
pentene,130,21.30190298
pentene,125,17.85053091
pentene,120,14.72238582
pentene,115,11.95543189
pentene,110,9.56497192
pentene,105,7.54512590
pentene,100,5.87303131
pentene,95,4.51439318
pentene,90,3.42893943
pentene,85,2.57493284
pentene,80,1.91238295
pentene,75,1.40501143
pentene,70,1.02120867
pentene,65,0.73427514
pentene,60,0.52221065
pentene,55,0.36725423
pentene,50,0.25531570
pentene,45,0.17538860
pentene,40,0.11899617
pentene,35,0.07969676
pentene,30,0.05265839
pentene,25,0.03430304
1-propanethiol,160,100.00000000
1-propanethiol,155,100.00000000
1-propanethiol,150,54.19099904
1-propanethiol,145,51.95618973
1-propanethiol,140,49.68576046
1-propanethiol,135,47.38091254
1-propanethiol,130,45.04370197
1-propanethiol,125,42.67882554
1-propanethiol,120,40.28873160
1-propanethiol,115,37.87833979
1-propanethiol,110,35.45250944
1-propanethiol,105,33.01553226
1-propanethiol,100,30.57706216
1-propanethiol,95,28.14446567
1-propanethiol,90,25.72570125
1-propanethiol,85,23.33344536
1-propanethiol,80,20.98066879
1-propanethiol,75,18.68187152
1-propanethiol,70,16.45303242
1-propanethiol,65,14.31233154
1-propanethiol,60,12.28051042
1-propanethiol,55,10.37755372
1-propanethiol,50,8.62320148
1-propanethiol,45,7.03571053
1-propanethiol,40,5.62917531
1-propanethiol,35,4.41195183
1-propanethiol,30,3.38514743
1-propanethiol,25,2.54203696
propanol,160,25.54005687
propanol,155,19.58853239
propanol,150,14.54654974
propanol,145,10.51295969
propanol,140,7.43135799
propanol,135,5.15896118
propanol,130,3.52772631
propanol,125,2.38083856
propanol,120,1.58785144
propanol,115,1.04726102
propanol,110,0.68334564
propanol,105,0.44121791
propanol,100,0.28192178
propanol,95,0.17826879
propanol,90,0.11155498
propanol,85,0.06908132
propanol,80,0.04233313
propanol,75,0.02567073
propanol,70,0.01540365
propanol,65,0.00914584
propanol,60,0.00537304
propanol,55,0.00312312
propanol,50,0.00179595
propanol,45,0.00102163
propanol,40,0.00057481
propanol,35,0.00031982
propanol,30,0.00017593
propanol,25,0.00009566
1-tetradecene,160,1.24026155
1-tetradecene,155,0.97711673
1-tetradecene,150,0.76612506
1-tetradecene,145,0.59760371
1-tetradecene,140,0.46358785
1-tetradecene,135,0.35752352
1-tetradecene,130,0.27401962
1-tetradecene,125,0.20864816
1-tetradecene,120,0.15778082
1-tetradecene,115,0.11845407
1-tetradecene,110,0.08825691
1-tetradecene,105,0.06523696
1-tetradecene,100,0.04782155
1-tetradecene,95,0.03475137
1-tetradecene,90,0.02502451
1-tetradecene,85,0.01784943
1-tetradecene,80,0.01260550
1-tetradecene,75,0.00880998
1-tetradecene,70,0.00609061
1-tetradecene,65,0.00416294
1-tetradecene,60,0.00281164
1-tetradecene,55,0.00187541
1-tetradecene,50,0.00123467
1-tetradecene,45,0.00080177
1-tetradecene,40,0.00051321
1-tetradecene,35,0.00032358
1-tetradecene,30,0.00020080
1-tetradecene,25,0.00012255
tetrathiafulvalene,160,24.89779688
tetrathiafulvalene,155,22.58784752
tetrathiafulvalene,150,20.37914049
tetrathiafulvalene,145,18.27830315
tetrathiafulvalene,140,16.29227201
tetrathiafulvalene,135,14.42620271
tetrathiafulvalene,130,12.68547320
tetrathiafulvalene,125,11.07358693
tetrathiafulvalene,120,9.59315255
tetrathiafulvalene,115,8.24501589
tetrathiafulvalene,110,7.02865889
tetrathiafulvalene,105,5.94179296
tetrathiafulvalene,100,4.98032595
tetrathiafulvalene,95,4.13854475
tetrathiafulvalene,90,3.40931459
tetrathiafulvalene,85,2.78430448
tetrathiafulvalene,80,2.25428981
tetrathiafulvalene,75,1.80955891
tetrathiafulvalene,70,1.44024427
tetrathiafulvalene,65,1.13666566
tetrathiafulvalene,60,0.88958879
tetrathiafulvalene,55,0.69043597
tetrathiafulvalene,50,0.53142379
tetrathiafulvalene,45,0.40563194
tetrathiafulvalene,40,0.30702309
tetrathiafulvalene,35,0.23041704
tetrathiafulvalene,30,0.17143609
tetrathiafulvalene,25,0.12643173
"2,2,2-trifluoroethanol",160,1.21444506
"2,2,2-trifluoroethanol",155,0.83246121
"2,2,2-trifluoroethanol",150,0.56853675
"2,2,2-trifluoroethanol",145,0.38621036
"2,2,2-trifluoroethanol",140,0.26061595
"2,2,2-trifluoroethanol",135,0.17452482
"2,2,2-trifluoroethanol",130,0.11589187
"2,2,2-trifluoroethanol",125,0.07626409
"2,2,2-trifluoroethanol",120,0.04971020
"2,2,2-trifluoroethanol",115,0.03208194
"2,2,2-trifluoroethanol",110,0.02049423
"2,2,2-trifluoroethanol",105,0.01295547
"2,2,2-trifluoroethanol",100,0.00810296
"2,2,2-trifluoroethanol",95,0.00501350
"2,2,2-trifluoroethanol",90,0.00306829
"2,2,2-trifluoroethanol",85,0.00185728
"2,2,2-trifluoroethanol",80,0.00111188
"2,2,2-trifluoroethanol",75,0.00065829
"2,2,2-trifluoroethanol",70,0.00038543
"2,2,2-trifluoroethanol",65,0.00022317
"2,2,2-trifluoroethanol",60,0.00012778
"2,2,2-trifluoroethanol",55,0.00007235
"2,2,2-trifluoroethanol",50,0.00004051
"2,2,2-trifluoroethanol",45,0.00002242
"2,2,2-trifluoroethanol",40,0.00001227
"2,2,2-trifluoroethanol",35,0.00000664
"2,2,2-trifluoroethanol",30,0.00000355
"2,2,2-trifluoroethanol",25,0.00000188
"2,2,4-trimethylpentane",160,2.15228258
"2,2,4-trimethylpentane",155,1.65684887
"2,2,4-trimethylpentane",150,1.27069476
"2,2,4-trimethylpentane",145,0.97021938
"2,2,4-trimethylpentane",140,0.73705211
"2,2,4-trimethylpentane",135,0.55677417
"2,2,4-trimethylpentane",130,0.41800753
"2,2,4-trimethylpentane",125,0.31174330
"2,2,4-trimethylpentane",120,0.23084030
"2,2,4-trimethylpentane",115,0.16963955
"2,2,4-trimethylpentane",110,0.12366494
"2,2,4-trimethylpentane",105,0.08938696
"2,2,4-trimethylpentane",100,0.06403440
"2,2,4-trimethylpentane",95,0.04544275
"2,2,4-trimethylpentane",90,0.03193187
"2,2,4-trimethylpentane",85,0.02220665
"2,2,4-trimethylpentane",80,0.01527648
"2,2,4-trimethylpentane",75,0.01039010
"2,2,4-trimethylpentane",70,0.00698289
"2,2,4-trimethylpentane",65,0.00463470
"2,2,4-trimethylpentane",60,0.00303611
"2,2,4-trimethylpentane",55,0.00196176
"2,2,4-trimethylpentane",50,0.00124944
"2,2,4-trimethylpentane",45,0.00078381
"2,2,4-trimethylpentane",40,0.00048396
"2,2,4-trimethylpentane",35,0.00029387
"2,2,4-trimethylpentane",30,0.00017533
"2,2,4-trimethylpentane",25,0.00010270
"2,2-dimethyl-1-propanol",160,23.62306748
"2,2-dimethyl-1-propanol",155,18.73658233
"2,2-dimethyl-1-propanol",150,14.47228951
"2,2-dimethyl-1-propanol",145,10.92345478
"2,2-dimethyl-1-propanol",140,8.08557017
"2,2-dimethyl-1-propanol",135,5.88724358
"2,2-dimethyl-1-propanol",130,4.22620825
"2,2-dimethyl-1-propanol",125,2.99564095
"2,2-dimethyl-1-propanol",120,2.09862921
"2,2-dimethyl-1-propanol",115,1.45382115
"2,2-dimethyl-1-propanol",110,0.99612475
"2,2-dimethyl-1-propanol",105,0.67508988
"2,2-dimethyl-1-propanol",100,0.45250610
"2,2-dimethyl-1-propanol",95,0.29994740
"2,2-dimethyl-1-propanol",90,0.19658628
"2,2-dimethyl-1-propanol",85,0.12737179
"2,2-dimethyl-1-propanol",80,0.08156979
"2,2-dimethyl-1-propanol",75,0.05162340
"2,2-dimethyl-1-propanol",70,0.03228131
"2,2-dimethyl-1-propanol",65,0.01994201
"2,2-dimethyl-1-propanol",60,0.01216812
"2,2-dimethyl-1-propanol",55,0.00733217
"2,2-dimethyl-1-propanol",50,0.00436222
"2,2-dimethyl-1-propanol",45,0.00256181
"2,2-dimethyl-1-propanol",40,0.00148469
"2,2-dimethyl-1-propanol",35,0.00084888
"2,2-dimethyl-1-propanol",30,0.00047866
"2,2-dimethyl-1-propanol",25,0.00026607
benzofuran,160,40.36931049
benzofuran,155,37.59228462
benzofuran,150,34.82202626
benzofuran,145,32.06989871
benzofuran,140,29.34867218
benzofuran,135,26.67204473
benzofuran,130,24.05556032
benzofuran,125,21.51528205
benzofuran,120,19.06874160
benzofuran,115,16.73421135
benzofuran,110,14.52963720
benzofuran,105,12.47166374
benzofuran,100,10.57575532
benzofuran,95,8.85401462
benzofuran,90,7.31453516
benzofuran,85,5.96080800
benzofuran,80,4.79080556
benzofuran,75,3.79744791
benzofuran,70,2.96900179
benzofuran,65,2.29014865
benzofuran,60,1.74331746
benzofuran,55,1.31002984
benzofuran,50,0.97206327
benzofuran,45,0.71236804
benzofuran,40,0.51565618
benzofuran,35,0.36869428
benzofuran,30,0.26036411
benzofuran,25,0.18155842
"2,3-dichlorobuta-1,3-diene",160,35.31614007
"2,3-dichlorobuta-1,3-diene",155,32.26232721
"2,3-dichlorobuta-1,3-diene",150,29.24659103
"2,3-dichlorobuta-1,3-diene",145,26.29036799
"2,3-dichlorobuta-1,3-diene",140,23.41801738
"2,3-dichlorobuta-1,3-diene",135,20.65497951
"2,3-dichlorobuta-1,3-diene",130,18.02642947
"2,3-dichlorobuta-1,3-diene",125,15.55708240
"2,3-dichlorobuta-1,3-diene",120,13.26880277
"2,3-dichlorobuta-1,3-diene",115,11.17974634
"2,3-dichlorobuta-1,3-diene",110,9.30252154
"2,3-dichlorobuta-1,3-diene",105,7.64315104
"2,3-dichlorobuta-1,3-diene",100,6.20088499
"2,3-dichlorobuta-1,3-diene",95,4.96832185
"2,3-dichlorobuta-1,3-diene",90,3.93233130
"2,3-dichlorobuta-1,3-diene",85,3.07547784
"2,3-dichlorobuta-1,3-diene",80,2.37764916
"2,3-dichlorobuta-1,3-diene",75,1.81760153
"2,3-dichlorobuta-1,3-diene",70,1.37432226
"2,3-dichlorobuta-1,3-diene",65,1.02804386
"2,3-dichlorobuta-1,3-diene",60,0.76089749
"2,3-dichlorobuta-1,3-diene",55,0.55725336
"2,3-dichlorobuta-1,3-diene",50,0.40380682
"2,3-dichlorobuta-1,3-diene",45,0.28949071
"2,3-dichlorobuta-1,3-diene",40,0.20527994
"2,3-dichlorobuta-1,3-diene",35,0.14394225
"2,3-dichlorobuta-1,3-diene",30,0.09977213
"2,3-dichlorobuta-1,3-diene",25,0.06833312
"2,3-dichloro-1-propanol",160,18.38095053
"2,3-dichloro-1-propanol",155,14.76753796
"2,3-dichloro-1-propanol",150,11.63726925
"2,3-dichloro-1-propanol",145,9.01560742
"2,3-dichloro-1-propanol",140,6.88253697
"2,3-dichloro-1-propanol",135,5.18767380
"2,3-dichloro-1-propanol",130,3.86648738
"2,3-dichloro-1-propanol",125,2.85244267
"2,3-dichloro-1-propanol",120,2.08417769
"2,3-dichloro-1-propanol",115,1.50868081
"2,3-dichloro-1-propanol",110,1.08202731
"2,3-dichloro-1-propanol",105,0.76882136
"2,3-dichloro-1-propanol",100,0.54111122
"2,3-dichloro-1-propanol",95,0.37715868
"2,3-dichloro-1-propanol",90,0.26027184
"2,3-dichloro-1-propanol",85,0.17777834
"2,3-dichloro-1-propanol",80,0.12016033
"2,3-dichloro-1-propanol",75,0.08034483
"2,3-dichloro-1-propanol",70,0.05313203
"2,3-dichloro-1-propanol",65,0.03474140
"2,3-dichloro-1-propanol",60,0.02245557
"2,3-dichloro-1-propanol",55,0.01434438
"2,3-dichloro-1-propanol",50,0.00905349
"2,3-dichloro-1-propanol",45,0.00564441
"2,3-dichloro-1-propanol",40,0.00347519
"2,3-dichloro-1-propanol",35,0.00211239
"2,3-dichloro-1-propanol",30,0.00126729
"2,3-dichloro-1-propanol",25,0.00075014
"2,3-dichloro-1-propene",160,43.86790936
"2,3-dichloro-1-propene",155,41.18310391
"2,3-dichloro-1-propene",150,38.48489245
"2,3-dichloro-1-propene",145,35.78365765
"2,3-dichloro-1-propene",140,33.08675951
"2,3-dichloro-1-propene",135,30.40827068
"2,3-dichloro-1-propene",130,27.75700773
"2,3-dichloro-1-propene",125,25.14799290
"2,3-dichloro-1-propene",120,22.59749022
"2,3-dichloro-1-propene",115,20.12204730
"2,3-dichloro-1-propene",110,17.73951839
"2,3-dichloro-1-propene",105,15.46918957
"2,3-dichloro-1-propene",100,13.33009921
"2,3-dichloro-1-propene",95,11.34087402
"2,3-dichloro-1-propene",90,9.51784531
"2,3-dichloro-1-propene",85,7.87402102
"2,3-dichloro-1-propene",80,6.41766430
"2,3-dichloro-1-propene",75,5.15165168
"2,3-dichloro-1-propene",70,4.07249544
"2,3-dichloro-1-propene",65,3.17084055
"2,3-dichloro-1-propene",60,2.43234902
"2,3-dichloro-1-propene",55,1.83908945
"2,3-dichloro-1-propene",50,1.37125034
"2,3-dichloro-1-propene",45,1.00873139
"2,3-dichloro-1-propene",40,0.73241559
"2,3-dichloro-1-propene",35,0.52504656
"2,3-dichloro-1-propene",30,0.37168725
"2,3-dichloro-1-propene",25,0.25985040
"2,4,6-tribromo-phenol",160,8.60025041
"2,4,6-tribromo-phenol",155,7.16401082
"2,4,6-tribromo-phenol",150,5.92736984
"2,4,6-tribromo-phenol",145,4.87350523
"2,4,6-tribromo-phenol",140,3.98365914
"2,4,6-tribromo-phenol",135,3.23846687
"2,4,6-tribromo-phenol",130,2.61899217
"2,4,6-tribromo-phenol",125,2.10743827
"2,4,6-tribromo-phenol",120,1.68756883
"2,4,6-tribromo-phenol",115,1.34490192
"2,4,6-tribromo-phenol",110,1.06674376
"2,4,6-tribromo-phenol",105,0.84211955
"2,4,6-tribromo-phenol",100,0.66164494
"2,4,6-tribromo-phenol",95,0.51736877
"2,4,6-tribromo-phenol",90,0.40260701
"2,4,6-tribromo-phenol",85,0.31177956
"2,4,6-tribromo-phenol",80,0.24025784
"2,4,6-tribromo-phenol",75,0.18422549
"2,4,6-tribromo-phenol",70,0.14055422
"2,4,6-tribromo-phenol",65,0.10669437
"2,4,6-tribromo-phenol",60,0.08057980
"2,4,6-tribromo-phenol",55,0.06054576
"2,4,6-tribromo-phenol",50,0.04525874
"2,4,6-tribromo-phenol",45,0.03365679
"2,4,6-tribromo-phenol",40,0.02489926
"2,4,6-tribromo-phenol",35,0.01832472
"2,4,6-tribromo-phenol",30,0.01341588
"2,4,6-tribromo-phenol",25,0.00977071
"2,4,6-trichlorophenol",160,22.66945856
"2,4,6-trichlorophenol",155,20.28330077
"2,4,6-trichlorophenol",150,18.03183609
"2,4,6-trichlorophenol",145,15.92364949
"2,4,6-trichlorophenol",140,13.96559307
"2,4,6-trichlorophenol",135,12.16232164
"2,4,6-trichlorophenol",130,10.51614478
"2,4,6-trichlorophenol",125,9.02707691
"2,4,6-trichlorophenol",120,7.69270575
"2,4,6-trichlorophenol",115,6.50824817
"2,4,6-trichlorophenol",110,5.46683636
"2,4,6-trichlorophenol",105,4.55987774
"2,4,6-trichlorophenol",100,3.77741531
"2,4,6-trichlorophenol",95,3.10850796
"2,4,6-trichlorophenol",90,2.54173812
"2,4,6-trichlorophenol",85,2.06559912
"2,4,6-trichlorophenol",80,1.66884658
"2,4,6-trichlorophenol",75,1.34080035
"2,4,6-trichlorophenol",70,1.07154399
"2,4,6-trichlorophenol",65,0.85206448
"2,4,6-trichlorophenol",60,0.67431982
"2,4,6-trichlorophenol",55,0.53125230
"2,4,6-trichlorophenol",50,0.41675626
"2,4,6-trichlorophenol",45,0.32561940
"2,4,6-trichlorophenol",40,0.25344341
"2,4,6-trichlorophenol",35,0.19655573
"2,4,6-trichlorophenol",30,0.15191885
"2,4,6-trichlorophenol",25,0.11704211
"2,4-dichloroaniline",160,33.41616600
"2,4-dichloroaniline",155,30.95357796
"2,4-dichloroaniline",150,28.54310777
"2,4-dichloroaniline",145,26.19190557
"2,4-dichloroaniline",140,23.90857993
"2,4-dichloroaniline",135,21.70007367
"2,4-dichloroaniline",130,19.57476420
"2,4-dichloroaniline",125,17.54056507
"2,4-dichloroaniline",120,15.60611362
"2,4-dichloroaniline",115,13.77875604
"2,4-dichloroaniline",110,12.06574139
"2,4-dichloroaniline",105,10.47389874
"2,4-dichloroaniline",100,9.00819311
"2,4-dichloroaniline",95,7.67268160
"2,4-dichloroaniline",90,6.46929539
"2,4-dichloroaniline",85,5.39777870
"2,4-dichloroaniline",80,4.45579921
"2,4-dichloroaniline",75,3.63851354
"2,4-dichloroaniline",70,2.93894830
"2,4-dichloroaniline",65,2.34830472
"2,4-dichloroaniline",60,1.85639014
"2,4-dichloroaniline",55,1.45216458
"2,4-dichloroaniline",50,1.12430886
"2,4-dichloroaniline",45,0.86173664
"2,4-dichloroaniline",40,0.65398829
"2,4-dichloroaniline",35,0.49152407
"2,4-dichloroaniline",30,0.36589225
"2,4-dichloroaniline",25,0.26979052
"2,4-dichlorophenol",160,30.03017348
"2,4-dichlorophenol",155,27.41452840
"2,4-dichlorophenol",150,24.87533509
"2,4-dichlorophenol",145,22.42390917
"2,4-dichlorophenol",140,20.07300900
"2,4-dichlorophenol",135,17.83396713
"2,4-dichlorophenol",130,15.71866651
"2,4-dichlorophenol",125,13.73707541
"2,4-dichlorophenol",120,11.89857362
"2,4-dichlorophenol",115,10.21023445
"2,4-dichlorophenol",110,8.67685017
"2,4-dichlorophenol",105,7.30048379
"2,4-dichlorophenol",100,6.08034430
"2,4-dichlorophenol",95,5.01246370
"2,4-dichlorophenol",90,4.09000210
"2,4-dichlorophenol",85,3.30360886
"2,4-dichlorophenol",80,2.64193754
"2,4-dichlorophenol",75,2.09229922
"2,4-dichlorophenol",70,1.64136124
"2,4-dichlorophenol",65,1.27579989
"2,4-dichlorophenol",60,0.98281793
"2,4-dichlorophenol",55,0.75055035
"2,4-dichlorophenol",50,0.56832061
"2,4-dichlorophenol",45,0.42676312
"2,4-dichlorophenol",40,0.31784570
"2,4-dichlorophenol",35,0.23481234
"2,4-dichlorophenol",30,0.17207751
"2,4-dichlorophenol",25,0.12509374
"2,4-difluoro-1-nitrobenzene",160,19.85098536
"2,4-difluoro-1-nitrobenzene",155,16.84262474
"2,4-difluoro-1-nitrobenzene",150,14.09925859
"2,4-difluoro-1-nitrobenzene",145,11.64846922
"2,4-difluoro-1-nitrobenzene",140,9.50313888
"2,4-difluoro-1-nitrobenzene",135,7.66130657
"2,4-difluoro-1-nitrobenzene",130,6.10823141
"2,4-difluoro-1-nitrobenzene",125,4.81983840
"2,4-difluoro-1-nitrobenzene",120,3.76653058
"2,4-difluoro-1-nitrobenzene",115,2.91658608
"2,4-difluoro-1-nitrobenzene",110,2.23874111
"2,4-difluoro-1-nitrobenzene",105,1.70388819
"2,4-difluoro-1-nitrobenzene",100,1.28601251
"2,4-difluoro-1-nitrobenzene",95,0.96256122
"2,4-difluoro-1-nitrobenzene",90,0.71443616
"2,4-difluoro-1-nitrobenzene",85,0.52576345
"2,4-difluoro-1-nitrobenzene",80,0.38354999
"2,4-difluoro-1-nitrobenzene",75,0.27729895
"2,4-difluoro-1-nitrobenzene",70,0.19862767
"2,4-difluoro-1-nitrobenzene",65,0.14091283
"2,4-difluoro-1-nitrobenzene",60,0.09897370
"2,4-difluoro-1-nitrobenzene",55,0.06879757
"2,4-difluoro-1-nitrobenzene",50,0.04730676
"2,4-difluoro-1-nitrobenzene",45,0.03216402
"2,4-difluoro-1-nitrobenzene",40,0.02161236
"2,4-difluoro-1-nitrobenzene",35,0.01434476
"2,4-difluoro-1-nitrobenzene",30,0.00939951
"2,4-difluoro-1-nitrobenzene",25,0.00607694
"2,4-dimethylaniline",160,38.11681146
"2,4-dimethylaniline",155,35.20202257
"2,4-dimethylaniline",150,32.30011386
"2,4-dimethylaniline",145,29.42645652
"2,4-dimethylaniline",140,26.59939248
"2,4-dimethylaniline",135,23.83740280
"2,4-dimethylaniline",130,21.16197362
"2,4-dimethylaniline",125,18.59537762
"2,4-dimethylaniline",120,16.15966188
"2,4-dimethylaniline",115,13.87715019
"2,4-dimethylaniline",110,11.76762973
"2,4-dimethylaniline",105,9.84737110
"2,4-dimethylaniline",100,8.12818773
"2,4-dimethylaniline",95,6.61563505
"2,4-dimethylaniline",90,5.30880370
"2,4-dimethylaniline",85,4.20042031
"2,4-dimethylaniline",80,3.27747129
"2,4-dimethylaniline",75,2.52266981
"2,4-dimethylaniline",70,1.91603149
"2,4-dimethylaniline",65,1.43651997
"2,4-dimethylaniline",60,1.06344362
"2,4-dimethylaniline",55,0.77751177
"2,4-dimethylaniline",50,0.56149362
"2,4-dimethylaniline",45,0.40053514
"2,4-dimethylaniline",40,0.28220402
"2,4-dimethylaniline",35,0.19635391
"2,4-dimethylaniline",30,0.13488316
"2,4-dimethylaniline",25,0.09144723
"1-methyl-2,4-dinitrobenzene",160,20.70262295
"1-methyl-2,4-dinitrobenzene",155,18.03357525
"1-methyl-2,4-dinitrobenzene",150,15.54562440
"1-methyl-2,4-dinitrobenzene",145,13.25680706
"1-methyl-2,4-dinitrobenzene",140,11.18054842
"1-methyl-2,4-dinitrobenzene",135,9.32448297
"1-methyl-2,4-dinitrobenzene",130,7.68984399
"1-methyl-2,4-dinitrobenzene",125,6.27170956
"1-methyl-2,4-dinitrobenzene",120,5.05953926
"1-methyl-2,4-dinitrobenzene",115,4.03831383
"1-methyl-2,4-dinitrobenzene",110,3.18985059
"1-methyl-2,4-dinitrobenzene",105,2.49422786
"1-methyl-2,4-dinitrobenzene",100,1.93107067
"1-methyl-2,4-dinitrobenzene",95,1.48058909
"1-methyl-2,4-dinitrobenzene",90,1.12433564
"1-methyl-2,4-dinitrobenzene",85,0.84567375
"1-methyl-2,4-dinitrobenzene",80,0.63000587
"1-methyl-2,4-dinitrobenzene",75,0.46481511
"1-methyl-2,4-dinitrobenzene",70,0.33957860
"1-methyl-2,4-dinitrobenzene",65,0.24560012
"1-methyl-2,4-dinitrobenzene",60,0.17580215
"1-methyl-2,4-dinitrobenzene",55,0.12450410
"1-methyl-2,4-dinitrobenzene",50,0.08720522
"1-methyl-2,4-dinitrobenzene",45,0.06038325
"1-methyl-2,4-dinitrobenzene",40,0.04131452
"1-methyl-2,4-dinitrobenzene",35,0.02791775
"1-methyl-2,4-dinitrobenzene",30,0.01862132
"1-methyl-2,4-dinitrobenzene",25,0.01225283
"2,5-dichlorophenol",160,30.39406526
"2,5-dichlorophenol",155,27.81839013
"2,5-dichlorophenol",150,25.31804281
"2,5-dichlorophenol",145,22.90469160
"2,5-dichlorophenol",140,20.58854427
"2,5-dichlorophenol",135,18.38074411
"2,5-dichlorophenol",130,16.29079213
"2,5-dichlorophenol",125,14.32807146
"2,5-dichlorophenol",120,12.50063737
"2,5-dichlorophenol",115,10.81454751
"2,5-dichlorophenol",110,9.27428766
"2,5-dichlorophenol",105,7.88196215
"2,5-dichlorophenol",100,6.63720556
"2,5-dichlorophenol",95,5.53722247
"2,5-dichlorophenol",90,4.57660643
"2,5-dichlorophenol",85,3.74771391
"2,5-dichlorophenol",80,3.04104301
"2,5-dichlorophenol",75,2.44569268
"2,5-dichlorophenol",70,1.94990060
"2,5-dichlorophenol",65,1.54161767
"2,5-dichlorophenol",60,1.20898519
"2,5-dichlorophenol",55,0.94074425
"2,5-dichlorophenol",50,0.72651972
"2,5-dichlorophenol",45,0.55700248
"2,5-dichlorophenol",40,0.42403095
"2,5-dichlorophenol",35,0.32059139
"2,5-dichlorophenol",30,0.24076352
"2,5-dichlorophenol",25,0.17962746
dimethoxytetrahydrofuran,160,34.15850613
dimethoxytetrahydrofuran,155,31.26082618
dimethoxytetrahydrofuran,150,28.41353113
dimethoxytetrahydrofuran,145,25.63512278
dimethoxytetrahydrofuran,140,22.94359769
dimethoxytetrahydrofuran,135,20.35874438
dimethoxytetrahydrofuran,130,17.89907525
dimethoxytetrahydrofuran,125,15.58320338
dimethoxytetrahydrofuran,120,13.42753151
dimethoxytetrahydrofuran,115,11.44556611
dimethoxytetrahydrofuran,110,9.64759513
dimethoxytetrahydrofuran,105,8.03943751
dimethoxytetrahydrofuran,100,6.62191437
dimethoxytetrahydrofuran,95,5.39111381
dimethoxytetrahydrofuran,90,4.33852921
dimethoxytetrahydrofuran,85,3.45176555
dimethoxytetrahydrofuran,80,2.71561878
dimethoxytetrahydrofuran,75,2.11314854
dimethoxytetrahydrofuran,70,1.62678609
dimethoxytetrahydrofuran,65,1.23925944
dimethoxytetrahydrofuran,60,0.93432360
dimethoxytetrahydrofuran,55,0.69723490
dimethoxytetrahydrofuran,50,0.51501603
dimethoxytetrahydrofuran,45,0.37653285
dimethoxytetrahydrofuran,40,0.27244181
dimethoxytetrahydrofuran,35,0.19505193
dimethoxytetrahydrofuran,30,0.13813988
dimethoxytetrahydrofuran,25,0.09674727
"2,5-dimethylpyrrole",160,45.95511351
"2,5-dimethylpyrrole",155,43.02744841
"2,5-dimethylpyrrole",150,40.05602691
"2,5-dimethylpyrrole",145,37.05335125
"2,5-dimethylpyrrole",140,34.03368311
"2,5-dimethylpyrrole",135,31.01344344
"2,5-dimethylpyrrole",130,28.01296950
"2,5-dimethylpyrrole",125,25.05585414
"2,5-dimethylpyrrole",120,22.16890007
"2,5-dimethylpyrrole",115,19.38136353
"2,5-dimethylpyrrole",110,16.72471418
"2,5-dimethylpyrrole",105,14.23015447
"2,5-dimethylpyrrole",100,11.92669900
"2,5-dimethylpyrrole",95,9.83890164
"2,5-dimethylpyrrole",90,7.98471579
"2,5-dimethylpyrrole",85,6.37284959
"2,5-dimethylpyrrole",80,5.00229238
"2,5-dimethylpyrrole",75,3.86258937
"2,5-dimethylpyrrole",70,2.93530250
"2,5-dimethylpyrrole",65,2.19649645
"2,5-dimethylpyrrole",60,1.61943102
"2,5-dimethylpyrrole",55,1.17700247
"2,5-dimethylpyrrole",50,0.84364677
"2,5-dimethylpyrrole",45,0.59653952
"2,5-dimethylpyrrole",40,0.41617609
"2,5-dimethylpyrrole",35,0.28646741
"2,5-dimethylpyrrole",30,0.19452482
"2,5-dimethylpyrrole",25,0.13027589
"2,6-dichlorophenol",160,30.01682961
"2,6-dichlorophenol",155,27.40183293
"2,6-dichlorophenol",150,24.86407140
"2,6-dichlorophenol",145,22.41498629
"2,6-dichlorophenol",140,20.06734287
"2,6-dichlorophenol",135,17.83248896
"2,6-dichlorophenol",130,15.72220198
"2,6-dichlorophenol",125,13.74631254
"2,6-dichlorophenol",120,11.91395941
"2,6-dichlorophenol",115,10.23192860
"2,6-dichlorophenol",110,8.70468159
"2,6-dichlorophenol",105,7.33393800
"2,6-dichlorophenol",100,6.11859195
"2,6-dichlorophenol",95,5.05441961
"2,6-dichlorophenol",90,4.13441312
"2,6-dichlorophenol",85,3.34915899
"2,6-dichlorophenol",80,2.68735120
"2,6-dichlorophenol",75,2.13642822
"2,6-dichlorophenol",70,1.68324811
"2,6-dichlorophenol",65,1.31471521
"2,6-dichlorophenol",60,1.01826759
"2,6-dichlorophenol",55,0.78226193
"2,6-dichlorophenol",50,0.59621524
"2,6-dichlorophenol",45,0.45091849
"2,6-dichlorophenol",40,0.33845751
"2,6-dichlorophenol",35,0.25215743
"2,6-dichlorophenol",30,0.18648143
"2,6-dichlorophenol",25,0.13690403
"2,6-difluorobenzonitrile",160,29.74399798
"2,6-difluorobenzonitrile",155,26.58041203
"2,6-difluorobenzonitrile",150,23.50074196
"2,6-difluorobenzonitrile",145,20.53821947
"2,6-difluorobenzonitrile",140,17.72684457
"2,6-difluorobenzonitrile",135,15.10010791
"2,6-difluorobenzonitrile",130,12.68735776
"2,6-difluorobenzonitrile",125,10.51153873
"2,6-difluorobenzonitrile",120,8.58691648
"2,6-difluorobenzonitrile",115,6.91753861
"2,6-difluorobenzonitrile",110,5.49743078
"2,6-difluorobenzonitrile",105,4.31191624
"2,6-difluorobenzonitrile",100,3.33975852
"2,6-difluorobenzonitrile",95,2.55577997
"2,6-difluorobenzonitrile",90,1.93329505
"2,6-difluorobenzonitrile",85,1.44611020
"2,6-difluorobenzonitrile",80,1.06990825
"2,6-difluorobenzonitrile",75,0.78306102
"2,6-difluorobenzonitrile",70,0.56697086
"2,6-difluorobenzonitrile",65,0.40607661
"2,6-difluorobenzonitrile",60,0.28764828
"2,6-difluorobenzonitrile",55,0.20146973
"2,6-difluorobenzonitrile",50,0.13947850
"2,6-difluorobenzonitrile",45,0.09540706
"2,6-difluorobenzonitrile",40,0.06445106
"2,6-difluorobenzonitrile",35,0.04297665
"2,6-difluorobenzonitrile",30,0.02827109
"2,6-difluorobenzonitrile",25,0.01833550
"2,6-dimethoxyphenol",160,17.56941004
"2,6-dimethoxyphenol",155,14.66956102
"2,6-dimethoxyphenol",150,12.08209663
"2,6-dimethoxyphenol",145,9.81968417
"2,6-dimethoxyphenol",140,7.87974967
"2,6-dimethoxyphenol",135,6.24667243
"2,6-dimethoxyphenol",130,4.89519195
"2,6-dimethoxyphenol",125,3.79416710
"2,6-dimethoxyphenol",120,2.90999699
"2,6-dimethoxyphenol",115,2.20930940
"2,6-dimethoxyphenol",110,1.66081184
"2,6-dimethoxyphenol",105,1.23638065
"2,6-dimethoxyphenol",100,0.91155047
"2,6-dimethoxyphenol",95,0.66558215
"2,6-dimethoxyphenol",90,0.48126430
"2,6-dimethoxyphenol",85,0.34456690
"2,6-dimethoxyphenol",80,0.24423146
"2,6-dimethoxyphenol",75,0.17135045
"2,6-dimethoxyphenol",70,0.11896857
"2,6-dimethoxyphenol",65,0.08172272
"2,6-dimethoxyphenol",60,0.05552787
"2,6-dimethoxyphenol",55,0.03730999
"2,6-dimethoxyphenol",50,0.02478379
"2,6-dimethoxyphenol",45,0.01627102
"2,6-dimethoxyphenol",40,0.01055441
"2,6-dimethoxyphenol",35,0.00676212
"2,6-dimethoxyphenol",30,0.00427767
"2,6-dimethoxyphenol",25,0.00267077
"2,6-dimethylphenol",160,36.38816048
"2,6-dimethylphenol",155,33.38227580
"2,6-dimethylphenol",150,30.40209793
"2,6-dimethylphenol",145,27.46707548
"2,6-dimethylphenol",140,24.59775393
"2,6-dimethylphenol",135,21.81823152
"2,6-dimethylphenol",130,19.15212908
"2,6-dimethylphenol",125,16.62460377
"2,6-dimethylphenol",120,14.25920648
"2,6-dimethylphenol",115,12.07686878
"2,6-dimethylphenol",110,10.09482035
"2,6-dimethylphenol",105,8.32461052
"2,6-dimethylphenol",100,6.77107004
"2,6-dimethylphenol",95,5.43210573
"2,6-dimethylphenol",90,4.29887575
"2,6-dimethylphenol",85,3.35682477
"2,6-dimethylphenol",80,2.58723419
"2,6-dimethylphenol",75,1.96896618
"2,6-dimethylphenol",70,1.48010456
"2,6-dimethylphenol",65,1.09934889
"2,6-dimethylphenol",60,0.80700135
"2,6-dimethylphenol",55,0.58557220
"2,6-dimethylphenol",50,0.42003856
"2,6-dimethylphenol",45,0.29785146
"2,6-dimethylphenol",40,0.20877505
"2,6-dimethylphenol",35,0.14463143
"2,6-dimethylphenol",30,0.09900639
"2,6-dimethylphenol",25,0.06695280
2-(diethylamino)-ethanol,160,39.63071700
2-(diethylamino)-ethanol,155,36.87470844
2-(diethylamino)-ethanol,150,34.14182371
2-(diethylamino)-ethanol,145,31.44421139
2-(diethylamino)-ethanol,140,28.79456339
2-(diethylamino)-ethanol,135,26.20544014
2-(diethylamino)-ethanol,130,23.69036180
2-(diethylamino)-ethanol,125,21.26393580
2-(diethylamino)-ethanol,120,18.93916744
2-(diethylamino)-ethanol,115,16.73005538
2-(diethylamino)-ethanol,110,14.64885922
2-(diethylamino)-ethanol,105,12.70717098
2-(diethylamino)-ethanol,100,10.91467022
2-(diethylamino)-ethanol,95,9.27852839
2-(diethylamino)-ethanol,90,7.80331548
2-(diethylamino)-ethanol,85,6.49029663
2-(diethylamino)-ethanol,80,5.33751190
2-(diethylamino)-ethanol,75,4.33952682
2-(diethylamino)-ethanol,70,3.48785457
2-(diethylamino)-ethanol,65,2.77149418
2-(diethylamino)-ethanol,60,2.17750637
2-(diethylamino)-ethanol,55,1.69187054
2-(diethylamino)-ethanol,50,1.30021550
2-(diethylamino)-ethanol,45,0.98850851
2-(diethylamino)-ethanol,40,0.74357482
2-(diethylamino)-ethanol,35,0.55346472
2-(diethylamino)-ethanol,30,0.40765516
2-(diethylamino)-ethanol,25,0.29711287
2-acetothiophene,160,30.47020269
2-acetothiophene,155,27.16319153
2-acetothiophene,150,23.94983102
2-acetothiophene,145,20.86746799
2-acetothiophene,140,17.95394371
2-acetothiophene,135,15.24439512
2-acetothiophene,130,12.76829901
2-acetothiophene,125,10.54720724
2-acetothiophene,120,8.59262692
2-acetothiophene,115,6.90533095
2-acetothiophene,110,5.47602674
2-acetothiophene,105,4.28711399
2-acetothiophene,100,3.31507295
2-acetothiophene,95,2.53309981
2-acetothiophene,90,1.91345198
2-acetothiophene,85,1.42930554
2-acetothiophene,80,1.05600342
2-acetothiophene,75,0.77175825
2-acetothiophene,70,0.55791697
2-acetothiophene,65,0.39891820
2-acetothiophene,60,0.28205813
2-acetothiophene,55,0.19715752
2-acetothiophene,50,0.13619347
2-acetothiophene,45,0.09293677
2-acetothiophene,40,0.06261840
2-acetothiophene,35,0.04163614
2-acetothiophene,30,0.02730496
2-acetothiophene,25,0.01764989
2-aminopyridine,160,23.63105997
2-aminopyridine,155,19.43372593
2-aminopyridine,150,15.68353123
2-aminopyridine,145,12.43880227
2-aminopyridine,140,9.71177632
2-aminopyridine,135,7.47703793
2-aminopyridine,130,5.68466439
2-aminopyridine,125,4.27297160
2-aminopyridine,120,3.17817506
2-aminopyridine,115,2.34046475
2-aminopyridine,110,1.70708749
2-aminopyridine,105,1.23342638
2-aminopyridine,100,0.88285300
2-aminopyridine,95,0.62596516
2-aminopyridine,90,0.43957648
2-aminopyridine,85,0.30567042
2-aminopyridine,80,0.21042748
2-aminopyridine,75,0.14337213
2-aminopyridine,70,0.09665289
2-aminopyridine,65,0.06444970
2-aminopyridine,60,0.04249578
2-aminopyridine,55,0.02769796
2-aminopyridine,50,0.01783942
2-aminopyridine,45,0.01134993
2-aminopyridine,40,0.00713064
2-aminopyridine,35,0.00442204
2-aminopyridine,30,0.00270585
2-aminopyridine,25,0.00163302
2-bromopropene,160,45.06551472
2-bromopropene,155,42.71237189
2-bromopropene,150,40.36227211
2-bromopropene,145,38.01825938
2-bromopropene,140,35.68761993
2-bromopropene,135,33.37247973
2-bromopropene,130,31.07739918
2-bromopropene,125,28.80910722
2-bromopropene,120,26.57401739
2-bromopropene,115,24.37791332
2-bromopropene,110,22.22653772
2-bromopropene,105,20.12883207
2-bromopropene,100,18.09322163
2-bromopropene,95,16.12870654
2-bromopropene,90,14.24536021
2-bromopropene,85,12.45296207
2-bromopropene,80,10.76289031
2-bromopropene,75,9.18635676
2-bromopropene,70,7.73355638
2-bromopropene,65,6.41399378
2-bromopropene,60,5.23493754
2-bromopropene,55,4.20080276
2-bromopropene,50,3.31191076
2-bromopropene,45,2.56440319
2-bromopropene,40,1.94987155
2-bromopropene,35,1.45619981
2-bromopropene,30,1.06856382
2-bromopropene,25,0.77083215
2-bromobutane,160,41.21607165
2-bromobutane,155,38.86557511
2-bromobutane,150,36.53425113
2-bromobutane,145,34.22472843
2-bromobutane,140,31.94411034
2-bromobutane,135,29.69498101
2-bromobutane,130,27.48315932
2-bromobutane,125,25.31376726
2-bromobutane,120,23.19321393
2-bromobutane,115,21.12693331
2-bromobutane,110,19.12261058
2-bromobutane,105,17.18607194
2-bromobutane,100,15.32589364
2-bromobutane,95,13.54986902
2-bromobutane,90,11.86649487
2-bromobutane,85,10.28461083
2-bromobutane,80,8.81240810
2-bromobutane,75,7.45770930
2-bromobutane,70,6.22718110
2-bromobutane,65,5.12574481
2-bromobutane,60,4.15580260
2-bromobutane,55,3.31671207
2-bromobutane,50,2.60460779
2-bromobutane,45,2.01217844
2-bromobutane,40,1.52927534
2-bromobutane,35,1.14359341
2-bromobutane,30,0.84165799
2-bromobutane,25,0.60981674
2-bromopropane,160,100.00000000
2-bromopropane,155,100.00000000
2-bromopropane,150,42.49983285
2-bromopropane,145,40.34649157
2-bromopropane,140,38.20768465
2-bromopropane,135,36.08196882
2-bromopropane,130,33.97381168
2-bromopropane,125,31.88718719
2-bromopropane,120,29.82375383
2-bromopropane,115,27.78771945
2-bromopropane,110,25.78130594
2-bromopropane,105,23.80908472
2-bromopropane,100,21.87593899
2-bromopropane,95,19.98558651
2-bromopropane,90,18.14352774
2-bromopropane,85,16.35582726
2-bromopropane,80,14.62846010
2-bromopropane,75,12.96842575
2-bromopropane,70,11.38373948
2-bromopropane,65,9.88321899
2-bromopropane,60,8.47463041
2-bromopropane,55,7.16765454
2-bromopropane,50,5.97081600
2-bromopropane,45,4.89173896
2-bromopropane,40,3.93624305
2-bromopropane,35,3.10736786
2-bromopropane,30,2.40442437
2-bromopropane,25,1.82275328
2-bromothiophene,160,31.08888565
2-bromothiophene,155,28.44101432
2-bromothiophene,150,25.85294496
2-bromothiophene,145,23.33633933
2-bromothiophene,140,20.90432969
2-bromothiophene,135,18.57144980
2-bromothiophene,130,16.35114807
2-bromothiophene,125,14.25777460
2-bromothiophene,120,12.30464189
2-bromothiophene,115,10.50325910
2-bromothiophene,110,8.86310212
2-bromothiophene,105,7.39031373
2-bromothiophene,100,6.08742067
2-bromothiophene,95,4.95257980
2-bromothiophene,90,3.97976259
2-bromothiophene,85,3.15916449
2-bromothiophene,80,2.47786332
2-bromothiophene,75,1.92089269
2-bromothiophene,70,1.47227438
2-bromothiophene,65,1.11600943
2-bromothiophene,60,0.83686130
2-bromothiophene,55,0.62091229
2-bromothiophene,50,0.45587705
2-bromothiophene,45,0.33122205
2-bromothiophene,40,0.23813409
2-bromothiophene,35,0.16939343
2-bromothiophene,30,0.11919376
2-bromothiophene,25,0.08294144
2-butanol,160,30.39353122
2-butanol,155,24.78475484
2-butanol,150,19.58272424
2-butanol,145,15.01687376
2-butanol,140,11.21327176
2-butanol,135,8.18481725
2-butanol,130,5.86089161
2-butanol,125,4.12894678
2-butanol,120,2.86769666
2-butanol,115,1.96627413
2-butanol,110,1.33212009
2-butanol,105,0.89215698
2-butanol,100,0.59080055
2-butanol,95,0.38688035
2-butanol,90,0.25051917
2-butanol,85,0.16039881
2-butanol,80,0.10153371
2-butanol,75,0.06353491
2-butanol,70,0.03929574
2-butanol,65,0.02401824
2-butanol,60,0.01450523
2-butanol,55,0.00865389
2-butanol,50,0.00509926
2-butanol,45,0.00296691
2-butanol,40,0.00170404
2-butanol,35,0.00096582
2-butanol,30,0.00054000
2-butanol,25,0.00029771
cis-2-butene,160,59.61852053
cis-2-butene,155,56.77710500
cis-2-butene,150,53.79989674
cis-2-butene,145,50.68455746
cis-2-butene,140,47.43681027
cis-2-butene,135,44.06639320
cis-2-butene,130,40.58705810
cis-2-butene,125,37.02124078
cis-2-butene,120,33.39860331
cis-2-butene,115,29.75862848
cis-2-butene,110,26.14951640
cis-2-butene,105,22.62800905
cis-2-butene,100,19.25638505
cis-2-butene,95,16.09690208
cis-2-butene,90,13.20618270
cis-2-butene,85,10.62875911
cis-2-butene,80,8.39149846
cis-2-butene,75,6.50138906
cis-2-butene,70,4.94616718
cis-2-butene,65,3.69821869
cis-2-butene,60,2.71997508
cis-2-butene,55,1.96944569
cis-2-butene,50,1.40483669
cis-2-butene,45,0.98769771
cis-2-butene,40,0.68464264
cis-2-butene,35,0.46793365
cis-2-butene,30,0.31531450
cis-2-butene,25,0.20942622
trans-2-butene,160,58.57521872
trans-2-butene,155,55.58372780
trans-2-butene,150,52.44186702
trans-2-butene,145,49.15247473
trans-2-butene,140,45.72347919
trans-2-butene,135,42.16840998
trans-2-butene,130,38.50922081
trans-2-butene,125,34.77645474
trans-2-butene,120,31.01177022
trans-2-butene,115,27.26774379
trans-2-butene,110,23.60602534
trans-2-butene,105,20.09427472
trans-2-butene,100,16.80055194
trans-2-butene,95,13.78671786
trans-2-butene,90,11.10042894
trans-2-butene,85,8.77016250
trans-2-butene,80,6.80259318
trans-2-butene,75,5.18400311
trans-2-butene,70,3.88480465
trans-2-butene,65,2.86535619
trans-2-butene,60,2.08183791
trans-2-butene,55,1.49093091
trans-2-butene,50,1.05295653
trans-2-butene,45,0.73353081
trans-2-butene,40,0.50409284
trans-2-butene,35,0.34169643
trans-2-butene,30,0.22839934
trans-2-butene,25,0.15048813
2-butynedinitrile,160,49.40532599
2-butynedinitrile,155,45.96775102
2-butynedinitrile,150,42.37895553
2-butynedinitrile,145,38.65186777
2-butynedinitrile,140,34.81038203
2-butynedinitrile,135,30.89282031
2-butynedinitrile,130,26.95507769
2-butynedinitrile,125,23.07127380
2-butynedinitrile,120,19.33118867
2-butynedinitrile,115,15.83163240
2-butynedinitrile,110,12.66288290
2-butynedinitrile,105,9.89295502
2-butynedinitrile,100,7.55636947
2-butynedinitrile,95,5.65136522
2-butynedinitrile,90,4.14580808
2-butynedinitrile,85,2.98822771
2-butynedinitrile,80,2.11924732
2-butynedinitrile,75,1.48036580
2-butynedinitrile,70,1.01922195
2-butynedinitrile,65,0.69187317
2-butynedinitrile,60,0.46308905
2-butynedinitrile,55,0.30556666
2-butynedinitrile,50,0.19869910
2-butynedinitrile,45,0.12726759
2-butynedinitrile,40,0.08024284
2-butynedinitrile,35,0.04976859
2-butynedinitrile,30,0.03034062
2-butynedinitrile,25,0.01816526
2-chloro-1-propene,160,55.46297153
2-chloro-1-propene,155,52.96445652
2-chloro-1-propene,150,50.40708503
2-chloro-1-propene,145,47.78980099
2-chloro-1-propene,140,45.11910009
2-chloro-1-propene,135,42.40027011
2-chloro-1-propene,130,39.63748330
2-chloro-1-propene,125,36.84164511
2-chloro-1-propene,120,34.02111895
2-chloro-1-propene,115,31.18853780
2-chloro-1-propene,110,28.35927193
2-chloro-1-propene,105,25.55273234
2-chloro-1-propene,100,22.78705197
2-chloro-1-propene,95,20.08880937
2-chloro-1-propene,90,17.48394359
2-chloro-1-propene,85,15.00213679
2-chloro-1-propene,80,12.67317696
2-chloro-1-propene,75,10.52591973
2-chloro-1-propene,70,8.58563640
2-chloro-1-propene,65,6.87114294
2-chloro-1-propene,60,5.39243770
2-chloro-1-propene,55,4.14926108
2-chloro-1-propene,50,3.13092862
2-chloro-1-propene,45,2.31800884
2-chloro-1-propene,40,1.68498307
2-chloro-1-propene,35,1.20347509
2-chloro-1-propene,30,0.84515261
2-chloro-1-propene,25,0.58387593
2-chloro-2-methylpropane,160,45.09954616
2-chloro-2-methylpropane,155,42.02916300
2-chloro-2-methylpropane,150,38.91552448
2-chloro-2-methylpropane,145,35.77319492
2-chloro-2-methylpropane,140,32.62111328
2-chloro-2-methylpropane,135,29.48254253
2-chloro-2-methylpropane,130,26.38412101
2-chloro-2-methylpropane,125,23.35553404
2-chloro-2-methylpropane,120,20.43032671
2-chloro-2-methylpropane,115,17.64312840
2-chloro-2-methylpropane,110,15.02807027
2-chloro-2-methylpropane,105,12.61604135
2-chloro-2-methylpropane,100,10.43283556
2-chloro-2-methylpropane,95,8.49563702
2-chloro-2-methylpropane,90,6.81192177
2-chloro-2-methylpropane,85,5.37892969
2-chloro-2-methylpropane,80,4.18430786
2-chloro-2-methylpropane,75,3.20816028
2-chloro-2-methylpropane,70,2.42561183
2-chloro-2-methylpropane,65,1.80941589
2-chloro-2-methylpropane,60,1.33228457
2-chloro-2-methylpropane,55,0.96858803
2-chloro-2-methylpropane,50,0.69542838
2-chloro-2-methylpropane,45,0.49313608
2-chloro-2-methylpropane,40,0.34534678
2-chloro-2-methylpropane,35,0.23880225
2-chloro-2-methylpropane,30,0.16299982
2-chloro-2-methylpropane,25,0.10978140
2-chloro-4-methylbenzenamine,160,35.79491875
2-chloro-4-methylbenzenamine,155,33.12576095
2-chloro-4-methylbenzenamine,150,30.49028757
2-chloro-4-methylbenzenamine,145,27.89841588
2-chloro-4-methylbenzenamine,140,25.36233699
2-chloro-4-methylbenzenamine,135,22.89422267
2-chloro-4-methylbenzenamine,130,20.50758805
2-chloro-4-methylbenzenamine,125,18.21567430
2-chloro-4-methylbenzenamine,120,16.03313020
2-chloro-4-methylbenzenamine,115,13.97403931
2-chloro-4-methylbenzenamine,110,12.05125294
2-chloro-4-methylbenzenamine,105,10.27697806
2-chloro-4-methylbenzenamine,100,8.66070425
2-chloro-4-methylbenzenamine,95,7.20881634
2-chloro-4-methylbenzenamine,90,5.92428954
2-chloro-4-methylbenzenamine,85,4.80571419
2-chloro-4-methylbenzenamine,80,3.84754432
2-chloro-4-methylbenzenamine,75,3.04039318
2-chloro-4-methylbenzenamine,70,2.37170464
2-chloro-4-methylbenzenamine,65,1.82672209
2-chloro-4-methylbenzenamine,60,1.38955929
2-chloro-4-methylbenzenamine,55,1.04420568
2-chloro-4-methylbenzenamine,50,0.77534393
2-chloro-4-methylbenzenamine,45,0.56894659
2-chloro-4-methylbenzenamine,40,0.41262247
2-chloro-4-methylbenzenamine,35,0.29575913
2-chloro-4-methylbenzenamine,30,0.20950290
2-chloro-4-methylbenzenamine,25,0.14663427
2-chloro-5-methylphenol,160,32.50955914
2-chloro-5-methylphenol,155,29.67100084
2-chloro-5-methylphenol,150,26.88861014
2-chloro-5-methylphenol,145,24.17977048
2-chloro-5-methylphenol,140,21.56153207
2-chloro-5-methylphenol,135,19.05253458
2-chloro-5-methylphenol,130,16.67133105
2-chloro-5-methylphenol,125,14.43534340
2-chloro-5-methylphenol,120,12.36084858
2-chloro-5-methylphenol,115,10.46114888
2-chloro-5-methylphenol,110,8.74635042
2-chloro-5-methylphenol,105,7.22170074
2-chloro-5-methylphenol,100,5.88748119
2-chloro-5-methylphenol,95,4.73886107
2-chloro-5-methylphenol,90,3.76621278
2-chloro-5-methylphenol,85,2.95594679
2-chloro-5-methylphenol,80,2.29167052
2-chloro-5-methylphenol,75,1.75545195
2-chloro-5-methylphenol,70,1.32898542
2-chloro-5-methylphenol,65,0.99458951
2-chloro-5-methylphenol,60,0.73592559
2-chloro-5-methylphenol,55,0.53843638
2-chloro-5-methylphenol,50,0.38954550
2-chloro-5-methylphenol,45,0.27866789
2-chloro-5-methylphenol,40,0.19709383
2-chloro-5-methylphenol,35,0.13779777
2-chloro-5-methylphenol,30,0.09521311
2-chloro-5-methylphenol,25,0.06500072
2-chloroacetamide,160,0.05475936
2-chloroacetamide,155,0.03817048
2-chloroacetamide,150,0.02639373
2-chloroacetamide,145,0.01809861
2-chloroacetamide,140,0.01230374
2-chloroacetamide,135,0.00829010
2-chloroacetamide,130,0.00553479
2-chloroacetamide,125,0.00366061
2-chloroacetamide,120,0.00239780
2-chloroacetamide,115,0.00155517
2-chloroacetamide,110,0.00099851
2-chloroacetamide,105,0.00063451
2-chloroacetamide,100,0.00039898
2-chloroacetamide,95,0.00024819
2-chloroacetamide,90,0.00015271
2-chloroacetamide,85,0.00009292
2-chloroacetamide,80,0.00005590
2-chloroacetamide,75,0.00003324
2-chloroacetamide,70,0.00001954
2-chloroacetamide,65,0.00001135
2-chloroacetamide,60,0.00000651
2-chloroacetamide,55,0.00000369
2-chloroacetamide,50,0.00000206
2-chloroacetamide,45,0.00000114
2-chloroacetamide,40,0.00000062
2-chloroacetamide,35,0.00000034
2-chloroacetamide,30,0.00000018
2-chloroacetamide,25,0.00000009
2-chlorobutane,160,44.24251974
2-chlorobutane,155,41.09677004
2-chlorobutane,150,37.91121854
2-chlorobutane,145,34.70305413
2-chlorobutane,140,31.49427768
2-chlorobutane,135,28.31183708
2-chlorobutane,130,25.18525226
2-chlorobutane,125,22.14846983
2-chlorobutane,120,19.23726208
2-chlorobutane,115,16.48765227
2-chlorobutane,110,13.93318010
2-chlorobutane,105,11.60306645
2-chlorobutane,100,9.51839159
2-chlorobutane,95,7.69070948
2-chlorobutane,90,6.12112796
2-chlorobutane,85,4.80050026
2-chlorobutane,80,3.71125852
2-chlorobutane,75,2.82978409
2-chlorobutane,70,2.12912617
2-chlorobutane,65,1.58146482
2-chlorobutane,60,1.16006165
2-chlorobutane,55,0.84055816
2-chlorobutane,50,0.60168105
2-chlorobutane,45,0.42546931
2-chlorobutane,40,0.29717515
2-chlorobutane,35,0.20496965
2-chlorobutane,30,0.13955513
2-chlorobutane,25,0.09375348
2-chlorocyclohexanone,160,25.76111129
2-chlorocyclohexanone,155,22.44293978
2-chlorocyclohexanone,150,19.30924793
2-chlorocyclohexanone,145,16.40120776
2-chlorocyclohexanone,140,13.75191404
2-chlorocyclohexanone,135,11.38346939
2-chlorocyclohexanone,130,9.30552731
2-chlorocyclohexanone,125,7.51546171
2-chlorocyclohexanone,120,5.99994336
2-chlorocyclohexanone,115,4.73755585
2-chlorocyclohexanone,110,3.70172269
2-chlorocyclohexanone,105,2.86348449
2-chlorocyclohexanone,100,2.19375678
2-chlorocyclohexanone,95,1.66495868
2-chlorocyclohexanone,90,1.25203171
2-chlorocyclohexanone,85,0.93294956
2-chlorocyclohexanone,80,0.68885525
2-chlorocyclohexanone,75,0.50394905
2-chlorocyclohexanone,70,0.36522944
2-chlorocyclohexanone,65,0.26216245
2-chlorocyclohexanone,60,0.18632980
2-chlorocyclohexanone,55,0.13108770
2-chlorocyclohexanone,50,0.09125381
2-chlorocyclohexanone,45,0.06283096
2-chlorocyclohexanone,40,0.04276982
2-chlorocyclohexanone,35,0.02876958
2-chlorocyclohexanone,30,0.01911338
2-chlorocyclohexanone,25,0.01253453
2-chloroethanolacetate,160,17.92381369
2-chloroethanolacetate,155,14.59680779
2-chloroethanolacetate,150,11.71800469
2-chloroethanolacetate,145,9.28716813
2-chloroethanolacetate,140,7.27718420
2-chloroethanolacetate,135,5.64426909
2-chloroethanolacetate,130,4.33719298
2-chloroethanolacetate,125,3.30401124
2-chloroethanolacetate,120,2.49619769
2-chloroethanolacetate,115,1.87072714
2-chloroethanolacetate,110,1.39078469
2-chloroethanolacetate,105,1.02565150
2-chloroethanolacetate,100,0.75017751
2-chloroethanolacetate,95,0.54407227
2-chloroethanolacetate,90,0.39116363
2-chloroethanolacetate,85,0.27869716
2-chloroethanolacetate,80,0.19671023
2-chloroethanolacetate,75,0.13749203
2-chloroethanolacetate,70,0.09512814
2-chloroethanolacetate,65,0.06512324
2-chloroethanolacetate,60,0.04409236
2-chloroethanolacetate,55,0.02951112
2-chloroethanolacetate,50,0.01951584
2-chloroethanolacetate,45,0.01274504
2-chloroethanolacetate,40,0.00821503
2-chloroethanolacetate,35,0.00522323
2-chloroethanolacetate,30,0.00327391
2-chloroethanolacetate,25,0.00202167
b-phenylethylchloride,160,32.78375026
b-phenylethylchloride,155,29.93711177
b-phenylethylchloride,150,27.14694775
b-phenylethylchloride,145,24.43042183
b-phenylethylchloride,140,21.80483986
b-phenylethylchloride,135,19.28878155
b-phenylethylchloride,130,16.90067426
b-phenylethylchloride,125,14.65775055
b-phenylethylchloride,120,12.57592340
b-phenylethylchloride,115,10.66811826
b-phenylethylchloride,110,8.94402313
b-phenylethylchloride,105,7.40859471
b-phenylethylchloride,100,6.06197222
b-phenylethylchloride,95,4.89938787
b-phenylethylchloride,90,3.91148832
b-phenylethylchloride,85,3.08512683
b-phenylethylchloride,80,2.40445264
b-phenylethylchloride,75,1.85209676
b-phenylethylchloride,70,1.41026295
b-phenylethylchloride,65,1.06167634
b-phenylethylchloride,60,0.79027767
b-phenylethylchloride,55,0.58165994
b-phenylethylchloride,50,0.42328297
b-phenylethylchloride,45,0.30450726
b-phenylethylchloride,40,0.21650391
b-phenylethylchloride,35,0.15208808
b-phenylethylchloride,30,0.10551448
b-phenylethylchloride,25,0.07226192
2-chloroethylethylether,160,39.33675940
2-chloroethylethylether,155,36.18338602
2-chloroethylethylether,150,33.02572317
2-chloroethylethylether,145,29.88450640
2-chloroethylethylether,140,26.78561334
2-chloroethylethylether,135,23.75790547
2-chloroethylethylether,130,20.83213529
2-chloroethylethylether,125,18.04179067
2-chloroethylethylether,120,15.41935206
2-chloroethylethylether,115,12.99464026
2-chloroethylethylether,110,10.79288695
2-chloroethylethylether,105,8.83149658
2-chloroethylethylether,100,7.11882614
2-chloroethylethylether,95,5.65351631
2-chloroethylethylether,90,4.42488523
2-chloroethylethylether,85,3.41470199
2-chloroethylethylether,80,2.59953256
2-chloroethylethylether,75,1.95321435
2-chloroethylethylether,70,1.44914882
2-chloroethylethylether,65,1.06203191
2-chloroethylethylether,60,0.76899952
2-chloroethylethylether,55,0.55020693
2-chloroethylethylether,50,0.38898331
2-chloroethylethylether,45,0.27169606
2-chloroethylethylether,40,0.18744727
2-chloroethylethylether,35,0.12769454
2-chloroethylethylether,30,0.08585769
2-chloroethylethylether,25,0.05694841
2-chloroethylethylsulfide,160,37.44876974
2-chloroethylethylsulfide,155,34.57102583
2-chloroethylethylsulfide,150,31.71247324
2-chloroethylethylsulfide,145,28.88883145
2-chloroethylethylsulfide,140,26.11671538
2-chloroethylethylsulfide,135,23.41354767
2-chloroethylethylsulfide,130,20.79958723
2-chloroethylethylsulfide,125,18.29488576
2-chloroethylethylsulfide,120,15.91996615
2-chloroethylethylsulfide,115,13.69516023
2-chloroethylethylsulfide,110,11.63842986
2-chloroethylethylsulfide,105,9.76452168
2-chloroethylethylsulfide,100,8.08412802
2-chloroethylethylsulfide,95,6.60242248
2-chloroethylethylsulfide,90,5.31855048
2-chloroethylethylsulfide,85,4.22582438
2-chloroethylethylsulfide,80,3.31227085
2-chloroethylethylsulfide,75,2.56180672
2-chloroethylethylsulfide,70,1.95571241
2-chloroethylethylsulfide,65,1.47413206
2-chloroethylethylsulfide,60,1.09738043
2-chloroethylethylsulfide,55,0.80696356
2-chloroethylethylsulfide,50,0.58623565
2-chloroethylethylsulfide,45,0.42073976
2-chloroethylethylsulfide,40,0.29828620
2-chloroethylethylsulfide,35,0.20885317
2-chloroethylethylsulfide,30,0.14437900
2-chloroethylethylsulfide,25,0.09850277
2-chlorophenol,160,37.88068511
2-chlorophenol,155,35.10270424
2-chlorophenol,150,32.34212429
2-chlorophenol,145,29.61103769
2-chlorophenol,140,26.92253385
2-chlorophenol,135,24.29165494
2-chlorophenol,130,21.73409965
2-chlorophenol,125,19.26729403
2-chlorophenol,120,16.90972350
2-chlorophenol,115,14.67984739
2-chlorophenol,110,12.59511476
2-chlorophenol,105,10.67210464
2-chlorophenol,100,8.92416003
2-chlorophenol,95,7.36062078
2-chlorophenol,90,5.98604694
2-chlorophenol,85,4.79915478
2-chlorophenol,80,3.79317927
2-chlorophenol,75,2.95627003
2-chlorophenol,70,2.27263568
2-chlorophenol,65,1.72400099
2-chlorophenol,60,1.29109134
2-chlorophenol,55,0.95491966
2-chlorophenol,50,0.69778538
2-chlorophenol,45,0.50389657
2-chlorophenol,40,0.35967213
2-chlorophenol,35,0.25378172
2-chlorophenol,30,0.17701403
2-chlorophenol,25,0.12204539
2-chlorothiophene,160,38.59253618
2-chlorothiophene,155,35.65885659
2-chlorothiophene,150,32.73604887
2-chlorothiophene,145,29.84095733
2-chlorothiophene,140,26.99076474
2-chlorothiophene,135,24.20527925
2-chlorothiophene,130,21.50652258
2-chlorothiophene,125,18.91646974
2-chlorothiophene,120,16.45821439
2-chlorothiophene,115,14.15380943
2-chlorothiophene,110,12.02319446
2-chlorothiophene,105,10.08256586
2-chlorothiophene,100,8.34357478
2-chlorothiophene,95,6.81177446
2-chlorothiophene,90,5.48613657
2-chlorothiophene,85,4.35934894
2-chlorothiophene,80,3.41850409
2-chlorothiophene,75,2.64643746
2-chlorothiophene,70,2.02334510
2-chlorothiophene,65,1.52838717
2-chlorothiophene,60,1.14104938
2-chlorothiophene,55,0.84217968
2-chlorothiophene,50,0.61463236
2-chlorothiophene,45,0.44358278
2-chlorothiophene,40,0.31657532
2-chlorothiophene,35,0.22339584
2-chlorothiophene,30,0.15584117
2-chlorothiophene,25,0.10744244
aceticacid-2-ethylhexylester,160,16.94890200
aceticacid-2-ethylhexylester,155,14.55410948
aceticacid-2-ethylhexylester,150,12.39200972
aceticacid-2-ethylhexylester,145,10.46262543
aceticacid-2-ethylhexylester,140,8.76047945
aceticacid-2-ethylhexylester,135,7.27543781
aceticacid-2-ethylhexylester,130,5.99369660
aceticacid-2-ethylhexylester,125,4.89886419
aceticacid-2-ethylhexylester,120,3.97297020
aceticacid-2-ethylhexylester,115,3.19742225
aceticacid-2-ethylhexylester,110,2.55377500
aceticacid-2-ethylhexylester,105,2.02433253
aceticacid-2-ethylhexylester,100,1.59257657
aceticacid-2-ethylhexylester,95,1.24343743
aceticacid-2-ethylhexylester,90,0.96343320
aceticacid-2-ethylhexylester,85,0.74070479
aceticacid-2-ethylhexylester,80,0.56497592
aceticacid-2-ethylhexylester,75,0.42745960
aceticacid-2-ethylhexylester,70,0.32073324
aceticacid-2-ethylhexylester,65,0.23859691
aceticacid-2-ethylhexylester,60,0.17592635
aceticacid-2-ethylhexylester,55,0.12852895
aceticacid-2-ethylhexylester,50,0.09300776
aceticacid-2-ethylhexylester,45,0.06663699
aceticacid-2-ethylhexylester,40,0.04725029
aceticacid-2-ethylhexylester,35,0.03314261
aceticacid-2-ethylhexylester,30,0.02298510
aceticacid-2-ethylhexylester,25,0.01575259
2-propenoicacid-2-ethylhexylester,160,14.24230256
2-propenoicacid-2-ethylhexylester,155,12.08844782
2-propenoicacid-2-ethylhexylester,150,10.17763327
2-propenoicacid-2-ethylhexylester,145,8.50111578
2-propenoicacid-2-ethylhexylester,140,7.04575523
2-propenoicacid-2-ethylhexylester,135,5.79519420
2-propenoicacid-2-ethylhexylester,130,4.73103118
2-propenoicacid-2-ethylhexylester,125,3.83387754
2-propenoicacid-2-ethylhexylester,120,3.08424335
2-propenoicacid-2-ethylhexylester,115,2.46322929
2-propenoicacid-2-ethylhexylester,110,1.95302612
2-propenoicacid-2-ethylhexylester,105,1.53724357
2-propenoicacid-2-ethylhexylester,100,1.20109177
2-propenoicacid-2-ethylhexylester,95,0.93144976
2-propenoicacid-2-ethylhexylester,90,0.71684806
2-propenoicacid-2-ethylhexylester,85,0.54739183
2-propenoicacid-2-ethylhexylester,80,0.41464551
2-propenoicacid-2-ethylhexylester,75,0.31149592
2-propenoicacid-2-ethylhexylester,70,0.23200611
2-propenoicacid-2-ethylhexylester,65,0.17126910
2-propenoicacid-2-ethylhexylester,60,0.12526737
2-propenoicacid-2-ethylhexylester,55,0.09074215
2-propenoicacid-2-ethylhexylester,50,0.06507450
2-propenoicacid-2-ethylhexylester,45,0.04617927
2-propenoicacid-2-ethylhexylester,40,0.03241204
2-propenoicacid-2-ethylhexylester,35,0.02248856
2-propenoicacid-2-ethylhexylester,30,0.01541589
2-propenoicacid-2-ethylhexylester,25,0.01043435
2-ethyl-1-butanol,160,13.27356555
2-ethyl-1-butanol,155,10.00915345
2-ethyl-1-butanol,150,7.43114538
2-ethyl-1-butanol,145,5.44458492
2-ethyl-1-butanol,140,3.94262058
2-ethyl-1-butanol,135,2.82428384
2-ethyl-1-butanol,130,2.00231795
2-ethyl-1-butanol,125,1.40517291
2-ethyl-1-butanol,120,0.97608799
2-ethyl-1-butanol,115,0.67104447
2-ethyl-1-butanol,110,0.45649029
2-ethyl-1-butanol,105,0.30720776
2-ethyl-1-butanol,100,0.20448074
2-ethyl-1-butanol,95,0.13458391
2-ethyl-1-butanol,90,0.08757085
2-ethyl-1-butanol,85,0.05631981
2-ethyl-1-butanol,80,0.03579409
2-ethyl-1-butanol,75,0.02247631
2-ethyl-1-butanol,70,0.01394171
2-ethyl-1-butanol,65,0.00854073
2-ethyl-1-butanol,60,0.00516612
2-ethyl-1-butanol,55,0.00308474
2-ethyl-1-butanol,50,0.00181777
2-ethyl-1-butanol,45,0.00105679
2-ethyl-1-butanol,40,0.00060592
2-ethyl-1-butanol,35,0.00034249
2-ethyl-1-butanol,30,0.00019076
2-ethyl-1-butanol,25,0.00010464
2-ethyl-1-butene,160,31.26410414
2-ethyl-1-butene,155,26.97109967
2-ethyl-1-butene,150,22.90641588
2-ethyl-1-butene,145,19.15932178
2-ethyl-1-butene,140,15.79449330
2-ethyl-1-butene,135,12.84634472
2-ethyl-1-butene,130,10.31999793
2-ethyl-1-butene,125,8.19701171
2-ethyl-1-butene,120,6.44305406
2-ethyl-1-butene,115,5.01523159
2-ethyl-1-butene,110,3.86787564
2-ethyl-1-butene,105,2.95651180
2-ethyl-1-butene,100,2.24020737
2-ethyl-1-butene,95,1.68274560
2-ethyl-1-butene,90,1.25297958
2-ethyl-1-butene,85,0.92469829
2-ethyl-1-butene,80,0.67622313
2-ethyl-1-butene,75,0.48988080
2-ethyl-1-butene,70,0.35144283
2-ethyl-1-butene,65,0.24958363
2-ethyl-1-butene,60,0.17538374
2-ethyl-1-butene,55,0.12189107
2-ethyl-1-butene,50,0.08374226
2-ethyl-1-butene,45,0.05684235
2-ethyl-1-butene,40,0.03809795
2-ethyl-1-butene,35,0.02519787
2-ethyl-1-butene,30,0.01643503
2-ethyl-1-butene,25,0.01056365
2-ethyl-1-hexanol,160,7.24996778
2-ethyl-1-hexanol,155,5.46126637
2-ethyl-1-hexanol,150,4.07494257
2-ethyl-1-hexanol,145,3.01280817
2-ethyl-1-hexanol,140,2.20738983
2-ethyl-1-hexanol,135,1.60251497
2-ethyl-1-hexanol,130,1.15252582
2-ethyl-1-hexanol,125,0.82093144
2-ethyl-1-hexanol,120,0.57894442
2-ethyl-1-hexanol,115,0.40411163
2-ethyl-1-hexanol,110,0.27910094
2-ethyl-1-hexanol,105,0.19066971
2-ethyl-1-hexanol,100,0.12880529
2-ethyl-1-hexanol,95,0.08601919
2-ethyl-1-hexanol,90,0.05677423
2-ethyl-1-hexanol,85,0.03702469
2-ethyl-1-hexanol,80,0.02385115
2-ethyl-1-hexanol,75,0.01517398
2-ethyl-1-hexanol,70,0.00953137
2-ethyl-1-hexanol,65,0.00590968
2-ethyl-1-hexanol,60,0.00361582
2-ethyl-1-hexanol,55,0.00218249
2-ethyl-1-hexanol,50,0.00129914
2-ethyl-1-hexanol,45,0.00076235
2-ethyl-1-hexanol,40,0.00044083
2-ethyl-1-hexanol,35,0.00025107
2-ethyl-1-hexanol,30,0.00014077
2-ethyl-1-hexanol,25,0.00007765
2-furancarbonitrile,160,36.10206465
2-furancarbonitrile,155,31.99838825
2-furancarbonitrile,150,27.90813636
2-furancarbonitrile,145,23.91485072
2-furancarbonitrile,140,20.11178155
2-furancarbonitrile,135,16.58992007
2-furancarbonitrile,130,13.42496131
2-furancarbonitrile,125,10.66574949
2-furancarbonitrile,120,8.32929505
2-furancarbonitrile,115,6.40298787
2-furancarbonitrile,110,4.85207124
2-furancarbonitrile,105,3.62893771
2-furancarbonitrile,100,2.68143800
2-furancarbonitrile,95,1.95885130
2-furancarbonitrile,90,1.41540008
2-furancarbonitrile,85,1.01182101
2-furancarbonitrile,80,0.71564672
2-furancarbonitrile,75,0.50075458
2-furancarbonitrile,70,0.34657197
2-furancarbonitrile,65,0.23717903
2-furancarbonitrile,60,0.16044065
2-furancarbonitrile,55,0.10723184
2-furancarbonitrile,50,0.07077813
2-furancarbonitrile,45,0.04611233
2-furancarbonitrile,40,0.02963720
2-furancarbonitrile,35,0.01878034
2-furancarbonitrile,30,0.01172582
2-furancarbonitrile,25,0.00720888
2-heptanol,160,11.24060073
2-heptanol,155,8.60019420
2-heptanol,150,6.49704109
2-heptanol,145,4.85245721
2-heptanol,140,3.58589593
2-heptanol,135,2.62310018
2-heptanol,130,1.89972774
2-heptanol,125,1.36215103
2-heptanol,120,0.96685728
2-heptanol,115,0.67922558
2-heptanol,110,0.47214183
2-heptanol,105,0.32465348
2-heptanol,100,0.22076781
2-heptanol,95,0.14842233
2-heptanol,90,0.09862645
2-heptanol,85,0.06475968
2-heptanol,80,0.04200715
2-heptanol,75,0.02691170
2-heptanol,70,0.01702359
2-heptanol,65,0.01063027
2-heptanol,60,0.00655098
2-heptanol,55,0.00398304
2-heptanol,50,0.00238858
2-heptanol,45,0.00141232
2-heptanol,40,0.00082307
2-heptanol,35,0.00047257
2-heptanol,30,0.00026719
2-heptanol,25,0.00014869
(z)-2-butenoicacid,160,16.21268909
(z)-2-butenoicacid,155,12.40263893
(z)-2-butenoicacid,150,9.32037999
(z)-2-butenoicacid,145,6.89924904
(z)-2-butenoicacid,140,5.04134007
(z)-2-butenoicacid,135,3.64191130
(z)-2-butenoicacid,130,2.60373139
(z)-2-butenoicacid,125,1.84341017
(z)-2-butenoicacid,120,1.29289124
(z)-2-butenoicacid,115,0.89843703
(z)-2-butenoicacid,110,0.61860997
(z)-2-butenoicacid,105,0.42202159
(z)-2-butenoicacid,100,0.28523785
(z)-2-butenoicacid,95,0.19098166
(z)-2-butenoicacid,90,0.12666101
(z)-2-butenoicacid,85,0.08319867
(z)-2-butenoicacid,80,0.05412151
(z)-2-butenoicacid,75,0.03486296
(z)-2-butenoicacid,70,0.02223628
(z)-2-butenoicacid,65,0.01404194
(z)-2-butenoicacid,60,0.00877850
(z)-2-butenoicacid,55,0.00543251
(z)-2-butenoicacid,50,0.00332751
(z)-2-butenoicacid,45,0.00201705
(z)-2-butenoicacid,40,0.00120983
(z)-2-butenoicacid,35,0.00071789
(z)-2-butenoicacid,30,0.00042132
(z)-2-butenoicacid,25,0.00024449
2-methylcyclohexanol,160,12.63485279
2-methylcyclohexanol,155,9.56796990
2-methylcyclohexanol,150,7.14218342
2-methylcyclohexanol,145,5.26686120
2-methylcyclohexanol,140,3.84211591
2-methylcyclohexanol,135,2.77463698
2-methylcyclohexanol,130,1.98421094
2-methylcyclohexanol,125,1.40515677
2-methylcyclohexanol,120,0.98526268
2-methylcyclohexanol,115,0.68385317
2-methylcyclohexanol,110,0.46970841
2-methylcyclohexanol,105,0.31916235
2-methylcyclohexanol,100,0.21447465
2-methylcyclohexanol,95,0.14249148
2-methylcyclohexanol,90,0.09356745
2-methylcyclohexanol,85,0.06071064
2-methylcyclohexanol,80,0.03891311
2-methylcyclohexanol,75,0.02463256
2-methylcyclohexanol,70,0.01539565
2-methylcyclohexanol,65,0.00949844
2-methylcyclohexanol,60,0.00578308
2-methylcyclohexanol,55,0.00347373
2-methylcyclohexanol,50,0.00205794
2-methylcyclohexanol,45,0.00120204
2-methylcyclohexanol,40,0.00069199
2-methylcyclohexanol,35,0.00039245
2-methylcyclohexanol,30,0.00021917
2-methylcyclohexanol,25,0.00012046
2-methylcyclohexanone,160,41.71134886
2-methylcyclohexanone,155,38.94640431
2-methylcyclohexanone,150,36.18619202
2-methylcyclohexanone,145,33.44174812
2-methylcyclohexanone,140,30.72561762
2-methylcyclohexanone,135,28.05083488
2-methylcyclohexanone,130,25.43197548
2-methylcyclohexanone,125,22.88421224
2-methylcyclohexanone,120,20.42418169
2-methylcyclohexanone,115,18.06839458
2-methylcyclohexanone,110,15.83270495
2-methylcyclohexanone,105,13.73314867
2-methylcyclohexanone,100,11.78393423
2-methylcyclohexanone,95,9.99669991
2-methylcyclohexanone,90,8.38022258
2-methylcyclohexanone,85,6.93926186
2-methylcyclohexanone,80,5.67442090
2-methylcyclohexanone,75,4.58160525
2-methylcyclohexanone,70,3.65262004
2-methylcyclohexanone,65,2.87562316
2-methylcyclohexanone,60,2.23605337
2-methylcyclohexanone,55,1.71774864
2-methylcyclohexanone,50,1.30398317
2-methylcyclohexanone,45,0.97840218
2-methylcyclohexanone,40,0.72572327
2-methylcyclohexanone,35,0.53220378
2-methylcyclohexanone,30,0.38587504
2-methylcyclohexanone,25,0.27659732
2-methylpyrazine,160,48.63200372
2-methylpyrazine,155,45.95348853
2-methylpyrazine,150,43.23745158
2-methylpyrazine,145,40.48979935
2-methylpyrazine,140,37.71741356
2-methylpyrazine,135,34.93153744
2-methylpyrazine,130,32.14163286
2-methylpyrazine,125,29.36421351
2-methylpyrazine,120,26.61055267
2-methylpyrazine,115,23.90124842
2-methylpyrazine,110,21.25549599
2-methylpyrazine,105,18.69601791
2-methylpyrazine,100,16.24638639
2-methylpyrazine,95,13.93125536
2-methylpyrazine,90,11.77481206
2-methylpyrazine,85,9.79922720
2-methylpyrazine,80,8.02251237
2-methylpyrazine,75,6.45666287
2-methylpyrazine,70,5.10644190
2-methylpyrazine,65,3.96816414
2-methylpyrazine,60,3.03040768
2-methylpyrazine,55,2.27522889
2-methylpyrazine,50,1.68031663
2-methylpyrazine,45,1.22136590
2-methylpyrazine,40,0.87421081
2-methylpyrazine,35,0.61642733
2-methylpyrazine,30,0.42830823
2-methylpyrazine,25,0.29327941
2-methyltetrahydrofuran,160,50.87425803
2-methyltetrahydrofuran,155,48.25115788
2-methyltetrahydrofuran,150,45.58997603
2-methyltetrahydrofuran,145,42.89828432
2-methyltetrahydrofuran,140,40.18343016
2-methyltetrahydrofuran,135,37.45348000
2-methyltetrahydrofuran,130,34.72021841
2-methyltetrahydrofuran,125,31.99521848
2-methyltetrahydrofuran,120,29.29270762
2-methyltetrahydrofuran,115,26.62533493
2-methyltetrahydrofuran,110,24.01043089
2-methyltetrahydrofuran,105,21.46650722
2-methyltetrahydrofuran,100,19.01118727
2-methyltetrahydrofuran,95,16.66402826
2-methyltetrahydrofuran,90,14.44423930
2-methyltetrahydrofuran,85,12.37007990
2-methyltetrahydrofuran,80,10.45825846
2-methyltetrahydrofuran,75,8.72228962
2-methyltetrahydrofuran,70,7.17159244
2-methyltetrahydrofuran,65,5.81045485
2-methyltetrahydrofuran,60,4.63776473
2-methyltetrahydrofuran,55,3.64650815
2-methyltetrahydrofuran,50,2.82471079
2-methyltetrahydrofuran,45,2.15635623
2-methyltetrahydrofuran,40,1.62285060
2-methyltetrahydrofuran,35,1.20455582
2-methyltetrahydrofuran,30,0.88214338
2-methyltetrahydrofuran,25,0.63761797
methyldioxolane,160,48.99589845
methyldioxolane,155,46.18693412
methyldioxolane,150,43.33171686
methyldioxolane,145,40.43900356
methyldioxolane,140,37.51957763
methyldioxolane,135,34.58773737
methyldioxolane,130,31.65701530
methyldioxolane,125,28.74702048
methyldioxolane,120,25.87881901
methyldioxolane,115,23.07436122
methyldioxolane,110,20.35865902
methyldioxolane,105,17.75764255
methyldioxolane,100,15.29731935
methyldioxolane,95,13.00296077
methyldioxolane,90,10.89684283
methyldioxolane,85,8.99676670
methyldioxolane,80,7.31430074
methyldioxolane,75,5.85395082
methyldioxolane,70,4.61205803
methyldioxolane,65,3.57767816
methyldioxolane,60,2.73362386
methyldioxolane,55,2.05839381
methyldioxolane,50,1.52831512
methyldioxolane,45,1.11950822
methyldioxolane,40,0.80941802
methyldioxolane,35,0.57783390
methyldioxolane,30,0.40739287
methyldioxolane,25,0.28368800
2-methyl-1-butanol,160,17.64528124
2-methyl-1-butanol,155,13.39839581
2-methyl-1-butanol,150,9.96097636
2-methyl-1-butanol,145,7.27801313
2-methyl-1-butanol,140,5.24095817
2-methyl-1-butanol,135,3.72662088
2-methyl-1-butanol,130,2.61950575
2-methyl-1-butanol,125,1.82132845
2-methyl-1-butanol,120,1.25295351
2-methyl-1-butanol,115,0.85285974
2-methyl-1-butanol,110,0.57435079
2-methyl-1-butanol,105,0.38261703
2-methyl-1-butanol,100,0.25208956
2-methyl-1-butanol,95,0.16423294
2-methyl-1-butanol,90,0.10577739
2-methyl-1-butanol,85,0.06733921
2-methyl-1-butanol,80,0.04236475
2-methyl-1-butanol,75,0.02633444
2-methyl-1-butanol,70,0.01617141
2-methyl-1-butanol,65,0.00980834
2-methyl-1-butanol,60,0.00587464
2-methyl-1-butanol,55,0.00347386
2-methyl-1-butanol,50,0.00202761
2-methyl-1-butanol,45,0.00116784
2-methyl-1-butanol,40,0.00066355
2-methyl-1-butanol,35,0.00037179
2-methyl-1-butanol,30,0.00020536
2-methyl-1-butanol,25,0.00011176
2-methyl-1-butene,160,46.89932091
2-methyl-1-butene,155,43.14920363
2-methyl-1-butene,150,39.29741056
2-methyl-1-butene,145,35.38369859
2-methyl-1-butene,140,31.45975877
2-methyl-1-butene,135,27.58791138
2-methyl-1-butene,130,23.83789605
2-methyl-1-butene,125,20.28064703
2-methyl-1-butene,120,16.98176953
2-methyl-1-butene,115,13.99408218
2-methyl-1-butene,110,11.35214040
2-methyl-1-butene,105,9.07007265
2-methyl-1-butene,100,7.14235562
2-methyl-1-butene,95,5.54750335
2-methyl-1-butene,90,4.25301661
2-methyl-1-butene,85,3.22048704
2-methyl-1-butene,80,2.40989613
2-methyl-1-butene,75,1.78275736
2-methyl-1-butene,70,1.30408145
2-methyl-1-butene,65,0.94335768
2-methyl-1-butene,60,0.67482695
2-methyl-1-butene,55,0.47729672
2-methyl-1-butene,50,0.33370017
2-methyl-1-butene,45,0.23054188
2-methyl-1-butene,40,0.15732145
2-methyl-1-butene,35,0.10598862
2-methyl-1-butene,30,0.07045696
2-methyl-1-butene,25,0.04618652
2-chloro-2-butenal,160,36.71762631
2-chloro-2-butenal,155,33.21877600
2-chloro-2-butenal,150,29.73744737
2-chloro-2-butenal,145,26.31333158
2-chloro-2-butenal,140,22.99006613
2-chloro-2-butenal,135,19.81413979
2-chloro-2-butenal,130,16.83118655
2-chloro-2-butenal,125,14.08277896
2-chloro-2-butenal,120,11.60186494
2-chloro-2-butenal,115,9.41011084
2-chloro-2-butenal,110,7.51571487
2-chloro-2-butenal,105,5.91339357
2-chloro-2-butenal,100,4.58616238
2-chloro-2-butenal,95,3.50834090
2-chloro-2-butenal,90,2.64903955
2-chloro-2-butenal,85,1.97550450
2-chloro-2-butenal,80,1.45576876
2-chloro-2-butenal,75,1.06046638
2-chloro-2-butenal,70,0.76382986
2-chloro-2-butenal,65,0.54404914
2-chloro-2-butenal,60,0.38318992
2-chloro-2-butenal,55,0.26685129
2-chloro-2-butenal,50,0.18369900
2-chloro-2-butenal,45,0.12496641
2-chloro-2-butenal,40,0.08397768
2-chloro-2-butenal,35,0.05572187
2-chloro-2-butenal,30,0.03648890
2-chloro-2-butenal,25,0.02356826
2-methyl-1-pentanol,160,13.03142448
2-methyl-1-pentanol,155,9.83268675
2-methyl-1-pentanol,150,7.30811099
2-methyl-1-pentanol,145,5.36198990
2-methyl-1-pentanol,140,3.88905089
2-methyl-1-pentanol,135,2.79069994
2-methyl-1-pentanol,130,1.98201718
2-methyl-1-pentanol,125,1.39341181
2-methyl-1-pentanol,120,0.96963190
2-methyl-1-pentanol,115,0.66775960
2-methyl-1-pentanol,110,0.45501448
2-methyl-1-pentanol,105,0.30670191
2-methyl-1-pentanol,100,0.20444909
2-methyl-1-pentanol,95,0.13474863
2-methyl-1-pentanol,90,0.08778723
2-methyl-1-pentanol,85,0.05652076
2-methyl-1-pentanol,80,0.03595507
2-methyl-1-pentanol,75,0.02259414
2-methyl-1-pentanol,70,0.01402241
2-methyl-1-pentanol,65,0.00859302
2-methyl-1-pentanol,60,0.00519833
2-methyl-1-pentanol,55,0.00310361
2-methyl-1-pentanol,50,0.00182824
2-methyl-1-pentanol,45,0.00106225
2-methyl-1-pentanol,40,0.00060855
2-methyl-1-pentanol,35,0.00034361
2-methyl-1-pentanol,30,0.00019113
2-methyl-1-pentanol,25,0.00010469
2-methyl-2-butanol,160,23.03169974
2-methyl-2-butanol,155,18.18277115
2-methyl-2-butanol,150,13.98352171
2-methyl-2-butanol,145,10.51338308
2-methyl-2-butanol,140,7.75517607
2-methyl-2-butanol,135,5.62927958
2-methyl-2-butanol,130,4.02965530
2-methyl-2-butanol,125,2.84877556
2-methyl-2-butanol,120,1.99066650
2-methyl-2-butanol,115,1.37558506
2-methyl-2-butanol,110,0.94017131
2-methyl-2-butanol,105,0.63557101
2-methyl-2-butanol,100,0.42493402
2-methyl-2-butanol,95,0.28094245
2-methyl-2-butanol,90,0.18364438
2-methyl-2-butanol,85,0.11866528
2-methyl-2-butanol,80,0.07578366
2-methyl-2-butanol,75,0.04782485
2-methyl-2-butanol,70,0.02981793
2-methyl-2-butanol,65,0.01836390
2-methyl-2-butanol,60,0.01116937
2-methyl-2-butanol,55,0.00670772
2-methyl-2-butanol,50,0.00397649
2-methyl-2-butanol,45,0.00232640
2-methyl-2-butanol,40,0.00134276
2-methyl-2-butanol,35,0.00076435
2-methyl-2-butanol,30,0.00042894
2-methyl-2-butanol,25,0.00023721
2-methyl-2-butene,160,45.50598595
2-methyl-2-butene,155,41.58296780
2-methyl-2-butene,150,37.56538711
2-methyl-2-butene,145,33.50513872
2-methyl-2-butene,140,29.46817125
2-methyl-2-butene,135,25.53010947
2-methyl-2-butene,130,21.77111997
2-methyl-2-butene,125,18.26699184
2-methyl-2-butene,120,15.08029464
2-methyl-2-butene,115,12.25372119
2-methyl-2-butene,110,9.80659949
2-methyl-2-butene,105,7.73586358
2-methyl-2-butene,100,6.02014689
2-methyl-2-butene,95,4.62552968
2-methyl-2-butene,90,3.51133377
2-methyl-2-butene,85,2.63497150
2-methyl-2-butene,80,1.95542469
2-methyl-2-butene,75,1.43538498
2-methyl-2-butene,70,1.04230822
2-methyl-2-butene,65,0.74869845
2-methyl-2-butene,60,0.53190536
2-methyl-2-butene,55,0.37365397
2-methyl-2-butene,50,0.25945779
2-methyl-2-butene,45,0.17801113
2-methyl-2-butene,40,0.12061551
2-methyl-2-butene,35,0.08066776
2-methyl-2-butene,30,0.05322036
2-methyl-2-butene,25,0.03461402
2-methylfuran,160,53.56748413
2-methylfuran,155,51.04665854
2-methylfuran,150,48.47473581
2-methylfuran,145,45.85489647
2-methylfuran,140,43.19280565
2-methylfuran,135,40.49226350
2-methylfuran,130,37.76271696
2-methylfuran,125,35.01121886
2-methylfuran,120,32.24967347
2-methylfuran,115,29.49111802
2-methylfuran,110,26.74889725
2-methylfuran,105,24.04190080
2-methylfuran,100,21.38997627
2-methylfuran,95,18.81595755
2-methylfuran,90,16.34503700
2-methylfuran,85,14.00291619
2-methylfuran,80,11.81602617
2-methylfuran,75,9.80880295
2-methylfuran,70,8.00209631
2-methylfuran,65,6.41031416
2-methylfuran,60,5.04001802
2-methylfuran,55,3.88861115
2-methylfuran,50,2.94471662
2-methylfuran,45,2.18963037
2-methylfuran,40,1.59968019
2-methylfuran,35,1.14896478
2-methylfuran,30,0.81178882
2-methylfuran,25,0.56446440
2-nitropropane,160,47.98015095
2-nitropropane,155,45.02366664
2-nitropropane,150,42.00372676
2-nitropropane,145,38.92921204
2-nitropropane,140,35.81416399
2-nitropropane,135,32.67600616
2-nitropropane,130,29.53624039
2-nitropropane,125,26.42058218
2-nitropropane,120,23.35968439
2-nitropropane,115,20.38837417
2-nitropropane,110,17.54448194
2-nitropropane,105,14.86705446
2-nitropropane,100,12.39292762
2-nitropropane,95,10.15377016
2-nitropropane,90,8.17286328
2-nitropropane,85,6.46160268
2-nitropropane,80,5.01900288
2-nitropropane,75,3.83199699
2-nitropropane,70,2.87786806
2-nitropropane,65,2.12766585
2-nitropropane,60,1.54976996
2-nitropropane,55,1.11292127
2-nitropropane,50,0.78837551
2-nitropropane,45,0.55110719
2-nitropropane,40,0.38024208
2-nitropropane,35,0.25895296
2-nitropropane,30,0.17404823
2-nitropropane,25,0.11542568
2-nitrothiophene,160,31.53211546
2-nitrothiophene,155,28.28800907
2-nitrothiophene,150,25.11334740
2-nitrothiophene,145,22.04201993
2-nitrothiophene,140,19.10987913
2-nitrothiophene,135,16.35255332
2-nitrothiophene,130,13.80297290
2-nitrothiophene,125,11.48788913
2-nitrothiophene,120,9.42584898
2-nitrothiophene,115,7.62516091
2-nitrothiophene,110,6.08347656
2-nitrothiophene,105,4.78876519
2-nitrothiophene,100,3.72133903
2-nitrothiophene,95,2.85641979
2-nitrothiophene,90,2.16680225
2-nitrothiophene,85,1.62510985
2-nitrothiophene,80,1.20547560
2-nitrothiophene,75,0.88458906
2-nitrothiophene,70,0.64220905
2-nitrothiophene,65,0.46127423
2-nitrothiophene,60,0.32774987
2-nitrothiophene,55,0.23032459
2-nitrothiophene,50,0.16004138
2-nitrothiophene,45,0.10991787
2-nitrothiophene,40,0.07458844
2-nitrothiophene,35,0.04998516
2-nitrothiophene,30,0.03306388
2-nitrothiophene,25,0.02157574
2-octanol,160,8.05416202
2-octanol,155,6.14251390
2-octanol,150,4.63886417
2-octanol,145,3.47064532
2-octanol,140,2.57287867
2-octanol,135,1.88987323
2-octanol,130,1.37527234
2-octanol,125,0.99126661
2-octanol,120,0.70748563
2-octanol,115,0.49984843
2-octanol,110,0.34947474
2-octanol,105,0.24172022
2-octanol,100,0.16534681
2-octanol,95,0.11182402
2-octanol,90,0.07474922
2-octanol,85,0.04937323
2-octanol,80,0.03221624
2-octanol,75,0.02076079
2-octanol,70,0.01320949
2-octanol,65,0.00829633
2-octanol,60,0.00514191
2-octanol,55,0.00314392
2-octanol,50,0.00189577
2-octanol,45,0.00112698
2-octanol,40,0.00066021
2-octanol,35,0.00038098
2-octanol,30,0.00021645
2-octanol,25,0.00012100
piracetam,160,0.10008952
piracetam,155,0.07622677
piracetam,150,0.05774779
piracetam,145,0.04351123
piracetam,140,0.03260157
piracetam,135,0.02428752
piracetam,130,0.01798767
piracetam,125,0.01324210
piracetam,120,0.00968890
piracetam,115,0.00704492
piracetam,110,0.00508994
piracetam,105,0.00365375
piracetam,100,0.00260562
piracetam,95,0.00184581
piracetam,90,0.00129877
piracetam,85,0.00090763
piracetam,80,0.00062992
piracetam,75,0.00043414
piracetam,70,0.00029710
piracetam,65,0.00020188
piracetam,60,0.00013620
piracetam,55,0.00009123
piracetam,50,0.00006066
piracetam,45,0.00004004
piracetam,40,0.00002623
piracetam,35,0.00001706
piracetam,30,0.00001101
piracetam,25,0.00000705
2-pentanol,160,22.47242257
2-pentanol,155,17.75319689
2-pentanol,150,13.67683879
2-pentanol,145,10.30741463
2-pentanol,140,7.62340483
2-pentanol,135,5.54818152
2-pentanol,130,3.98131438
2-pentanol,125,2.82079844
2-pentanol,120,1.97496562
2-pentanol,115,1.36708828
2-pentanol,110,0.93578778
2-pentanol,105,0.63346257
2-pentanol,100,0.42403312
2-pentanol,95,0.28064596
2-pentanol,90,0.18362345
2-pentanol,85,0.11874932
2-pentanol,80,0.07589063
2-pentanol,75,0.04792021
2-pentanol,70,0.02989104
2-pentanol,65,0.01841497
2-pentanol,60,0.01120264
2-pentanol,55,0.00672812
2-pentanol,50,0.00398828
2-pentanol,45,0.00233281
2-pentanol,40,0.00134599
2-pentanol,35,0.00076581
2-pentanol,30,0.00042949
2-pentanol,25,0.00023732
2-phenoxyethanol,160,19.61415826
2-phenoxyethanol,155,16.40332473
2-phenoxyethanol,150,13.51166163
2-phenoxyethanol,145,10.96578476
2-phenoxyethanol,140,8.77334433
2-phenoxyethanol,135,6.92448661
2-phenoxyethanol,130,5.39548563
2-phenoxyethanol,125,4.15340939
2-phenoxyethanol,120,3.16070551
2-phenoxyethanol,115,2.37899085
2-phenoxyethanol,110,1.77174577
2-phenoxyethanol,105,1.30595580
2-phenoxyethanol,100,0.95289748
2-phenoxyethanol,95,0.68831544
2-phenoxyethanol,90,0.49221389
2-phenoxyethanol,85,0.34843490
2-phenoxyethanol,80,0.24414530
2-phenoxyethanol,75,0.16930790
2-phenoxyethanol,70,0.11618246
2-phenoxyethanol,65,0.07887915
2-phenoxyethanol,60,0.05297352
2-phenoxyethanol,55,0.03518356
2-phenoxyethanol,50,0.02310508
2-phenoxyethanol,45,0.01499876
2-phenoxyethanol,40,0.00962204
2-phenoxyethanol,35,0.00609837
2-phenoxyethanol,30,0.00381727
2-phenoxyethanol,25,0.00235898
2-phenylethanol,160,15.51646448
2-phenylethanol,155,12.42347637
2-phenylethanol,150,9.79501040
2-phenylethanol,145,7.61396814
2-phenylethanol,140,5.84211338
2-phenylethanol,135,4.42921967
2-phenylethanol,130,3.32082150
2-phenylethanol,125,2.46379222
2-phenylethanol,120,1.80969502
2-phenylethanol,115,1.31639798
2-phenylethanol,110,0.94849591
2-phenylethanol,105,0.67701220
2-phenylethanol,100,0.47872651
2-phenylethanol,95,0.33535503
2-phenylethanol,90,0.23271838
2-phenylethanol,85,0.15996951
2-phenylethanol,80,0.10891551
2-phenylethanol,75,0.07344262
2-phenylethanol,70,0.04904191
2-phenylethanol,65,0.03242628
2-phenylethanol,60,0.02122661
2-phenylethanol,55,0.01375476
2-phenylethanol,50,0.00882145
2-phenylethanol,45,0.00559828
2-phenylethanol,40,0.00351476
2-phenylethanol,35,0.00218247
2-phenylethanol,30,0.00133991
2-phenylethanol,25,0.00081307
2-propanethiol,160,100.00000000
2-propanethiol,155,100.00000000
2-propanethiol,150,53.85056714
2-propanethiol,145,51.58782723
2-propanethiol,140,49.28957298
2-propanethiol,135,46.95705002
2-propanethiol,130,44.59343724
2-propanethiol,125,42.20167831
2-propanethiol,120,39.78602554
2-propanethiol,115,37.34910221
2-propanethiol,110,34.90046409
2-propanethiol,105,32.44299373
2-propanethiol,100,29.98656434
2-propanethiol,95,27.53899302
2-propanethiol,90,25.11022771
2-propanethiol,85,22.71366950
2-propanethiol,80,20.36038291
2-propanethiol,75,18.06833949
2-propanethiol,70,15.85391652
2-propanethiol,65,13.73552170
2-propanethiol,60,11.73378745
2-propanethiol,55,9.86879823
2-propanethiol,50,8.15976328
2-propanethiol,45,6.62334565
2-propanethiol,40,5.27174283
2-propanethiol,35,4.11070518
2-propanethiol,30,3.13874885
2-propanethiol,25,2.34650062
2-propanol,160,27.31894713
2-propanol,155,21.13942699
2-propanol,150,15.80588312
2-propanol,145,11.47839149
2-propanol,140,8.13993549
2-propanol,135,5.66262230
2-propanol,130,3.87733148
2-propanol,125,2.61912672
2-propanol,120,1.74788577
2-propanol,115,1.15338354
2-propanol,110,0.75291102
2-propanol,105,0.48632460
2-propanol,100,0.31086060
2-propanol,95,0.19664100
2-propanol,90,0.12309714
2-propanol,85,0.07625655
2-propanol,80,0.04674650
2-propanol,75,0.02835633
2-propanol,70,0.01702019
2-propanol,65,0.01010817
2-propanol,60,0.00593950
2-propanol,55,0.00345273
2-propanol,50,0.00198549
2-propanol,45,0.00112929
2-propanol,40,0.00063520
2-propanol,35,0.00035325
2-propanol,30,0.00019419
2-propanol,25,0.00010549
propynol,160,1.99822401
propynol,155,1.38027200
propynol,150,0.94808065
propynol,145,0.64699242
propynol,140,0.43834718
propynol,135,0.29468283
propynol,130,0.19647672
propynol,125,0.12987613
propynol,120,0.08509130
propynol,115,0.05524358
propynol,110,0.03553413
propynol,105,0.02264237
propynol,100,0.01429130
propynol,95,0.00893446
propynol,90,0.00553216
propynol,85,0.00339266
propynol,80,0.00206062
propynol,75,0.00123955
propynol,70,0.00073847
propynol,65,0.00043571
propynol,60,0.00025458
propynol,55,0.00014731
propynol,50,0.00008439
propynol,45,0.00004787
propynol,40,0.00002688
propynol,35,0.00001494
propynol,30,0.00000821
propynol,25,0.00000447
2-pyrrolidon,160,13.87502578
2-pyrrolidon,155,11.32839057
2-pyrrolidon,150,9.15955055
2-pyrrolidon,145,7.33508886
2-pyrrolidon,140,5.81895745
2-pyrrolidon,135,4.57406709
2-pyrrolidon,130,3.56373092
2-pyrrolidon,125,2.75288241
2-pyrrolidon,120,2.10904528
2-pyrrolidon,115,1.60297518
2-pyrrolidon,110,1.20899475
2-pyrrolidon,105,0.90505907
2-pyrrolidon,100,0.67261368
2-pyrrolidon,95,0.49631326
2-pyrrolidon,90,0.36366185
2-pyrrolidon,85,0.26462379
2-pyrrolidon,80,0.19123880
2-pyrrolidon,75,0.13726413
2-pyrrolidon,70,0.09785495
2-pyrrolidon,65,0.06928804
2-pyrrolidon,60,0.04872858
2-pyrrolidon,55,0.03403732
2-pyrrolidon,50,0.02361379
2-pyrrolidon,45,0.01627059
2-pyrrolidon,40,0.01113404
2-pyrrolidon,35,0.00756648
2-pyrrolidon,30,0.00510626
2-pyrrolidon,25,0.00342174
"2-(1,1-dimethylethyl)-4-methylphenol",160,30.11004897
"2-(1,1-dimethylethyl)-4-methylphenol",155,27.73955490
"2-(1,1-dimethylethyl)-4-methylphenol",150,25.46465105
"2-(1,1-dimethylethyl)-4-methylphenol",145,23.29181834
"2-(1,1-dimethylethyl)-4-methylphenol",140,21.22634023
"2-(1,1-dimethylethyl)-4-methylphenol",135,19.27301075
"2-(1,1-dimethylethyl)-4-methylphenol",130,17.43572884
"2-(1,1-dimethylethyl)-4-methylphenol",125,15.71633201
"2-(1,1-dimethylethyl)-4-methylphenol",120,14.11611185
"2-(1,1-dimethylethyl)-4-methylphenol",115,12.63519327
"2-(1,1-dimethylethyl)-4-methylphenol",110,11.27210981
"2-(1,1-dimethylethyl)-4-methylphenol",105,10.02473318
"2-(1,1-dimethylethyl)-4-methylphenol",100,8.88951962
"2-(1,1-dimethylethyl)-4-methylphenol",95,7.86213830
"2-(1,1-dimethylethyl)-4-methylphenol",90,6.93752186
"2-(1,1-dimethylethyl)-4-methylphenol",85,6.10989045
"2-(1,1-dimethylethyl)-4-methylphenol",80,5.37291036
"2-(1,1-dimethylethyl)-4-methylphenol",75,4.72003632
"2-(1,1-dimethylethyl)-4-methylphenol",70,4.14448200
"2-(1,1-dimethylethyl)-4-methylphenol",65,3.63948365
"2-(1,1-dimethylethyl)-4-methylphenol",60,3.19834004
"2-(1,1-dimethylethyl)-4-methylphenol",55,2.81461133
"2-(1,1-dimethylethyl)-4-methylphenol",50,2.48215156
"2-(1,1-dimethylethyl)-4-methylphenol",45,2.19524420
"2-(1,1-dimethylethyl)-4-methylphenol",40,1.94860271
"2-(1,1-dimethylethyl)-4-methylphenol",35,1.73741604
"2-(1,1-dimethylethyl)-4-methylphenol",30,1.55736138
"2-(1,1-dimethylethyl)-4-methylphenol",25,1.40460016
(methylthio)-ethane,160,100.00000000
(methylthio)-ethane,155,55.63151506
(methylthio)-ethane,150,53.36064225
(methylthio)-ethane,145,51.04771928
(methylthio)-ethane,140,48.69514479
(methylthio)-ethane,135,46.30767134
(methylthio)-ethane,130,43.88586417
(methylthio)-ethane,125,41.43545808
(methylthio)-ethane,120,38.96085627
(methylthio)-ethane,115,36.46587346
(methylthio)-ethane,110,33.96068346
(methylthio)-ethane,105,31.44799185
(methylthio)-ethane,100,28.94194010
(methylthio)-ethane,95,26.44912528
(methylthio)-ethane,90,23.98329607
(methylthio)-ethane,85,21.55831679
(methylthio)-ethane,80,19.19088709
(methylthio)-ethane,75,16.89719162
(methylthio)-ethane,70,14.69735810
(methylthio)-ethane,65,12.61205985
(methylthio)-ethane,60,10.66216219
(methylthio)-ethane,55,8.86768202
(methylthio)-ethane,50,7.24627290
(methylthio)-ethane,45,5.81131309
(methylthio)-ethane,40,4.57003269
(methylthio)-ethane,35,3.52241094
(methylthio)-ethane,30,2.66057422
(methylthio)-ethane,25,1.96980990
2-methyl-benzeneamine,160,41.14390892
2-methyl-benzeneamine,155,38.12328665
2-methyl-benzeneamine,150,35.09026800
2-methyl-benzeneamine,145,32.06123127
2-methyl-benzeneamine,140,29.05484904
2-methyl-benzeneamine,135,26.09325025
2-methyl-benzeneamine,130,23.20192077
2-methyl-benzeneamine,125,20.40746658
2-methyl-benzeneamine,120,17.73820841
2-methyl-benzeneamine,115,15.22301349
2-methyl-benzeneamine,110,12.88847006
2-methyl-benzeneamine,105,10.75736125
2-methyl-benzeneamine,100,8.84712260
2-methyl-benzeneamine,95,7.16737643
2-methyl-benzeneamine,90,5.71940759
2-methyl-benzeneamine,85,4.49616210
2-methyl-benzeneamine,80,3.48312588
2-methyl-benzeneamine,75,2.66021838
2-methyl-benzeneamine,70,2.00398063
2-methyl-benzeneamine,65,1.48969240
2-methyl-benzeneamine,60,1.09319838
2-methyl-benzeneamine,55,0.79219155
2-methyl-benzeneamine,50,0.56698474
2-methyl-benzeneamine,45,0.40082244
2-methyl-benzeneamine,40,0.27986697
2-methyl-benzeneamine,35,0.19297595
2-methyl-benzeneamine,30,0.13137037
2-methyl-benzeneamine,25,0.08826484
2-vinyltoluene,160,37.78215768
2-vinyltoluene,155,34.85101311
2-vinyltoluene,150,31.94310716
2-vinyltoluene,145,29.07545020
2-vinyltoluene,140,26.26626619
2-vinyltoluene,135,23.53398484
2-vinyltoluene,130,20.89979915
2-vinyltoluene,125,18.38342026
2-vinyltoluene,120,16.00560116
2-vinyltoluene,115,13.78474436
2-vinyltoluene,110,11.73715514
2-vinyltoluene,105,9.87538728
2-vinyltoluene,100,8.20769008
2-vinyltoluene,95,6.73681570
2-vinyltoluene,90,5.46025253
2-vinyltoluene,85,4.37023244
2-vinyltoluene,80,3.45444794
2-vinyltoluene,75,2.69721824
2-vinyltoluene,70,2.08070733
2-vinyltoluene,65,1.58619932
2-vinyltoluene,60,1.19518576
2-vinyltoluene,55,0.89022292
2-vinyltoluene,50,0.65549519
2-vinyltoluene,45,0.47712616
2-vinyltoluene,40,0.34327099
2-vinyltoluene,35,0.24405618
2-vinyltoluene,30,0.17142041
2-vinyltoluene,25,0.11890229
"3,3,3-trichloro-1-propene",160,27.52285037
"3,3,3-trichloro-1-propene",155,24.44691109
"3,3,3-trichloro-1-propene",150,21.49108713
"3,3,3-trichloro-1-propene",145,18.68673163
"3,3,3-trichloro-1-propene",140,16.06337828
"3,3,3-trichloro-1-propene",135,13.64638572
"3,3,3-trichloro-1-propene",130,11.45526730
"3,3,3-trichloro-1-propene",125,9.50179298
"3,3,3-trichloro-1-propene",120,7.78918503
"3,3,3-trichloro-1-propene",115,6.31236874
"3,3,3-trichloro-1-propene",110,5.05909184
"3,3,3-trichloro-1-propene",105,4.01155325
"3,3,3-trichloro-1-propene",100,3.14839487
"3,3,3-trichloro-1-propene",95,2.44659411
"3,3,3-trichloro-1-propene",90,1.88304945
"3,3,3-trichloro-1-propene",85,1.43577358
"3,3,3-trichloro-1-propene",80,1.08466519
"3,3,3-trichloro-1-propene",75,0.81192505
"3,3,3-trichloro-1-propene",70,0.60219493
"3,3,3-trichloro-1-propene",65,0.44250474
"3,3,3-trichloro-1-propene",60,0.32209805
"3,3,3-trichloro-1-propene",55,0.23219404
"3,3,3-trichloro-1-propene",50,0.16572446
"3,3,3-trichloro-1-propene",45,0.11707197
"3,3,3-trichloro-1-propene",40,0.08182541
"3,3,3-trichloro-1-propene",35,0.05656034
"3,3,3-trichloro-1-propene",30,0.03864791
"3,3,3-trichloro-1-propene",25,0.02609242
"3,4-dichloronitrobenzene",160,22.93858825
"3,4-dichloronitrobenzene",155,20.39145205
"3,4-dichloronitrobenzene",150,17.97572332
"3,4-dichloronitrobenzene",145,15.70595010
"3,4-dichloronitrobenzene",140,13.59481121
"3,4-dichloronitrobenzene",135,11.65297630
"3,4-dichloronitrobenzene",130,9.88807944
"3,4-dichloronitrobenzene",125,8.30395927
"3,4-dichloronitrobenzene",120,6.90071565
"3,4-dichloronitrobenzene",115,5.67432509
"3,4-dichloronitrobenzene",110,4.61700648
"3,4-dichloronitrobenzene",105,3.71772662
"3,4-dichloronitrobenzene",100,2.96298728
"3,4-dichloronitrobenzene",95,2.33773011
"3,4-dichloronitrobenzene",90,1.82619158
"3,4-dichloronitrobenzene",85,1.41270279
"3,4-dichloronitrobenzene",80,1.08232094
"3,4-dichloronitrobenzene",75,0.82127213
"3,4-dichloronitrobenzene",70,0.61722473
"3,4-dichloronitrobenzene",65,0.45940611
"3,4-dichloronitrobenzene",60,0.33860376
"3,4-dichloronitrobenzene",55,0.24708456
"3,4-dichloronitrobenzene",50,0.17846346
"3,4-dichloronitrobenzene",45,0.12754671
"3,4-dichloronitrobenzene",40,0.09016709
"3,4-dichloronitrobenzene",35,0.06302396
"3,4-dichloronitrobenzene",30,0.04353515
"3,4-dichloronitrobenzene",25,0.02970488
"3,4-dichlorotoluene",160,25.19580521
"3,4-dichlorotoluene",155,22.38230608
"3,4-dichlorotoluene",150,19.70496429
"3,4-dichlorotoluene",145,17.18462835
"3,4-dichlorotoluene",140,14.83972019
"3,4-dichlorotoluene",135,12.68501166
"3,4-dichlorotoluene",130,10.73088670
"3,4-dichlorotoluene",125,8.98270674
"3,4-dichlorotoluene",120,7.44041087
"3,4-dichlorotoluene",115,6.09861580
"3,4-dichlorotoluene",110,4.94731636
"3,4-dichlorotoluene",105,3.97274629
"3,4-dichlorotoluene",100,3.15852687
"3,4-dichlorotoluene",95,2.48678969
"3,4-dichlorotoluene",90,1.93924322
"3,4-dichlorotoluene",85,1.49804698
"3,4-dichlorotoluene",80,1.14645442
"3,4-dichlorotoluene",75,0.86923953
"3,4-dichlorotoluene",70,0.65291953
"3,4-dichlorotoluene",65,0.48582115
"3,4-dichlorotoluene",60,0.35803234
"3,4-dichlorotoluene",55,0.26127876
"3,4-dichlorotoluene",50,0.18875774
"3,4-dichlorotoluene",45,0.13495345
"3,4-dichlorotoluene",40,0.09545078
"3,4-dichlorotoluene",35,0.06675873
"3,4-dichlorotoluene",30,0.04614937
"3,4-dichlorotoluene",25,0.03151583
"3,4-dimethylphenol",160,30.85760379
"3,4-dimethylphenol",155,27.45605591
"3,4-dimethylphenol",150,24.14623731
"3,4-dimethylphenol",145,20.96973832
"3,4-dimethylphenol",140,17.96891938
"3,4-dimethylphenol",135,15.18306163
"3,4-dimethylphenol",130,12.64487094
"3,4-dimethylphenol",125,10.37790364
"3,4-dimethylphenol",120,8.39415321
"3,4-dimethylphenol",115,6.69339823
"3,4-dimethylphenol",110,5.26416777
"3,4-dimethylphenol",105,4.08594614
"3,4-dimethylphenol",100,3.13202772
"3,4-dimethylphenol",95,2.37257475
"3,4-dimethylphenol",90,1.77724282
"3,4-dimethylphenol",85,1.31718670
"3,4-dimethylphenol",80,0.96633256
"3,4-dimethylphenol",75,0.70202583
"3,4-dimethylphenol",70,0.50519806
"3,4-dimethylphenol",65,0.36021201
"3,4-dimethylphenol",60,0.25452170
"3,4-dimethylphenol",55,0.17824813
"3,4-dimethylphenol",50,0.12373936
"3,4-dimethylphenol",45,0.08515538
"3,4-dimethylphenol",40,0.05809897
"3,4-dimethylphenol",35,0.03930085
"3,4-dimethylphenol",30,0.02635925
"3,4-dimethylphenol",25,0.01752986
"3,4-dinitrophenol",160,13.82357929
"3,4-dinitrophenol",155,12.01995074
"3,4-dinitrophenol",150,10.41584194
"3,4-dinitrophenol",145,8.99525999
"3,4-dinitrophenol",140,7.74239012
"3,4-dinitrophenol",135,6.64192395
"3,4-dinitrophenol",130,5.67924978
"3,4-dinitrophenol",125,4.84055582
"3,4-dinitrophenol",120,4.11287473
"3,4-dinitrophenol",115,3.48413433
"3,4-dinitrophenol",110,2.94311262
"3,4-dinitrophenol",105,2.47947249
"3,4-dinitrophenol",100,2.08373909
"3,4-dinitrophenol",95,1.74728582
"3,4-dinitrophenol",90,1.46230067
"3,4-dinitrophenol",85,1.22177669
"3,4-dinitrophenol",80,1.01946090
"3,4-dinitrophenol",75,0.84981739
"3,4-dinitrophenol",70,0.70798011
"3,4-dinitrophenol",65,0.58970165
"3,4-dinitrophenol",60,0.49129956
"3,4-dinitrophenol",55,0.40960153
"3,4-dinitrophenol",50,0.34189224
"3,4-dinitrophenol",45,0.28585944
"3,4-dinitrophenol",40,0.23954565
"3,4-dinitrophenol",35,0.20130167
"3,4-dinitrophenol",30,0.16974444
"3,4-dinitrophenol",25,0.14371905
vinyloxirane,160,56.98388791
vinyloxirane,155,54.41041516
vinyloxirane,150,51.75527176
vinyloxirane,145,49.02394099
vinyloxirane,140,46.21787085
vinyloxirane,135,43.34282266
vinyloxirane,130,40.40805185
vinyloxirane,125,37.42396783
vinyloxirane,120,34.40273204
vinyloxirane,115,31.36177538
vinyloxirane,110,28.32152313
vinyloxirane,105,25.30670753
vinyloxirane,100,22.34642417
vinyloxirane,95,19.47395524
vinyloxirane,90,16.72428959
vinyloxirane,85,14.13461505
vinyloxirane,80,11.74051780
vinyloxirane,75,9.57363154
vinyloxirane,70,7.65745831
vinyloxirane,65,6.00505107
vinyloxirane,60,4.61691287
vinyloxirane,55,3.48129231
vinyloxirane,50,2.57613164
vinyloxirane,45,1.87237612
vinyloxirane,40,1.33780323
vinyloxirane,35,0.94039200
vinyloxirane,30,0.65075497
vinyloxirane,25,0.44350944
"3,5-dinitrophenol",160,15.55682161
"3,5-dinitrophenol",155,13.47922356
"3,5-dinitrophenol",150,11.61260560
"3,5-dinitrophenol",145,9.94792261
"3,5-dinitrophenol",140,8.47403926
"3,5-dinitrophenol",135,7.17833858
"3,5-dinitrophenol",130,6.04729680
"3,5-dinitrophenol",125,5.06682687
"3,5-dinitrophenol",120,4.22271928
"3,5-dinitrophenol",115,3.50092838
"3,5-dinitrophenol",110,2.88783444
"3,5-dinitrophenol",105,2.37044309
"3,5-dinitrophenol",100,1.93657332
"3,5-dinitrophenol",95,1.57495977
"3,5-dinitrophenol",90,1.27533511
"3,5-dinitrophenol",85,1.02846545
"3,5-dinitrophenol",80,0.82614933
"3,5-dinitrophenol",75,0.66118879
"3,5-dinitrophenol",70,0.52733293
"3,5-dinitrophenol",65,0.41921007
"3,5-dinitrophenol",60,0.33224690
"3,5-dinitrophenol",55,0.26258363
"3,5-dinitrophenol",50,0.20698893
"3,5-dinitrophenol",45,0.16277771
"3,5-dinitrophenol",40,0.12773418
"3,5-dinitrophenol",35,0.10004152
"3,5-dinitrophenol",30,0.07821889
"3,5-dinitrophenol",25,0.06106593
3-bromopropyne,160,43.29336558
3-bromopropyne,155,40.70826498
3-bromopropyne,150,38.11648853
3-bromopropyne,145,35.52283371
3-bromopropyne,140,32.93644527
3-bromopropyne,135,30.36614899
3-bromopropyne,130,27.82021387
3-bromopropyne,125,25.31163991
3-bromopropyne,120,22.85070703
3-bromopropyne,115,20.45297736
3-bromopropyne,110,18.13390088
3-bromopropyne,105,15.91085740
3-bromopropyne,100,13.80144025
3-bromopropyne,95,11.82368347
3-bromopropyne,90,9.99473208
3-bromopropyne,85,8.32962652
3-bromopropyne,80,6.83968798
3-bromopropyne,75,5.53123434
3-bromopropyne,70,4.40487123
3-bromopropyne,65,3.45482477
3-bromopropyne,60,2.66975124
3-bromopropyne,55,2.03382244
3-bromopropyne,50,1.52840859
3-bromopropyne,45,1.13382061
3-bromopropyne,40,0.83080814
3-bromopropyne,35,0.60164224
3-bromopropyne,30,0.43075776
3-bromopropyne,25,0.30500217
3-butenenitrile,160,45.92607242
3-butenenitrile,155,41.66937351
3-butenenitrile,150,37.26398557
3-butenenitrile,145,32.77975231
3-butenenitrile,140,28.31097391
3-butenenitrile,135,23.96946005
3-butenenitrile,130,19.87368154
3-butenenitrile,125,16.13126441
3-butenenitrile,120,12.82309579
3-butenenitrile,115,9.99261142
3-butenenitrile,110,7.64408490
3-butenenitrile,105,5.74908249
3-butenenitrile,100,4.25737058
3-butenenitrile,95,3.10822902
3-butenenitrile,90,2.23952785
3-butenenitrile,85,1.59364853
3-butenenitrile,80,1.12053993
3-butenenitrile,75,0.77869512
3-butenenitrile,70,0.53485631
3-butenenitrile,65,0.36307326
3-butenenitrile,60,0.24352534
3-butenenitrile,55,0.16134311
3-butenenitrile,50,0.10554635
3-butenenitrile,45,0.06814366
3-butenenitrile,40,0.04339869
3-butenenitrile,35,0.02724932
3-butenenitrile,30,0.01685787
3-butenenitrile,25,0.01026925
3-chloro-1-propanol,160,7.94041389
3-chloro-1-propanol,155,5.78651461
3-chloro-1-propanol,150,4.18939851
3-chloro-1-propanol,145,3.01408006
3-chloro-1-propanol,140,2.15459037
3-chloro-1-propanol,135,1.52981234
3-chloro-1-propanol,130,1.07844360
3-chloro-1-propanol,125,0.75449798
3-chloro-1-propanol,120,0.52365167
3-chloro-1-propanol,115,0.36040091
3-chloro-1-propanol,110,0.24588960
3-chloro-1-propanol,105,0.16625492
3-chloro-1-propanol,100,0.11137167
3-chloro-1-propanol,95,0.07389960
3-chloro-1-propanol,90,0.04856139
3-chloro-1-propanol,85,0.03159711
3-chloro-1-propanol,80,0.02035378
3-chloro-1-propanol,75,0.01297848
3-chloro-1-propanol,70,0.00819081
3-chloro-1-propanol,65,0.00511559
3-chloro-1-propanol,60,0.00316134
3-chloro-1-propanol,55,0.00193279
3-chloro-1-propanol,50,0.00116886
3-chloro-1-propanol,45,0.00069906
3-chloro-1-propanol,40,0.00041337
3-chloro-1-propanol,35,0.00024161
3-chloro-1-propanol,30,0.00013954
3-chloro-1-propanol,25,0.00007960
3-chloro-2-methyl-1-propene,160,49.20257695
3-chloro-2-methyl-1-propene,155,46.48613841
3-chloro-2-methyl-1-propene,150,43.72388737
3-chloro-2-methyl-1-propene,145,40.92411753
3-chloro-2-methyl-1-propene,140,38.09563009
3-chloro-2-methyl-1-propene,135,35.24850391
3-chloro-2-methyl-1-propene,130,32.39560604
3-chloro-2-methyl-1-propene,125,29.54948422
3-chloro-2-methyl-1-propene,120,26.72940327
3-chloro-2-methyl-1-propene,115,23.95426451
3-chloro-2-methyl-1-propene,110,21.24703745
3-chloro-2-methyl-1-propene,105,18.63203659
3-chloro-2-methyl-1-propene,100,16.13547518
3-chloro-2-methyl-1-propene,95,13.78402710
3-chloro-2-methyl-1-propene,90,11.60346579
3-chloro-2-methyl-1-propene,85,9.61618627
3-chloro-2-methyl-1-propene,80,7.83951920
3-chloro-2-methyl-1-propene,75,6.28402561
3-chloro-2-methyl-1-propene,70,4.95159662
3-chloro-2-methyl-1-propene,65,3.83559617
3-chloro-2-methyl-1-propene,60,2.92165235
3-chloro-2-methyl-1-propene,55,2.18941129
3-chloro-2-methyl-1-propene,50,1.61494736
3-chloro-2-methyl-1-propene,45,1.17313583
3-chloro-2-methyl-1-propene,40,0.83963074
3-chloro-2-methyl-1-propene,35,0.59226337
3-chloro-2-methyl-1-propene,30,0.41181008
3-chloro-2-methyl-1-propene,25,0.28224965
1-chloro-3-(chloromethyl)benzene,160,29.60360951
1-chloro-3-(chloromethyl)benzene,155,26.91705319
1-chloro-3-(chloromethyl)benzene,150,24.30880611
1-chloro-3-(chloromethyl)benzene,145,21.79225258
1-chloro-3-(chloromethyl)benzene,140,19.38259704
1-chloro-3-(chloromethyl)benzene,135,17.09338650
1-chloro-3-(chloromethyl)benzene,130,14.93888323
1-chloro-3-(chloromethyl)benzene,125,12.93119895
1-chloro-3-(chloromethyl)benzene,120,11.08093474
1-chloro-3-(chloromethyl)benzene,115,9.39588049
1-chloro-3-(chloromethyl)benzene,110,7.88093330
1-chloro-3-(chloromethyl)benzene,105,6.53711161
1-chloro-3-(chloromethyl)benzene,100,5.36165311
1-chloro-3-(chloromethyl)benzene,95,4.34810931
1-chloro-3-(chloromethyl)benzene,90,3.48670332
1-chloro-3-(chloromethyl)benzene,85,2.76499979
1-chloro-3-(chloromethyl)benzene,80,2.16876269
1-chloro-3-(chloromethyl)benzene,75,1.68285499
1-chloro-3-(chloromethyl)benzene,70,1.29203406
1-chloro-3-(chloromethyl)benzene,65,0.98164448
1-chloro-3-(chloromethyl)benzene,60,0.73811931
1-chloro-3-(chloromethyl)benzene,55,0.54929086
1-chloro-3-(chloromethyl)benzene,50,0.40454198
1-chloro-3-(chloromethyl)benzene,45,0.29482295
1-chloro-3-(chloromethyl)benzene,40,0.21257671
1-chloro-3-(chloromethyl)benzene,35,0.15160629
1-chloro-3-(chloromethyl)benzene,30,0.10691228
1-chloro-3-(chloromethyl)benzene,25,0.07452146
3-chloropropanenitrile,160,1.50913481
3-chloropropanenitrile,155,1.08603182
3-chloropropanenitrile,150,0.77866990
3-chloropropanenitrile,145,0.55559416
3-chloropropanenitrile,140,0.39413402
3-chloropropanenitrile,135,0.27775801
3-chloropropanenitrile,130,0.19432453
3-chloropropanenitrile,125,0.13488549
3-chloropropanenitrile,120,0.09284201
3-chloropropanenitrile,115,0.06333599
3-chloropropanenitrile,110,0.04280388
3-chloropropanenitrile,105,0.02864523
3-chloropropanenitrile,100,0.01897472
3-chloropropanenitrile,95,0.01243579
3-chloropropanenitrile,90,0.00806064
3-chloropropanenitrile,85,0.00516520
3-chloropropanenitrile,80,0.00327075
3-chloropropanenitrile,75,0.00204582
3-chloropropanenitrile,70,0.00126346
3-chloropropanenitrile,65,0.00077009
3-chloropropanenitrile,60,0.00046302
3-chloropropanenitrile,55,0.00027450
3-chloropropanenitrile,50,0.00016038
3-chloropropanenitrile,45,0.00009230
3-chloropropanenitrile,40,0.00005230
3-chloropropanenitrile,35,0.00002916
3-chloropropanenitrile,30,0.00001599
3-chloropropanenitrile,25,0.00000861
3-chloropropyne,160,100.00000000
3-chloropropyne,155,55.70080794
3-chloropropyne,150,53.38066178
3-chloropropyne,145,51.01526443
3-chloropropyne,140,48.60922227
3-chloropropyne,135,46.16508304
3-chloropropyne,130,43.68751058
3-chloropropyne,125,41.18368111
3-chloropropyne,120,38.65910433
3-chloropropyne,115,36.11965236
3-chloropropyne,110,33.57569013
3-chloropropyne,105,31.03722654
3-chloropropyne,100,28.51391592
3-chloropropyne,95,26.01999692
3-chloropropyne,90,23.56831389
3-chloropropyne,85,21.17352931
3-chloropropyne,80,18.85278126
3-chloropropyne,75,16.62158360
3-chloropropyne,70,14.49753472
3-chloropropyne,65,12.49831225
3-chloropropyne,60,10.63934998
3-chloropropyne,55,8.93534728
3-chloropropyne,50,7.39752590
3-chloropropyne,45,6.03340980
3-chloropropyne,40,4.84560970
3-chloropropyne,35,3.83138086
3-chloropropyne,30,2.98283029
3-chloropropyne,25,2.28722214
3-heptanol,160,11.83172603
3-heptanol,155,9.09177714
3-heptanol,150,6.89601703
3-heptanol,145,5.16997855
3-heptanol,140,3.83445937
3-heptanol,135,2.81490355
3-heptanol,130,2.04579272
3-heptanol,125,1.47199783
3-heptanol,120,1.04845937
3-heptanol,115,0.73910789
3-heptanol,110,0.51554557
3-heptanol,105,0.35572021
3-heptanol,100,0.24272067
3-heptanol,95,0.16373285
3-heptanol,90,0.10916218
3-heptanol,85,0.07191101
3-heptanol,80,0.04679373
3-heptanol,75,0.03007000
3-heptanol,70,0.01907727
3-heptanol,65,0.01194587
3-heptanol,60,0.00738097
3-heptanol,55,0.00449852
3-heptanol,50,0.00270361
3-heptanol,45,0.00160168
3-heptanol,40,0.00093495
3-heptanol,35,0.00053750
3-heptanol,30,0.00030419
3-heptanol,25,0.00016936
tetrahydro-3-furanol,160,2.96890337
tetrahydro-3-furanol,155,2.12358467
tetrahydro-3-furanol,150,1.51076090
tetrahydro-3-furanol,145,1.06841523
tetrahydro-3-furanol,140,0.75075916
tetrahydro-3-furanol,135,0.52397210
tetrahydro-3-furanol,130,0.36309779
tetrahydro-3-furanol,125,0.24976811
tetrahydro-3-furanol,120,0.17051580
tetrahydro-3-furanol,115,0.11551714
tetrahydro-3-furanol,110,0.07765036
tetrahydro-3-furanol,105,0.05178869
tetrahydro-3-furanol,100,0.03427012
tetrahydro-3-furanol,95,0.02250056
tetrahydro-3-furanol,90,0.01465838
tetrahydro-3-furanol,85,0.00947586
tetrahydro-3-furanol,80,0.00607886
tetrahydro-3-furanol,75,0.00387015
tetrahydro-3-furanol,70,0.00244551
tetrahydro-3-furanol,65,0.00153382
tetrahydro-3-furanol,60,0.00095492
tetrahydro-3-furanol,55,0.00059015
tetrahydro-3-furanol,50,0.00036205
tetrahydro-3-furanol,45,0.00022048
tetrahydro-3-furanol,40,0.00013328
tetrahydro-3-furanol,35,0.00007996
tetrahydro-3-furanol,30,0.00004761
tetrahydro-3-furanol,25,0.00002813
3-methoxy-1-butanol,160,46.20663789
3-methoxy-1-butanol,155,43.62304136
3-methoxy-1-butanol,150,41.02952080
3-methoxy-1-butanol,145,38.43189462
3-methoxy-1-butanol,140,35.83858686
3-methoxy-1-butanol,135,33.25934714
3-methoxy-1-butanol,130,30.70171641
3-methoxy-1-butanol,125,28.17968879
3-methoxy-1-butanol,120,25.70135816
3-methoxy-1-butanol,115,23.28030362
3-methoxy-1-butanol,110,20.93053838
3-methoxy-1-butanol,105,18.66548271
3-methoxy-1-butanol,100,16.49870563
3-methoxy-1-butanol,95,14.44486587
3-methoxy-1-butanol,90,12.51730077
3-methoxy-1-butanol,85,10.72835011
3-methoxy-1-butanol,80,9.08864096
3-methoxy-1-butanol,75,7.60581175
3-methoxy-1-butanol,70,6.28445727
3-methoxy-1-butanol,65,5.12520123
3-methoxy-1-butanol,60,4.12471628
3-methoxy-1-butanol,55,3.27560000
3-methoxy-1-butanol,50,2.56709226
3-methoxy-1-butanol,45,1.98578087
3-methoxy-1-butanol,40,1.51660931
3-methoxy-1-butanol,35,1.14391328
3-methoxy-1-butanol,30,0.85233368
3-methoxy-1-butanol,25,0.62751090
3-methoxy-3-methylbutanol,160,41.35345174
3-methoxy-3-methylbutanol,155,38.70284994
3-methoxy-3-methylbutanol,150,36.06443238
3-methoxy-3-methylbutanol,145,33.44648596
3-methoxy-3-methylbutanol,140,30.85945501
3-methoxy-3-methylbutanol,135,28.31447118
3-methoxy-3-methylbutanol,130,25.82315956
3-methoxy-3-methylbutanol,125,23.39719628
3-methoxy-3-methylbutanol,120,21.04920610
3-methoxy-3-methylbutanol,115,18.79205556
3-methoxy-3-methylbutanol,110,16.63844205
3-methoxy-3-methylbutanol,105,14.60142086
3-methoxy-3-methylbutanol,100,12.69243482
3-methoxy-3-methylbutanol,95,10.92191215
3-methoxy-3-methylbutanol,90,9.29875581
3-methoxy-3-methylbutanol,85,7.82901664
3-methoxy-3-methylbutanol,80,6.51571295
3-methoxy-3-methylbutanol,75,5.35874491
3-methoxy-3-methylbutanol,70,4.35443902
3-methoxy-3-methylbutanol,65,3.49571715
3-methoxy-3-methylbutanol,60,2.77264515
3-methoxy-3-methylbutanol,55,2.17301115
3-methoxy-3-methylbutanol,50,1.68313265
3-methoxy-3-methylbutanol,45,1.28870442
3-methoxy-3-methylbutanol,40,0.97556611
3-methoxy-3-methylbutanol,35,0.73030283
3-methoxy-3-methylbutanol,30,0.54068385
3-methoxy-3-methylbutanol,25,0.39591333
3-methoxypropanenitrile,160,23.27235848
3-methoxypropanenitrile,155,19.29072235
3-methoxypropanenitrile,150,15.76834739
3-methoxypropanenitrile,145,12.72269863
3-methoxypropanenitrile,140,10.14221485
3-methoxypropanenitrile,135,7.99490258
3-methoxypropanenitrile,130,6.23648189
3-methoxypropanenitrile,125,4.81705487
3-methoxypropanenitrile,120,3.68602211
3-methoxypropanenitrile,115,2.79536603
3-methoxypropanenitrile,110,2.10158765
3-methoxypropanenitrile,105,1.56662630
3-methoxypropanenitrile,100,1.15807103
3-methoxypropanenitrile,95,0.84891821
3-methoxypropanenitrile,90,0.61707401
3-methoxypropanenitrile,85,0.44473815
3-methoxypropanenitrile,80,0.31776131
3-methoxypropanenitrile,75,0.22503127
3-methoxypropanenitrile,70,0.15791749
3-methoxypropanenitrile,65,0.10978674
3-methoxypropanenitrile,60,0.07559216
3-methoxypropanenitrile,55,0.05153172
3-methoxypropanenitrile,50,0.03476942
3-methoxypropanenitrile,45,0.02321072
3-methoxypropanenitrile,40,0.01532436
3-methoxypropanenitrile,35,0.01000236
3-methoxypropanenitrile,30,0.00645152
3-methoxypropanenitrile,25,0.00411021
3-methylcyclohexanol,160,10.87503195
3-methylcyclohexanol,155,8.11282059
3-methylcyclohexanol,150,5.97808533
3-methylcyclohexanol,145,4.35834904
3-methylcyclohexanol,140,3.14642798
3-methylcyclohexanol,135,2.25001745
3-methylcyclohexanol,130,1.59373459
3-methylcyclohexanol,125,1.11793247
3-methylcyclohexanol,120,0.77633127
3-methylcyclohexanol,115,0.53352290
3-methylcyclohexanol,110,0.36271912
3-methylcyclohexanol,105,0.24385990
3-methylcyclohexanol,100,0.16207390
3-methylcyclohexanol,95,0.10645111
3-methylcyclohexanol,90,0.06907572
3-methylcyclohexanol,85,0.04427141
3-methylcyclohexanol,80,0.02801805
3-methylcyclohexanol,75,0.01750529
3-methylcyclohexanol,70,0.01079498
3-methylcyclohexanol,65,0.00656900
3-methylcyclohexanol,60,0.00394369
3-methylcyclohexanol,55,0.00233520
3-methylcyclohexanol,50,0.00136348
3-methylcyclohexanol,45,0.00078477
3-methylcyclohexanol,40,0.00044510
3-methylcyclohexanol,35,0.00024867
3-methylcyclohexanol,30,0.00013679
3-methylcyclohexanol,25,0.00007405
3-methylcyclohexanone,160,41.98412126
3-methylcyclohexanone,155,39.23948284
3-methylcyclohexanone,150,36.49807915
3-methylcyclohexanone,145,33.77099788
3-methylcyclohexanone,140,31.07008754
3-methylcyclohexanone,135,28.40836283
3-methylcyclohexanone,130,25.79953312
3-methylcyclohexanone,125,23.25850557
3-methylcyclohexanone,120,20.80119828
3-methylcyclohexanone,115,18.44312647
3-methylcyclohexanone,110,16.20087142
3-methylcyclohexanone,105,14.09002305
3-methylcyclohexanone,100,12.12447012
3-methylcyclohexanone,95,10.31673889
3-methylcyclohexanone,90,8.67606285
3-methylcyclohexanone,85,7.20800594
3-methylcyclohexanone,80,5.91422886
3-methylcyclohexanone,75,4.79177909
3-methylcyclohexanone,70,3.83350105
3-methylcyclohexanone,65,3.02852739
3-methylcyclohexanone,60,2.36308834
3-methylcyclohexanone,55,1.82154256
3-methylcyclohexanone,50,1.38744493
3-methylcyclohexanone,45,1.04450314
3-methylcyclohexanone,40,0.77732254
3-methylcyclohexanone,35,0.57192913
3-methylcyclohexanone,30,0.41605313
3-methylcyclohexanone,25,0.29922630
"3-methyl-1,2-butadiene",160,53.67115867
"3-methyl-1,2-butadiene",155,50.67403834
"3-methyl-1,2-butadiene",150,47.57744821
"3-methyl-1,2-butadiene",145,44.39074463
"3-methyl-1,2-butadiene",140,41.12636227
"3-methyl-1,2-butadiene",135,37.80174561
"3-methyl-1,2-butadiene",130,34.43940321
"3-methyl-1,2-butadiene",125,31.06716073
"3-methyl-1,2-butadiene",120,27.71930125
"3-methyl-1,2-butadiene",115,24.43492731
"3-methyl-1,2-butadiene",110,21.25655658
"3-methyl-1,2-butadiene",105,18.22971197
"3-methyl-1,2-butadiene",100,15.39814762
"3-methyl-1,2-butadiene",95,12.80085216
"3-methyl-1,2-butadiene",90,10.46858713
"3-methyl-1,2-butadiene",85,8.42025349
"3-methyl-1,2-butadiene",80,6.66172385
"3-methyl-1,2-butadiene",75,5.18574401
"3-methyl-1,2-butadiene",70,3.97383866
"3-methyl-1,2-butadiene",65,2.99940187
"3-methyl-1,2-butadiene",60,2.23120479
"3-methyl-1,2-butadiene",55,1.63663758
"3-methyl-1,2-butadiene",50,1.18428153
"3-methyl-1,2-butadiene",45,0.84560481
"3-methyl-1,2-butadiene",40,0.59586267
"3-methyl-1,2-butadiene",35,0.41436470
"3-methyl-1,2-butadiene",30,0.28432017
"3-methyl-1,2-butadiene",25,0.19243993
3-methyl-1-butene,160,43.93618581
3-methyl-1-butene,155,39.83489249
3-methyl-1-butene,150,35.65768593
3-methyl-1-butene,145,31.47161032
3-methyl-1-butene,140,27.35799435
3-methyl-1-butene,135,23.40507149
3-methyl-1-butene,130,19.69846668
3-methyl-1-butene,125,16.31102729
3-methyl-1-butene,120,13.29399493
3-methyl-1-butene,115,10.67277685
3-methyl-1-butene,110,8.44767016
3-methyl-1-butene,105,6.59836034
3-methyl-1-butene,100,5.09033295
3-methyl-1-butene,95,3.88133930
3-methyl-1-butene,90,2.92675514
3-methyl-1-butene,85,2.18339195
3-methyl-1-butene,80,1.61183044
3-methyl-1-butene,75,1.17757451
3-methyl-1-butene,70,0.85137920
3-methyl-1-butene,65,0.60905972
3-methyl-1-butene,60,0.43101739
3-methyl-1-butene,55,0.30163968
3-methyl-1-butene,50,0.20867518
3-methyl-1-butene,45,0.14264096
3-methyl-1-butene,40,0.09629112
3-methyl-1-butene,35,0.06415797
3-methyl-1-butene,30,0.04216659
3-methyl-1-butene,25,0.02731797
3-methyl-2-butanol,160,27.17773353
3-methyl-2-butanol,155,22.24270186
3-methyl-2-butanol,150,17.72433404
3-methyl-2-butanol,145,13.77289319
3-methyl-2-butanol,140,10.46301680
3-methyl-2-butanol,135,7.79313760
3-methyl-2-butanol,130,5.70617877
3-methyl-2-butanol,125,4.11617291
3-methyl-2-butanol,120,2.92988815
3-methyl-2-butanol,115,2.06012785
3-methyl-2-butanol,110,1.43195163
3-methyl-2-butanol,105,0.98431098
3-methyl-2-butanol,100,0.66926458
3-methyl-2-butanol,95,0.45015130
3-methyl-2-butanol,90,0.29950968
3-methyl-2-butanol,85,0.19711906
3-methyl-2-butanol,80,0.12831337
3-methyl-2-butanol,75,0.08260233
3-methyl-2-butanol,70,0.05258183
3-methyl-2-butanol,65,0.03309352
3-methyl-2-butanol,60,0.02058967
3-methyl-2-butanol,55,0.01266145
3-methyl-2-butanol,50,0.00769424
3-methyl-2-butanol,45,0.00461961
3-methyl-2-butanol,40,0.00273969
3-methyl-2-butanol,35,0.00160450
3-methyl-2-butanol,30,0.00092766
3-methyl-2-butanol,25,0.00052929
3-aminonitrobenzene,160,6.99146759
3-aminonitrobenzene,155,5.39828457
3-aminonitrobenzene,150,4.14935927
3-aminonitrobenzene,145,3.17489112
3-aminonitrobenzene,140,2.41771868
3-aminonitrobenzene,135,1.83178877
3-aminonitrobenzene,130,1.38030926
3-aminonitrobenzene,125,1.03403985
3-aminonitrobenzene,120,0.76980724
3-aminonitrobenzene,115,0.56929089
3-aminonitrobenzene,110,0.41804022
3-aminonitrobenzene,105,0.30469087
3-aminonitrobenzene,100,0.22033616
3-aminonitrobenzene,95,0.15802491
3-aminonitrobenzene,90,0.11235893
3-aminonitrobenzene,85,0.07916994
3-aminonitrobenzene,80,0.05525997
3-aminonitrobenzene,75,0.03819294
3-aminonitrobenzene,70,0.02612756
3-aminonitrobenzene,65,0.01768376
3-aminonitrobenzene,60,0.01183647
3-aminonitrobenzene,55,0.00783152
3-aminonitrobenzene,50,0.00511970
3-aminonitrobenzene,45,0.00330526
3-aminonitrobenzene,40,0.00210625
3-aminonitrobenzene,35,0.00132412
3-aminonitrobenzene,30,0.00082076
3-aminonitrobenzene,25,0.00050132
"1,1'-methylenebis4-isocyanatobenzene",160,12.72302780
"1,1'-methylenebis4-isocyanatobenzene",155,10.87509076
"1,1'-methylenebis4-isocyanatobenzene",150,9.22430700
"1,1'-methylenebis4-isocyanatobenzene",145,7.76427203
"1,1'-methylenebis4-isocyanatobenzene",140,6.48566033
"1,1'-methylenebis4-isocyanatobenzene",135,5.37675992
"1,1'-methylenebis4-isocyanatobenzene",130,4.42414459
"1,1'-methylenebis4-isocyanatobenzene",125,3.61333195
"1,1'-methylenebis4-isocyanatobenzene",120,2.92940425
"1,1'-methylenebis4-isocyanatobenzene",115,2.35753252
"1,1'-methylenebis4-isocyanatobenzene",110,1.88341714
"1,1'-methylenebis4-isocyanatobenzene",105,1.49360783
"1,1'-methylenebis4-isocyanatobenzene",100,1.17572214
"1,1'-methylenebis4-isocyanatobenzene",95,0.91857146
"1,1'-methylenebis4-isocyanatobenzene",90,0.71221043
"1,1'-methylenebis4-isocyanatobenzene",85,0.54792675
"1,1'-methylenebis4-isocyanatobenzene",80,0.41818858
"1,1'-methylenebis4-isocyanatobenzene",75,0.31656216
"1,1'-methylenebis4-isocyanatobenzene",70,0.23761287
"1,1'-methylenebis4-isocyanatobenzene",65,0.17679803
"1,1'-methylenebis4-isocyanatobenzene",60,0.13035850
"1,1'-methylenebis4-isocyanatobenzene",55,0.09521365
"1,1'-methylenebis4-isocyanatobenzene",50,0.06886301
"1,1'-methylenebis4-isocyanatobenzene",45,0.04929623
"1,1'-methylenebis4-isocyanatobenzene",40,0.03491253
"1,1'-methylenebis4-isocyanatobenzene",35,0.02444961
"1,1'-methylenebis4-isocyanatobenzene",30,0.01692202
"1,1'-methylenebis4-isocyanatobenzene",25,0.01156834
1-[4-(trifluoromethyl)phenyl]ethanone,160,17.36429959
1-[4-(trifluoromethyl)phenyl]ethanone,155,14.83378369
1-[4-(trifluoromethyl)phenyl]ethanone,150,12.53704143
1-[4-(trifluoromethyl)phenyl]ethanone,145,10.48357046
1-[4-(trifluoromethyl)phenyl]ethanone,140,8.67500993
1-[4-(trifluoromethyl)phenyl]ethanone,135,7.10541821
1-[4-(trifluoromethyl)phenyl]ethanone,130,5.76241005
1-[4-(trifluoromethyl)phenyl]ethanone,125,4.62866159
1-[4-(trifluoromethyl)phenyl]ethanone,120,3.68365906
1-[4-(trifluoromethyl)phenyl]ethanone,115,2.90532539
1-[4-(trifluoromethyl)phenyl]ethanone,110,2.27140984
1-[4-(trifluoromethyl)phenyl]ethanone,105,1.76054330
1-[4-(trifluoromethyl)phenyl]ethanone,100,1.35295430
1-[4-(trifluoromethyl)phenyl]ethanone,95,1.03088229
1-[4-(trifluoromethyl)phenyl]ethanone,90,0.77875327
1-[4-(trifluoromethyl)phenyl]ethanone,85,0.58318159
1-[4-(trifluoromethyl)phenyl]ethanone,80,0.43285679
1-[4-(trifluoromethyl)phenyl]ethanone,75,0.31836245
1-[4-(trifluoromethyl)phenyl]ethanone,70,0.23196179
1-[4-(trifluoromethyl)phenyl]ethanone,65,0.16737429
1-[4-(trifluoromethyl)phenyl]ethanone,60,0.11955881
1-[4-(trifluoromethyl)phenyl]ethanone,55,0.08451246
1-[4-(trifluoromethyl)phenyl]ethanone,50,0.05909025
1-[4-(trifluoromethyl)phenyl]ethanone,45,0.04084701
1-[4-(trifluoromethyl)phenyl]ethanone,40,0.02790175
1-[4-(trifluoromethyl)phenyl]ethanone,35,0.01882307
1-[4-(trifluoromethyl)phenyl]ethanone,30,0.01253375
1-[4-(trifluoromethyl)phenyl]ethanone,25,0.00823246
4-pyridinamine,160,2.50007134
4-pyridinamine,155,1.86190898
4-pyridinamine,150,1.38056736
4-pyridinamine,145,1.01852583
4-pyridinamine,140,0.74723805
4-pyridinamine,135,0.54488473
4-pyridinamine,130,0.39474631
4-pyridinamine,125,0.28400671
4-pyridinamine,120,0.20285330
4-pyridinamine,115,0.14379325
4-pyridinamine,110,0.10112761
4-pyridinamine,105,0.07054362
4-pyridinamine,100,0.04879696
4-pyridinamine,95,0.03346356
4-pyridinamine,90,0.02274566
4-pyridinamine,85,0.01532073
4-pyridinamine,80,0.01022410
4-pyridinamine,75,0.00675847
4-pyridinamine,70,0.00442448
4-pyridinamine,65,0.00286800
4-pyridinamine,60,0.00184040
4-pyridinamine,55,0.00116888
4-pyridinamine,50,0.00073461
4-pyridinamine,45,0.00045675
4-pyridinamine,40,0.00028088
4-pyridinamine,35,0.00017079
4-pyridinamine,30,0.00010266
4-pyridinamine,25,0.00006098
4-bromo-1-butene,160,42.58089863
4-bromo-1-butene,155,40.28650870
4-bromo-1-butene,150,38.00762647
4-bromo-1-butene,145,35.74787678
4-bromo-1-butene,140,33.51007216
4-bromo-1-butene,135,31.29907764
4-bromo-1-butene,130,29.11912944
4-bromo-1-butene,125,26.97411552
4-bromo-1-butene,120,24.86803573
4-bromo-1-butene,115,22.80912424
4-bromo-1-butene,110,20.80000121
4-bromo-1-butene,105,18.84860082
4-bromo-1-butene,100,16.96106432
4-bromo-1-butene,95,15.14485248
4-bromo-1-butene,90,13.40748080
4-bromo-1-butene,85,11.75718239
4-bromo-1-butene,80,10.20250850
4-bromo-1-butene,75,8.75212668
4-bromo-1-butene,70,7.41383972
4-bromo-1-butene,65,6.19492231
4-bromo-1-butene,60,5.10090814
4-bromo-1-butene,55,4.13520808
4-bromo-1-butene,50,3.29814522
4-bromo-1-butene,45,2.58671401
4-bromo-1-butene,40,1.99447518
4-bromo-1-butene,35,1.51182856
4-bromo-1-butene,30,1.12680892
4-bromo-1-butene,25,0.82603844
"4-chloro-1,2-butadiene",160,51.13047635
"4-chloro-1,2-butadiene",155,48.53312713
"4-chloro-1,2-butadiene",150,45.88891746
"4-chloro-1,2-butadiene",145,43.20424698
"4-chloro-1,2-butadiene",140,40.48269786
"4-chloro-1,2-butadiene",135,37.73171450
"4-chloro-1,2-butadiene",130,34.96132780
"4-chloro-1,2-butadiene",125,32.18157007
"4-chloro-1,2-butadiene",120,29.40532099
"4-chloro-1,2-butadiene",115,26.64896919
"4-chloro-1,2-butadiene",110,23.92859301
"4-chloro-1,2-butadiene",105,21.26686073
"4-chloro-1,2-butadiene",100,18.68566446
"4-chloro-1,2-butadiene",95,16.21105181
"4-chloro-1,2-butadiene",90,13.86930500
"4-chloro-1,2-butadiene",85,11.68685226
"4-chloro-1,2-butadiene",80,9.68820124
"4-chloro-1,2-butadiene",75,7.89346085
"4-chloro-1,2-butadiene",70,6.31617741
"4-chloro-1,2-butadiene",65,4.96180817
"4-chloro-1,2-butadiene",60,3.82643177
"4-chloro-1,2-butadiene",55,2.89753374
"4-chloro-1,2-butadiene",50,2.15553562
"4-chloro-1,2-butadiene",45,1.57629820
"4-chloro-1,2-butadiene",40,1.13384815
"4-chloro-1,2-butadiene",35,0.80268952
"4-chloro-1,2-butadiene",30,0.55949949
"4-chloro-1,2-butadiene",25,0.38407602
4-chloroanisole,160,33.03330295
4-chloroanisole,155,30.22699897
4-chloroanisole,150,27.47424478
4-chloroanisole,145,24.78978626
4-chloroanisole,140,22.19065522
4-chloroanisole,135,19.69344519
4-chloroanisole,130,17.31567780
4-chloroanisole,125,15.07430328
4-chloroanisole,120,12.98473530
4-chloroanisole,115,11.06058309
4-chloroanisole,110,9.31218610
4-chloroanisole,105,7.74625615
4-chloroanisole,100,6.36476956
4-chloroanisole,95,5.16496867
4-chloroanisole,90,4.13949570
4-chloroanisole,85,3.27694013
4-chloroanisole,80,2.56277026
4-chloroanisole,75,1.98046476
4-chloroanisole,70,1.51265683
4-chloroanisole,65,1.14213091
4-chloroanisole,60,0.85262369
4-chloroanisole,55,0.62935640
4-chloroanisole,50,0.45933569
4-chloroanisole,45,0.33144906
4-chloroanisole,40,0.23641630
4-chloroanisole,35,0.16664653
4-chloroanisole,30,0.11604391
4-chloroanisole,25,0.07979424
4-chlorobenzaldehyde,160,29.88939994
4-chlorobenzaldehyde,155,26.83672962
4-chlorobenzaldehyde,150,23.86953365
4-chlorobenzaldehyde,145,21.01439569
4-chlorobenzaldehyde,140,18.29894566
4-chlorobenzaldehyde,135,15.74955016
4-chlorobenzaldehyde,130,13.39035463
4-chlorobenzaldehyde,125,11.24100526
4-chlorobenzaldehyde,120,9.31495311
4-chlorobenzaldehyde,115,7.61856557
4-chlorobenzaldehyde,110,6.15049286
4-chlorobenzaldehyde,105,4.90205562
4-chlorobenzaldehyde,100,3.85842252
4-chlorobenzaldehyde,95,3.00028100
4-chlorobenzaldehyde,90,2.30565228
4-chlorobenzaldehyde,85,1.75166451
4-chlorobenzaldehyde,80,1.31598107
4-chlorobenzaldehyde,75,0.97784559
4-chlorobenzaldehyde,70,0.71870746
4-chlorobenzaldehyde,65,0.52250744
4-chlorobenzaldehyde,60,0.37570556
4-chlorobenzaldehyde,55,0.26713784
4-chlorobenzaldehyde,50,0.18777526
4-chlorobenzaldehyde,45,0.13043872
4-chlorobenzaldehyde,40,0.08950764
4-chlorobenzaldehyde,35,0.06064457
4-chlorobenzaldehyde,30,0.04054795
4-chlorobenzaldehyde,25,0.02673826
4-chlorobenzonitrile,160,29.14291730
4-chlorobenzonitrile,155,25.96927217
4-chlorobenzonitrile,150,22.89418562
4-chlorobenzonitrile,145,19.95084070
4-chlorobenzonitrile,140,17.17301655
4-chlorobenzonitrile,135,14.59205123
4-chlorobenzonitrile,130,12.23420238
4-chlorobenzonitrile,125,10.11871940
4-chlorobenzonitrile,120,8.25579439
4-chlorobenzonitrile,115,6.64586403
4-chlorobenzonitrile,110,5.28015047
4-chlorobenzonitrile,105,4.14220331
4-chlorobenzonitrile,100,3.21004022
4-chlorobenzonitrile,95,2.45856288
4-chlorobenzonitrile,90,1.86172538
4-chlorobenzonitrile,85,1.39427311
4-chlorobenzonitrile,80,1.03292335
4-chlorobenzonitrile,75,0.75704210
4-chlorobenzonitrile,70,0.54891107
4-chlorobenzonitrile,65,0.39370434
4-chlorobenzonitrile,60,0.27928170
4-chlorobenzonitrile,55,0.19588551
4-chlorobenzonitrile,50,0.13580088
4-chlorobenzonitrile,45,0.09301838
4-chlorobenzonitrile,40,0.06292184
4-chlorobenzonitrile,35,0.04201246
4-chlorobenzonitrile,30,0.02767289
4-chlorobenzonitrile,25,0.01797071
p-chlorobenzylalcohol,160,15.75949729
p-chlorobenzylalcohol,155,12.76093437
p-chlorobenzylalcohol,150,10.17138135
p-chlorobenzylalcohol,145,7.98888701
p-chlorobenzylalcohol,140,6.18984753
p-chlorobenzylalcohol,135,4.73600695
p-chlorobenzylalcohol,130,3.58157256
p-chlorobenzylalcohol,125,2.67903556
p-chlorobenzylalcohol,120,1.98318680
p-chlorobenzylalcohol,115,1.45343808
p-chlorobenzylalcohol,110,1.05483865
p-chlorobenzylalcohol,105,0.75821884
p-chlorobenzylalcohol,100,0.53982065
p-chlorobenzylalcohol,95,0.38067350
p-chlorobenzylalcohol,90,0.26588155
p-chlorobenzylalcohol,85,0.18391963
p-chlorobenzylalcohol,80,0.12599005
p-chlorobenzylalcohol,75,0.08546159
p-chlorobenzylalcohol,70,0.05739661
p-chlorobenzylalcohol,65,0.03816204
p-chlorobenzylalcohol,60,0.02511606
p-chlorobenzylalcohol,55,0.01636005
p-chlorobenzylalcohol,50,0.01054535
p-chlorobenzylalcohol,45,0.00672512
p-chlorobenzylalcohol,40,0.00424239
p-chlorobenzylalcohol,35,0.00264658
p-chlorobenzylalcohol,30,0.00163230
p-chlorobenzylalcohol,25,0.00099497
4-chlorobenzenethiol,160,33.71636694
4-chlorobenzenethiol,155,31.02580422
4-chlorobenzenethiol,150,28.38931860
4-chlorobenzenethiol,145,25.81814114
4-chlorobenzenethiol,140,23.32592885
4-chlorobenzenethiol,135,20.92504075
4-chlorobenzenethiol,130,18.62911894
4-chlorobenzenethiol,125,16.45050150
4-chlorobenzenethiol,120,14.40142005
4-chlorobenzenethiol,115,12.49273205
4-chlorobenzenethiol,110,10.73322832
4-chlorobenzenethiol,105,9.12962254
4-chlorobenzenethiol,100,7.68559924
4-chlorobenzenethiol,95,6.40191431
4-chlorobenzenethiol,90,5.27578508
4-chlorobenzenethiol,85,4.30122638
4-chlorobenzenethiol,80,3.46937431
4-chlorobenzenethiol,75,2.76899690
4-chlorobenzenethiol,70,2.18719323
4-chlorobenzenethiol,65,1.71016630
4-chlorobenzenethiol,60,1.32395804
4-chlorobenzenethiol,55,1.01504254
4-chlorobenzenethiol,50,0.77080202
4-chlorobenzenethiol,45,0.57983543
4-chlorobenzenethiol,40,0.43211567
4-chlorobenzenethiol,35,0.31903166
4-chlorobenzenethiol,30,0.23333810
4-chlorobenzenethiol,25,0.16904817
n-ethyl-morpholine,160,39.77986701
n-ethyl-morpholine,155,36.92229487
n-ethyl-morpholine,150,34.07575412
n-ethyl-morpholine,145,31.25476213
n-ethyl-morpholine,140,28.47445556
n-ethyl-morpholine,135,25.75080499
n-ethyl-morpholine,130,23.10139235
n-ethyl-morpholine,125,20.54538993
n-ethyl-morpholine,120,18.10104249
n-ethyl-morpholine,115,15.78735282
n-ethyl-morpholine,110,13.62201773
n-ethyl-morpholine,105,11.62045130
n-ethyl-morpholine,100,9.79533899
n-ethyl-morpholine,95,8.15522248
n-ethyl-morpholine,90,6.70413867
n-ethyl-morpholine,85,5.44076643
n-ethyl-morpholine,80,4.35888826
n-ethyl-morpholine,75,3.44771030
n-ethyl-morpholine,70,2.69279578
n-ethyl-morpholine,65,2.07730118
n-ethyl-morpholine,60,1.58318573
n-ethyl-morpholine,55,1.19235845
n-ethyl-morpholine,50,0.88758321
n-ethyl-morpholine,45,0.65312085
n-ethyl-morpholine,40,0.47509251
n-ethyl-morpholine,35,0.34161900
n-ethyl-morpholine,30,0.24278627
n-ethyl-morpholine,25,0.17050005
4-ethylphenol,160,31.84517831
4-ethylphenol,155,28.50545530
4-ethylphenol,150,25.24094135
4-ethylphenol,145,22.08950406
4-ethylphenol,140,19.08953983
4-ethylphenol,135,16.27878806
4-ethylphenol,130,13.69068471
4-ethylphenol,125,11.35136513
4-ethylphenol,120,9.27777033
4-ethylphenol,115,7.47595128
4-ethylphenol,110,5.94101958
4-ethylphenol,105,4.65846835
4-ethylphenol,100,3.60643581
4-ethylphenol,95,2.75835778
4-ethylphenol,90,2.08565788
4-ethylphenol,85,1.55998507
4-ethylphenol,80,1.15483119
4-ethylphenol,75,0.84652612
4-ethylphenol,70,0.61468987
4-ethylphenol,65,0.44228828
4-ethylphenol,60,0.31542945
4-ethylphenol,55,0.22301760
4-ethylphenol,50,0.15634793
4-ethylphenol,45,0.10869875
4-ethylphenol,40,0.07495322
4-ethylphenol,35,0.05126684
4-ethylphenol,30,0.03478606
4-ethylphenol,25,0.02341718
butylenecarbonate,160,14.77200261
butylenecarbonate,155,11.84602763
butylenecarbonate,150,9.40086971
butylenecarbonate,145,7.39193295
butylenecarbonate,140,5.76419561
butylenecarbonate,135,4.46048485
butylenecarbonate,130,3.42658558
butylenecarbonate,125,2.61380352
butylenecarbonate,120,1.97994050
butylenecarbonate,115,1.48932888
butylenecarbonate,110,1.11235900
butylenecarbonate,105,0.82479538
butylenecarbonate,100,0.60702334
butylenecarbonate,95,0.44332062
butylenecarbonate,90,0.32119350
butylenecarbonate,85,0.23079390
butylenecarbonate,80,0.16441983
butylenecarbonate,75,0.11609449
butylenecarbonate,70,0.08121645
butylenecarbonate,65,0.05627183
butylenecarbonate,60,0.03859975
butylenecarbonate,55,0.02620279
butylenecarbonate,50,0.01759522
butylenecarbonate,45,0.01168236
butylenecarbonate,40,0.00766565
butylenecarbonate,35,0.00496859
butylenecarbonate,30,0.00317946
butylenecarbonate,25,0.00200754
"1,4-difluoro-2-nitrobenzene",160,21.16003244
"1,4-difluoro-2-nitrobenzene",155,18.14075233
"1,4-difluoro-2-nitrobenzene",150,15.35157085
"1,4-difluoro-2-nitrobenzene",145,12.82345646
"1,4-difluoro-2-nitrobenzene",140,10.57609157
"1,4-difluoro-2-nitrobenzene",135,8.61628013
"1,4-difluoro-2-nitrobenzene",130,6.93834380
"1,4-difluoro-2-nitrobenzene",125,5.52617829
"1,4-difluoro-2-nitrobenzene",120,4.35623029
"1,4-difluoro-2-nitrobenzene",115,3.40067804
"1,4-difluoro-2-nitrobenzene",110,2.63023526
"1,4-difluoro-2-nitrobenzene",105,2.01628391
"1,4-difluoro-2-nitrobenzene",100,1.53228040
"1,4-difluoro-2-nitrobenzene",95,1.15453529
"1,4-difluoro-2-nitrobenzene",90,0.86251827
"1,4-difluoro-2-nitrobenzene",85,0.63884248
"1,4-difluoro-2-nitrobenzene",80,0.46905537
"1,4-difluoro-2-nitrobenzene",75,0.34132845
"1,4-difluoro-2-nitrobenzene",70,0.24610989
"1,4-difluoro-2-nitrobenzene",65,0.17577781
"1,4-difluoro-2-nitrobenzene",60,0.12431689
"1,4-difluoro-2-nitrobenzene",55,0.08702906
"1,4-difluoro-2-nitrobenzene",50,0.06028217
"1,4-difluoro-2-nitrobenzene",45,0.04129642
"1,4-difluoro-2-nitrobenzene",40,0.02796596
"1,4-difluoro-2-nitrobenzene",35,0.01871209
"1,4-difluoro-2-nitrobenzene",30,0.01236395
"1,4-difluoro-2-nitrobenzene",25,0.00806283
4-hydroxybenzaldehyde,160,0.70378992
4-hydroxybenzaldehyde,155,0.51285309
4-hydroxybenzaldehyde,150,0.37142670
4-hydroxybenzaldehyde,145,0.26723950
4-hydroxybenzaldehyde,140,0.19095103
4-hydroxybenzaldehyde,135,0.13545911
4-hydroxybenzaldehyde,130,0.09537870
4-hydroxybenzaldehyde,125,0.06664415
4-hydroxybenzaldehyde,120,0.04620261
4-hydroxybenzaldehyde,115,0.03177640
4-hydroxybenzaldehyde,110,0.02167846
4-hydroxybenzaldehyde,105,0.01466896
4-hydroxybenzaldehyde,100,0.00984434
4-hydroxybenzaldehyde,95,0.00655188
4-hydroxybenzaldehyde,90,0.00432431
4-hydroxybenzaldehyde,85,0.00283022
4-hydroxybenzaldehyde,80,0.00183678
4-hydroxybenzaldehyde,75,0.00118196
4-hydroxybenzaldehyde,70,0.00075412
4-hydroxybenzaldehyde,65,0.00047701
4-hydroxybenzaldehyde,60,0.00029910
4-hydroxybenzaldehyde,55,0.00018589
4-hydroxybenzaldehyde,50,0.00011449
4-hydroxybenzaldehyde,45,0.00006987
4-hydroxybenzaldehyde,40,0.00004224
4-hydroxybenzaldehyde,35,0.00002528
4-hydroxybenzaldehyde,30,0.00001498
4-hydroxybenzaldehyde,25,0.00000878
4-methoxyacetophenone,160,24.30103662
4-methoxyacetophenone,155,21.35019696
4-methoxyacetophenone,150,18.56799679
4-methoxyacetophenone,145,15.97893275
4-methoxyacetophenone,140,13.60284149
4-methoxyacetophenone,135,11.45363879
4-methoxyacetophenone,130,9.53837160
4-methoxyacetophenone,125,7.85691384
4-methoxyacetophenone,120,6.40247472
4-methoxyacetophenone,115,5.16250266
4-methoxyacetophenone,110,4.12006734
4-methoxyacetophenone,105,3.25534560
4-methoxyacetophenone,100,2.54711434
4-methoxyacetophenone,95,1.97401228
4-methoxyacetophenone,90,1.51554866
4-methoxyacetophenone,85,1.15278860
4-methoxyacetophenone,80,0.86876260
4-methoxyacetophenone,75,0.64864446
4-methoxyacetophenone,70,0.47975571
4-methoxyacetophenone,65,0.35145365
4-methoxyacetophenone,60,0.25494789
4-methoxyacetophenone,55,0.18308270
4-methoxyacetophenone,50,0.13010991
4-methoxyacetophenone,45,0.09146904
4-methoxyacetophenone,40,0.06358460
4-methoxyacetophenone,35,0.04368551
4-methoxyacetophenone,30,0.02964864
4-methoxyacetophenone,25,0.01986593
4-methoxybenzonitrile,160,25.15207040
4-methoxybenzonitrile,155,21.89342668
4-methoxybenzonitrile,150,18.82622854
4-methoxybenzonitrile,145,15.98756028
4-methoxybenzonitrile,140,13.40637132
4-methoxybenzonitrile,135,11.10141407
4-methoxybenzonitrile,130,9.07996390
4-methoxybenzonitrile,125,7.33815131
4-methoxybenzonitrile,120,5.86242221
4-methoxybenzonitrile,115,4.63189338
4-methoxybenzonitrile,110,3.62097330
4-methoxybenzonitrile,105,2.80187336
4-methoxybenzonitrile,100,2.14667176
4-methoxybenzonitrile,95,1.62882796
4-methoxybenzonitrile,90,1.22415185
4-methoxybenzonitrile,85,0.91130579
4-methoxybenzonitrile,80,0.67195899
4-methoxybenzonitrile,75,0.49070244
4-methoxybenzonitrile,70,0.35481896
4-methoxybenzonitrile,65,0.25397880
4-methoxybenzonitrile,60,0.17990963
4-methoxybenzonitrile,55,0.12607225
4-methoxybenzonitrile,50,0.08736028
4-methoxybenzonitrile,45,0.05983288
4-methoxybenzonitrile,40,0.04048373
4-methoxybenzonitrile,35,0.02704588
4-methoxybenzonitrile,30,0.01782989
4-methoxybenzonitrile,25,0.01159181
4-nitrophenol,160,3.68217739
4-nitrophenol,155,2.81831446
4-nitrophenol,150,2.14900766
4-nitrophenol,145,1.63176204
4-nitrophenol,140,1.23327998
4-nitrophenol,135,0.92743130
4-nitrophenol,130,0.69368288
4-nitrophenol,125,0.51588813
4-nitrophenol,120,0.38135993
4-nitrophenol,115,0.28014383
4-nitrophenol,110,0.20444952
4-nitrophenol,105,0.14820153
4-nitrophenol,100,0.10668234
4-nitrophenol,95,0.07624747
4-nitrophenol,90,0.05409764
4-nitrophenol,85,0.03809643
4-nitrophenol,80,0.02662451
4-nitrophenol,75,0.01846343
4-nitrophenol,70,0.01270345
4-nitrophenol,65,0.00867074
4-nitrophenol,60,0.00587033
4-nitrophenol,55,0.00394173
4-nitrophenol,50,0.00262464
4-nitrophenol,45,0.00173281
4-nitrophenol,40,0.00113413
4-nitrophenol,35,0.00073575
4-nitrophenol,30,0.00047300
4-nitrophenol,25,0.00030127
4-pentenal,160,48.01797810
4-pentenal,155,44.96779822
4-pentenal,150,41.85587038
4-pentenal,145,38.69649706
4-pentenal,140,35.50657788
4-pentenal,135,32.30648843
4-pentenal,130,29.12163378
4-pentenal,125,25.98090435
4-pentenal,120,22.91731364
4-pentenal,115,19.96591249
4-pentenal,110,17.16324717
4-pentenal,105,14.54415513
4-pentenal,100,12.14014255
4-pentenal,95,9.97597760
4-pentenal,90,8.06766919
4-pentenal,85,6.42055979
4-pentenal,80,5.02939159
4-pentenal,75,3.87925610
4-pentenal,70,2.94782628
4-pentenal,65,2.20815831
4-pentenal,60,1.63147842
4-pentenal,55,1.18951401
4-pentenal,50,0.85616940
4-pentenal,45,0.60849525
4-pentenal,40,0.42707710
4-pentenal,35,0.29599984
4-pentenal,30,0.20255442
4-pentenal,25,0.13681558
4-vinylpyridine,160,43.13306546
4-vinylpyridine,155,40.24754919
4-vinylpyridine,150,37.34389274
4-vinylpyridine,145,34.43436396
4-vinylpyridine,140,31.53336753
4-vinylpyridine,135,28.65722037
4-vinylpyridine,130,25.82480373
4-vinylpyridine,125,23.05722772
4-vinylpyridine,120,20.37776363
4-vinylpyridine,115,17.81026812
4-vinylpyridine,110,15.37992605
4-vinylpyridine,105,13.11065965
4-vinylpyridine,100,11.02393902
4-vinylpyridine,95,9.13688112
4-vinylpyridine,90,7.46124321
4-vinylpyridine,85,6.00146037
4-vinylpyridine,80,4.75457764
4-vinylpyridine,75,3.71058760
4-vinylpyridine,70,2.85348853
4-vinylpyridine,65,2.16311384
4-vinylpyridine,60,1.61709106
4-vinylpyridine,55,1.19263785
4-vinylpyridine,50,0.86803534
4-vinylpyridine,45,0.62360512
4-vinylpyridine,40,0.44224428
4-vinylpyridine,35,0.30958301
4-vinylpyridine,30,0.21388630
4-vinylpyridine,25,0.14580012
anthraquinone,160,16.04398491
anthraquinone,155,13.77520684
anthraquinone,150,11.71943624
anthraquinone,145,9.87945329
anthraquinone,140,8.25276024
anthraquinone,135,6.83209548
anthraquinone,130,5.60608677
anthraquinone,125,4.56023339
anthraquinone,120,3.67795564
anthraquinone,115,2.94157913
anthraquinone,110,2.33324058
anthraquinone,105,1.83559531
anthraquinone,100,1.43234242
anthraquinone,95,1.10856831
anthraquinone,90,0.85093346
anthraquinone,85,0.64773418
anthraquinone,80,0.48887304
anthraquinone,75,0.36576614
anthraquinone,70,0.27121273
anthraquinone,65,0.19924556
anthraquinone,60,0.14497544
anthraquinone,55,0.10443971
anthraquinone,50,0.07446010
anthraquinone,45,0.05251375
anthraquinone,40,0.03661859
anthraquinone,35,0.02523364
anthraquinone,30,0.01717357
anthraquinone,25,0.01153659
"9,10-phenanthrenedione",160,10.35642626
"9,10-phenanthrenedione",155,8.54087428
"9,10-phenanthrenedione",150,6.98757046
"9,10-phenanthrenedione",145,5.67330784
"9,10-phenanthrenedione",140,4.57251874
"9,10-phenanthrenedione",135,3.65909000
"9,10-phenanthrenedione",130,2.90767263
"9,10-phenanthrenedione",125,2.29455307
"9,10-phenanthrenedione",120,1.79815907
"9,10-phenanthrenedione",115,1.39928990
"9,10-phenanthrenedione",110,1.08115257
"9,10-phenanthrenedione",105,0.82927136
"9,10-phenanthrenedione",100,0.63132108
"9,10-phenanthrenedione",95,0.47692058
"9,10-phenanthrenedione",90,0.35741149
"9,10-phenanthrenedione",85,0.26563741
"9,10-phenanthrenedione",80,0.19573476
"9,10-phenanthrenedione",75,0.14293973
"9,10-phenanthrenedione",70,0.10341445
"9,10-phenanthrenedione",65,0.07409325
"9,10-phenanthrenedione",60,0.05254842
"9,10-phenanthrenedione",55,0.03687457
"9,10-phenanthrenedione",50,0.02559005
"9,10-phenanthrenedione",45,0.01755374
"9,10-phenanthrenedione",40,0.01189560
"9,10-phenanthrenedione",35,0.00795922
"9,10-phenanthrenedione",30,0.00525479
"9,10-phenanthrenedione",25,0.00342103
alpha-methylstyrene,160,37.49275500
alpha-methylstyrene,155,34.54349925
alpha-methylstyrene,150,31.62066818
alpha-methylstyrene,145,28.74040952
alpha-methylstyrene,140,25.92226479
alpha-methylstyrene,135,23.18544065
alpha-methylstyrene,130,20.55107787
alpha-methylstyrene,125,18.04029080
alpha-methylstyrene,120,15.67299605
alpha-methylstyrene,115,13.46794458
alpha-methylstyrene,110,11.44070551
alpha-methylstyrene,105,9.60328232
alpha-methylstyrene,100,7.96277228
alpha-methylstyrene,95,6.52076232
alpha-methylstyrene,90,5.27345450
alpha-methylstyrene,85,4.21189430
alpha-methylstyrene,80,3.32280561
alpha-methylstyrene,75,2.58977498
alpha-methylstyrene,70,1.99455462
alpha-methylstyrene,65,1.51826463
alpha-methylstyrene,60,1.14245793
alpha-methylstyrene,55,0.84990722
alpha-methylstyrene,50,0.62510791
alpha-methylstyrene,45,0.45453568
alpha-methylstyrene,40,0.32670054
alpha-methylstyrene,35,0.23206105
alpha-methylstyrene,30,0.16285092
alpha-methylstyrene,25,0.11286092
acetaldehyde,160,100.00000000
acetaldehyde,155,100.00000000
acetaldehyde,150,100.00000000
acetaldehyde,145,100.00000000
acetaldehyde,140,100.00000000
acetaldehyde,135,57.14622272
acetaldehyde,130,54.55731455
acetaldehyde,125,51.89577138
acetaldehyde,120,49.17269214
acetaldehyde,115,46.39784182
acetaldehyde,110,43.58338978
acetaldehyde,105,40.74631575
acetaldehyde,100,37.89835028
acetaldehyde,95,35.05639602
acetaldehyde,90,32.23657170
acetaldehyde,85,29.45479265
acetaldehyde,80,26.72730427
acetaldehyde,75,24.06888851
acetaldehyde,70,21.49802887
acetaldehyde,65,19.02924983
acetaldehyde,60,16.67701863
acetaldehyde,55,14.45602033
acetaldehyde,50,12.38195195
acetaldehyde,45,10.46574439
acetaldehyde,40,8.71957948
acetaldehyde,35,7.15214359
acetaldehyde,30,5.76907064
acetaldehyde,25,4.57194653
acetaldehydeoxime,160,15.04436648
acetaldehydeoxime,155,10.82142674
acetaldehydeoxime,150,7.65232443
acetaldehydeoxime,145,5.33783545
acetaldehydeoxime,140,3.68068800
acetaldehydeoxime,135,2.51210556
acetaldehydeoxime,130,1.69823204
acetaldehydeoxime,125,1.13751859
acetaldehydeoxime,120,0.75506536
acetaldehydeoxime,115,0.49669358
acetaldehydeoxime,110,0.32378903
acetaldehydeoxime,105,0.20916588
acetaldehydeoxime,100,0.13389463
acetaldehydeoxime,95,0.08493267
acetaldehydeoxime,90,0.05338628
acetaldehydeoxime,85,0.03325365
acetaldehydeoxime,80,0.02052677
acetaldehydeoxime,75,0.01255720
acetaldehydeoxime,70,0.00761333
acetaldehydeoxime,65,0.00457488
acetaldehydeoxime,60,0.00272468
acetaldehydeoxime,55,0.00160833
acetaldehydeoxime,50,0.00094089
acetaldehydeoxime,45,0.00054547
acetaldehydeoxime,40,0.00031333
acetaldehydeoxime,35,0.00017831
acetaldehydeoxime,30,0.00010050
acetaldehydeoxime,25,0.00005608
acetamide,160,0.01632759
acetamide,155,0.01130833
acetamide,150,0.00777053
acetamide,145,0.00529656
acetamide,140,0.00358054
acetamide,135,0.00240014
acetamide,130,0.00159508
acetamide,125,0.00105080
acetamide,120,0.00068608
acetamide,115,0.00044391
acetamide,110,0.00028459
acetamide,105,0.00018075
acetamide,100,0.00011372
acetamide,95,0.00007087
acetamide,90,0.00004374
acetamide,85,0.00002673
acetamide,80,0.00001618
acetamide,75,0.00000970
acetamide,70,0.00000575
acetamide,65,0.00000338
acetamide,60,0.00000197
acetamide,55,0.00000113
acetamide,50,0.00000065
acetamide,45,0.00000036
acetamide,40,0.00000020
acetamide,35,0.00000011
acetamide,30,0.00000006
acetamide,25,0.00000003
acetanilide,160,10.56897494
acetanilide,155,8.40665196
acetanilide,150,6.62650250
acetanilide,145,5.17958706
acetanilide,140,4.01650738
acetanilide,135,3.09075259
acetanilide,130,2.36048568
acetanilide,125,1.78925511
acetanilide,120,1.34601807
acetanilide,115,1.00480762
acetanilide,110,0.74420386
acetanilide,105,0.54674460
acetanilide,100,0.39834030
acetanilide,95,0.28772963
acetanilide,90,0.20599226
acetanilide,85,0.14612420
acetanilide,80,0.10267425
acetanilide,75,0.07143768
acetanilide,70,0.04920089
acetanilide,65,0.03353104
acetanilide,60,0.02260439
acetanilide,55,0.01506773
acetanilide,50,0.00992759
acetanilide,45,0.00646256
acetanilide,40,0.00415476
acetanilide,35,0.00263678
acetanilide,30,0.00165115
acetanilide,25,0.00101968
aceticacid,160,1.40258456
aceticacid,155,0.97110630
aceticacid,150,0.66840242
aceticacid,145,0.45708845
aceticacid,140,0.31042884
aceticacid,135,0.20930273
aceticacid,130,0.14006376
aceticacid,125,0.09301047
aceticacid,120,0.06128241
aceticacid,115,0.04005921
aceticacid,110,0.02597852
aceticacid,105,0.01671362
aceticacid,100,0.01066797
aceticacid,95,0.00675569
aceticacid,90,0.00424486
aceticacid,85,0.00264666
aceticacid,80,0.00163761
aceticacid,75,0.00100562
aceticacid,70,0.00061293
aceticacid,65,0.00037083
aceticacid,60,0.00022271
aceticacid,55,0.00013278
aceticacid,50,0.00007858
aceticacid,45,0.00004617
aceticacid,40,0.00002692
aceticacid,35,0.00001558
aceticacid,30,0.00000895
aceticacid,25,0.00000510
aceticanhydride,160,30.67413538
aceticanhydride,155,26.99595246
aceticanhydride,150,23.48277893
aceticanhydride,145,20.18302339
aceticanhydride,140,17.13657933
aceticanhydride,135,14.37266781
aceticanhydride,130,11.90827288
aceticanhydride,125,9.74834359
aceticanhydride,120,7.88670421
aceticanhydride,115,6.30798843
aceticanhydride,110,4.98985060
aceticanhydride,105,3.90544450
aceticanhydride,100,3.02568791
aceticanhydride,95,2.32125068
aceticanhydride,90,1.76408062
aceticanhydride,85,1.32843487
aceticanhydride,80,0.99148188
aceticanhydride,75,0.73352966
aceticanhydride,70,0.53798935
aceticanhydride,65,0.39116346
aceticanhydride,60,0.28193574
aceticanhydride,55,0.20142048
aceticanhydride,50,0.14261054
aceticanhydride,45,0.10004780
aceticanhydride,40,0.06952924
aceticanhydride,35,0.04785326
aceticanhydride,30,0.03260658
aceticanhydride,25,0.02198873
propanone,160,100.00000000
propanone,155,100.00000000
propanone,150,100.00000000
propanone,145,56.66741527
propanone,140,54.30177918
propanone,135,51.88388041
propanone,130,49.41633262
propanone,125,46.90482526
propanone,120,44.35686628
propanone,115,41.77772882
propanone,110,39.17686890
propanone,105,36.56178233
propanone,100,33.94303877
propanone,95,31.33179991
propanone,90,28.73943145
propanone,85,26.17875006
propanone,80,23.66330565
propanone,75,21.20970894
propanone,70,18.83241606
propanone,65,16.54878041
propanone,60,14.37532870
propanone,55,12.33025615
propanone,50,10.43008480
propanone,45,8.69015010
propanone,40,7.12334269
propanone,35,5.73858287
propanone,30,4.53989155
propanone,25,3.52511319
2-hydroxy-2-methylpropanenitrile,160,4.70606900
2-hydroxy-2-methylpropanenitrile,155,3.45786154
2-hydroxy-2-methylpropanenitrile,150,2.52765655
2-hydroxy-2-methylpropanenitrile,145,1.83732997
2-hydroxy-2-methylpropanenitrile,140,1.32743341
2-hydroxy-2-methylpropanenitrile,135,0.95280532
2-hydroxy-2-methylpropanenitrile,130,0.67918216
2-hydroxy-2-methylpropanenitrile,125,0.48061730
2-hydroxy-2-methylpropanenitrile,120,0.33752114
2-hydroxy-2-methylpropanenitrile,115,0.23516060
2-hydroxy-2-methylpropanenitrile,110,0.16250957
2-hydroxy-2-methylpropanenitrile,105,0.11136460
2-hydroxy-2-methylpropanenitrile,100,0.07566328
2-hydroxy-2-methylpropanenitrile,95,0.05095896
2-hydroxy-2-methylpropanenitrile,90,0.03401659
2-hydroxy-2-methylpropanenitrile,85,0.02250310
2-hydroxy-2-methylpropanenitrile,80,0.01475123
2-hydroxy-2-methylpropanenitrile,75,0.00958092
2-hydroxy-2-methylpropanenitrile,70,0.00616511
2-hydroxy-2-methylpropanenitrile,65,0.00393001
2-hydroxy-2-methylpropanenitrile,60,0.00248158
2-hydroxy-2-methylpropanenitrile,55,0.00155205
2-hydroxy-2-methylpropanenitrile,50,0.00096135
2-hydroxy-2-methylpropanenitrile,45,0.00058967
2-hydroxy-2-methylpropanenitrile,40,0.00035812
2-hydroxy-2-methylpropanenitrile,35,0.00021531
2-hydroxy-2-methylpropanenitrile,30,0.00012812
2-hydroxy-2-methylpropanenitrile,25,0.00007544
acetonitrile,160,35.25896638
acetonitrile,155,28.72572794
acetonitrile,150,23.03888310
acetonitrile,145,18.22664678
acetonitrile,140,14.23493297
acetonitrile,135,10.97848216
acetonitrile,130,8.36297226
acetonitrile,125,6.29414159
acetonitrile,120,4.68219054
acetonitrile,115,3.44445605
acetonitrile,110,2.50722220
acetonitrile,105,1.80677407
acetonitrile,100,1.28964311
acetonitrile,95,0.91216155
acetonitrile,90,0.63951918
acetonitrile,85,0.44454890
acetonitrile,80,0.30643551
acetonitrile,75,0.20948421
acetonitrile,70,0.14202678
acetonitrile,65,0.09549701
acetonitrile,60,0.06367777
acetonitrile,55,0.04210465
acetonitrile,50,0.02760402
acetonitrile,45,0.01794168
acetonitrile,40,0.01155967
acetonitrile,35,0.00738171
acetonitrile,30,0.00467125
acetonitrile,25,0.00292890
acetophenone,160,36.08342953
acetophenone,155,33.03279291
acetophenone,150,30.01367054
acetophenone,145,27.04783963
acetophenone,140,24.15790371
acetophenone,135,21.36865912
acetophenone,130,18.70538649
acetophenone,125,16.19250977
acetophenone,120,13.85295544
acetophenone,115,11.70604553
acetophenone,110,9.76657995
acetophenone,105,8.04308031
acetophenone,100,6.53737433
acetophenone,95,5.24458228
acetophenone,90,4.15355911
acetophenone,85,3.24825535
acetophenone,80,2.50921893
acetophenone,75,1.91525887
acetophenone,70,1.44492007
acetophenone,65,1.07767617
acetophenone,60,0.79474057
acetophenone,55,0.57953562
acetophenone,50,0.41786498
acetophenone,45,0.29787592
acetophenone,40,0.20988522
acetophenone,35,0.14613089
acetophenone,30,0.10049595
acetophenone,25,0.06823421
2-propanoneoxime,160,23.65862032
2-propanoneoxime,155,18.52421325
2-propanoneoxime,150,14.11606421
2-propanoneoxime,145,10.50466148
2-propanoneoxime,140,7.66111191
2-propanoneoxime,135,5.49315984
2-propanoneoxime,130,3.88219137
2-propanoneoxime,125,2.70940700
2-propanoneoxime,120,1.86977594
2-propanoneoxime,115,1.27705682
2-propanoneoxime,110,0.86375476
2-propanoneoxime,105,0.57875429
2-propanoneoxime,100,0.38426194
2-propanoneoxime,95,0.25284821
2-propanoneoxime,90,0.16490759
2-propanoneoxime,85,0.10661197
2-propanoneoxime,80,0.06832573
2-propanoneoxime,75,0.04341081
2-propanoneoxime,70,0.02734403
2-propanoneoxime,65,0.01707600
2-propanoneoxime,60,0.01057221
2-propanoneoxime,55,0.00648913
2-propanoneoxime,50,0.00394836
2-propanoneoxime,45,0.00238126
2-propanoneoxime,40,0.00142327
2-propanoneoxime,35,0.00084287
2-propanoneoxime,30,0.00049444
2-propanoneoxime,25,0.00028721
aspirin,160,3.31626993
aspirin,155,2.54029910
aspirin,150,1.93542181
aspirin,145,1.46616591
aspirin,140,1.10398102
aspirin,135,0.82596921
aspirin,130,0.61382608
aspirin,125,0.45296574
aspirin,120,0.33180974
aspirin,115,0.24120599
aspirin,110,0.17395626
aspirin,105,0.12443116
aspirin,100,0.08825625
aspirin,95,0.06205608
aspirin,90,0.04324598
aspirin,85,0.02986300
aspirin,80,0.02042930
aspirin,75,0.01384249
aspirin,70,0.00928801
aspirin,65,0.00617000
aspirin,60,0.00405699
aspirin,55,0.00263984
aspirin,50,0.00169940
aspirin,45,0.00108203
aspirin,40,0.00068120
aspirin,35,0.00042390
aspirin,30,0.00026064
aspirin,25,0.00015828
acetylacetone,160,31.06335945
acetylacetone,155,27.48985925
acetylacetone,150,24.07926703
acetylacetone,145,20.87172445
acetylacetone,140,17.89970224
acetylacetone,135,15.18669050
acetylacetone,130,12.74687249
acetylacetone,125,10.58494191
acetylacetone,120,8.69703816
acetylacetone,115,7.07180546
acetylacetone,110,5.69205000
acetylacetone,105,4.53633260
acetylacetone,100,3.58071088
acetylacetone,95,2.80021908
acetylacetone,90,2.17018413
acetylacetone,85,1.66721897
acetylacetone,80,1.26990577
acetylacetone,75,0.95918311
acetylacetone,70,0.71850085
acetylacetone,65,0.53378795
acetylacetone,60,0.39329813
acetylacetone,55,0.28738204
acetylacetone,50,0.20822530
acetylacetone,45,0.14958051
acetylacetone,40,0.10651166
acetylacetone,35,0.07516153
acetylacetone,30,0.05254721
acetylacetone,25,0.03638504
acetylbromide,160,43.26696150
acetylbromide,155,40.71055585
acetylbromide,150,38.14106374
acetylbromide,145,35.56560511
acetylbromide,140,32.98565630
acetylbromide,135,30.41097179
acetylbromide,130,27.84968736
acetylbromide,125,25.31069473
acetylbromide,120,22.80729749
acetylbromide,115,20.35318842
acetylbromide,110,17.96440149
acetylbromide,105,15.66072449
acetylbromide,100,13.46402627
acetylbromide,95,11.39712355
acetylbromide,90,9.48379067
acetylbromide,85,7.74659257
acetylbromide,80,6.20368526
acetylbromide,75,4.86678011
acetylbromide,70,3.73898401
acetylbromide,65,2.81360590
acetylbromide,60,2.07513434
acetylbromide,55,1.50140477
acetylbromide,50,1.06674603
acetylbromide,45,0.74499648
acetylbromide,40,0.51182224
acetylbromide,35,0.34609317
acetylbromide,30,0.23041064
acetylbromide,25,0.15103192
acetylchloride,160,54.22379211
acetylchloride,155,51.56761735
acetylchloride,150,48.83149814
acetylchloride,145,46.01459439
acetylchloride,140,43.12177926
acetylchloride,135,40.15848518
acetylchloride,130,37.13313225
acetylchloride,125,34.05690735
acetylchloride,120,30.94631558
acetylchloride,115,27.82040442
acetylchloride,110,24.70760675
acetylchloride,105,21.64028593
acetylchloride,100,18.65878767
acetylchloride,95,15.80780703
acetylchloride,90,13.13535081
acetylchloride,85,10.68825763
acetylchloride,80,8.50653727
acetylchloride,75,6.61786094
acetylchloride,70,5.03280316
acetylchloride,65,3.74378605
acetylchloride,60,2.72706469
acetylchloride,55,1.94776122
acetylchloride,50,1.36586777
acetylchloride,45,0.94149512
acetylchloride,40,0.63848418
acetylchloride,35,0.42624593
acetylchloride,30,0.28020528
acetylchloride,25,0.18138990
ethine,160,100.00000000
ethine,155,100.00000000
ethine,150,100.00000000
ethine,145,100.00000000
ethine,140,100.00000000
ethine,135,100.00000000
ethine,130,100.00000000
ethine,125,100.00000000
ethine,120,100.00000000
ethine,115,100.00000000
ethine,110,100.00000000
ethine,105,100.00000000
ethine,100,100.00000000
ethine,95,100.00000000
ethine,90,100.00000000
ethine,85,57.22806922
ethine,80,54.82859267
ethine,75,52.32391304
ethine,70,49.71376458
ethine,65,47.00046696
ethine,60,44.19022864
ethine,55,41.28607346
ethine,50,38.30097579
ethine,45,35.24752326
ethine,40,32.14449876
ethine,35,29.01239724
ethine,30,25.87942319
ethine,25,22.77930419
acetylfluoride,160,55.54776647
acetylfluoride,155,52.14938771
acetylfluoride,150,48.52278254
acetylfluoride,145,44.66588123
acetylfluoride,140,40.58700491
acetylfluoride,135,36.31310728
acetylfluoride,130,31.89673318
acetylfluoride,125,27.42256369
acetylfluoride,120,23.00811367
acetylfluoride,115,18.79610594
acetylfluoride,110,14.93225622
acetylfluoride,105,11.53725449
acetylfluoride,100,8.68182750
acetylfluoride,95,6.37771401
acetylfluoride,90,4.58606603
acetylfluoride,85,3.23641272
acetylfluoride,80,2.24636231
acetylfluoride,75,1.53601922
acetylfluoride,70,1.03584033
acetylfluoride,65,0.68936604
acetylfluoride,60,0.45289152
acetylfluoride,55,0.29372127
acetylfluoride,50,0.18801734
acetylfluoride,45,0.11875298
acetylfluoride,40,0.07397639
acetylfluoride,35,0.04542848
acetylfluoride,30,0.02748578
acetylfluoride,25,0.01637455
acridine,160,24.56549323
acridine,155,21.95845519
acridine,150,19.47379692
acridine,145,17.12630544
acridine,140,14.92931532
acridine,135,12.89414850
acridine,130,11.02982878
acridine,125,9.34193587
acridine,120,7.83249171
acridine,115,6.49980736
acridine,110,5.33846678
acridine,105,4.33963336
acridine,100,3.49173488
acridine,95,2.78116282
acridine,90,2.19311647
acridine,85,1.71236624
acridine,80,1.32394583
acridine,75,1.01368957
acridine,70,0.76860198
acridine,65,0.57708039
acridine,60,0.42900274
acridine,55,0.31571626
acridine,50,0.22995610
acridine,45,0.16572052
acridine,40,0.11812408
acridine,35,0.08324433
acridine,30,0.05797285
acridine,25,0.03987723
acrolein,160,60.35730555
acrolein,155,57.60167347
acrolein,150,54.72180112
acrolein,145,51.72037644
acrolein,140,48.60279957
acrolein,135,45.37939467
acrolein,130,42.06459472
acrolein,125,38.67746662
acrolein,120,35.24120152
acrolein,115,31.78472616
acrolein,110,28.34457977
acrolein,105,24.95901708
acrolein,100,21.67217387
acrolein,95,18.53014614
acrolein,90,15.57915706
acrolein,85,12.86234217
acrolein,80,10.41658579
acrolein,75,8.26797279
acrolein,70,6.42931755
acrolein,65,4.89820353
acrolein,60,3.65779827
acrolein,55,2.67959114
acrolein,50,1.92761793
acrolein,45,1.36311919
acrolein,40,0.94847340
acrolein,35,0.64988187
acrolein,30,0.43873428
acrolein,25,0.29192030
2-propenamide,160,0.02754837
2-propenamide,155,0.01906702
2-propenamide,150,0.01308928
2-propenamide,145,0.00891028
2-propenamide,140,0.00601325
2-propenamide,135,0.00402229
2-propenamide,130,0.00266619
2-propenamide,125,0.00175094
2-propenamide,120,0.00113902
2-propenamide,115,0.00073380
2-propenamide,110,0.00046810
2-propenamide,105,0.00029562
2-propenamide,100,0.00018479
2-propenamide,95,0.00011431
2-propenamide,90,0.00006997
2-propenamide,85,0.00004237
2-propenamide,80,0.00002538
2-propenamide,75,0.00001504
2-propenamide,70,0.00000881
2-propenamide,65,0.00000510
2-propenamide,60,0.00000292
2-propenamide,55,0.00000165
2-propenamide,50,0.00000093
2-propenamide,45,0.00000051
2-propenamide,40,0.00000028
2-propenamide,35,0.00000015
2-propenamide,30,0.00000008
2-propenamide,25,0.00000004
acrylicacid,160,5.89802541
acrylicacid,155,4.19479159
acrylicacid,150,2.96337328
acrylicacid,145,2.07917209
acrylicacid,140,1.44847914
acrylicacid,135,1.00164949
acrylicacid,130,0.68732171
acrylicacid,125,0.46785313
acrylicacid,120,0.31582158
acrylicacid,115,0.21137332
acrylicacid,110,0.14023123
acrylicacid,105,0.09220453
acrylicacid,100,0.06007791
acrylicacid,95,0.03878718
acrylicacid,90,0.02481076
acrylicacid,85,0.01572342
acrylicacid,80,0.00987174
acrylicacid,75,0.00613999
acrylicacid,70,0.00378320
acrylicacid,65,0.00230918
acrylicacid,60,0.00139621
acrylicacid,55,0.00083620
acrylicacid,50,0.00049603
acrylicacid,45,0.00029141
acrylicacid,40,0.00016953
acrylicacid,35,0.00009764
acrylicacid,30,0.00005566
acrylicacid,25,0.00003140
2-propenenitrile,160,55.87635886
2-propenenitrile,155,52.03269762
2-propenenitrile,150,47.90668111
2-propenenitrile,145,43.51436436
2-propenenitrile,140,38.89706254
2-propenenitrile,135,34.12747321
2-propenenitrile,130,29.31327998
2-propenenitrile,125,24.59351761
2-propenenitrile,120,20.12223230
2-propenenitrile,115,16.04526375
2-propenenitrile,110,12.47372085
2-propenenitrile,105,9.46644294
2-propenenitrile,100,7.02667771
2-propenenitrile,95,5.11232953
2-propenenitrile,90,3.65332447
2-propenenitrile,85,2.56874203
2-propenenitrile,80,1.77952135
2-propenenitrile,75,1.21575518
2-propenenitrile,70,0.81959599
2-propenenitrile,65,0.54535969
2-propenenitrile,60,0.35818751
2-propenenitrile,55,0.23217572
2-propenenitrile,50,0.14848285
2-propenenitrile,45,0.09365194
2-propenenitrile,40,0.05822778
2-propenenitrile,35,0.03566805
2-propenenitrile,30,0.02151307
2-propenenitrile,25,0.01276776
propenoylchloride,160,50.72535820
propenoylchloride,155,48.12806231
propenoylchloride,150,45.48409122
propenoylchloride,145,42.79969840
propenoylchloride,140,40.07950693
propenoylchloride,135,37.33131297
propenoylchloride,130,34.56214963
propenoylchloride,125,31.78402918
propenoylchloride,120,29.01017904
propenoylchloride,115,26.25700639
propenoylchloride,110,23.53947592
propenoylchloride,105,20.88097409
propenoylchloride,100,18.30502325
propenoylchloride,95,15.83699122
propenoylchloride,90,13.50445582
propenoylchloride,85,11.33453893
propenoylchloride,80,9.35271744
propenoylchloride,75,7.57944448
propenoylchloride,70,6.02825407
propenoylchloride,65,4.70396775
propenoylchloride,60,3.60142366
propenoylchloride,55,2.70643754
propenoylchloride,50,1.99765011
propenoylchloride,45,1.44935276
propenoylchloride,40,1.03443106
propenoylchloride,35,0.72676907
propenoylchloride,30,0.50290093
propenoylchloride,25,0.34284455
adenine,160,0.00935576
adenine,155,0.00657473
adenine,150,0.00458184
adenine,145,0.00316571
adenine,140,0.00216812
adenine,135,0.00147161
adenine,130,0.00098973
adenine,125,0.00065945
adenine,120,0.00043522
adenine,115,0.00028448
adenine,110,0.00018413
adenine,105,0.00011800
adenine,100,0.00007486
adenine,95,0.00004702
adenine,90,0.00002923
adenine,85,0.00001798
adenine,80,0.00001095
adenine,75,0.00000660
adenine,70,0.00000393
adenine,65,0.00000232
adenine,60,0.00000135
adenine,55,0.00000078
adenine,50,0.00000045
adenine,45,0.00000025
adenine,40,0.00000014
adenine,35,0.00000008
adenine,30,0.00000004
adenine,25,0.00000002
hexanedioicacid,160,0.03910228
hexanedioicacid,155,0.02739200
hexanedioicacid,150,0.01903172
hexanedioicacid,145,0.01311269
hexanedioicacid,140,0.00895783
hexanedioicacid,135,0.00606680
hexanedioicacid,130,0.00407307
hexanedioicacid,125,0.00271054
hexanedioicacid,120,0.00178789
hexanedioicacid,115,0.00116886
hexanedioicacid,110,0.00075739
hexanedioicacid,105,0.00048642
hexanedioicacid,100,0.00030964
hexanedioicacid,95,0.00019538
hexanedioicacid,90,0.00012220
hexanedioicacid,85,0.00007577
hexanedioicacid,80,0.00004658
hexanedioicacid,75,0.00002839
hexanedioicacid,70,0.00001716
hexanedioicacid,65,0.00001028
hexanedioicacid,60,0.00000611
hexanedioicacid,55,0.00000360
hexanedioicacid,50,0.00000210
hexanedioicacid,45,0.00000122
hexanedioicacid,40,0.00000070
hexanedioicacid,35,0.00000040
hexanedioicacid,30,0.00000023
hexanedioicacid,25,0.00000013
aceticacid-2-propenylester,160,43.75787575
aceticacid-2-propenylester,155,40.80852688
aceticacid-2-propenylester,150,37.83681145
aceticacid-2-propenylester,145,34.85759245
aceticacid-2-propenylester,140,31.88587675
aceticacid-2-propenylester,135,28.94056668
aceticacid-2-propenylester,130,26.04261462
aceticacid-2-propenylester,125,23.21486316
aceticacid-2-propenylester,120,20.48273863
aceticacid-2-propenylester,115,17.87153037
aceticacid-2-propenylester,110,15.40679131
aceticacid-2-propenylester,105,13.11297056
aceticacid-2-propenylester,100,11.01088922
aceticacid-2-propenylester,95,9.11651835
aceticacid-2-propenylester,90,7.43988657
aceticacid-2-propenylester,85,5.98351780
aceticacid-2-propenylester,80,4.74254931
aceticacid-2-propenylester,75,3.70532337
aceticacid-2-propenylester,70,2.85461077
aceticacid-2-propenylester,65,2.16947904
aceticacid-2-propenylester,60,1.62721099
aceticacid-2-propenylester,55,1.20500250
aceticacid-2-propenylester,50,0.88131563
aceticacid-2-propenylester,45,0.63675899
aceticacid-2-propenylester,40,0.45453741
aceticacid-2-propenylester,35,0.32056437
aceticacid-2-propenylester,30,0.22333796
aceticacid-2-propenylester,25,0.15367935
4-pentenoicacid,160,10.72157667
4-pentenoicacid,155,8.16198722
4-pentenoicacid,150,6.14440712
4-pentenoicacid,145,4.57962234
4-pentenoicacid,140,3.38207747
4-pentenoicacid,135,2.47597665
4-pentenoicacid,130,1.79731941
4-pentenoicacid,125,1.29377558
4-pentenoicacid,120,0.92350633
4-pentenoicacid,115,0.65362951
4-pentenoicacid,110,0.45864892
4-pentenoicacid,105,0.31902375
4-pentenoicacid,100,0.21993429
4-pentenoicacid,95,0.15025324
4-pentenoicacid,90,0.10170713
4-pentenoicacid,85,0.06820476
4-pentenoicacid,80,0.04530602
4-pentenoicacid,75,0.02980714
4-pentenoicacid,70,0.01942022
4-pentenoicacid,65,0.01252865
4-pentenoicacid,60,0.00800231
4-pentenoicacid,55,0.00505974
4-pentenoicacid,50,0.00316648
4-pentenoicacid,45,0.00196103
4-pentenoicacid,40,0.00120162
4-pentenoicacid,35,0.00072832
4-pentenoicacid,30,0.00043654
4-pentenoicacid,25,0.00025867
3-oxobutanoicacid-2-propenylester,160,9.78201759
3-oxobutanoicacid-2-propenylester,155,7.84290932
3-oxobutanoicacid-2-propenylester,150,6.24273859
3-oxobutanoicacid-2-propenylester,145,4.93518107
3-oxobutanoicacid-2-propenylester,140,3.87593903
3-oxobutanoicacid-2-propenylester,135,3.02454140
3-oxobutanoicacid-2-propenylester,130,2.34515467
3-oxobutanoicacid-2-propenylester,125,1.80676215
3-oxobutanoicacid-2-propenylester,120,1.38295913
3-oxobutanoicacid-2-propenylester,115,1.05156887
3-oxobutanoicacid-2-propenylester,110,0.79416512
3-oxobutanoicacid-2-propenylester,105,0.59557981
3-oxobutanoicacid-2-propenylester,100,0.44343047
3-oxobutanoicacid-2-propenylester,95,0.32768638
3-oxobutanoicacid-2-propenylester,90,0.24028206
3-oxobutanoicacid-2-propenylester,85,0.17477910
3-oxobutanoicacid-2-propenylester,80,0.12607557
3-oxobutanoicacid-2-propenylester,75,0.09015855
3-oxobutanoicacid-2-propenylester,70,0.06389570
3-oxobutanoicacid-2-propenylester,65,0.04486134
3-oxobutanoicacid-2-propenylester,60,0.03119236
3-oxobutanoicacid-2-propenylester,55,0.02146997
3-oxobutanoicacid-2-propenylester,50,0.01462328
3-oxobutanoicacid-2-propenylester,45,0.00985149
3-oxobutanoicacid-2-propenylester,40,0.00656156
3-oxobutanoicacid-2-propenylester,35,0.00431870
3-oxobutanoicacid-2-propenylester,30,0.00280751
3-oxobutanoicacid-2-propenylester,25,0.00180169
2-propen-1-ol,160,35.70663773
2-propen-1-ol,155,29.75555409
2-propen-1-ol,150,24.04754861
2-propen-1-ol,145,18.83845299
2-propen-1-ol,140,14.32171152
2-propen-1-ol,135,10.59269179
2-propen-1-ol,130,7.64696521
2-propen-1-ol,125,5.40634138
2-propen-1-ol,120,3.75456612
2-propen-1-ol,115,2.56755928
2-propen-1-ol,110,1.73214825
2-propen-1-ol,105,1.15430875
2-propen-1-ol,100,0.76053340
2-propen-1-ol,95,0.49571091
2-propen-1-ol,90,0.31975356
2-propen-1-ol,85,0.20416457
2-propen-1-ol,80,0.12905799
2-propen-1-ol,75,0.08077262
2-propen-1-ol,70,0.05005365
2-propen-1-ol,65,0.03071168
2-propen-1-ol,60,0.01865780
2-propen-1-ol,55,0.01122244
2-propen-1-ol,50,0.00668272
2-propen-1-ol,45,0.00393925
2-propen-1-ol,40,0.00229831
2-propen-1-ol,35,0.00132696
2-propen-1-ol,30,0.00075800
2-propen-1-ol,25,0.00042827
2-propen-1-amine,160,100.00000000
2-propen-1-amine,155,61.70444829
2-propen-1-amine,150,59.33052780
2-propen-1-amine,145,56.85551124
2-propen-1-amine,140,54.27723417
2-propen-1-amine,135,51.59238860
2-propen-1-amine,130,48.80128770
2-propen-1-amine,125,45.90392287
2-propen-1-amine,120,42.90404992
2-propen-1-amine,115,39.80527273
2-propen-1-amine,110,36.62151413
2-propen-1-amine,105,33.36590006
2-propen-1-amine,100,30.05697779
2-propen-1-amine,95,26.72635714
2-propen-1-amine,90,23.40862193
2-propen-1-amine,85,20.15035447
2-propen-1-amine,80,17.00627080
2-propen-1-amine,75,14.03617832
2-propen-1-amine,70,11.30272138
2-propen-1-amine,65,8.86229244
2-propen-1-amine,60,6.75718914
2-propen-1-amine,55,5.00801558
2-propen-1-amine,50,3.60969117
2-propen-1-amine,45,2.53371312
2-propen-1-amine,40,1.73502732
2-propen-1-amine,35,1.16130499
2-propen-1-amine,30,0.76107514
2-propen-1-amine,25,0.48903935
3-bromopropene,160,100.00000000
3-bromopropene,155,43.84742859
3-bromopropene,150,41.56494929
3-bromopropene,145,39.28568065
3-bromopropene,140,37.01497549
3-bromopropene,135,34.75323085
3-bromopropene,130,32.50802416
3-bromopropene,125,30.28123945
3-bromopropene,120,28.07748122
3-bromopropene,115,25.90239349
3-bromopropene,110,23.76220699
3-bromopropene,105,21.66258423
3-bromopropene,100,19.61103864
3-bromopropene,95,17.61583805
3-bromopropene,90,15.68594361
3-bromopropene,85,13.83179764
3-bromopropene,80,12.06345802
3-bromopropene,75,10.39320787
3-bromopropene,70,8.83293478
3-bromopropene,65,7.39493735
3-bromopropene,60,6.08993173
3-bromopropene,55,4.92689419
3-bromopropene,50,3.91154847
3-bromopropene,45,3.04496006
3-bromopropene,40,2.32325762
3-bromopropene,35,1.73729386
3-bromopropene,30,1.27362837
3-bromopropene,25,0.91587638
3-chloropropene,160,56.21081213
3-chloropropene,155,53.76680273
3-chloropropene,150,51.25866441
3-chloropropene,145,48.68938209
3-chloropropene,140,46.06184404
3-chloropropene,135,43.38036624
3-chloropropene,130,40.64672630
3-chloropropene,125,37.86846024
3-chloropropene,120,35.05632514
3-chloropropene,115,32.21737290
3-chloropropene,110,29.36744530
3-chloropropene,105,26.52241473
3-chloropropene,100,23.70385793
3-chloropropene,95,20.93376576
3-chloropropene,90,18.24148438
3-chloropropene,85,15.65888714
3-chloropropene,80,13.21945687
3-chloropropene,75,10.95748008
3-chloropropene,70,8.90480057
3-chloropropene,65,7.08664405
3-chloropropene,60,5.51866173
3-chloropropene,55,4.20438622
3-chloropropene,50,3.13439191
3-chloropropene,45,2.28808400
3-chloropropene,40,1.63699013
3-chloropropene,35,1.14892498
3-chloropropene,30,0.79174526
3-chloropropene,25,0.53606539
3-butenenitrile,160,45.92607242
3-butenenitrile,155,41.66937351
3-butenenitrile,150,37.26398557
3-butenenitrile,145,32.77975231
3-butenenitrile,140,28.31097391
3-butenenitrile,135,23.96946005
3-butenenitrile,130,19.87368154
3-butenenitrile,125,16.13126441
3-butenenitrile,120,12.82309579
3-butenenitrile,115,9.99261142
3-butenenitrile,110,7.64408490
3-butenenitrile,105,5.74908249
3-butenenitrile,100,4.25737058
3-butenenitrile,95,3.10822902
3-butenenitrile,90,2.23952785
3-butenenitrile,85,1.59364853
3-butenenitrile,80,1.12053993
3-butenenitrile,75,0.77869512
3-butenenitrile,70,0.53485631
3-butenenitrile,65,0.36307326
3-butenenitrile,60,0.24352534
3-butenenitrile,55,0.16134311
3-butenenitrile,50,0.10554635
3-butenenitrile,45,0.06814366
3-butenenitrile,40,0.04339869
3-butenenitrile,35,0.02724932
3-butenenitrile,30,0.01685787
3-butenenitrile,25,0.01026925
allylethylether,160,50.39471378
allylethylether,155,47.70232698
allylethylether,150,44.96716043
allylethylether,145,42.19374756
allylethylether,140,39.39218881
allylethylether,135,36.57157911
allylethylether,130,33.74492756
allylethylether,125,30.92379275
allylethylether,120,28.12583115
allylethylether,115,25.36967546
allylethylether,110,22.67461105
allylethylether,105,20.06291815
allylethylether,100,17.55783596
allylethylether,95,15.18291219
allylethylether,90,12.96137427
allylethylether,85,10.91408830
allylethylether,80,9.05824011
allylethylether,75,7.40566933
allylethylether,70,5.96204037
allylethylether,65,4.72568344
allylethylether,60,3.68804208
allylethylether,55,2.83459214
allylethylether,50,2.14634382
allylethylether,45,1.60175928
allylethylether,40,1.17857899
allylethylether,35,0.85532393
allylethylether,30,0.61237628
allylethylether,25,0.43258740
allylfluoride,160,100.00000000
allylfluoride,155,100.00000000
allylfluoride,150,100.00000000
allylfluoride,145,56.99482384
allylfluoride,140,54.60132084
allylfluoride,135,52.12947151
allylfluoride,130,49.57635968
allylfluoride,125,46.94629675
allylfluoride,120,44.23829342
allylfluoride,115,41.45775010
allylfluoride,110,38.60938469
allylfluoride,105,35.70090495
allylfluoride,100,32.74315594
allylfluoride,95,29.75081080
allylfluoride,90,26.74322063
allylfluoride,85,23.74439290
allylfluoride,80,20.78672292
allylfluoride,75,17.90504092
allylfluoride,70,15.14260035
allylfluoride,65,12.54545779
allylfluoride,60,10.16020494
allylfluoride,55,8.02897619
allylfluoride,50,6.18281834
allylfluoride,45,4.63698821
allylfluoride,40,3.38758753
allylfluoride,35,2.41292510
allylfluoride,30,1.67792485
allylfluoride,25,1.14082769
allylformate,160,44.43499712
allylformate,155,41.01167785
allylformate,150,37.52405550
allylformate,145,33.99770889
allylformate,140,30.46587661
allylformate,135,26.96937487
allylformate,130,23.55490721
allylformate,125,20.27293834
allylformate,120,17.17559209
allylformate,115,14.31155686
allylformate,110,11.72183542
allylformate,105,9.43478084
allylformate,100,7.46361484
allylformate,95,5.80547603
allylformate,90,4.44313410
allylformate,85,3.34852032
allylformate,80,2.48707210
allylformate,75,1.82191329
allylformate,70,1.31718411
allylformate,65,0.94026687
allylformate,60,0.66293946
allylformate,55,0.46171648
allylformate,50,0.31765163
allylformate,45,0.21584374
allylformate,40,0.14482035
allylformate,35,0.09591102
allylformate,30,0.06267102
allylformate,25,0.04038343
isothiocyanatopropene,160,47.40192094
isothiocyanatopropene,155,44.75900024
isothiocyanatopropene,150,42.08983238
isothiocyanatopropene,145,39.39973343
isothiocyanatopropene,140,36.69715097
isothiocyanatopropene,135,33.99167124
isothiocyanatopropene,130,31.29381576
isothiocyanatopropene,125,28.61627199
isothiocyanatopropene,120,25.97152309
isothiocyanatopropene,115,23.37671619
isothiocyanatopropene,110,20.84943638
isothiocyanatopropene,105,18.40851561
isothiocyanatopropene,100,16.07421737
isothiocyanatopropene,95,13.86725296
isothiocyanatopropene,90,11.80780147
isothiocyanatopropene,85,9.91436164
isothiocyanatopropene,80,8.20206185
isothiocyanatopropene,75,6.68119971
isothiocyanatopropene,70,5.35649612
isothiocyanatopropene,65,4.22582800
isothiocyanatopropene,60,3.28065396
isothiocyanatopropene,55,2.50684262
isothiocyanatopropene,50,1.88610587
isothiocyanatopropene,45,1.39784427
isothiocyanatopropene,40,1.02090284
isothiocyanatopropene,35,0.73500695
isothiocyanatopropene,30,0.52177318
isothiocyanatopropene,25,0.36525707
allylthiol,160,100.00000000
allylthiol,155,100.00000000
allylthiol,150,54.83573506
allylthiol,145,52.58908667
allylthiol,140,50.30092753
allylthiol,135,47.97272033
allylthiol,130,45.60674722
allylthiol,125,43.20762428
allylthiol,120,40.77616654
allylthiol,115,38.31796701
allylthiol,110,35.83770801
allylthiol,105,33.34246009
allylthiol,100,30.83840014
allylthiol,95,28.33585718
allylthiol,90,25.84361150
allylthiol,85,23.37641474
allylthiol,80,20.94709736
allylthiol,75,18.57220010
allylthiol,70,16.27314745
allylthiol,65,14.06886726
allylthiol,60,11.98330120
allylthiol,55,10.03954649
allylthiol,50,8.25991884
allylthiol,45,6.66384177
allylthiol,40,5.26546527
allylthiol,35,4.07134900
allylthiol,30,3.07939777
allylthiol,25,2.27844053
2-methyl-2-propenoicacid2-propenylester,160,35.95718183
2-methyl-2-propenoicacid2-propenylester,155,33.04369587
2-methyl-2-propenoicacid2-propenylester,150,30.16548683
2-methyl-2-propenoicacid2-propenylester,145,27.33865877
2-methyl-2-propenoicacid2-propenylester,140,24.58235833
2-methyl-2-propenoicacid2-propenylester,135,21.91546336
2-methyl-2-propenoicacid2-propenylester,130,19.35840076
2-methyl-2-propenoicacid2-propenylester,125,16.93135716
2-methyl-2-propenoicacid2-propenylester,120,14.65316524
2-methyl-2-propenoicacid2-propenylester,115,12.54109695
2-methyl-2-propenoicacid2-propenylester,110,10.60904861
2-methyl-2-propenoicacid2-propenylester,105,8.86720218
2-methyl-2-propenoicacid2-propenylester,100,7.32051576
2-methyl-2-propenoicacid2-propenylester,95,5.96866404
2-methyl-2-propenoicacid2-propenylester,90,4.80603707
2-methyl-2-propenoicacid2-propenylester,85,3.82220287
2-methyl-2-propenoicacid2-propenylester,80,3.00285039
2-methyl-2-propenoicacid2-propenylester,75,2.33101061
2-methyl-2-propenoicacid2-propenylester,70,1.78833907
2-methyl-2-propenoicacid2-propenylester,65,1.35626528
2-methyl-2-propenoicacid2-propenylester,60,1.01695491
2-methyl-2-propenoicacid2-propenylester,55,0.75398900
2-methyl-2-propenoicacid2-propenylester,50,0.55276850
2-methyl-2-propenoicacid2-propenylester,45,0.40068960
2-methyl-2-propenoicacid2-propenylester,40,0.28713947
2-methyl-2-propenoicacid2-propenylester,35,0.20337338
2-methyl-2-propenoicacid2-propenylester,30,0.14232203
2-methyl-2-propenoicacid2-propenylester,25,0.09836791
3-methoxy-1-propene,160,58.29653801
3-methoxy-1-propene,155,55.97730624
3-methoxy-1-propene,150,53.60324069
3-methoxy-1-propene,145,51.17562257
3-methoxy-1-propene,140,48.69465562
3-methoxy-1-propene,135,46.16631920
3-methoxy-1-propene,130,43.59248482
3-methoxy-1-propene,125,40.98043232
3-methoxy-1-propene,120,38.33557183
3-methoxy-1-propene,115,35.66574739
3-methoxy-1-propene,110,32.97957316
3-methoxy-1-propene,105,30.29000988
3-methoxy-1-propene,100,27.60881289
3-methoxy-1-propene,95,24.95163830
3-methoxy-1-propene,90,22.33915462
3-methoxy-1-propene,85,19.78849271
3-methoxy-1-propene,80,17.32482620
3-methoxy-1-propene,75,14.97139347
3-methoxy-1-propene,70,12.75396073
3-methoxy-1-propene,65,10.69666015
3-methoxy-1-propene,60,8.82201554
3-methoxy-1-propene,55,7.14767472
3-methoxy-1-propene,50,5.68475604
3-methoxy-1-propene,45,4.43638335
3-methoxy-1-propene,40,3.39687498
3-methoxy-1-propene,35,2.55250997
3-methoxy-1-propene,30,1.88323464
3-methoxy-1-propene,25,1.36508050
4-pentenenitrile,160,43.57968208
4-pentenenitrile,155,39.94668965
4-pentenenitrile,150,36.25918215
4-pentenenitrile,145,32.55527216
4-pentenenitrile,140,28.88061880
4-pentenenitrile,135,25.28673732
4-pentenenitrile,130,21.82940741
4-pentenenitrile,125,18.56411456
4-pentenenitrile,120,15.54215387
4-pentenenitrile,115,12.80495671
4-pentenenitrile,110,10.38089689
4-pentenenitrile,105,8.28254307
4-pentenenitrile,100,6.50654355
4-pentenenitrile,95,5.03565963
4-pentenenitrile,90,3.84224760
4-pentenenitrile,85,2.89230458
4-pentenenitrile,80,2.14939085
4-pentenenitrile,75,1.57774278
4-pentenenitrile,70,1.14442358
4-pentenenitrile,65,0.82051464
4-pentenenitrile,60,0.58155928
4-pentenenitrile,55,0.40748642
4-pentenenitrile,50,0.28222633
4-pentenenitrile,45,0.19317776
4-pentenenitrile,40,0.13063630
4-pentenenitrile,35,0.08724822
4-pentenenitrile,30,0.05752343
4-pentenenitrile,25,0.03742067
trifluoromethylbenzene,160,27.95502984
trifluoromethylbenzene,155,24.95692623
trifluoromethylbenzene,150,22.07144486
trifluoromethylbenzene,145,19.32459377
trifluoromethylbenzene,140,16.74175608
trifluoromethylbenzene,135,14.34543480
trifluoromethylbenzene,130,12.15366836
trifluoromethylbenzene,125,10.17888056
trifluoromethylbenzene,120,8.42697580
trifluoromethylbenzene,115,6.89697390
trifluoromethylbenzene,110,5.58138049
trifluoromethylbenzene,105,4.46718913
trifluoromethylbenzene,100,3.53728371
trifluoromethylbenzene,95,2.77193518
trifluoromethylbenzene,90,2.15029625
trifluoromethylbenzene,85,1.65165784
trifluoromethylbenzene,80,1.25639195
trifluoromethylbenzene,75,0.94658443
trifluoromethylbenzene,70,0.70637602
trifluoromethylbenzene,65,0.52207842
trifluoromethylbenzene,60,0.38212768
trifluoromethylbenzene,55,0.27693302
trifluoromethylbenzene,50,0.19866801
trifluoromethylbenzene,45,0.14103808
trifluoromethylbenzene,40,0.09904785
trifluoromethylbenzene,35,0.06878232
trifluoromethylbenzene,30,0.04720996
trifluoromethylbenzene,25,0.03201083
nh3,160,100.00000000
nh3,155,100.00000000
nh3,150,100.00000000
nh3,145,100.00000000
nh3,140,100.00000000
nh3,135,100.00000000
nh3,130,100.00000000
nh3,125,100.00000000
nh3,120,100.00000000
nh3,115,100.00000000
nh3,110,100.00000000
nh3,105,100.00000000
nh3,100,100.00000000
nh3,95,100.00000000
nh3,90,100.00000000
nh3,85,100.00000000
nh3,80,100.00000000
nh3,75,100.00000000
nh3,70,100.00000000
nh3,65,100.00000000
nh3,60,100.00000000
nh3,55,100.00000000
nh3,50,100.00000000
nh3,45,100.00000000
nh3,40,100.00000000
nh3,35,100.00000000
nh3,30,100.00000000
nh3,25,100.00000000
n-pentylacetate,160,32.55396944
n-pentylacetate,155,29.57633456
n-pentylacetate,150,26.66951981
n-pentylacetate,145,23.85387069
n-pentylacetate,140,21.15146528
n-pentylacetate,135,18.58296290
n-pentylacetate,130,16.16819049
n-pentylacetate,125,13.92434035
n-pentylacetate,120,11.86557035
n-pentylacetate,115,10.00176290
n-pentylacetate,110,8.33773637
n-pentylacetate,105,6.87329510
n-pentylacetate,100,5.60314305
n-pentylacetate,95,4.51736517
n-pentylacetate,90,3.60240217
n-pentylacetate,85,2.84206414
n-pentylacetate,80,2.21869486
n-pentylacetate,75,1.71420752
n-pentylacetate,70,1.31098005
n-pentylacetate,65,0.99251897
n-pentylacetate,60,0.74388805
n-pentylacetate,55,0.55193697
n-pentylacetate,50,0.40536052
n-pentylacetate,45,0.29463901
n-pentylacetate,40,0.21190120
n-pentylacetate,35,0.15074404
n-pentylacetate,30,0.10603585
n-pentylacetate,25,0.07372033
1-methoxy-4-(1-propenyl)-benzene,160,29.26392577
1-methoxy-4-(1-propenyl)-benzene,155,26.41862289
1-methoxy-4-(1-propenyl)-benzene,150,23.66589245
1-methoxy-4-(1-propenyl)-benzene,145,21.02529057
1-methoxy-4-(1-propenyl)-benzene,140,18.51515887
1-methoxy-4-(1-propenyl)-benzene,135,16.15319478
1-methoxy-4-(1-propenyl)-benzene,130,13.95485872
1-methoxy-4-(1-propenyl)-benzene,125,11.93309112
1-methoxy-4-(1-propenyl)-benzene,120,10.09717399
1-methoxy-4-(1-propenyl)-benzene,115,8.45194178
1-methoxy-4-(1-propenyl)-benzene,110,6.99780799
1-methoxy-4-(1-propenyl)-benzene,105,5.73055459
1-methoxy-4-(1-propenyl)-benzene,100,4.64164402
1-methoxy-4-(1-propenyl)-benzene,95,3.71903292
1-methoxy-4-(1-propenyl)-benzene,90,2.94801731
1-methoxy-4-(1-propenyl)-benzene,85,2.31227703
1-methoxy-4-(1-propenyl)-benzene,80,1.79482979
1-methoxy-4-(1-propenyl)-benzene,75,1.37889632
1-methoxy-4-(1-propenyl)-benzene,70,1.04856966
1-methoxy-4-(1-propenyl)-benzene,65,0.78927333
1-methoxy-4-(1-propenyl)-benzene,60,0.58803299
1-methoxy-4-(1-propenyl)-benzene,55,0.43358109
1-methoxy-4-(1-propenyl)-benzene,50,0.31633976
1-methoxy-4-(1-propenyl)-benzene,45,0.22831955
1-methoxy-4-(1-propenyl)-benzene,40,0.16296735
1-methoxy-4-(1-propenyl)-benzene,35,0.11499027
1-methoxy-4-(1-propenyl)-benzene,30,0.08017379
1-methoxy-4-(1-propenyl)-benzene,25,0.05520729
aniline,160,41.33679712
aniline,155,37.87248393
aniline,150,34.37232488
aniline,145,30.86895124
aniline,140,27.39981442
aniline,135,24.00998138
aniline,130,20.74789704
aniline,125,17.66308327
aniline,120,14.80281176
aniline,115,12.20652232
aniline,110,9.90225204
aniline,105,7.90381166
aniline,100,6.20986938
aniline,95,4.80553986
aniline,90,3.66551587
aniline,85,2.75795012
aniline,80,2.04831377
aniline,75,1.50250961
aniline,70,1.08903374
aniline,65,0.78018568
aniline,60,0.55252937
aniline,55,0.38683523
aniline,50,0.26771570
aniline,45,0.18311376
aniline,40,0.12375258
aniline,35,0.08260962
aniline,30,0.05444792
aniline,25,0.03541730
2-methoxybenzaldehyde,160,29.95231906
2-methoxybenzaldehyde,155,26.87774833
2-methoxybenzaldehyde,150,23.89628997
2-methoxybenzaldehyde,145,21.03534744
2-methoxybenzaldehyde,140,18.32187771
2-methoxybenzaldehyde,135,15.78116404
2-methoxybenzaldehyde,130,13.43555629
2-methoxybenzaldehyde,125,11.30226604
2-methoxybenzaldehyde,120,9.39240853
2-methoxybenzaldehyde,115,7.71017738
2-methoxybenzaldehyde,110,6.25261086
2-methoxybenzaldehyde,105,5.01013687
2-methoxybenzaldehyde,100,3.96775259
2-methoxybenzaldehyde,95,3.10657597
2-methoxybenzaldehyde,90,2.40545742
2-methoxybenzaldehyde,85,1.84253062
2-methoxybenzaldehyde,80,1.39647363
2-methoxybenzaldehyde,75,1.04741731
2-methoxybenzaldehyde,70,0.77751505
2-methoxybenzaldehyde,65,0.57121074
2-methoxybenzaldehyde,60,0.41528171
2-methoxybenzaldehyde,55,0.29872656
2-methoxybenzaldehyde,50,0.21256074
2-methoxybenzaldehyde,45,0.14956632
2-methoxybenzaldehyde,40,0.10403073
2-methoxybenzaldehyde,35,0.07149501
2-methoxybenzaldehyde,30,0.04852446
2-methoxybenzaldehyde,25,0.03250700
o-anisidine,160,31.13296112
o-anisidine,155,27.79922913
o-anisidine,150,24.55248007
o-anisidine,145,21.43063676
o-anisidine,140,18.47251996
o-anisidine,135,15.71457616
o-anisidine,130,13.18782866
o-anisidine,125,10.91550761
o-anisidine,120,8.91075395
o-anisidine,115,7.17577877
o-anisidine,110,5.70242212
o-anisidine,105,4.47385368
o-anisidine,100,3.46695444
o-anisidine,95,2.65499683
o-anisidine,90,2.01005758
o-anisidine,85,1.50495396
o-anisidine,80,1.11456438
o-anisidine,75,0.81659148
o-anisidine,70,0.59187148
o-anisidine,65,0.42436155
o-anisidine,60,0.30092321
o-anisidine,55,0.21099761
o-anisidine,50,0.14623882
o-anisidine,45,0.10014878
o-anisidine,40,0.06773875
o-anisidine,35,0.04522995
o-anisidine,30,0.02979759
o-anisidine,25,0.01935760
anisole,160,42.37969603
anisole,155,39.51411610
anisole,150,36.63694124
anisole,145,33.76063326
anisole,140,30.89875143
anisole,135,28.06722841
anisole,130,25.28475364
anisole,125,22.57119842
anisole,120,19.94858101
anisole,115,17.43933304
anisole,110,15.06696052
anisole,105,12.85367109
anisole,100,10.81927823
anisole,95,8.97945671
anisole,90,7.34488122
anisole,85,5.91938188
anisole,80,4.69991110
anisole,75,3.67684590
anisole,70,2.83492915
anisole,65,2.15495354
anisole,60,1.61557273
anisole,55,1.19497571
anisole,50,0.87228096
anisole,45,0.62848662
anisole,40,0.44699661
anisole,35,0.31380062
anisole,30,0.21740246
anisole,25,0.14859540
ascorbicacid,160,0.00071626
ascorbicacid,155,0.00047988
ascorbicacid,150,0.00031861
ascorbicacid,145,0.00020961
ascorbicacid,140,0.00013663
ascorbicacid,135,0.00008822
ascorbicacid,130,0.00005643
ascorbicacid,125,0.00003576
ascorbicacid,120,0.00002244
ascorbicacid,115,0.00001395
ascorbicacid,110,0.00000859
ascorbicacid,105,0.00000524
ascorbicacid,100,0.00000316
ascorbicacid,95,0.00000189
ascorbicacid,90,0.00000112
ascorbicacid,85,0.00000066
ascorbicacid,80,0.00000038
ascorbicacid,75,0.00000022
ascorbicacid,70,0.00000013
ascorbicacid,65,0.00000007
ascorbicacid,60,0.00000004
ascorbicacid,55,0.00000002
ascorbicacid,50,0.00000001
ascorbicacid,45,0.00000001
ascorbicacid,40,0.00000000
ascorbicacid,35,0.00000000
ascorbicacid,30,0.00000000
ascorbicacid,25,0.00000000
(dichloromethyl)-benzene,160,30.85217391
(dichloromethyl)-benzene,155,28.24714250
(dichloromethyl)-benzene,150,25.71077846
(dichloromethyl)-benzene,145,23.25511150
(dichloromethyl)-benzene,140,20.89110264
(dichloromethyl)-benzene,135,18.63083007
(dichloromethyl)-benzene,130,16.48520788
(dichloromethyl)-benzene,125,14.46517134
(dichloromethyl)-benzene,120,12.58054060
(dichloromethyl)-benzene,115,10.83935390
(dichloromethyl)-benzene,110,9.24797705
(dichloromethyl)-benzene,105,7.81011057
(dichloromethyl)-benzene,100,6.52697804
(dichloromethyl)-benzene,95,5.39655178
(dichloromethyl)-benzene,90,4.41384875
(dichloromethyl)-benzene,85,3.57113613
(dichloromethyl)-benzene,80,2.85830581
(dichloromethyl)-benzene,75,2.26346282
(dichloromethyl)-benzene,70,1.77364964
(dichloromethyl)-benzene,65,1.37551175
(dichloromethyl)-benzene,60,1.05592186
(dichloromethyl)-benzene,55,0.80246418
(dichloromethyl)-benzene,50,0.60378568
(dichloromethyl)-benzene,45,0.44979576
(dichloromethyl)-benzene,40,0.33174903
(dichloromethyl)-benzene,35,0.24222823
(dichloromethyl)-benzene,30,0.17506226
(dichloromethyl)-benzene,25,0.12520409
benzaldehyde,160,39.56291819
benzaldehyde,155,36.39096248
benzaldehyde,150,33.21613315
benzaldehyde,145,30.06028880
benzaldehyde,140,26.94912177
benzaldehyde,135,23.91232965
benzaldehyde,130,20.98045020
benzaldehyde,125,18.18643034
benzaldehyde,120,15.56193955
benzaldehyde,115,13.13572080
benzaldehyde,110,10.93187729
benzaldehyde,105,8.96683302
benzaldehyde,100,7.24830626
benzaldehyde,95,5.77476447
benzaldehyde,90,4.53576465
benzaldehyde,85,3.51367214
benzaldehyde,80,2.68577298
benzaldehyde,75,2.02665521
benzaldehyde,70,1.51034621
benzaldehyde,65,1.11200335
benzaldehyde,60,0.80903641
benzaldehyde,55,0.58171586
benzaldehyde,50,0.41336302
benzaldehyde,45,0.29025393
benzaldehyde,40,0.20135049
benzaldehyde,35,0.13794832
benzaldehyde,30,0.09330236
benzaldehyde,25,0.06226878
benzamide,160,0.84612449
benzamide,155,0.62975112
benzamide,150,0.46602079
benzamide,145,0.34270959
benzamide,140,0.25034369
benzamide,135,0.18157592
benzamide,130,0.13071536
benzamide,125,0.09336593
benzamide,120,0.06614540
benzamide,115,0.04646474
benzamide,110,0.03235408
benzamide,105,0.02232495
benzamide,100,0.01526110
benzamide,95,0.01033226
benzamide,90,0.00692632
benzamide,85,0.00459612
benzamide,80,0.00301819
benzamide,75,0.00196090
benzamide,70,0.00126009
benzamide,65,0.00080069
benzamide,60,0.00050296
benzamide,55,0.00031223
benzamide,50,0.00019151
benzamide,45,0.00011602
benzamide,40,0.00006940
benzamide,35,0.00004097
benzamide,30,0.00002387
benzamide,25,0.00001372
benzene,160,55.25472223
benzene,155,52.79567649
benzene,150,50.28324313
benzene,145,47.72014894
benzene,140,45.10844321
benzene,135,42.45363521
benzene,130,39.76353042
benzene,125,37.04335732
benzene,120,34.30427200
benzene,115,31.55426876
benzene,110,28.80920221
benzene,105,26.08353917
benzene,100,23.39530455
benzene,95,20.76526444
benzene,90,18.21698123
benzene,85,15.77551021
benzene,80,13.46746518
benzene,75,11.31914649
benzene,70,9.35472459
benzene,65,7.59432269
benzene,60,6.05108626
benzene,55,4.73011644
benzene,50,3.62699649
benzene,45,2.72869397
benzene,40,2.01509207
benzene,35,1.46159344
benzene,30,1.04188426
benzene,25,0.73031444
1h-benzimidazole,160,1.69203678
1h-benzimidazole,155,1.27745337
1h-benzimidazole,150,0.96014889
1h-benzimidazole,145,0.71806496
1h-benzimidazole,140,0.53409910
1h-benzimidazole,135,0.39494417
1h-benzimidazole,130,0.29023322
1h-benzimidazole,125,0.21189141
1h-benzimidazole,120,0.15364012
1h-benzimidazole,115,0.11061194
1h-benzimidazole,110,0.07904888
1h-benzimidazole,105,0.05606390
1h-benzimidazole,100,0.03945193
1h-benzimidazole,95,0.02753969
1h-benzimidazole,90,0.01906633
1h-benzimidazole,85,0.01308899
1h-benzimidazole,80,0.00890823
1h-benzimidazole,75,0.00600948
1h-benzimidazole,70,0.00401750
1h-benzimidazole,65,0.00266108
1h-benzimidazole,60,0.00174602
1h-benzimidazole,55,0.00113457
1h-benzimidazole,50,0.00072995
1h-benzimidazole,45,0.00046486
1h-benzimidazole,40,0.00029295
1h-benzimidazole,35,0.00018263
1h-benzimidazole,30,0.00011259
1h-benzimidazole,25,0.00006861
benzisoxazole,160,29.92392931
benzisoxazole,155,26.36465845
benzisoxazole,150,22.92045121
benzisoxazole,145,19.64442050
benzisoxazole,140,16.58826907
benzisoxazole,135,13.79647542
benzisoxazole,130,11.30156371
benzisoxazole,125,9.12097941
benzisoxazole,120,7.25620588
benzisoxazole,115,5.69427746
benzisoxazole,110,4.41107592
benzisoxazole,105,3.37543398
benzisoxazole,100,2.55302954
benzisoxazole,95,1.90954471
benzisoxazole,90,1.41285339
benzisoxazole,85,1.03429050
benzisoxazole,80,0.74919518
benzisoxazole,75,0.53694954
benzisoxazole,70,0.38070983
benzisoxazole,65,0.26697846
benzisoxazole,60,0.18511781
benzisoxazole,55,0.12686790
benzisoxazole,50,0.08590248
benzisoxazole,45,0.05743920
benzisoxazole,40,0.03790878
benzisoxazole,35,0.02468098
benzisoxazole,30,0.01584244
benzisoxazole,25,0.01001953
benzoicacid,160,12.51958456
benzoicacid,155,9.75340470
benzoicacid,150,7.49733504
benzoicacid,145,5.69496154
benzoicacid,140,4.27959040
benzoicacid,135,3.18413506
benzoicacid,130,2.34685714
benzoicacid,125,1.71403487
benzoicacid,120,1.24065633
benzoicacid,115,0.89000313
benzoicacid,110,0.63272448
benzoicacid,105,0.44573127
benzoicacid,100,0.31110405
benzoicacid,95,0.21510174
benzoicacid,90,0.14730479
benzoicacid,85,0.09989723
benzoicacid,80,0.06707864
benzoicacid,75,0.04459047
benzoicacid,70,0.02934010
benzoicacid,65,0.01910638
benzoicacid,60,0.01231198
benzoicacid,55,0.00784952
benzoicacid,50,0.00495054
benzoicacid,45,0.00308801
benzoicacid,40,0.00190474
benzoicacid,35,0.00116150
benzoicacid,30,0.00070004
benzoicacid,25,0.00041687
benzoin,160,13.06860063
benzoin,155,11.00246695
benzoin,150,9.17875245
benzoin,145,7.58914990
benzoin,140,6.22027795
benzoin,135,5.05503597
benzoin,130,4.07397338
benzoin,125,3.25655191
benzoin,120,2.58220663
benzoin,115,2.03115210
benzoin,110,1.58494685
benzoin,105,1.22683756
benzoin,100,0.94192517
benzoin,95,0.71719659
benzoin,90,0.54146186
benzoin,85,0.40523029
benzoin,80,0.30055170
benzoin,75,0.22084223
benzoin,70,0.16070800
benzoin,65,0.11577564
benzoin,60,0.08253515
benzoin,55,0.05819780
benzoin,50,0.04057048
benzoin,45,0.02794644
benzoin,40,0.01901160
benzoin,35,0.01276545
benzoin,30,0.00845501
benzoin,25,0.00552044
benzonitrile,160,39.63447507
benzonitrile,155,36.34336942
benzonitrile,150,33.03988516
benzonitrile,145,29.74937173
benzonitrile,140,26.50358964
benzonitrile,135,23.33822361
benzonitrile,130,20.29156310
benzonitrile,125,17.40359179
benzonitrile,120,14.71238302
benzonitrile,115,12.25153092
benzonitrile,110,10.04615816
benzonitrile,105,8.11104170
benzonitrile,100,6.44903960
benzonitrile,95,5.05149941
benzonitrile,90,3.90013381
benzonitrile,85,2.96981092
benzonitrile,80,2.23161184
benzonitrile,75,1.65565588
benzonitrile,70,1.21326659
benzonitrile,65,0.87840445
benzonitrile,60,0.62841061
benzonitrile,55,0.44422679
benzonitrile,50,0.31026079
benzonitrile,45,0.21404797
benzonitrile,40,0.14581972
benzonitrile,35,0.09805360
benzonitrile,30,0.06504898
benzonitrile,25,0.04255044
benzophenone,160,21.24422686
benzophenone,155,18.66692177
benzophenone,150,16.25739576
benzophenone,145,14.02932478
benzophenone,140,11.99278365
benzophenone,135,10.15375434
benzophenone,130,8.51369330
benzophenone,125,7.06941078
benzophenone,120,5.81355864
benzophenone,115,4.73514847
benzophenone,110,3.82043724
benzophenone,105,3.05379435
benzophenone,100,2.41863523
benzophenone,95,1.89824787
benzophenone,90,1.47645231
benzophenone,85,1.13810785
benzophenone,80,0.86943434
benzophenone,75,0.65818555
benzophenone,70,0.49370027
benzophenone,65,0.36686286
benzophenone,60,0.27000290
benzophenone,55,0.19675889
benzophenone,50,0.14192437
benzophenone,45,0.10129103
benzophenone,40,0.07149749
benzophenone,35,0.04988969
benzophenone,30,0.03439579
benzophenone,25,0.02341685
benzothiazole,160,32.68191448
benzothiazole,155,29.65643981
benzothiazole,150,26.68180932
benzothiazole,145,23.78179759
benzothiazole,140,20.98082146
benzothiazole,135,18.30562374
benzothiazole,130,15.78245096
benzothiazole,125,13.43584714
benzothiazole,120,11.28755771
benzothiazole,115,9.35367185
benzothiazole,110,7.64364128
benzothiazole,105,6.15930065
benzothiazole,100,4.89474055
benzothiazole,95,3.83715744
benzothiazole,90,2.96841411
benzothiazole,85,2.26695607
benzothiazole,80,1.70972159
benzothiazole,75,1.27381404
benzothiazole,70,0.93773730
benzothiazole,65,0.68218617
benzothiazole,60,0.49042940
benzothiazole,55,0.34838663
benzothiazole,50,0.24449737
benzothiazole,45,0.16946954
benzothiazole,40,0.11597250
benzothiazole,35,0.07832011
benzothiazole,30,0.05217063
benzothiazole,25,0.03425832
(trichloromethyl)-benzene,160,18.57192560
(trichloromethyl)-benzene,155,16.10124846
(trichloromethyl)-benzene,150,13.82796693
(trichloromethyl)-benzene,145,11.76254339
(trichloromethyl)-benzene,140,9.90999319
(trichloromethyl)-benzene,135,8.26987675
(trichloromethyl)-benzene,130,6.83645611
(trichloromethyl)-benzene,125,5.59944828
(trichloromethyl)-benzene,120,4.54493675
(trichloromethyl)-benzene,115,3.65650937
(trichloromethyl)-benzene,110,2.91637705
(trichloromethyl)-benzene,105,2.30635719
(trichloromethyl)-benzene,100,1.80869553
(trichloromethyl)-benzene,95,1.40666039
(trichloromethyl)-benzene,90,1.08493596
(trichloromethyl)-benzene,85,0.82983744
(trichloromethyl)-benzene,80,0.62938452
(trichloromethyl)-benzene,75,0.47327269
(trichloromethyl)-benzene,70,0.35277385
(trichloromethyl)-benzene,65,0.26059631
(trichloromethyl)-benzene,60,0.19072416
(trichloromethyl)-benzene,55,0.13825137
(trichloromethyl)-benzene,50,0.09922088
(trichloromethyl)-benzene,45,0.07047474
(trichloromethyl)-benzene,40,0.04951890
(trichloromethyl)-benzene,35,0.03440405
(trichloromethyl)-benzene,30,0.02362253
(trichloromethyl)-benzene,25,0.01602070
benzoylchloride,160,33.57424452
benzoylchloride,155,30.75760728
benzoylchloride,150,27.99016863
benzoylchloride,145,25.28624308
benzoylchloride,140,22.66326025
benzoylchloride,135,20.13780333
benzoylchloride,130,17.72795277
benzoylchloride,125,15.45131537
benzoylchloride,120,13.32404600
benzoylchloride,115,11.36079812
benzoylchloride,110,9.57297703
benzoylchloride,105,7.96851754
benzoylchloride,100,6.55046732
benzoylchloride,95,5.31700173
benzoylchloride,90,4.26146119
benzoylchloride,85,3.37283669
benzoylchloride,80,2.63670178
benzoylchloride,75,2.03638663
benzoylchloride,70,1.55418760
benzoylchloride,65,1.17243456
benzoylchloride,60,0.87436220
benzoylchloride,55,0.64469499
benzoylchloride,50,0.46998464
benzoylchloride,45,0.33872452
benzoylchloride,40,0.24130771
benzoylchloride,35,0.16988201
benzoylchloride,30,0.11814872
benzoylchloride,25,0.08114017
aceticacidphenylmethylester,160,26.20655355
aceticacidphenylmethylester,155,23.28178087
aceticacidphenylmethylester,150,20.49192386
aceticacidphenylmethylester,145,17.86034290
aceticacidphenylmethylester,140,15.40832095
aceticacidphenylmethylester,135,13.15309582
aceticacidphenylmethylester,130,11.10710507
aceticacidphenylmethylester,125,9.27722743
aceticacidphenylmethylester,120,7.66429150
aceticacidphenylmethylester,115,6.26316006
aceticacidphenylmethylester,110,5.06349360
aceticacidphenylmethylester,105,4.05071558
aceticacidphenylmethylester,100,3.20730417
aceticacidphenylmethylester,95,2.51406408
aceticacidphenylmethylester,90,1.95132908
aceticacidphenylmethylester,85,1.49994271
aceticacidphenylmethylester,80,1.14197377
aceticacidphenylmethylester,75,0.86118208
aceticacidphenylmethylester,70,0.64325378
aceticacidphenylmethylester,65,0.47586116
aceticacidphenylmethylester,60,0.34859607
aceticacidphenylmethylester,55,0.25282252
aceticacidphenylmethylester,50,0.18148526
aceticacidphenylmethylester,45,0.12890106
aceticacidphenylmethylester,40,0.09055147
aceticacidphenylmethylester,35,0.06288847
aceticacidphenylmethylester,30,0.04315931
aceticacidphenylmethylester,25,0.02925340
benzylalcohol,160,21.44982349
benzylalcohol,155,17.59424768
benzylalcohol,150,14.15924838
benzylalcohol,145,11.19020431
benzylalcohol,140,8.69588087
benzylalcohol,135,6.65380201
benzylalcohol,130,5.01982113
benzylalcohol,125,3.73834578
benzylalcohol,120,2.75081172
benzylalcohol,115,2.00148801
benzylalcohol,110,1.44074884
benzylalcohol,105,1.02642012
benzylalcohol,100,0.72387480
benzylalcohol,95,0.50542726
benzylalcohol,90,0.34940883
benzylalcohol,85,0.23916044
benzylalcohol,80,0.16207245
benzylalcohol,75,0.10873423
benzylalcohol,70,0.07221459
benzylalcohol,65,0.04747253
benzylalcohol,60,0.03088650
benzylalcohol,55,0.01988595
benzylalcohol,50,0.01266800
benzylalcohol,45,0.00798319
benzylalcohol,40,0.00497576
benzylalcohol,35,0.00306655
benzylalcohol,30,0.00186821
benzylalcohol,25,0.00112471
benzylamine,160,41.80937936
benzylamine,155,38.83611285
benzylamine,150,35.84624605
benzylamine,145,32.85314263
benzylamine,140,29.87421028
benzylamine,135,26.92910851
benzylamine,130,24.04098837
benzylamine,125,21.23510582
benzylamine,120,18.53847212
benzylamine,115,15.97929659
benzylamine,110,13.58572665
benzylamine,105,11.38302728
benzylamine,100,9.39195289
benzylamine,95,7.62701759
benzylamine,90,6.09428094
benzylamine,85,4.79121601
benzylamine,80,3.70685931
benzylamine,75,2.82329911
benzylamine,70,2.11784743
benzylamine,65,1.56541051
benzylamine,60,1.14063775
benzylamine,55,0.81960663
benzylamine,50,0.58090060
benzylamine,45,0.40614474
benzylamine,40,0.28011055
benzylamine,35,0.19053770
benzylamine,30,0.12779663
benzylamine,25,0.08448619
benzoicacidphenylmethylester,160,17.35989364
benzoicacidphenylmethylester,155,15.09102680
benzoicacidphenylmethylester,150,13.00799377
benzoicacidphenylmethylester,145,11.11603070
benzoicacidphenylmethylester,140,9.41656500
benzoicacidphenylmethylester,135,7.90706610
benzoicacidphenylmethylester,130,6.58142245
benzoicacidphenylmethylester,125,5.43028857
benzoicacidphenylmethylester,120,4.44178402
benzoicacidphenylmethylester,115,3.60214589
benzoicacidphenylmethylester,110,2.89649724
benzoicacidphenylmethylester,105,2.30954515
benzoicacidphenylmethylester,100,1.82618878
benzoicacidphenylmethylester,95,1.43199313
benzoicacidphenylmethylester,90,1.11354166
benzoicacidphenylmethylester,85,0.85865435
benzoicacidphenylmethylester,80,0.65649831
benzoicacidphenylmethylester,75,0.49761057
benzoicacidphenylmethylester,70,0.37385591
benzoicacidphenylmethylester,65,0.27834031
benzoicacidphenylmethylester,60,0.20529812
benzoicacidphenylmethylester,55,0.14996576
benzoicacidphenylmethylester,50,0.10845276
benzoicacidphenylmethylester,45,0.07761679
benzoicacidphenylmethylester,40,0.05494708
benzoicacidphenylmethylester,35,0.03845889
benzoicacidphenylmethylester,30,0.02660008
benzoicacidphenylmethylester,25,0.01817001
butylbenzylphthalate,160,9.24421722
butylbenzylphthalate,155,7.81833661
butylbenzylphthalate,150,6.56758286
butylbenzylphthalate,145,5.47974042
butylbenzylphthalate,140,4.54144153
butylbenzylphthalate,135,3.73869863
butylbenzylphthalate,130,3.05736911
butylbenzylphthalate,125,2.48356996
butylbenzylphthalate,120,2.00399775
butylbenzylphthalate,115,1.60616839
butylbenzylphthalate,110,1.27857810
butylbenzylphthalate,105,1.01079523
butylbenzylphthalate,100,0.79349464
butylbenzylphthalate,95,0.61844687
butylbenzylphthalate,90,0.47847447
butylbenzylphthalate,85,0.36738475
butylbenzylphthalate,80,0.27988859
butylbenzylphthalate,75,0.21151174
butylbenzylphthalate,70,0.15850399
butylbenzylphthalate,65,0.11775011
butylbenzylphthalate,60,0.08668507
butylbenzylphthalate,55,0.06321540
butylbenzylphthalate,50,0.04564757
butylbenzylphthalate,45,0.03262388
butylbenzylphthalate,40,0.02306585
butylbenzylphthalate,35,0.01612490
butylbenzylphthalate,30,0.01113986
butylbenzylphthalate,25,0.00760086
(chloromethyl)-benzene,160,37.34950391
(chloromethyl)-benzene,155,34.49574039
(chloromethyl)-benzene,150,31.66201250
(chloromethyl)-benzene,145,28.86253209
(chloromethyl)-benzene,140,26.11259233
(chloromethyl)-benzene,135,23.42961108
(chloromethyl)-benzene,130,20.83315554
(chloromethyl)-benzene,125,18.34239513
(chloromethyl)-benzene,120,15.97791797
(chloromethyl)-benzene,115,13.75953461
(chloromethyl)-benzene,110,11.70520354
(chloromethyl)-benzene,105,9.83027310
(chloromethyl)-benzene,100,8.14581551
(chloromethyl)-benzene,95,6.65783932
(chloromethyl)-benzene,90,5.36631991
(chloromethyl)-benzene,85,4.26540128
(chloromethyl)-benzene,80,3.34381509
(chloromethyl)-benzene,75,2.58599829
(chloromethyl)-benzene,70,1.97355053
(chloromethyl)-benzene,65,1.48675137
(chloromethyl)-benzene,60,1.10590528
(chloromethyl)-benzene,55,0.81241282
(chloromethyl)-benzene,50,0.58947216
(chloromethyl)-benzene,45,0.42245520
(chloromethyl)-benzene,40,0.29900909
(chloromethyl)-benzene,35,0.20896967
(chloromethyl)-benzene,30,0.14415877
(chloromethyl)-benzene,25,0.09812506
(ethoxymethyl)-benzene,160,33.33250436
(ethoxymethyl)-benzene,155,30.46816555
(ethoxymethyl)-benzene,150,27.66071272
(ethoxymethyl)-benzene,145,24.92633874
(ethoxymethyl)-benzene,140,22.28385360
(ethoxymethyl)-benzene,135,19.75064694
(ethoxymethyl)-benzene,130,17.34549448
(ethoxymethyl)-benzene,125,15.08511836
(ethoxymethyl)-benzene,120,12.98491214
(ethoxymethyl)-benzene,115,11.05727519
(ethoxymethyl)-benzene,110,9.31144115
(ethoxymethyl)-benzene,105,7.75210096
(ethoxymethyl)-benzene,100,6.37938363
(ethoxymethyl)-benzene,95,5.18881538
(ethoxymethyl)-benzene,90,4.17160811
(ethoxymethyl)-benzene,85,3.31536763
(ethoxymethyl)-benzene,80,2.60507981
(ethoxymethyl)-benzene,75,2.02419341
(ethoxymethyl)-benzene,70,1.55560887
(ethoxymethyl)-benzene,65,1.18257378
(ethoxymethyl)-benzene,60,0.88935689
(ethoxymethyl)-benzene,55,0.66169179
(ethoxymethyl)-benzene,50,0.48702149
(ethoxymethyl)-benzene,45,0.35456925
(ethoxymethyl)-benzene,40,0.25528732
(ethoxymethyl)-benzene,35,0.18172505
(ethoxymethyl)-benzene,30,0.12785225
(ethoxymethyl)-benzene,25,0.08886494
bicyclohexyl,160,0.73399308
bicyclohexyl,155,0.56388637
bicyclohexyl,150,0.43098008
bicyclohexyl,145,0.32754571
bicyclohexyl,140,0.24741838
bicyclohexyl,135,0.18567092
bicyclohexyl,130,0.13836336
bicyclohexyl,125,0.10234845
bicyclohexyl,120,0.07511803
bicyclohexyl,115,0.05468017
bicyclohexyl,110,0.03945997
bicyclohexyl,105,0.02821892
bicyclohexyl,100,0.01998903
bicyclohexyl,95,0.01401896
bicyclohexyl,90,0.00972994
bicyclohexyl,85,0.00667982
bicyclohexyl,80,0.00453377
bicyclohexyl,75,0.00304062
bicyclohexyl,70,0.00201387
bicyclohexyl,65,0.00131646
bicyclohexyl,60,0.00084882
bicyclohexyl,55,0.00053948
bicyclohexyl,50,0.00033773
bicyclohexyl,45,0.00020811
bicyclohexyl,40,0.00012612
bicyclohexyl,35,0.00007510
bicyclohexyl,30,0.00004391
bicyclohexyl,25,0.00002518
biphenyl,160,29.23164803
biphenyl,155,26.47103634
biphenyl,150,23.79888567
biphenyl,145,21.23083761
biphenyl,140,18.78375018
biphenyl,135,16.47279613
biphenyl,130,14.31226942
biphenyl,125,12.31407882
biphenyl,120,10.48764756
biphenyl,115,8.83894579
biphenyl,110,7.36990414
biphenyl,105,6.07858016
biphenyl,100,4.95906804
biphenyl,95,4.00186839
biphenyl,90,3.19467286
biphenyl,85,2.52313860
biphenyl,80,1.97180892
biphenyl,75,1.52493018
biphenyl,70,1.16717451
biphenyl,65,0.88418327
biphenyl,60,0.66292444
biphenyl,55,0.49189023
biphenyl,50,0.36115422
biphenyl,45,0.26232864
biphenyl,40,0.18845430
biphenyl,35,0.13385166
biphenyl,30,0.09395523
biphenyl,25,0.06514672
oxybischloromethane,160,41.04009988
oxybischloromethane,155,38.18069537
oxybischloromethane,150,35.31416227
oxybischloromethane,145,32.45360406
oxybischloromethane,140,29.61373651
oxybischloromethane,135,26.81107771
oxybischloromethane,130,24.06461089
oxybischloromethane,125,21.39532065
oxybischloromethane,120,18.82596844
oxybischloromethane,115,16.37956952
oxybischloromethane,110,14.07969322
oxybischloromethane,105,11.94800998
oxybischloromethane,100,10.00300465
oxybischloromethane,95,8.25825090
oxybischloromethane,90,6.72146326
oxybischloromethane,85,5.39305165
oxybischloromethane,80,4.26659900
oxybischloromethane,75,3.32937761
oxybischloromethane,70,2.56382394
oxybischloromethane,65,1.94937179
oxybischloromethane,60,1.46427625
oxybischloromethane,55,1.08715460
oxybischloromethane,50,0.79814622
oxybischloromethane,45,0.57960662
oxybischloromethane,40,0.41642167
oxybischloromethane,35,0.29602227
oxybischloromethane,30,0.20821134
oxybischloromethane,25,0.14488770
"4,4'-(1-methylethylidene)bisphenol",160,5.95881634
"4,4'-(1-methylethylidene)bisphenol",155,4.76956584
"4,4'-(1-methylethylidene)bisphenol",150,3.79169070
"4,4'-(1-methylethylidene)bisphenol",145,2.99412552
"4,4'-(1-methylethylidene)bisphenol",140,2.34859549
"4,4'-(1-methylethylidene)bisphenol",135,1.82996475
"4,4'-(1-methylethylidene)bisphenol",130,1.41628290
"4,4'-(1-methylethylidene)bisphenol",125,1.08866383
"4,4'-(1-methylethylidene)bisphenol",120,0.83105324
"4,4'-(1-methylethylidene)bisphenol",115,0.62994783
"4,4'-(1-methylethylidene)bisphenol",110,0.47409795
"4,4'-(1-methylethylidene)bisphenol",105,0.35421478
"4,4'-(1-methylethylidene)bisphenol",100,0.26269398
"4,4'-(1-methylethylidene)bisphenol",95,0.19336262
"4,4'-(1-methylethylidene)bisphenol",90,0.14125169
"4,4'-(1-methylethylidene)bisphenol",85,0.10239535
"4,4'-(1-methylethylidene)bisphenol",80,0.07365580
"4,4'-(1-methylethylidene)bisphenol",75,0.05257230
"4,4'-(1-methylethylidene)bisphenol",70,0.03723251
"4,4'-(1-methylethylidene)bisphenol",65,0.02616400
"4,4'-(1-methylethylidene)bisphenol",60,0.01824367
"4,4'-(1-methylethylidene)bisphenol",55,0.01262307
"4,4'-(1-methylethylidene)bisphenol",50,0.00866740
"4,4'-(1-methylethylidene)bisphenol",45,0.00590632
"4,4'-(1-methylethylidene)bisphenol",40,0.00399474
"4,4'-(1-methylethylidene)bisphenol",35,0.00268194
"4,4'-(1-methylethylidene)bisphenol",30,0.00178750
"4,4'-(1-methylethylidene)bisphenol",25,0.00118286
imidodicarbonicdiamide,160,0.00000008
imidodicarbonicdiamide,155,0.00000005
imidodicarbonicdiamide,150,0.00000003
imidodicarbonicdiamide,145,0.00000002
imidodicarbonicdiamide,140,0.00000001
imidodicarbonicdiamide,135,0.00000001
imidodicarbonicdiamide,130,0.00000000
imidodicarbonicdiamide,125,0.00000000
imidodicarbonicdiamide,120,0.00000000
imidodicarbonicdiamide,115,0.00000000
imidodicarbonicdiamide,110,0.00000000
imidodicarbonicdiamide,105,0.00000000
imidodicarbonicdiamide,100,0.00000000
imidodicarbonicdiamide,95,0.00000000
imidodicarbonicdiamide,90,0.00000000
imidodicarbonicdiamide,85,0.00000000
imidodicarbonicdiamide,80,0.00000000
imidodicarbonicdiamide,75,0.00000000
imidodicarbonicdiamide,70,0.00000000
imidodicarbonicdiamide,65,0.00000000
imidodicarbonicdiamide,60,0.00000000
imidodicarbonicdiamide,55,0.00000000
imidodicarbonicdiamide,50,0.00000000
imidodicarbonicdiamide,45,0.00000000
imidodicarbonicdiamide,40,0.00000000
imidodicarbonicdiamide,35,0.00000000
imidodicarbonicdiamide,30,0.00000000
imidodicarbonicdiamide,25,0.00000000
bcl3,160,13.40083877
bcl3,155,9.92290336
bcl3,150,7.30746350
bcl3,145,5.37239331
bcl3,140,3.94667665
bcl3,135,2.89575423
bcl3,130,2.12005524
bcl3,125,1.54710046
bcl3,120,1.12413553
bcl3,115,0.81249835
bcl3,110,0.58363205
bcl3,105,0.41630430
bcl3,100,0.29465117
bcl3,95,0.20678682
bcl3,90,0.14380174
bcl3,85,0.09902694
bcl3,80,0.06748693
bcl3,75,0.04548795
bcl3,70,0.03030520
bcl3,65,0.01994404
bcl3,60,0.01295716
bcl3,55,0.00830471
bcl3,50,0.00524763
bcl3,45,0.00326678
bcl3,40,0.00200204
bcl3,35,0.00120692
bcl3,30,0.00071513
bcl3,25,0.00041610
br2,160,34.66340713
br2,155,31.93916115
br2,150,29.20132523
br2,145,26.45512868
br2,140,23.70670404
br2,135,20.96612458
br2,130,18.25102853
br2,125,15.58872688
br2,120,13.01896484
br2,115,10.59651744
br2,110,8.38676269
br2,105,6.45289578
br2,100,4.83703517
br2,95,3.54631761
br2,90,2.55416344
br2,85,1.81374221
br2,80,1.27298491
br2,75,0.88424854
br2,70,0.60821297
br2,65,0.41425027
br2,60,0.27928814
br2,55,0.18629501
br2,50,0.12286877
br2,45,0.08007214
br2,40,0.05152465
br2,35,0.03271352
br2,30,0.02047833
br2,25,0.01262945
bromobenzene,160,32.23067226
bromobenzene,155,29.57911449
bromobenzene,150,26.98105096
bromobenzene,145,24.44909100
bromobenzene,140,21.99497834
bromobenzene,135,19.63175747
bromobenzene,130,17.37352919
bromobenzene,125,15.23323558
bromobenzene,120,13.22430121
bromobenzene,115,11.35888171
bromobenzene,110,9.64714701
bromobenzene,105,8.09699620
bromobenzene,100,6.71294513
bromobenzene,95,5.49587110
bromobenzene,90,4.44238790
bromobenzene,85,3.54524911
bromobenzene,80,2.79367175
bromobenzene,75,2.17415173
bromobenzene,70,1.67148367
bromobenzene,65,1.26979489
bromobenzene,60,0.95344164
bromobenzene,55,0.70773511
bromobenzene,50,0.51942003
bromobenzene,45,0.37692514
bromobenzene,40,0.27043170
bromobenzene,35,0.19180681
bromobenzene,30,0.13445404
bromobenzene,25,0.09312156
ch2clbr,160,100.00000000
ch2clbr,155,100.00000000
ch2clbr,150,100.00000000
ch2clbr,145,100.00000000
ch2clbr,140,100.00000000
ch2clbr,135,35.71852773
ch2clbr,130,33.71367975
ch2clbr,125,31.73601482
ch2clbr,120,29.79174606
ch2clbr,115,27.88002320
ch2clbr,110,26.00531377
ch2clbr,105,24.17087800
ch2clbr,100,22.38002312
ch2clbr,95,20.63410803
ch2clbr,90,18.93698737
ch2clbr,85,17.29325012
ch2clbr,80,15.70502498
ch2clbr,75,14.17679957
ch2clbr,70,12.71327983
ch2clbr,65,11.31734235
ch2clbr,60,9.99376385
ch2clbr,55,8.74709764
ch2clbr,50,7.58138591
ch2clbr,45,6.50084002
ch2clbr,40,5.50961353
ch2clbr,35,4.61076168
ch2clbr,30,3.80648143
ch2clbr,25,3.09761999
bromoethene,160,100.00000000
bromoethene,155,100.00000000
bromoethene,150,100.00000000
bromoethene,145,100.00000000
bromoethene,140,41.24212905
bromoethene,135,39.01289473
bromoethene,130,36.78827821
bromoethene,125,34.57275601
bromoethene,120,32.36876537
bromoethene,115,30.18022051
bromoethene,110,28.01384850
bromoethene,105,25.87270883
bromoethene,100,23.76339140
bromoethene,95,21.69321598
bromoethene,90,19.66773848
bromoethene,85,17.69552748
bromoethene,80,15.78491739
bromoethene,75,13.94551096
bromoethene,70,12.18757076
bromoethene,65,10.52308770
bromoethene,60,8.96252133
bromoethene,55,7.51873250
bromoethene,50,6.20283070
bromoethene,45,5.02461486
bromoethene,40,3.99102545
bromoethene,35,3.10520498
bromoethene,30,2.36501799
bromoethene,25,1.76301448
chbr3,160,22.67795975
chbr3,155,20.55011991
chbr3,150,18.51415304
chbr3,145,16.57577093
chbr3,140,14.74021324
chbr3,135,13.01368907
chbr3,130,11.40119411
chbr3,125,9.90765510
chbr3,120,8.53688407
chbr3,115,7.29115135
chbr3,110,6.17119182
chbr3,105,5.17563397
chbr3,100,4.30114106
chbr3,95,3.54218883
chbr3,90,2.89143359
chbr3,85,2.34007886
chbr3,80,1.87832436
chbr3,75,1.49586953
chbr3,70,1.18239958
chbr3,65,0.92799867
chbr3,60,0.72343342
chbr3,55,0.56035357
chbr3,50,0.43138905
chbr3,45,0.33017010
chbr3,40,0.25128895
chbr3,35,0.19022658
chbr3,30,0.14325765
chbr3,25,0.10734796
bromomethylmethylether,160,39.26683873
bromomethylmethylether,155,36.35162337
bromomethylmethylether,150,33.41542415
bromomethylmethylether,145,30.47140678
bromomethylmethylether,140,27.53373950
bromomethylmethylether,135,24.62128201
bromomethylmethylether,130,21.75793517
bromomethylmethylether,125,18.97176274
bromomethylmethylether,120,16.29570961
bromomethylmethylether,115,13.76629100
bromomethylmethylether,110,11.42083222
bromomethylmethylether,105,9.29396429
bromomethylmethylether,100,7.41340381
bromomethylmethylether,95,5.79514170
bromomethylmethylether,90,4.44122716
bromomethylmethylether,85,3.33953260
bromomethylmethylether,80,2.46650500
bromomethylmethylether,75,1.79140272
bromomethylmethylether,70,1.28079251
bromomethylmethylether,65,0.90221140
bromomethylmethylether,60,0.62652896
bromomethylmethylether,55,0.42906553
bromomethylmethylether,50,0.28980000
bromomethylmethylether,45,0.19302731
bromomethylmethylether,40,0.12675455
bromomethylmethylether,35,0.08202579
bromomethylmethylether,30,0.05228133
bromomethylmethylether,25,0.03280025
bromotrichloromethane,160,7.60094053
bromotrichloromethane,155,5.77983286
bromotrichloromethane,150,4.38275750
bromotrichloromethane,145,3.31705183
bromotrichloromethane,140,2.50560660
bromotrichloromethane,135,1.88808028
bromotrichloromethane,130,1.41832745
bromotrichloromethane,125,1.06134892
bromotrichloromethane,120,0.79057792
bromotrichloromethane,115,0.58576928
bromotrichloromethane,110,0.43143106
bromotrichloromethane,105,0.31566300
bromotrichloromethane,100,0.22929848
bromotrichloromethane,95,0.16526999
bromotrichloromethane,90,0.11813027
bromotrichloromethane,85,0.08368893
bromotrichloromethane,80,0.05873315
bromotrichloromethane,75,0.04081097
bromotrichloromethane,70,0.02806193
bromotrichloromethane,65,0.01908403
bromotrichloromethane,60,0.01282905
bromotrichloromethane,55,0.00852005
bromotrichloromethane,50,0.00558670
bromotrichloromethane,45,0.00361465
bromotrichloromethane,40,0.00230616
bromotrichloromethane,35,0.00144988
bromotrichloromethane,30,0.00089759
bromotrichloromethane,25,0.00054675
bromotrichloromethane,160,7.60094053
bromotrichloromethane,155,5.77983286
bromotrichloromethane,150,4.38275750
bromotrichloromethane,145,3.31705183
bromotrichloromethane,140,2.50560660
bromotrichloromethane,135,1.88808028
bromotrichloromethane,130,1.41832745
bromotrichloromethane,125,1.06134892
bromotrichloromethane,120,0.79057792
bromotrichloromethane,115,0.58576928
bromotrichloromethane,110,0.43143106
bromotrichloromethane,105,0.31566300
bromotrichloromethane,100,0.22929848
bromotrichloromethane,95,0.16526999
bromotrichloromethane,90,0.11813027
bromotrichloromethane,85,0.08368893
bromotrichloromethane,80,0.05873315
bromotrichloromethane,75,0.04081097
bromotrichloromethane,70,0.02806193
bromotrichloromethane,65,0.01908403
bromotrichloromethane,60,0.01282905
bromotrichloromethane,55,0.00852005
bromotrichloromethane,50,0.00558670
bromotrichloromethane,45,0.00361465
bromotrichloromethane,40,0.00230616
bromotrichloromethane,35,0.00144988
bromotrichloromethane,30,0.00089759
bromotrichloromethane,25,0.00054675
bromotrichloromethane,160,7.60094053
bromotrichloromethane,155,5.77983286
bromotrichloromethane,150,4.38275750
bromotrichloromethane,145,3.31705183
bromotrichloromethane,140,2.50560660
bromotrichloromethane,135,1.88808028
bromotrichloromethane,130,1.41832745
bromotrichloromethane,125,1.06134892
bromotrichloromethane,120,0.79057792
bromotrichloromethane,115,0.58576928
bromotrichloromethane,110,0.43143106
bromotrichloromethane,105,0.31566300
bromotrichloromethane,100,0.22929848
bromotrichloromethane,95,0.16526999
bromotrichloromethane,90,0.11813027
bromotrichloromethane,85,0.08368893
bromotrichloromethane,80,0.05873315
bromotrichloromethane,75,0.04081097
bromotrichloromethane,70,0.02806193
bromotrichloromethane,65,0.01908403
bromotrichloromethane,60,0.01282905
bromotrichloromethane,55,0.00852005
bromotrichloromethane,50,0.00558670
bromotrichloromethane,45,0.00361465
bromotrichloromethane,40,0.00230616
bromotrichloromethane,35,0.00144988
bromotrichloromethane,30,0.00089759
bromotrichloromethane,25,0.00054675
cf3br,160,32.75145928
cf3br,155,29.83427497
cf3br,150,26.94493436
cf3br,145,24.10160626
cf3br,140,21.32552371
cf3br,135,18.64252351
cf3br,130,16.08111675
cf3br,125,13.67164475
cf3br,120,11.44404994
cf3br,115,9.42514268
cf3br,110,7.63474060
cf3br,105,6.08321208
cf3br,100,4.76972908
cf3br,95,3.68285778
cf3br,90,2.80268400
cf3br,85,2.10391995
cf3br,80,1.55909760
cf3br,75,1.14119319
cf3br,70,0.82538679
cf3br,65,0.59000715
cf3br,60,0.41684293
cf3br,55,0.29103911
cf3br,50,0.20076427
cf3br,45,0.13678004
cf3br,40,0.09199518
cf3br,35,0.06104970
cf3br,30,0.03995003
cf3br,25,0.02576183
"2,4-pentadienenitrile",160,46.11319996
"2,4-pentadienenitrile",155,42.59904733
"2,4-pentadienenitrile",150,38.99564813
"2,4-pentadienenitrile",145,35.33140587
"2,4-pentadienenitrile",140,31.64292248
"2,4-pentadienenitrile",135,27.97480944
"2,4-pentadienenitrile",130,24.38127906
"2,4-pentadienenitrile",125,20.92139880
"2,4-pentadienenitrile",120,17.65584548
"2,4-pentadienenitrile",115,14.64188487
"2,4-pentadienenitrile",110,11.92625198
"2,4-pentadienenitrile",105,9.54061313
"2,4-pentadienenitrile",100,7.49796454
"2,4-pentadienenitrile",95,5.79253009
"2,4-pentadienenitrile",90,4.40252961
"2,4-pentadienenitrile",85,3.29482425
"2,4-pentadienenitrile",80,2.43014790
"2,4-pentadienenitrile",75,1.76778128
"2,4-pentadienenitrile",70,1.26904078
"2,4-pentadienenitrile",65,0.89939617
"2,4-pentadienenitrile",60,0.62943923
"2,4-pentadienenitrile",55,0.43502105
"2,4-pentadienenitrile",50,0.29688126
"2,4-pentadienenitrile",45,0.20002228
"2,4-pentadienenitrile",40,0.13300165
"2,4-pentadienenitrile",35,0.08724459
"2,4-pentadienenitrile",30,0.05642972
"2,4-pentadienenitrile",25,0.03596828
"1,3-butadienediepoxide",160,34.70828512
"1,3-butadienediepoxide",155,30.54087559
"1,3-butadienediepoxide",150,26.49449933
"1,3-butadienediepoxide",145,22.65030404
"1,3-butadienediepoxide",140,19.08001436
"1,3-butadienediepoxide",135,15.83885350
"1,3-butadienediepoxide",130,12.96144728
"1,3-butadienediepoxide",125,10.46123546
"1,3-butadienediepoxide",120,8.33246720
"1,3-butadienediepoxide",115,6.55411522
"1,3-butadienediepoxide",110,5.09447274
"1,3-butadienediepoxide",105,3.91573594
"1,3-butadienediepoxide",100,2.97794267
"1,3-butadienediepoxide",95,2.24198167
"1,3-butadienediepoxide",90,1.67164124
"1,3-butadienediepoxide",85,1.23477425
"1,3-butadienediepoxide",80,0.90377405
"1,3-butadienediepoxide",75,0.65556111
"1,3-butadienediepoxide",70,0.47126297
"1,3-butadienediepoxide",65,0.33573237
"1,3-butadienediepoxide",60,0.23700476
"1,3-butadienediepoxide",55,0.16576174
"1,3-butadienediepoxide",50,0.11483727
"1,3-butadienediepoxide",45,0.07878470
"1,3-butadienediepoxide",40,0.05350985
"1,3-butadienediepoxide",35,0.03596795
"1,3-butadienediepoxide",30,0.02391832
"1,3-butadienediepoxide",25,0.01572925
butadione,160,43.97812477
butadione,155,40.57456449
butadione,150,37.12839570
butadione,145,33.66774894
butadione,140,30.22726491
butadione,135,26.84580107
butadione,130,23.56420374
butadione,125,20.42591443
butadione,120,17.47165656
butadione,115,14.73823405
butadione,110,12.25510776
butadione,105,10.04254370
butadione,100,8.10964820
butadione,95,6.45457253
butadione,90,5.06518156
butadione,85,3.92101270
butadione,80,2.99589734
butadione,75,2.26070523
butadione,70,1.68576850
butadione,65,1.24281643
butadione,60,0.90624862
butadione,55,0.65380303
butadione,50,0.46675056
butadione,45,0.32975649
butadione,40,0.23054819
butadione,35,0.15949262
butadione,30,0.10915581
butadione,25,0.07388689
butane,160,26.39012909
butane,155,20.50084292
butane,150,15.66471282
butane,145,11.84640715
butane,140,8.89615590
butane,135,6.64326242
butane,130,4.93489242
butane,125,3.64603257
butane,120,2.67809607
butane,115,1.95462336
butane,110,1.41669681
butane,105,1.01907675
butane,100,0.72709651
butane,95,0.51424670
butane,90,0.36031822
butane,85,0.24996403
butane,80,0.17158745
butane,75,0.11647894
butane,70,0.07814397
butane,65,0.05177914
butane,60,0.03386426
butane,55,0.02184543
butane,50,0.01389002
butane,45,0.00869849
butane,40,0.00536094
butane,35,0.00324887
butane,30,0.00193433
butane,25,0.00113039
benzoicacidbutylester,160,21.79490405
benzoicacidbutylester,155,19.21238023
benzoicacidbutylester,150,16.79293245
benzoicacidbutylester,145,14.54971999
benzoicacidbutylester,140,12.49258132
benzoicacidbutylester,135,10.62770929
benzoicacidbutylester,130,8.95702096
benzoicacidbutylester,125,7.47827335
benzoicacidbutylester,120,6.18519672
benzoicacidbutylester,115,5.06807930
benzoicacidbutylester,110,4.11441032
benzoicacidbutylester,105,3.30972657
benzoicacidbutylester,100,2.63841304
benzoicacidbutylester,95,2.08448841
benzoicacidbutylester,90,1.63226788
benzoicacidbutylester,85,1.26686788
benzoicacidbutylester,80,0.97457102
benzoicacidbutylester,75,0.74303878
benzoicacidbutylester,70,0.56140592
benzoicacidbutylester,65,0.42028078
benzoicacidbutylester,60,0.31167827
benzoicacidbutylester,55,0.22890937
benzoicacidbutylester,50,0.16644669
benzoicacidbutylester,45,0.11978016
benzoicacidbutylester,40,0.08527387
benzoicacidbutylester,35,0.06003041
benzoicacidbutylester,30,0.04176703
benzoicacidbutylester,25,0.02870549
butylformate,160,42.42757465
butylformate,155,39.38507281
butylformate,150,36.32024352
butylformate,145,33.24871453
butylformate,140,30.18982264
butylformate,135,27.16648783
butylformate,130,24.20429210
butylformate,125,21.33097621
butylformate,120,18.57689287
butylformate,115,15.97250522
butylformate,110,13.54688433
butylformate,105,11.32533444
butylformate,100,9.32788999
butylformate,95,7.56648708
butylformate,90,6.04428770
butylformate,85,4.75551275
butylformate,80,3.68624019
butylformate,75,2.81635263
butylformate,70,2.12184645
butylformate,65,1.57710815
butylformate,60,1.15690661
butylformate,55,0.83781287
butylformate,50,0.59907031
butylformate,45,0.42296520
butylformate,40,0.29484006
butylformate,35,0.20287589
butylformate,30,0.13775133
butylformate,25,0.09225682
butyllactate,160,26.22397494
butyllactate,155,23.18140988
butyllactate,150,20.27600129
butyllactate,145,17.53701179
butyllactate,140,14.99071980
butyllactate,135,12.65900542
butyllactate,130,10.55768215
butyllactate,125,8.69513956
butyllactate,120,7.07181251
butyllactate,115,5.68054678
butyllactate,110,4.50769602
butyllactate,105,3.53462940
butyllactate,100,2.73957020
butyllactate,95,2.09935418
butyllactate,90,1.59091959
butyllactate,85,1.19244244
butyllactate,80,0.88407661
butyllactate,75,0.64835207
butyllactate,70,0.47030070
butyllactate,65,0.33739005
butyllactate,60,0.23933442
butyllactate,55,0.16784114
butyllactate,50,0.11633199
butyllactate,45,0.07966738
butyllactate,40,0.05388947
butyllactate,35,0.03599321
butyllactate,30,0.02372863
butyllactate,25,0.01543452
octadecanoicacidbutylester,160,1.15433170
octadecanoicacidbutylester,155,0.92695427
octadecanoicacidbutylester,150,0.74097903
octadecanoicacidbutylester,145,0.58946401
octadecanoicacidbutylester,140,0.46654893
octadecanoicacidbutylester,135,0.36729123
octadecanoicacidbutylester,130,0.28752909
octadecanoicacidbutylester,125,0.22376600
octadecanoicacidbutylester,120,0.17307282
octadecanoicacidbutylester,115,0.13300411
octadecanoicacidbutylester,110,0.10152633
octadecanoicacidbutylester,105,0.07695592
octadecanoicacidbutylester,100,0.05790595
octadecanoicacidbutylester,95,0.04323997
octadecanoicacidbutylester,90,0.03203219
octadecanoicacidbutylester,85,0.02353306
octadecanoicacidbutylester,80,0.01713981
octadecanoicacidbutylester,75,0.01237106
octadecanoicacidbutylester,70,0.00884527
octadecanoicacidbutylester,65,0.00626237
octadecanoicacidbutylester,60,0.00438835
octadecanoicacidbutylester,55,0.00304228
octadecanoicacidbutylester,50,0.00208556
octadecanoicacidbutylester,45,0.00141302
octadecanoicacidbutylester,40,0.00094567
octadecanoicacidbutylester,35,0.00062481
octadecanoicacidbutylester,30,0.00040729
octadecanoicacidbutylester,25,0.00026178
butoxide,160,58.46522208
butoxide,155,56.16878698
butoxide,150,53.81850402
butoxide,145,51.41564429
butoxide,140,48.96208104
butoxide,135,46.46320264
butoxide,130,43.92010476
butoxide,125,41.34042111
butoxide,120,38.72783310
butoxide,115,36.09075484
butoxide,110,33.43822290
butoxide,105,30.77853401
butoxide,100,28.12650059
butoxide,95,25.49566534
butoxide,90,22.90232206
butoxide,85,20.36656734
butoxide,80,17.90775867
butoxide,75,15.54996470
butoxide,70,13.31704183
butoxide,65,11.23322493
butoxide,60,9.32100328
butoxide,55,7.59976594
butoxide,50,6.08296977
butoxide,45,4.77683188
butoxide,40,3.67932477
butoxide,35,2.77992735
butoxide,30,2.06113497
butoxide,25,1.50049297
butanal,160,57.00742243
butanal,155,54.53336966
butanal,150,51.99304276
butanal,145,49.38873286
butanal,140,46.72570632
butanal,135,44.00736729
butanal,130,41.23959808
butanal,125,38.43180069
butanal,120,35.59289280
butanal,115,32.73593957
butanal,110,29.87540757
butanal,105,27.03099153
butanal,100,24.21997726
butanal,95,21.46852244
butanal,90,18.80289667
butanal,85,16.25101473
butanal,80,13.84285743
butanal,75,11.60697299
butanal,70,9.56927564
butanal,65,7.75012758
butanal,60,6.16211806
butanal,55,4.80864816
butanal,50,3.68302243
butanal,45,2.76967647
butanal,40,2.04617746
butanal,35,1.48605725
butanal,30,1.06168444
butanal,25,0.74656802
butyricacid,160,9.75855129
butyricacid,155,7.21623290
butyricacid,150,5.27901283
butyricacid,145,3.82511739
butyricacid,140,2.74725030
butyricacid,135,1.95647039
butyricacid,130,1.38176386
butyricacid,125,0.96779880
butyricacid,120,0.67219836
butyricacid,115,0.46294031
butyricacid,110,0.31609387
butyricacid,105,0.21395395
butyricacid,100,0.14354655
butyricacid,95,0.09545440
butyricacid,90,0.06290719
butyricacid,85,0.04108505
butyricacid,80,0.02659075
butyricacid,75,0.01705411
butyricacid,70,0.01083852
butyricacid,65,0.00682563
butyricacid,60,0.00425927
butyricacid,55,0.00263346
butyricacid,50,0.00161320
butyricacid,45,0.00097899
butyricacid,40,0.00058849
butyricacid,35,0.00035035
butyricacid,30,0.00020652
butyricacid,25,0.00012050
"butanoicacid,anhydride",160,25.83161870
"butanoicacid,anhydride",155,23.02027501
"butanoicacid,anhydride",150,20.33919670
"butanoicacid,anhydride",145,17.80796817
"butanoicacid,anhydride",140,15.44449833
"butanoicacid,anhydride",135,13.26363569
"butanoicacid,anhydride",130,11.27620271
"butanoicacid,anhydride",125,9.48846337
"butanoicacid,anhydride",120,7.90178681
"butanoicacid,anhydride",115,6.51258449
"butanoicacid,anhydride",110,5.31266428
"butanoicacid,anhydride",105,4.29003665
"butanoicacid,anhydride",100,3.42982590
"butanoicacid,anhydride",95,2.71534472
"butanoicacid,anhydride",90,2.12909175
"butanoicacid,anhydride",85,1.65364756
"butanoicacid,anhydride",80,1.27237663
"butanoicacid,anhydride",75,0.96991719
"butanoicacid,anhydride",70,0.73248254
"butanoicacid,anhydride",65,0.54799273
"butanoicacid,anhydride",60,0.40608054
"butanoicacid,anhydride",55,0.29800846
"butanoicacid,anhydride",50,0.21653007
"butanoicacid,anhydride",45,0.15572251
"butanoicacid,anhydride",40,0.11080910
"butanoicacid,anhydride",35,0.07798578
"butanoicacid,anhydride",30,0.05425938
"butanoicacid,anhydride",25,0.03730231
butyronitrile,160,58.74003759
butyronitrile,155,56.34536057
butyronitrile,150,53.88108834
butyronitrile,145,51.34798476
butyronitrile,140,48.74961694
butyronitrile,135,46.08922213
butyronitrile,130,43.37000915
butyronitrile,125,40.60010347
butyronitrile,120,37.78680389
butyronitrile,115,34.94043027
butyronitrile,110,32.07162311
butyronitrile,105,29.19822729
butyronitrile,100,26.33788426
butyronitrile,95,23.51277144
butyronitrile,90,20.74719545
butyronitrile,85,18.07038302
butyronitrile,80,15.51288380
butyronitrile,75,13.10679071
butyronitrile,70,10.88312126
butyronitrile,65,8.86988856
butyronitrile,60,7.08825049
butyronitrile,55,5.55035366
butyronitrile,50,4.25755065
butyronitrile,45,3.19980345
butyronitrile,40,2.35743003
butyronitrile,35,1.70383199
butyronitrile,30,1.20905361
butyronitrile,25,0.84301180
butyrylchloride,160,41.94124670
butyrylchloride,155,38.97874657
butyrylchloride,150,36.00136584
butyrylchloride,145,33.02355456
butyrylchloride,140,30.06167832
butyrylchloride,135,27.13561917
butyrylchloride,130,24.26732234
butyrylchloride,125,21.48188875
butyrylchloride,120,18.80512962
butyrylchloride,115,16.26397906
butyrylchloride,110,13.88513283
butyrylchloride,105,11.69244092
butyrylchloride,100,9.70541154
butyrylchloride,95,7.93771316
butyrylchloride,90,6.39513443
butyrylchloride,85,5.07556133
butyrylchloride,80,3.96907711
butyrylchloride,75,3.05928054
butyrylchloride,70,2.32521895
butyrylchloride,65,1.74350877
butyrylchloride,60,1.29027734
butyrylchloride,55,0.94273315
butyrylchloride,50,0.68020638
butyrylchloride,45,0.48471353
butyrylchloride,40,0.34112497
butyrylchloride,35,0.23706330
butyrylchloride,30,0.16263968
butyrylchloride,25,0.11011437
caffeine,160,6.15651547
caffeine,155,4.95714372
caffeine,150,3.97037131
caffeine,145,3.16316997
caffeine,140,2.50650921
caffeine,135,1.97522268
caffeine,130,1.54772460
caffeine,125,1.20565035
caffeine,120,0.93349058
caffeine,115,0.71822923
caffeine,110,0.54900778
caffeine,105,0.41682013
caffeine,100,0.31423989
caffeine,95,0.23517965
caffeine,90,0.17467981
caffeine,85,0.12872553
caffeine,80,0.09408828
caffeine,75,0.06818996
caffeine,70,0.04898684
caffeine,65,0.03487122
caffeine,60,0.02458853
caffeine,55,0.01716793
caffeine,50,0.01186476
caffeine,45,0.00811304
caffeine,40,0.00548670
caffeine,35,0.00366821
caffeine,30,0.00242333
caffeine,25,0.00158117
camphene,160,8.48291696
camphene,155,6.72911391
camphene,150,5.31416765
camphene,145,4.17824544
camphene,140,3.27018367
camphene,135,2.54721376
camphene,130,1.97396162
camphene,125,1.52139644
camphene,120,1.16578158
camphene,115,0.88776480
camphene,110,0.67160835
camphene,105,0.50454480
camphene,100,0.37624820
camphene,95,0.27839581
camphene,90,0.20430707
camphene,85,0.14864525
camphene,80,0.10717044
camphene,75,0.07653467
camphene,70,0.05411235
camphene,65,0.03785966
camphene,60,0.02619853
camphene,55,0.01792107
camphene,50,0.01211134
camphene,45,0.00808170
camphene,40,0.00532135
camphene,35,0.00345509
camphene,30,0.00221059
camphene,25,0.00139263
2-oxepanone,160,36.28252879
2-oxepanone,155,33.30793455
2-oxepanone,150,30.39151707
2-oxepanone,145,27.55100450
2-oxepanone,140,24.80520299
2-oxepanone,135,22.17054296
2-oxepanone,130,19.66332630
2-oxepanone,125,17.29805801
2-oxepanone,120,15.08745711
2-oxepanone,115,13.04138741
2-oxepanone,110,11.16745421
2-oxepanone,105,9.47008183
2-oxepanone,100,7.95044479
2-oxepanone,95,6.60658500
2-oxepanone,90,5.43308394
2-oxepanone,85,4.42153340
2-oxepanone,80,3.56096757
2-oxepanone,75,2.83840043
2-oxepanone,70,2.23950244
2-oxepanone,65,1.74935786
2-oxepanone,60,1.35311446
2-oxepanone,55,1.03655938
2-oxepanone,50,0.78653501
2-oxepanone,45,0.59121826
2-oxepanone,40,0.44025063
2-oxepanone,35,0.32476189
2-oxepanone,30,0.23730446
2-oxepanone,25,0.17173448
carbazole,160,29.29006282
carbazole,155,26.72423444
carbazole,150,24.24114612
carbazole,145,21.85114197
carbazole,140,19.56553092
carbazole,135,17.39494086
carbazole,130,15.34942649
carbazole,125,13.43744166
carbazole,120,11.66638568
carbazole,115,10.04161212
carbazole,110,8.56622927
carbazole,105,7.24108369
carbazole,100,6.06421241
carbazole,95,5.03109917
carbazole,90,4.13487919
carbazole,85,3.36662692
carbazole,80,2.71579860
carbazole,75,2.17082803
carbazole,70,1.71964606
carbazole,65,1.35020857
carbazole,60,1.05091116
carbazole,55,0.81092047
carbazole,50,0.62039301
carbazole,45,0.47059009
carbazole,40,0.35391438
carbazole,35,0.26387977
carbazole,30,0.19503844
carbazole,25,0.14288148
co2,160,100.00000000
co2,155,100.00000000
co2,150,100.00000000
co2,145,100.00000000
co2,140,100.00000000
co2,135,100.00000000
co2,130,100.00000000
co2,125,100.00000000
co2,120,100.00000000
co2,115,100.00000000
co2,110,100.00000000
co2,105,100.00000000
co2,100,100.00000000
co2,95,100.00000000
co2,90,100.00000000
co2,85,100.00000000
co2,80,100.00000000
co2,75,100.00000000
co2,70,100.00000000
co2,65,100.00000000
co2,60,100.00000000
co2,55,100.00000000
co2,50,100.00000000
co2,45,100.00000000
co2,40,100.00000000
co2,35,100.00000000
co2,30,100.00000000
co2,25,100.00000000
cs2,160,55.86313456
cs2,155,53.33067034
cs2,150,50.71865006
cs2,145,48.02663166
cs2,140,45.25517200
cs2,135,42.40519173
cs2,130,39.48016107
cs2,125,36.48507414
cs2,120,33.42823247
cs2,115,30.32207091
cs2,110,27.18602232
cs2,105,24.04583502
cs2,100,20.93781685
cs2,95,17.90671584
cs2,90,15.00735916
cs2,85,12.30033179
cs2,80,9.84434439
cs2,75,7.68778819
cs2,70,5.85914187
cs2,65,4.36225288
cs2,60,3.17748230
cs2,55,2.26818079
cs2,50,1.58914319
cs2,45,1.09412781
cs2,40,0.74088343
cs2,35,0.49362301
cs2,30,0.32362402
cs2,25,0.20873542
cs2,160,55.86313456
cs2,155,53.33067034
cs2,150,50.71865006
cs2,145,48.02663166
cs2,140,45.25517200
cs2,135,42.40519173
cs2,130,39.48016107
cs2,125,36.48507414
cs2,120,33.42823247
cs2,115,30.32207091
cs2,110,27.18602232
cs2,105,24.04583502
cs2,100,20.93781685
cs2,95,17.90671584
cs2,90,15.00735916
cs2,85,12.30033179
cs2,80,9.84434439
cs2,75,7.68778819
cs2,70,5.85914187
cs2,65,4.36225288
cs2,60,3.17748230
cs2,55,2.26818079
cs2,50,1.58914319
cs2,45,1.09412781
cs2,40,0.74088343
cs2,35,0.49362301
cs2,30,0.32362402
cs2,25,0.20873542
ccl4,160,4.90839690
ccl4,155,3.64339932
ccl4,150,2.70986015
ccl4,145,2.01605831
ccl4,140,1.49796093
ccl4,135,1.11007758
ccl4,130,0.81952344
ccl4,125,0.60212658
ccl4,120,0.43989577
ccl4,115,0.31930460
ccl4,110,0.23011430
ccl4,105,0.16454245
ccl4,100,0.11666456
ccl4,95,0.08197277
ccl4,90,0.05704545
ccl4,85,0.03929601
ccl4,80,0.02677987
ccl4,75,0.01804494
ccl4,70,0.01201543
ccl4,65,0.00790138
ccl4,60,0.00512838
ccl4,55,0.00328317
ccl4,50,0.00207181
ccl4,45,0.00128780
ccl4,40,0.00078788
ccl4,35,0.00047407
ccl4,30,0.00028030
ccl4,25,0.00016272
ccl4,160,4.90839690
ccl4,155,3.64339932
ccl4,150,2.70986015
ccl4,145,2.01605831
ccl4,140,1.49796093
ccl4,135,1.11007758
ccl4,130,0.81952344
ccl4,125,0.60212658
ccl4,120,0.43989577
ccl4,115,0.31930460
ccl4,110,0.23011430
ccl4,105,0.16454245
ccl4,100,0.11666456
ccl4,95,0.08197277
ccl4,90,0.05704545
ccl4,85,0.03929601
ccl4,80,0.02677987
ccl4,75,0.01804494
ccl4,70,0.01201543
ccl4,65,0.00790138
ccl4,60,0.00512838
ccl4,55,0.00328317
ccl4,50,0.00207181
ccl4,45,0.00128780
ccl4,40,0.00078788
ccl4,35,0.00047407
ccl4,30,0.00028030
ccl4,25,0.00016272
cos,160,100.00000000
cos,155,100.00000000
cos,150,100.00000000
cos,145,100.00000000
cos,140,100.00000000
cos,135,100.00000000
cos,130,100.00000000
cos,125,100.00000000
cos,120,100.00000000
cos,115,100.00000000
cos,110,46.07991041
cos,105,43.86015653
cos,100,41.60953105
cos,95,39.32760538
cos,90,37.01890791
cos,85,34.68941794
cos,80,32.34190113
cos,75,29.98232122
cos,70,27.61704465
cos,65,25.25594188
cos,60,22.90725761
cos,55,20.58351488
cos,50,18.29857834
cos,45,16.06886842
cos,40,13.91374507
cos,35,11.85527671
cos,30,9.91714060
cos,25,8.12543056
1-hexadecanol,160,1.25774325
1-hexadecanol,155,0.96318647
1-hexadecanol,150,0.73222818
1-hexadecanol,145,0.55233975
1-hexadecanol,140,0.41323791
1-hexadecanol,135,0.30650915
1-hexadecanol,130,0.22529771
1-hexadecanol,125,0.16404630
1-hexadecanol,120,0.11827815
1-hexadecanol,115,0.08441301
1-hexadecanol,110,0.05961085
1-hexadecanol,105,0.04163922
1-hexadecanol,100,0.02876054
1-hexadecanol,95,0.01963674
1-hexadecanol,90,0.01324901
1-hexadecanol,85,0.00883092
1-hexadecanol,80,0.00581305
1-hexadecanol,75,0.00377782
1-hexadecanol,70,0.00242315
1-hexadecanol,65,0.00153346
1-hexadecanol,60,0.00095711
1-hexadecanol,55,0.00058896
1-hexadecanol,50,0.00035715
1-hexadecanol,45,0.00021333
1-hexadecanol,40,0.00012545
1-hexadecanol,35,0.00007259
1-hexadecanol,30,0.00004130
1-hexadecanol,25,0.00002309
trichloroacetaldehyde,160,29.76826275
trichloroacetaldehyde,155,26.75848899
trichloroacetaldehyde,150,23.82477701
trichloroacetaldehyde,145,20.99401190
trichloroacetaldehyde,140,18.29380564
trichloroacetaldehyde,135,15.75155961
trichloroacetaldehyde,130,13.39328315
trichloroacetaldehyde,125,11.24083732
trichloroacetaldehyde,120,9.30991941
trichloroacetaldehyde,115,7.60878023
trichloroacetaldehyde,110,6.13732543
trichloroacetaldehyde,105,4.88743960
trichloroacetaldehyde,100,3.84425620
trichloroacetaldehyde,95,2.98802718
trichloroacetaldehyde,90,2.29618043
trichloroacetaldehyde,85,1.74526690
trichloroacetaldehyde,80,1.31250174
trichloroacetaldehyde,75,0.97684204
trichloroacetaldehyde,70,0.71960310
trichloroacetaldehyde,65,0.52470872
trichloroacetaldehyde,60,0.37867774
trichloroacetaldehyde,55,0.27044472
trichloroacetaldehyde,50,0.19109115
trichloroacetaldehyde,45,0.13354293
trichloroacetaldehyde,40,0.09226910
trichloroacetaldehyde,35,0.06300252
trichloroacetaldehyde,30,0.04249258
trichloroacetaldehyde,25,0.02829348
cl2,160,54.99511466
cl2,155,52.00004850
cl2,150,48.84609931
cl2,145,45.52447630
cl2,140,42.03078719
cl2,135,38.36774557
cl2,130,34.54464531
cl2,125,30.58853586
cl2,120,26.54779666
cl2,115,22.50134927
cl2,110,18.56040008
cl2,105,14.86102957
cl2,100,11.53983578
cl2,95,8.70015441
cl2,90,6.38632143
cl2,85,4.58069819
cl2,80,3.22159012
cl2,75,2.22773907
cl2,70,1.51753891
cl2,65,1.01950140
cl2,60,0.67583090
cl2,55,0.44211143
cl2,50,0.28535112
cl2,45,0.18163647
cl2,40,0.11396263
cl2,35,0.07043270
cl2,30,0.04284719
cl2,25,0.02563677
chloroacetaldehyde,160,0.85167690
chloroacetaldehyde,155,0.60078882
chloroacetaldehyde,150,0.42193790
chloroacetaldehyde,145,0.29470763
chloroacetaldehyde,140,0.20453883
chloroacetaldehyde,135,0.14095817
chloroacetaldehyde,130,0.09639845
chloroacetaldehyde,125,0.06538597
chloroacetaldehyde,120,0.04396714
chloroacetaldehyde,115,0.02929638
chloroacetaldehyde,110,0.01933606
chloroacetaldehyde,105,0.01263645
chloroacetaldehyde,100,0.00817385
chloroacetaldehyde,95,0.00523138
chloroacetaldehyde,90,0.00331162
chloroacetaldehyde,85,0.00207273
chloroacetaldehyde,80,0.00128223
chloroacetaldehyde,75,0.00078371
chloroacetaldehyde,70,0.00047309
chloroacetaldehyde,65,0.00028194
chloroacetaldehyde,60,0.00016582
chloroacetaldehyde,55,0.00009620
chloroacetaldehyde,50,0.00005503
chloroacetaldehyde,45,0.00003103
chloroacetaldehyde,40,0.00001724
chloroacetaldehyde,35,0.00000943
chloroacetaldehyde,30,0.00000507
chloroacetaldehyde,25,0.00000269
chloroaceticacid,160,0.38734723
chloroaceticacid,155,0.27651825
chloroaceticacid,150,0.19620778
chloroaceticacid,145,0.13831952
chloroaceticacid,140,0.09684229
chloroaceticacid,135,0.06731745
chloroaceticacid,130,0.04644735
chloroaceticacid,125,0.03180336
chloroaceticacid,120,0.02160669
chloroaceticacid,115,0.01456279
chloroaceticacid,110,0.00973627
chloroaceticacid,105,0.00645642
chloroaceticacid,100,0.00424631
chloroaceticacid,95,0.00276969
chloroaceticacid,90,0.00179156
chloroaceticacid,85,0.00114922
chloroaceticacid,80,0.00073103
chloroaceticacid,75,0.00046114
chloroaceticacid,70,0.00028846
chloroaceticacid,65,0.00017893
chloroaceticacid,60,0.00011007
chloroaceticacid,55,0.00006714
chloroaceticacid,50,0.00004061
chloroaceticacid,45,0.00002435
chloroaceticacid,40,0.00001448
chloroaceticacid,35,0.00000854
chloroaceticacid,30,0.00000499
chloroaceticacid,25,0.00000289
"3-chloro-2,5-furandione",160,28.69441518
"3-chloro-2,5-furandione",155,25.32958552
"3-chloro-2,5-furandione",150,22.07886184
"3-chloro-2,5-furandione",145,18.98762981
"3-chloro-2,5-furandione",140,16.09959756
"3-chloro-2,5-furandione",135,13.45326749
"3-chloro-2,5-furandione",130,11.07795046
"3-chloro-2,5-furandione",125,8.99052102
"3-chloro-2,5-furandione",120,7.19432789
"3-chloro-2,5-furandione",115,5.67992663
"3-chloro-2,5-furandione",110,4.42741225
"3-chloro-2,5-furandione",105,3.40976856
"3-chloro-2,5-furandione",100,2.59630245
"3-chloro-2,5-furandione",95,1.95561896
"3-chloro-2,5-furandione",90,1.45780478
"3-chloro-2,5-furandione",85,1.07579543
"3-chloro-2,5-furandione",80,0.78604581
"3-chloro-2,5-furandione",75,0.56868930
"3-chloro-2,5-furandione",70,0.40736846
"3-chloro-2,5-furandione",65,0.28888313
"3-chloro-2,5-furandione",60,0.20276067
"3-chloro-2,5-furandione",55,0.14081479
"3-chloro-2,5-furandione",50,0.09673154
"3-chloro-2,5-furandione",45,0.06570135
"3-chloro-2,5-furandione",40,0.04410414
"3-chloro-2,5-furandione",35,0.02924679
"3-chloro-2,5-furandione",30,0.01914915
"3-chloro-2,5-furandione",25,0.01237245
chloroacetone,160,6.13113734
chloroacetone,155,4.49896841
chloroacetone,150,3.29563316
chloroacetone,145,2.40750782
chloroacetone,140,1.75215334
chloroacetone,135,1.26931029
chloroacetone,130,0.91455357
chloroacetone,125,0.65491802
chloroacetone,120,0.46582484
chloroacetone,115,0.32889824
chloroacetone,110,0.23039300
chloroacetone,105,0.16003948
chloroacetone,100,0.11018653
chloroacetone,95,0.07515807
chloroacetone,90,0.05076646
chloroacetone,85,0.03394254
chloroacetone,80,0.02245388
chloroacetone,75,0.01469031
chloroacetone,70,0.00950110
chloroacetone,65,0.00607193
chloroacetone,60,0.00383259
chloroacetone,55,0.00238816
chloroacetone,50,0.00146836
chloroacetone,45,0.00089037
chloroacetone,40,0.00053217
chloroacetone,35,0.00031335
chloroacetone,30,0.00018166
chloroacetone,25,0.00010362
chloroacetonitrile,160,28.35387198
chloroacetonitrile,155,22.98883183
chloroacetonitrile,150,18.18588795
chloroacetonitrile,145,14.09225406
chloroacetonitrile,140,10.73942508
chloroacetonitrile,135,8.07521101
chloroacetonitrile,130,6.00511819
chloroacetonitrile,125,4.42345158
chloroacetonitrile,120,3.23063558
chloroacetonitrile,115,2.34060704
chloroacetonitrile,110,1.68260649
chloroacetonitrile,105,1.20023217
chloroacetonitrile,100,0.84944284
chloroacetonitrile,95,0.59636326
chloroacetonitrile,90,0.41523483
chloroacetonitrile,85,0.28665973
chloroacetonitrile,80,0.19615738
chloroacetonitrile,75,0.13300796
chloroacetonitrile,70,0.08934131
chloroacetonitrile,65,0.05942831
chloroacetonitrile,60,0.03913489
chloroacetonitrile,55,0.02550504
chloroacetonitrile,50,0.01644519
chloroacetonitrile,45,0.01048721
chloroacetonitrile,40,0.00661218
chloroacetonitrile,35,0.00412043
chloroacetonitrile,30,0.00253690
chloroacetonitrile,25,0.00154265
chloroacetylchloride,160,43.90470167
chloroacetylchloride,155,41.28724843
chloroacetylchloride,150,38.66637629
chloroacetylchloride,145,36.04860876
chloroacetylchloride,140,33.44331743
chloroacetylchloride,135,30.86067538
chloroacetylchloride,130,28.31131545
chloroacetylchloride,125,25.80748113
chloroacetylchloride,120,23.36017042
chloroacetylchloride,115,20.98474467
chloroacetylchloride,110,18.69472828
chloroacetylchloride,105,16.50533673
chloroacetylchloride,100,14.43099939
chloroacetylchloride,95,12.48599488
chloroacetylchloride,90,10.68302742
chloroacetylchloride,85,9.03300380
chloroacetylchloride,80,7.54418294
chloroacetylchloride,75,6.22095562
chloroacetylchloride,70,5.06360311
chloroacetylchloride,65,4.06819385
chloroacetylchloride,60,3.22648334
chloroacetylchloride,55,2.52676851
chloroacetylchloride,50,1.95470633
chloroacetylchloride,45,1.49443807
chloroacetylchloride,40,1.12970198
chloroacetylchloride,35,0.84477411
chloroacetylchloride,30,0.62514839
chloroacetylchloride,25,0.45796601
chloroethyne,160,100.00000000
chloroethyne,155,100.00000000
chloroethyne,150,100.00000000
chloroethyne,145,100.00000000
chloroethyne,140,100.00000000
chloroethyne,135,100.00000000
chloroethyne,130,100.00000000
chloroethyne,125,100.00000000
chloroethyne,120,100.00000000
chloroethyne,115,100.00000000
chloroethyne,110,45.82077160
chloroethyne,105,43.65805789
chloroethyne,100,41.47821053
chloroethyne,95,39.28410106
chloroethyne,90,37.07993130
chloroethyne,85,34.87319566
chloroethyne,80,32.66623728
chloroethyne,75,30.46586070
chloroethyne,70,28.28018060
chloroethyne,65,26.11556866
chloroethyne,60,23.97917889
chloroethyne,55,21.88042231
chloroethyne,50,19.82699830
chloroethyne,45,17.83040036
chloroethyne,40,15.89933640
chloroethyne,35,14.04469884
chloroethyne,30,12.27799042
chloroethyne,25,10.61130356
chlorobenzene,160,42.78229713
chlorobenzene,155,40.07227209
chlorobenzene,150,37.35771544
chlorobenzene,145,34.64931970
chlorobenzene,140,31.95526381
chlorobenzene,135,29.28698586
chlorobenzene,130,26.65842679
chlorobenzene,125,24.08402896
chlorobenzene,120,21.57858560
chlorobenzene,115,19.15903662
chlorobenzene,110,16.84265384
chlorobenzene,105,14.64748967
chlorobenzene,100,12.59068314
chlorobenzene,95,10.68838950
chlorobenzene,90,8.95393906
chlorobenzene,85,7.39740533
chlorobenzene,80,6.02413876
chlorobenzene,75,4.83432745
chlorobenzene,70,3.82255439
chlorobenzene,65,2.97840032
chlorobenzene,60,2.28728671
chlorobenzene,55,1.73181444
chlorobenzene,50,1.29322863
chlorobenzene,45,0.95276295
chlorobenzene,40,0.69269740
chlorobenzene,35,0.49707747
chlorobenzene,30,0.35208644
chlorobenzene,25,0.24614447
chf2cl,160,100.00000000
chf2cl,155,100.00000000
chf2cl,150,100.00000000
chf2cl,145,100.00000000
chf2cl,140,100.00000000
chf2cl,135,100.00000000
chf2cl,130,100.00000000
chf2cl,125,100.00000000
chf2cl,120,100.00000000
chf2cl,115,100.00000000
chf2cl,110,37.44025218
chf2cl,105,35.52458393
chf2cl,100,33.63384021
chf2cl,95,31.77239786
chf2cl,90,29.94246775
chf2cl,85,28.14959262
chf2cl,80,26.39598222
chf2cl,75,24.68627088
chf2cl,70,23.02175413
chf2cl,65,21.40588591
chf2cl,60,19.84249755
chf2cl,55,18.33382862
chf2cl,50,16.88303888
chf2cl,45,15.49182314
chf2cl,40,14.16256070
chf2cl,35,12.89683898
chf2cl,30,11.69667598
chf2cl,25,10.56345011
chcl3,160,42.23552949
chcl3,155,39.68536705
chcl3,150,37.15334059
chcl3,145,34.64845551
chcl3,140,32.18070039
chcl3,135,29.75831275
chcl3,130,27.39131501
chcl3,125,25.08999935
chcl3,120,22.86201250
chcl3,115,20.71913868
chcl3,110,18.66719177
chcl3,105,16.71520550
chcl3,100,14.87054071
chcl3,95,13.13946893
chcl3,90,11.52688490
chcl3,85,10.03669506
chcl3,80,8.67108530
chcl3,75,7.43091217
chcl3,70,6.31549624
chcl3,65,5.32238191
chcl3,60,4.44734003
chcl3,55,3.68470539
chcl3,50,3.02733512
chcl3,45,2.46702917
chcl3,40,1.99469660
chcl3,35,1.60080132
chcl3,30,1.27572053
chcl3,25,1.01006860
chloronitromethane,160,40.14936174
chloronitromethane,155,36.77382985
chloronitromethane,150,33.42405937
chloronitromethane,145,30.13608178
chloronitromethane,140,26.94629470
chloronitromethane,135,23.88788084
chloronitromethane,130,20.99081067
chloronitromethane,125,18.27968259
chloronitromethane,120,15.77238726
chloronitromethane,115,13.48110882
chloronitromethane,110,11.41154398
chloronitromethane,105,9.56433381
chloronitromethane,100,7.93525210
chloronitromethane,95,6.51600400
chloronitromethane,90,5.29513956
chloronitromethane,85,4.25830223
chloronitromethane,80,3.38914400
chloronitromethane,75,2.67003533
chloronitromethane,70,2.08273962
chloronitromethane,65,1.60911515
chloronitromethane,60,1.23178991
chloronitromethane,55,0.93465384
chloronitromethane,50,0.70322194
chloronitromethane,45,0.52481814
chloronitromethane,40,0.38862131
chloronitromethane,35,0.28559360
chloronitromethane,30,0.20832978
chloronitromethane,25,0.15086471
trichloronitromethane,160,24.63031241
trichloronitromethane,155,21.68279966
trichloronitromethane,150,18.87623951
trichloronitromethane,145,16.24072776
trichloronitromethane,140,13.80344507
trichloronitromethane,135,11.58661026
trichloronitromethane,130,9.60506058
trichloronitromethane,125,7.86490048
trichloronitromethane,120,6.36328726
trichloronitromethane,115,5.08930439
trichloronitromethane,110,4.02565115
trichloronitromethane,105,3.15081197
trichloronitromethane,100,2.44118774
trichloronitromethane,95,1.87292399
trichloronitromethane,90,1.42326232
trichloronitromethane,85,1.07141301
trichloronitromethane,80,0.79901464
trichloronitromethane,75,0.59027894
trichloronitromethane,70,0.43192417
trichloronitromethane,65,0.31297971
trichloronitromethane,60,0.22452538
trichloronitromethane,55,0.15940858
trichloronitromethane,50,0.11196647
trichloronitromethane,45,0.07776886
trichloronitromethane,40,0.05338949
trichloronitromethane,35,0.03620839
trichloronitromethane,30,0.02424473
trichloronitromethane,25,0.01601811
"2-chloro-1,3-butadiene",160,50.89940346
"2-chloro-1,3-butadiene",155,48.31529700
"2-chloro-1,3-butadiene",150,45.68928461
"2-chloro-1,3-butadiene",145,43.03058979
"2-chloro-1,3-butadiene",140,40.34243639
"2-chloro-1,3-butadiene",135,37.63409859
"2-chloro-1,3-butadiene",130,34.91409920
"2-chloro-1,3-butadiene",125,32.19271574
"2-chloro-1,3-butadiene",120,29.48277143
"2-chloro-1,3-butadiene",115,26.79969442
"2-chloro-1,3-butadiene",110,24.15645481
"2-chloro-1,3-butadiene",105,21.57322288
"2-chloro-1,3-butadiene",100,19.06995758
"2-chloro-1,3-butadiene",95,16.66734019
"2-chloro-1,3-butadiene",90,14.38787373
"2-chloro-1,3-butadiene",85,12.25353666
"2-chloro-1,3-butadiene",80,10.28515442
"2-chloro-1,3-butadiene",75,8.50032377
"2-chloro-1,3-butadiene",70,6.91196277
"2-chloro-1,3-butadiene",65,5.52678171
"2-chloro-1,3-butadiene",60,4.34446254
"2-chloro-1,3-butadiene",55,3.35728703
"2-chloro-1,3-butadiene",50,2.55116079
"2-chloro-1,3-butadiene",45,1.90704010
"2-chloro-1,3-butadiene",40,1.40303797
"2-chloro-1,3-butadiene",35,1.01644908
"2-chloro-1,3-butadiene",30,0.72543085
"2-chloro-1,3-butadiene",25,0.51019643
chlorotrifluoroethene,160,9.40565677
chlorotrifluoroethene,155,6.83261437
chlorotrifluoroethene,150,4.98227330
chlorotrifluoroethene,145,3.64346975
chlorotrifluoroethene,140,2.66761249
chlorotrifluoroethene,135,1.95210938
chlorotrifluoroethene,130,1.42558220
chlorotrifluoroethene,125,1.03754435
chlorotrifluoroethene,120,0.75170733
chlorotrifluoroethene,115,0.54160716
chlorotrifluoroethene,110,0.38773230
chlorotrifluoroethene,105,0.27558217
chlorotrifluoroethene,100,0.19432637
chlorotrifluoroethene,95,0.13585875
chlorotrifluoroethene,90,0.09411295
chlorotrifluoroethene,85,0.06455940
chlorotrifluoroethene,80,0.04382959
chlorotrifluoroethene,75,0.02943244
chlorotrifluoroethene,70,0.01953838
chlorotrifluoroethene,65,0.01281458
chlorotrifluoroethene,60,0.00829885
chlorotrifluoroethene,55,0.00530352
chlorotrifluoroethene,50,0.00334249
chlorotrifluoroethene,45,0.00207609
chlorotrifluoroethene,40,0.00126997
chlorotrifluoroethene,35,0.00076452
chlorotrifluoroethene,30,0.00045259
chlorotrifluoroethene,25,0.00026325
cis-decalin,160,1.46715387
cis-decalin,155,1.12399343
cis-decalin,150,0.85767111
cis-decalin,145,0.65138646
cis-decalin,140,0.49208826
cis-decalin,135,0.36955938
cis-decalin,130,0.27575919
cis-decalin,125,0.20434383
cis-decalin,120,0.15030352
cis-decalin,115,0.10968547
cis-decalin,110,0.07937813
cis-decalin,105,0.05694094
cis-decalin,100,0.04046873
cis-decalin,95,0.02848272
cis-decalin,90,0.01984273
cis-decalin,85,0.01367616
cis-decalin,80,0.00932064
cis-decalin,75,0.00627788
cis-decalin,70,0.00417659
cis-decalin,65,0.00274293
cis-decalin,60,0.00177714
cis-decalin,55,0.00113515
cis-decalin,50,0.00071435
cis-decalin,45,0.00044255
cis-decalin,40,0.00026970
cis-decalin,35,0.00016154
cis-decalin,30,0.00009501
cis-decalin,25,0.00005482
methyl-maleic-anhydride,160,17.74489006
methyl-maleic-anhydride,155,14.11311378
methyl-maleic-anhydride,150,11.05594573
methyl-maleic-anhydride,145,8.55409273
methyl-maleic-anhydride,140,6.55060602
methyl-maleic-anhydride,135,4.97237756
methyl-maleic-anhydride,130,3.74477139
methyl-maleic-anhydride,125,2.79953483
methyl-maleic-anhydride,120,2.07794657
methyl-maleic-anhydride,115,1.53133818
methyl-maleic-anhydride,110,1.12030650
methyl-maleic-anhydride,105,0.81345575
methyl-maleic-anhydride,100,0.58605539
methyl-maleic-anhydride,95,0.41880441
methyl-maleic-anhydride,90,0.29675712
methyl-maleic-anhydride,85,0.20842539
methyl-maleic-anhydride,80,0.14504302
methyl-maleic-anhydride,75,0.09997076
methyl-maleic-anhydride,70,0.06821952
methyl-maleic-anhydride,65,0.04607123
methyl-maleic-anhydride,60,0.03077929
methyl-maleic-anhydride,55,0.02033353
methyl-maleic-anhydride,50,0.01327714
methyl-maleic-anhydride,45,0.00856527
methyl-maleic-anhydride,40,0.00545661
methyl-maleic-anhydride,35,0.00343117
methyl-maleic-anhydride,30,0.00212855
methyl-maleic-anhydride,25,0.00130204
2h-1-benzopyran-2-one,160,18.40377930
2h-1-benzopyran-2-one,155,15.46643319
2h-1-benzopyran-2-one,150,12.83975327
2h-1-benzopyran-2-one,145,10.53469905
2h-1-benzopyran-2-one,140,8.54758247
2h-1-benzopyran-2-one,135,6.86258036
2h-1-benzopyran-2-one,130,5.45515264
2h-1-benzopyran-2-one,125,4.29557603
2h-1-benzopyran-2-one,120,3.35203033
2h-1-benzopyran-2-one,115,2.59296608
2h-1-benzopyran-2-one,110,1.98871345
2h-1-benzopyran-2-one,105,1.51242895
2h-1-benzopyran-2-one,100,1.14053116
2h-1-benzopyran-2-one,95,0.85277900
2h-1-benzopyran-2-one,90,0.63212208
2h-1-benzopyran-2-one,85,0.46442204
2h-1-benzopyran-2-one,80,0.33811292
2h-1-benzopyran-2-one,75,0.24384722
2h-1-benzopyran-2-one,70,0.17415395
2h-1-benzopyran-2-one,65,0.12312454
2h-1-benzopyran-2-one,60,0.08613366
2h-1-benzopyran-2-one,55,0.05959708
2h-1-benzopyran-2-one,50,0.04076556
2h-1-benzopyran-2-one,45,0.02755221
2h-1-benzopyran-2-one,40,0.01838983
2h-1-benzopyran-2-one,35,0.01211449
2h-1-benzopyran-2-one,30,0.00787174
2h-1-benzopyran-2-one,25,0.00504185
trans-crotonaldehyde,160,56.74840727
trans-crotonaldehyde,155,54.22351222
trans-crotonaldehyde,150,51.63588821
trans-crotonaldehyde,145,48.99203853
trans-crotonaldehyde,140,46.29582233
trans-crotonaldehyde,135,43.55687475
trans-crotonaldehyde,130,40.78129174
trans-crotonaldehyde,125,37.97986123
trans-crotonaldehyde,120,35.16509097
trans-crotonaldehyde,115,32.34875674
trans-crotonaldehyde,110,29.54774079
trans-crotonaldehyde,105,26.77804113
trans-crotonaldehyde,100,24.05860845
trans-crotonaldehyde,95,21.40825604
trans-crotonaldehyde,90,18.85048201
trans-crotonaldehyde,85,16.40653081
trans-crotonaldehyde,80,14.09969278
trans-crotonaldehyde,75,11.95151713
trans-crotonaldehyde,70,9.98167870
trans-crotonaldehyde,65,8.20631121
trans-crotonaldehyde,60,6.63626054
trans-crotonaldehyde,55,5.27586022
trans-crotonaldehyde,50,4.12246395
trans-crotonaldehyde,45,3.16606853
trans-crotonaldehyde,40,2.39061240
trans-crotonaldehyde,35,1.77552450
trans-crotonaldehyde,30,1.29782876
trans-crotonaldehyde,25,0.93417845
trans-crotonic-acid,160,7.05044487
trans-crotonic-acid,155,5.15549377
trans-crotonic-acid,150,3.73828239
trans-crotonic-acid,145,2.68920364
trans-crotonic-acid,140,1.91957982
trans-crotonic-acid,135,1.35965520
trans-crotonic-acid,130,0.95556369
trans-crotonic-acid,125,0.66626071
trans-crotonic-acid,120,0.46080817
trans-crotonic-acid,115,0.31610059
trans-crotonic-acid,110,0.21503178
trans-crotonic-acid,105,0.14504518
trans-crotonic-acid,100,0.09700359
trans-crotonic-acid,95,0.06431702
trans-crotonic-acid,90,0.04227621
trans-crotonic-acid,85,0.02754759
trans-crotonic-acid,80,0.01779424
trans-crotonic-acid,75,0.01139403
trans-crotonic-acid,70,0.00723221
trans-crotonic-acid,65,0.00455043
trans-crotonic-acid,60,0.00283797
trans-crotonic-acid,55,0.00175435
trans-crotonic-acid,50,0.00107484
trans-crotonic-acid,45,0.00065259
trans-crotonic-acid,40,0.00039260
trans-crotonic-acid,35,0.00023398
trans-crotonic-acid,30,0.00013811
trans-crotonic-acid,25,0.00008071
2(5h)-furanone,160,1.26879339
2(5h)-furanone,155,0.93988969
2(5h)-furanone,150,0.69316087
2(5h)-furanone,145,0.50863046
2(5h)-furanone,140,0.37115750
2(5h)-furanone,135,0.26921931
2(5h)-furanone,130,0.19403116
2(5h)-furanone,125,0.13889764
2(5h)-furanone,120,0.09872537
2(5h)-furanone,115,0.06965211
2(5h)-furanone,110,0.04876166
2(5h)-furanone,105,0.03386354
2(5h)-furanone,100,0.02332220
2(5h)-furanone,95,0.01592445
2(5h)-furanone,90,0.01077684
2(5h)-furanone,85,0.00722641
2(5h)-furanone,80,0.00479987
2(5h)-furanone,75,0.00315704
2(5h)-furanone,70,0.00205559
2(5h)-furanone,65,0.00132452
2(5h)-furanone,60,0.00084431
2(5h)-furanone,55,0.00053225
2(5h)-furanone,50,0.00033169
2(5h)-furanone,45,0.00020427
2(5h)-furanone,40,0.00012426
2(5h)-furanone,35,0.00007464
2(5h)-furanone,30,0.00004425
2(5h)-furanone,25,0.00002587
cyanamide,160,0.00000007
cyanamide,155,0.00000004
cyanamide,150,0.00000002
cyanamide,145,0.00000001
cyanamide,140,0.00000001
cyanamide,135,0.00000000
cyanamide,130,0.00000000
cyanamide,125,0.00000000
cyanamide,120,0.00000000
cyanamide,115,0.00000000
cyanamide,110,0.00000000
cyanamide,105,0.00000000
cyanamide,100,0.00000000
cyanamide,95,0.00000000
cyanamide,90,0.00000000
cyanamide,85,0.00000000
cyanamide,80,0.00000000
cyanamide,75,0.00000000
cyanamide,70,0.00000000
cyanamide,65,0.00000000
cyanamide,60,0.00000000
cyanamide,55,0.00000000
cyanamide,50,0.00000000
cyanamide,45,0.00000000
cyanamide,40,0.00000000
cyanamide,35,0.00000000
cyanamide,30,0.00000000
cyanamide,25,0.00000000
cyanogen,160,100.00000000
cyanogen,155,100.00000000
cyanogen,150,100.00000000
cyanogen,145,100.00000000
cyanogen,140,100.00000000
cyanogen,135,100.00000000
cyanogen,130,100.00000000
cyanogen,125,53.94828669
cyanogen,120,51.49318097
cyanogen,115,48.94166879
cyanogen,110,46.29425351
cyanogen,105,43.54904728
cyanogen,100,40.70887206
cyanogen,95,37.77562569
cyanogen,90,34.75620500
cyanogen,85,31.66204383
cyanogen,80,28.51170704
cyanogen,75,25.32631445
cyanogen,70,22.14044984
cyanogen,65,18.99553924
cyanogen,60,15.94371437
cyanogen,55,13.04680775
cyanogen,50,10.37212565
cyanogen,45,7.98437120
cyanogen,40,5.93654801
cyanogen,35,4.25769400
cyanogen,30,2.94619987
cyanogen,25,1.97011813
cyanogenbromide,160,100.00000000
cyanogenbromide,155,100.00000000
cyanogenbromide,150,44.83404982
cyanogenbromide,145,42.41874663
cyanogenbromide,140,39.97853824
cyanogenbromide,135,37.51802245
cyanogenbromide,130,35.03829691
cyanogenbromide,125,32.54411838
cyanogenbromide,120,30.03910985
cyanogenbromide,115,27.53082040
cyanogenbromide,110,25.02706435
cyanogenbromide,105,22.53813471
cyanogenbromide,100,20.07587620
cyanogenbromide,95,17.66017601
cyanogenbromide,90,15.30937062
cyanogenbromide,85,13.05092075
cyanogenbromide,80,10.91406096
cyanogenbromide,75,8.93237301
cyanogenbromide,70,7.13872938
cyanogenbromide,65,5.56218921
cyanogenbromide,60,4.22155019
cyanogenbromide,55,3.12148742
cyanogenbromide,50,2.25099668
cyanogenbromide,45,1.58576632
cyanogenbromide,40,1.09340831
cyanogenbromide,35,0.73923328
cyanogenbromide,30,0.49075274
cyanogenbromide,25,0.32022941
cyanogenchloride,160,100.00000000
cyanogenchloride,155,100.00000000
cyanogenchloride,150,100.00000000
cyanogenchloride,145,100.00000000
cyanogenchloride,140,53.90996149
cyanogenchloride,135,51.34302018
cyanogenchloride,130,48.68231176
cyanogenchloride,125,45.92477021
cyanogenchloride,120,43.07283538
cyanogenchloride,115,40.13022661
cyanogenchloride,110,37.09993771
cyanogenchloride,105,33.99288562
cyanogenchloride,100,30.82323510
cyanogenchloride,95,27.61177592
cyanogenchloride,90,24.38489575
cyanogenchloride,85,21.18187539
cyanogenchloride,80,18.04786497
cyanogenchloride,75,15.04029202
cyanogenchloride,70,12.22245751
cyanogenchloride,65,9.65936879
cyanogenchloride,60,7.40802546
cyanogenchloride,55,5.50725056
cyanogenchloride,50,3.96936046
cyanogenchloride,45,2.77747334
cyanogenchloride,40,1.89095671
cyanogenchloride,35,1.25575578
cyanogenchloride,30,0.81533741
cyanogenchloride,25,0.51854766
cyclobutanone,160,58.66650483
cyclobutanone,155,56.34269636
cyclobutanone,150,53.96253892
cyclobutanone,145,51.53125329
cyclobutanone,140,49.05257541
cyclobutanone,135,46.53057506
cyclobutanone,130,43.97158342
cyclobutanone,125,41.38047544
cyclobutanone,120,38.76410821
cyclobutanone,115,36.13214754
cyclobutanone,110,33.49409637
cyclobutanone,105,30.86048986
cyclobutanone,100,28.24443813
cyclobutanone,95,25.65857937
cyclobutanone,90,23.11928960
cyclobutanone,85,20.64258827
cyclobutanone,80,18.24746367
cyclobutanone,75,15.95113024
cyclobutanone,70,13.77397693
cyclobutanone,65,11.73556683
cyclobutanone,60,9.85377443
cyclobutanone,55,8.14454678
cyclobutanone,50,6.62034791
cyclobutanone,45,5.28801676
cyclobutanone,40,4.14838689
cyclobutanone,35,3.19568570
cyclobutanone,30,2.41764790
cyclobutanone,25,1.79695041
cyclodecanone,160,23.34946765
cyclodecanone,155,20.53553353
cyclodecanone,150,17.89753844
cyclodecanone,145,15.45356158
cyclodecanone,140,13.21718297
cyclodecanone,135,11.19652068
cyclodecanone,130,9.39409143
cyclodecanone,125,7.80683558
cyclodecanone,120,6.42673021
cyclodecanone,115,5.24157331
cyclodecanone,110,4.23605949
cyclodecanone,105,3.39284537
cyclodecanone,100,2.69361042
cyclodecanone,95,2.11997387
cyclodecanone,90,1.65421061
cyclodecanone,85,1.27978377
cyclodecanone,80,0.98167534
cyclodecanone,75,0.74655669
cyclodecanone,70,0.56283029
cyclodecanone,65,0.42057787
cyclodecanone,60,0.31144619
cyclodecanone,55,0.22849703
cyclodecanone,50,0.16603999
cyclodecanone,45,0.11946322
cyclodecanone,40,0.08507100
cyclodecanone,35,0.05993397
cyclodecanone,30,0.04175503
cyclodecanone,25,0.02875220
cyclododecane,160,0.94009637
cyclododecane,155,0.72652336
cyclododecane,150,0.55877763
cyclododecane,145,0.42748244
cyclododecane,140,0.32514760
cyclododecane,135,0.24577038
cyclododecane,130,0.18453425
cyclododecane,125,0.13757510
cyclododecane,120,0.10179766
cyclododecane,115,0.07472941
cyclododecane,110,0.05440278
cyclododecane,105,0.03925942
cyclododecane,100,0.02807200
cyclododecane,95,0.01988008
cyclododecane,90,0.01393734
cyclododecane,85,0.00966835
cyclododecane,80,0.00663317
cyclododecane,75,0.00449842
cyclododecane,70,0.00301392
cyclododecane,65,0.00199383
cyclododecane,60,0.00130155
cyclododecane,55,0.00083786
cyclododecane,50,0.00053153
cyclododecane,45,0.00033205
cyclododecane,40,0.00020411
cyclododecane,35,0.00012336
cyclododecane,30,0.00007323
cyclododecane,25,0.00004267
cycloheptane,160,3.61877092
cycloheptane,155,2.74078069
cycloheptane,150,2.07172559
cycloheptane,145,1.56112296
cycloheptane,140,1.17157654
cycloheptane,135,0.87492074
cycloheptane,130,0.64969578
cycloheptane,125,0.47940702
cycloheptane,120,0.35130544
cycloheptane,115,0.25550587
cycloheptane,110,0.18433759
cycloheptane,105,0.13185399
cycloheptane,100,0.09345717
cycloheptane,95,0.06560655
cycloheptane,90,0.04559016
cycloheptane,85,0.03134405
cycloheptane,80,0.02130907
cycloheptane,75,0.01431715
cycloheptane,70,0.00950124
cycloheptane,65,0.00622403
cycloheptane,60,0.00402213
cycloheptane,55,0.00256236
cycloheptane,50,0.00160812
cycloheptane,45,0.00099349
cycloheptane,40,0.00060371
cycloheptane,35,0.00036054
cycloheptane,30,0.00021141
cycloheptane,25,0.00012160
cycloheptanone,160,42.46900025
cycloheptanone,155,39.76945990
cycloheptanone,150,37.07350070
cycloheptanone,145,34.39007189
cycloheptanone,140,31.73034906
cycloheptanone,135,29.10617687
cycloheptanone,130,26.53076107
cycloheptanone,125,24.01715588
cycloheptanone,120,21.57981695
cycloheptanone,115,19.23308205
cycloheptanone,110,16.99194103
cycloheptanone,105,14.87127758
cycloheptanone,100,12.88493315
cycloheptanone,95,11.04488997
cycloheptanone,90,9.36151731
cycloheptanone,85,7.84188364
cycloheptanone,80,6.48946896
cycloheptanone,75,5.30399774
cycloheptanone,70,4.28095844
cycloheptanone,65,3.41205987
cycloheptanone,60,2.68582675
cycloheptanone,55,2.08834521
cycloheptanone,50,1.60431762
cycloheptanone,45,1.21799870
cycloheptanone,40,0.91404626
cycloheptanone,35,0.67815485
cycloheptanone,30,0.49747873
cycloheptanone,25,0.36084020
cyclohexane,160,8.04412204
cyclohexane,155,6.02282000
cyclohexane,150,4.51128694
cyclohexane,145,3.37570756
cyclohexane,140,2.52019237
cyclohexane,135,1.87504457
cyclohexane,130,1.38889005
cyclohexane,125,1.02333640
cyclohexane,120,0.74941097
cyclohexane,115,0.54507927
cyclohexane,110,0.39350270
cyclohexane,105,0.28178058
cyclohexane,100,0.20002714
cyclohexane,95,0.14067872
cyclohexane,90,0.09796722
cyclohexane,85,0.06751471
cyclohexane,80,0.04601844
cyclohexane,75,0.03100468
cyclohexane,70,0.02063593
cyclohexane,65,0.01355978
cyclohexane,60,0.00879087
cyclohexane,55,0.00561911
cyclohexane,50,0.00353874
cyclohexane,45,0.00219407
cyclohexane,40,0.00133821
cyclohexane,35,0.00080223
cyclohexane,30,0.00047226
cyclohexane,25,0.00027275
cyclohexanol,160,11.47196888
cyclohexanol,155,8.40633408
cyclohexanol,150,6.07855794
cyclohexanol,145,4.34684444
cyclohexanol,140,3.07768801
cyclohexanol,135,2.15854711
cyclohexanol,130,1.49975298
cyclohexanol,125,1.03214126
cyclohexanol,120,0.70341568
cyclohexanol,115,0.47458043
cyclohexanol,110,0.31688478
cyclohexanol,105,0.20934468
cyclohexanol,100,0.13679736
cyclohexanol,95,0.08839905
cyclohexanol,90,0.05647847
cyclohexanol,85,0.03567021
cyclohexanol,80,0.02226622
cyclohexanol,75,0.01373539
cyclohexanol,70,0.00837197
cyclohexanol,65,0.00504131
cyclohexanol,60,0.00299863
cyclohexanol,55,0.00176154
cyclohexanol,50,0.00102181
cyclohexanol,45,0.00058514
cyclohexanol,40,0.00033071
cyclohexanol,35,0.00018443
cyclohexanol,30,0.00010144
cyclohexanol,25,0.00005502
cyclohexanone,160,48.42731120
cyclohexanone,155,45.89324929
cyclohexanone,150,43.34300238
cyclohexanone,145,40.77867888
cyclohexanone,140,38.20950846
cyclohexanone,135,35.64062828
cyclohexanone,130,33.08279428
cyclohexanone,125,30.54460558
cyclohexanone,120,28.03623840
cyclohexanone,115,25.57026963
cyclohexanone,110,23.15748271
cyclohexanone,105,20.81125059
cyclohexanone,100,18.54666654
cyclohexanone,95,16.37738614
cyclohexanone,90,14.31835718
cyclohexanone,85,12.38390468
cyclohexanone,80,10.58728109
cyclohexanone,75,8.94017628
cyclohexanone,70,7.45150762
cyclohexanone,65,6.12676102
cyclohexanone,60,4.96728746
cyclohexanone,55,3.97017128
cyclohexanone,50,3.12797792
cyclohexanone,45,2.42954299
cyclohexanone,40,1.86074417
cyclohexanone,35,1.40564888
cyclohexanone,30,1.04769195
cyclohexanone,25,0.77070350
cyclohexene,160,38.72737232
cyclohexene,155,34.60135107
cyclohexene,150,30.47589387
cyclohexene,145,26.43123283
cyclohexene,140,22.55480117
cyclohexene,135,18.93168998
cyclohexene,130,15.63336837
cyclohexene,125,12.70863073
cyclohexene,120,10.17948529
cyclohexene,115,8.04243790
cyclohexene,110,6.27381090
cyclohexene,105,4.83673590
cyclohexene,100,3.68782507
cyclohexene,95,2.78241205
cyclohexene,90,2.07807410
cyclohexene,85,1.53663724
cyclohexene,80,1.12504949
cyclohexene,75,0.81550711
cyclohexene,70,0.58514155
cyclohexene,65,0.41548475
cyclohexene,60,0.29185164
cyclohexene,55,0.20272467
cyclohexene,50,0.13918380
cyclohexene,45,0.09440309
cyclohexene,40,0.06322024
cyclohexene,35,0.04177677
cyclohexene,30,0.02722316
cyclohexene,25,0.01748083
cyclohexylbenzene,160,17.47817344
cyclohexylbenzene,155,14.87890614
cyclohexylbenzene,150,12.54500699
cyclohexylbenzene,145,10.47866276
cyclohexylbenzene,140,8.67367622
cyclohexylbenzene,135,7.11695367
cyclohexylbenzene,130,5.79032263
cyclohexylbenzene,125,4.67237741
cyclohexylbenzene,120,3.74013680
cyclohexylbenzene,115,2.97040247
cyclohexylbenzene,110,2.34077549
cyclohexylbenzene,105,1.83034897
cyclohexylbenzene,100,1.42012378
cyclohexylbenzene,95,1.09320584
cyclohexylbenzene,90,0.83484281
cyclohexylbenzene,85,0.63235059
cyclohexylbenzene,80,0.47497006
cyclohexylbenzene,75,0.35368506
cyclohexylbenzene,70,0.26102365
cyclohexylbenzene,65,0.19085798
cyclohexylbenzene,60,0.13821253
cyclohexylbenzene,55,0.09908670
cyclohexylbenzene,50,0.07029481
cyclohexylbenzene,45,0.04932477
cyclohexylbenzene,40,0.03421518
cyclohexylbenzene,35,0.02345021
cyclohexylbenzene,30,0.01587060
cyclohexylbenzene,25,0.01059950
cyclohexylamine,160,43.79456891
cyclohexylamine,155,40.76126333
cyclohexylamine,150,37.68770036
cyclohexylamine,145,34.58730463
cyclohexylamine,140,31.47649821
cyclohexylamine,135,28.37579702
cyclohexylamine,130,25.30989950
cyclohexylamine,125,22.30797098
cyclohexylamine,120,19.40253586
cyclohexylamine,115,16.62934094
cyclohexylamine,110,14.02559661
cyclohexylamine,105,11.62643911
cyclohexylamine,100,9.46218686
cyclohexylamine,95,7.55499486
cyclohexylamine,90,5.91561501
cyclohexylamine,85,4.54238067
cyclohexylamine,80,3.42146684
cyclohexylamine,75,2.52936858
cyclohexylamine,70,1.83634802
cyclohexylamine,65,1.31010175
cyclohexylamine,60,0.91892533
cyclohexylamine,55,0.63390784
cyclohexylamine,50,0.43013539
cyclohexylamine,45,0.28707512
cyclohexylamine,40,0.18840681
cyclohexylamine,35,0.12154519
cyclohexylamine,30,0.07703496
cyclohexylamine,25,0.04793621
chlorocyclohexane,160,30.35894842
chlorocyclohexane,155,26.91939762
chlorocyclohexane,150,23.59447975
chlorocyclohexane,145,20.42883119
chlorocyclohexane,140,17.46513860
chlorocyclohexane,135,14.73996382
chlorocyclohexane,130,12.28041091
chlorocyclohexane,125,10.10200058
chlorocyclohexane,120,8.20802477
chlorocyclohexane,115,6.59036899
chlorocyclohexane,110,5.23170410
chlorocyclohexane,105,4.10823927
chlorocyclohexane,100,3.19257549
chlorocyclohexane,95,2.45616630
chlorocyclohexane,90,1.87120626
chlorocyclohexane,85,1.41190436
chlorocyclohexane,80,1.05520767
chlorocyclohexane,75,0.78110366
chlorocyclohexane,70,0.57262422
chlorocyclohexane,65,0.41566180
chlorocyclohexane,60,0.29868210
chlorocyclohexane,55,0.21239263
chlorocyclohexane,50,0.14940631
chlorocyclohexane,45,0.10392336
chlorocyclohexane,40,0.07144411
chlorocyclohexane,35,0.04851793
chlorocyclohexane,30,0.03252926
chlorocyclohexane,25,0.02151866
cyclooctanone,160,36.01893405
cyclooctanone,155,33.16438227
cyclooctanone,150,30.35090538
cyclooctanone,145,27.59437018
cyclooctanone,140,24.91044070
cyclooctanone,135,22.31649786
cyclooctanone,130,19.82911400
cyclooctanone,125,17.46520190
cyclooctanone,120,15.24062475
cyclooctanone,115,13.16924597
cyclooctanone,110,11.26286673
cyclooctanone,105,9.52989211
cyclooctanone,100,7.97538063
cyclooctanone,95,6.59999916
cyclooctanone,90,5.40028183
cyclooctanone,85,4.36884381
cyclooctanone,80,3.49485149
cyclooctanone,75,2.76479525
cyclooctanone,70,2.16345651
cyclooctanone,65,1.67481815
cyclooctanone,60,1.28292202
cyclooctanone,55,0.97254367
cyclooctanone,50,0.72968624
cyclooctanone,45,0.54187061
cyclooctanone,40,0.39826539
cyclooctanone,35,0.28968203
cyclooctanone,30,0.20848096
cyclooctanone,25,0.14842298
cyclopentadiene,160,100.00000000
cyclopentadiene,155,58.47331989
cyclopentadiene,150,56.15877612
cyclopentadiene,145,53.77892930
cyclopentadiene,140,51.33693176
cyclopentadiene,135,48.83618066
cyclopentadiene,130,46.27682121
cyclopentadiene,125,43.66419759
cyclopentadiene,120,41.00147125
cyclopentadiene,115,38.29596189
cyclopentadiene,110,35.55607609
cyclopentadiene,105,32.79015903
cyclopentadiene,100,30.01025914
cyclopentadiene,95,27.23244004
cyclopentadiene,90,24.47396184
cyclopentadiene,85,21.75770099
cyclopentadiene,80,19.10600905
cyclopentadiene,75,16.54800216
cyclopentadiene,70,14.11419689
cyclopentadiene,65,11.83549848
cyclopentadiene,60,9.74227770
cyclopentadiene,55,7.86117431
cyclopentadiene,50,6.21145988
cyclopentadiene,45,4.80272313
cyclopentadiene,40,3.63318897
cyclopentadiene,35,2.68968803
cyclopentadiene,30,1.94981908
cyclopentadiene,25,1.38520304
cyclopentane,160,19.86339452
cyclopentane,155,15.08600456
cyclopentane,150,11.35701632
cyclopentane,145,8.50693777
cyclopentane,140,6.34883463
cyclopentane,135,4.72149621
cyclopentane,130,3.49739637
cyclopentane,125,2.57872293
cyclopentane,120,1.89123683
cyclopentane,115,1.37864784
cyclopentane,110,0.99820345
cyclopentane,105,0.71737650
cyclopentane,100,0.51139117
cyclopentane,95,0.36137785
cyclopentane,90,0.25298998
cyclopentane,85,0.17535329
cyclopentane,80,0.12026243
cyclopentane,75,0.08156181
cyclopentane,70,0.05466585
cyclopentane,65,0.03618620
cyclopentane,60,0.02364198
cyclopentane,55,0.01523507
cyclopentane,50,0.00967646
cyclopentane,45,0.00605308
cyclopentane,40,0.00372635
cyclopentane,35,0.00225566
cyclopentane,30,0.00134142
cyclopentane,25,0.00078297
cyclopentanone,160,53.55313254
cyclopentanone,155,51.13192424
cyclopentanone,150,48.67539680
cyclopentanone,145,46.18793757
cyclopentanone,140,43.67429498
cyclopentanone,135,41.13815881
cyclopentanone,130,38.58962844
cyclopentanone,125,36.03366825
cyclopentanone,120,33.48032789
cyclopentanone,115,30.93677293
cyclopentanone,110,28.41495135
cyclopentanone,105,25.92621630
cyclopentanone,100,23.48305684
cyclopentanone,95,21.10093491
cyclopentanone,90,18.79196174
cyclopentanone,85,16.57384388
cyclopentanone,80,14.46271476
cyclopentanone,75,12.47439420
cyclopentanone,70,10.62462383
cyclopentanone,65,8.92734902
cyclopentanone,60,7.39381438
cyclopentanone,55,6.03176979
cyclopentanone,50,4.84400276
cyclopentanone,45,3.82842305
cyclopentanone,40,2.97748160
cyclopentanone,35,2.27901951
cyclopentanone,30,1.71731743
cyclopentanone,25,1.27447557
cyclopentene,160,51.72758482
cyclopentene,155,48.40195362
cyclopentene,150,44.94558720
cyclopentene,145,41.37345834
cyclopentene,140,37.70906513
cyclopentene,135,33.98499098
cyclopentene,130,30.24352881
cyclopentene,125,26.53882393
cyclopentene,120,22.93289824
cyclopentene,115,19.49255249
cyclopentene,110,16.28357412
cyclopentene,105,13.36282003
cyclopentene,100,10.77205430
cyclopentene,95,8.53293722
cyclopentene,90,6.64627967
cyclopentene,85,5.09448590
cyclopentene,80,3.84634621
cyclopentene,75,2.86276326
cyclopentene,70,2.10193213
cyclopentene,65,1.52328821
cyclopentene,60,1.09000747
cyclopentene,55,0.77025771
cyclopentene,50,0.53753243
cyclopentene,45,0.37040227
cyclopentene,40,0.25195618
cyclopentene,35,0.16911886
cyclopentene,30,0.11196062
cyclopentene,25,0.07306299
cyclopentyl-methyl-ether,160,38.60034359
cyclopentyl-methyl-ether,155,35.29738979
cyclopentyl-methyl-ether,150,32.01392487
cyclopentyl-methyl-ether,145,28.77782814
cyclopentyl-methyl-ether,140,25.62138671
cyclopentyl-methyl-ether,135,22.57696165
cyclopentyl-methyl-ether,130,19.67748417
cyclopentyl-methyl-ether,125,16.95365163
cyclopentyl-methyl-ether,120,14.43269138
cyclopentyl-methyl-ether,115,12.13606006
cyclopentyl-methyl-ether,110,10.07781971
cyclopentyl-methyl-ether,105,8.26409591
cyclopentyl-methyl-ether,100,6.69275018
cyclopentyl-methyl-ether,95,5.35403379
cyclopentyl-methyl-ether,90,4.23202939
cyclopentyl-methyl-ether,85,3.30635123
cyclopentyl-methyl-ether,80,2.55403913
cyclopentyl-methyl-ether,75,1.95127093
cyclopentyl-methyl-ether,70,1.47479111
cyclopentyl-methyl-ether,65,1.10292666
cyclopentyl-methyl-ether,60,0.81622916
cyclopentyl-methyl-ether,55,0.59777358
cyclopentyl-methyl-ether,50,0.43320566
cyclopentyl-methyl-ether,45,0.31061562
cyclopentyl-methyl-ether,40,0.22030813
cyclopentyl-methyl-ether,35,0.15452260
cyclopentyl-methyl-ether,30,0.10714100
cyclopentyl-methyl-ether,25,0.07340803
cyclopropane,160,100.00000000
cyclopropane,155,100.00000000
cyclopropane,150,66.87606480
cyclopropane,145,64.68693221
cyclopropane,140,62.38464462
cyclopropane,135,59.96590854
cyclopropane,130,57.42585038
cyclopropane,125,54.76044443
cyclopropane,120,51.96755808
cyclopropane,115,49.04479852
cyclopropane,110,45.99351147
cyclopropane,105,42.81880545
cyclopropane,100,39.52843239
cyclopropane,95,36.13640810
cyclopropane,90,32.66384318
cyclopropane,85,29.14336026
cyclopropane,80,25.61253964
cyclopropane,75,22.12474855
cyclopropane,70,18.74173535
cyclopropane,65,15.53250636
cyclopropane,60,12.56819384
cyclopropane,55,9.91306414
cyclopropane,50,7.61429360
cyclopropane,45,5.69489259
cyclopropane,40,4.15007109
cyclopropane,35,2.95039951
cyclopropane,30,2.04940837
cyclopropane,25,1.39306315
1-cyclopropylethanone,160,52.86100355
1-cyclopropylethanone,155,50.34837052
1-cyclopropylethanone,150,47.79307920
1-cyclopropylethanone,145,45.19754193
1-cyclopropylethanone,140,42.56986276
1-cyclopropylethanone,135,39.91465293
1-cyclopropylethanone,130,37.24044637
1-cyclopropylethanone,125,34.55661080
1-cyclopropylethanone,120,31.87321427
1-cyclopropylethanone,115,29.20211677
1-cyclopropylethanone,110,26.55766423
1-cyclopropylethanone,105,23.95532772
1-cyclopropylethanone,100,21.41223569
1-cyclopropylethanone,95,18.94861069
1-cyclopropylethanone,90,16.58395999
1-cyclopropylethanone,85,14.33993816
1-cyclopropylethanone,80,12.23733677
1-cyclopropylethanone,75,10.29578763
1-cyclopropylethanone,70,8.53221229
1-cyclopropylethanone,65,6.95908786
1-cyclopropylethanone,60,5.58311899
1-cyclopropylethanone,55,4.40458158
1-cyclopropylethanone,50,3.41666717
1-cyclopropylethanone,45,2.60645708
1-cyclopropylethanone,40,1.95615689
1-cyclopropylethanone,35,1.44497681
1-cyclopropylethanone,30,1.05106761
1-cyclopropylethanone,25,0.75318237
cyclopropanecarbonitrile,160,53.28460703
cyclopropanecarbonitrile,155,50.13963293
cyclopropanecarbonitrile,150,46.88272995
cyclopropanecarbonitrile,145,43.52689135
cyclopropanecarbonitrile,140,40.09027046
cyclopropanecarbonitrile,135,36.59624975
cyclopropanecarbonitrile,130,33.07468171
cyclopropanecarbonitrile,125,29.56185859
cyclopropanecarbonitrile,120,26.09899950
cyclopropanecarbonitrile,115,22.73231488
cyclopropanecarbonitrile,110,19.51075136
cyclopropanecarbonitrile,105,16.48254083
cyclopropanecarbonitrile,100,13.69197401
cyclopropanecarbonitrile,95,11.17532829
cyclopropanecarbonitrile,90,8.95802422
cyclopropanecarbonitrile,85,7.05117053
cyclopropanecarbonitrile,80,5.45128472
cyclopropanecarbonitrile,75,4.14142986
cyclopropanecarbonitrile,70,3.09406828
cyclopropanecarbonitrile,65,2.27509215
cyclopropanecarbonitrile,60,1.64786227
cyclopropanecarbonitrile,55,1.17657766
cyclopropanecarbonitrile,50,0.82863132
cyclopropanecarbonitrile,45,0.57587882
cyclopropanecarbonitrile,40,0.39503976
cyclopropanecarbonitrile,35,0.26750254
cyclopropanecarbonitrile,30,0.17879843
cyclopropanecarbonitrile,25,0.11794013
ddt,160,7.74782327
ddt,155,6.53235752
ddt,150,5.47461609
ddt,145,4.56087219
ddt,140,3.77715729
ddt,135,3.10964705
ddt,130,2.54497915
ddt,125,2.07049493
ddt,120,1.67440894
ddt,115,1.34591456
ddt,110,1.07523567
ddt,105,0.85363439
ddt,100,0.67338690
ddt,95,0.52773374
ddt,90,0.41081477
ddt,85,0.31759420
ddt,80,0.24378081
ddt,75,0.18574749
ddt,70,0.14045257
ddt,65,0.10536525
ddt,60,0.07839606
ddt,55,0.05783342
ddt,50,0.04228633
ddt,45,0.03063346
ddt,40,0.02197833
ddt,35,0.01561034
ddt,30,0.01097119
ddt,25,0.00762624
decamethylcyclopentasiloxane,160,1.74868255
decamethylcyclopentasiloxane,155,1.41086812
decamethylcyclopentasiloxane,150,1.13387932
decamethylcyclopentasiloxane,145,0.90742743
decamethylcyclopentasiloxane,140,0.72291234
decamethylcyclopentasiloxane,135,0.57313044
decamethylcyclopentasiloxane,130,0.45204649
decamethylcyclopentasiloxane,125,0.35460355
decamethylcyclopentasiloxane,120,0.27656808
decamethylcyclopentasiloxane,115,0.21440154
decamethylcyclopentasiloxane,110,0.16515322
decamethylcyclopentasiloxane,105,0.12636988
decamethylcyclopentasiloxane,100,0.09601933
decamethylcyclopentasiloxane,95,0.07242518
decamethylcyclopentasiloxane,90,0.05421122
decamethylcyclopentasiloxane,85,0.04025361
decamethylcyclopentasiloxane,80,0.02963999
decamethylcyclopentasiloxane,75,0.02163432
decamethylcyclopentasiloxane,70,0.01564686
decamethylcyclopentasiloxane,65,0.01120852
decamethylcyclopentasiloxane,60,0.00794904
decamethylcyclopentasiloxane,55,0.00557861
decamethylcyclopentasiloxane,50,0.00387229
decamethylcyclopentasiloxane,45,0.00265714
decamethylcyclopentasiloxane,40,0.00180148
decamethylcyclopentasiloxane,35,0.00120603
decamethylcyclopentasiloxane,30,0.00079676
decamethylcyclopentasiloxane,25,0.00051910
n-decane,160,0.88927419
n-decane,155,0.68626010
n-decane,150,0.52682176
n-decane,145,0.40213029
n-decane,140,0.30507969
n-decane,135,0.22994582
n-decane,130,0.17211949
n-decane,125,0.12789567
n-decane,120,0.09430449
n-decane,115,0.06897441
n-decane,110,0.05002060
n-decane,105,0.03595318
n-decane,100,0.02560179
n-decane,95,0.01805341
n-decane,90,0.01260108
n-decane,85,0.00870183
n-decane,80,0.00594228
n-decane,75,0.00401061
n-decane,70,0.00267390
n-decane,65,0.00175997
n-decane,60,0.00114294
n-decane,55,0.00073185
n-decane,50,0.00046174
n-decane,45,0.00028684
n-decane,40,0.00017531
n-decane,35,0.00010532
n-decane,30,0.00006215
n-decane,25,0.00003598
bis(4-methylphenyl)sulfoxide,160,16.14320721
bis(4-methylphenyl)sulfoxide,155,14.02141123
bis(4-methylphenyl)sulfoxide,150,12.08070680
bis(4-methylphenyl)sulfoxide,145,10.32339013
bis(4-methylphenyl)sulfoxide,140,8.74856114
bis(4-methylphenyl)sulfoxide,135,7.35202804
bis(4-methylphenyl)sulfoxide,130,6.12669016
bis(4-methylphenyl)sulfoxide,125,5.06290753
bis(4-methylphenyl)sulfoxide,120,4.14902353
bis(4-methylphenyl)sulfoxide,115,3.37199405
bis(4-methylphenyl)sulfoxide,110,2.71797638
bis(4-methylphenyl)sulfoxide,105,2.17290634
bis(4-methylphenyl)sulfoxide,100,1.72299251
bis(4-methylphenyl)sulfoxide,95,1.35509805
bis(4-methylphenyl)sulfoxide,90,1.05702875
bis(4-methylphenyl)sulfoxide,85,0.81770967
bis(4-methylphenyl)sulfoxide,80,0.62727474
bis(4-methylphenyl)sulfoxide,75,0.47708405
bis(4-methylphenyl)sulfoxide,70,0.35968667
bis(4-methylphenyl)sulfoxide,65,0.26874585
bis(4-methylphenyl)sulfoxide,60,0.19894131
bis(4-methylphenyl)sulfoxide,55,0.14585923
bis(4-methylphenyl)sulfoxide,50,0.10587926
bis(4-methylphenyl)sulfoxide,45,0.07606428
bis(4-methylphenyl)sulfoxide,40,0.05405683
bis(4-methylphenyl)sulfoxide,35,0.03798479
bis(4-methylphenyl)sulfoxide,30,0.02637723
bis(4-methylphenyl)sulfoxide,25,0.01809094
dcip,160,18.63241164
dcip,155,15.92325377
dcip,150,13.45684827
dcip,145,11.24714727
dcip,140,9.29878780
dcip,135,7.60736028
dcip,130,6.16066542
dcip,125,4.94053862
dcip,120,3.92492079
dcip,115,3.08981354
dcip,110,2.41092777
dcip,105,1.86491621
dcip,100,1.43019849
dcip,95,1.08742854
dcip,90,0.81968503
dcip,85,0.61246456
dcip,80,0.45354716
dcip,75,0.33278806
dcip,70,0.24187539
dcip,65,0.17408025
dcip,60,0.12401612
dcip,55,0.08741725
dcip,50,0.06094098
dcip,45,0.04199536
dcip,40,0.02859186
dcip,35,0.01922144
dcip,30,0.01275165
dcip,25,0.00834260
di-(2-chloroethoxy)methane,160,7.20434328
di-(2-chloroethoxy)methane,155,5.64084015
di-(2-chloroethoxy)methane,150,4.38899943
di-(2-chloroethoxy)methane,145,3.39457230
di-(2-chloroethoxy)methane,140,2.60996262
di-(2-chloroethoxy)methane,135,1.99469258
di-(2-chloroethoxy)methane,130,1.51505534
di-(2-chloroethoxy)methane,125,1.14334936
di-(2-chloroethoxy)methane,120,0.85702671
di-(2-chloroethoxy)methane,115,0.63786081
di-(2-chloroethoxy)methane,110,0.47121070
di-(2-chloroethoxy)methane,105,0.34537887
di-(2-chloroethoxy)methane,100,0.25107024
di-(2-chloroethoxy)methane,95,0.18094040
di-(2-chloroethoxy)methane,90,0.12922106
di-(2-chloroethoxy)methane,85,0.09141127
di-(2-chloroethoxy)methane,80,0.06402359
di-(2-chloroethoxy)methane,75,0.04437646
di-(2-chloroethoxy)methane,70,0.03042488
di-(2-chloroethoxy)methane,65,0.02062298
di-(2-chloroethoxy)methane,60,0.01381319
di-(2-chloroethoxy)methane,55,0.00913733
di-(2-chloroethoxy)methane,50,0.00596594
di-(2-chloroethoxy)methane,45,0.00384247
di-(2-chloroethoxy)methane,40,0.00243972
di-(2-chloroethoxy)methane,35,0.00152607
di-(2-chloroethoxy)methane,30,0.00093974
di-(2-chloroethoxy)methane,25,0.00056927
bis(2-chloroethyl)ether,160,13.79658771
bis(2-chloroethyl)ether,155,11.00949463
bis(2-chloroethyl)ether,150,8.67896870
bis(2-chloroethyl)ether,145,6.77002215
bis(2-chloroethyl)ether,140,5.23222424
bis(2-chloroethyl)ether,135,4.00996282
bis(2-chloroethyl)ether,130,3.04921792
bis(2-chloroethyl)ether,125,2.30116283
bis(2-chloroethyl)ether,120,1.72363387
bis(2-chloroethyl)ether,115,1.28127917
bis(2-chloroethyl)ether,110,0.94505993
bis(2-chloroethyl)ether,105,0.69146864
bis(2-chloroethyl)ether,100,0.50169477
bis(2-chloroethyl)ether,95,0.36082657
bis(2-chloroethyl)ether,90,0.25714198
bis(2-chloroethyl)ether,85,0.18149934
bis(2-chloroethyl)ether,80,0.12682553
bis(2-chloroethyl)ether,75,0.08769214
bis(2-chloroethyl)ether,70,0.05996811
bis(2-chloroethyl)ether,65,0.04053778
bis(2-chloroethyl)ether,60,0.02707343
bis(2-chloroethyl)ether,55,0.01785350
bis(2-chloroethyl)ether,50,0.01161826
bis(2-chloroethyl)ether,45,0.00745632
bis(2-chloroethyl)ether,40,0.00471615
bis(2-chloroethyl)ether,35,0.00293783
bis(2-chloroethyl)ether,30,0.00180103
bis(2-chloroethyl)ether,25,0.00108576
diglyme,160,36.31910952
diglyme,155,33.65588159
diglyme,150,31.03552360
diglyme,145,28.46968201
diglyme,140,25.96971797
diglyme,135,23.54620187
diglyme,130,21.21156113
diglyme,125,18.97643558
diglyme,120,16.85228937
diglyme,115,14.84893884
diglyme,110,12.97572844
diglyme,105,11.24043540
diglyme,100,9.64875270
diglyme,95,8.20441452
diglyme,90,6.90847531
diglyme,85,5.75957106
diglyme,80,4.75346767
diglyme,75,3.88345763
diglyme,70,3.14068536
diglyme,65,2.51457645
diglyme,60,1.99339194
diglyme,55,1.56485164
diglyme,50,1.21666788
diglyme,45,0.93702228
diglyme,40,0.71491324
diglyme,35,0.54039528
diglyme,30,0.40469763
diglyme,25,0.30025720
2-ethyl-n-(2-ethylhexyl)-1-hexanamine,160,1.04276968
2-ethyl-n-(2-ethylhexyl)-1-hexanamine,155,0.82551977
2-ethyl-n-(2-ethylhexyl)-1-hexanamine,150,0.65042735
2-ethyl-n-(2-ethylhexyl)-1-hexanamine,145,0.50986320
2-ethyl-n-(2-ethylhexyl)-1-hexanamine,140,0.39750985
2-ethyl-n-(2-ethylhexyl)-1-hexanamine,135,0.30813409
2-ethyl-n-(2-ethylhexyl)-1-hexanamine,130,0.23740435
2-ethyl-n-(2-ethylhexyl)-1-hexanamine,125,0.18174154
2-ethyl-n-(2-ethylhexyl)-1-hexanamine,120,0.13819582
2-ethyl-n-(2-ethylhexyl)-1-hexanamine,115,0.10434397
2-ethyl-n-(2-ethylhexyl)-1-hexanamine,110,0.07820336
2-ethyl-n-(2-ethylhexyl)-1-hexanamine,105,0.05815928
2-ethyl-n-(2-ethylhexyl)-1-hexanamine,100,0.04290359
2-ethyl-n-(2-ethylhexyl)-1-hexanamine,95,0.03138262
2-ethyl-n-(2-ethylhexyl)-1-hexanamine,90,0.02275304
2-ethyl-n-(2-ethylhexyl)-1-hexanamine,85,0.01634446
2-ethyl-n-(2-ethylhexyl)-1-hexanamine,80,0.01162790
2-ethyl-n-(2-ethylhexyl)-1-hexanamine,75,0.00818918
2-ethyl-n-(2-ethylhexyl)-1-hexanamine,70,0.00570674
2-ethyl-n-(2-ethylhexyl)-1-hexanamine,65,0.00393307
2-ethyl-n-(2-ethylhexyl)-1-hexanamine,60,0.00267947
2-ethyl-n-(2-ethylhexyl)-1-hexanamine,55,0.00180344
2-ethyl-n-(2-ethylhexyl)-1-hexanamine,50,0.00119851
2-ethyl-n-(2-ethylhexyl)-1-hexanamine,45,0.00078596
2-ethyl-n-(2-ethylhexyl)-1-hexanamine,40,0.00050827
2-ethyl-n-(2-ethylhexyl)-1-hexanamine,35,0.00032390
2-ethyl-n-(2-ethylhexyl)-1-hexanamine,30,0.00020326
2-ethyl-n-(2-ethylhexyl)-1-hexanamine,25,0.00012550
"2,6-dimethyl-4-heptanol",160,6.57551104
"2,6-dimethyl-4-heptanol",155,5.04181300
"2,6-dimethyl-4-heptanol",150,3.83388722
"2,6-dimethyl-4-heptanol",145,2.89137745
"2,6-dimethyl-4-heptanol",140,2.16236132
"2,6-dimethyl-4-heptanol",135,1.60326371
"2,6-dimethyl-4-heptanol",130,1.17814578
"2,6-dimethyl-4-heptanol",125,0.85774155
"2,6-dimethyl-4-heptanol",120,0.61846011
"2,6-dimethyl-4-heptanol",115,0.44146443
"2,6-dimethyl-4-heptanol",110,0.31184565
"2,6-dimethyl-4-heptanol",105,0.21791043
"2,6-dimethyl-4-heptanol",100,0.15057412
"2,6-dimethyl-4-heptanol",95,0.10284955
"2,6-dimethyl-4-heptanol",90,0.06942030
"2,6-dimethyl-4-heptanol",85,0.04628719
"2,6-dimethyl-4-heptanol",80,0.03047813
"2,6-dimethyl-4-heptanol",75,0.01981231
"2,6-dimethyl-4-heptanol",70,0.01271068
"2,6-dimethyl-4-heptanol",65,0.00804552
"2,6-dimethyl-4-heptanol",60,0.00502288
"2,6-dimethyl-4-heptanol",55,0.00309184
"2,6-dimethyl-4-heptanol",50,0.00187581
"2,6-dimethyl-4-heptanol",45,0.00112123
"2,6-dimethyl-4-heptanol",40,0.00066001
"2,6-dimethyl-4-heptanol",35,0.00038241
"2,6-dimethyl-4-heptanol",30,0.00021798
"2,6-dimethyl-4-heptanol",25,0.00012216
"2,6-dimethyl-4-heptanone",160,20.08057154
"2,6-dimethyl-4-heptanone",155,17.27241900
"2,6-dimethyl-4-heptanone",150,14.71502513
"2,6-dimethyl-4-heptanone",145,12.41799169
"2,6-dimethyl-4-heptanone",140,10.38249759
"2,6-dimethyl-4-heptanone",135,8.60215240
"2,6-dimethyl-4-heptanone",130,7.06432358
"2,6-dimethyl-4-heptanone",125,5.75167298
"2,6-dimethyl-4-heptanone",120,4.64379020
"2,6-dimethyl-4-heptanone",115,3.71866524
"2,6-dimethyl-4-heptanone",110,2.95393940
"2,6-dimethyl-4-heptanone",105,2.32787728
"2,6-dimethyl-4-heptanone",100,1.82005852
"2,6-dimethyl-4-heptanone",95,1.41181694
"2,6-dimethyl-4-heptanone",90,1.08647296
"2,6-dimethyl-4-heptanone",85,0.82940357
"2,6-dimethyl-4-heptanone",80,0.62799831
"2,6-dimethyl-4-heptanone",75,0.47153831
"2,6-dimethyl-4-heptanone",70,0.35102977
"2,6-dimethyl-4-heptanone",65,0.25901499
"2,6-dimethyl-4-heptanone",60,0.18937783
"2,6-dimethyl-4-heptanone",55,0.13715455
"2,6-dimethyl-4-heptanone",50,0.09835724
"2,6-dimethyl-4-heptanone",45,0.06981365
"2,6-dimethyl-4-heptanone",40,0.04902526
"2,6-dimethyl-4-heptanone",35,0.03404372
"2,6-dimethyl-4-heptanone",30,0.02336509
"2,6-dimethyl-4-heptanone",25,0.01584055
diisodecyl-phthalate,160,2.33957040
diisodecyl-phthalate,155,1.91484144
diisodecyl-phthalate,150,1.56030668
diisodecyl-phthalate,145,1.26555927
diisodecyl-phthalate,140,1.02155554
diisodecyl-phthalate,135,0.82045875
diisodecyl-phthalate,130,0.65549852
diisodecyl-phthalate,125,0.52084471
diisodecyl-phthalate,120,0.41149448
diisodecyl-phthalate,115,0.32317111
diisodecyl-phthalate,110,0.25223376
diisodecyl-phthalate,105,0.19559627
diisodecyl-phthalate,100,0.15065519
diisodecyl-phthalate,95,0.11522528
diisodecyl-phthalate,90,0.08748218
diisodecyl-phthalate,85,0.06591147
diisodecyl-phthalate,80,0.04926364
diisodecyl-phthalate,75,0.03651428
diisodecyl-phthalate,70,0.02682922
diisodecyl-phthalate,65,0.01953404
diisodecyl-phthalate,60,0.01408751
diisodecyl-phthalate,55,0.01005875
diisodecyl-phthalate,50,0.00710752
diisodecyl-phthalate,45,0.00496755
diisodecyl-phthalate,40,0.00343232
diisodecyl-phthalate,35,0.00234321
diisodecyl-phthalate,30,0.00157962
diisodecyl-phthalate,25,0.00105084
"1,2-benzenedicarboxylicaciddiisononylester",160,2.93681977
"1,2-benzenedicarboxylicaciddiisononylester",155,2.41122730
"1,2-benzenedicarboxylicaciddiisononylester",150,1.97078343
"1,2-benzenedicarboxylicaciddiisononylester",145,1.60327122
"1,2-benzenedicarboxylicaciddiisononylester",140,1.29797046
"1,2-benzenedicarboxylicaciddiisononylester",135,1.04551424
"1,2-benzenedicarboxylicaciddiisononylester",130,0.83775188
"1,2-benzenedicarboxylicaciddiisononylester",125,0.66762041
"1,2-benzenedicarboxylicaciddiisononylester",120,0.52902517
"1,2-benzenedicarboxylicaciddiisononylester",115,0.41672990
"1,2-benzenedicarboxylicaciddiisononylester",110,0.32625614
"1,2-benzenedicarboxylicaciddiisononylester",105,0.25379171
"1,2-benzenedicarboxylicaciddiisononylester",100,0.19610754
"1,2-benzenedicarboxylicaciddiisononylester",95,0.15048282
"1,2-benzenedicarboxylicaciddiisononylester",90,0.11463749
"1,2-benzenedicarboxylicaciddiisononylester",85,0.08667189
"1,2-benzenedicarboxylicaciddiisononylester",80,0.06501284
"1,2-benzenedicarboxylicaciddiisononylester",75,0.04836588
"1,2-benzenedicarboxylicaciddiisononylester",70,0.03567299
"1,2-benzenedicarboxylicaciddiisononylester",65,0.02607550
"1,2-benzenedicarboxylicaciddiisononylester",60,0.01888170
"1,2-benzenedicarboxylicaciddiisononylester",55,0.01353871
"1,2-benzenedicarboxylicaciddiisononylester",50,0.00960819
"1,2-benzenedicarboxylicaciddiisononylester",45,0.00674562
"1,2-benzenedicarboxylicaciddiisononylester",40,0.00468268
"1,2-benzenedicarboxylicaciddiisononylester",35,0.00321232
"1,2-benzenedicarboxylicaciddiisononylester",30,0.00217640
"1,2-benzenedicarboxylicaciddiisononylester",25,0.00145540
diisopropylsulfoxide,160,40.37657811
diisopropylsulfoxide,155,37.94173542
diisopropylsulfoxide,150,35.52767043
diisopropylsulfoxide,145,33.14281104
diisopropylsulfoxide,140,30.79126090
diisopropylsulfoxide,135,28.48088332
diisopropylsulfoxide,130,26.21777538
diisopropylsulfoxide,125,24.01006319
diisopropylsulfoxide,120,21.86343493
diisopropylsulfoxide,115,19.78707208
diisopropylsulfoxide,110,17.78942843
diisopropylsulfoxide,105,15.87856883
diisopropylsulfoxide,100,14.06230709
diisopropylsulfoxide,95,12.34923616
diisopropylsulfoxide,90,10.74690135
diisopropylsulfoxide,85,9.26196292
diisopropylsulfoxide,80,7.90000418
diisopropylsulfoxide,75,6.66520511
diisopropylsulfoxide,70,5.55950209
diisopropylsulfoxide,65,4.58249750
diisopropylsulfoxide,60,3.73146681
diisopropylsulfoxide,55,3.00104163
diisopropylsulfoxide,50,2.38359494
diisopropylsulfoxide,45,1.86965348
diisopropylsulfoxide,40,1.44837940
diisopropylsulfoxide,35,1.10825914
diisopropylsulfoxide,30,0.83769449
diisopropylsulfoxide,25,0.62553913
di-n-butylether,160,14.22171414
di-n-butylether,155,11.79159676
di-n-butylether,150,9.69788768
di-n-butylether,145,7.91518520
di-n-butylether,140,6.41326720
di-n-butylether,135,5.15996589
di-n-butylether,130,4.12327660
di-n-butylether,125,3.27273840
di-n-butylether,120,2.58029818
di-n-butylether,115,2.02073712
di-n-butylether,110,1.57181312
di-n-butylether,105,1.21421108
di-n-butylether,100,0.93137426
di-n-butylether,95,0.70926913
di-n-butylether,90,0.53611956
di-n-butylether,85,0.40213438
di-n-butylether,80,0.29924287
di-n-butylether,75,0.22084787
di-n-butylether,70,0.16160066
di-n-butylether,65,0.11719996
di-n-butylether,60,0.08421516
di-n-butylether,55,0.05993298
di-n-butylether,50,0.04222583
di-n-butylether,45,0.02944021
di-n-butylether,40,0.02030282
di-n-butylether,35,0.01384254
di-n-butylether,30,0.00932606
di-n-butylether,25,0.00620540
"1,1'-sulfinylbisbutane",160,30.68335530
"1,1'-sulfinylbisbutane",155,28.04832821
"1,1'-sulfinylbisbutane",150,25.48088052
"1,1'-sulfinylbisbutane",145,22.99444154
"1,1'-sulfinylbisbutane",140,20.60097797
"1,1'-sulfinylbisbutane",135,18.31422659
"1,1'-sulfinylbisbutane",130,16.14610721
"1,1'-sulfinylbisbutane",125,14.10918022
"1,1'-sulfinylbisbutane",120,12.21385870
"1,1'-sulfinylbisbutane",115,10.46912419
"1,1'-sulfinylbisbutane",110,8.88134236
"1,1'-sulfinylbisbutane",105,7.45428270
"1,1'-sulfinylbisbutane",100,6.18823085
"1,1'-sulfinylbisbutane",95,5.08013590
"1,1'-sulfinylbisbutane",90,4.12371440
"1,1'-sulfinylbisbutane",85,3.30976048
"1,1'-sulfinylbisbutane",80,2.62672353
"1,1'-sulfinylbisbutane",75,2.06145188
"1,1'-sulfinylbisbutane",70,1.59997724
"1,1'-sulfinylbisbutane",65,1.22820611
"1,1'-sulfinylbisbutane",60,0.93253982
"1,1'-sulfinylbisbutane",55,0.70033231
"1,1'-sulfinylbisbutane",50,0.52018368
"1,1'-sulfinylbisbutane",45,0.38209486
"1,1'-sulfinylbisbutane",40,0.27749958
"1,1'-sulfinylbisbutane",35,0.19921076
"1,1'-sulfinylbisbutane",30,0.14131013
"1,1'-sulfinylbisbutane",25,0.09900631
di-n-pentylether,160,6.04357498
di-n-pentylether,155,4.87389601
di-n-pentylether,150,3.91210616
di-n-pentylether,145,3.12496111
di-n-pentylether,140,2.48375601
di-n-pentylether,135,1.96390814
di-n-pentylether,130,1.54450361
di-n-pentylether,125,1.20784880
di-n-pentylether,120,0.93904316
di-n-pentylether,115,0.72559816
di-n-pentylether,110,0.55709306
di-n-pentylether,105,0.42487272
di-n-pentylether,100,0.32178316
di-n-pentylether,95,0.24194134
di-n-pentylether,90,0.18053569
di-n-pentylether,85,0.13365360
di-n-pentylether,80,0.09813305
di-n-pentylether,75,0.07143535
di-n-pentylether,70,0.05153634
di-n-pentylether,65,0.03683395
di-n-pentylether,60,0.02607000
di-n-pentylether,55,0.01826445
di-n-pentylether,50,0.01266049
di-n-pentylether,45,0.00867896
di-n-pentylether,40,0.00588089
di-n-pentylether,35,0.00393684
di-n-pentylether,30,0.00260221
di-n-pentylether,25,0.00169735
di-n-propylether,160,31.08431152
di-n-propylether,155,27.55554344
di-n-propylether,150,24.17019821
di-n-propylether,145,20.96994000
di-n-propylether,140,17.99110622
di-n-propylether,135,15.26221543
di-n-propylether,130,12.80216117
di-n-propylether,125,10.61969774
di-n-propylether,120,8.71361869
di-n-propylether,115,7.07400835
di-n-propylether,110,5.68394190
di-n-propylether,105,4.52156896
di-n-propylether,100,3.56217261
di-n-propylether,95,2.77997084
di-n-propylether,90,2.14959212
di-n-propylether,85,1.64712742
di-n-propylether,80,1.25080732
di-n-propylether,75,0.94135668
di-n-propylether,70,0.70210099
di-n-propylether,65,0.51889719
di-n-propylether,60,0.37995301
di-n-propylether,55,0.27558340
di-n-propylether,50,0.19794184
di-n-propylether,45,0.14075081
di-n-propylether,40,0.09904718
di-n-propylether,35,0.06895140
di-n-propylether,30,0.04746454
di-n-propylether,25,0.03229387
"1,1'-sulfinylbispropane",160,38.15665259
"1,1'-sulfinylbispropane",155,35.53571293
"1,1'-sulfinylbispropane",150,32.93832681
"1,1'-sulfinylbispropane",145,30.37396102
"1,1'-sulfinylbispropane",140,27.85279398
"1,1'-sulfinylbispropane",135,25.38465514
"1,1'-sulfinylbispropane",130,22.98155448
"1,1'-sulfinylbispropane",125,20.65521588
"1,1'-sulfinylbispropane",120,18.41834730
"1,1'-sulfinylbispropane",115,16.28341051
"1,1'-sulfinylbispropane",110,14.26308677
"1,1'-sulfinylbispropane",105,12.36975012
"1,1'-sulfinylbispropane",100,10.61445014
"1,1'-sulfinylbispropane",95,9.00619215
"1,1'-sulfinylbispropane",90,7.55180286
"1,1'-sulfinylbispropane",85,6.25485706
"1,1'-sulfinylbispropane",80,5.11558024
"1,1'-sulfinylbispropane",75,4.13025852
"1,1'-sulfinylbispropane",70,3.29172211
"1,1'-sulfinylbispropane",65,2.58963222
"1,1'-sulfinylbispropane",60,2.01122412
"1,1'-sulfinylbispropane",55,1.54224432
"1,1'-sulfinylbispropane",50,1.16784222
"1,1'-sulfinylbispropane",45,0.87340033
"1,1'-sulfinylbispropane",40,0.64517627
"1,1'-sulfinylbispropane",35,0.47074592
"1,1'-sulfinylbispropane",30,0.33924035
"1,1'-sulfinylbispropane",25,0.24141864
"2,2'-oxybis-butane",160,12.81285131
"2,2'-oxybis-butane",155,10.50955463
"2,2'-oxybis-butane",150,8.55754044
"2,2'-oxybis-butane",145,6.92057230
"2,2'-oxybis-butane",140,5.56031725
"2,2'-oxybis-butane",135,4.43919659
"2,2'-oxybis-butane",130,3.52204364
"2,2'-oxybis-butane",125,2.77698143
"2,2'-oxybis-butane",120,2.17577310
"2,2'-oxybis-butane",115,1.69381963
"2,2'-oxybis-butane",110,1.30998389
"2,2'-oxybis-butane",105,1.00629846
"2,2'-oxybis-butane",100,0.76763269
"2,2'-oxybis-butane",95,0.58135077
"2,2'-oxybis-butane",90,0.43698178
"2,2'-oxybis-butane",85,0.32591279
"2,2'-oxybis-butane",80,0.24111060
"2,2'-oxybis-butane",75,0.17687360
"2,2'-oxybis-butane",70,0.12861386
"2,2'-oxybis-butane",65,0.09266761
"2,2'-oxybis-butane",60,0.06613201
"2,2'-oxybis-butane",55,0.04672588
"2,2'-oxybis-butane",50,0.03267185
"2,2'-oxybis-butane",45,0.02259736
"2,2'-oxybis-butane",40,0.01545239
"2,2'-oxybis-butane",35,0.01044146
"2,2'-oxybis-butane",30,0.00696811
"2,2'-oxybis-butane",25,0.00458989
4-oh-4-me-2-pentanone,160,33.50581875
4-oh-4-me-2-pentanone,155,30.22101993
4-oh-4-me-2-pentanone,150,27.00292884
4-oh-4-me-2-pentanone,145,23.88379337
4-oh-4-me-2-pentanone,140,20.89727457
4-oh-4-me-2-pentanone,135,18.07577558
4-oh-4-me-2-pentanone,130,15.44933731
4-oh-4-me-2-pentanone,125,13.04253165
4-oh-4-me-2-pentanone,120,10.87313625
4-oh-4-me-2-pentanone,115,8.95083643
4-oh-4-me-2-pentanone,110,7.27661658
4-oh-4-me-2-pentanone,105,5.84316117
4-oh-4-me-2-pentanone,100,4.63611448
4-oh-4-me-2-pentanone,95,3.63587581
4-oh-4-me-2-pentanone,90,2.81952742
4-oh-4-me-2-pentanone,85,2.16276069
4-oh-4-me-2-pentanone,80,1.64147724
4-oh-4-me-2-pentanone,75,1.23296937
4-oh-4-me-2-pentanone,70,0.91668729
4-oh-4-me-2-pentanone,65,0.67462707
4-oh-4-me-2-pentanone,60,0.49143286
4-oh-4-me-2-pentanone,55,0.35429959
4-oh-4-me-2-pentanone,50,0.25275368
4-oh-4-me-2-pentanone,45,0.17837257
4-oh-4-me-2-pentanone,40,0.12448497
4-oh-4-me-2-pentanone,35,0.08587999
4-oh-4-me-2-pentanone,30,0.05854045
4-oh-4-me-2-pentanone,25,0.03940834
n-2-propenyl-2-propen-1-amine,160,45.74871881
n-2-propenyl-2-propen-1-amine,155,42.91810829
n-2-propenyl-2-propen-1-amine,150,40.05825396
n-2-propenyl-2-propen-1-amine,145,37.17913366
n-2-propenyl-2-propen-1-amine,140,34.29334301
n-2-propenyl-2-propen-1-amine,135,31.41508872
n-2-propenyl-2-propen-1-amine,130,28.56035892
n-2-propenyl-2-propen-1-amine,125,25.74772248
n-2-propenyl-2-propen-1-amine,120,22.99814393
n-2-propenyl-2-propen-1-amine,115,20.33395697
n-2-propenyl-2-propen-1-amine,110,17.77924993
n-2-propenyl-2-propen-1-amine,105,15.35879387
n-2-propenyl-2-propen-1-amine,100,13.09638981
n-2-propenyl-2-propen-1-amine,95,11.01357286
n-2-propenyl-2-propen-1-amine,90,9.12772191
n-2-propenyl-2-propen-1-amine,85,7.45109977
n-2-propenyl-2-propen-1-amine,80,5.98879122
n-2-propenyl-2-propen-1-amine,75,4.73858119
n-2-propenyl-2-propen-1-amine,70,3.69118342
n-2-propenyl-2-propen-1-amine,65,2.83119093
n-2-propenyl-2-propen-1-amine,60,2.13884228
n-2-propenyl-2-propen-1-amine,55,1.59195721
n-2-propenyl-2-propen-1-amine,50,1.16775238
n-2-propenyl-2-propen-1-amine,45,0.84436435
n-2-propenyl-2-propen-1-amine,40,0.60188617
n-2-propenyl-2-propen-1-amine,35,0.42295691
n-2-propenyl-2-propen-1-amine,30,0.29296084
n-2-propenyl-2-propen-1-amine,25,0.19995493
diallylether,160,45.92134031
diallylether,155,43.12883996
diallylether,150,40.31020547
diallylether,145,37.47397421
diallylether,140,34.63210604
diallylether,135,31.79883681
diallylether,130,28.98883378
diallylether,125,26.21956552
diallylether,120,23.51005393
diallylether,115,20.88165237
diallylether,110,18.35639764
diallylether,105,15.95664012
diallylether,100,13.70437457
diallylether,95,11.62009832
diallylether,90,9.72064873
diallylether,85,8.01818669
diallylether,80,6.51929997
diallylether,75,5.22378147
diallylether,70,4.12509317
diallylether,65,3.21084403
diallylether,60,2.46411286
diallylether,55,1.86510663
diallylether,50,1.39283392
diallylether,45,1.02654774
diallylether,40,0.74686513
diallylether,35,0.53646630
diallylether,30,0.38043926
diallylether,25,0.26633318
diazomethane,160,100.00000000
diazomethane,155,100.00000000
diazomethane,150,100.00000000
diazomethane,145,100.00000000
diazomethane,140,100.00000000
diazomethane,135,100.00000000
diazomethane,130,100.00000000
diazomethane,125,100.00000000
diazomethane,120,100.00000000
diazomethane,115,100.00000000
diazomethane,110,100.00000000
diazomethane,105,100.00000000
diazomethane,100,100.00000000
diazomethane,95,100.00000000
diazomethane,90,100.00000000
diazomethane,85,100.00000000
diazomethane,80,100.00000000
diazomethane,75,100.00000000
diazomethane,70,100.00000000
diazomethane,65,100.00000000
diazomethane,60,100.00000000
diazomethane,55,100.00000000
diazomethane,50,100.00000000
diazomethane,45,100.00000000
diazomethane,40,100.00000000
diazomethane,35,35.71923225
diazomethane,30,33.60180510
diazomethane,25,31.44746194
dibenzylether,160,20.30679913
dibenzylether,155,17.88320484
dibenzylether,150,15.62079333
dibenzylether,145,13.52947032
dibenzylether,140,11.61637621
dibenzylether,135,9.88525022
dibenzylether,130,8.33633625
dibenzylether,125,6.96632767
dibenzylether,120,5.76852422
dibenzylether,115,4.73336754
dibenzylether,110,3.84897607
dibenzylether,105,3.10187463
dibenzylether,100,2.47766256
dibenzylether,95,1.96168343
dibenzylether,90,1.53959138
dibenzylether,85,1.19778143
dibenzylether,80,0.92370728
dibenzylether,75,0.70606671
dibenzylether,70,0.53488588
dibenzylether,65,0.40152171
dibenzylether,60,0.29860491
dibenzylether,55,0.21994365
dibenzylether,50,0.16040531
dibenzylether,45,0.11578838
dibenzylether,40,0.08269447
dibenzylether,35,0.05840631
dibenzylether,30,0.04077574
dibenzylether,25,0.02812351
ch2br2,160,100.00000000
ch2br2,155,35.73614188
ch2br2,150,33.69278581
ch2br2,145,31.68847080
ch2br2,140,29.72658628
ch2br2,135,27.80747505
ch2br2,130,25.93332217
ch2br2,125,24.10623658
ch2br2,120,22.32753561
ch2br2,115,20.60004781
ch2br2,110,18.92567473
ch2br2,105,17.30565341
ch2br2,100,15.74396882
ch2br2,95,14.24163887
ch2br2,90,12.80305201
ch2br2,85,11.43063300
ch2br2,80,10.12808020
ch2br2,75,8.89916903
ch2br2,70,7.74707266
ch2br2,65,6.67596942
ch2br2,60,5.68928320
ch2br2,55,4.79038952
ch2br2,50,3.98158318
ch2br2,45,3.26410813
ch2br2,40,2.63766547
ch2br2,35,2.10005960
ch2br2,30,1.64708340
ch2br2,25,1.27263305
dibutylamine,160,17.04941495
dibutylamine,155,14.35217525
dibutylamine,150,11.96519058
dibutylamine,145,9.88175463
dibutylamine,140,8.08682809
dibutylamine,135,6.55933407
dibutylamine,130,5.27437401
dibutylamine,125,4.20517591
dibutylamine,120,3.32467539
dibutylamine,115,2.60670334
dibutylamine,110,2.02680374
dibutylamine,105,1.56273382
dibutylamine,100,1.19471040
dibutylamine,95,0.90546591
dibutylamine,90,0.68017127
dibutylamine,85,0.50627260
dibutylamine,80,0.37327854
dibutylamine,75,0.27252513
dibutylamine,70,0.19693735
dibutylamine,65,0.14079966
dibutylamine,60,0.09954333
dibutylamine,55,0.06955461
dibutylamine,50,0.04800536
dibutylamine,45,0.03270626
dibutylamine,40,0.02198146
dibutylamine,35,0.01456305
dibutylamine,30,0.00950347
dibutylamine,25,0.00610362
5-nonanone,160,23.83701777
5-nonanone,155,20.93803129
5-nonanone,150,18.22350838
5-nonanone,145,15.71258908
5-nonanone,140,13.41902061
5-nonanone,135,11.35074404
5-nonanone,130,9.50955327
5-nonanone,125,7.89148722
5-nonanone,120,6.48740032
5-nonanone,115,5.28398812
5-nonanone,110,4.26485133
5-nonanone,105,3.41167534
5-nonanone,100,2.70530714
5-nonanone,95,2.12667729
5-nonanone,90,1.65751149
5-nonanone,85,1.28084341
5-nonanone,80,0.98132658
5-nonanone,75,0.74538530
5-nonanone,70,0.56123882
5-nonanone,65,0.41883471
5-nonanone,60,0.30972291
5-nonanone,55,0.22689626
5-nonanone,50,0.16461633
5-nonanone,45,0.11823868
5-nonanone,40,0.08404627
5-nonanone,35,0.05909660
5-nonanone,30,0.04108532
5-nonanone,25,0.02822718
(z)-2-butenedioicaciddibutylester,160,13.01735473
(z)-2-butenedioicaciddibutylester,155,11.05960059
(z)-2-butenedioicaciddibutylester,150,9.31857310
(z)-2-butenedioicaciddibutylester,145,7.78729338
(z)-2-butenedioicaciddibutylester,140,6.45499164
(z)-2-butenedioicaciddibutylester,135,5.30794864
(z)-2-butenedioicaciddibutylester,130,4.33041406
(z)-2-butenedioicaciddibutylester,125,3.50547910
(z)-2-butenedioicaciddibutylester,120,2.81588343
(z)-2-butenedioicaciddibutylester,115,2.24466935
(z)-2-butenedioicaciddibutylester,110,1.77568668
(z)-2-butenedioicaciddibutylester,105,1.39394537
(z)-2-butenedioicaciddibutylester,100,1.08583165
(z)-2-butenedioicaciddibutylester,95,0.83921033
(z)-2-butenedioicaciddibutylester,90,0.64343952
(z)-2-butenedioicaciddibutylester,85,0.48932029
(z)-2-butenedioicaciddibutylester,80,0.36900380
(z)-2-butenedioicaciddibutylester,75,0.27587237
(z)-2-butenedioicaciddibutylester,70,0.20440779
(z)-2-butenedioicaciddibutylester,65,0.15005678
(z)-2-butenedioicaciddibutylester,60,0.10910003
(z)-2-butenedioicaciddibutylester,55,0.07852945
(z)-2-butenedioicaciddibutylester,50,0.05593598
(z)-2-butenedioicaciddibutylester,45,0.03940925
(z)-2-butenedioicaciddibutylester,40,0.02744955
(z)-2-butenedioicaciddibutylester,35,0.01889157
(z)-2-butenedioicaciddibutylester,30,0.01283942
(z)-2-butenedioicaciddibutylester,25,0.00861188
dibutylphthalate,160,10.57238433
dibutylphthalate,155,8.97732320
dibutylphthalate,150,7.56948707
dibutylphthalate,145,6.33797974
dibutylphthalate,140,5.27013307
dibutylphthalate,135,4.35210374
dibutylphthalate,130,3.56944794
dibutylphthalate,125,2.90761779
dibutylphthalate,120,2.35239401
dibutylphthalate,115,1.89021474
dibutylphthalate,110,1.50841559
dibutylphthalate,105,1.19538533
dibutylphthalate,100,0.94064862
dibutylphthalate,95,0.73488968
dibutylphthalate,90,0.56993013
dibutylphthalate,85,0.43867459
dibutylphthalate,80,0.33503362
dibutylphthalate,75,0.25383425
dibutylphthalate,70,0.19072430
dibutylphthalate,65,0.14207611
dibutylphthalate,60,0.10489329
dibutylphthalate,55,0.07672294
dibutylphthalate,50,0.05557499
dibutylphthalate,45,0.03984943
dibutylphthalate,40,0.02827164
dibutylphthalate,35,0.01983573
dibutylphthalate,30,0.01375562
dibutylphthalate,25,0.00942315
decanedioicaciddibutylester,160,5.95129191
decanedioicaciddibutylester,155,4.95095429
decanedioicaciddibutylester,150,4.09710540
decanedioicaciddibutylester,145,3.37263032
decanedioicaciddibutylester,140,2.76150887
decanedioicaciddibutylester,135,2.24896786
decanedioicaciddibutylester,130,1.82155723
decanedioicaciddibutylester,125,1.46716869
decanedioicaciddibutylester,120,1.17500884
decanedioicaciddibutylester,115,0.93554375
decanedioicaciddibutylester,110,0.74042151
decanedioicaciddibutylester,105,0.58238234
decanedioicaciddibutylester,100,0.45516228
decanedioicaciddibutylester,95,0.35339494
decanedioicaciddibutylester,90,0.27251467
decanedioicaciddibutylester,85,0.20866366
decanedioicaciddibutylester,80,0.15860439
decanedioicaciddibutylester,75,0.11963856
decanedioicaciddibutylester,70,0.08953289
decanedioicaciddibutylester,65,0.06645211
decanedioicaciddibutylester,60,0.04889900
decanedioicaciddibutylester,55,0.03566129
decanedioicaciddibutylester,50,0.02576504
decanedioicaciddibutylester,45,0.01843407
decanedioicaciddibutylester,40,0.01305502
decanedioicaciddibutylester,35,0.00914736
decanedioicaciddibutylester,30,0.00633811
decanedioicaciddibutylester,25,0.00434050
dichloroacetaldehyde,160,41.30395286
dichloroacetaldehyde,155,38.36395797
dichloroacetaldehyde,150,35.40313376
dichloroacetaldehyde,145,32.43465432
dichloroacetaldehyde,140,29.47385333
dichloroacetaldehyde,135,26.53990345
dichloroacetaldehyde,130,23.65535616
dichloroacetaldehyde,125,20.84619795
dichloroacetaldehyde,120,18.14126585
dichloroacetaldehyde,115,15.57173263
dichloroacetaldehyde,110,13.16879557
dichloroacetaldehyde,105,10.96155694
dichloroacetaldehyde,100,8.97414887
dichloroacetaldehyde,95,7.22322389
dichloroacetaldehyde,90,5.71541810
dichloroacetaldehyde,85,4.44690417
dichloroacetaldehyde,80,3.40400998
dichloroacetaldehyde,75,2.56537123
dichloroacetaldehyde,70,1.90489391
dichloroacetaldehyde,65,1.39466765
dichloroacetaldehyde,60,1.00744769
dichloroacetaldehyde,55,0.71834395
dichloroacetaldehyde,50,0.50574823
dichloroacetaldehyde,45,0.35163312
dichloroacetaldehyde,40,0.24143112
dichloroacetaldehyde,35,0.16367411
dichloroacetaldehyde,30,0.10953023
dichloroacetaldehyde,25,0.07232610
dichloroaceticacid,160,30.12048623
dichloroaceticacid,155,26.89817449
dichloroaceticacid,150,23.78201152
dichloroaceticacid,145,20.80597979
dichloroaceticacid,140,18.00227296
dichloroaceticacid,135,15.40013734
dichloroaceticacid,130,13.02272204
dichloroaceticacid,125,10.88588443
dichloroaceticacid,120,8.99710283
dichloroaceticacid,115,7.35511760
dichloroaceticacid,110,5.95057963
dichloroaceticacid,105,4.76757276
dichloroaceticacid,100,3.78545552
dichloroaceticacid,95,2.98090231
dichloroaceticacid,90,2.32973404
dichloroaceticacid,85,1.80841664
dichloroaceticacid,80,1.39509777
dichloroaceticacid,75,1.07023641
dichloroaceticacid,70,0.81686985
dichloroaceticacid,65,0.62062558
dichloroaceticacid,60,0.46956468
dichloroaceticacid,55,0.35393110
dichloroaceticacid,50,0.26586117
dichloroaceticacid,45,0.19908996
dichloroaceticacid,40,0.14867569
dichloroaceticacid,35,0.11075398
dichloroaceticacid,30,0.08232589
dichloroaceticacid,25,0.06107983
dichloroacetonitrile,160,43.78408564
dichloroacetonitrile,155,41.00625219
dichloroacetonitrile,150,38.20488766
dichloroacetonitrile,145,35.38635616
dichloroacetonitrile,140,32.56494458
dichloroacetonitrile,135,29.74958591
dichloroacetonitrile,130,26.95687959
dichloroacetonitrile,125,24.20572389
dichloroacetonitrile,120,21.51563316
dichloroacetonitrile,115,18.91016569
dichloroacetonitrile,110,16.41463284
dichloroacetonitrile,105,14.05555406
dichloroacetonitrile,100,11.85906491
dichloroacetonitrile,95,9.84947008
dichloroacetonitrile,90,8.04619497
dichloroacetonitrile,85,6.46198534
dichloroacetonitrile,80,5.10121650
dichloroacetonitrile,75,3.95903727
dichloroacetonitrile,70,3.02220307
dichloroacetonitrile,65,2.27076142
dichloroacetonitrile,60,1.68063699
dichloroacetonitrile,55,1.22623310
dichloroacetonitrile,50,0.88262135
dichloroacetonitrile,45,0.62708472
dichloroacetonitrile,40,0.43995399
dichloroacetonitrile,35,0.30487833
dichloroacetonitrile,30,0.20870230
dichloroacetonitrile,25,0.14112172
dichlorodifluoromethane,160,8.28797916
dichlorodifluoromethane,155,5.88834948
dichlorodifluoromethane,150,4.22035720
dichlorodifluoromethane,145,3.04285995
dichlorodifluoromethane,140,2.20044665
dichlorodifluoromethane,135,1.59198229
dichlorodifluoromethane,130,1.14992952
dichlorodifluoromethane,125,0.82790029
dichlorodifluoromethane,120,0.59327241
dichlorodifluoromethane,115,0.42265649
dichlorodifluoromethane,110,0.29904514
dichlorodifluoromethane,105,0.20994851
dichlorodifluoromethane,100,0.14613848
dichlorodifluoromethane,95,0.10077884
dichlorodifluoromethane,90,0.06880565
dichlorodifluoromethane,85,0.04647708
dichlorodifluoromethane,80,0.03104067
dichlorodifluoromethane,75,0.02048429
dichlorodifluoromethane,70,0.01334835
dichlorodifluoromethane,65,0.00858352
dichlorodifluoromethane,60,0.00544302
dichlorodifluoromethane,55,0.00340131
dichlorodifluoromethane,50,0.00209299
dichlorodifluoromethane,45,0.00126726
dichlorodifluoromethane,40,0.00075438
dichlorodifluoromethane,35,0.00044113
dichlorodifluoromethane,30,0.00025316
dichlorodifluoromethane,25,0.00014245
"trans-1,2-dichloroethene",160,49.79193703
"trans-1,2-dichloroethene",155,47.34571336
"trans-1,2-dichloroethene",150,44.88185156
"trans-1,2-dichloroethene",145,42.40399609
"trans-1,2-dichloroethene",140,39.91951085
"trans-1,2-dichloroethene",135,37.43291913
"trans-1,2-dichloroethene",130,34.95385055
"trans-1,2-dichloroethene",125,32.48732682
"trans-1,2-dichloroethene",120,30.04388102
"trans-1,2-dichloroethene",115,27.63119289
"trans-1,2-dichloroethene",110,25.26028664
"trans-1,2-dichloroethene",105,22.94150847
"trans-1,2-dichloroethene",100,20.68588500
"trans-1,2-dichloroethene",95,18.50662320
"trans-1,2-dichloroethene",90,16.41398521
"trans-1,2-dichloroethene",85,14.42166450
"trans-1,2-dichloroethene",80,12.54223811
"trans-1,2-dichloroethene",75,10.78712033
"trans-1,2-dichloroethene",70,9.16731679
"trans-1,2-dichloroethene",65,7.69187598
"trans-1,2-dichloroethene",60,6.36730135
"trans-1,2-dichloroethene",55,5.19711678
"trans-1,2-dichloroethene",50,4.18090411
"trans-1,2-dichloroethene",45,3.31426975
"trans-1,2-dichloroethene",40,2.58896953
"trans-1,2-dichloroethene",35,1.99333408
"trans-1,2-dichloroethene",30,1.51328199
"trans-1,2-dichloroethene",25,1.13333673
dichloromethylmethylether,160,43.36477250
dichloromethylmethylether,155,40.74328902
dichloromethylmethylether,150,38.11794550
dichloromethylmethylether,145,35.49673145
dichloromethylmethylether,140,32.88849277
dichloromethylmethylether,135,30.30293032
dichloromethylmethylether,130,27.75131919
dichloromethylmethylether,125,25.24411661
dichloromethylmethylether,120,22.79429201
dichloromethylmethylether,115,20.41645762
dichloromethylmethylether,110,18.12544030
dichloromethylmethylether,105,15.93660167
dichloromethylmethylether,100,13.86510834
dichloromethylmethylether,95,11.92657985
dichloromethylmethylether,90,10.13480679
dichloromethylmethylether,85,8.50168950
dichloromethylmethylether,80,7.03575964
dichloromethylmethylether,75,5.74152404
dichloromethylmethylether,70,4.61900084
dichloromethylmethylether,65,3.66305305
dichloromethylmethylether,60,2.86399306
dichloromethylmethylether,55,2.20836146
dichloromethylmethylether,50,1.68003333
dichloromethylmethylether,45,1.26159313
dichloromethylmethylether,40,0.93557846
dichloromethylmethylether,35,0.68546135
dichloromethylmethylether,30,0.49633544
dichloromethylmethylether,25,0.35527067
chfcl2,160,100.00000000
chfcl2,155,100.00000000
chfcl2,150,100.00000000
chfcl2,145,100.00000000
chfcl2,140,100.00000000
chfcl2,135,100.00000000
chfcl2,130,39.12842300
chfcl2,125,37.11439126
chfcl2,120,35.12871114
chfcl2,115,33.17467740
chfcl2,110,31.25479220
chfcl2,105,29.37613600
chfcl2,100,27.53991920
chfcl2,95,25.74984158
chfcl2,90,24.00941198
chfcl2,85,22.32339318
chfcl2,80,20.69220782
chfcl2,75,19.11954404
chfcl2,70,17.60931158
chfcl2,65,16.16249122
chfcl2,60,14.78030683
chfcl2,55,13.46611049
chfcl2,50,12.22100695
chfcl2,45,11.04533160
chfcl2,40,9.94059141
chfcl2,35,8.90676209
chfcl2,30,7.94393117
chfcl2,25,7.05228154
diethanolamine,160,11.04113564
diethanolamine,155,8.66881280
diethanolamine,150,6.73512480
diethanolamine,145,5.18105896
diethanolamine,140,3.94789763
diethanolamine,135,2.98073254
diethanolamine,130,2.23037107
diethanolamine,125,1.65414950
diethanolamine,120,1.21598297
diethanolamine,115,0.88596801
diethanolamine,110,0.63974370
diethanolamine,105,0.45775499
diethanolamine,100,0.32450978
diethanolamine,95,0.22788148
diethanolamine,90,0.15848552
diethanolamine,85,0.10913867
diethanolamine,80,0.07440185
diethanolamine,75,0.05020098
diethanolamine,70,0.03351754
diethanolamine,65,0.02213979
diethanolamine,60,0.01446530
diethanolamine,55,0.00934647
diethanolamine,50,0.00597102
diethanolamine,45,0.00377091
diethanolamine,40,0.00235373
diethanolamine,35,0.00145175
diethanolamine,30,0.00088465
diethanolamine,25,0.00053247
adipinsaeurediethylester,160,18.66683168
adipinsaeurediethylester,155,16.32172446
adipinsaeurediethylester,150,14.15586354
adipinsaeurediethylester,145,12.17600914
adipinsaeurediethylester,140,10.38536051
adipinsaeurediethylester,135,8.78338749
adipinsaeurediethylester,130,7.36581355
adipinsaeurediethylester,125,6.12510669
adipinsaeurediethylester,120,5.05094280
adipinsaeurediethylester,115,4.13083409
adipinsaeurediethylester,110,3.35086005
adipinsaeurediethylester,105,2.69633259
adipinsaeurediethylester,100,2.15242980
adipinsaeurediethylester,95,1.70472304
adipinsaeurediethylester,90,1.33956954
adipinsaeurediethylester,85,1.04439808
adipinsaeurediethylester,80,0.80787203
adipinsaeurediethylester,75,0.61996040
adipinsaeurediethylester,70,0.47193470
adipinsaeurediethylester,65,0.35631237
adipinsaeurediethylester,60,0.26676459
adipinsaeurediethylester,55,0.19800432
adipinsaeurediethylester,50,0.14566492
adipinsaeurediethylester,45,0.10617883
adipinsaeurediethylester,40,0.07666141
adipinsaeurediethylester,35,0.05480365
adipinsaeurediethylester,30,0.03877558
adipinsaeurediethylester,25,0.02714126
diethylamine,160,53.72299076
diethylamine,155,50.93793536
diethylamine,150,48.07356216
diethylamine,145,45.13800003
diethylamine,140,42.13712455
diethylamine,135,39.08359033
diethylamine,130,35.98889414
diethylamine,125,32.86964867
diethylamine,120,29.74710788
diethylamine,115,26.64615195
diethylamine,110,23.59476255
diethylamine,105,20.62585824
diethylamine,100,17.77562043
diethylamine,95,15.08132124
diethylamine,90,12.57981071
diethylamine,85,10.30406266
diethylamine,80,8.27988128
diethylamine,75,6.52310913
diethylamine,70,5.03711344
diethylamine,65,3.81284412
diethylamine,60,2.83024778
diethylamine,55,2.06134974
diethylamine,50,1.47401954
diethylamine,45,1.03544398
diethylamine,40,0.71484312
diethylamine,35,0.48513601
diethylamine,30,0.32367151
diethylamine,25,0.21225868
diethylcarbonate,160,39.77886518
diethylcarbonate,155,36.95510198
diethylcarbonate,150,34.14196154
diethylcarbonate,145,31.35151338
diethylcarbonate,140,28.59878473
diethylcarbonate,135,25.89938122
diethylcarbonate,130,23.26978453
diethylcarbonate,125,20.72793132
diethylcarbonate,120,18.29278466
diethylcarbonate,115,15.98249568
diethylcarbonate,110,13.81470455
diethylcarbonate,105,11.80575999
diethylcarbonate,100,9.96888883
diethylcarbonate,95,8.31352928
diethylcarbonate,90,6.84495160
diethylcarbonate,85,5.56305279
diethylcarbonate,80,4.46266518
diethylcarbonate,75,3.53392081
diethylcarbonate,70,2.76306513
diethylcarbonate,65,2.13362416
diethylcarbonate,60,1.62768699
diethylcarbonate,55,1.22710281
diethylcarbonate,50,0.91444804
diethylcarbonate,45,0.67373207
diethylcarbonate,40,0.49080623
diethylcarbonate,35,0.35353524
diethylcarbonate,30,0.25177901
diethylcarbonate,25,0.17725362
diethylether,160,53.76415898
diethylether,155,51.05459920
diethylether,150,48.28153500
diethylether,145,45.45118646
diethylether,140,42.57349346
diethylether,135,39.65673208
diethylether,130,36.71578499
diethylether,125,33.76367158
diethylether,120,30.81757569
diethylether,115,27.89808415
diethylether,110,25.02749060
diethylether,105,22.22983898
diethylether,100,19.53110414
diethylether,95,16.95817874
diethylether,90,14.53722249
diethylether,85,12.29275553
diethylether,80,10.24592787
diethylether,75,8.41227940
diethylether,70,6.80060358
diethylether,65,5.41212879
diethylether,60,4.24014564
diethylether,55,3.27102253
diethylether,50,2.48564560
diethylether,45,1.86143489
diethylether,40,1.37441838
diethylether,35,1.00102889
diethylether,30,0.71942935
diethylether,25,0.51033202
3-pentanone,160,51.51919872
3-pentanone,155,48.93175287
3-pentanone,150,46.30096261
3-pentanone,145,43.63237749
3-pentanone,140,40.93321481
3-pentanone,135,38.21106154
3-pentanone,130,35.47637572
3-pentanone,125,32.73888554
3-pentanone,120,30.01199390
3-pentanone,115,27.30966657
3-pentanone,110,24.64820168
3-pentanone,105,22.04729614
3-pentanone,100,19.52604176
3-pentanone,95,17.10611751
3-pentanone,90,14.80947900
3-pentanone,85,12.65772054
3-pentanone,80,10.67068242
3-pentanone,75,8.86544185
3-pentanone,70,7.25414244
3-pentanone,65,5.84308315
3-pentanone,60,4.63198480
3-pentanone,55,3.61368763
3-pentanone,50,2.77507249
3-pentanone,45,2.09837330
3-pentanone,40,1.56298253
3-pentanone,35,1.14728488
3-pentanone,30,0.83022479
3-pentanone,25,0.59244259
diethylmalonate,160,21.04717669
diethylmalonate,155,18.24877139
diethylmalonate,150,15.65955721
diethylmalonate,145,13.29716635
diethylmalonate,140,11.17250893
diethylmalonate,135,9.28916149
diethylmalonate,130,7.64363148
diethylmalonate,125,6.22605399
diethylmalonate,120,5.02144372
diethylmalonate,115,4.01112666
diethylmalonate,110,3.17425901
diethylmalonate,105,2.48920621
diethylmalonate,100,1.93466996
diethylmalonate,95,1.49053536
diethylmalonate,90,1.13842187
diethylmalonate,85,0.86198444
diethylmalonate,80,0.64701523
diethylmalonate,75,0.48140111
diethylmalonate,70,0.35498703
diethylmalonate,65,0.25938461
diethylmalonate,60,0.18775678
diethylmalonate,55,0.13459885
diethylmalonate,50,0.09552970
diethylmalonate,45,0.06710070
diethylmalonate,40,0.04662636
diethylmalonate,35,0.03203760
diethylmalonate,30,0.02175730
diethylmalonate,25,0.01459630
ethyloxalat,160,26.92475851
ethyloxalat,155,24.00078083
ethyloxalat,150,21.20841380
ethyloxalat,145,18.56956654
ethyloxalat,140,16.10371979
ethyloxalat,135,13.82718912
ethyloxalat,130,11.75198285
ethyloxalat,125,9.88508031
ethyloxalat,120,8.22818937
ethyloxalat,115,6.77780021
ethyloxalat,110,5.52555499
ethyloxalat,105,4.45897852
ethyloxalat,100,3.56253254
ethyloxalat,95,2.81869169
ethyloxalat,90,2.20904536
ethyloxalat,85,1.71523679
ethyloxalat,80,1.31973205
ethyloxalat,75,1.00634746
ethyloxalat,70,0.76058195
ethyloxalat,65,0.56975767
ethyloxalat,60,0.42302431
ethyloxalat,55,0.31126592
ethyloxalat,50,0.22694748
ethyloxalat,45,0.16393087
ethyloxalat,40,0.11728186
ethyloxalat,35,0.08308239
ethyloxalat,30,0.05825723
ethyloxalat,25,0.04041939
diethylphthalate,160,15.53472876
diethylphthalate,155,13.39205386
diethylphthalate,150,11.44801454
diethylphthalate,145,9.70340408
diethylphthalate,140,8.15503296
diethylphthalate,135,6.79597688
diethylphthalate,130,5.61608535
diethylphthalate,125,4.60270752
diethylphthalate,120,3.74142025
diethylphthalate,115,3.01680247
diethylphthalate,110,2.41314039
diethylphthalate,105,1.91500616
diethylphthalate,100,1.50772766
diethylphthalate,95,1.17770936
diethylphthalate,90,0.91263259
diethylphthalate,85,0.70155009
diethylphthalate,80,0.53489745
diethylphthalate,75,0.40444341
diethylphthalate,70,0.30320015
diethylphthalate,65,0.22530841
diethylphthalate,60,0.16591175
diethylphthalate,55,0.12102857
diethylphthalate,50,0.08742849
diethylphthalate,45,0.06251725
diethylphthalate,40,0.04423238
diethylphthalate,35,0.03095064
diethylphthalate,30,0.02140754
diethylphthalate,25,0.01462828
ethylsuccinate,160,20.11365862
ethylsuccinate,155,17.48531167
ethylsuccinate,150,15.05623513
ethylsuccinate,145,12.83959475
ethylsuccinate,140,10.84300611
ethylsuccinate,135,9.06812247
ethylsuccinate,130,7.51095201
ethylsuccinate,125,6.16236280
ethylsuccinate,120,5.00908149
ethylsuccinate,115,4.03476663
ethylsuccinate,110,3.22120494
ethylsuccinate,105,2.54941527
ethylsuccinate,100,2.00056465
ethylsuccinate,95,1.55669605
ethylsuccinate,90,1.20121981
ethylsuccinate,85,0.91920893
ethylsuccinate,80,0.69752839
ethylsuccinate,75,0.52483876
ethylsuccinate,70,0.39151204
ethylsuccinate,65,0.28949302
ethylsuccinate,60,0.21213094
ethylsuccinate,55,0.15400110
ethylsuccinate,50,0.11072894
ethylsuccinate,45,0.07882480
ethylsuccinate,40,0.05553409
ethylsuccinate,35,0.03870493
ethylsuccinate,30,0.02667358
ethylsuccinate,25,0.01816716
diethylsulfate,160,25.91996710
diethylsulfate,155,22.94072457
diethylsulfate,150,20.09453162
diethylsulfate,145,17.40899027
diethylsulfate,140,14.90976722
diethylsulfate,135,12.61816112
diethylsulfate,130,10.54976192
diethylsulfate,125,8.71317972
diethylsulfate,120,7.10937774
diethylsulfate,115,5.73188371
diethylsulfate,110,4.56778789
diethylsulfate,105,3.59927443
diethylsulfate,100,2.80534807
diethylsulfate,95,2.16358684
diethylsulfate,90,1.65160829
diethylsulfate,85,1.24820001
diethylsulfate,80,0.93404939
diethylsulfate,75,0.69213646
diethylsulfate,70,0.50785752
diethylsulfate,65,0.36895955
diethylsulfate,60,0.26535666
diethylsulfate,55,0.18888405
diethylsulfate,50,0.13302982
diethylsulfate,45,0.09267073
diethylsulfate,40,0.06382732
diethylsulfate,35,0.04344621
diethylsulfate,30,0.02921264
diethylsulfate,25,0.01939267
diethylsulfide,160,50.45607318
diethylsulfide,155,47.89275928
diethylsulfide,150,45.29681249
diethylsulfide,145,42.67067671
diethylsulfide,140,40.02398998
diethylsulfide,135,37.36285663
diethylsulfide,130,34.69540174
diethylsulfide,125,32.03287671
diethylsulfide,120,29.38520185
diethylsulfide,115,26.76811499
diethylsulfide,110,24.19284509
diethylsulfide,105,21.67761074
diethylsulfide,100,19.24004687
diethylsulfide,95,16.89887787
diethylsulfide,90,14.67318189
diethylsulfide,85,12.58289145
diethylsulfide,80,10.64619658
diethylsulfide,75,8.87917682
diethylsulfide,70,7.29409887
diethylsulfide,65,5.89817340
diethylsulfide,60,4.69294551
diethylsulfide,55,3.67344659
diethylsulfide,50,2.82895438
diethylsulfide,45,2.14387707
diethylsulfide,40,1.59934166
diethylsulfide,35,1.17493788
diethylsulfide,30,0.85030854
diethylsulfide,25,0.60638239
diethyldisulfide,160,40.71708084
diethyldisulfide,155,38.08028949
diethyldisulfide,150,35.45663100
diethyldisulfide,145,32.85320561
diethyldisulfide,140,30.27903508
diethyldisulfide,135,27.74525169
diethyldisulfide,130,25.26310968
diethyldisulfide,125,22.84412068
diethyldisulfide,120,20.50099238
diethyldisulfide,115,18.24695585
diethyldisulfide,110,16.09542610
diethyldisulfide,105,14.06020565
diethyldisulfide,100,12.15431751
diethyldisulfide,95,10.38927885
diethyldisulfide,90,8.77532550
diethyldisulfide,85,7.31968246
diethyldisulfide,80,6.02621014
diethyldisulfide,75,4.89509033
diethyldisulfide,70,3.92221422
diethyldisulfide,65,3.09968976
diethyldisulfide,60,2.41621795
diethyldisulfide,55,1.85796442
diethyldisulfide,50,1.40960411
diethyldisulfide,45,1.05535164
diethyldisulfide,40,0.77983837
diethyldisulfide,35,0.56879994
diethyldisulfide,30,0.40951104
diethyldisulfide,25,0.29099333
diethyleneglycol,160,7.93127393
diethyleneglycol,155,5.94384211
diethyleneglycol,150,4.41041908
diethyleneglycol,145,3.24229809
diethyleneglycol,140,2.36237558
diethyleneglycol,135,1.70628318
diethyleneglycol,130,1.22177038
diethyleneglycol,125,0.86727928
diethyleneglycol,120,0.61028694
diethyleneglycol,115,0.42567700
diethyleneglycol,110,0.29428005
diethyleneglycol,105,0.20162449
diethyleneglycol,100,0.13689970
diethyleneglycol,95,0.09211345
diethyleneglycol,90,0.06141872
diethyleneglycol,85,0.04058287
diethyleneglycol,80,0.02657461
diethyleneglycol,75,0.01724652
diethyleneglycol,70,0.01109386
diethyleneglycol,65,0.00707380
diethyleneglycol,60,0.00447157
diethyleneglycol,55,0.00280254
diethyleneglycol,50,0.00174172
diethyleneglycol,45,0.00107344
diethyleneglycol,40,0.00065614
diethyleneglycol,35,0.00039779
diethyleneglycol,30,0.00023920
diethyleneglycol,25,0.00014266
2-(2-butoxyethoxy)ethanolacetate,160,17.26480221
2-(2-butoxyethoxy)ethanolacetate,155,14.97640292
2-(2-butoxyethoxy)ethanolacetate,150,12.88325322
2-(2-butoxyethoxy)ethanolacetate,145,10.98950162
2-(2-butoxyethoxy)ethanolacetate,140,9.29496539
2-(2-butoxyethoxy)ethanolacetate,135,7.79546214
2-(2-butoxyethoxy)ethanolacetate,130,6.48314737
2-(2-butoxyethoxy)ethanolacetate,125,5.34709375
2-(2-butoxyethoxy)ethanolacetate,120,4.37406188
2-(2-butoxyethoxy)ethanolacetate,115,3.54924718
2-(2-butoxyethoxy)ethanolacetate,110,2.85704846
2-(2-butoxyethoxy)ethanolacetate,105,2.28175019
2-(2-butoxyethoxy)ethanolacetate,100,1.80806691
2-(2-butoxyethoxy)ethanolacetate,95,1.42157566
2-(2-butoxyethoxy)ethanolacetate,90,1.10900032
2-(2-butoxyethoxy)ethanolacetate,85,0.85837992
2-(2-butoxyethoxy)ethanolacetate,80,0.65913734
2-(2-butoxyethoxy)ethanolacetate,75,0.50207121
2-(2-butoxyethoxy)ethanolacetate,70,0.37929297
2-(2-butoxyethoxy)ethanolacetate,65,0.28412808
2-(2-butoxyethoxy)ethanolacetate,60,0.21099714
2-(2-butoxyethoxy)ethanolacetate,55,0.15528834
2-(2-butoxyethoxy)ethanolacetate,50,0.11323009
2-(2-butoxyethoxy)ethanolacetate,45,0.08176935
2-(2-butoxyethoxy)ethanolacetate,40,0.05845938
2-(2-butoxyethoxy)ethanolacetate,35,0.04135864
2-(2-butoxyethoxy)ethanolacetate,30,0.02894167
2-(2-butoxyethoxy)ethanolacetate,25,0.02002197
diethyleneglycoldibutylether,160,14.86749800
diethyleneglycoldibutylether,155,12.84087253
diethyleneglycoldibutylether,150,11.00935217
diethyleneglycoldibutylether,145,9.36972533
diethyleneglycoldibutylether,140,7.91571478
diethyleneglycoldibutylether,135,6.63834779
diethyleneglycoldibutylether,130,5.52656032
diethyleneglycoldibutylether,125,4.56768914
diethyleneglycoldibutylether,120,3.74807041
diethyleneglycoldibutylether,115,3.05358108
diethyleneglycoldibutylether,110,2.47011798
diethyleneglycoldibutylether,105,1.98400058
diethyleneglycoldibutylether,100,1.58227216
diethyleneglycoldibutylether,95,1.25292443
diethyleneglycoldibutylether,90,0.98503130
diethyleneglycoldibutylether,85,0.76881400
diethyleneglycoldibutylether,80,0.59564890
diethyleneglycoldibutylether,75,0.45803206
diethyleneglycoldibutylether,70,0.34951315
diethyleneglycoldibutylether,65,0.26460974
diethyleneglycoldibutylether,60,0.19871135
diethyleneglycoldibutylether,55,0.14797941
diethyleneglycoldibutylether,50,0.10924868
diethyleneglycoldibutylether,45,0.07993362
diethyleneglycoldibutylether,40,0.05794162
diethyleneglycoldibutylether,35,0.04159455
diethyleneglycoldibutylether,30,0.02955905
diethyleneglycoldibutylether,25,0.02078563
"1,1'-oxybis-2-ethoxy-ethane",160,29.31959636
"1,1'-oxybis-2-ethoxy-ethane",155,26.68269620
"1,1'-oxybis-2-ethoxy-ethane",150,24.13090817
"1,1'-oxybis-2-ethoxy-ethane",145,21.67788848
"1,1'-oxybis-2-ethoxy-ethane",140,19.33601866
"1,1'-oxybis-2-ethoxy-ethane",135,17.11776271
"1,1'-oxybis-2-ethoxy-ethane",130,15.03396136
"1,1'-oxybis-2-ethoxy-ethane",125,13.09429518
"1,1'-oxybis-2-ethoxy-ethane",120,11.30632208
"1,1'-oxybis-2-ethoxy-ethane",115,9.67516258
"1,1'-oxybis-2-ethoxy-ethane",110,8.20339501
"1,1'-oxybis-2-ethoxy-ethane",105,6.89047705
"1,1'-oxybis-2-ethoxy-ethane",100,5.73293215
"1,1'-oxybis-2-ethoxy-ethane",95,4.72453540
"1,1'-oxybis-2-ethoxy-ethane",90,3.85660376
"1,1'-oxybis-2-ethoxy-ethane",85,3.11846010
"1,1'-oxybis-2-ethoxy-ethane",80,2.49807868
"1,1'-oxybis-2-ethoxy-ethane",75,1.98266526
"1,1'-oxybis-2-ethoxy-ethane",70,1.55925776
"1,1'-oxybis-2-ethoxy-ethane",65,1.21521125
"1,1'-oxybis-2-ethoxy-ethane",60,0.93859621
"1,1'-oxybis-2-ethoxy-ethane",55,0.71847400
"1,1'-oxybis-2-ethoxy-ethane",50,0.54505545
"1,1'-oxybis-2-ethoxy-ethane",45,0.40976910
"1,1'-oxybis-2-ethoxy-ethane",40,0.30525042
"1,1'-oxybis-2-ethoxy-ethane",35,0.22527833
"1,1'-oxybis-2-ethoxy-ethane",30,0.16467751
"1,1'-oxybis-2-ethoxy-ethane",25,0.11920244
2-2-(hexyloxy)ethoxyethanol,160,12.28382935
2-2-(hexyloxy)ethoxyethanol,155,10.16674563
2-2-(hexyloxy)ethoxyethanol,150,8.32917520
2-2-(hexyloxy)ethoxyethanol,145,6.75656105
2-2-(hexyloxy)ethoxyethanol,140,5.42855916
2-2-(hexyloxy)ethoxyethanol,135,4.32115491
2-2-(hexyloxy)ethoxyethanol,130,3.40859183
2-2-(hexyloxy)ethoxyethanol,125,2.66496683
2-2-(hexyloxy)ethoxyethanol,120,2.06542006
2-2-(hexyloxy)ethoxyethanol,115,1.58693617
2-2-(hexyloxy)ethoxyethanol,110,1.20880998
2-2-(hexyloxy)ethoxyethanol,105,0.91284612
2-2-(hexyloxy)ethoxyethanol,100,0.68336848
2-2-(hexyloxy)ethoxyethanol,95,0.50709957
2-2-(hexyloxy)ethoxyethanol,90,0.37296195
2-2-(hexyloxy)ethoxyethanol,85,0.27183930
2-2-(hexyloxy)ethoxyethanol,80,0.19632392
2-2-(hexyloxy)ethoxyethanol,75,0.14046857
2-2-(hexyloxy)ethoxyethanol,70,0.09955379
2-2-(hexyloxy)ethoxyethanol,65,0.06987685
2-2-(hexyloxy)ethoxyethanol,60,0.04856531
2-2-(hexyloxy)ethoxyethanol,55,0.03341590
2-2-(hexyloxy)ethoxyethanol,50,0.02275755
2-2-(hexyloxy)ethoxyethanol,45,0.01533729
2-2-(hexyloxy)ethoxyethanol,40,0.01022632
2-2-(hexyloxy)ethoxyethanol,35,0.00674412
2-2-(hexyloxy)ethoxyethanol,30,0.00439784
2-2-(hexyloxy)ethoxyethanol,25,0.00283480
diethyleneglycolmonobutylether,160,17.16047625
diethyleneglycolmonobutylether,155,14.43937954
diethyleneglycolmonobutylether,150,12.00166675
diethyleneglycolmonobutylether,145,9.85579632
diethyleneglycolmonobutylether,140,7.99899155
diethyleneglycolmonobutylether,135,6.41865232
diethyleneglycolmonobutylether,130,5.09454003
diethyleneglycolmonobutylether,125,4.00134131
diethyleneglycolmonobutylether,120,3.11113506
diethyleneglycolmonobutylether,115,2.39549491
diethyleneglycolmonobutylether,110,1.82708195
diethyleneglycolmonobutylether,105,1.38070749
diethyleneglycolmonobutylether,100,1.03393443
diethyleneglycolmonobutylether,95,0.76731468
diethyleneglycolmonobutylether,90,0.56436845
diethyleneglycolmonobutylether,85,0.41139745
diethyleneglycolmonobutylether,80,0.29720469
diethyleneglycolmonobutylether,75,0.21277371
diethyleneglycolmonobutylether,70,0.15094241
diethyleneglycolmonobutylether,65,0.10609374
diethyleneglycolmonobutylether,60,0.07387544
diethyleneglycolmonobutylether,55,0.05095441
diethyleneglycolmonobutylether,50,0.03480707
diethyleneglycolmonobutylether,45,0.02354409
diethyleneglycolmonobutylether,40,0.01576673
diethyleneglycolmonobutylether,35,0.01045087
diethyleneglycolmonobutylether,30,0.00685504
diethyleneglycolmonobutylether,25,0.00444830
diethyleneglycolmonoethylether,160,34.76217383
diethyleneglycolmonoethylether,155,31.97361381
diethyleneglycolmonoethylether,150,29.23428876
diethyleneglycolmonoethylether,145,26.55939491
diethyleneglycolmonoethylether,140,23.96308247
diethyleneglycolmonoethylether,135,21.46120669
diethyleneglycolmonoethylether,130,19.06838911
diethyleneglycolmonoethylether,125,16.79958270
diethyleneglycolmonoethylether,120,14.66858883
diethyleneglycolmonoethylether,115,12.68718460
diethyleneglycolmonoethylether,110,10.86531296
diethyleneglycolmonoethylether,105,9.20977576
diethyleneglycolmonoethylether,100,7.72431739
diethyleneglycolmonoethylether,95,6.40897430
diethyleneglycolmonoethylether,90,5.25995413
diethyleneglycolmonoethylether,85,4.27007846
diethyleneglycolmonoethylether,80,3.42911166
diethyleneglycolmonoethylether,75,2.72442513
diethyleneglycolmonoethylether,70,2.14186342
diethyleneglycolmonoethylether,65,1.66653472
diethyleneglycolmonoethylether,60,1.28358018
diethyleneglycolmonoethylether,55,0.97877992
diethyleneglycolmonoethylether,50,0.73900714
diethyleneglycolmonoethylether,45,0.55250746
diethyleneglycolmonoethylether,40,0.40902555
diethyleneglycolmonoethylether,35,0.29981554
diethyleneglycolmonoethylether,30,0.21756509
diethyleneglycolmonoethylether,25,0.15626709
2-(2-ethoxyethoxy)-ethanolacetate,160,21.70516916
2-(2-ethoxyethoxy)-ethanolacetate,155,19.14896013
2-(2-ethoxyethoxy)-ethanolacetate,150,16.75898593
2-(2-ethoxyethoxy)-ethanolacetate,145,14.54670022
2-(2-ethoxyethoxy)-ethanolacetate,140,12.52009136
2-(2-ethoxyethoxy)-ethanolacetate,135,10.68344426
2-(2-ethoxyethoxy)-ethanolacetate,130,9.03731517
2-(2-ethoxyethoxy)-ethanolacetate,125,7.57840308
2-(2-ethoxyethoxy)-ethanolacetate,120,6.29993740
2-(2-ethoxyethoxy)-ethanolacetate,115,5.19208966
2-(2-ethoxyethoxy)-ethanolacetate,110,4.24266138
2-(2-ethoxyethoxy)-ethanolacetate,105,3.43775638
2-(2-ethoxyethoxy)-ethanolacetate,100,2.76253120
2-(2-ethoxyethoxy)-ethanolacetate,95,2.20184221
2-(2-ethoxyethoxy)-ethanolacetate,90,1.74082876
2-(2-ethoxyethoxy)-ethanolacetate,85,1.36536934
2-(2-ethoxyethoxy)-ethanolacetate,80,1.06239611
2-(2-ethoxyethoxy)-ethanolacetate,75,0.82010047
2-(2-ethoxyethoxy)-ethanolacetate,70,0.62802403
2-(2-ethoxyethoxy)-ethanolacetate,65,0.47706790
2-(2-ethoxyethoxy)-ethanolacetate,60,0.35944023
2-(2-ethoxyethoxy)-ethanolacetate,55,0.26856263
2-(2-ethoxyethoxy)-ethanolacetate,50,0.19895229
2-(2-ethoxyethoxy)-ethanolacetate,45,0.14609385
2-(2-ethoxyethoxy)-ethanolacetate,40,0.10630969
2-(2-ethoxyethoxy)-ethanolacetate,35,0.07663616
2-(2-ethoxyethoxy)-ethanolacetate,30,0.05470920
2-(2-ethoxyethoxy)-ethanolacetate,25,0.03866184
2-(2-methoxyethoxy)ethanol,160,37.68158484
2-(2-methoxyethoxy)ethanol,155,34.82963661
2-(2-methoxyethoxy)ethanol,150,32.01085811
2-(2-methoxyethoxy)ethanol,145,29.24128693
2-(2-methoxyethoxy)ethanol,140,26.53544346
2-(2-methoxyethoxy)ethanol,135,23.91020207
2-(2-methoxyethoxy)ethanol,130,21.38110654
2-(2-methoxyethoxy)ethanol,125,18.96465742
2-(2-methoxyethoxy)ethanol,120,16.67576795
2-(2-methoxyethoxy)ethanol,115,14.52871498
2-(2-methoxyethoxy)ethanol,110,12.53584537
2-(2-methoxyethoxy)ethanol,105,10.70683323
2-(2-methoxyethoxy)ethanol,100,9.04858325
2-(2-methoxyethoxy)ethanol,95,7.56435146
2-(2-methoxyethoxy)ethanol,90,6.25383337
2-(2-methoxyethoxy)ethanol,85,5.11273586
2-(2-methoxyethoxy)ethanol,80,4.13321745
2-(2-methoxyethoxy)ethanol,75,3.30437513
2-(2-methoxyethoxy)ethanol,70,2.61292795
2-(2-methoxyethoxy)ethanol,65,2.04406116
2-(2-methoxyethoxy)ethanol,60,1.58230238
2-(2-methoxyethoxy)ethanol,55,1.21231531
2-(2-methoxyethoxy)ethanol,50,0.91951920
2-(2-methoxyethoxy)ethanol,45,0.69054847
2-(2-methoxyethoxy)ethanol,40,0.51352346
2-(2-methoxyethoxy)ethanol,35,0.37815946
2-(2-methoxyethoxy)ethanol,30,0.27575586
2-(2-methoxyethoxy)ethanol,25,0.19909786
2-(2-propoxyethoxy)ethanol,160,20.21389250
2-(2-propoxyethoxy)ethanol,155,17.20050166
2-(2-propoxyethoxy)ethanol,150,14.44745280
2-(2-propoxyethoxy)ethanol,145,11.97813594
2-(2-propoxyethoxy)ethanol,140,9.80403324
2-(2-propoxyethoxy)ethanol,135,7.92460106
2-(2-propoxyethoxy)ethanol,130,6.32840979
2-(2-propoxyethoxy)ethanol,125,4.99541518
2-(2-propoxyethoxy)ethanol,120,3.89968513
2-(2-propoxyethoxy)ethanol,115,3.01217332
2-(2-propoxyethoxy)ethanol,110,2.30309789
2-(2-propoxyethoxy)ethanol,105,1.74376372
2-(2-propoxyethoxy)ethanol,100,1.30778057
2-(2-propoxyethoxy)ethanol,95,0.97174507
2-(2-propoxyethoxy)ethanol,90,0.71549979
2-(2-propoxyethoxy)ethanol,85,0.52209632
2-(2-propoxyethoxy)ethanol,80,0.37757088
2-(2-propoxyethoxy)ethanol,75,0.27061884
2-(2-propoxyethoxy)ethanol,70,0.19222923
2-(2-propoxyethoxy)ethanol,65,0.13531960
2-(2-propoxyethoxy)ethanol,60,0.09439511
2-(2-propoxyethoxy)ethanol,55,0.06524454
2-(2-propoxyethoxy)ethanol,50,0.04467808
2-(2-propoxyethoxy)ethanol,45,0.03030687
2-(2-propoxyethoxy)ethanol,40,0.02036177
2-(2-propoxyethoxy)ethanol,35,0.01354686
2-(2-propoxyethoxy)ethanol,30,0.00892316
2-(2-propoxyethoxy)ethanol,25,0.00581770
"n-(2-aminoethyl)-1,2-ethanediamine",160,39.80607609
"n-(2-aminoethyl)-1,2-ethanediamine",155,36.47644646
"n-(2-aminoethyl)-1,2-ethanediamine",150,33.12337845
"n-(2-aminoethyl)-1,2-ethanediamine",145,29.77240988
"n-(2-aminoethyl)-1,2-ethanediamine",140,26.45535546
"n-(2-aminoethyl)-1,2-ethanediamine",135,23.20993784
"n-(2-aminoethyl)-1,2-ethanediamine",130,20.07800582
"n-(2-aminoethyl)-1,2-ethanediamine",125,17.10352301
"n-(2-aminoethyl)-1,2-ethanediamine",120,14.33053007
"n-(2-aminoethyl)-1,2-ethanediamine",115,11.79859408
"n-(2-aminoethyl)-1,2-ethanediamine",110,9.53904460
"n-(2-aminoethyl)-1,2-ethanediamine",105,7.57090482
"n-(2-aminoethyl)-1,2-ethanediamine",100,5.89914925
"n-(2-aminoethyl)-1,2-ethanediamine",95,4.51434897
"n-(2-aminoethyl)-1,2-ethanediamine",90,3.39496371
"n-(2-aminoethyl)-1,2-ethanediamine",85,2.51094085
"n-(2-aminoethyl)-1,2-ethanediamine",80,1.82780852
"n-(2-aminoethyl)-1,2-ethanediamine",75,1.31043970
"n-(2-aminoethyl)-1,2-ethanediamine",70,0.92583863
"n-(2-aminoethyl)-1,2-ethanediamine",65,0.64484339
"n-(2-aminoethyl)-1,2-ethanediamine",60,0.44286255
"n-(2-aminoethyl)-1,2-ethanediamine",55,0.29991981
"n-(2-aminoethyl)-1,2-ethanediamine",50,0.20027518
"n-(2-aminoethyl)-1,2-ethanediamine",45,0.13183987
"n-(2-aminoethyl)-1,2-ethanediamine",40,0.08553267
"n-(2-aminoethyl)-1,2-ethanediamine",35,0.05466562
"n-(2-aminoethyl)-1,2-ethanediamine",30,0.03440285
"n-(2-aminoethyl)-1,2-ethanediamine",25,0.02130822
di-2-ethylhexylphthalate,160,4.36314789
di-2-ethylhexylphthalate,155,3.61335634
di-2-ethylhexylphthalate,150,2.97787270
di-2-ethylhexylphthalate,145,2.44199716
di-2-ethylhexylphthalate,140,1.99241010
di-2-ethylhexylphthalate,135,1.61714856
di-2-ethylhexylphthalate,130,1.30555253
di-2-ethylhexylphthalate,125,1.04819143
di-2-ethylhexylphthalate,120,0.83677817
di-2-ethylhexylphthalate,115,0.66407729
di-2-ethylhexylphthalate,110,0.52380987
di-2-ethylhexylphthalate,105,0.41056036
di-2-ethylhexylphthalate,100,0.31968581
di-2-ethylhexylphthalate,95,0.24722956
di-2-ethylhexylphthalate,90,0.18984037
di-2-ethylhexylphthalate,85,0.14469740
di-2-ethylhexylphthalate,80,0.10944146
di-2-ethylhexylphthalate,75,0.08211237
di-2-ethylhexylphthalate,70,0.06109259
di-2-ethylhexylphthalate,65,0.04505678
di-2-ethylhexylphthalate,60,0.03292696
di-2-ethylhexylphthalate,55,0.02383309
di-2-ethylhexylphthalate,50,0.01707861
di-2-ethylhexylphthalate,45,0.01211048
di-2-ethylhexylphthalate,40,0.00849350
di-2-ethylhexylphthalate,35,0.00588836
di-2-ethylhexylphthalate,30,0.00403305
di-2-ethylhexylphthalate,25,0.00272733
di-n-hexylether,160,3.14236931
di-n-hexylether,155,2.51535978
di-n-hexylether,150,2.00490944
di-n-hexylether,145,1.59079802
di-n-hexylether,140,1.25613030
di-n-hexylether,135,0.98679813
di-n-hexylether,130,0.77102685
di-n-hexylether,125,0.59900689
di-n-hexylether,120,0.46258112
di-n-hexylether,115,0.35498415
di-n-hexylether,110,0.27062269
di-n-hexylether,105,0.20488978
di-n-hexylether,100,0.15400708
di-n-hexylether,95,0.11489078
di-n-hexylether,90,0.08503723
di-n-hexylether,85,0.06242559
di-n-hexylether,80,0.04543500
di-n-hexylether,75,0.03277411
di-n-hexylether,70,0.02342151
di-n-hexylether,65,0.01657546
di-n-hexylether,60,0.01161176
di-n-hexylether,55,0.00804855
di-n-hexylether,50,0.00551721
di-n-hexylether,45,0.00373842
di-n-hexylether,40,0.00250263
di-n-hexylether,35,0.00165425
di-n-hexylether,30,0.00107908
di-n-hexylether,25,0.00069419
dihexylphthalate,160,6.06292159
dihexylphthalate,155,5.04752267
dihexylphthalate,150,4.17914904
dihexylphthalate,145,3.44115941
dihexylphthalate,140,2.81781639
dihexylphthalate,135,2.29448292
dihexylphthalate,130,1.85773825
dihexylphthalate,125,1.49542684
dihexylphthalate,120,1.19665986
dihexylphthalate,115,0.95177850
dihexylphthalate,110,0.75229191
dihexylphthalate,105,0.59079810
dihexylphthalate,100,0.46089515
dihexylphthalate,95,0.35708779
dihexylphthalate,90,0.27469354
dihexylphthalate,85,0.20975118
dihexylphthalate,80,0.15893367
dihexylphthalate,75,0.11946664
dihexylphthalate,70,0.08905346
dihexylphthalate,65,0.06580707
dihexylphthalate,60,0.04818873
dihexylphthalate,55,0.03495364
dihexylphthalate,50,0.02510290
dihexylphthalate,45,0.01784178
dihexylphthalate,40,0.01254355
dihexylphthalate,35,0.00871848
dihexylphthalate,30,0.00598762
dihexylphthalate,25,0.00406067
"2,3-dihydropyran",160,52.10872948
"2,3-dihydropyran",155,49.50042359
"2,3-dihydropyran",150,46.84113257
"2,3-dihydropyran",145,44.13649779
"2,3-dihydropyran",140,41.39057432
"2,3-dihydropyran",135,38.61342911
"2,3-dihydropyran",130,35.81262965
"2,3-dihydropyran",125,33.00025317
"2,3-dihydropyran",120,30.19030882
"2,3-dihydropyran",115,27.39751020
"2,3-dihydropyran",110,24.64013477
"2,3-dihydropyran",105,21.94037659
"2,3-dihydropyran",100,19.32053772
"2,3-dihydropyran",95,16.80657271
"2,3-dihydropyran",90,14.42464176
"2,3-dihydropyran",85,12.20089930
"2,3-dihydropyran",80,10.15958120
"2,3-dihydropyran",75,8.32065616
"2,3-dihydropyran",70,6.69779342
"2,3-dihydropyran",65,5.29704579
"2,3-dihydropyran",60,4.11542951
"2,3-dihydropyran",55,3.14168379
"2,3-dihydropyran",50,2.35752583
"2,3-dihydropyran",45,1.73994355
"2,3-dihydropyran",40,1.26372643
"2,3-dihydropyran",35,0.90374004
"2,3-dihydropyran",30,0.63663463
"2,3-dihydropyran",25,0.44188419
rhodiasolv-dib1_cas_141_04_8,160,10.72614935
rhodiasolv-dib1_cas_141_04_8,155,9.10003933
rhodiasolv-dib1_cas_141_04_8,150,7.66790905
rhodiasolv-dib1_cas_141_04_8,145,6.41763866
rhodiasolv-dib1_cas_141_04_8,140,5.33542588
rhodiasolv-dib1_cas_141_04_8,135,4.40641323
rhodiasolv-dib1_cas_141_04_8,130,3.61530751
rhodiasolv-dib1_cas_141_04_8,125,2.94688406
rhodiasolv-dib1_cas_141_04_8,120,2.38640008
rhodiasolv-dib1_cas_141_04_8,115,1.91990620
rhodiasolv-dib1_cas_141_04_8,110,1.53446233
rhodiasolv-dib1_cas_141_04_8,105,1.21826879
rhodiasolv-dib1_cas_141_04_8,100,0.96072693
rhodiasolv-dib1_cas_141_04_8,95,0.75244363
rhodiasolv-dib1_cas_141_04_8,90,0.58519494
rhodiasolv-dib1_cas_141_04_8,85,0.45185942
rhodiasolv-dib1_cas_141_04_8,80,0.34633333
rhodiasolv-dib1_cas_141_04_8,75,0.26343527
rhodiasolv-dib1_cas_141_04_8,70,0.19880685
rhodiasolv-dib1_cas_141_04_8,65,0.14881418
rhodiasolv-dib1_cas_141_04_8,60,0.11045343
rhodiasolv-dib1_cas_141_04_8,55,0.08126262
rhodiasolv-dib1_cas_141_04_8,50,0.05924097
rhodiasolv-dib1_cas_141_04_8,45,0.04277638
rhodiasolv-dib1_cas_141_04_8,40,0.03058122
rhodiasolv-dib1_cas_141_04_8,35,0.02163611
rhodiasolv-dib1_cas_141_04_8,30,0.01514149
rhodiasolv-dib1_cas_141_04_8,25,0.01047609
diisopropylamine,160,33.27384178
diisopropylamine,155,29.78668995
diisopropylamine,150,26.39971729
diisopropylamine,145,23.15212070
diisopropylamine,140,20.08101225
diisopropylamine,135,17.21908274
diisopropylamine,130,14.59272095
diisopropylamine,125,12.22049424
diisopropylamine,120,10.11213426
diisopropylamine,115,8.26832433
diisopropylamine,110,6.68147118
diisopropylamine,105,5.33694339
diisopropylamine,100,4.21484586
diisopropylamine,95,3.29187983
diisopropylamine,90,2.54316645
diisopropylamine,85,1.94379747
diisopropylamine,80,1.47001858
diisopropylamine,75,1.10004295
diisopropylamine,70,0.81451152
diisopropylamine,65,0.59667359
diisopropylamine,60,0.43235990
diisopropylamine,55,0.30981810
diisopropylamine,50,0.21946893
diisopropylamine,45,0.15362640
diisopropylamine,40,0.10621306
diisopropylamine,35,0.07248930
diisopropylamine,30,0.04880802
diisopropylamine,25,0.03239962
4-methylene-2-oxetanone,160,35.44042481
4-methylene-2-oxetanone,155,30.74199876
4-methylene-2-oxetanone,150,26.08944021
4-methylene-2-oxetanone,145,21.63272196
4-methylene-2-oxetanone,140,17.52278599
4-methylene-2-oxetanone,135,13.88073984
4-methylene-2-oxetanone,130,10.77499069
4-methylene-2-oxetanone,125,8.21624885
4-methylene-2-oxetanone,120,6.16892247
4-methylene-2-oxetanone,115,4.56969514
4-methylene-2-oxetanone,110,3.34470186
4-methylene-2-oxetanone,105,2.42137862
4-methylene-2-oxetanone,100,1.73488936
4-methylene-2-oxetanone,95,1.23059487
4-methylene-2-oxetanone,90,0.86421356
4-methylene-2-oxetanone,85,0.60081851
4-methylene-2-oxetanone,80,0.41341045
4-methylene-2-oxetanone,75,0.28144680
4-methylene-2-oxetanone,70,0.18950483
4-methylene-2-oxetanone,65,0.12614339
4-methylene-2-oxetanone,60,0.08297038
4-methylene-2-oxetanone,55,0.05389844
4-methylene-2-oxetanone,50,0.03456138
4-methylene-2-oxetanone,45,0.02186366
4-methylene-2-oxetanone,40,0.01363684
4-methylene-2-oxetanone,35,0.00838096
4-methylene-2-oxetanone,30,0.00507197
4-methylene-2-oxetanone,25,0.00302040
dimethoxymethane,160,56.59638243
dimethoxymethane,155,54.22046815
dimethoxymethane,150,51.79313802
dimethoxymethane,145,49.31664296
dimethoxymethane,140,46.79458867
dimethoxymethane,135,44.23142314
dimethoxymethane,130,41.63402342
dimethoxymethane,125,39.00653866
dimethoxymethane,120,36.35549981
dimethoxymethane,115,33.69356453
dimethoxymethane,110,31.02974715
dimethoxymethane,105,28.37664936
dimethoxymethane,100,25.74768456
dimethoxymethane,95,23.16070262
dimethoxymethane,90,20.63329586
dimethoxymethane,85,18.18509481
dimethoxymethane,80,15.83828656
dimethoxymethane,75,13.61562307
dimethoxymethane,70,11.53902309
dimethoxymethane,65,9.62948839
dimethoxymethane,60,7.90464139
dimethoxymethane,55,6.37738812
dimethoxymethane,50,5.05381561
dimethoxymethane,45,3.93279489
dimethoxymethane,40,3.00538382
dimethoxymethane,35,2.25611162
dimethoxymethane,30,1.66461472
dimethoxymethane,25,1.20790641
dimethylisosorbide,160,17.22659572
dimethylisosorbide,155,14.74281075
dimethylisosorbide,150,12.50244546
dimethylisosorbide,145,10.50758707
dimethylisosorbide,140,8.75362715
dimethylisosorbide,135,7.23014346
dimethylisosorbide,130,5.92219874
dimethylisosorbide,125,4.81170402
dimethylisosorbide,120,3.87874675
dimethylisosorbide,115,3.10273751
dimethylisosorbide,110,2.46336992
dimethylisosorbide,105,1.94132298
dimethylisosorbide,100,1.51874030
dimethylisosorbide,95,1.17951048
dimethylisosorbide,90,0.90938733
dimethylisosorbide,85,0.69598993
dimethylisosorbide,80,0.52871889
dimethylisosorbide,75,0.39862018
dimethylisosorbide,70,0.29821938
dimethylisosorbide,65,0.22134507
dimethylisosorbide,60,0.16295328
dimethylisosorbide,55,0.11896101
dimethylisosorbide,50,0.08609367
dimethylisosorbide,45,0.06174866
dimethylisosorbide,40,0.04387593
dimethylisosorbide,35,0.03087512
dimethylisosorbide,30,0.02150814
dimethylisosorbide,25,0.01482605
2-butyne,160,100.00000000
2-butyne,155,100.00000000
2-butyne,150,100.00000000
2-butyne,145,60.05239015
2-butyne,140,57.79672326
2-butyne,135,55.46526888
2-butyne,130,53.05731537
2-butyne,125,50.57333347
2-butyne,120,48.01421187
2-butyne,115,45.38205587
2-butyne,110,42.67963626
2-butyne,105,39.91410450
2-butyne,100,37.08905223
2-butyne,95,34.21619179
2-butyne,90,31.30827432
2-butyne,85,28.38127087
2-butyne,80,25.45492846
2-butyne,75,22.55655387
2-butyne,70,19.71359369
2-butyne,65,16.96318491
2-butyne,60,14.34360940
2-butyne,55,11.89522228
2-butyne,50,9.65769851
2-butyne,45,7.66465448
2-butyne,40,5.93952882
2-butyne,35,4.49190997
2-butyne,30,3.31559225
2-butyne,25,2.39008585
dimethyl_adipate,160,19.58342071
dimethyl_adipate,155,17.01793682
dimethyl_adipate,150,14.65621128
dimethyl_adipate,145,12.50794535
dimethyl_adipate,140,10.57758352
dimethyl_adipate,135,8.86412817
dimethyl_adipate,130,7.36164479
dimethyl_adipate,125,6.05983472
dimethyl_adipate,120,4.94501146
dimethyl_adipate,115,4.00104021
dimethyl_adipate,110,3.21037422
dimethyl_adipate,105,2.55497705
dimethyl_adipate,100,2.01710107
dimethyl_adipate,95,1.57987499
dimethyl_adipate,90,1.22772263
dimethyl_adipate,85,0.94660673
dimethyl_adipate,80,0.72413708
dimethyl_adipate,75,0.54957228
dimethyl_adipate,70,0.41374629
dimethyl_adipate,65,0.30894644
dimethyl_adipate,60,0.22876510
dimethyl_adipate,55,0.16794050
dimethyl_adipate,50,0.12219865
dimethyl_adipate,45,0.08810371
dimethyl_adipate,40,0.06292105
dimethyl_adipate,35,0.04449538
dimethyl_adipate,30,0.03114441
dimethyl_adipate,25,0.02156784
dimethylamine,160,100.00000000
dimethylamine,155,100.00000000
dimethylamine,150,100.00000000
dimethylamine,145,100.00000000
dimethylamine,140,100.00000000
dimethylamine,135,100.00000000
dimethylamine,130,100.00000000
dimethylamine,125,57.66165629
dimethylamine,120,55.21540965
dimethylamine,115,52.64715117
dimethylamine,110,49.94996555
dimethylamine,105,47.11847429
dimethylamine,100,44.15139712
dimethylamine,95,41.04666419
dimethylamine,90,37.80625337
dimethylamine,85,34.43839368
dimethylamine,80,30.96287635
dimethylamine,75,27.40350101
dimethylamine,70,23.80205226
dimethylamine,65,20.21673524
dimethylamine,60,16.72245824
dimethylamine,55,13.41218623
dimethylamine,50,10.38623664
dimethylamine,45,7.73898706
dimethylamine,40,5.53771486
dimethylamine,35,3.80573003
dimethylamine,30,2.51702112
dimethylamine,25,1.60736285
dimethylcarbonate,160,44.55968101
dimethylcarbonate,155,41.35008173
dimethylcarbonate,150,38.10107719
dimethylcarbonate,145,34.83343917
dimethylcarbonate,140,31.57248805
dimethylcarbonate,135,28.34804788
dimethylcarbonate,130,25.19157563
dimethylcarbonate,125,22.13713657
dimethylcarbonate,120,19.21987296
dimethylcarbonate,115,16.47358497
dimethylcarbonate,110,13.92849801
dimethylcarbonate,105,11.61004932
dimethylcarbonate,100,9.53622986
dimethylcarbonate,95,7.71667636
dimethylcarbonate,90,6.15149475
dimethylcarbonate,85,4.83181000
dimethylcarbonate,80,3.74098543
dimethylcarbonate,75,2.85649337
dimethylcarbonate,70,2.15232607
dimethylcarbonate,65,1.60130635
dimethylcarbonate,60,1.17699728
dimethylcarbonate,55,0.85510159
dimethylcarbonate,50,0.61427239
dimethylcarbonate,45,0.43642873
dimethylcarbonate,40,0.30671288
dimethylcarbonate,35,0.21321927
dimethylcarbonate,30,0.14660980
dimethylcarbonate,25,0.09969418
"1,2-dimethoxyethane",160,52.23439208
"1,2-dimethoxyethane",155,49.85175188
"1,2-dimethoxyethane",150,47.44398350
"1,2-dimethoxyethane",145,45.01318480
"1,2-dimethoxyethane",140,42.56789691
"1,2-dimethoxyethane",135,40.11058715
"1,2-dimethoxyethane",130,37.64913957
"1,2-dimethoxyethane",125,35.18900553
"1,2-dimethoxyethane",120,32.74016255
"1,2-dimethoxyethane",115,30.30722639
"1,2-dimethoxyethane",110,27.90260949
"1,2-dimethoxyethane",105,25.53375161
"1,2-dimethoxyethane",100,23.21348976
"1,2-dimethoxyethane",95,20.95193504
"1,2-dimethoxyethane",90,18.76221413
"1,2-dimethoxyethane",85,16.65685870
"1,2-dimethoxyethane",80,14.64913437
"1,2-dimethoxyethane",75,12.75246454
"1,2-dimethoxyethane",70,10.97925325
"1,2-dimethoxyethane",65,9.34099271
"1,2-dimethoxyethane",60,7.84729384
"1,2-dimethoxyethane",55,6.50518536
"1,2-dimethoxyethane",50,5.31826775
"1,2-dimethoxyethane",45,4.28620854
"1,2-dimethoxyethane",40,3.40475460
"1,2-dimethoxyethane",35,2.66555494
"1,2-dimethoxyethane",30,2.05703403
"1,2-dimethoxyethane",25,1.56517317
dimethyldisulfide,160,100.00000000
dimethyldisulfide,155,51.02702761
dimethyldisulfide,150,48.79672238
dimethyldisulfide,145,46.54871418
dimethyldisulfide,140,44.28613426
dimethyldisulfide,135,42.01107247
dimethyldisulfide,130,39.72737636
dimethyldisulfide,125,37.43703972
dimethyldisulfide,120,35.14556813
dimethyldisulfide,115,32.85807586
dimethyldisulfide,110,30.57770638
dimethyldisulfide,105,28.31099161
dimethyldisulfide,100,26.06551174
dimethyldisulfide,95,23.84795802
dimethyldisulfide,90,21.66672353
dimethyldisulfide,85,19.53207875
dimethyldisulfide,80,17.45316612
dimethyldisulfide,75,15.44469456
dimethyldisulfide,70,13.51781534
dimethyldisulfide,65,11.68758333
dimethyldisulfide,60,9.96850076
dimethyldisulfide,55,8.37565921
dimethyldisulfide,50,6.92263307
dimethyldisulfide,45,5.62095529
dimethyldisulfide,40,4.47857906
dimethyldisulfide,35,3.49841029
dimethyldisulfide,30,2.67781021
dimethyldisulfide,25,2.00808771
2-(dimethylamino)-ethanol,160,51.59939189
2-(dimethylamino)-ethanol,155,49.11990142
2-(dimethylamino)-ethanol,150,46.60763105
2-(dimethylamino)-ethanol,145,44.06823362
2-(dimethylamino)-ethanol,140,41.50634759
2-(dimethylamino)-ethanol,135,38.92977493
2-(dimethylamino)-ethanol,130,36.34219588
2-(dimethylamino)-ethanol,125,33.75566701
2-(dimethylamino)-ethanol,120,31.17726152
2-(dimethylamino)-ethanol,115,28.61806657
2-(dimethylamino)-ethanol,110,26.09012768
2-(dimethylamino)-ethanol,105,23.60793980
2-(dimethylamino)-ethanol,100,21.18329631
2-(dimethylamino)-ethanol,95,18.83417161
2-(dimethylamino)-ethanol,90,16.57746928
2-(dimethylamino)-ethanol,85,14.43004851
2-(dimethylamino)-ethanol,80,12.40977397
2-(dimethylamino)-ethanol,75,10.53331835
2-(dimethylamino)-ethanol,70,8.81575612
2-(dimethylamino)-ethanol,65,7.26892954
2-(dimethylamino)-ethanol,60,5.90047879
2-(dimethylamino)-ethanol,55,4.71283861
2-(dimethylamino)-ethanol,50,3.70285800
2-(dimethylamino)-ethanol,45,2.86168431
2-(dimethylamino)-ethanol,40,2.17571432
2-(dimethylamino)-ethanol,35,1.62781789
2-(dimethylamino)-ethanol,30,1.19893465
2-(dimethylamino)-ethanol,25,0.86963420
dimethylether,160,100.00000000
dimethylether,155,100.00000000
dimethylether,150,100.00000000
dimethylether,145,100.00000000
dimethylether,140,100.00000000
dimethylether,135,100.00000000
dimethylether,130,100.00000000
dimethylether,125,100.00000000
dimethylether,120,100.00000000
dimethylether,115,100.00000000
dimethylether,110,100.00000000
dimethylether,105,100.00000000
dimethylether,100,100.00000000
dimethylether,95,100.00000000
dimethylether,90,46.98606544
dimethylether,85,44.80524877
dimethylether,80,42.58267104
dimethylether,75,40.32296569
dimethylether,70,38.02973071
dimethylether,65,35.70621178
dimethylether,60,33.35569520
dimethylether,55,30.98593519
dimethylether,50,28.60309506
dimethylether,45,26.21569744
dimethylether,40,23.83554029
dimethylether,35,21.47364879
dimethylether,30,19.14344266
dimethylether,25,16.86478713
dimethylformamide,160,100.00000000
dimethylformamide,155,54.03848236
dimethylformamide,150,51.70932804
dimethylformamide,145,49.36527365
dimethylformamide,140,47.01376474
dimethylformamide,135,44.66127592
dimethylformamide,130,42.31398650
dimethylformamide,125,39.97758283
dimethylformamide,120,37.65697127
dimethylformamide,115,35.36208851
dimethylformamide,110,33.09523891
dimethylformamide,105,30.86464799
dimethylformamide,100,28.67531829
dimethylformamide,95,26.53213972
dimethylformamide,90,24.44179565
dimethylformamide,85,22.41015107
dimethylformamide,80,20.44152799
dimethylformamide,75,18.54145762
dimethylformamide,70,16.71612055
dimethylformamide,65,14.97031248
dimethylformamide,60,13.31000631
dimethylformamide,55,11.73991751
dimethylformamide,50,10.26490952
dimethylformamide,45,8.89082736
dimethylformamide,40,7.62158314
dimethylformamide,35,6.46117938
dimethylformamide,30,5.41219500
dimethylformamide,25,4.47598264
pentanedioicaciddimethylester,160,17.87607172
pentanedioicaciddimethylester,155,15.26447604
pentanedioicaciddimethylester,150,12.90927212
pentanedioicaciddimethylester,145,10.81425464
pentanedioicaciddimethylester,140,8.97550167
pentanedioicaciddimethylester,135,7.38238659
pentanedioicaciddimethylester,130,6.01904783
pentanedioicaciddimethylester,125,4.86596471
pentanedioicaciddimethylester,120,3.90149510
pentanedioicaciddimethylester,115,3.10321507
pentanedioicaciddimethylester,110,2.44902235
pentanedioicaciddimethylester,105,1.91794305
pentanedioicaciddimethylester,100,1.49067190
pentanedioicaciddimethylester,95,1.14987884
pentanedioicaciddimethylester,90,0.88032977
pentanedioicaciddimethylester,85,0.66887009
pentanedioicaciddimethylester,80,0.50431586
pentanedioicaciddimethylester,75,0.37728716
pentanedioicaciddimethylester,70,0.28001292
pentanedioicaciddimethylester,65,0.20612664
pentanedioicaciddimethylester,60,0.15046647
pentanedioicaciddimethylester,55,0.10888839
pentanedioicaciddimethylester,50,0.07809692
pentanedioicaciddimethylester,45,0.05549569
pentanedioicaciddimethylester,40,0.03905785
pentanedioicaciddimethylester,35,0.02721575
pentanedioicaciddimethylester,30,0.01876820
pentanedioicaciddimethylester,25,0.01280355
2-methyl-1-propen-1-one(dimethylketene),160,56.79583179
2-methyl-1-propen-1-one(dimethylketene),155,54.23028786
2-methyl-1-propen-1-one(dimethylketene),150,51.59016857
2-methyl-1-propen-1-one(dimethylketene),145,48.87619954
2-methyl-1-propen-1-one(dimethylketene),140,46.09516406
2-methyl-1-propen-1-one(dimethylketene),135,43.24979502
2-methyl-1-propen-1-one(dimethylketene),130,40.34819946
2-methyl-1-propen-1-one(dimethylketene),125,37.40255612
2-methyl-1-propen-1-one(dimethylketene),120,34.42391484
2-methyl-1-propen-1-one(dimethylketene),115,31.43027149
2-methyl-1-propen-1-one(dimethylketene),110,28.43719505
2-methyl-1-propen-1-one(dimethylketene),105,25.47049560
2-methyl-1-propen-1-one(dimethylketene),100,22.55718143
2-methyl-1-propen-1-one(dimethylketene),95,19.72714692
2-methyl-1-propen-1-one(dimethylketene),90,17.01403437
2-methyl-1-propen-1-one(dimethylketene),85,14.45247094
2-methyl-1-propen-1-one(dimethylketene),80,12.07609400
2-methyl-1-propen-1-one(dimethylketene),75,9.91519835
2-methyl-1-propen-1-one(dimethylketene),70,7.99277534
2-methyl-1-propen-1-one(dimethylketene),65,6.32278874
2-methyl-1-propen-1-one(dimethylketene),60,4.90760958
2-methyl-1-propen-1-one(dimethylketene),55,3.73827581
2-methyl-1-propen-1-one(dimethylketene),50,2.79592064
2-methyl-1-propen-1-one(dimethylketene),45,2.05453787
2-methyl-1-propen-1-one(dimethylketene),40,1.48438605
2-methyl-1-propen-1-one(dimethylketene),35,1.05513664
2-methyl-1-propen-1-one(dimethylketene),30,0.73829367
2-methyl-1-propen-1-one(dimethylketene),25,0.50869738
dimethylmaleate,160,12.49142229
dimethylmaleate,155,10.08543480
dimethylmaleate,150,8.06449112
dimethylmaleate,145,6.39176253
dimethylmaleate,140,5.02464513
dimethylmaleate,135,3.91951690
dimethylmaleate,130,3.03482755
dimethylmaleate,125,2.33283110
dimethylmaleate,120,1.78035544
dimethylmaleate,115,1.34893715
dimethylmaleate,110,1.01460161
dimethylmaleate,105,0.75744516
dimethylmaleate,100,0.56114131
dimethylmaleate,95,0.41243597
dimethylmaleate,90,0.30066918
dimethylmaleate,85,0.21734184
dimethylmaleate,80,0.15573421
dimethylmaleate,75,0.11057742
dimethylmaleate,70,0.07777462
dimethylmaleate,65,0.05416736
dimethylmaleate,60,0.03734192
dimethylmaleate,55,0.02547052
dimethylmaleate,50,0.01718204
dimethylmaleate,45,0.01145809
dimethylmaleate,40,0.00754995
dimethylmaleate,35,0.00491309
dimethylmaleate,30,0.00315584
dimethylmaleate,25,0.00199978
dimethylphthalate,160,14.48315526
dimethylphthalate,155,12.22698374
dimethylphthalate,150,10.22504973
dimethylphthalate,145,8.47241756
dimethylphthalate,140,6.95768404
dimethylphthalate,135,5.66449279
dimethylphthalate,130,4.57312739
dimethylphthalate,125,3.66204991
dimethylphthalate,120,2.90922234
dimethylphthalate,115,2.29314556
dimethylphthalate,110,1.79359499
dimethylphthalate,105,1.39208840
dimethylphthalate,100,1.07212868
dimethylphthalate,95,0.81927618
dimethylphthalate,90,0.62110053
dimethylphthalate,85,0.46705413
dimethylphthalate,80,0.34830050
dimethylphthalate,75,0.25752173
dimethylphthalate,70,0.18872199
dimethylphthalate,65,0.13703810
dimethylphthalate,60,0.09856386
dimethylphthalate,55,0.07019163
dimethylphthalate,50,0.04947255
dimethylphthalate,45,0.03449539
dimethylphthalate,40,0.02378309
dimethylphthalate,35,0.01620554
dimethylphthalate,30,0.01090712
dimethylphthalate,25,0.00724693
dimethylsuccinate,160,18.08763205
dimethylsuccinate,155,15.25166306
dimethylsuccinate,150,12.71826288
dimethylsuccinate,145,10.49275960
dimethylsuccinate,140,8.56851204
dimethylsuccinate,135,6.92923916
dimethylsuccinate,130,5.55179033
dimethylsuccinate,125,4.40891028
dimethylsuccinate,120,3.47165447
dimethylsuccinate,115,2.71127573
dimethylsuccinate,110,2.10055998
dimethylsuccinate,105,1.61465906
dimethylsuccinate,100,1.23151809
dimethylsuccinate,95,0.93200261
dimethylsuccinate,90,0.69982115
dimethylsuccinate,85,0.52132159
dimethylsuccinate,80,0.38521981
dimethylsuccinate,75,0.28230205
dimethylsuccinate,70,0.20512795
dimethylsuccinate,65,0.14775088
dimethylsuccinate,60,0.10546445
dimethylsuccinate,55,0.07457917
dimethylsuccinate,50,0.05222974
dimethylsuccinate,45,0.03621175
dimethylsuccinate,40,0.02484531
dimethylsuccinate,35,0.01686255
dimethylsuccinate,30,0.01131608
dimethylsuccinate,25,0.00750516
dimethylsulfate,160,23.85122454
dimethylsulfate,155,20.04863803
dimethylsulfate,150,16.52974791
dimethylsulfate,145,13.37317738
dimethylsulfate,140,10.62884211
dimethylsulfate,135,8.31220254
dimethylsulfate,130,6.40735556
dimethylsulfate,125,4.87605738
dimethylsulfate,120,3.66820470
dimethylsulfate,115,2.73055326
dimethylsulfate,110,2.01249374
dimethylsulfate,105,1.46912424
dimethylsulfate,100,1.06237475
dimethylsulfate,95,0.76097944
dimethylsulfate,90,0.53984434
dimethylsulfate,85,0.37918155
dimethylsulfate,80,0.26360886
dimethylsulfate,75,0.18131520
dimethylsulfate,70,0.12333280
dimethylsulfate,65,0.08292516
dimethylsulfate,60,0.05508553
dimethylsulfate,55,0.03613269
dimethylsulfate,50,0.02339003
dimethylsulfate,45,0.01493391
dimethylsulfate,40,0.00939855
dimethylsulfate,35,0.00582655
dimethylsulfate,30,0.00355574
dimethylsulfate,25,0.00213455
dimethylsulfide,160,100.00000000
dimethylsulfide,155,100.00000000
dimethylsulfide,150,100.00000000
dimethylsulfide,145,100.00000000
dimethylsulfide,140,100.00000000
dimethylsulfide,135,100.00000000
dimethylsulfide,130,100.00000000
dimethylsulfide,125,51.05134217
dimethylsulfide,120,48.87167759
dimethylsulfide,115,46.65316653
dimethylsulfide,110,44.39551950
dimethylsulfide,105,42.10519445
dimethylsulfide,100,39.78250220
dimethylsulfide,95,37.42937403
dimethylsulfide,90,35.05227218
dimethylsulfide,85,32.65669507
dimethylsulfide,80,30.24711371
dimethylsulfide,75,27.83150103
dimethylsulfide,70,25.41979393
dimethylsulfide,65,23.02413221
dimethylsulfide,60,20.65519566
dimethylsulfide,55,18.33103180
dimethylsulfide,50,16.06795318
dimethylsulfide,45,13.88805075
dimethylsulfide,40,11.81354264
dimethylsulfide,35,9.87004715
dimethylsulfide,30,8.08196754
dimethylsulfide,25,6.47294276
dimethylsulfone,160,0.00615698
dimethylsulfone,155,0.00459879
dimethylsulfone,150,0.00342313
dimethylsulfone,145,0.00253928
dimethylsulfone,140,0.00187722
dimethylsulfone,135,0.00138310
dimethylsulfone,130,0.00101563
dimethylsulfone,125,0.00074334
dimethylsulfone,120,0.00054230
dimethylsulfone,115,0.00039438
dimethylsulfone,110,0.00028592
dimethylsulfone,105,0.00020667
dimethylsulfone,100,0.00014896
dimethylsulfone,95,0.00010707
dimethylsulfone,90,0.00007675
dimethylsulfone,85,0.00005489
dimethylsulfone,80,0.00003916
dimethylsulfone,75,0.00002788
dimethylsulfone,70,0.00001981
dimethylsulfone,65,0.00001405
dimethylsulfone,60,0.00000995
dimethylsulfone,55,0.00000704
dimethylsulfone,50,0.00000498
dimethylsulfone,45,0.00000352
dimethylsulfone,40,0.00000248
dimethylsulfone,35,0.00000175
dimethylsulfone,30,0.00000124
dimethylsulfone,25,0.00000088
dimethylsulfoxide,160,32.85106329
dimethylsulfoxide,155,30.17415973
dimethylsulfoxide,150,27.65913252
dimethylsulfoxide,145,25.29744500
dimethylsulfoxide,140,23.08108440
dimethylsulfoxide,135,21.00341792
dimethylsulfoxide,130,19.05750747
dimethylsulfoxide,125,17.23682669
dimethylsulfoxide,120,15.53508199
dimethylsulfoxide,115,13.94716386
dimethylsulfoxide,110,12.46787363
dimethylsulfoxide,105,11.09368515
dimethylsulfoxide,100,9.82103901
dimethylsulfoxide,95,8.64638258
dimethylsulfoxide,90,7.56672234
dimethylsulfoxide,85,6.57918813
dimethylsulfoxide,80,5.68090178
dimethylsulfoxide,75,4.86910921
dimethylsulfoxide,70,4.14076357
dimethylsulfoxide,65,3.49238967
dimethylsulfoxide,60,2.92037833
dimethylsulfoxide,55,2.42052062
dimethylsulfoxide,50,1.98811311
dimethylsulfoxide,45,1.61808297
dimethylsulfoxide,40,1.30490472
dimethylsulfoxide,35,1.04280964
dimethylsulfoxide,30,0.82593025
dimethylsulfoxide,25,0.64845670
hexanedioicacid-dioctylester,160,3.29953675
hexanedioicacid-dioctylester,155,2.71049440
hexanedioicacid-dioctylester,150,2.21652810
hexanedioicacid-dioctylester,145,1.80411447
hexanedioicacid-dioctylester,140,1.46134353
hexanedioicacid-dioctylester,135,1.17777937
hexanedioicacid-dioctylester,130,0.94432175
hexanedioicacid-dioctylester,125,0.75307233
hexanedioicacid-dioctylester,120,0.59720783
hexanedioicacid-dioctylester,115,0.47086133
hexanedioicacid-dioctylester,110,0.36901261
hexanedioicacid-dioctylester,105,0.28738671
hexanedioicacid-dioctylester,100,0.22236219
hexanedioicacid-dioctylester,95,0.17088736
hexanedioicacid-dioctylester,90,0.13040485
hexanedioicacid-dioctylester,85,0.09878391
hexanedioicacid-dioctylester,80,0.07425994
hexanedioicacid-dioctylester,75,0.05538077
hexanedioicacid-dioctylester,70,0.04095924
hexanedioicacid-dioctylester,65,0.03003153
hexanedioicacid-dioctylester,60,0.02182084
hexanedioicacid-dioctylester,55,0.01570580
hexanedioicacid-dioctylester,50,0.01119331
hexanedioicacid-dioctylester,45,0.00789537
hexanedioicacid-dioctylester,40,0.00550927
hexanedioicacid-dioctylester,35,0.00380105
hexanedioicacid-dioctylester,30,0.00259160
hexanedioicacid-dioctylester,25,0.00174517
dipentene,160,15.36782307
dipentene,155,12.74406626
dipentene,150,10.47209980
dipentene,145,8.53250170
dipentene,140,6.89717490
dipentene,135,5.53346899
dipentene,130,4.40737287
dipentene,125,3.48572763
dipentene,120,2.73761304
dipentene,115,2.13506990
dipentene,110,1.65340918
dipentene,105,1.27121291
dipentene,100,0.97016613
dipentene,95,0.73479411
dipentene,90,0.55215739
dipentene,85,0.41153751
dipentene,80,0.30413317
dipentene,75,0.22277793
dipentene,70,0.16168462
dipentene,65,0.11621861
dipentene,60,0.08269959
dipentene,55,0.05823036
dipentene,50,0.04055077
dipentene,45,0.02791408
dipentene,40,0.01898361
dipentene,35,0.01274695
dipentene,30,0.00844560
dipentene,25,0.00551769
"1,1'-(1,2-ethynediyl)bisbenzene",160,23.70838855
"1,1'-(1,2-ethynediyl)bisbenzene",155,21.12115165
"1,1'-(1,2-ethynediyl)bisbenzene",150,18.66959545
"1,1'-(1,2-ethynediyl)bisbenzene",145,16.36728166
"1,1'-(1,2-ethynediyl)bisbenzene",140,14.22608940
"1,1'-(1,2-ethynediyl)bisbenzene",135,12.25533376
"1,1'-(1,2-ethynediyl)bisbenzene",130,10.46113769
"1,1'-(1,2-ethynediyl)bisbenzene",125,8.84621097
"1,1'-(1,2-ethynediyl)bisbenzene",120,7.40973607
"1,1'-(1,2-ethynediyl)bisbenzene",115,6.14733997
"1,1'-(1,2-ethynediyl)bisbenzene",110,5.05131163
"1,1'-(1,2-ethynediyl)bisbenzene",105,4.11121428
"1,1'-(1,2-ethynediyl)bisbenzene",100,3.31446919
"1,1'-(1,2-ethynediyl)bisbenzene",95,2.64712350
"1,1'-(1,2-ethynediyl)bisbenzene",90,2.09453705
"1,1'-(1,2-ethynediyl)bisbenzene",85,1.64204894
"1,1'-(1,2-ethynediyl)bisbenzene",80,1.27552121
"1,1'-(1,2-ethynediyl)bisbenzene",75,0.98173567
"1,1'-(1,2-ethynediyl)bisbenzene",70,0.74866826
"1,1'-(1,2-ethynediyl)bisbenzene",65,0.56563104
"1,1'-(1,2-ethynediyl)bisbenzene",60,0.42331563
"1,1'-(1,2-ethynediyl)bisbenzene",55,0.31376017
"1,1'-(1,2-ethynediyl)bisbenzene",50,0.23026392
"1,1'-(1,2-ethynediyl)bisbenzene",45,0.16726993
"1,1'-(1,2-ethynediyl)bisbenzene",40,0.12023222
"1,1'-(1,2-ethynediyl)bisbenzene",35,0.08547911
"1,1'-(1,2-ethynediyl)bisbenzene",30,0.06008120
"1,1'-(1,2-ethynediyl)bisbenzene",25,0.04172903
"1,1'-(1,2-ethynediyl)bisbenzene",160,23.70838855
"1,1'-(1,2-ethynediyl)bisbenzene",155,21.12115165
"1,1'-(1,2-ethynediyl)bisbenzene",150,18.66959545
"1,1'-(1,2-ethynediyl)bisbenzene",145,16.36728166
"1,1'-(1,2-ethynediyl)bisbenzene",140,14.22608940
"1,1'-(1,2-ethynediyl)bisbenzene",135,12.25533376
"1,1'-(1,2-ethynediyl)bisbenzene",130,10.46113769
"1,1'-(1,2-ethynediyl)bisbenzene",125,8.84621097
"1,1'-(1,2-ethynediyl)bisbenzene",120,7.40973607
"1,1'-(1,2-ethynediyl)bisbenzene",115,6.14733997
"1,1'-(1,2-ethynediyl)bisbenzene",110,5.05131163
"1,1'-(1,2-ethynediyl)bisbenzene",105,4.11121428
"1,1'-(1,2-ethynediyl)bisbenzene",100,3.31446919
"1,1'-(1,2-ethynediyl)bisbenzene",95,2.64712350
"1,1'-(1,2-ethynediyl)bisbenzene",90,2.09453705
"1,1'-(1,2-ethynediyl)bisbenzene",85,1.64204894
"1,1'-(1,2-ethynediyl)bisbenzene",80,1.27552121
"1,1'-(1,2-ethynediyl)bisbenzene",75,0.98173567
"1,1'-(1,2-ethynediyl)bisbenzene",70,0.74866826
"1,1'-(1,2-ethynediyl)bisbenzene",65,0.56563104
"1,1'-(1,2-ethynediyl)bisbenzene",60,0.42331563
"1,1'-(1,2-ethynediyl)bisbenzene",55,0.31376017
"1,1'-(1,2-ethynediyl)bisbenzene",50,0.23026392
"1,1'-(1,2-ethynediyl)bisbenzene",45,0.16726993
"1,1'-(1,2-ethynediyl)bisbenzene",40,0.12023222
"1,1'-(1,2-ethynediyl)bisbenzene",35,0.08547911
"1,1'-(1,2-ethynediyl)bisbenzene",30,0.06008120
"1,1'-(1,2-ethynediyl)bisbenzene",25,0.04172903
diphenylether,160,25.15526050
diphenylether,155,22.48987359
diphenylether,150,19.94888500
diphenylether,145,17.54800994
diphenylether,140,15.30110004
diphenylether,135,13.22015968
diphenylether,130,11.31430542
diphenylether,125,9.58913910
diphenylether,120,8.04651312
diphenylether,115,6.68442821
diphenylether,110,5.49710259
diphenylether,105,4.47533562
diphenylether,100,3.60721153
diphenylether,95,2.87882690
diphenylether,90,2.27513469
diphenylether,85,1.78070286
diphenylether,80,1.38039324
diphenylether,75,1.05988656
diphenylether,70,0.80604254
diphenylether,65,0.60711676
diphenylether,60,0.45284637
diphenylether,55,0.33443919
diphenylether,50,0.24449435
diphenylether,45,0.17687994
diphenylether,40,0.12658867
diphenylether,35,0.08958640
diphenylether,30,0.06266448
diphenylether,25,0.04330229
diphenylsulfone,160,9.98840695
diphenylsulfone,155,8.25456028
diphenylsulfone,150,6.76969114
diphenylsulfone,145,5.51131263
diphenylsulfone,140,4.45511081
diphenylsulfone,135,3.57647633
diphenylsulfone,130,2.85162369
diphenylsulfone,125,2.25833309
diphenylsulfone,120,1.77638167
diphenylsulfone,115,1.38773943
diphenylsulfone,110,1.07659801
diphenylsulfone,105,0.82928900
diphenylsulfone,100,0.63413479
diphenylsulfone,95,0.48126336
diphenylsulfone,90,0.36240877
diphenylsulfone,85,0.27071107
diphenylsulfone,80,0.20052568
diphenylsulfone,75,0.14724640
diphenylsulfone,70,0.10714531
diphenylsulfone,65,0.07723025
diphenylsulfone,60,0.05511989
diphenylsulfone,55,0.03893544
diphenylsulfone,50,0.02720788
diphenylsulfone,45,0.01879930
diphenylsulfone,40,0.01283680
diphenylsulfone,35,0.00865757
diphenylsulfone,30,0.00576368
diphenylsulfone,25,0.00378523
n-phenyl-benzeneamine,160,28.36440011
n-phenyl-benzeneamine,155,25.77484918
n-phenyl-benzeneamine,150,23.27343300
n-phenyl-benzeneamine,145,20.87299947
n-phenyl-benzeneamine,140,18.58508450
n-phenyl-benzeneamine,135,16.42139289
n-phenyl-benzeneamine,130,14.39206802
n-phenyl-benzeneamine,125,12.50619415
n-phenyl-benzeneamine,120,10.77082821
n-phenyl-benzeneamine,115,9.19068792
n-phenyl-benzeneamine,110,7.76801092
n-phenyl-benzeneamine,105,6.50198291
n-phenyl-benzeneamine,100,5.38889581
n-phenyl-benzeneamine,95,4.42231261
n-phenyl-benzeneamine,90,3.59335966
n-phenyl-benzeneamine,85,2.89120419
n-phenyl-benzeneamine,80,2.30369901
n-phenyl-benzeneamine,75,1.81798197
n-phenyl-benzeneamine,70,1.42108109
n-phenyl-benzeneamine,65,1.10040800
n-phenyl-benzeneamine,60,0.84415226
n-phenyl-benzeneamine,55,0.64154810
n-phenyl-benzeneamine,50,0.48302215
n-phenyl-benzeneamine,45,0.36024684
n-phenyl-benzeneamine,40,0.26611637
n-phenyl-benzeneamine,35,0.19467101
n-phenyl-benzeneamine,30,0.14098952
n-phenyl-benzeneamine,25,0.10106578
diphenylmethane,160,25.97778103
diphenylmethane,155,23.31218938
diphenylmethane,150,20.76211653
diphenylmethane,145,18.34291567
diphenylmethane,140,16.06858236
diphenylmethane,135,13.95130005
diphenylmethane,130,12.00107146
diphenylmethane,125,10.22489422
diphenylmethane,120,8.62626812
diphenylmethane,115,7.20504039
diphenylmethane,110,5.95740967
diphenylmethane,105,4.87612154
diphenylmethane,100,3.95092225
diphenylmethane,95,3.16927180
diphenylmethane,90,2.51707643
diphenylmethane,85,1.97947793
diphenylmethane,80,1.54154605
diphenylmethane,75,1.18887513
diphenylmethane,70,0.90801459
diphenylmethane,65,0.68676478
diphenylmethane,60,0.51432703
diphenylmethane,55,0.38134580
diphenylmethane,50,0.27986793
diphenylmethane,45,0.20324622
diphenylmethane,40,0.14600983
diphenylmethane,35,0.10371999
diphenylmethane,30,0.07282316
diphenylmethane,25,0.05051090
dipropylamine,160,33.47854637
dipropylamine,155,29.99376882
dipropylamine,150,26.60029657
dipropylamine,145,23.33700399
dipropylamine,140,20.24160670
dipropylamine,135,17.34825058
dipropylamine,130,14.68563662
dipropylamine,125,12.27522610
dipropylamine,120,10.12972875
dipropylamine,115,8.25244139
dipropylamine,110,6.63774180
dipropylamine,105,5.27212129
dipropylamine,100,4.13596276
dipropylamine,95,3.20553044
dipropylamine,90,2.45501254
dipropylamine,85,1.85830397
dipropylamine,80,1.39039307
dipropylamine,75,1.02832179
dipropylamine,70,0.75173459
dipropylamine,65,0.54309671
dipropylamine,60,0.38766817
dipropylamine,55,0.27331820
dipropylamine,50,0.19024848
dipropylamine,45,0.13067808
dipropylamine,40,0.08852496
dipropylamine,35,0.05910606
dipropylamine,30,0.03886817
dipropylamine,25,0.02515451
4-heptanone,160,37.11199494
4-heptanone,155,34.08067202
4-heptanone,150,31.08282366
4-heptanone,145,28.13745343
4-heptanone,140,25.26630688
4-heptanone,135,22.49172758
4-heptanone,130,19.83645903
4-heptanone,125,17.32213396
4-heptanone,120,14.96919903
4-heptanone,115,12.79493919
4-heptanone,110,10.81309834
4-heptanone,105,9.03252242
4-heptanone,100,7.45646033
4-heptanone,95,6.08270085
4-heptanone,90,4.90367840
4-heptanone,85,3.90719605
4-heptanone,80,3.07758892
4-heptanone,75,2.39692440
4-heptanone,70,1.84626297
4-heptanone,65,1.40673586
4-heptanone,60,1.06041388
4-heptanone,55,0.79089231
4-heptanone,50,0.58363665
4-heptanone,45,0.42610984
4-heptanone,40,0.30774503
4-heptanone,35,0.21981356
4-heptanone,30,0.15523270
4-heptanone,25,0.10834733
dipropyleneglycoln-butylether,160,18.72773134
dipropyleneglycoln-butylether,155,16.35349202
dipropyleneglycoln-butylether,150,14.16662041
dipropyleneglycoln-butylether,145,12.17295405
dipropyleneglycoln-butylether,140,10.37438832
dipropyleneglycoln-butylether,135,8.76901758
dipropyleneglycoln-butylether,130,7.35127796
dipropyleneglycoln-butylether,125,6.11246986
dipropyleneglycoln-butylether,120,5.04128082
dipropyleneglycoln-butylether,115,4.12451257
dipropyleneglycoln-butylether,110,3.34773074
dipropyleneglycoln-butylether,105,2.69594424
dipropyleneglycoln-butylether,100,2.15418855
dipropyleneglycoln-butylether,95,1.70800770
dipropyleneglycoln-butylether,90,1.34380778
dipropyleneglycoln-butylether,85,1.04910709
dipropyleneglycoln-butylether,80,0.81267447
dipropyleneglycoln-butylether,75,0.62458321
dipropyleneglycoln-butylether,70,0.47619784
dipropyleneglycoln-butylether,65,0.36011264
dipropyleneglycoln-butylether,60,0.27005823
dipropyleneglycoln-butylether,55,0.20079062
dipropyleneglycoln-butylether,50,0.14797209
dipropyleneglycoln-butylether,45,0.10805256
dipropyleneglycoln-butylether,40,0.07815608
dipropyleneglycoln-butylether,35,0.05597600
dipropyleneglycoln-butylether,30,0.03968042
dipropyleneglycoln-butylether,25,0.02782883
1-(1-methyl-2-propoxyethoxy)-2-propanol,160,23.83047236
1-(1-methyl-2-propoxyethoxy)-2-propanol,155,21.25513196
1-(1-methyl-2-propoxyethoxy)-2-propanol,150,18.81667602
1-(1-methyl-2-propoxyethoxy)-2-propanol,145,16.52776827
1-(1-methyl-2-propoxyethoxy)-2-propanol,140,14.39933508
1-(1-methyl-2-propoxyethoxy)-2-propanol,135,12.43974890
1-(1-methyl-2-propoxyethoxy)-2-propanol,130,10.65424611
1-(1-methyl-2-propoxyethoxy)-2-propanol,125,9.04482159
1-(1-methyl-2-propoxyethoxy)-2-propanol,120,7.61024483
1-(1-methyl-2-propoxyethoxy)-2-propanol,115,6.34593595
1-(1-methyl-2-propoxyethoxy)-2-propanol,110,5.24436509
1-(1-methyl-2-propoxyethoxy)-2-propanol,105,4.29544951
1-(1-methyl-2-propoxyethoxy)-2-propanol,100,3.48719430
1-(1-methyl-2-propoxyethoxy)-2-propanol,95,2.80630785
1-(1-methyl-2-propoxyethoxy)-2-propanol,90,2.23887083
1-(1-methyl-2-propoxyethoxy)-2-propanol,85,1.77090579
1-(1-methyl-2-propoxyethoxy)-2-propanol,80,1.38887632
1-(1-methyl-2-propoxyethoxy)-2-propanol,75,1.08006549
1-(1-methyl-2-propoxyethoxy)-2-propanol,70,0.83282732
1-(1-methyl-2-propoxyethoxy)-2-propanol,65,0.63673782
1-(1-methyl-2-propoxyethoxy)-2-propanol,60,0.48264797
1-(1-methyl-2-propoxyethoxy)-2-propanol,55,0.36266718
1-(1-methyl-2-propoxyethoxy)-2-propanol,50,0.27009597
1-(1-methyl-2-propoxyethoxy)-2-propanol,45,0.19932637
1-(1-methyl-2-propoxyethoxy)-2-propanol,40,0.14572494
1-(1-methyl-2-propoxyethoxy)-2-propanol,35,0.10550975
1-(1-methyl-2-propoxyethoxy)-2-propanol,30,0.07562924
1-(1-methyl-2-propoxyethoxy)-2-propanol,25,0.05364830
dpg-monomethyl-ether-acetate,160,21.59637263
dpg-monomethyl-ether-acetate,155,19.13687847
dpg-monomethyl-ether-acetate,150,16.82913697
dpg-monomethyl-ether-acetate,145,14.68345695
dpg-monomethyl-ether-acetate,140,12.70761845
dpg-monomethyl-ether-acetate,135,10.90636208
dpg-monomethyl-ether-acetate,130,9.28127437
dpg-monomethyl-ether-acetate,125,7.83082295
dpg-monomethyl-ether-acetate,120,6.55028160
dpg-monomethyl-ether-acetate,115,5.43211146
dpg-monomethyl-ether-acetate,110,4.46634436
dpg-monomethyl-ether-acetate,105,3.64118901
dpg-monomethyl-ether-acetate,100,2.94361104
dpg-monomethyl-ether-acetate,95,2.35996547
dpg-monomethyl-ether-acetate,90,1.87653432
dpg-monomethyl-ether-acetate,85,1.48000224
dpg-monomethyl-ether-acetate,80,1.15782123
dpg-monomethyl-ether-acetate,75,0.89845575
dpg-monomethyl-ether-acetate,70,0.69153568
dpg-monomethyl-ether-acetate,65,0.52791518
dpg-monomethyl-ether-acetate,60,0.39966492
dpg-monomethyl-ether-acetate,55,0.30001468
dpg-monomethyl-ether-acetate,50,0.22326345
dpg-monomethyl-ether-acetate,45,0.16467111
dpg-monomethyl-ether-acetate,40,0.12034286
dpg-monomethyl-ether-acetate,35,0.08711391
dpg-monomethyl-ether-acetate,30,0.06244000
dpg-monomethyl-ether-acetate,25,0.04429689
"1,1'-thiobisethene",160,52.14216925
"1,1'-thiobisethene",155,49.61805631
"1,1'-thiobisethene",150,47.05538255
"1,1'-thiobisethene",145,44.45577821
"1,1'-thiobisethene",140,41.82494371
"1,1'-thiobisethene",135,39.17082816
"1,1'-thiobisethene",130,36.49977872
"1,1'-thiobisethene",125,33.82051248
"1,1'-thiobisethene",120,31.14502022
"1,1'-thiobisethene",115,28.48505844
"1,1'-thiobisethene",110,25.85594099
"1,1'-thiobisethene",105,23.27048061
"1,1'-thiobisethene",100,20.74868593
"1,1'-thiobisethene",95,18.30998714
"1,1'-thiobisethene",90,15.97435001
"1,1'-thiobisethene",85,13.76348075
"1,1'-thiobisethene",80,11.69834687
"1,1'-thiobisethene",75,9.79858666
"1,1'-thiobisethene",70,8.08049776
"1,1'-thiobisethene",65,6.55566920
"1,1'-thiobisethene",60,5.22956913
"1,1'-thiobisethene",55,4.10083430
"1,1'-thiobisethene",50,3.16103236
"1,1'-thiobisethene",45,2.39572616
"1,1'-thiobisethene",40,1.78591961
"1,1'-thiobisethene",35,1.31009800
"1,1'-thiobisethene",30,0.94615976
"1,1'-thiobisethene",25,0.67299564
dodecane,160,0.55528514
dodecane,155,0.42896230
dodecane,150,0.32951889
dodecane,145,0.25161267
dodecane,140,0.19090324
dodecane,135,0.14386762
dodecane,130,0.10765230
dodecane,125,0.07995308
dodecane,120,0.05891670
dodecane,115,0.04305956
dodecane,110,0.03120049
dodecane,105,0.02240484
dodecane,100,0.01593794
dodecane,95,0.01122657
dodecane,90,0.00782695
dodecane,85,0.00539841
dodecane,80,0.00368174
dodecane,75,0.00248159
dodecane,70,0.00165219
dodecane,65,0.00108590
dodecane,60,0.00070414
dodecane,55,0.00045017
dodecane,50,0.00028357
dodecane,45,0.00017586
dodecane,40,0.00010729
dodecane,35,0.00006434
dodecane,30,0.00003790
dodecane,25,0.00002190
dodecanol,160,2.41949225
dodecanol,155,1.83555744
dodecanol,150,1.38223924
dodecanol,145,1.03272963
dodecanol,140,0.76523543
dodecanol,135,0.56211645
dodecanol,130,0.40916927
dodecanol,125,0.29502151
dodecanol,120,0.21062683
dodecanol,115,0.14884215
dodecanol,110,0.10407374
dodecanol,105,0.07198101
dodecanol,100,0.04922912
dodecanol,95,0.03328324
dodecanol,90,0.02223851
dodecanol,85,0.01468057
dodecanol,80,0.00957237
dodecanol,75,0.00616333
dodecanol,70,0.00391750
dodecanol,65,0.00245737
dodecanol,60,0.00152077
dodecanol,55,0.00092819
dodecanol,50,0.00055850
dodecanol,45,0.00033117
dodecanol,40,0.00019342
dodecanol,35,0.00011122
dodecanol,30,0.00006293
dodecanol,25,0.00003501
dopamine,160,0.36269150
dopamine,155,0.26909751
dopamine,150,0.19867042
dopamine,145,0.14592775
dopamine,140,0.10662625
dopamine,135,0.07749259
dopamine,130,0.05601178
dopamine,125,0.04026037
dopamine,120,0.02877478
dopamine,115,0.02044736
dopamine,110,0.01444460
dopamine,105,0.01014292
dopamine,100,0.00707866
dopamine,95,0.00490910
dopamine,90,0.00338250
dopamine,85,0.00231513
dopamine,80,0.00157368
dopamine,75,0.00106208
dopamine,70,0.00071150
dopamine,65,0.00047298
dopamine,60,0.00031191
dopamine,55,0.00020398
dopamine,50,0.00013223
dopamine,45,0.00008494
dopamine,40,0.00005405
dopamine,35,0.00003405
dopamine,30,0.00002123
dopamine,25,0.00001309
eicosane,160,0.19532950
eicosane,155,0.15100675
eicosane,150,0.11602753
eicosane,145,0.08857864
eicosane,140,0.06716858
eicosane,135,0.05057507
eicosane,130,0.03780081
eicosane,125,0.02803608
eicosane,120,0.02062709
eicosane,115,0.01504911
eicosane,110,0.01088371
eicosane,105,0.00779959
eicosane,100,0.00553633
eicosane,95,0.00389087
eicosane,90,0.00270617
eicosane,85,0.00186185
eicosane,80,0.00126651
eicosane,75,0.00085137
eicosane,70,0.00056524
eicosane,65,0.00037044
eicosane,60,0.00023949
eicosane,55,0.00015264
eicosane,50,0.00009584
eicosane,45,0.00005924
eicosane,40,0.00003602
eicosane,35,0.00002153
eicosane,30,0.00001263
eicosane,25,0.00000727
(chloromethyl)-oxirane,160,30.73581330
(chloromethyl)-oxirane,155,26.04922522
(chloromethyl)-oxirane,150,21.56477574
(chloromethyl)-oxirane,145,17.44115256
(chloromethyl)-oxirane,140,13.80270949
(chloromethyl)-oxirane,135,10.71494657
(chloromethyl)-oxirane,130,8.18172509
(chloromethyl)-oxirane,125,6.16037263
(chloromethyl)-oxirane,120,4.58273653
(chloromethyl)-oxirane,115,3.37282660
(chloromethyl)-oxirane,110,2.45804436
(chloromethyl)-oxirane,105,1.77465371
(chloromethyl)-oxirane,100,1.26952193
(chloromethyl)-oxirane,95,0.89981090
(chloromethyl)-oxirane,90,0.63177882
(chloromethyl)-oxirane,85,0.43929394
(chloromethyl)-oxirane,80,0.30238753
(chloromethyl)-oxirane,75,0.20597320
(chloromethyl)-oxirane,70,0.13877095
(chloromethyl)-oxirane,65,0.09243084
(chloromethyl)-oxirane,60,0.06083364
(chloromethyl)-oxirane,55,0.03954090
(chloromethyl)-oxirane,50,0.02536774
(chloromethyl)-oxirane,45,0.01605444
(chloromethyl)-oxirane,40,0.01001660
(chloromethyl)-oxirane,35,0.00615712
(chloromethyl)-oxirane,30,0.00372626
(chloromethyl)-oxirane,25,0.00221869
caprolactam,160,22.02526378
caprolactam,155,18.69078359
caprolactam,150,15.65523421
caprolactam,145,12.94301560
caprolactam,140,10.56432798
caprolactam,135,8.51581287
caprolactam,130,6.78233145
caprolactam,125,5.33970772
caprolactam,120,4.15782874
caprolactam,115,3.20363064
caprolactam,110,2.44365710
caprolactam,105,1.84597564
caprolactam,100,1.38143973
caprolactam,95,1.02436839
caprolactam,90,0.75277294
caprolactam,85,0.54826556
caprolactam,80,0.39577332
caprolactam,75,0.28315080
caprolactam,70,0.20075815
caprolactam,65,0.14104748
caprolactam,60,0.09818240
caprolactam,55,0.06770274
caprolactam,50,0.04623824
caprolactam,45,0.03126998
caprolactam,40,0.02093560
caprolactam,35,0.01387286
caprolactam,30,0.00909602
caprolactam,25,0.00589947
ethane,160,74.90111356
ethane,155,72.67215531
ethane,150,70.22089795
ethane,145,67.51416297
ethane,140,64.51721621
ethane,135,61.18503681
ethane,130,57.47680731
ethane,125,53.35006921
ethane,120,48.77443651
ethane,115,43.74624096
ethane,110,38.31383989
ethane,105,32.60498122
ethane,100,26.84227396
ethane,95,21.32107737
ethane,90,16.33907336
ethane,85,12.10983655
ethane,80,8.71496426
ethane,75,6.11576623
ethane,70,4.20024269
ethane,65,2.83076661
ethane,60,1.87542233
ethane,55,1.22258750
ethane,50,0.78453170
ethane,45,0.49552836
ethane,40,0.30796353
ethane,35,0.18821463
ethane,30,0.11303466
ethane,25,0.06665018
ethane,160,74.90111356
ethane,155,72.67215531
ethane,150,70.22089795
ethane,145,67.51416297
ethane,140,64.51721621
ethane,135,61.18503681
ethane,130,57.47680731
ethane,125,53.35006921
ethane,120,48.77443651
ethane,115,43.74624096
ethane,110,38.31383989
ethane,105,32.60498122
ethane,100,26.84227396
ethane,95,21.32107737
ethane,90,16.33907336
ethane,85,12.10983655
ethane,80,8.71496426
ethane,75,6.11576623
ethane,70,4.20024269
ethane,65,2.83076661
ethane,60,1.87542233
ethane,55,1.22258750
ethane,50,0.78453170
ethane,45,0.49552836
ethane,40,0.30796353
ethane,35,0.18821463
ethane,30,0.11303466
ethane,25,0.06665018
ethanesulfonylchloride,160,26.35709854
ethanesulfonylchloride,155,22.75918358
ethanesulfonylchloride,150,19.34633091
ethanesulfonylchloride,145,16.18268427
ethanesulfonylchloride,140,13.32168574
ethanesulfonylchloride,135,10.79875668
ethanesulfonylchloride,130,8.62773494
ethanesulfonylchloride,125,6.80161239
ethanesulfonylchloride,120,5.29678135
ethanesulfonylchloride,115,4.07891944
ethanesulfonylchloride,110,3.10872090
ethanesulfonylchloride,105,2.34640662
ethanesulfonylchloride,100,1.75470347
ethanesulfonylchloride,95,1.30046555
ethanesulfonylchloride,90,0.95529633
ethanesulfonylchloride,85,0.69553139
ethanesulfonylchloride,80,0.50186438
ethanesulfonylchloride,75,0.35880941
ethanesulfonylchloride,70,0.25411959
ethanesulfonylchloride,65,0.17822788
ethanesulfonylchloride,60,0.12374392
ethanesulfonylchloride,55,0.08501867
ethanesulfonylchloride,50,0.05777821
ethanesulfonylchloride,45,0.03882192
ethanesulfonylchloride,40,0.02577770
ethanesulfonylchloride,35,0.01690611
ethanesulfonylchloride,30,0.01094564
ethanesulfonylchloride,25,0.00699178
ethanethiol,160,100.00000000
ethanethiol,155,100.00000000
ethanethiol,150,100.00000000
ethanethiol,145,100.00000000
ethanethiol,140,100.00000000
ethanethiol,135,100.00000000
ethanethiol,130,100.00000000
ethanethiol,125,100.00000000
ethanethiol,120,100.00000000
ethanethiol,115,47.53346352
ethanethiol,110,45.33260782
ethanethiol,105,43.09556670
ethanethiol,100,40.82355160
ethanethiol,95,38.52031324
ethanethiol,90,36.19004612
ethanethiol,85,33.83434977
ethanethiol,80,31.45956886
ethanethiol,75,29.07179905
ethanethiol,70,26.67943393
ethanethiol,65,24.29045324
ethanethiol,60,21.91695127
ethanethiol,55,19.57249177
ethanethiol,50,17.27268413
ethanethiol,45,15.03899271
ethanethiol,40,12.89208786
ethanethiol,35,10.85765726
ethanethiol,30,8.96239648
ethanethiol,25,7.23358330
ethanol,160,30.40024562
ethanol,155,23.61067860
ethanol,150,17.66986719
ethanol,145,12.79186930
ethanol,140,9.00216659
ethanol,135,6.18877240
ethanol,130,4.17379049
ethanol,125,2.77028601
ethanol,120,1.81375064
ethanol,115,1.17314263
ethanol,110,0.75035594
ethanol,105,0.47488669
ethanol,100,0.29749562
ethanol,95,0.18451872
ethanol,90,0.11332782
ethanol,85,0.06893145
ethanol,80,0.04152619
ethanol,75,0.02477899
ethanol,70,0.01464640
ethanol,65,0.00857606
ethanol,60,0.00497476
ethanol,55,0.00285885
ethanol,50,0.00162760
ethanol,45,0.00091796
ethanol,40,0.00051285
ethanol,35,0.00028379
ethanol,30,0.00015552
ethanol,25,0.00008439
ethanolamine,160,41.65712338
ethanolamine,155,36.72102349
ethanolamine,150,31.77835474
ethanolamine,145,26.96243974
ethanolamine,140,22.40713318
ethanolamine,135,18.23020475
ethanolamine,130,14.51965959
ethanolamine,125,11.32570410
ethanolamine,120,8.65934726
ethanolamine,115,6.49707603
ethanolamine,110,4.79003061
ethanolamine,105,3.47476794
ethanolamine,100,2.48318895
ethanolamine,95,1.74997453
ethanolamine,90,1.21710790
ethanolamine,85,0.83586280
ethanolamine,80,0.56700687
ethanolamine,75,0.37996907
ethanolamine,70,0.25154153
ethanolamine,65,0.16448160
ethanolamine,60,0.10621286
ethanolamine,55,0.06771197
ethanolamine,50,0.04260258
ethanolamine,45,0.02644380
ethanolamine,40,0.01618637
ethanolamine,35,0.00976608
ethanolamine,30,0.00580538
ethanolamine,25,0.00339832
ethylacetate,160,51.45007686
ethylacetate,155,48.90730073
ethylacetate,150,46.32640256
ethylacetate,145,43.71349659
ethylacetate,140,41.07316619
ethylacetate,135,38.41447801
ethylacetate,130,35.74413404
ethylacetate,125,33.07311872
ethylacetate,120,30.41187702
ethylacetate,115,27.77371361
ethylacetate,110,25.17425738
ethylacetate,105,22.62650175
ethylacetate,100,20.15014937
ethylacetate,95,17.76380686
ethylacetate,90,15.48689124
ethylacetate,85,13.33892721
ethylacetate,80,11.33901642
ethylacetate,75,9.50443198
ethylacetate,70,7.84896288
ethylacetate,65,6.38182594
ethylacetate,60,5.10652299
ethylacetate,55,4.02040324
ethylacetate,50,3.11450853
ethylacetate,45,2.37462492
ethylacetate,40,1.78262761
ethylacetate,35,1.31823896
ethylacetate,30,0.96073886
ethylacetate,25,0.69036492
ethylacetoacetate,160,14.51178590
ethylacetoacetate,155,11.92253001
ethylacetoacetate,150,9.70315259
ethylacetoacetate,145,7.82751747
ethylacetoacetate,140,6.26223201
ethylacetoacetate,135,4.97063699
ethylacetoacetate,130,3.91574402
ethylacetoacetate,125,3.06223309
ethylacetoacetate,120,2.37766626
ethylacetoacetate,115,1.83310746
ethylacetoacetate,110,1.40332291
ethylacetoacetate,105,1.06670535
ethylacetoacetate,100,0.80503059
ethylacetoacetate,95,0.60312530
ethylacetoacetate,90,0.44849800
ethylacetoacetate,85,0.33096976
ethylacetoacetate,80,0.24232370
ethylacetoacetate,75,0.17598562
ethylacetoacetate,70,0.12674067
ethylacetoacetate,65,0.09048708
ethylacetoacetate,60,0.06402561
ethylacetoacetate,55,0.04488208
ethylacetoacetate,50,0.03115951
ethylacetoacetate,45,0.02141623
ethylacetoacetate,40,0.01456654
ethylacetoacetate,35,0.00980046
ethylacetoacetate,30,0.00651955
ethylacetoacetate,25,0.00428608
butyne,160,100.00000000
butyne,155,100.00000000
butyne,150,100.00000000
butyne,145,60.23905312
butyne,140,58.00831963
butyne,135,55.70499394
butyne,130,53.32706000
butyne,125,50.87707032
butyne,120,48.35470055
butyne,115,45.76187905
butyne,110,43.10423770
butyne,105,40.38544359
butyne,100,37.60978172
butyne,95,34.78891324
butyne,90,31.93382099
butyne,85,29.05971479
butyne,80,26.18359612
butyne,75,23.32956162
butyne,70,20.52506277
butyne,65,17.79983858
butyne,60,15.19031771
butyne,55,12.73358852
butyne,50,10.46639670
butyne,45,8.42231771
butyne,40,6.62724286
butyne,35,5.09533545
butyne,30,3.82718159
butyne,25,2.80933115
2-propenoicacidethylester,160,45.49880869
2-propenoicacidethylester,155,42.69919270
2-propenoicacidethylester,150,39.87328576
2-propenoicacidethylester,145,37.03087016
2-propenoicacidethylester,140,34.18133488
2-propenoicacidethylester,135,31.33978401
2-propenoicacidethylester,130,28.52161130
2-propenoicacidethylester,125,25.74464049
2-propenoicacidethylester,120,23.02839232
2-propenoicacidethylester,115,20.39451637
2-propenoicacidethylester,110,17.86623342
2-propenoicacidethylester,105,15.46690924
2-propenoicacidethylester,100,13.21969108
2-propenoicacidethylester,95,11.14613115
2-propenoicacidethylester,90,9.26381183
2-propenoicacidethylester,85,7.58520316
2-propenoicacidethylester,80,6.11655586
2-propenoicacidethylester,75,4.85671755
2-propenoicacidethylester,70,3.79761016
2-propenoicacidethylester,65,2.92495954
2-propenoicacidethylester,60,2.21989411
2-propenoicacidethylester,55,1.66085745
2-propenoicacidethylester,50,1.22546896
2-propenoicacidethylester,45,0.89206407
2-propenoicacidethylester,40,0.64080315
2-propenoicacidethylester,35,0.45430281
2-propenoicacidethylester,30,0.31787710
2-propenoicacidethylester,25,0.21948764
ethylamine,160,100.00000000
ethylamine,155,100.00000000
ethylamine,150,100.00000000
ethylamine,145,100.00000000
ethylamine,140,100.00000000
ethylamine,135,100.00000000
ethylamine,130,100.00000000
ethylamine,125,57.08253774
ethylamine,120,54.55811661
ethylamine,115,51.90578878
ethylamine,110,49.11782894
ethylamine,105,46.19348050
ethylamine,100,43.12709325
ethylamine,95,39.92115096
ethylamine,90,36.58201259
ethylamine,85,33.12246617
ethylamine,80,29.56450226
ethylamine,75,25.94167302
ethylamine,70,22.30418376
ethylamine,65,18.71819086
ethylamine,60,15.26900128
ethylamine,55,12.05491622
ethylamine,50,9.17580869
ethylamine,45,6.71542090
ethylamine,40,4.72126235
ethylamine,35,3.19226041
ethylamine,30,2.08171446
ethylamine,25,1.31401519
3-octanone,160,30.15189756
3-octanone,155,27.08954922
3-octanone,150,24.13334836
3-octanone,145,21.30810783
3-octanone,140,18.63722381
3-octanone,135,16.14182491
3-octanone,130,13.83936733
3-octanone,125,11.74256745
3-octanone,120,9.85879497
3-octanone,115,8.18976179
3-octanone,110,6.73156249
3-octanone,105,5.47516672
3-octanone,100,4.40737385
3-octanone,95,3.51188451
3-octanone,90,2.77051059
3-octanone,85,2.16428244
3-octanone,80,1.67442035
3-octanone,75,1.28308233
3-octanone,70,0.97387497
3-octanone,65,0.73215687
3-octanone,60,0.54516003
3-octanone,55,0.40197814
3-octanone,50,0.29346247
3-octanone,45,0.21206148
3-octanone,40,0.15163270
3-octanone,35,0.10724692
3-octanone,30,0.07499867
3-octanone,25,0.05183135
ethylbenzene,160,39.68437584
ethylbenzene,155,36.60626123
ethylbenzene,150,33.53422155
ethylbenzene,145,30.48938238
ethylbenzene,140,27.49262286
ethylbenzene,135,24.56919703
ethylbenzene,130,21.74378254
ethylbenzene,125,19.04340326
ethylbenzene,120,16.49341146
ethylbenzene,115,14.11764266
ethylbenzene,110,11.93618619
ethylbenzene,105,9.96436722
ethylbenzene,100,8.21107306
ethylbenzene,95,6.67832702
ethylbenzene,90,5.36131819
ethylbenzene,85,4.24889754
ethylbenzene,80,3.32495311
ethylbenzene,75,2.56992765
ethylbenzene,70,1.96248466
ethylbenzene,65,1.48098427
ethylbenzene,60,1.10468038
ethylbenzene,55,0.81454066
ethylbenzene,50,0.59372870
ethylbenzene,45,0.42779005
ethylbenzene,40,0.30462679
ethylbenzene,35,0.21433267
ethylbenzene,30,0.14895055
ethylbenzene,25,0.10219855
ethylbenzoate,160,29.81363519
ethylbenzoate,155,26.99557762
ethylbenzoate,150,24.26145724
ethylbenzoate,145,21.62836507
ethylbenzoate,140,19.11504087
ethylbenzoate,135,16.73856205
ethylbenzoate,130,14.51520876
ethylbenzoate,125,12.45876807
ethylbenzoate,120,10.58028787
ethylbenzoate,115,8.88695503
ethylbenzoate,110,7.38143913
ethylbenzoate,105,6.06197045
ethylbenzoate,100,4.92228885
ethylbenzoate,95,3.95211724
ethylbenzoate,90,3.13805686
ethylbenzoate,85,2.46452491
ethylbenzoate,80,1.91480799
ethylbenzoate,75,1.47199526
ethylbenzoate,70,1.11977444
ethylbenzoate,65,0.84299785
ethylbenzoate,60,0.62805172
ethylbenzoate,55,0.46302864
ethylbenzoate,50,0.33775569
ethylbenzoate,45,0.24371786
ethylbenzoate,40,0.17391567
ethylbenzoate,35,0.12268865
ethylbenzoate,30,0.08552706
ethylbenzoate,25,0.05888821
bromoethane,160,100.00000000
bromoethane,155,100.00000000
bromoethane,150,100.00000000
bromoethane,145,100.00000000
bromoethane,140,100.00000000
bromoethane,135,100.00000000
bromoethane,130,100.00000000
bromoethane,125,37.23204539
bromoethane,120,35.20752122
bromoethane,115,33.19480330
bromoethane,110,31.19679802
bromoethane,105,29.21514976
bromoethane,100,27.25206137
bromoethane,95,25.31092375
bromoethane,90,23.39557627
bromoethane,85,21.50976702
bromoethane,80,19.65799136
bromoethane,75,17.84451536
bromoethane,70,16.07614227
bromoethane,65,14.35838193
bromoethane,60,12.69918347
bromoethane,55,11.10698410
bromoethane,50,9.59154809
bromoethane,45,8.16447201
bromoethane,40,6.83590907
bromoethane,35,5.61851964
bromoethane,30,4.52352330
bromoethane,25,3.56005146
1-ethoxybutane,160,32.04827506
1-ethoxybutane,155,28.54927179
1-ethoxybutane,150,25.17389672
1-ethoxybutane,145,21.96244654
1-ethoxybutane,140,18.95138409
1-ethoxybutane,135,16.17113039
1-ethoxybutane,130,13.64404428
1-ethoxybutane,125,11.38310219
1-ethoxybutane,120,9.39186820
1-ethoxybutane,115,7.66496148
1-ethoxybutane,110,6.18947796
1-ethoxybutane,105,4.94668651
1-ethoxybutane,100,3.91400695
1-ethoxybutane,95,3.06688465
1-ethoxybutane,90,2.38037327
1-ethoxybutane,85,1.83039589
1-ethoxybutane,80,1.39460552
1-ethoxybutane,75,1.05290716
1-ethoxybutane,70,0.78769647
1-ethoxybutane,65,0.58388627
1-ethoxybutane,60,0.42878789
1-ethoxybutane,55,0.31190463
1-ethoxybutane,50,0.22467966
1-ethoxybutane,45,0.16023040
1-ethoxybutane,40,0.11308952
1-ethoxybutane,35,0.07896502
1-ethoxybutane,30,0.05452597
1-ethoxybutane,25,0.03721625
3-heptanone,160,37.35569937
3-heptanone,155,34.33480512
3-heptanone,150,31.34371896
3-heptanone,145,28.40267702
3-heptanone,140,25.53201062
3-heptanone,135,22.75437384
3-heptanone,130,20.09161958
3-heptanone,125,17.56619222
3-heptanone,120,15.19854074
3-heptanone,115,13.00662168
3-heptanone,110,11.00470162
3-heptanone,105,9.20256888
3-heptanone,100,7.60435197
3-heptanone,95,6.20874484
3-heptanone,90,5.00896995
3-heptanone,85,3.99343429
3-heptanone,80,3.14688168
3-heptanone,75,2.45158015
3-heptanone,70,1.88861230
3-heptanone,65,1.43899148
3-heptanone,60,1.08457451
3-heptanone,55,0.80869747
3-heptanone,50,0.59654822
3-heptanone,45,0.43532239
3-heptanone,40,0.31421065
3-heptanone,35,0.22427433
3-heptanone,30,0.15825530
3-heptanone,25,0.11035624
ethylbutyrate,160,38.78798006
ethylbutyrate,155,35.88041873
ethylbutyrate,150,32.99105383
ethylbutyrate,145,30.13404942
ethylbutyrate,140,27.32737797
ethylbutyrate,135,24.58856664
ethylbutyrate,130,21.93740543
ethylbutyrate,125,19.39400022
ethylbutyrate,120,16.97757291
ethylbutyrate,115,14.70764645
ethylbutyrate,110,12.60110450
ethylbutyrate,105,10.67198397
ethylbutyrate,100,8.93037841
ethylbutyrate,95,7.38175868
ethylbutyrate,90,6.02613617
ethylbutyrate,85,4.85842973
ethylbutyrate,80,3.86873888
ethylbutyrate,75,3.04322426
ethylbutyrate,70,2.36532698
ethylbutyrate,65,1.81698308
ethylbutyrate,60,1.37980645
ethylbutyrate,55,1.03604668
ethylbutyrate,50,0.76929680
ethylbutyrate,45,0.56492061
ethylbutyrate,40,0.41025053
ethylbutyrate,35,0.29459878
ethylbutyrate,30,0.20914508
ethylbutyrate,25,0.14675014
ethylhexanoate,160,25.79240588
ethylhexanoate,155,22.88075219
ethylhexanoate,150,20.11909166
ethylhexanoate,145,17.52873103
ethylhexanoate,140,15.12743796
ethylhexanoate,135,12.92865344
ethylhexanoate,130,10.94088693
ethylhexanoate,125,9.16723368
ethylhexanoate,120,7.60526703
ethylhexanoate,115,6.24763773
ethylhexanoate,110,5.08272035
ethylhexanoate,105,4.09567333
ethylhexanoate,100,3.26946151
ethylhexanoate,95,2.58594309
ethylhexanoate,90,2.02681152
ethylhexanoate,85,1.57436053
ethylhexanoate,80,1.21203807
ethylhexanoate,75,0.92481037
ethylhexanoate,70,0.69934802
ethylhexanoate,65,0.52407624
ethylhexanoate,60,0.38912483
ethylhexanoate,55,0.28621128
ethylhexanoate,50,0.20848562
ethylhexanoate,45,0.15035713
ethylhexanoate,40,0.10731914
ethylhexanoate,35,0.07578135
ethylhexanoate,30,0.05291597
ethylhexanoate,25,0.03652065
urethane,160,1.53512675
urethane,155,1.11271685
urethane,150,0.80174988
urethane,145,0.57388039
urethane,140,0.40782991
urethane,135,0.28759694
urethane,130,0.20115476
urethane,125,0.13948502
urethane,120,0.09585178
urethane,115,0.06525048
urethane,110,0.04398684
urethane,105,0.02935414
urethane,100,0.01938569
urethane,95,0.01266546
urethane,90,0.00818378
urethane,85,0.00522815
urethane,80,0.00330121
urethane,75,0.00205967
urethane,70,0.00126938
urethane,65,0.00077255
urethane,60,0.00046415
urethane,55,0.00027521
urethane,50,0.00016098
urethane,45,0.00009287
urethane,40,0.00005282
urethane,35,0.00002961
urethane,30,0.00001635
urethane,25,0.00000889
chloroethane,160,100.00000000
chloroethane,155,100.00000000
chloroethane,150,100.00000000
chloroethane,145,55.21982157
chloroethane,140,52.82526247
chloroethane,135,50.36298500
chloroethane,130,47.83190930
chloroethane,125,45.23790859
chloroethane,120,42.58090197
chloroethane,115,39.86622487
chloroethane,110,37.09923451
chloroethane,105,34.28887695
chloroethane,100,31.44409450
chloroethane,95,28.58017192
chloroethane,90,25.71341009
chloroethane,85,22.86636120
chloroethane,80,20.06581639
chloroethane,75,17.34192580
chloroethane,70,14.73217827
chloroethane,65,12.27554437
chloroethane,60,10.01164309
chloroethane,55,7.97733308
chloroethane,50,6.20138525
chloroethane,45,4.69936894
chloroethane,40,3.47120573
chloroethane,35,2.50074488
chloroethane,30,1.75908675
chloroethane,25,1.20979663
carbonochloridicacidethylester,160,43.51352087
carbonochloridicacidethylester,155,40.70718794
carbonochloridicacidethylester,150,37.88098272
carbonochloridicacidethylester,145,35.04399867
carbonochloridicacidethylester,140,32.20564702
carbonochloridicacidethylester,135,29.38130412
carbonochloridicacidethylester,130,26.58754810
carbonochloridicacidethylester,125,23.84224360
carbonochloridicacidethylester,120,21.16628184
carbonochloridicacidethylester,115,18.58270555
carbonochloridicacidethylester,110,16.11613379
carbonochloridicacidethylester,105,13.79177427
carbonochloridicacidethylester,100,11.63416703
carbonochloridicacidethylester,95,9.66489853
carbonochloridicacidethylester,90,7.90093112
carbonochloridicacidethylester,85,6.35289528
carbonochloridicacidethylester,80,5.02320778
carbonochloridicacidethylester,75,3.90604362
carbonochloridicacidethylester,70,2.98798920
carbonochloridicacidethylester,65,2.24966176
carbonochloridicacidethylester,60,1.66800873
carbonochloridicacidethylester,55,1.21862000
carbonochloridicacidethylester,50,0.87768620
carbonochloridicacidethylester,45,0.62340446
carbonochloridicacidethylester,40,0.43677042
carbonochloridicacidethylester,35,0.30186587
carbonochloridicacidethylester,30,0.20578347
carbonochloridicacidethylester,25,0.13833723
cyanoaceticacidethylester,160,2.44244387
cyanoaceticacidethylester,155,1.83657411
cyanoaceticacidethylester,150,1.37517885
cyanoaceticacidethylester,145,1.02469590
cyanoaceticacidethylester,140,0.75938765
cyanoaceticacidethylester,135,0.55941780
cyanoaceticacidethylester,130,0.40945110
cyanoaceticacidethylester,125,0.29762183
cyanoaceticacidethylester,120,0.21475332
cyanoaceticacidethylester,115,0.15376290
cyanoaceticacidethylester,110,0.10920202
cyanoaceticacidethylester,105,0.07689760
cyanoaceticacidethylester,100,0.05367059
cyanoaceticacidethylester,95,0.03711431
cyanoaceticacidethylester,90,0.02541955
cyanoaceticacidethylester,85,0.01723673
cyanoaceticacidethylester,80,0.01156748
cyanoaceticacidethylester,75,0.00767986
cyanoaceticacidethylester,70,0.00504229
cyanoaceticacidethylester,65,0.00327254
cyanoaceticacidethylester,60,0.00209867
cyanoaceticacidethylester,55,0.00132927
cyanoaceticacidethylester,50,0.00083119
cyanoaceticacidethylester,45,0.00051285
cyanoaceticacidethylester,40,0.00031209
cyanoaceticacidethylester,35,0.00018721
cyanoaceticacidethylester,30,0.00011064
cyanoaceticacidethylester,25,0.00006438
ethoxyacetylene,160,57.19703471
ethoxyacetylene,155,54.64226606
ethoxyacetylene,150,52.00563482
ethoxyacetylene,145,49.28874036
ethoxyacetylene,140,46.49614320
ethoxyacetylene,135,43.63013516
ethoxyacetylene,130,40.69914839
ethoxyacetylene,125,37.71122902
ethoxyacetylene,120,34.67946854
ethoxyacetylene,115,31.62053100
ethoxyacetylene,110,28.55277399
ethoxyacetylene,105,25.50263780
ethoxyacetylene,100,22.50030875
ethoxyacetylene,95,19.57973562
ethoxyacetylene,90,16.77969176
ethoxyacetylene,85,14.14043001
ethoxyacetylene,80,11.70178974
ethoxyacetylene,75,9.49837056
ethoxyacetylene,70,7.55615508
ethoxyacetylene,65,5.88916844
ethoxyacetylene,60,4.49715993
ethoxyacetylene,55,3.36641173
ethoxyacetylene,50,2.47212278
ethoxyacetylene,45,1.78252774
ethoxyacetylene,40,1.26314324
ethoxyacetylene,35,0.88033971
ethoxyacetylene,30,0.60377651
ethoxyacetylene,25,0.40764134
fluoroethane,160,100.00000000
fluoroethane,155,100.00000000
fluoroethane,150,100.00000000
fluoroethane,145,100.00000000
fluoroethane,140,100.00000000
fluoroethane,135,100.00000000
fluoroethane,130,100.00000000
fluoroethane,125,100.00000000
fluoroethane,120,100.00000000
fluoroethane,115,52.75284636
fluoroethane,110,50.40817512
fluoroethane,105,47.99463400
fluoroethane,100,45.50784894
fluoroethane,95,42.95404570
fluoroethane,90,40.33362256
fluoroethane,85,37.65069530
fluoroethane,80,34.91418424
fluoroethane,75,32.13054419
fluoroethane,70,29.31186861
fluoroethane,65,26.47332789
fluoroethane,60,23.63330115
fluoroethane,55,20.81733342
fluoroethane,50,18.05505475
fluoroethane,45,15.38164764
fluoroethane,40,12.83661794
fluoroethane,35,10.46582540
fluoroethane,30,8.31263640
fluoroethane,25,6.41654469
ethylformate,160,54.16676931
ethylformate,155,51.40055822
ethylformate,150,48.55109720
ethylformate,145,45.62473032
ethylformate,140,42.62863889
ethylformate,135,39.57237750
ethylformate,130,36.47027011
ethylformate,125,33.34108415
ethylformate,120,30.20130545
ethylformate,115,27.07925533
ethylformate,110,24.00331383
ethylformate,105,21.00746403
ethylformate,100,18.12746470
ethylformate,95,15.40150108
ethylformate,90,12.86722266
ethylformate,85,10.55833222
ethylformate,80,8.50158773
ethylformate,75,6.71360437
ethylformate,70,5.19880514
ethylformate,65,3.94870653
ethylformate,60,2.94358736
ethylformate,55,2.15541644
ethylformate,50,1.55174110
ethylformate,45,1.09932955
ethylformate,40,0.76698225
ethylformate,35,0.52727611
ethylformate,30,0.35730665
ethylformate,25,0.23870379
iodoethane,160,39.43947566
iodoethane,155,37.21417836
iodoethane,150,35.01382783
iodoethane,145,32.84356261
iodoethane,140,30.70352093
iodoethane,135,28.59917646
iodoethane,130,26.53250567
iodoethane,125,24.50590164
iodoethane,120,22.52448164
iodoethane,115,20.59249639
iodoethane,110,18.71365847
iodoethane,105,16.89371497
iodoethane,100,15.13710514
iodoethane,95,13.45090731
iodoethane,90,11.84149673
iodoethane,85,10.31632031
iodoethane,80,8.88278714
iodoethane,75,7.54963381
iodoethane,70,6.32447604
iodoethane,65,5.21488711
iodoethane,60,4.22669316
iodoethane,55,3.36347477
iodoethane,50,2.62554637
iodoethane,45,2.00938597
iodoethane,40,1.50751489
iodoethane,35,1.10894129
iodoethane,30,0.80023657
iodoethane,25,0.56683839
ethylisocyanate,160,58.80896431
ethylisocyanate,155,56.49920436
ethylisocyanate,150,54.12927000
ethylisocyanate,145,51.70009485
ethylisocyanate,140,49.21435737
ethylisocyanate,135,46.67478051
ethylisocyanate,130,44.08397760
ethylisocyanate,125,41.44894414
ethylisocyanate,120,38.77058879
ethylisocyanate,115,36.06171912
ethylisocyanate,110,33.32735810
ethylisocyanate,105,30.58036352
ethylisocyanate,100,27.83425136
ethylisocyanate,95,25.10568859
ethylisocyanate,90,22.41427282
ethylisocyanate,85,19.78130966
ethylisocyanate,80,17.23367459
ethylisocyanate,75,14.79869990
ethylisocyanate,70,12.50630852
ethylisocyanate,65,10.38520092
ethylisocyanate,60,8.46195200
ethylisocyanate,55,6.75773063
ethylisocyanate,50,5.28503231
ethylisocyanate,45,4.04636037
ethylisocyanate,40,3.03309965
ethylisocyanate,35,2.22706849
ethylisocyanate,30,1.60299171
ethylisocyanate,25,1.13202243
ethylisothiocyanate,160,100.00000000
ethylisothiocyanate,155,52.58978838
ethylisothiocyanate,150,50.31300795
ethylisothiocyanate,145,48.00670696
ethylisothiocyanate,140,45.67422831
ethylisothiocyanate,135,43.31799305
ethylisothiocyanate,130,40.93934430
ethylisothiocyanate,125,38.54616946
ethylisothiocyanate,120,36.13945067
ethylisothiocyanate,115,33.72732779
ethylisothiocyanate,110,31.31349476
ethylisothiocyanate,105,28.90659705
ethylisothiocyanate,100,26.51508736
ethylisothiocyanate,95,24.14850520
ethylisothiocyanate,90,21.81869365
ethylisothiocyanate,85,19.53787672
ethylisothiocyanate,80,17.32113901
ethylisothiocyanate,75,15.18390277
ethylisothiocyanate,70,13.14474763
ethylisothiocyanate,65,11.22181212
ethylisothiocyanate,60,9.43410744
ethylisothiocyanate,55,7.79897420
ethylisothiocyanate,50,6.33144587
ethylisothiocyanate,45,5.04224413
ethylisothiocyanate,40,3.93586285
ethylisothiocyanate,35,3.01000692
ethylisothiocyanate,30,2.25512889
ethylisothiocyanate,25,1.65566366
2-hydroxypropanoicacidethylester,160,36.37809002
2-hydroxypropanoicacidethylester,155,33.21001170
2-hydroxypropanoicacidethylester,150,30.05822287
2-hydroxypropanoicacidethylester,145,26.94711868
2-hydroxypropanoicacidethylester,140,23.90558869
2-hydroxypropanoicacidethylester,135,20.96369502
2-hydroxypropanoicacidethylester,130,18.15476408
2-hydroxypropanoicacidethylester,125,15.51149329
2-hydroxypropanoicacidethylester,120,13.06431428
2-hydroxypropanoicacidethylester,115,10.83953581
2-hydroxypropanoicacidethylester,110,8.85585418
2-hydroxypropanoicacidethylester,105,7.12298350
2-hydroxypropanoicacidethylester,100,5.64074144
2-hydroxypropanoicacidethylester,95,4.39920153
2-hydroxypropanoicacidethylester,90,3.38041558
2-hydroxypropanoicacidethylester,85,2.56070962
2-hydroxypropanoicacidethylester,80,1.91333704
2-hydroxypropanoicacidethylester,75,1.41089595
2-hydroxypropanoicacidethylester,70,1.02723452
2-hydroxypropanoicacidethylester,65,0.73870389
2-hydroxypropanoicacidethylester,60,0.52481435
2-hydroxypropanoicacidethylester,55,0.36841577
2-hydroxypropanoicacidethylester,50,0.25555772
2-hydroxypropanoicacidethylester,45,0.17516323
2-hydroxypropanoicacidethylester,40,0.11861900
2-hydroxypropanoicacidethylester,35,0.07935085
2-hydroxypropanoicacidethylester,30,0.05242539
2-hydroxypropanoicacidethylester,25,0.03419893
ethylmethacrylate,160,40.69966416
ethylmethacrylate,155,37.87951918
ethylmethacrylate,150,35.06510830
ethylmethacrylate,145,32.26891908
ethylmethacrylate,140,29.50448429
ethylmethacrylate,135,26.78725257
ethylmethacrylate,130,24.13318303
ethylmethacrylate,125,21.55989241
ethylmethacrylate,120,19.08634824
ethylmethacrylate,115,16.73063824
ethylmethacrylate,110,14.51124351
ethylmethacrylate,105,12.44507000
ethylmethacrylate,100,10.54668978
ethylmethacrylate,95,8.82709777
ethylmethacrylate,90,7.29332609
ethylmethacrylate,85,5.94730952
ethylmethacrylate,80,4.78567679
ethylmethacrylate,75,3.80016219
ethylmethacrylate,70,2.97821157
ethylmethacrylate,65,2.30407683
ethylmethacrylate,60,1.76010160
ethylmethacrylate,55,1.32797944
ethylmethacrylate,50,0.98981554
ethylmethacrylate,45,0.72894711
ethylmethacrylate,40,0.53045516
ethylmethacrylate,35,0.38142047
ethylmethacrylate,30,0.27096357
ethylmethacrylate,25,0.19014099
(methylthio)-ethane,160,100.00000000
(methylthio)-ethane,155,55.63151506
(methylthio)-ethane,150,53.36064225
(methylthio)-ethane,145,51.04771928
(methylthio)-ethane,140,48.69514479
(methylthio)-ethane,135,46.30767134
(methylthio)-ethane,130,43.88586417
(methylthio)-ethane,125,41.43545808
(methylthio)-ethane,120,38.96085627
(methylthio)-ethane,115,36.46587346
(methylthio)-ethane,110,33.96068346
(methylthio)-ethane,105,31.44799185
(methylthio)-ethane,100,28.94194010
(methylthio)-ethane,95,26.44912528
(methylthio)-ethane,90,23.98329607
(methylthio)-ethane,85,21.55831679
(methylthio)-ethane,80,19.19088709
(methylthio)-ethane,75,16.89719162
(methylthio)-ethane,70,14.69735810
(methylthio)-ethane,65,12.61205985
(methylthio)-ethane,60,10.66216219
(methylthio)-ethane,55,8.86768202
(methylthio)-ethane,50,7.24627290
(methylthio)-ethane,45,5.81131309
(methylthio)-ethane,40,4.57003269
(methylthio)-ethane,35,3.52241094
(methylthio)-ethane,30,2.66057422
(methylthio)-ethane,25,1.96980990
ethyl-oleate,160,2.50826877
ethyl-oleate,155,2.03740613
ethyl-oleate,150,1.64766606
ethyl-oleate,145,1.32633816
ethyl-oleate,140,1.06251482
ethyl-oleate,135,0.84685983
ethyl-oleate,130,0.67140021
ethyl-oleate,125,0.52934607
ethyl-oleate,120,0.41493311
ethyl-oleate,115,0.32328480
ethyl-oleate,110,0.25029154
ethyl-oleate,105,0.19250491
ethyl-oleate,100,0.14704442
ethyl-oleate,95,0.11151620
ethyl-oleate,90,0.08394139
ethyl-oleate,85,0.06269361
ethyl-oleate,80,0.04644436
ethyl-oleate,75,0.03411551
ethyl-oleate,70,0.02483812
ethyl-oleate,65,0.01791694
ethyl-oleate,60,0.01279996
ethyl-oleate,55,0.00905241
ethyl-oleate,50,0.00633478
ethyl-oleate,45,0.00438429
ethyl-oleate,40,0.00299946
ethyl-oleate,35,0.00202734
ethyl-oleate,30,0.00135300
ethyl-oleate,25,0.00089102
ethylpropionate,160,45.43379943
ethylpropionate,155,42.70828192
ethylpropionate,150,39.96288543
ethylpropionate,145,37.20898077
ethylpropionate,140,34.45636296
ethylpropionate,135,31.71475981
ethylpropionate,130,28.99892974
ethylpropionate,125,26.32433777
ethylpropionate,120,23.70677247
ethylpropionate,115,21.16399756
ethylpropionate,110,18.71483528
ethylpropionate,105,16.37884538
ethylpropionate,100,14.17490249
ethylpropionate,95,12.12147977
ethylpropionate,90,10.23458178
ethylpropionate,85,8.52684326
ethylpropionate,80,7.00632232
ethylpropionate,75,5.67600061
ethylpropionate,70,4.53295137
ethylpropionate,65,3.56878416
ethylpropionate,60,2.77040444
ethylpropionate,55,2.12116542
ethylpropionate,50,1.60236913
ethylpropionate,45,1.19469953
ethylpropionate,40,0.87941482
ethylpropionate,35,0.63924345
ethylpropionate,30,0.45891293
ethylpropionate,25,0.32538135
ethylthiocyanate,160,53.23792766
ethylthiocyanate,155,50.80898533
ethylthiocyanate,150,48.33749678
ethylthiocyanate,145,45.82695329
ethylthiocyanate,140,43.27903516
ethylthiocyanate,135,40.69898602
ethylthiocyanate,130,38.09226667
ethylthiocyanate,125,35.46594892
ethylthiocyanate,120,32.82731290
ethylthiocyanate,115,30.18531813
ethylthiocyanate,110,27.55342419
ethylthiocyanate,105,24.94446165
ethylthiocyanate,100,22.37432183
ethylthiocyanate,95,19.86120777
ethylthiocyanate,90,17.42587904
ethylthiocyanate,85,15.09188661
ethylthiocyanate,80,12.88285212
ethylthiocyanate,75,10.82386755
ethylthiocyanate,70,8.93807927
ethylthiocyanate,65,7.24539065
ethylthiocyanate,60,5.75981979
ethylthiocyanate,55,4.48757421
ethylthiocyanate,50,3.42593375
ethylthiocyanate,45,2.56320752
ethylthiocyanate,40,1.88037066
ethylthiocyanate,35,1.35349465
ethylthiocyanate,30,0.95663778
ethylthiocyanate,25,0.66437464
ethoxy-ethene,160,56.66782862
ethoxy-ethene,155,54.15898817
ethoxy-ethene,150,51.58177818
ethoxy-ethene,145,48.93805099
ethoxy-ethene,140,46.23178031
ethoxy-ethene,135,43.46862552
ethoxy-ethene,130,40.65490998
ethoxy-ethene,125,37.79831805
ethoxy-ethene,120,34.91012732
ethoxy-ethene,115,32.00424679
ethoxy-ethene,110,29.09818063
ethoxy-ethene,105,26.20824019
ethoxy-ethene,100,23.36013688
ethoxy-ethene,95,20.58024595
ethoxy-ethene,90,17.89738616
ethoxy-ethene,85,15.34331449
ethoxy-ethene,80,12.94979160
ethoxy-ethene,75,10.74741527
ethoxy-ethene,70,8.76158096
ethoxy-ethene,65,7.01070506
ethoxy-ethene,60,5.50381278
ethoxy-ethene,55,4.23888180
ethoxy-ethene,50,3.20362987
ethoxy-ethene,45,2.37717616
ethoxy-ethene,40,1.73298083
ethoxy-ethene,35,1.24204128
ethoxy-ethene,30,0.87569364
ethoxy-ethene,25,0.60763475
1-penten-3-one,160,51.82991536
1-penten-3-one,155,49.19581176
1-penten-3-one,150,46.51087733
1-penten-3-one,145,43.77989403
1-penten-3-one,140,41.01073634
1-penten-3-one,135,38.21117650
1-penten-3-one,130,35.39246717
1-penten-3-one,125,32.56564301
1-penten-3-one,120,29.74660042
1-penten-3-one,115,26.94998662
1-penten-3-one,110,24.19662316
1-penten-3-one,105,21.50831844
1-penten-3-one,100,18.90810291
1-penten-3-one,95,16.42155565
1-penten-3-one,90,14.07430345
1-penten-3-one,85,11.89142965
1-penten-3-one,80,9.89509317
1-penten-3-one,75,8.10287302
1-penten-3-one,70,6.52587377
1-penten-3-one,65,5.16761100
1-penten-3-one,60,4.02318836
1-penten-3-one,55,3.08014736
1-penten-3-one,50,2.31986620
1-penten-3-one,45,1.71972543
1-penten-3-one,40,1.25540453
1-penten-3-one,35,0.90289582
1-penten-3-one,30,0.63999303
1-penten-3-one,25,0.44718544
ethene,160,100.00000000
ethene,155,100.00000000
ethene,150,100.00000000
ethene,145,100.00000000
ethene,140,100.00000000
ethene,135,100.00000000
ethene,130,100.00000000
ethene,125,100.00000000
ethene,120,100.00000000
ethene,115,100.00000000
ethene,110,100.00000000
ethene,105,100.00000000
ethene,100,100.00000000
ethene,95,100.00000000
ethene,90,100.00000000
ethene,85,100.00000000
ethene,80,54.62410251
ethene,75,52.19577326
ethene,70,49.65714377
ethene,65,47.00215396
ethene,60,44.23117391
ethene,55,41.34310258
ethene,50,38.33974673
ethene,45,35.22903059
ethene,40,32.01912498
ethene,35,28.72916607
ethene,30,25.38346728
ethene,25,22.02027766
"1,3-dioxolan-2-one",160,0.07743683
"1,3-dioxolan-2-one",155,0.05445350
"1,3-dioxolan-2-one",150,0.03802240
"1,3-dioxolan-2-one",145,0.02635428
"1,3-dioxolan-2-one",140,0.01812728
"1,3-dioxolan-2-one",135,0.01236982
"1,3-dioxolan-2-one",130,0.00837195
"1,3-dioxolan-2-one",125,0.00561837
"1,3-dioxolan-2-one",120,0.00373768
"1,3-dioxolan-2-one",115,0.00246429
"1,3-dioxolan-2-one",110,0.00160978
"1,3-dioxolan-2-one",105,0.00104164
"1,3-dioxolan-2-one",100,0.00066747
"1,3-dioxolan-2-one",95,0.00042343
"1,3-dioxolan-2-one",90,0.00026587
"1,3-dioxolan-2-one",85,0.00016518
"1,3-dioxolan-2-one",80,0.00010151
"1,3-dioxolan-2-one",75,0.00006169
"1,3-dioxolan-2-one",70,0.00003707
"1,3-dioxolan-2-one",65,0.00002201
"1,3-dioxolan-2-one",60,0.00001291
"1,3-dioxolan-2-one",55,0.00000748
"1,3-dioxolan-2-one",50,0.00000428
"1,3-dioxolan-2-one",45,0.00000242
"1,3-dioxolan-2-one",40,0.00000135
"1,3-dioxolan-2-one",35,0.00000074
"1,3-dioxolan-2-one",30,0.00000040
"1,3-dioxolan-2-one",25,0.00000021
2-chloroethanol,160,18.52704963
2-chloroethanol,155,13.75036656
2-chloroethanol,150,9.99953494
2-chloroethanol,145,7.16675045
2-chloroethanol,140,5.07998576
2-chloroethanol,135,3.56769274
2-chloroethanol,130,2.48441656
2-chloroethanol,125,1.71570492
2-chloroethanol,120,1.17482029
2-chloroethanol,115,0.79739439
2-chloroethanol,110,0.53626889
2-chloroethanol,105,0.35721395
2-chloroethanol,100,0.23558406
2-chloroethanol,95,0.15377386
2-chloroethanol,90,0.09931160
2-chloroethanol,85,0.06344163
2-chloroethanol,80,0.04007692
2-chloroethanol,75,0.02502992
2-chloroethanol,70,0.01545172
2-chloroethanol,65,0.00942668
2-chloroethanol,60,0.00568223
2-chloroethanol,55,0.00338352
2-chloroethanol,50,0.00198983
2-chloroethanol,45,0.00115548
2-chloroethanol,40,0.00066236
2-chloroethanol,35,0.00037470
2-chloroethanol,30,0.00020912
2-chloroethanol,25,0.00011510
ethylenecyanohydrin,160,0.00032573
ethylenecyanohydrin,155,0.00020910
ethylenecyanohydrin,150,0.00013298
ethylenecyanohydrin,145,0.00008377
ethylenecyanohydrin,140,0.00005227
ethylenecyanohydrin,135,0.00003229
ethylenecyanohydrin,130,0.00001975
ethylenecyanohydrin,125,0.00001196
ethylenecyanohydrin,120,0.00000717
ethylenecyanohydrin,115,0.00000426
ethylenecyanohydrin,110,0.00000250
ethylenecyanohydrin,105,0.00000145
ethylenecyanohydrin,100,0.00000084
ethylenecyanohydrin,95,0.00000048
ethylenecyanohydrin,90,0.00000027
ethylenecyanohydrin,85,0.00000015
ethylenecyanohydrin,80,0.00000008
ethylenecyanohydrin,75,0.00000004
ethylenecyanohydrin,70,0.00000002
ethylenecyanohydrin,65,0.00000001
ethylenecyanohydrin,60,0.00000001
ethylenecyanohydrin,55,0.00000000
ethylenecyanohydrin,50,0.00000000
ethylenecyanohydrin,45,0.00000000
ethylenecyanohydrin,40,0.00000000
ethylenecyanohydrin,35,0.00000000
ethylenecyanohydrin,30,0.00000000
ethylenecyanohydrin,25,0.00000000
"1,2-dibromoethane",160,36.00931004
"1,2-dibromoethane",155,33.97182502
"1,2-dibromoethane",150,31.97686388
"1,2-dibromoethane",145,30.02549842
"1,2-dibromoethane",140,28.11757861
"1,2-dibromoethane",135,26.25746019
"1,2-dibromoethane",130,24.44414372
"1,2-dibromoethane",125,22.67952381
"1,2-dibromoethane",120,20.96502896
"1,2-dibromoethane",115,19.30155458
"1,2-dibromoethane",110,17.69241995
"1,2-dibromoethane",105,16.13778382
"1,2-dibromoethane",100,14.64088314
"1,2-dibromoethane",95,13.20337960
"1,2-dibromoethane",90,11.82805922
"1,2-dibromoethane",85,10.51841578
"1,2-dibromoethane",80,9.27787925
"1,2-dibromoethane",75,8.10960090
"1,2-dibromoethane",70,7.01716625
"1,2-dibromoethane",65,6.00491783
"1,2-dibromoethane",60,5.07616542
"1,2-dibromoethane",55,4.23432666
"1,2-dibromoethane",50,3.48166572
"1,2-dibromoethane",45,2.81925343
"1,2-dibromoethane",40,2.24638897
"1,2-dibromoethane",35,1.76033223
"1,2-dibromoethane",30,1.35625480
"1,2-dibromoethane",25,1.02731072
"1,2-dichloroethane",160,42.30332995
"1,2-dichloroethane",155,38.98916484
"1,2-dichloroethane",150,35.61603097
"1,2-dichloroethane",145,32.20685153
"1,2-dichloroethane",140,28.79153909
"1,2-dichloroethane",135,25.40881233
"1,2-dichloroethane",130,22.10482784
"1,2-dichloroethane",125,18.93182231
"1,2-dichloroethane",120,15.94435314
"1,2-dichloroethane",115,13.19456601
"1,2-dichloroethane",110,10.72500845
"1,2-dichloroethane",105,8.56380354
"1,2-dichloroethane",100,6.72109118
"1,2-dichloroethane",95,5.18910201
"1,2-dichloroethane",90,3.94529675
"1,2-dichloroethane",85,2.95712913
"1,2-dichloroethane",80,2.18723894
"1,2-dichloroethane",75,1.59779259
"1,2-dichloroethane",70,1.15351232
"1,2-dichloroethane",65,0.82337086
"1,2-dichloroethane",60,0.58123853
"1,2-dichloroethane",55,0.40582976
"1,2-dichloroethane",50,0.28025322
"1,2-dichloroethane",45,0.19138744
"1,2-dichloroethane",40,0.12922079
"1,2-dichloroethane",35,0.08623352
"1,2-dichloroethane",30,0.05685747
"1,2-dichloroethane",25,0.03702440
"1,2-ethanedioldinitrate",160,100.00000000
"1,2-ethanedioldinitrate",155,100.00000000
"1,2-ethanedioldinitrate",150,100.00000000
"1,2-ethanedioldinitrate",145,100.00000000
"1,2-ethanedioldinitrate",140,100.00000000
"1,2-ethanedioldinitrate",135,100.00000000
"1,2-ethanedioldinitrate",130,30.68526181
"1,2-ethanedioldinitrate",125,29.01744910
"1,2-ethanedioldinitrate",120,27.40906080
"1,2-ethanedioldinitrate",115,25.86210342
"1,2-ethanedioldinitrate",110,24.37625364
"1,2-ethanedioldinitrate",105,22.95200386
"1,2-ethanedioldinitrate",100,21.58867208
"1,2-ethanedioldinitrate",95,20.28913808
"1,2-ethanedioldinitrate",90,19.05063096
"1,2-ethanedioldinitrate",85,17.87339447
"1,2-ethanedioldinitrate",80,16.75730451
"1,2-ethanedioldinitrate",75,15.70034533
"1,2-ethanedioldinitrate",70,14.70236258
"1,2-ethanedioldinitrate",65,13.76206233
"1,2-ethanedioldinitrate",60,12.87835594
"1,2-ethanedioldinitrate",55,12.04900374
"1,2-ethanedioldinitrate",50,11.27288849
"1,2-ethanedioldinitrate",45,10.54893577
"1,2-ethanedioldinitrate",40,9.87524102
"1,2-ethanedioldinitrate",35,9.24970901
"1,2-ethanedioldinitrate",30,8.67142150
"1,2-ethanedioldinitrate",25,8.13791651
glycol,160,0.02556454
glycol,155,0.01643423
glycol,150,0.01045861
glycol,145,0.00658800
glycol,140,0.00410722
glycol,135,0.00253415
glycol,130,0.00154739
glycol,125,0.00093509
glycol,120,0.00055927
glycol,115,0.00033108
glycol,110,0.00019402
glycol,105,0.00011257
glycol,100,0.00006467
glycol,95,0.00003680
glycol,90,0.00002075
glycol,85,0.00001159
glycol,80,0.00000642
glycol,75,0.00000352
glycol,70,0.00000192
glycol,65,0.00000104
glycol,60,0.00000056
glycol,55,0.00000030
glycol,50,0.00000016
glycol,45,0.00000008
glycol,40,0.00000004
glycol,35,0.00000002
glycol,30,0.00000001
glycol,25,0.00000001
2-butoxyethanolacetate,160,24.91908299
2-butoxyethanolacetate,155,22.13581268
2-butoxyethanolacetate,150,19.49407982
2-butoxyethanolacetate,145,17.01291316
2-butoxyethanolacetate,140,14.70867553
2-butoxyethanolacetate,135,12.59402439
2-butoxyethanolacetate,130,10.67734881
2-butoxyethanolacetate,125,8.96235593
2-butoxyethanolacetate,120,7.44783291
2-butoxyethanolacetate,115,6.12779951
2-butoxyethanolacetate,110,4.99220560
2-butoxyethanolacetate,105,4.02769363
2-butoxyethanolacetate,100,3.21862437
2-butoxyethanolacetate,95,2.54804554
2-butoxyethanolacetate,90,1.99863050
2-butoxyethanolacetate,85,1.55345382
2-butoxyethanolacetate,80,1.19656712
2-butoxyethanolacetate,75,0.91339665
2-butoxyethanolacetate,70,0.69095902
2-butoxyethanolacetate,65,0.51793829
2-butoxyethanolacetate,60,0.38465771
2-butoxyethanolacetate,55,0.28297986
2-butoxyethanolacetate,50,0.20616362
2-butoxyethanolacetate,45,0.14870056
2-butoxyethanolacetate,40,0.10614617
2-butoxyethanolacetate,35,0.07495721
2-butoxyethanolacetate,30,0.05234144
2-butoxyethanolacetate,25,0.03612322
"1,2-ethanedioldiacetate",160,14.66492659
"1,2-ethanedioldiacetate",155,12.20300203
"1,2-ethanedioldiacetate",150,10.06085065
"1,2-ethanedioldiacetate",145,8.22183832
"1,2-ethanedioldiacetate",140,6.66256068
"1,2-ethanedioldiacetate",135,5.35555205
"1,2-ethanedioldiacetate",130,4.27157794
"1,2-ethanedioldiacetate",125,3.38141986
"1,2-ethanedioldiacetate",120,2.65715564
"1,2-ethanedioldiacetate",115,2.07299199
"1,2-ethanedioldiacetate",110,1.60573096
"1,2-ethanedioldiacetate",105,1.23495730
"1,2-ethanedioldiacetate",100,0.94302674
"1,2-ethanedioldiacetate",95,0.71492281
"1,2-ethanedioldiacetate",90,0.53803505
"1,2-ethanedioldiacetate",85,0.40189828
"1,2-ethanedioldiacetate",80,0.29792014
"1,2-ethanedioldiacetate",75,0.21911549
"1,2-ethanedioldiacetate",70,0.15985839
"1,2-ethanedioldiacetate",65,0.11565799
"1,2-ethanedioldiacetate",60,0.08296061
"1,2-ethanedioldiacetate",55,0.05897834
"1,2-ethanedioldiacetate",50,0.04154278
"1,2-ethanedioldiacetate",45,0.02898205
"1,2-ethanedioldiacetate",40,0.02001847
"1,2-ethanedioldiacetate",35,0.01368447
"1,2-ethanedioldiacetate",30,0.00925413
"1,2-ethanedioldiacetate",25,0.00618812
"1,2-dibutoxyethane",160,17.01026420
"1,2-dibutoxyethane",155,14.66101306
"1,2-dibutoxyethane",150,12.53430938
"1,2-dibutoxyethane",145,10.62995821
"1,2-dibutoxyethane",140,8.94298044
"1,2-dibutoxyethane",135,7.46432675
"1,2-dibutoxyethane",130,6.18160395
"1,2-dibutoxyethane",125,5.07997341
"1,2-dibutoxyethane",120,4.14302561
"1,2-dibutoxyethane",115,3.35360450
"1,2-dibutoxyethane",110,2.69449355
"1,2-dibutoxyethane",105,2.14899986
"1,2-dibutoxyethane",100,1.70137433
"1,2-dibutoxyethane",95,1.33710069
"1,2-dibutoxyethane",90,1.04306423
"1,2-dibutoxyethane",85,0.80762131
"1,2-dibutoxyethane",80,0.62059243
"1,2-dibutoxyethane",75,0.47320002
"1,2-dibutoxyethane",70,0.35796931
"1,2-dibutoxyethane",65,0.26860803
"1,2-dibutoxyethane",60,0.19987578
"1,2-dibutoxyethane",55,0.14745245
"1,2-dibutoxyethane",50,0.10781128
"1,2-dibutoxyethane",45,0.07810050
"1,2-dibutoxyethane",40,0.05603575
"1,2-dibutoxyethane",35,0.03980429
"1,2-dibutoxyethane",30,0.02798121
"1,2-dibutoxyethane",25,0.01945721
"3,6-dioxaoctane",160,40.11381602
"3,6-dioxaoctane",155,37.36562706
"3,6-dioxaoctane",150,34.63297732
"3,6-dioxaoctane",145,31.92750971
"3,6-dioxaoctane",140,29.26174711
"3,6-dioxaoctane",135,26.64841360
"3,6-dioxaoctane",130,24.10167036
"3,6-dioxaoctane",125,21.63698533
"3,6-dioxaoctane",120,19.26893249
"3,6-dioxaoctane",115,17.01250831
"3,6-dioxaoctane",110,14.88273300
"3,6-dioxaoctane",105,12.89245888
"3,6-dioxaoctane",100,11.05358063
"3,6-dioxaoctane",95,9.37507274
"3,6-dioxaoctane",90,7.86269221
"3,6-dioxaoctane",85,6.51877219
"3,6-dioxaoctane",80,5.34166630
"3,6-dioxaoctane",75,4.32579326
"3,6-dioxaoctane",70,3.46214000
"3,6-dioxaoctane",65,2.73881004
"3,6-dioxaoctane",60,2.14185747
"3,6-dioxaoctane",55,1.65621414
"3,6-dioxaoctane",50,1.26656944
"3,6-dioxaoctane",45,0.95808831
"3,6-dioxaoctane",40,0.71697477
"3,6-dioxaoctane",35,0.53083092
"3,6-dioxaoctane",30,0.38883370
"3,6-dioxaoctane",25,0.28177111
"1,2-dimethoxyethane",160,52.23439208
"1,2-dimethoxyethane",155,49.85175188
"1,2-dimethoxyethane",150,47.44398350
"1,2-dimethoxyethane",145,45.01318480
"1,2-dimethoxyethane",140,42.56789691
"1,2-dimethoxyethane",135,40.11058715
"1,2-dimethoxyethane",130,37.64913957
"1,2-dimethoxyethane",125,35.18900553
"1,2-dimethoxyethane",120,32.74016255
"1,2-dimethoxyethane",115,30.30722639
"1,2-dimethoxyethane",110,27.90260949
"1,2-dimethoxyethane",105,25.53375161
"1,2-dimethoxyethane",100,23.21348976
"1,2-dimethoxyethane",95,20.95193504
"1,2-dimethoxyethane",90,18.76221413
"1,2-dimethoxyethane",85,16.65685870
"1,2-dimethoxyethane",80,14.64913437
"1,2-dimethoxyethane",75,12.75246454
"1,2-dimethoxyethane",70,10.97925325
"1,2-dimethoxyethane",65,9.34099271
"1,2-dimethoxyethane",60,7.84729384
"1,2-dimethoxyethane",55,6.50518536
"1,2-dimethoxyethane",50,5.31826775
"1,2-dimethoxyethane",45,4.28620854
"1,2-dimethoxyethane",40,3.40475460
"1,2-dimethoxyethane",35,2.66555494
"1,2-dimethoxyethane",30,2.05703403
"1,2-dimethoxyethane",25,1.56517317
2-(2-ethylhexyl)oxyethanol,160,10.38848276
2-(2-ethylhexyl)oxyethanol,155,8.46873118
2-(2-ethylhexyl)oxyethanol,150,6.84146069
2-(2-ethylhexyl)oxyethanol,145,5.47856980
2-(2-ethylhexyl)oxyethanol,140,4.34970831
2-(2-ethylhexyl)oxyethanol,135,3.42433867
2-(2-ethylhexyl)oxyethanol,130,2.67319586
2-(2-ethylhexyl)oxyethanol,125,2.06920157
2-(2-ethylhexyl)oxyethanol,120,1.58797760
2-(2-ethylhexyl)oxyethanol,115,1.20804123
2-(2-ethylhexyl)oxyethanol,110,0.91079275
2-(2-ethylhexyl)oxyethanol,105,0.68036850
2-(2-ethylhexyl)oxyethanol,100,0.50341605
2-(2-ethylhexyl)oxyethanol,95,0.36883091
2-(2-ethylhexyl)oxyethanol,90,0.26748207
2-(2-ethylhexyl)oxyethanol,85,0.19194254
2-(2-ethylhexyl)oxyethanol,80,0.13623657
2-(2-ethylhexyl)oxyethanol,75,0.09560814
2-(2-ethylhexyl)oxyethanol,70,0.06631395
2-(2-ethylhexyl)oxyethanol,65,0.04544144
2-(2-ethylhexyl)oxyethanol,60,0.03075133
2-(2-ethylhexyl)oxyethanol,55,0.02054312
2-(2-ethylhexyl)oxyethanol,50,0.01354206
2-(2-ethylhexyl)oxyethanol,45,0.00880526
2-(2-ethylhexyl)oxyethanol,40,0.00564496
2-(2-ethylhexyl)oxyethanol,35,0.00356662
2-(2-ethylhexyl)oxyethanol,30,0.00221995
2-(2-ethylhexyl)oxyethanol,25,0.00136058
ethylenglycolmonobenzylether,160,21.36311463
ethylenglycolmonobenzylether,155,18.35497304
ethylenglycolmonobenzylether,150,15.57227845
ethylenglycolmonobenzylether,145,13.04211442
ethylenglycolmonobenzylether,140,10.78221994
ethylenglycolmonobenzylether,135,8.79983297
ethylenglycolmonobenzylether,130,7.09174439
ethylenglycolmonobenzylether,125,5.64538636
ethylenglycolmonobenzylether,120,4.44089827
ethylenglycolmonobenzylether,115,3.45352621
ethylenglycolmonobenzylether,110,2.65605421
ethylenglycolmonobenzylether,105,2.02086812
ethylenglycolmonobenzylether,100,1.52153153
ethylenglycolmonobenzylether,95,1.13383191
ethylenglycolmonobenzylether,90,0.83635813
ethylenglycolmonobenzylether,85,0.61070786
ethylenglycolmonobenzylether,80,0.44143653
ethylenglycolmonobenzylether,75,0.31584245
ethylenglycolmonobenzylether,70,0.22366394
ethylenglycolmonobenzylether,65,0.15674201
ethylenglycolmonobenzylether,60,0.10868441
ethylenglycolmonobenzylether,55,0.07455201
ethylenglycolmonobenzylether,50,0.05057897
ethylenglycolmonobenzylether,45,0.03393112
ethylenglycolmonobenzylether,40,0.02250265
ethylenglycolmonobenzylether,35,0.01474876
ethylenglycolmonobenzylether,30,0.00955059
ethylenglycolmonobenzylether,25,0.00610817
2-ethoxyethylacrylate,160,28.90646204
2-ethoxyethylacrylate,155,25.96557763
2-ethoxyethylacrylate,150,23.12640372
2-ethoxyethylacrylate,145,20.41152843
2-ethoxyethylacrylate,140,17.84293588
2-ethoxyethylacrylate,135,15.44050327
2-ethoxyethylacrylate,130,13.22147652
2-ethoxyethylacrylate,125,11.19904091
2-ethoxyethylacrylate,120,9.38127183
2-ethoxyethylacrylate,115,7.77097006
2-ethoxyethylacrylate,110,6.36533702
2-ethoxyethylacrylate,105,5.15628992
2-ethoxyethylacrylate,100,4.13137659
2-ethoxyethylacrylate,95,3.27479677
2-ethoxyethylacrylate,90,2.56865763
2-ethoxyethylacrylate,85,1.99414083
2-ethoxyethylacrylate,80,1.53255047
2-ethoxyethylacrylate,75,1.16612155
2-ethoxyethylacrylate,70,0.87857060
2-ethoxyethylacrylate,65,0.65541745
2-ethoxyethylacrylate,60,0.48410775
2-ethoxyethylacrylate,55,0.35399136
2-ethoxyethylacrylate,50,0.25620313
2-ethoxyethylacrylate,45,0.18348636
2-ethoxyethylacrylate,40,0.12999022
2-ethoxyethylacrylate,35,0.09106253
2-ethoxyethylacrylate,30,0.06305234
2-ethoxyethylacrylate,25,0.04313026
2-hexyloxyethanol,160,15.87643251
2-hexyloxyethanol,155,13.12152020
2-hexyloxyethanol,150,10.70771207
2-hexyloxyethanol,145,8.63187622
2-hexyloxyethanol,140,6.87762249
2-hexyloxyethanol,135,5.41893996
2-hexyloxyethanol,130,4.22399975
2-hexyloxyethanol,125,3.25851704
2-hexyloxyethanol,120,2.48836532
2-hexyloxyethanol,115,1.88138094
2-hexyloxyethanol,110,1.40844723
2-hexyloxyethanol,105,1.04401262
2-hexyloxyethanol,100,0.76620541
2-hexyloxyethanol,95,0.55668606
2-hexyloxyethanol,90,0.40034649
2-hexyloxyethanol,85,0.28493460
2-hexyloxyethanol,80,0.20065612
2-hexyloxyethanol,75,0.13978706
2-hexyloxyethanol,70,0.09631520
2-hexyloxyethanol,65,0.06562059
2-hexyloxyethanol,60,0.04419830
2-hexyloxyethanol,55,0.02942339
2-hexyloxyethanol,50,0.01935534
2-hexyloxyethanol,45,0.01257842
2-hexyloxyethanol,40,0.00807345
2-hexyloxyethanol,35,0.00511664
2-hexyloxyethanol,30,0.00320094
2-hexyloxyethanol,25,0.00197606
2-propoxyethanol,160,34.41842047
2-propoxyethanol,155,30.63335266
2-propoxyethanol,150,26.88721529
2-propoxyethanol,145,23.23993923
2-propoxyethanol,140,19.75747951
2-propoxyethanol,135,16.50482085
2-propoxyethanol,130,13.54002507
2-propoxyethanol,125,10.90661196
2-propoxyethanol,120,8.62858474
2-propoxyethanol,115,6.70879477
2-propoxyethanol,110,5.13085569
2-propoxyethanol,105,3.86378151
2-propoxyethanol,100,2.86780367
2-propoxyethanol,95,2.09990974
2-propoxyethanol,90,1.51812455
2-propoxyethanol,85,1.08428529
2-propoxyethanol,80,0.76545090
2-propoxyethanol,75,0.53429136
2-propoxyethanol,70,0.36882993
2-propoxyethanol,65,0.25183829
2-propoxyethanol,60,0.17009596
2-propoxyethanol,55,0.11364422
2-propoxyethanol,50,0.07510460
2-propoxyethanol,45,0.04909300
2-propoxyethanol,40,0.03173655
2-propoxyethanol,35,0.02028735
2-propoxyethanol,30,0.01282151
2-propoxyethanol,25,0.00800955
ethyleneglycoltert-butylether,160,32.26844948
ethyleneglycoltert-butylether,155,28.86196467
ethyleneglycoltert-butylether,150,25.52580044
ethyleneglycoltert-butylether,145,22.30005932
ethyleneglycoltert-butylether,140,19.22726646
ethyleneglycoltert-butylether,135,16.34868689
ethyleneglycoltert-butylether,130,13.70082843
ethyleneglycoltert-butylether,125,11.31257598
ethyleneglycoltert-butylether,120,9.20208616
ethyleneglycoltert-butylether,115,7.37533154
ethyleneglycoltert-butylether,110,5.82630521
ethyleneglycoltert-butylether,105,4.53867504
ethyleneglycoltert-butylether,100,3.48839935
ethyleneglycoltert-butylether,95,2.64683019
ethyleneglycoltert-butylether,90,1.98358794
ethyleneglycoltert-butylether,85,1.46890366
ethyleneglycoltert-butylether,80,1.07523357
ethyleneglycoltert-butylether,75,0.77819682
ethyleneglycoltert-butylether,70,0.55695845
ethyleneglycoltert-butylether,65,0.39421839
ethyleneglycoltert-butylether,60,0.27595290
ethyleneglycoltert-butylether,55,0.19102693
ethyleneglycoltert-butylether,50,0.13075915
ethyleneglycoltert-butylether,45,0.08849236
ethyleneglycoltert-butylether,40,0.05919957
ethyleneglycoltert-butylether,35,0.03913985
ethyleneglycoltert-butylether,30,0.02556831
ethyleneglycoltert-butylether,25,0.01649860
2-butoxyethanol,160,27.33576280
2-butoxyethanol,155,23.67468463
2-butoxyethanol,150,20.19162263
2-butoxyethanol,145,16.94713800
2-butoxyethanol,140,13.99278162
2-butoxyethanol,135,11.36560356
2-butoxyethanol,130,9.08452176
2-butoxyethanol,125,7.14958228
2-butoxyethanol,120,5.54425521
2-butoxyethanol,115,4.23962975
2-butoxyethanol,110,3.19934400
2-butoxyethanol,105,2.38413637
2-butoxyethanol,100,1.75540229
2-butoxyethanol,95,1.27755975
2-butoxyethanol,90,0.91934011
2-butoxyethanol,85,0.65425514
2-butoxyethanol,80,0.46051249
2-butoxyethanol,75,0.32060938
2-butoxyethanol,70,0.22077284
2-butoxyethanol,65,0.15035796
2-butoxyethanol,60,0.10127038
2-butoxyethanol,55,0.06744778
2-butoxyethanol,50,0.04441478
2-butoxyethanol,45,0.02891344
2-butoxyethanol,40,0.01860431
2-butoxyethanol,35,0.01183009
2-butoxyethanol,30,0.00743242
2-butoxyethanol,25,0.00461247
ethoxyethanol,160,42.17786217
ethoxyethanol,155,38.54194304
ethoxyethanol,150,34.83565750
ethoxyethanol,145,31.09506491
ethoxyethanol,140,27.36825648
ethoxyethanol,135,23.71299797
ethoxyethanol,130,20.19473739
ethoxyethanol,125,16.88164044
ethoxyethanol,120,13.83864085
ethoxyethanol,115,11.11832682
ethoxyethanol,110,8.75505715
ethoxyethanol,105,6.76052382
ethoxyethanol,100,5.12405156
ethoxyethanol,95,3.81668159
ethoxyethanol,90,2.79750441
ethoxyethanol,85,2.02034182
ethoxyethanol,80,1.43928075
ethoxyethanol,75,1.01239663
ethoxyethanol,70,0.70367666
ethoxyethanol,65,0.48357742
ethoxyethanol,60,0.32871022
ethoxyethanol,55,0.22107595
ethoxyethanol,50,0.14714015
ethoxyethanol,45,0.09692263
ethoxyethanol,40,0.06318813
ethoxyethanol,35,0.04077067
ethoxyethanol,30,0.02603297
ethoxyethanol,25,0.01644758
2-ethoxyethanolacetate,160,32.52432565
2-ethoxyethanolacetate,155,29.56573089
2-ethoxyethanolacetate,150,26.67675472
2-ethoxyethanolacetate,145,23.87849500
2-ethoxyethanolacetate,140,21.19111842
2-ethoxyethanolacetate,135,18.63561266
2-ethoxyethanolacetate,130,16.23090199
2-ethoxyethanolacetate,125,13.99414148
2-ethoxyethanolacetate,120,11.93911715
2-ethoxyethanolacetate,115,10.07599139
2-ethoxyethanolacetate,110,8.40998107
2-ethoxyethanolacetate,105,6.94134927
2-ethoxyethanolacetate,100,5.66544073
2-ethoxyethanolacetate,95,4.57303912
2-ethoxyethanolacetate,90,3.65113366
2-ethoxyethanolacetate,85,2.88400227
2-ethoxyethanolacetate,80,2.25429276
2-ethoxyethanolacetate,75,1.74410461
2-ethoxyethanolacetate,70,1.33588701
2-ethoxyethanolacetate,65,1.01314160
2-ethoxyethanolacetate,60,0.76087880
2-ethoxyethanolacetate,55,0.56587344
2-ethoxyethanolacetate,50,0.41673998
2-ethoxyethanolacetate,45,0.30388312
2-ethoxyethanolacetate,40,0.21936528
2-ethoxyethanolacetate,35,0.15672756
2-ethoxyethanolacetate,30,0.11079213
2-ethoxyethanolacetate,25,0.07746455
2-isopropoxyethanol,160,38.18478386
2-isopropoxyethanol,155,34.73810084
2-isopropoxyethanol,150,31.27957044
2-isopropoxyethanol,145,27.84373304
2-isopropoxyethanol,140,24.47133837
2-isopropoxyethanol,135,21.20805847
2-isopropoxyethanol,130,18.10295912
2-isopropoxyethanol,125,15.20428950
2-isopropoxyethanol,120,12.55539485
2-isopropoxyethanol,115,10.18958347
2-isopropoxyethanol,110,8.12676382
2-isopropoxyethanol,105,6.37137520
2-isopropoxyethanol,100,4.91293393
2-isopropoxyethanol,95,3.72870021
2-isopropoxyethanol,90,2.78761986
2-isopropoxyethanol,85,2.05453784
2-isopropoxyethanol,80,1.49385323
2-isopropoxyethanol,75,1.07218974
2-isopropoxyethanol,70,0.75998107
2-isopropoxyethanol,65,0.53215790
2-isopropoxyethanol,60,0.36818926
2-isopropoxyethanol,55,0.25173032
2-isopropoxyethanol,50,0.17007362
2-isopropoxyethanol,45,0.11353973
2-isopropoxyethanol,40,0.07488858
2-isopropoxyethanol,35,0.04879403
2-isopropoxyethanol,30,0.03139854
2-isopropoxyethanol,25,0.01994966
2-methoxyethanol,160,42.40150135
2-methoxyethanol,155,38.15645943
2-methoxyethanol,150,33.82217288
2-methoxyethanol,145,29.47348543
2-methoxyethanol,140,25.20152648
2-methoxyethanol,135,21.10837349
2-methoxyethanol,130,17.29712302
2-methoxyethanol,125,13.85772920
2-methoxyethanol,120,10.85500409
2-methoxyethanol,115,8.31979179
2-methoxyethanol,110,6.24760389
2-methoxyethanol,105,4.60436467
2-methoxyethanol,100,3.33635517
2-methoxyethanol,95,2.38112056
2-methoxyethanol,90,1.67636343
2-methoxyethanol,85,1.16570711
2-methoxyethanol,80,0.80146614
2-methoxyethanol,75,0.54524329
2-methoxyethanol,70,0.36724214
2-methoxyethanol,65,0.24499081
2-methoxyethanol,60,0.16192222
2-methoxyethanol,55,0.10604861
2-methoxyethanol,50,0.06883274
2-methoxyethanol,45,0.04427913
2-methoxyethanol,40,0.02823030
2-methoxyethanol,35,0.01783694
2-methoxyethanol,30,0.01116779
2-methoxyethanol,25,0.00692767
ethyleneglycolmonomethyletheracetate,160,34.46806874
ethyleneglycolmonomethyletheracetate,155,31.38901698
ethyleneglycolmonomethyletheracetate,150,28.37323174
ethyleneglycolmonomethyletheracetate,145,25.44431310
ethyleneglycolmonomethyletheracetate,140,22.62474211
ethyleneglycolmonomethyletheracetate,135,19.93729144
ethyleneglycolmonomethyletheracetate,130,17.40254598
ethyleneglycolmonomethyletheracetate,125,15.03916084
ethyleneglycolmonomethyletheracetate,120,12.86231746
ethyleneglycolmonomethyletheracetate,115,10.88305573
ethyleneglycolmonomethyletheracetate,110,9.10787526
ethyleneglycolmonomethyletheracetate,105,7.53795831
ethyleneglycolmonomethyletheracetate,100,6.16940615
ethyleneglycolmonomethyletheracetate,95,4.99361321
ethyleneglycolmonomethyletheracetate,90,3.99793047
ethyleneglycolmonomethyletheracetate,85,3.16663551
ethyleneglycolmonomethyletheracetate,80,2.48206600
ethyleneglycolmonomethyletheracetate,75,1.92574654
ethyleneglycolmonomethyletheracetate,70,1.47933444
ethyleneglycolmonomethyletheracetate,65,1.12541050
ethyleneglycolmonomethyletheracetate,60,0.84802349
ethyleneglycolmonomethyletheracetate,55,0.63300187
ethyleneglycolmonomethyletheracetate,50,0.46808224
ethyleneglycolmonomethyletheracetate,45,0.34288627
ethyleneglycolmonomethyletheracetate,40,0.24880027
ethyleneglycolmonomethyletheracetate,35,0.17879650
ethyleneglycolmonomethyletheracetate,30,0.12722811
ethyleneglycolmonomethyletheracetate,25,0.08962049
ethylenesulfite,160,20.50961690
ethylenesulfite,155,16.44105442
ethylenesulfite,150,12.93890174
ethylenesulfite,145,10.02945434
ethylenesulfite,140,7.67897325
ethylenesulfite,135,5.81972566
ethylenesulfite,130,4.37215677
ethylenesulfite,125,3.25878983
ethylenesulfite,120,2.41087289
ethylenesulfite,115,1.77058097
ethylenesulfite,110,1.29081340
ethylenesulfite,105,0.93399865
ethylenesulfite,100,0.67058984
ethylenesulfite,95,0.47760228
ethylenesulfite,90,0.33731123
ethylenesulfite,85,0.23615503
ethylenesulfite,80,0.16383484
ethylenesulfite,75,0.11258858
ethylenesulfite,70,0.07661146
ethylenesulfite,65,0.05159807
ethylenesulfite,60,0.03438259
ethylenesulfite,55,0.02265843
ethylenesulfite,50,0.01476126
ethylenesulfite,45,0.00950230
ethylenesulfite,40,0.00604157
ethylenesulfite,35,0.00379213
ethylenesulfite,30,0.00234864
ethylenesulfite,25,0.00143458
ethyleneoxide,160,100.00000000
ethyleneoxide,155,100.00000000
ethyleneoxide,150,100.00000000
ethyleneoxide,145,100.00000000
ethyleneoxide,140,100.00000000
ethyleneoxide,135,100.00000000
ethyleneoxide,130,100.00000000
ethyleneoxide,125,100.00000000
ethyleneoxide,120,100.00000000
ethyleneoxide,115,100.00000000
ethyleneoxide,110,100.00000000
ethyleneoxide,105,49.93297213
ethyleneoxide,100,47.53572889
ethyleneoxide,95,45.08520045
ethyleneoxide,90,42.58845549
ethyleneoxide,85,40.04934241
ethyleneoxide,80,37.47709728
ethyleneoxide,75,34.87813447
ethyleneoxide,70,32.26220324
ethyleneoxide,65,29.64081778
ethyleneoxide,60,27.02723997
ethyleneoxide,55,24.43514647
ethyleneoxide,50,21.87932415
ethyleneoxide,45,19.38026761
ethyleneoxide,40,16.95522847
ethyleneoxide,35,14.62734165
ethyleneoxide,30,12.42028134
ethyleneoxide,25,10.35858873
thiirane,160,100.00000000
thiirane,155,100.00000000
thiirane,150,100.00000000
thiirane,145,100.00000000
thiirane,140,100.00000000
thiirane,135,100.00000000
thiirane,130,100.00000000
thiirane,125,50.69999061
thiirane,120,48.36345652
thiirane,115,45.97168553
thiirane,110,43.52395890
thiirane,105,41.02180342
thiirane,100,38.47071051
thiirane,95,35.87394722
thiirane,90,33.23701459
thiirane,85,30.56812908
thiirane,80,27.87840416
thiirane,75,25.17935859
thiirane,70,22.49033065
thiirane,65,19.83121792
thiirane,60,17.22769703
thiirane,55,14.71238863
thiirane,50,12.31965221
thiirane,45,10.08871554
thiirane,40,8.05846441
thiirane,35,6.26380048
thiirane,30,4.72967901
thiirane,25,3.46612349
"1,2-diaminoethane",160,33.27796066
"1,2-diaminoethane",155,28.98181448
"1,2-diaminoethane",150,24.92086804
"1,2-diaminoethane",145,21.14069252
"1,2-diaminoethane",140,17.67748699
"1,2-diaminoethane",135,14.55796931
"1,2-diaminoethane",130,11.79889957
"1,2-diaminoethane",125,9.40595910
"1,2-diaminoethane",120,7.37326886
"1,2-diaminoethane",115,5.68356702
"1,2-diaminoethane",110,4.30946795
"1,2-diaminoethane",105,3.21597146
"1,2-diaminoethane",100,2.36375069
"1,2-diaminoethane",95,1.71252778
"1,2-diaminoethane",90,1.22392780
"1,2-diaminoethane",85,0.86348621
"1,2-diaminoethane",80,0.60170222
"1,2-diaminoethane",75,0.41430535
"1,2-diaminoethane",70,0.28196838
"1,2-diaminoethane",65,0.18971322
"1,2-diaminoethane",60,0.12619567
"1,2-diaminoethane",55,0.08299225
"1,2-diaminoethane",50,0.05395664
"1,2-diaminoethane",45,0.03467467
"1,2-diaminoethane",40,0.02202258
"1,2-diaminoethane",35,0.01382060
"1,2-diaminoethane",30,0.00856825
"1,2-diaminoethane",25,0.00524635
aziridine,160,100.00000000
aziridine,155,100.00000000
aziridine,150,100.00000000
aziridine,145,100.00000000
aziridine,140,60.14276231
aziridine,135,57.47493497
aziridine,130,54.67173404
aziridine,125,51.73356513
aziridine,120,48.66270622
aziridine,115,45.46492990
aziridine,110,42.14707980
aziridine,105,38.72315121
aziridine,100,35.21322893
aziridine,95,31.64125073
aziridine,90,28.04110394
aziridine,85,24.45525338
aziridine,80,20.93762972
aziridine,75,17.54733586
aziridine,70,14.35379567
aziridine,65,11.42664564
aziridine,60,8.83054571
aziridine,55,6.61348296
aziridine,50,4.79746315
aziridine,45,3.37350348
aziridine,40,2.30399654
aziridine,35,1.53236307
aziridine,30,0.99524721
aziridine,25,0.63281422
eugenol,160,24.21497519
eugenol,155,21.41616933
eugenol,150,18.76190164
eugenol,145,16.27295080
eugenol,140,13.96744379
eugenol,135,11.85946553
eugenol,130,9.95858756
eugenol,125,8.26883139
eugenol,120,6.78858864
eugenol,115,5.51082841
eugenol,110,4.42383310
eugenol,105,3.51227401
eugenol,100,2.75838709
eugenol,95,2.14320880
eugenol,90,1.64766394
eugenol,85,1.25342741
eugenol,80,0.94354608
eugenol,75,0.70281371
eugenol,70,0.51794382
eugenol,65,0.37758585
eugenol,60,0.27223212
eugenol,55,0.19405758
eugenol,50,0.13672421
eugenol,45,0.09517460
eugenol,40,0.06543015
eugenol,35,0.04440389
eugenol,30,0.02973316
eugenol,25,0.01963429
ferulic_acid,160,1.77178558
ferulic_acid,155,1.33257788
ferulic_acid,150,0.99586446
ferulic_acid,145,0.73918245
ferulic_acid,140,0.54472131
ferulic_acid,135,0.39838749
ferulic_acid,130,0.28906406
ferulic_acid,125,0.20801709
ferulic_acid,120,0.14841947
ferulic_acid,115,0.10496656
ferulic_acid,110,0.07356501
ferulic_acid,105,0.05108037
ferulic_acid,100,0.03513266
ferulic_acid,95,0.02393115
ferulic_acid,90,0.01614140
ferulic_acid,85,0.01077905
ferulic_acid,80,0.00712567
ferulic_acid,75,0.00466256
ferulic_acid,70,0.00301946
ferulic_acid,65,0.00193505
ferulic_acid,60,0.00122707
ferulic_acid,55,0.00076986
ferulic_acid,50,0.00047782
ferulic_acid,45,0.00029334
ferulic_acid,40,0.00017810
ferulic_acid,35,0.00010691
ferulic_acid,30,0.00006345
ferulic_acid,25,0.00003721
fluorene,160,27.28534545
fluorene,155,24.61520060
fluorene,150,22.04536292
fluorene,145,19.59146460
fluorene,140,17.26737563
fluorene,135,15.08644683
fluorene,130,13.06020090
fluorene,125,11.19783127
fluorene,120,9.50590048
fluorene,115,7.98742192
fluorene,110,6.64184188
fluorene,105,5.46502880
fluorene,100,4.44944346
fluorene,95,3.58459878
fluorene,90,2.85779768
fluorene,85,2.25487692
fluorene,80,1.76101069
fluorene,75,1.36140859
fluorene,70,1.04190313
fluorene,65,0.78937575
fluorene,60,0.59202274
fluorene,55,0.43948639
fluorene,50,0.32287277
fluorene,45,0.23469015
fluorene,40,0.16873552
fluorene,35,0.11995267
fluorene,30,0.08427955
fluorene,25,0.05849710
fluorobenzene,160,48.96060682
fluorobenzene,155,46.38545834
fluorobenzene,150,43.78044273
fluorobenzene,145,41.15090168
fluorobenzene,140,38.50361150
fluorobenzene,135,35.84465303
fluorobenzene,130,33.18440087
fluorobenzene,125,30.53254723
fluorobenzene,120,27.90025524
fluorobenzene,115,25.30324240
fluorobenzene,110,22.75355437
fluorobenzene,105,20.27006925
fluorobenzene,100,17.87143509
fluorobenzene,95,15.57699248
fluorobenzene,90,13.40756119
fluorobenzene,85,11.38344800
fluorobenzene,80,9.52332414
fluorobenzene,75,7.84313468
fluorobenzene,70,6.35387742
fluorobenzene,65,5.06060821
fluorobenzene,60,3.96161853
fluorobenzene,55,3.04825271
fluorobenzene,50,2.30594314
fluorobenzene,45,1.71570179
fluorobenzene,40,1.25614789
fluorobenzene,35,0.90542694
fluorobenzene,30,0.64276380
fluorobenzene,25,0.44952218
fluoroethene,160,100.00000000
fluoroethene,155,100.00000000
fluoroethene,150,100.00000000
fluoroethene,145,100.00000000
fluoroethene,140,100.00000000
fluoroethene,135,100.00000000
fluoroethene,130,100.00000000
fluoroethene,125,100.00000000
fluoroethene,120,100.00000000
fluoroethene,115,100.00000000
fluoroethene,110,100.00000000
fluoroethene,105,100.00000000
fluoroethene,100,49.36065365
fluoroethene,95,47.03665364
fluoroethene,90,44.64755633
fluoroethene,85,42.19655237
fluoroethene,80,39.68279285
fluoroethene,75,37.11288561
fluoroethene,70,34.48901262
fluoroethene,65,31.81684031
fluoroethene,60,29.10945205
fluoroethene,55,26.37400522
fluoroethene,50,23.62867595
fluoroethene,45,20.89427409
fluoroethene,40,18.19389025
fluoroethene,35,15.56102639
fluoroethene,30,13.03347830
fluoroethene,25,10.65382091
ch3f,160,100.00000000
ch3f,155,100.00000000
ch3f,150,100.00000000
ch3f,145,100.00000000
ch3f,140,100.00000000
ch3f,135,100.00000000
ch3f,130,100.00000000
ch3f,125,100.00000000
ch3f,120,100.00000000
ch3f,115,100.00000000
ch3f,110,100.00000000
ch3f,105,100.00000000
ch3f,100,100.00000000
ch3f,95,100.00000000
ch3f,90,100.00000000
ch3f,85,100.00000000
ch3f,80,99.99939697
ch3f,75,46.24349600
ch3f,70,43.54380527
ch3f,65,40.74624187
ch3f,60,37.85728216
ch3f,55,34.88146728
ch3f,50,31.83263080
ch3f,45,28.72535480
ch3f,40,25.58246709
ch3f,35,22.43092676
ch3f,30,19.30913191
ch3f,25,16.26183735
"2-fluoro-1,3-butadiene",160,58.17024743
"2-fluoro-1,3-butadiene",155,55.83361838
"2-fluoro-1,3-butadiene",150,53.43950143
"2-fluoro-1,3-butadiene",145,50.98924954
"2-fluoro-1,3-butadiene",140,48.48472336
"2-fluoro-1,3-butadiene",135,45.92811451
"2-fluoro-1,3-butadiene",130,43.32682256
"2-fluoro-1,3-butadiene",125,40.68249624
"2-fluoro-1,3-butadiene",120,38.00319294
"2-fluoro-1,3-butadiene",115,35.29641228
"2-fluoro-1,3-butadiene",110,32.57023718
"2-fluoro-1,3-butadiene",105,29.83985356
"2-fluoro-1,3-butadiene",100,27.11654921
"2-fluoro-1,3-butadiene",95,24.41770654
"2-fluoro-1,3-butadiene",90,21.76469013
"2-fluoro-1,3-butadiene",85,19.17720694
"2-fluoro-1,3-butadiene",80,16.68154657
"2-fluoro-1,3-butadiene",75,14.30501997
"2-fluoro-1,3-butadiene",70,12.07505412
"2-fluoro-1,3-butadiene",65,10.01878458
"2-fluoro-1,3-butadiene",60,8.16046195
"2-fluoro-1,3-butadiene",55,6.51814035
"2-fluoro-1,3-butadiene",50,5.10185364
"2-fluoro-1,3-butadiene",45,3.91202485
"2-fluoro-1,3-butadiene",40,2.93889107
"2-fluoro-1,3-butadiene",35,2.16407084
"2-fluoro-1,3-butadiene",30,1.56298522
"2-fluoro-1,3-butadiene",25,1.10805502
formaldehyde,160,100.00000000
formaldehyde,155,100.00000000
formaldehyde,150,100.00000000
formaldehyde,145,67.81331736
formaldehyde,140,64.86534156
formaldehyde,135,61.64409817
formaldehyde,130,58.14414616
formaldehyde,125,54.37907986
formaldehyde,120,50.37847520
formaldehyde,115,46.19785807
formaldehyde,110,41.90352915
formaldehyde,105,37.57764225
formaldehyde,100,33.30270809
formaldehyde,95,29.15451511
formaldehyde,90,25.19811570
formaldehyde,85,21.48532829
formaldehyde,80,18.05680401
formaldehyde,75,14.94066580
formaldehyde,70,12.15599290
formaldehyde,65,9.71227048
formaldehyde,60,7.61063865
formaldehyde,55,5.84333858
formaldehyde,50,4.39342244
formaldehyde,45,3.23483187
formaldehyde,40,2.33404033
formaldehyde,35,1.65237837
formaldehyde,30,1.14968772
formaldehyde,25,0.78761515
formamide,160,0.00000198
formamide,155,0.00000122
formamide,150,0.00000074
formamide,145,0.00000045
formamide,140,0.00000027
formamide,135,0.00000016
formamide,130,0.00000009
formamide,125,0.00000006
formamide,120,0.00000003
formamide,115,0.00000002
formamide,110,0.00000001
formamide,105,0.00000001
formamide,100,0.00000000
formamide,95,0.00000000
formamide,90,0.00000000
formamide,85,0.00000000
formamide,80,0.00000000
formamide,75,0.00000000
formamide,70,0.00000000
formamide,65,0.00000000
formamide,60,0.00000000
formamide,55,0.00000000
formamide,50,0.00000000
formamide,45,0.00000000
formamide,40,0.00000000
formamide,35,0.00000000
formamide,30,0.00000000
formamide,25,0.00000000
formicacid,160,0.08878521
formicacid,155,0.05847305
formicacid,150,0.03820765
formicacid,145,0.02476585
formicacid,140,0.01592260
formicacid,135,0.01015313
formicacid,130,0.00642088
formicacid,125,0.00402712
formicacid,120,0.00250502
formicacid,115,0.00154548
formicacid,110,0.00094577
formicacid,105,0.00057415
formicacid,100,0.00034580
formicacid,95,0.00020665
formicacid,90,0.00012256
formicacid,85,0.00007215
formicacid,80,0.00004216
formicacid,75,0.00002447
formicacid,70,0.00001410
formicacid,65,0.00000807
formicacid,60,0.00000459
formicacid,55,0.00000259
formicacid,50,0.00000146
formicacid,45,0.00000081
formicacid,40,0.00000045
formicacid,35,0.00000025
formicacid,30,0.00000014
formicacid,25,0.00000007
formylfluoride,160,65.85488415
formylfluoride,155,63.29887683
formylfluoride,150,60.56599233
formylfluoride,145,57.64521160
formylfluoride,140,54.52474348
formylfluoride,135,51.19660967
formylfluoride,130,47.65478634
formylfluoride,125,43.90590939
formylfluoride,120,39.96417063
formylfluoride,115,35.86334403
formylfluoride,110,31.65435835
formylfluoride,105,27.41197419
formylfluoride,100,23.23045125
formylfluoride,95,19.21904151
formylfluoride,90,15.49033622
formylfluoride,85,12.14511333
formylfluoride,80,9.25739525
formylfluoride,75,6.86264449
formylfluoride,70,4.95481567
formylfluoride,65,3.49173497
formylfluoride,60,2.40792880
formylfluoride,55,1.62903529
formylfluoride,50,1.08355180
formylfluoride,45,0.70980015
formylfluoride,40,0.45846344
formylfluoride,35,0.29219704
formylfluoride,30,0.18382860
formylfluoride,25,0.11417249
(e)-2-butenedinitrile,160,0.38884011
(e)-2-butenedinitrile,155,0.27377629
(e)-2-butenedinitrile,150,0.19135150
(e)-2-butenedinitrile,145,0.13267736
(e)-2-butenedinitrile,140,0.09120921
(e)-2-butenedinitrile,135,0.06213376
(e)-2-butenedinitrile,130,0.04192279
(e)-2-butenedinitrile,125,0.02800294
(e)-2-butenedinitrile,120,0.01850943
(e)-2-butenedinitrile,115,0.01210118
(e)-2-butenedinitrile,110,0.00782202
(e)-2-butenedinitrile,105,0.00499663
(e)-2-butenedinitrile,100,0.00315290
(e)-2-butenedinitrile,95,0.00196438
(e)-2-butenedinitrile,90,0.00120787
(e)-2-butenedinitrile,85,0.00073264
(e)-2-butenedinitrile,80,0.00043816
(e)-2-butenedinitrile,75,0.00025823
(e)-2-butenedinitrile,70,0.00014990
(e)-2-butenedinitrile,65,0.00008566
(e)-2-butenedinitrile,60,0.00004816
(e)-2-butenedinitrile,55,0.00002662
(e)-2-butenedinitrile,50,0.00001446
(e)-2-butenedinitrile,45,0.00000771
(e)-2-butenedinitrile,40,0.00000404
(e)-2-butenedinitrile,35,0.00000207
(e)-2-butenedinitrile,30,0.00000104
(e)-2-butenedinitrile,25,0.00000051
furane,160,100.00000000
furane,155,100.00000000
furane,150,56.05973902
furane,145,53.71185101
furane,140,51.30444587
furane,135,48.83784383
furane,130,46.31193709
furane,125,43.73207718
furane,120,41.10081152
furane,115,38.42363598
furane,110,35.70610964
furane,105,32.95946880
furane,100,30.19207763
furane,95,27.41800625
furane,90,24.65569586
furane,85,21.92386838
furane,80,19.24930244
furane,75,16.65808476
furane,70,14.18348420
furane,65,11.85938162
furane,60,9.71953605
furane,55,7.79489960
furane,50,6.10941888
furane,45,4.67584654
furane,40,3.49397481
furane,35,2.55007077
furane,30,1.81942765
furane,25,1.27041855
furfural,160,15.15553810
furfural,155,11.79365190
furfural,150,9.07068562
furfural,145,6.90829654
furfural,140,5.21637537
furfural,135,3.90786176
furfural,130,2.90555829
furfural,125,2.14425636
furfural,120,1.57052342
furfural,115,1.14142447
furfural,110,0.82293777
furfural,105,0.58838737
furfural,100,0.41704329
furfural,95,0.29292409
furfural,90,0.20380389
furfural,85,0.14040249
furfural,80,0.09573237
furfural,75,0.06457675
furfural,70,0.04307585
furfural,65,0.02840096
furfural,60,0.01849988
furfural,55,0.01189951
furfural,50,0.00755429
furfural,45,0.00473078
furfural,40,0.00292083
furfural,35,0.00177690
furfural,30,0.00106449
furfural,25,0.00062756
2-furanmethanol,160,8.85876225
2-furanmethanol,155,6.57041241
2-furanmethanol,150,4.83117449
2-furanmethanol,145,3.52430626
2-furanmethanol,140,2.55143624
2-furanmethanol,135,1.83313884
2-furanmethanol,130,1.30691897
2-furanmethanol,125,0.92438177
2-furanmethanol,120,0.64847619
2-furanmethanol,115,0.45108901
2-furanmethanol,110,0.31106035
2-furanmethanol,105,0.21258705
2-furanmethanol,100,0.14396045
2-furanmethanol,95,0.09657795
2-furanmethanol,90,0.06417475
2-furanmethanol,85,0.04223115
2-furanmethanol,80,0.02751829
2-furanmethanol,75,0.01775297
2-furanmethanol,70,0.01133770
2-furanmethanol,65,0.00716681
2-furanmethanol,60,0.00448345
2-furanmethanol,55,0.00277534
2-furanmethanol,50,0.00169966
2-furanmethanol,45,0.00102958
2-furanmethanol,40,0.00061675
2-furanmethanol,35,0.00036525
2-furanmethanol,30,0.00021378
2-furanmethanol,25,0.00012361
glycerol,160,0.06591676
glycerol,155,0.04440689
glycerol,150,0.02964433
glycerol,145,0.01960539
glycerol,140,0.01284329
glycerol,135,0.00833268
glycerol,130,0.00535373
glycerol,125,0.00340613
glycerol,120,0.00214576
glycerol,115,0.00133848
glycerol,110,0.00082672
glycerol,105,0.00050563
glycerol,100,0.00030624
glycerol,95,0.00018369
glycerol,90,0.00010913
glycerol,85,0.00006422
glycerol,80,0.00003744
glycerol,75,0.00002162
glycerol,70,0.00001238
glycerol,65,0.00000702
glycerol,60,0.00000395
glycerol,55,0.00000220
glycerol,50,0.00000121
glycerol,45,0.00000066
glycerol,40,0.00000036
glycerol,35,0.00000019
glycerol,30,0.00000010
glycerol,25,0.00000005
"4-hydroxymethyl-1,3-dioxolan-2-one",160,0.00651604
"4-hydroxymethyl-1,3-dioxolan-2-one",155,0.00443741
"4-hydroxymethyl-1,3-dioxolan-2-one",150,0.00299557
"4-hydroxymethyl-1,3-dioxolan-2-one",145,0.00200418
"4-hydroxymethyl-1,3-dioxolan-2-one",140,0.00132864
"4-hydroxymethyl-1,3-dioxolan-2-one",135,0.00087257
"4-hydroxymethyl-1,3-dioxolan-2-one",130,0.00056757
"4-hydroxymethyl-1,3-dioxolan-2-one",125,0.00036559
"4-hydroxymethyl-1,3-dioxolan-2-one",120,0.00023314
"4-hydroxymethyl-1,3-dioxolan-2-one",115,0.00014717
"4-hydroxymethyl-1,3-dioxolan-2-one",110,0.00009194
"4-hydroxymethyl-1,3-dioxolan-2-one",105,0.00005684
"4-hydroxymethyl-1,3-dioxolan-2-one",100,0.00003476
"4-hydroxymethyl-1,3-dioxolan-2-one",95,0.00002103
"4-hydroxymethyl-1,3-dioxolan-2-one",90,0.00001258
"4-hydroxymethyl-1,3-dioxolan-2-one",85,0.00000744
"4-hydroxymethyl-1,3-dioxolan-2-one",80,0.00000435
"4-hydroxymethyl-1,3-dioxolan-2-one",75,0.00000252
"4-hydroxymethyl-1,3-dioxolan-2-one",70,0.00000144
"4-hydroxymethyl-1,3-dioxolan-2-one",65,0.00000081
"4-hydroxymethyl-1,3-dioxolan-2-one",60,0.00000045
"4-hydroxymethyl-1,3-dioxolan-2-one",55,0.00000025
"4-hydroxymethyl-1,3-dioxolan-2-one",50,0.00000014
"4-hydroxymethyl-1,3-dioxolan-2-one",45,0.00000007
"4-hydroxymethyl-1,3-dioxolan-2-one",40,0.00000004
"4-hydroxymethyl-1,3-dioxolan-2-one",35,0.00000002
"4-hydroxymethyl-1,3-dioxolan-2-one",30,0.00000001
"4-hydroxymethyl-1,3-dioxolan-2-one",25,0.00000001
glycerol-triacetate,160,5.12571701
glycerol-triacetate,155,4.13604261
glycerol-triacetate,150,3.32075037
glycerol-triacetate,145,2.65269494
glycerol-triacetate,140,2.10814960
glycerol-triacetate,135,1.66658481
glycerol-triacetate,130,1.31040030
glycerol-triacetate,125,1.02461581
glycerol-triacetate,120,0.79656498
glycerol-triacetate,115,0.61560294
glycerol-triacetate,110,0.47283548
glycerol-triacetate,105,0.36087324
glycerol-triacetate,100,0.27361200
glycerol-triacetate,95,0.20603788
glycerol-triacetate,90,0.15405697
glycerol-triacetate,85,0.11434679
glycerol-triacetate,80,0.08422787
glycerol-triacetate,75,0.06155345
glycerol-triacetate,70,0.04461527
glycerol-triacetate,65,0.03206364
glycerol-triacetate,60,0.02284006
glycerol-triacetate,55,0.01612080
glycerol-triacetate,50,0.01126997
glycerol-triacetate,45,0.00780082
glycerol-triacetate,40,0.00534395
glycerol-triacetate,35,0.00362164
glycerol-triacetate,30,0.00242701
glycerol-triacetate,25,0.00160751
glycerol-tributyrate,160,7.79161594
glycerol-tributyrate,155,6.50363988
glycerol-tributyrate,150,5.39355557
glycerol-tributyrate,145,4.44444596
glycerol-tributyrate,140,3.63921739
glycerol-tributyrate,135,2.96113851
glycerol-tributyrate,130,2.39425170
glycerol-tributyrate,125,1.92366017
glycerol-tributyrate,120,1.53570749
glycerol-tributyrate,115,1.21806806
glycerol-tributyrate,110,0.95976804
glycerol-tributyrate,105,0.75115459
glycerol-tributyrate,100,0.58382886
glycerol-tributyrate,95,0.45055570
glycerol-tributyrate,90,0.34516006
glycerol-tributyrate,85,0.26241783
glycerol-tributyrate,80,0.19794650
glycerol-tributyrate,75,0.14809974
glycerol-tributyrate,70,0.10986828
glycerol-tributyrate,65,0.08078870
glycerol-tributyrate,60,0.05886089
glycerol-tributyrate,55,0.04247436
glycerol-tributyrate,50,0.03034343
glycerol-tributyrate,45,0.02145069
glycerol-tributyrate,40,0.01499839
glycerol-tributyrate,35,0.01036687
glycerol-tributyrate,30,0.00707960
glycerol-tributyrate,25,0.00477385
triolein,160,0.68046442
triolein,155,0.55233910
triolein,150,0.44627331
triolein,145,0.35883366
triolein,140,0.28706725
triolein,135,0.22843971
triolein,130,0.18078154
triolein,125,0.14224121
triolein,120,0.11124404
triolein,115,0.08645607
triolein,110,0.06675211
triolein,105,0.05118749
triolein,100,0.03897315
triolein,95,0.02945357
triolein,90,0.02208730
triolein,85,0.01642987
triolein,80,0.01211881
triolein,75,0.00886051
triolein,70,0.00641891
triolein,65,0.00460562
triolein,60,0.00327151
triolein,55,0.00229955
triolein,50,0.00159866
triolein,45,0.00109866
triolein,40,0.00074598
triolein,35,0.00050013
triolein,30,0.00033087
triolein,25,0.00021586
oxiranemethanol,160,5.04562777
oxiranemethanol,155,3.64892581
oxiranemethanol,150,2.62303581
oxiranemethanol,145,1.87377580
oxiranemethanol,140,1.32979796
oxiranemethanol,135,0.93733133
oxiranemethanol,130,0.65604314
oxiranemethanol,125,0.45583585
oxiranemethanol,120,0.31436920
oxiranemethanol,115,0.21515919
oxiranemethanol,110,0.14612193
oxiranemethanol,105,0.09846173
oxiranemethanol,100,0.06582480
oxiranemethanol,95,0.04365826
oxiranemethanol,90,0.02872714
oxiranemethanol,85,0.01875296
oxiranemethanol,80,0.01214527
oxiranemethanol,75,0.00780398
oxiranemethanol,70,0.00497521
oxiranemethanol,65,0.00314708
oxiranemethanol,60,0.00197522
oxiranemethanol,55,0.00123011
oxiranemethanol,50,0.00076014
oxiranemethanol,45,0.00046608
oxiranemethanol,40,0.00028355
oxiranemethanol,35,0.00017115
oxiranemethanol,30,0.00010248
oxiranemethanol,25,0.00006087
glycidylmethacrylate,160,25.77674575
glycidylmethacrylate,155,22.73655797
glycidylmethacrylate,150,19.85312557
glycidylmethacrylate,145,17.15357521
glycidylmethacrylate,140,14.66075097
glycidylmethacrylate,135,12.39188769
glycidylmethacrylate,130,10.35755325
glycidylmethacrylate,125,8.56103231
glycidylmethacrylate,120,6.99839965
glycidylmethacrylate,115,5.65935601
glycidylmethacrylate,110,4.52841370
glycidylmethacrylate,105,3.58643539
glycidylmethacrylate,100,2.81217527
glycidylmethacrylate,95,2.18372221
glycidylmethacrylate,90,1.67965368
glycidylmethacrylate,85,1.27989921
glycidylmethacrylate,80,0.96627950
glycidylmethacrylate,75,0.72278301
glycidylmethacrylate,70,0.53563475
glycidylmethacrylate,65,0.39321845
glycidylmethacrylate,60,0.28590737
glycidylmethacrylate,55,0.20584479
glycidylmethacrylate,50,0.14670699
glycidylmethacrylate,45,0.10346883
glycidylmethacrylate,40,0.07218497
glycidylmethacrylate,35,0.04979357
glycidylmethacrylate,30,0.03394534
glycidylmethacrylate,25,0.02285807
ethanedial,160,43.78950228
ethanedial,155,37.51212933
ethanedial,150,30.88524370
ethanedial,145,24.35520731
ethanedial,140,18.44686057
ethanedial,135,13.52572870
ethanedial,130,9.68572469
ethanedial,125,6.82011737
ethanedial,120,4.74225961
ethanedial,115,3.26357365
ethanedial,110,2.22510447
ethanedial,105,1.50336918
ethanedial,100,1.00639724
ethanedial,95,0.66726103
ethanedial,90,0.43795342
ethanedial,85,0.28439786
ethanedial,80,0.18261732
ethanedial,75,0.11588392
ethanedial,70,0.07263044
ethanedial,65,0.04493425
ethanedial,60,0.02742512
ethanedial,55,0.01650358
ethanedial,50,0.00978609
ethanedial,45,0.00571450
ethanedial,40,0.00328408
ethanedial,35,0.00185624
ethanedial,30,0.00103121
ethanedial,25,0.00056266
"1,1,1,2-tetrafluoroethane",160,26.72305929
"1,1,1,2-tetrafluoroethane",155,21.65776523
"1,1,1,2-tetrafluoroethane",150,16.98888882
"1,1,1,2-tetrafluoroethane",145,12.97063255
"1,1,1,2-tetrafluoroethane",140,9.71552609
"1,1,1,2-tetrafluoroethane",135,7.19021309
"1,1,1,2-tetrafluoroethane",130,5.28182686
"1,1,1,2-tetrafluoroethane",125,3.86018354
"1,1,1,2-tetrafluoroethane",120,2.80929758
"1,1,1,2-tetrafluoroethane",115,2.03601687
"1,1,1,2-tetrafluoroethane",110,1.46897421
"1,1,1,2-tetrafluoroethane",105,1.05456889
"1,1,1,2-tetrafluoroethane",100,0.75286019
"1,1,1,2-tetrafluoroethane",95,0.53417122
"1,1,1,2-tetrafluoroethane",90,0.37646973
"1,1,1,2-tetrafluoroethane",85,0.26340917
"1,1,1,2-tetrafluoroethane",80,0.18287887
"1,1,1,2-tetrafluoroethane",75,0.12592722
"1,1,1,2-tetrafluoroethane",70,0.08596068
"1,1,1,2-tetrafluoroethane",65,0.05814491
"1,1,1,2-tetrafluoroethane",60,0.03895535
"1,1,1,2-tetrafluoroethane",55,0.02583927
"1,1,1,2-tetrafluoroethane",50,0.01696152
"1,1,1,2-tetrafluoroethane",45,0.01101369
"1,1,1,2-tetrafluoroethane",40,0.00707119
"1,1,1,2-tetrafluoroethane",35,0.00448690
"1,1,1,2-tetrafluoroethane",30,0.00281249
"1,1,1,2-tetrafluoroethane",25,0.00174065
"1,1-dichloro-1-fluoroethane",160,39.60657164
"1,1-dichloro-1-fluoroethane",155,36.67149037
"1,1-dichloro-1-fluoroethane",150,33.73399104
"1,1-dichloro-1-fluoroethane",145,30.80957410
"1,1-dichloro-1-fluoroethane",140,27.91518509
"1,1-dichloro-1-fluoroethane",135,25.07085227
"1,1-dichloro-1-fluoroethane",130,22.29840296
"1,1-dichloro-1-fluoroethane",125,19.62213605
"1,1-dichloro-1-fluoroethane",120,17.06796987
"1,1-dichloro-1-fluoroethane",115,14.66176624
"1,1-dichloro-1-fluoroethane",110,12.42777729
"1,1-dichloro-1-fluoroethane",105,10.38734089
"1,1-dichloro-1-fluoroethane",100,8.55651327
"1,1-dichloro-1-fluoroethane",95,6.94466884
"1,1-dichloro-1-fluoroethane",90,5.55322231
"1,1-dichloro-1-fluoroethane",85,4.37581827
"1,1-dichloro-1-fluoroethane",80,3.39896187
"1,1-dichloro-1-fluoroethane",75,2.60382659
"1,1-dichloro-1-fluoroethane",70,1.96825662
"1,1-dichloro-1-fluoroethane",65,1.46883664
"1,1-dichloro-1-fluoroethane",60,1.08261774
"1,1-dichloro-1-fluoroethane",55,0.78837025
"1,1-dichloro-1-fluoroethane",50,0.56732203
"1,1-dichloro-1-fluoroethane",45,0.40346891
"1,1-dichloro-1-fluoroethane",40,0.28356673
"1,1-dichloro-1-fluoroethane",35,0.19692452
"1,1-dichloro-1-fluoroethane",30,0.13509321
"1,1-dichloro-1-fluoroethane",25,0.09151793
"1,1-dichloro-2,2,3,3,3-pentafluoropropane",160,4.02536615
"1,1-dichloro-2,2,3,3,3-pentafluoropropane",155,3.16685001
"1,1-dichloro-2,2,3,3,3-pentafluoropropane",150,2.48911486
"1,1-dichloro-2,2,3,3,3-pentafluoropropane",145,1.95343615
"1,1-dichloro-2,2,3,3,3-pentafluoropropane",140,1.52987451
"1,1-dichloro-2,2,3,3,3-pentafluoropropane",135,1.19509071
"1,1-dichloro-2,2,3,3,3-pentafluoropropane",130,0.93077741
"1,1-dichloro-2,2,3,3,3-pentafluoropropane",125,0.72247662
"1,1-dichloro-2,2,3,3,3-pentafluoropropane",120,0.55871260
"1,1-dichloro-2,2,3,3,3-pentafluoropropane",115,0.43033824
"1,1-dichloro-2,2,3,3,3-pentafluoropropane",110,0.33004587
"1,1-dichloro-2,2,3,3,3-pentafluoropropane",105,0.25198879
"1,1-dichloro-2,2,3,3,3-pentafluoropropane",100,0.19148836
"1,1-dichloro-2,2,3,3,3-pentafluoropropane",95,0.14480387
"1,1-dichloro-2,2,3,3,3-pentafluoropropane",90,0.10894985
"1,1-dichloro-2,2,3,3,3-pentafluoropropane",85,0.08154975
"1,1-dichloro-2,2,3,3,3-pentafluoropropane",80,0.06071793
"1,1-dichloro-2,2,3,3,3-pentafluoropropane",75,0.04496412
"1,1-dichloro-2,2,3,3,3-pentafluoropropane",70,0.03311567
"1,1-dichloro-2,2,3,3,3-pentafluoropropane",65,0.02425436
"1,1-dichloro-2,2,3,3,3-pentafluoropropane",60,0.01766496
"1,1-dichloro-2,2,3,3,3-pentafluoropropane",55,0.01279342
"1,1-dichloro-2,2,3,3,3-pentafluoropropane",50,0.00921305
"1,1-dichloro-2,2,3,3,3-pentafluoropropane",45,0.00659724
"1,1-dichloro-2,2,3,3,3-pentafluoropropane",40,0.00469754
"1,1-dichloro-2,2,3,3,3-pentafluoropropane",35,0.00332617
"1,1-dichloro-2,2,3,3,3-pentafluoropropane",30,0.00234212
"1,1-dichloro-2,2,3,3,3-pentafluoropropane",25,0.00164021
"1,3-dichloro-1,1,2,2,3-pentafluoropropane",160,6.59015100
"1,3-dichloro-1,1,2,2,3-pentafluoropropane",155,5.26157151
"1,3-dichloro-1,1,2,2,3-pentafluoropropane",150,4.19002110
"1,3-dichloro-1,1,2,2,3-pentafluoropropane",145,3.32807335
"1,3-dichloro-1,1,2,2,3-pentafluoropropane",140,2.63623065
"1,3-dichloro-1,1,2,2,3-pentafluoropropane",135,2.08207456
"1,3-dichloro-1,1,2,2,3-pentafluoropropane",130,1.63917443
"1,3-dichloro-1,1,2,2,3-pentafluoropropane",125,1.28605975
"1,3-dichloro-1,1,2,2,3-pentafluoropropane",120,1.00530399
"1,3-dichloro-1,1,2,2,3-pentafluoropropane",115,0.78276804
"1,3-dichloro-1,1,2,2,3-pentafluoropropane",110,0.60697883
"1,3-dichloro-1,1,2,2,3-pentafluoropropane",105,0.46863208
"1,3-dichloro-1,1,2,2,3-pentafluoropropane",100,0.36018810
"1,3-dichloro-1,1,2,2,3-pentafluoropropane",95,0.27554587
"1,3-dichloro-1,1,2,2,3-pentafluoropropane",90,0.20977861
"1,3-dichloro-1,1,2,2,3-pentafluoropropane",85,0.15891822
"1,3-dichloro-1,1,2,2,3-pentafluoropropane",80,0.11977893
"1,3-dichloro-1,1,2,2,3-pentafluoropropane",75,0.08981251
"1,3-dichloro-1,1,2,2,3-pentafluoropropane",70,0.06698913
"1,3-dichloro-1,1,2,2,3-pentafluoropropane",65,0.04969935
"1,3-dichloro-1,1,2,2,3-pentafluoropropane",60,0.03667326
"1,3-dichloro-1,1,2,2,3-pentafluoropropane",55,0.02691415
"1,3-dichloro-1,1,2,2,3-pentafluoropropane",50,0.01964403
"1,3-dichloro-1,1,2,2,3-pentafluoropropane",45,0.01425909
"1,3-dichloro-1,1,2,2,3-pentafluoropropane",40,0.01029353
"1,3-dichloro-1,1,2,2,3-pentafluoropropane",35,0.00739020
"1,3-dichloro-1,1,2,2,3-pentafluoropropane",30,0.00527694
"1,3-dichloro-1,1,2,2,3-pentafluoropropane",25,0.00374772
"3-chloro-1,1,1-trifluoropropane",160,29.39195802
"3-chloro-1,1,1-trifluoropropane",155,26.03198207
"3-chloro-1,1,1-trifluoropropane",150,22.76931411
"3-chloro-1,1,1-trifluoropropane",145,19.64956408
"3-chloro-1,1,1-trifluoropropane",140,16.71849195
"3-chloro-1,1,1-trifluoropropane",135,14.01836614
"3-chloro-1,1,1-trifluoropropane",130,11.58290528
"3-chloro-1,1,1-trifluoropropane",125,9.43340165
"3-chloro-1,1,1-trifluoropropane",120,7.57685154
"3-chloro-1,1,1-trifluoropropane",115,6.00621543
"3-chloro-1,1,1-trifluoropropane",110,4.70284739
"3-chloro-1,1,1-trifluoropropane",105,3.64013614
"3-chloro-1,1,1-trifluoropropane",100,2.78727465
"3-chloro-1,1,1-trifluoropropane",95,2.11250299
"3-chloro-1,1,1-trifluoropropane",90,1.58545696
"3-chloro-1,1,1-trifluoropropane",85,1.17861042
"3-chloro-1,1,1-trifluoropropane",80,0.86796918
"3-chloro-1,1,1-trifluoropropane",75,0.63323341
"3-chloro-1,1,1-trifluoropropane",70,0.45762691
"3-chloro-1,1,1-trifluoropropane",65,0.32754633
"3-chloro-1,1,1-trifluoropropane",60,0.23213526
"3-chloro-1,1,1-trifluoropropane",55,0.16284850
"3-chloro-1,1,1-trifluoropropane",50,0.11304327
"3-chloro-1,1,1-trifluoropropane",45,0.07761540
"3-chloro-1,1,1-trifluoropropane",40,0.05268641
"3-chloro-1,1,1-trifluoropropane",35,0.03534151
"3-chloro-1,1,1-trifluoropropane",30,0.02341417
"3-chloro-1,1,1-trifluoropropane",25,0.01531208
"1,1-dichloro-2,2,2-trifluoroethane",160,30.48982221
"1,1-dichloro-2,2,2-trifluoroethane",155,27.84783153
"1,1-dichloro-2,2,2-trifluoroethane",150,25.30302218
"1,1-dichloro-2,2,2-trifluoroethane",145,22.86787574
"1,1-dichloro-2,2,2-trifluoroethane",140,20.55321754
"1,1-dichloro-2,2,2-trifluoroethane",135,18.36866371
"1,1-dichloro-2,2,2-trifluoroethane",130,16.32194327
"1,1-dichloro-2,2,2-trifluoroethane",125,14.41779602
"1,1-dichloro-2,2,2-trifluoroethane",120,12.65977437
"1,1-dichloro-2,2,2-trifluoroethane",115,11.04851733
"1,1-dichloro-2,2,2-trifluoroethane",110,9.58320720
"1,1-dichloro-2,2,2-trifluoroethane",105,8.26072291
"1,1-dichloro-2,2,2-trifluoroethane",100,7.07645265
"1,1-dichloro-2,2,2-trifluoroethane",95,6.02438802
"1,1-dichloro-2,2,2-trifluoroethane",90,5.09714005
"1,1-dichloro-2,2,2-trifluoroethane",85,4.28649320
"1,1-dichloro-2,2,2-trifluoroethane",80,3.58349387
"1,1-dichloro-2,2,2-trifluoroethane",75,2.97868002
"1,1-dichloro-2,2,2-trifluoroethane",70,2.46239326
"1,1-dichloro-2,2,2-trifluoroethane",65,2.02504976
"1,1-dichloro-2,2,2-trifluoroethane",60,1.65730046
"1,1-dichloro-2,2,2-trifluoroethane",55,1.35024765
"1,1-dichloro-2,2,2-trifluoroethane",50,1.09557216
"1,1-dichloro-2,2,2-trifluoroethane",45,0.88565321
"1,1-dichloro-2,2,2-trifluoroethane",40,0.71361911
"1,1-dichloro-2,2,2-trifluoroethane",35,0.57337910
"1,1-dichloro-2,2,2-trifluoroethane",30,0.45960598
"1,1-dichloro-2,2,2-trifluoroethane",25,0.36770346
n-heptane,160,2.67987234
n-heptane,155,2.05602039
n-heptane,150,1.57144451
n-heptane,145,1.19569237
n-heptane,140,0.90513442
n-heptane,135,0.68128398
n-heptane,130,0.50960265
n-heptane,125,0.37861927
n-heptane,120,0.27927380
n-heptane,115,0.20441330
n-heptane,110,0.14840145
n-heptane,105,0.10681122
n-heptane,100,0.07618057
n-heptane,95,0.05381662
n-heptane,90,0.03763788
n-heptane,85,0.02604691
n-heptane,80,0.01782739
n-heptane,75,0.01206115
n-heptane,70,0.00806152
n-heptane,65,0.00532010
n-heptane,60,0.00346440
n-heptane,55,0.00222465
n-heptane,50,0.00140773
n-heptane,45,0.00087717
n-heptane,40,0.00053779
n-heptane,35,0.00032415
n-heptane,30,0.00019192
n-heptane,25,0.00011150
hexachlorobenzene,160,2.35233849
hexachlorobenzene,155,1.84148230
hexachlorobenzene,150,1.43707282
hexachlorobenzene,145,1.11734324
hexachlorobenzene,140,0.86507601
hexachlorobenzene,135,0.66658926
hexachlorobenzene,130,0.51095888
hexachlorobenzene,125,0.38943451
hexachlorobenzene,120,0.29499007
hexachlorobenzene,115,0.22198037
hexachlorobenzene,110,0.16587061
hexachlorobenzene,105,0.12302341
hexachlorobenzene,100,0.09052859
hexachlorobenzene,95,0.06606612
hexachlorobenzene,90,0.04779473
hexachlorobenzene,85,0.03426089
hexachlorobenzene,80,0.02432423
hexachlorobenzene,75,0.01709619
hexachlorobenzene,70,0.01188966
hexachlorobenzene,65,0.00817769
hexachlorobenzene,60,0.00555973
hexachlorobenzene,55,0.00373421
hexachlorobenzene,50,0.00247635
hexachlorobenzene,45,0.00162041
hexachlorobenzene,40,0.00104557
hexachlorobenzene,35,0.00066481
hexachlorobenzene,30,0.00041623
hexachlorobenzene,25,0.00025640
hexachloroethane,160,1.53721572
hexachloroethane,155,1.17578146
hexachloroethane,150,0.89716833
hexachloroethane,145,0.68228601
hexachloroethane,140,0.51671013
hexachloroethane,135,0.38940513
hexachloroethane,130,0.29184258
hexachloroethane,125,0.21738578
hexachloroethane,120,0.16084590
hexachloroethane,115,0.11815720
hexachloroethane,110,0.08613238
hexachloroethane,105,0.06227588
hexachloroethane,100,0.04463908
hexachloroethane,95,0.03170651
hexachloroethane,90,0.02230564
hexachloroethane,85,0.01553481
hexachloroethane,80,0.01070555
hexachloroethane,75,0.00729634
hexachloroethane,70,0.00491549
hexachloroethane,65,0.00327157
hexachloroethane,60,0.00214993
hexachloroethane,55,0.00139416
hexachloroethane,50,0.00089154
hexachloroethane,45,0.00056185
hexachloroethane,40,0.00034869
hexachloroethane,35,0.00021295
hexachloroethane,30,0.00012787
hexachloroethane,25,0.00007543
n-hexadecane,160,0.30060710
n-hexadecane,155,0.23247402
n-hexadecane,150,0.17871565
n-hexadecane,145,0.13652764
n-hexadecane,140,0.10361101
n-hexadecane,135,0.07808639
n-hexadecane,130,0.05842306
n-hexadecane,125,0.04337957
n-hexadecane,120,0.03195415
n-hexadecane,115,0.02334291
n-hexadecane,110,0.01690470
n-hexadecane,105,0.01213159
n-hexadecane,100,0.00862405
n-hexadecane,95,0.00607024
n-hexadecane,90,0.00422874
n-hexadecane,85,0.00291424
n-hexadecane,80,0.00198581
n-hexadecane,75,0.00133728
n-hexadecane,70,0.00088950
n-hexadecane,65,0.00058406
n-hexadecane,60,0.00037835
n-hexadecane,55,0.00024164
n-hexadecane,50,0.00015205
n-hexadecane,45,0.00009419
n-hexadecane,40,0.00005740
n-hexadecane,35,0.00003438
n-hexadecane,30,0.00002023
n-hexadecane,25,0.00001167
hexafluoro-i-propanol,160,7.68011750
hexafluoro-i-propanol,155,5.90778538
hexafluoro-i-propanol,150,4.55169286
hexafluoro-i-propanol,145,3.51330042
hexafluoro-i-propanol,140,2.71600574
hexafluoro-i-propanol,135,2.10193504
hexafluoro-i-propanol,130,1.62767546
hexafluoro-i-propanol,125,1.26062940
hexafluoro-i-propanol,120,0.97616866
hexafluoro-i-propanol,115,0.75554770
hexafluoro-i-propanol,110,0.58441063
hexafluoro-i-propanol,105,0.45169718
hexafluoro-i-propanol,100,0.34884810
hexafluoro-i-propanol,95,0.26921563
hexafluoro-i-propanol,90,0.20762610
hexafluoro-i-propanol,85,0.16004767
hexafluoro-i-propanol,80,0.12333710
hexafluoro-i-propanol,75,0.09504472
hexafluoro-i-propanol,70,0.07326310
hexafluoro-i-propanol,65,0.05650899
hexafluoro-i-propanol,60,0.04363094
hexafluoro-i-propanol,55,0.03373672
hexafluoro-i-propanol,50,0.02613633
hexafluoro-i-propanol,45,0.02029722
hexafluoro-i-propanol,40,0.01580921
hexafluoro-i-propanol,35,0.01235693
hexafluoro-i-propanol,30,0.00969831
hexafluoro-i-propanol,25,0.00764783
"hexafluoro-1,3-butadiene",160,0.16167739
"hexafluoro-1,3-butadiene",155,0.11853519
"hexafluoro-1,3-butadiene",150,0.08634738
"hexafluoro-1,3-butadiene",145,0.06246668
"hexafluoro-1,3-butadiene",140,0.04485950
"hexafluoro-1,3-butadiene",135,0.03196593
"hexafluoro-1,3-butadiene",130,0.02259308
"hexafluoro-1,3-butadiene",125,0.01583259
"hexafluoro-1,3-butadiene",120,0.01099644
"hexafluoro-1,3-butadiene",115,0.00756680
"hexafluoro-1,3-butadiene",110,0.00515665
"hexafluoro-1,3-butadiene",105,0.00347896
"hexafluoro-1,3-butadiene",100,0.00232266
"hexafluoro-1,3-butadiene",95,0.00153391
"hexafluoro-1,3-butadiene",90,0.00100163
"hexafluoro-1,3-butadiene",85,0.00064642
"hexafluoro-1,3-butadiene",80,0.00041213
"hexafluoro-1,3-butadiene",75,0.00025944
"hexafluoro-1,3-butadiene",70,0.00016118
"hexafluoro-1,3-butadiene",65,0.00009878
"hexafluoro-1,3-butadiene",60,0.00005967
"hexafluoro-1,3-butadiene",55,0.00003552
"hexafluoro-1,3-butadiene",50,0.00002082
"hexafluoro-1,3-butadiene",45,0.00001201
"hexafluoro-1,3-butadiene",40,0.00000681
"hexafluoro-1,3-butadiene",35,0.00000379
"hexafluoro-1,3-butadiene",30,0.00000208
"hexafluoro-1,3-butadiene",25,0.00000111
hexafluorobenzene,160,0.77751615
hexafluorobenzene,155,0.58996357
hexafluorobenzene,150,0.44599240
hexafluorobenzene,145,0.33567066
hexafluorobenzene,140,0.25137430
hexafluorobenzene,135,0.18720466
hexafluorobenzene,130,0.13857685
hexafluorobenzene,125,0.10191781
hexafluorobenzene,120,0.07444146
hexafluorobenzene,115,0.05397769
hexafluorobenzene,110,0.03884044
hexafluorobenzene,105,0.02772455
hexafluorobenzene,100,0.01962444
hexafluorobenzene,95,0.01376971
hexafluorobenzene,90,0.00957388
hexafluorobenzene,85,0.00659365
hexafluorobenzene,80,0.00449648
hexafluorobenzene,75,0.00303500
hexafluorobenzene,70,0.00202678
hexafluorobenzene,65,0.00133855
hexafluorobenzene,60,0.00087388
hexafluorobenzene,55,0.00056371
hexafluorobenzene,50,0.00035912
hexafluorobenzene,45,0.00022583
hexafluorobenzene,40,0.00014010
hexafluorobenzene,35,0.00008570
hexafluorobenzene,30,0.00005166
hexafluorobenzene,25,0.00003067
hexamethylbenzene,160,14.30825854
hexamethylbenzene,155,11.98216590
hexamethylbenzene,150,9.94887652
hexamethylbenzene,145,8.19363817
hexamethylbenzene,140,6.69569769
hexamethylbenzene,135,5.43069622
hexamethylbenzene,130,4.37269693
hexamethylbenzene,125,3.49574803
hexamethylbenzene,120,2.77498714
hexamethylbenzene,115,2.18734846
hexamethylbenzene,110,1.71195575
hexamethylbenzene,105,1.33028273
hexamethylbenzene,100,1.02615205
hexamethylbenzene,95,0.78562896
hexamethylbenzene,90,0.59685203
hexamethylbenzene,85,0.44983156
hexamethylbenzene,80,0.33623571
hexamethylbenzene,75,0.24917922
hexamethylbenzene,70,0.18302253
hexamethylbenzene,65,0.13318647
hexamethylbenzene,60,0.09598513
hexamethylbenzene,55,0.06847764
hexamethylbenzene,50,0.04833861
hexamethylbenzene,45,0.03374628
hexamethylbenzene,40,0.02328709
hexamethylbenzene,35,0.01587517
hexamethylbenzene,30,0.01068502
hexamethylbenzene,25,0.00709591
methenamine,160,32.07401421
methenamine,155,29.26052722
methenamine,150,26.51908373
methenamine,145,23.86629756
methenamine,140,21.31730167
methenamine,135,18.88823683
methenamine,130,16.59291519
methenamine,125,14.44508144
methenamine,120,12.45561464
methenamine,115,10.63330825
methenamine,110,8.98373272
methenamine,105,7.50926755
methenamine,100,6.20862630
methenamine,95,5.07680415
methenamine,90,4.10552770
methenamine,85,3.28363551
methenamine,80,2.59775350
methenamine,75,2.03314930
methenamine,70,1.57451702
methenamine,65,1.20672791
methenamine,60,0.91541782
methenamine,55,0.68742115
methenamine,50,0.51102188
methenamine,45,0.37606368
methenamine,40,0.27393746
methenamine,35,0.19748901
methenamine,30,0.14087714
methenamine,25,0.09940789
hexamethylphosphoramide,160,32.65088179
hexamethylphosphoramide,155,30.40265612
hexamethylphosphoramide,150,28.21462904
hexamethylphosphoramide,145,26.08995414
hexamethylphosphoramide,140,24.03308909
hexamethylphosphoramide,135,22.04743961
hexamethylphosphoramide,130,20.13770352
hexamethylphosphoramide,125,18.30798212
hexamethylphosphoramide,120,16.56140173
hexamethylphosphoramide,115,14.90194653
hexamethylphosphoramide,110,13.33264921
hexamethylphosphoramide,105,11.85659035
hexamethylphosphoramide,100,10.47587889
hexamethylphosphoramide,95,9.19288393
hexamethylphosphoramide,90,8.00869983
hexamethylphosphoramide,85,6.92404779
hexamethylphosphoramide,80,5.93869840
hexamethylphosphoramide,75,5.05133901
hexamethylphosphoramide,70,4.25973597
hexamethylphosphoramide,65,3.56049744
hexamethylphosphoramide,60,2.94929213
hexamethylphosphoramide,55,2.42074239
hexamethylphosphoramide,50,1.96867738
hexamethylphosphoramide,45,1.58633022
hexamethylphosphoramide,40,1.26655284
hexamethylphosphoramide,35,1.00205800
hexamethylphosphoramide,30,0.78567238
hexamethylphosphoramide,25,0.61053374
hexanal,160,42.69525692
hexanal,155,39.67706664
hexanal,150,36.64156630
hexanal,145,33.60590594
hexanal,140,30.58895291
hexanal,135,27.61118176
hexanal,130,24.69724767
hexanal,125,21.87220932
hexanal,120,19.16321642
hexanal,115,16.59717375
hexanal,110,14.19949302
hexanal,105,11.99249214
hexanal,100,9.99372989
hexanal,95,8.21461369
hexanal,90,6.65911178
hexanal,85,5.32382932
hexanal,80,4.19839430
hexanal,75,3.26672125
hexanal,70,2.50873967
hexanal,65,1.90224200
hexanal,60,1.42455516
hexanal,55,1.05391332
hexanal,50,0.77039114
hexanal,45,0.55644596
hexanal,40,0.39711635
hexanal,35,0.27997994
hexanal,30,0.19495630
hexanal,25,0.13402738
hexane,160,4.71344476
hexane,155,3.59785636
hexane,150,2.73892933
hexane,145,2.07758340
hexane,140,1.56904375
hexane,135,1.17896903
hexane,130,0.88080815
hexane,125,0.65390335
hexane,120,0.48212216
hexane,115,0.35284239
hexane,110,0.25618967
hexane,105,0.18445125
hexane,100,0.13162090
hexane,95,0.09304123
hexane,90,0.06512014
hexane,85,0.04510473
hexane,80,0.03090064
hexane,75,0.02092741
hexane,70,0.01400297
hexane,65,0.00925178
hexane,60,0.00603200
hexane,55,0.00387831
hexane,50,0.00245737
hexane,45,0.00153330
hexane,40,0.00094139
hexane,35,0.00056825
hexane,30,0.00033695
hexane,25,0.00019607
"1,6-hexanediol",160,0.34328566
"1,6-hexanediol",155,0.23764321
"1,6-hexanediol",150,0.16301429
"1,6-hexanediol",145,0.11076387
"1,6-hexanediol",140,0.07452646
"1,6-hexanediol",135,0.04964253
"1,6-hexanediol",130,0.03272960
"1,6-hexanediol",125,0.02135511
"1,6-hexanediol",120,0.01378752
"1,6-hexanediol",115,0.00880759
"1,6-hexanediol",110,0.00556664
"1,6-hexanediol",105,0.00348084
"1,6-hexanediol",100,0.00215342
"1,6-hexanediol",95,0.00131807
"1,6-hexanediol",90,0.00079823
"1,6-hexanediol",85,0.00047832
"1,6-hexanediol",80,0.00028362
"1,6-hexanediol",75,0.00016642
"1,6-hexanediol",70,0.00009663
"1,6-hexanediol",65,0.00005553
"1,6-hexanediol",60,0.00003158
"1,6-hexanediol",55,0.00001778
"1,6-hexanediol",50,0.00000990
"1,6-hexanediol",45,0.00000546
"1,6-hexanediol",40,0.00000298
"1,6-hexanediol",35,0.00000161
"1,6-hexanediol",30,0.00000086
"1,6-hexanediol",25,0.00000045
n-hexanoicacid,160,8.96550911
n-hexanoicacid,155,6.77806779
n-hexanoicacid,150,5.07112221
n-hexanoicacid,145,3.75809426
n-hexanoicacid,140,2.76013126
n-hexanoicacid,135,2.00959255
n-hexanoicacid,130,1.45057412
n-hexanoicacid,125,1.03803303
n-hexanoicacid,120,0.73633240
n-hexanoicacid,115,0.51768117
n-hexanoicacid,110,0.36066342
n-hexanoicacid,105,0.24895257
n-hexanoicacid,100,0.17022828
n-hexanoicacid,95,0.11528640
n-hexanoicacid,90,0.07732008
n-hexanoicacid,85,0.05134728
n-hexanoicacid,80,0.03375997
n-hexanoicacid,75,0.02197351
n-hexanoicacid,70,0.01415681
n-hexanoicacid,65,0.00902728
n-hexanoicacid,60,0.00569676
n-hexanoicacid,55,0.00355738
n-hexanoicacid,50,0.00219789
n-hexanoicacid,45,0.00134335
n-hexanoicacid,40,0.00081207
n-hexanoicacid,35,0.00048543
n-hexanoicacid,30,0.00028686
n-hexanoicacid,25,0.00016753
n-hexylacetate,160,26.64936436
n-hexylacetate,155,23.73673871
n-hexylacetate,150,20.96034976
n-hexylacetate,145,18.34175357
n-hexylacetate,140,15.89988687
n-hexylacetate,135,13.64990291
n-hexylacetate,130,11.60251599
n-hexylacetate,125,9.76351223
n-hexylacetate,120,8.13341131
n-hexylacetate,115,6.70752555
n-hexylacetate,110,5.47665011
n-hexylacetate,105,4.42780474
n-hexylacetate,100,3.54530764
n-hexylacetate,95,2.81179494
n-hexylacetate,90,2.20924539
n-hexylacetate,85,1.71984612
n-hexylacetate,80,1.32665036
n-hexylacetate,75,1.01405100
n-hexylacetate,70,0.76805304
n-hexylacetate,65,0.57639192
n-hexylacetate,60,0.42853112
n-hexylacetate,55,0.31557528
n-hexylacetate,50,0.23013066
n-hexylacetate,45,0.16613804
n-hexylacetate,40,0.11869627
n-hexylacetate,35,0.08388948
n-hexylacetate,30,0.05862578
n-hexylacetate,25,0.04049190
"1,1,1,3,3-pentafluoropropane",160,5.55734240
"1,1,1,3,3-pentafluoropropane",155,4.08453848
"1,1,1,3,3-pentafluoropropane",150,3.01070966
"1,1,1,3,3-pentafluoropropane",145,2.22170439
"1,1,1,3,3-pentafluoropropane",140,1.63875828
"1,1,1,3,3-pentafluoropropane",135,1.20661796
"1,1,1,3,3-pentafluoropropane",130,0.88585151
"1,1,1,3,3-pentafluoropropane",125,0.64784343
"1,1,1,3,3-pentafluoropropane",120,0.47156407
"1,1,1,3,3-pentafluoropropane",115,0.34140020
"1,1,1,3,3-pentafluoropropane",110,0.24567900
"1,1,1,3,3-pentafluoropropane",105,0.17563495
"1,1,1,3,3-pentafluoropropane",100,0.12467317
"1,1,1,3,3-pentafluoropropane",95,0.08783184
"1,1,1,3,3-pentafluoropropane",90,0.06138450
"1,1,1,3,3-pentafluoropropane",85,0.04254153
"1,1,1,3,3-pentafluoropropane",80,0.02922411
"1,1,1,3,3-pentafluoropropane",75,0.01989174
"1,1,1,3,3-pentafluoropropane",70,0.01341029
"1,1,1,3,3-pentafluoropropane",65,0.00895091
"1,1,1,3,3-pentafluoropropane",60,0.00591271
"1,1,1,3,3-pentafluoropropane",55,0.00386384
"1,1,1,3,3-pentafluoropropane",50,0.00249679
"1,1,1,3,3-pentafluoropropane",45,0.00159472
"1,1,1,3,3-pentafluoropropane",40,0.00100630
"1,1,1,3,3-pentafluoropropane",35,0.00062706
"1,1,1,3,3-pentafluoropropane",30,0.00038566
"1,1,1,3,3-pentafluoropropane",25,0.00023398
"1,1,2,2,3,3,4,4-octafluorobutane",160,0.62732437
"1,1,2,2,3,3,4,4-octafluorobutane",155,0.47918400
"1,1,2,2,3,3,4,4-octafluorobutane",150,0.36494979
"1,1,2,2,3,3,4,4-octafluorobutane",145,0.27698193
"1,1,2,2,3,3,4,4-octafluorobutane",140,0.20939305
"1,1,2,2,3,3,4,4-octafluorobutane",135,0.15761555
"1,1,2,2,3,3,4,4-octafluorobutane",130,0.11809157
"1,1,2,2,3,3,4,4-octafluorobutane",125,0.08804354
"1,1,2,2,3,3,4,4-octafluorobutane",120,0.06530186
"1,1,2,2,3,3,4,4-octafluorobutane",115,0.04817324
"1,1,2,2,3,3,4,4-octafluorobutane",110,0.03533876
"1,1,2,2,3,3,4,4-octafluorobutane",105,0.02577405
"1,1,2,2,3,3,4,4-octafluorobutane",100,0.01868648
"1,1,2,2,3,3,4,4-octafluorobutane",95,0.01346537
"1,1,2,2,3,3,4,4-octafluorobutane",90,0.00964257
"1,1,2,2,3,3,4,4-octafluorobutane",85,0.00686105
"1,1,2,2,3,3,4,4-octafluorobutane",80,0.00485016
"1,1,2,2,3,3,4,4-octafluorobutane",75,0.00340592
"1,1,2,2,3,3,4,4-octafluorobutane",70,0.00237560
"1,1,2,2,3,3,4,4-octafluorobutane",65,0.00164559
"1,1,2,2,3,3,4,4-octafluorobutane",60,0.00113196
"1,1,2,2,3,3,4,4-octafluorobutane",55,0.00077313
"1,1,2,2,3,3,4,4-octafluorobutane",50,0.00052425
"1,1,2,2,3,3,4,4-octafluorobutane",45,0.00035289
"1,1,2,2,3,3,4,4-octafluorobutane",40,0.00023578
"1,1,2,2,3,3,4,4-octafluorobutane",35,0.00015635
"1,1,2,2,3,3,4,4-octafluorobutane",30,0.00010289
"1,1,2,2,3,3,4,4-octafluorobutane",25,0.00006719
"1,1,1,3,3-pentafluorobutane",160,8.26499464
"1,1,1,3,3-pentafluorobutane",155,6.27816831
"1,1,1,3,3-pentafluorobutane",150,4.75410472
"1,1,1,3,3-pentafluorobutane",145,3.59034757
"1,1,1,3,3-pentafluorobutane",140,2.70377229
"1,1,1,3,3-pentafluorobutane",135,2.02944451
"1,1,1,3,3-pentafluorobutane",130,1.51745651
"1,1,1,3,3-pentafluorobutane",125,1.12961791
"1,1,1,3,3-pentafluorobutane",120,0.83669595
"1,1,1,3,3-pentafluorobutane",115,0.61628130
"1,1,1,3,3-pentafluorobutane",110,0.45116220
"1,1,1,3,3-pentafluorobutane",105,0.32810014
"1,1,1,3,3-pentafluorobutane",100,0.23691297
"1,1,1,3,3-pentafluorobutane",95,0.16977643
"1,1,1,3,3-pentafluorobutane",90,0.12069138
"1,1,1,3,3-pentafluorobutane",85,0.08507350
"1,1,1,3,3-pentafluorobutane",80,0.05943513
"1,1,1,3,3-pentafluorobutane",75,0.04113729
"1,1,1,3,3-pentafluorobutane",70,0.02819575
"1,1,1,3,3-pentafluorobutane",65,0.01912917
"1,1,1,3,3-pentafluorobutane",60,0.01284040
"1,1,1,3,3-pentafluorobutane",55,0.00852375
"1,1,1,3,3-pentafluorobutane",50,0.00559301
"1,1,1,3,3-pentafluorobutane",45,0.00362583
"1,1,1,3,3-pentafluorobutane",40,0.00232108
"1,1,1,3,3-pentafluorobutane",35,0.00146643
"1,1,1,3,3-pentafluorobutane",30,0.00091383
"1,1,1,3,3-pentafluorobutane",25,0.00056137
"1,1,1,2,2,3,4,5,5,5-decafluoropentane",160,0.02867652
"1,1,1,2,2,3,4,5,5,5-decafluoropentane",155,0.02111607
"1,1,1,2,2,3,4,5,5,5-decafluoropentane",150,0.01545303
"1,1,1,2,2,3,4,5,5,5-decafluoropentane",145,0.01123676
"1,1,1,2,2,3,4,5,5,5-decafluoropentane",140,0.00811735
"1,1,1,2,2,3,4,5,5,5-decafluoropentane",135,0.00582443
"1,1,1,2,2,3,4,5,5,5-decafluoropentane",130,0.00415033
"1,1,1,2,2,3,4,5,5,5-decafluoropentane",125,0.00293650
"1,1,1,2,2,3,4,5,5,5-decafluoropentane",120,0.00206263
"1,1,1,2,2,3,4,5,5,5-decafluoropentane",115,0.00143809
"1,1,1,2,2,3,4,5,5,5-decafluoropentane",110,0.00099507
"1,1,1,2,2,3,4,5,5,5-decafluoropentane",105,0.00068321
"1,1,1,2,2,3,4,5,5,5-decafluoropentane",100,0.00046540
"1,1,1,2,2,3,4,5,5,5-decafluoropentane",95,0.00031448
"1,1,1,2,2,3,4,5,5,5-decafluoropentane",90,0.00021076
"1,1,1,2,2,3,4,5,5,5-decafluoropentane",85,0.00014007
"1,1,1,2,2,3,4,5,5,5-decafluoropentane",80,0.00009230
"1,1,1,2,2,3,4,5,5,5-decafluoropentane",75,0.00006029
"1,1,1,2,2,3,4,5,5,5-decafluoropentane",70,0.00003904
"1,1,1,2,2,3,4,5,5,5-decafluoropentane",65,0.00002505
"1,1,1,2,2,3,4,5,5,5-decafluoropentane",60,0.00001593
"1,1,1,2,2,3,4,5,5,5-decafluoropentane",55,0.00001003
"1,1,1,2,2,3,4,5,5,5-decafluoropentane",50,0.00000626
"1,1,1,2,2,3,4,5,5,5-decafluoropentane",45,0.00000387
"1,1,1,2,2,3,4,5,5,5-decafluoropentane",40,0.00000237
"1,1,1,2,2,3,4,5,5,5-decafluoropentane",35,0.00000144
"1,1,1,2,2,3,4,5,5,5-decafluoropentane",30,0.00000086
"1,1,1,2,2,3,4,5,5,5-decafluoropentane",25,0.00000051
heptafluoro-1-methoxypropane,160,0.21627064
heptafluoro-1-methoxypropane,155,0.16173976
heptafluoro-1-methoxypropane,150,0.12027442
heptafluoro-1-methoxypropane,145,0.08889351
heptafluoro-1-methoxypropane,140,0.06527186
heptafluoro-1-methoxypropane,135,0.04759612
heptafluoro-1-methoxypropane,130,0.03445449
heptafluoro-1-methoxypropane,125,0.02475105
heptafluoro-1-methoxypropane,120,0.01763857
heptafluoro-1-methoxypropane,115,0.01246538
heptafluoro-1-methoxypropane,110,0.00873313
heptafluoro-1-methoxypropane,105,0.00606326
heptafluoro-1-methoxypropane,100,0.00417023
heptafluoro-1-methoxypropane,95,0.00284036
heptafluoro-1-methoxypropane,90,0.00191508
heptafluoro-1-methoxypropane,85,0.00127770
heptafluoro-1-methoxypropane,80,0.00084319
heptafluoro-1-methoxypropane,75,0.00055018
heptafluoro-1-methoxypropane,70,0.00035478
heptafluoro-1-methoxypropane,65,0.00022600
heptafluoro-1-methoxypropane,60,0.00014214
heptafluoro-1-methoxypropane,55,0.00008823
heptafluoro-1-methoxypropane,50,0.00005401
heptafluoro-1-methoxypropane,45,0.00003260
heptafluoro-1-methoxypropane,40,0.00001938
heptafluoro-1-methoxypropane,35,0.00001135
heptafluoro-1-methoxypropane,30,0.00000654
heptafluoro-1-methoxypropane,25,0.00000370
"1,1,1,2,2,3,3,4,4-nonafluoro-5-oxahexane",160,0.04667911
"1,1,1,2,2,3,3,4,4-nonafluoro-5-oxahexane",155,0.03442903
"1,1,1,2,2,3,3,4,4-nonafluoro-5-oxahexane",150,0.02521828
"1,1,1,2,2,3,3,4,4-nonafluoro-5-oxahexane",145,0.01833814
"1,1,1,2,2,3,3,4,4-nonafluoro-5-oxahexane",140,0.01323452
"1,1,1,2,2,3,3,4,4-nonafluoro-5-oxahexane",135,0.00947628
"1,1,1,2,2,3,3,4,4-nonafluoro-5-oxahexane",130,0.00672992
"1,1,1,2,2,3,3,4,4-nonafluoro-5-oxahexane",125,0.00473900
"1,1,1,2,2,3,3,4,4-nonafluoro-5-oxahexane",120,0.00330772
"1,1,1,2,2,3,3,4,4-nonafluoro-5-oxahexane",115,0.00228767
"1,1,1,2,2,3,3,4,4-nonafluoro-5-oxahexane",110,0.00156724
"1,1,1,2,2,3,3,4,4-nonafluoro-5-oxahexane",105,0.00106317
"1,1,1,2,2,3,3,4,4-nonafluoro-5-oxahexane",100,0.00071390
"1,1,1,2,2,3,3,4,4-nonafluoro-5-oxahexane",95,0.00047433
"1,1,1,2,2,3,3,4,4-nonafluoro-5-oxahexane",90,0.00031171
"1,1,1,2,2,3,3,4,4-nonafluoro-5-oxahexane",85,0.00020253
"1,1,1,2,2,3,3,4,4-nonafluoro-5-oxahexane",80,0.00013004
"1,1,1,2,2,3,3,4,4-nonafluoro-5-oxahexane",75,0.00008248
"1,1,1,2,2,3,3,4,4-nonafluoro-5-oxahexane",70,0.00005165
"1,1,1,2,2,3,3,4,4-nonafluoro-5-oxahexane",65,0.00003192
"1,1,1,2,2,3,3,4,4-nonafluoro-5-oxahexane",60,0.00001946
"1,1,1,2,2,3,3,4,4-nonafluoro-5-oxahexane",55,0.00001169
"1,1,1,2,2,3,3,4,4-nonafluoro-5-oxahexane",50,0.00000692
"1,1,1,2,2,3,3,4,4-nonafluoro-5-oxahexane",45,0.00000404
"1,1,1,2,2,3,3,4,4-nonafluoro-5-oxahexane",40,0.00000232
"1,1,1,2,2,3,3,4,4-nonafluoro-5-oxahexane",35,0.00000131
"1,1,1,2,2,3,3,4,4-nonafluoro-5-oxahexane",30,0.00000072
"1,1,1,2,2,3,3,4,4-nonafluoro-5-oxahexane",25,0.00000039
hydrazine,160,14.06725467
hydrazine,155,12.95359215
hydrazine,150,11.92023282
hydrazine,145,10.96113277
hydrazine,140,10.07186042
hydrazine,135,9.24751059
hydrazine,130,8.48431545
hydrazine,125,7.77826749
hydrazine,120,7.12628329
hydrazine,115,6.52521816
hydrazine,110,5.97254791
hydrazine,105,5.46543755
hydrazine,100,5.00137531
hydrazine,95,4.57774627
hydrazine,90,4.19239432
hydrazine,85,3.84325569
hydrazine,80,3.52798495
hydrazine,75,3.24481674
hydrazine,70,2.99142066
hydrazine,65,2.76612395
hydrazine,60,2.56726987
hydrazine,55,2.39314923
hydrazine,50,2.24218083
hydrazine,45,2.11305752
hydrazine,40,2.00464922
hydrazine,35,1.91598824
hydrazine,30,1.84633268
hydrazine,25,1.79518940
hcn,160,9.43065617
hcn,155,6.47904500
hcn,150,4.42232792
hcn,145,2.99626723
hcn,140,2.01421782
hcn,135,1.34307655
hcn,130,0.88807510
hcn,125,0.58215061
hcn,120,0.37821037
hcn,115,0.24345262
hcn,110,0.15521954
hcn,105,0.09799340
hcn,100,0.06123983
hcn,95,0.03787279
hcn,90,0.02317113
hcn,85,0.01402052
hcn,80,0.00838782
hcn,75,0.00495987
hcn,70,0.00289798
hcn,65,0.00167259
hcn,60,0.00095326
hcn,55,0.00053631
hcn,50,0.00029775
hcn,45,0.00016307
hcn,40,0.00008806
hcn,35,0.00004687
hcn,30,0.00002458
hcn,25,0.00001270
h2o2,160,0.00006429
h2o2,155,0.00004140
h2o2,150,0.00002656
h2o2,145,0.00001697
h2o2,140,0.00001082
h2o2,135,0.00000688
h2o2,130,0.00000436
h2o2,125,0.00000276
h2o2,120,0.00000175
h2o2,115,0.00000111
h2o2,110,0.00000070
h2o2,105,0.00000045
h2o2,100,0.00000028
h2o2,95,0.00000018
h2o2,90,0.00000012
h2o2,85,0.00000008
h2o2,80,0.00000005
h2o2,75,0.00000003
h2o2,70,0.00000002
h2o2,65,0.00000001
h2o2,60,0.00000001
h2o2,55,0.00000001
h2o2,50,0.00000000
h2o2,45,0.00000000
h2o2,40,0.00000000
h2o2,35,0.00000000
h2o2,30,0.00000000
h2o2,25,0.00000000
h2s,160,100.00000000
h2s,155,100.00000000
h2s,150,100.00000000
h2s,145,100.00000000
h2s,140,100.00000000
h2s,135,100.00000000
h2s,130,100.00000000
h2s,125,100.00000000
h2s,120,100.00000000
h2s,115,100.00000000
h2s,110,100.00000000
h2s,105,100.00000000
h2s,100,100.00000000
h2s,95,100.00000000
h2s,90,100.00000000
h2s,85,100.00000000
h2s,80,100.00000000
h2s,75,100.00000000
h2s,70,100.00000000
h2s,65,100.00000000
h2s,60,100.00000000
h2s,55,100.00000000
h2s,50,100.00000000
h2s,45,100.00000000
h2s,40,37.44612844
h2s,35,35.01584781
h2s,30,32.54385075
h2s,25,30.03668901
2-propenoicacid-2-hydroxyethylester,160,9.86763645
2-propenoicacid-2-hydroxyethylester,155,7.62038387
2-propenoicacid-2-hydroxyethylester,150,5.82681324
2-propenoicacid-2-hydroxyethylester,145,4.41506055
2-propenoicacid-2-hydroxyethylester,140,3.31690567
2-propenoicacid-2-hydroxyethylester,135,2.47153865
2-propenoicacid-2-hydroxyethylester,130,1.82690591
2-propenoicacid-2-hydroxyethylester,125,1.33969438
2-propenoicacid-2-hydroxyethylester,120,0.97459821
2-propenoicacid-2-hydroxyethylester,115,0.70330103
2-propenoicacid-2-hydroxyethylester,110,0.50338729
2-propenoicacid-2-hydroxyethylester,105,0.35731282
2-propenoicacid-2-hydroxyethylester,100,0.25148681
2-propenoicacid-2-hydroxyethylester,95,0.17548303
2-propenoicacid-2-hydroxyethylester,90,0.12137828
2-propenoicacid-2-hydroxyethylester,85,0.08320825
2-propenoicacid-2-hydroxyethylester,80,0.05652570
2-propenoicacid-2-hydroxyethylester,75,0.03804653
2-propenoicacid-2-hydroxyethylester,70,0.02536932
2-propenoicacid-2-hydroxyethylester,65,0.01675564
2-propenoicacid-2-hydroxyethylester,60,0.01095979
2-propenoicacid-2-hydroxyethylester,55,0.00709837
2-propenoicacid-2-hydroxyethylester,50,0.00455145
2-propenoicacid-2-hydroxyethylester,45,0.00288859
2-propenoicacid-2-hydroxyethylester,40,0.00181413
2-propenoicacid-2-hydroxyethylester,35,0.00112715
2-propenoicacid-2-hydroxyethylester,30,0.00069262
2-propenoicacid-2-hydroxyethylester,25,0.00042079
1h-indene,160,40.36907369
1h-indene,155,37.55796693
1h-indene,150,34.75316288
1h-indene,145,31.96686970
1h-indene,140,29.21232848
1h-indene,135,26.50476761
1h-indene,130,23.85997247
1h-indene,125,21.29551757
1h-indene,120,18.83041983
1h-indene,115,16.48296711
1h-indene,110,14.27193317
1h-indene,105,12.21460863
1h-indene,100,10.32597600
1h-indene,95,8.61743606
1h-indene,90,7.09625687
1h-indene,85,5.76443594
1h-indene,80,4.61846582
1h-indene,75,3.64971993
1h-indene,70,2.84513547
1h-indene,65,2.18838825
1h-indene,60,1.66125810
1h-indene,55,1.24495383
1h-indene,50,0.92122230
1h-indene,45,0.67317955
1h-indene,40,0.48581574
1h-indene,35,0.34622698
1h-indene,30,0.24362796
1h-indene,25,0.16922045
indole,160,38.33806270
indole,155,35.41417242
indole,150,32.51141764
indole,145,29.64638345
indole,140,26.83609891
indole,135,24.10073735
indole,130,21.45963277
indole,125,18.93356627
indole,120,16.54261374
indole,115,14.30502172
indole,110,12.23706025
indole,105,10.35119973
indole,100,8.65595350
indole,95,7.15449198
indole,90,5.84481129
indole,85,4.71991854
indole,80,3.76842338
indole,75,2.97553797
indole,70,2.32428135
indole,65,1.79668603
indole,60,1.37482844
indole,55,1.04167256
indole,50,0.78164343
indole,45,0.58095016
indole,40,0.42770948
indole,35,0.31191394
indole,30,0.22530098
indole,25,0.16116575
iodobenzene,160,23.80564736
iodobenzene,155,21.32700208
iodobenzene,150,18.95623085
iodobenzene,145,16.70558770
iodobenzene,140,14.58820438
iodobenzene,135,12.61555864
iodobenzene,130,10.79792497
iodobenzene,125,9.14311811
iodobenzene,120,7.65619773
iodobenzene,115,6.33848601
iodobenzene,110,5.18749225
iodobenzene,105,4.19692302
iodobenzene,100,3.35702710
iodobenzene,95,2.65528763
iodobenzene,90,2.07732237
iodobenzene,85,1.60783531
iodobenzene,80,1.23147333
iodobenzene,75,0.93354786
iodobenzene,70,0.70053649
iodobenzene,65,0.52039283
iodobenzene,60,0.38267374
iodobenzene,55,0.27853508
iodobenzene,50,0.20063646
iodobenzene,45,0.14299232
iodobenzene,40,0.10079853
iodobenzene,35,0.07025435
iodobenzene,30,0.04839311
iodobenzene,25,0.03292872
triiodomethane,160,3.67544347
triiodomethane,155,2.81095071
triiodomethane,150,2.14857860
triiodomethane,145,1.64131080
triiodomethane,140,1.25247475
triiodomethane,135,0.95412434
triiodomethane,130,0.72509090
triiodomethane,125,0.54932897
triiodomethane,120,0.41461116
triiodomethane,115,0.31157026
triiodomethane,110,0.23298970
triiodomethane,105,0.17328560
triiodomethane,100,0.12812362
triiodomethane,95,0.09413430
triiodomethane,90,0.06869764
triiodomethane,85,0.04977876
triiodomethane,80,0.03580105
triiodomethane,75,0.02554723
triiodomethane,70,0.01808171
triiodomethane,65,0.01268927
triiodomethane,60,0.00882656
triiodomethane,55,0.00608358
triiodomethane,50,0.00415332
triiodomethane,45,0.00280773
triiodomethane,40,0.00187883
triiodomethane,35,0.00124407
triiodomethane,30,0.00081484
triiodomethane,25,0.00052772
isoamylacetate,160,32.90226277
isoamylacetate,155,29.94070755
isoamylacetate,150,27.04599356
isoamylacetate,145,24.23790841
isoamylacetate,140,21.53764726
isoamylacetate,135,18.96543965
isoamylacetate,130,16.54094061
isoamylacetate,125,14.28162365
isoamylacetate,120,12.20195969
isoamylacetate,115,10.31275483
isoamylacetate,110,8.61999739
isoamylacetate,105,7.12470536
isoamylacetate,100,5.82291499
isoamylacetate,95,4.70601644
isoamylacetate,90,3.76149720
isoamylacetate,85,2.97396837
isoamylacetate,80,2.32629775
isoamylacetate,75,1.80064612
isoamylacetate,70,1.37941082
isoamylacetate,65,1.04594677
isoamylacetate,60,0.78505173
isoamylacetate,55,0.58324800
isoamylacetate,50,0.42888182
isoamylacetate,45,0.31209283
isoamylacetate,40,0.22469530
isoamylacetate,35,0.16000783
isoamylacetate,30,0.11266024
isoamylacetate,25,0.07839717
isopentanol,160,14.62852982
isopentanol,155,10.92593132
isopentanol,150,8.02037351
isopentanol,145,5.80358710
isopentanol,140,4.14788871
isopentanol,135,2.93165753
isopentanol,130,2.05041523
isopentanol,125,1.41952543
isopentanol,120,0.97285942
isopentanol,115,0.65998829
isopentanol,110,0.44314360
isopentanol,105,0.29444449
isopentanol,100,0.19356988
isopentanol,95,0.12588511
isopentanol,90,0.08097387
isopentanol,85,0.05150942
isopentanol,80,0.03239975
isopentanol,75,0.02014907
isopentanol,70,0.01238718
isopentanol,65,0.00752728
isopentanol,60,0.00452056
isopentanol,55,0.00268267
isopentanol,50,0.00157284
isopentanol,45,0.00091088
isopentanol,40,0.00052094
isopentanol,35,0.00029413
isopentanol,30,0.00016391
isopentanol,25,0.00009012
1-butanol-3-methylpropanoate,160,25.66601923
1-butanol-3-methylpropanoate,155,22.76128297
1-butanol-3-methylpropanoate,150,20.00867508
1-butanol-3-methylpropanoate,145,17.42906670
1-butanol-3-methylpropanoate,140,15.03970440
1-butanol-3-methylpropanoate,135,12.85344447
1-butanol-3-methylpropanoate,130,10.87819625
1-butanol-3-methylpropanoate,125,9.11651195
1-butanol-3-methylpropanoate,120,7.56553336
1-butanol-3-methylpropanoate,115,6.21760512
1-butanol-3-methylpropanoate,110,5.06093653
1-butanol-3-methylpropanoate,105,4.08064737
1-butanol-3-methylpropanoate,100,3.25976874
1-butanol-3-methylpropanoate,95,2.58029817
1-butanol-3-methylpropanoate,90,2.02411048
1-butanol-3-methylpropanoate,85,1.57369624
1-butanol-3-methylpropanoate,80,1.21269536
1-butanol-3-methylpropanoate,75,0.92624805
1-butanol-3-methylpropanoate,70,0.70117387
1-butanol-3-methylpropanoate,65,0.52601962
1-butanol-3-methylpropanoate,60,0.39101023
1-butanol-3-methylpropanoate,55,0.28793466
1-butanol-3-methylpropanoate,50,0.20999442
1-butanol-3-methylpropanoate,45,0.15163412
1-butanol-3-methylpropanoate,40,0.10836994
1-butanol-3-methylpropanoate,35,0.07662510
1-butanol-3-methylpropanoate,30,0.05357868
1-butanol-3-methylpropanoate,25,0.03703060
aceticacid-2-methylpropylester,160,38.86526181
aceticacid-2-methylpropylester,155,35.96486808
aceticacid-2-methylpropylester,150,33.08208252
aceticacid-2-methylpropylester,145,30.23105219
aceticacid-2-methylpropylester,140,27.42963442
aceticacid-2-methylpropylester,135,24.69499778
aceticacid-2-methylpropylester,130,22.04691623
aceticacid-2-methylpropylester,125,19.50460029
aceticacid-2-methylpropylester,120,17.08797216
aceticacid-2-methylpropylester,115,14.81595014
aceticacid-2-methylpropylester,110,12.70538212
aceticacid-2-methylpropylester,105,10.77053780
aceticacid-2-methylpropylester,100,9.02167376
aceticacid-2-methylpropylester,95,7.46460791
aceticacid-2-methylpropylester,90,6.09974028
aceticacid-2-methylpropylester,85,4.92244076
aceticacid-2-methylpropylester,80,3.92324196
aceticacid-2-methylpropylester,75,3.08867536
aceticacid-2-methylpropylester,70,2.40247018
aceticacid-2-methylpropylester,65,1.84674875
aceticacid-2-methylpropylester,60,1.40321438
aceticacid-2-methylpropylester,55,1.05412244
aceticacid-2-methylpropylester,50,0.78301006
aceticacid-2-methylpropylester,45,0.57514496
aceticacid-2-methylpropylester,40,0.41774307
aceticacid-2-methylpropylester,35,0.29999463
aceticacid-2-methylpropylester,30,0.21296233
aceticacid-2-methylpropylester,25,0.14940101
2-propenoicacid-2-methylpropylester,160,33.60613230
2-propenoicacid-2-methylpropylester,155,30.62443671
2-propenoicacid-2-methylpropylester,150,27.70045375
2-propenoicacid-2-methylpropylester,145,24.85539987
2-propenoicacid-2-methylpropylester,140,22.11002278
2-propenoicacid-2-methylpropylester,135,19.48654632
2-propenoicacid-2-methylpropylester,130,17.00567969
2-propenoicacid-2-methylpropylester,125,14.68688752
2-propenoicacid-2-methylpropylester,120,12.54664326
2-propenoicacid-2-methylpropylester,115,10.59795168
2-propenoicacid-2-methylpropylester,110,8.84881507
2-propenoicacid-2-methylpropylester,105,7.30197869
2-propenoicacid-2-methylpropylester,100,5.95476171
2-propenoicacid-2-methylpropylester,95,4.79929750
2-propenoicacid-2-methylpropylester,90,3.82327589
2-propenoicacid-2-methylpropylester,85,3.01103962
2-propenoicacid-2-methylpropylester,80,2.34482976
2-propenoicacid-2-methylpropylester,75,1.80595639
2-propenoicacid-2-methylpropylester,70,1.37587009
2-propenoicacid-2-methylpropylester,65,1.03698593
2-propenoicacid-2-methylpropylester,60,0.77324144
2-propenoicacid-2-methylpropylester,55,0.57041869
2-propenoicacid-2-methylpropylester,50,0.41625962
2-propenoicacid-2-methylpropylester,45,0.30043332
2-propenoicacid-2-methylpropylester,40,0.21440418
2-propenoicacid-2-methylpropylester,35,0.15124305
2-propenoicacid-2-methylpropylester,30,0.10541435
2-propenoicacid-2-methylpropylester,25,0.07256069
isobutanol,160,22.27746671
isobutanol,155,17.02747759
isobutanol,150,12.65932867
isobutanol,145,9.20150853
isobutanol,140,6.56708294
isobutanol,135,4.61653465
isobutanol,130,3.20319963
isobutanol,125,2.19639594
isobutanol,120,1.48931177
isobutanol,115,0.99894587
isobutanol,110,0.66285164
isobutanol,105,0.43510288
isobutanol,100,0.28250390
isobutanol,95,0.18140866
isobutanol,90,0.11519535
isobutanol,85,0.07232687
isobutanol,80,0.04489529
isobutanol,75,0.02754799
isobutanol,70,0.01670785
isobutanol,65,0.01001485
isobutanol,60,0.00593212
isobutanol,55,0.00347183
isobutanol,50,0.00200733
isobutanol,45,0.00114632
isobutanol,40,0.00064644
isobutanol,35,0.00035988
isobutanol,30,0.00019772
isobutanol,25,0.00010717
isobutylformate,160,42.49242693
isobutylformate,155,39.45778520
isobutylformate,150,36.40068471
isobutylformate,145,33.33642804
isobutylformate,140,30.28402996
isobutylformate,135,27.26609356
isobutylformate,130,24.30784577
isobutylformate,125,21.43665707
isobutylformate,120,18.68264253
isobutylformate,115,16.07610517
isobutylformate,110,13.64610715
isobutylformate,105,11.41809330
isobutylformate,100,9.41246449
isobutylformate,95,7.64163336
isobutylformate,90,6.10933485
isobutylformate,85,4.81037971
isobutylformate,80,3.73135664
isobutylformate,75,2.85256268
isobutylformate,70,2.15023083
isobutylformate,65,1.59886508
isobutylformate,60,1.17322611
isobutylformate,55,0.84980097
isobutylformate,50,0.60769727
isobutylformate,45,0.42904692
isobutylformate,40,0.29903846
isobutylformate,35,0.20571163
isobutylformate,30,0.13962286
isobutylformate,25,0.09346141
isobutylisobutyrate,160,24.52368863
isobutylisobutyrate,155,21.63458595
isobutylisobutyrate,150,18.91651274
isobutylisobutyrate,145,16.38876490
isobutylisobutyrate,140,14.06639712
isobutylisobutyrate,135,11.95909352
isobutylisobutyrate,130,10.07103001
isobutylisobutyrate,125,8.40073516
isobutylisobutyrate,120,6.94165337
isobutylisobutyrate,115,5.68279599
isobutylisobutyrate,110,4.60978080
isobutylisobutyrate,105,3.70583895
isobutylisobutyrate,100,2.95289251
isobutylisobutyrate,95,2.33250139
isobutylisobutyrate,90,1.82664847
isobutylisobutyrate,85,1.41832259
isobutylisobutyrate,80,1.09192110
isobutylisobutyrate,75,0.83347442
isobutylisobutyrate,70,0.63073292
isobutylisobutyrate,65,0.47314830
isobutylisobutyrate,60,0.35178184
isobutylisobutyrate,55,0.25916697
isobutylisobutyrate,50,0.18914842
isobutylisobutyrate,45,0.13671331
isobutylisobutyrate,40,0.09782598
isobutylisobutyrate,35,0.06927331
isobutylisobutyrate,30,0.04852456
isobutylisobutyrate,25,0.03360779
isobutene,160,60.28061628
isobutene,155,57.53952843
isobutene,150,54.67174404
isobutene,145,51.67637727
isobutene,140,48.55905025
isobutene,135,45.32329846
isobutene,130,41.98147707
isobutene,125,38.55157496
isobutene,120,35.05565086
isobutene,115,31.52514165
isobutene,110,27.99916997
isobutene,105,24.52457923
isobutene,100,21.15513891
isobutene,95,17.94784559
isobutene,90,14.95882844
isobutene,85,12.23776077
isobutene,80,9.82253733
isobutene,75,7.73440391
isobutene,70,5.97652609
isobutene,65,4.53471524
isobutene,60,3.38120057
isobutene,55,2.47958126
isobutene,50,1.78983754
isobutene,45,1.27250705
isobutene,40,0.89150142
isobutene,35,0.61562591
isobutene,30,0.41906058
isobutene,25,0.28116047
"2,2-dimethyl-oxirane",160,100.00000000
"2,2-dimethyl-oxirane",155,56.88098248
"2,2-dimethyl-oxirane",150,54.61496142
"2,2-dimethyl-oxirane",145,52.30120476
"2,2-dimethyl-oxirane",140,49.94356367
"2,2-dimethyl-oxirane",135,47.54276061
"2,2-dimethyl-oxirane",130,45.10605746
"2,2-dimethyl-oxirane",125,42.63496256
"2,2-dimethyl-oxirane",120,40.13391699
"2,2-dimethyl-oxirane",115,37.61037906
"2,2-dimethyl-oxirane",110,35.07022236
"2,2-dimethyl-oxirane",105,32.52227098
"2,2-dimethyl-oxirane",100,29.97484153
"2,2-dimethyl-oxirane",95,27.43895374
"2,2-dimethyl-oxirane",90,24.92794631
"2,2-dimethyl-oxirane",85,22.45492631
"2,2-dimethyl-oxirane",80,20.03798033
"2,2-dimethyl-oxirane",75,17.69432357
"2,2-dimethyl-oxirane",70,15.44279852
"2,2-dimethyl-oxirane",65,13.30502379
"2,2-dimethyl-oxirane",60,11.30116801
"2,2-dimethyl-oxirane",55,9.45164376
"2,2-dimethyl-oxirane",50,7.77395839
"2,2-dimethyl-oxirane",45,6.28175300
"2,2-dimethyl-oxirane",40,4.98286031
"2,2-dimethyl-oxirane",35,3.87815864
"2,2-dimethyl-oxirane",30,2.96118995
"2,2-dimethyl-oxirane",25,2.21858960
isobutyricacid,160,10.25159193
isobutyricacid,155,7.55809463
isobutyricacid,150,5.51004404
isobutyricacid,145,3.97772346
isobutyricacid,140,2.84579715
isobutyricacid,135,2.01854627
isobutyricacid,130,1.41972527
isobutyricacid,125,0.99014903
isobutyricacid,120,0.68468248
isobutyricacid,115,0.46936985
isobutyricacid,110,0.31894685
isobutyricacid,105,0.21480336
isobutyricacid,100,0.14336162
isobutyricacid,95,0.09480969
isobutyricacid,90,0.06212537
isobutyricacid,85,0.04033292
isobutyricacid,80,0.02594244
isobutyricacid,75,0.01653158
isobutyricacid,70,0.01043677
isobutyricacid,65,0.00652774
isobutyricacid,60,0.00404483
isobutyricacid,55,0.00248295
isobutyricacid,50,0.00150991
isobutyricacid,45,0.00090954
isobutyricacid,40,0.00054267
isobutyricacid,35,0.00032065
isobutyricacid,30,0.00018760
isobutyricacid,25,0.00010865
isocyanicacid,160,100.00000000
isocyanicacid,155,100.00000000
isocyanicacid,150,100.00000000
isocyanicacid,145,62.00480244
isocyanicacid,140,59.34968613
isocyanicacid,135,56.54811685
isocyanicacid,130,53.60097731
isocyanicacid,125,50.51421999
isocyanicacid,120,47.29338727
isocyanicacid,115,43.95377696
isocyanicacid,110,40.51452180
isocyanicacid,105,37.00172014
isocyanicacid,100,33.44744523
isocyanicacid,95,29.89124528
isocyanicacid,90,26.37818696
isocyanicacid,85,22.95232668
isocyanicacid,80,19.66476893
isocyanicacid,75,16.56345706
isocyanicacid,70,13.69387838
isocyanicacid,65,11.09552740
isocyanicacid,60,8.79917581
isocyanicacid,55,6.82347931
isocyanicacid,50,5.17194029
isocyanicacid,45,3.83265553
isocyanicacid,40,2.77923485
isocyanicacid,35,1.97488845
isocyanicacid,30,1.37746481
isocyanicacid,25,0.94468383
isooctanol,160,6.14289311
isooctanol,155,4.59555969
isooctanol,150,3.40780606
isooctanol,145,2.50519268
isooctanol,140,1.82561450
isooctanol,135,1.31855630
isooctanol,130,0.94362327
isooctanol,125,0.66893163
isooctanol,120,0.46958447
isooctanol,115,0.32633278
isooctanol,110,0.22443616
isooctanol,105,0.15271674
isooctanol,100,0.10278412
isooctanol,95,0.06840725
isooctanol,90,0.04501035
isooctanol,85,0.02927244
isooctanol,80,0.01881250
isooctanol,75,0.01194484
isooctanol,70,0.00749141
isooctanol,65,0.00463973
isooctanol,60,0.00283700
isooctanol,55,0.00171215
isooctanol,50,0.00101954
isooctanol,45,0.00059883
isooctanol,40,0.00034679
isooctanol,35,0.00019793
isooctanol,30,0.00011128
isooctanol,25,0.00006160
methylbutane,160,11.36462493
methylbutane,155,8.60306702
methylbutane,150,6.50252523
methylbutane,145,4.90438881
methylbutane,140,3.68818251
methylbutane,135,2.76315322
methylbutane,130,2.06069918
methylbutane,125,1.52868195
methylbutane,120,1.12721963
methylbutane,115,0.82566590
methylbutane,110,0.60039391
methylbutane,105,0.43315850
methylbutane,100,0.30987577
methylbutane,95,0.21969268
methylbutane,90,0.15427316
methylbutane,85,0.10724367
methylbutane,80,0.07375934
methylbutane,75,0.05016250
methylbutane,70,0.03371354
methylbutane,65,0.02237844
methylbutane,60,0.01466163
methylbutane,55,0.00947492
methylbutane,50,0.00603544
methylbutane,45,0.00378672
methylbutane,40,0.00233832
methylbutane,35,0.00141995
methylbutane,30,0.00084720
methylbutane,25,0.00049619
isophorone,160,34.96073885
isophorone,155,32.25165324
isophorone,150,29.58964680
isophorone,145,26.98582060
isophorone,140,24.45386522
isophorone,135,22.00619967
isophorone,130,19.65678641
isophorone,125,17.41835382
isophorone,120,15.30381994
isophorone,115,13.32494769
isophorone,110,11.49161452
isophorone,105,9.81189277
isophorone,100,8.29094149
isophorone,95,6.93117014
isophorone,90,5.73138943
isophorone,85,4.68710901
isophorone,80,3.79075074
isophorone,75,3.03205418
isophorone,70,2.39871728
isophorone,65,1.87718582
isophorone,60,1.45338473
isophorone,55,1.11340518
isophorone,50,0.84404178
isophorone,45,0.63318530
isophorone,40,0.47005078
isophorone,35,0.34527736
isophorone,30,0.25091838
isophorone,25,0.18035932
isoprene,160,56.25349111
isoprene,155,53.56835414
isoprene,150,50.79759941
isoprene,145,47.94681990
isoprene,140,45.02299390
isoprene,135,42.03219185
isoprene,130,38.98917817
isoprene,125,35.90343395
isoprene,120,32.79548799
isoprene,115,29.68653819
isoprene,110,26.60245469
isoprene,105,23.57314170
isoprene,100,20.63204114
isoprene,95,17.81502047
isoprene,90,15.15840237
isoprene,85,12.69711858
isoprene,80,10.46090611
isoprene,75,8.47186667
isoprene,70,6.74216071
isoprene,65,5.27247017
isoprene,60,4.05259981
isoprene,55,3.06300891
isoprene,50,2.27771092
isoprene,45,1.66739346
isoprene,40,1.20224686
isoprene,35,0.85416785
isoprene,30,0.59813413
isoprene,25,0.41285757
isopropylacetate,160,45.39169800
isopropylacetate,155,42.66438870
isopropylacetate,150,39.91764255
isopropylacetate,145,37.16276109
isopropylacetate,140,34.40963055
isopropylacetate,135,31.66815140
isopropylacetate,130,28.95304308
isopropylacetate,125,26.27976275
isopropylacetate,120,23.66414157
isopropylacetate,115,21.12392280
isopropylacetate,110,18.67787702
isopropylacetate,105,16.34547277
isopropylacetate,100,14.14558009
isopropylacetate,95,12.09621023
isopropylacetate,90,10.21350564
isopropylacetate,85,8.50982864
isopropylacetate,80,6.99308052
isopropylacetate,75,5.66611179
isopropylacetate,70,4.52591150
isopropylacetate,65,3.56405375
isopropylacetate,60,2.76745585
isopropylacetate,55,2.11952069
isopropylacetate,50,1.60162369
isopropylacetate,45,1.19453194
isopropylacetate,40,0.87958473
isopropylacetate,35,0.63958201
isopropylacetate,30,0.45930934
isopropylacetate,25,0.32576888
isopropylamine,160,100.00000000
isopropylamine,155,60.95014998
isopropylamine,150,58.53790831
isopropylamine,145,56.01970378
isopropylamine,140,53.38804700
isopropylamine,135,50.64135804
isopropylamine,130,47.77465340
isopropylamine,125,44.78990444
isopropylamine,120,41.68645183
isopropylamine,115,38.47055726
isopropylamine,110,35.15120094
isopropylamine,105,31.74647068
isopropylamine,100,28.28318484
isopropylamine,95,24.79683627
isopropylamine,90,21.33863032
isopropylamine,85,17.97213431
isopropylamine,80,14.77075513
isopropylamine,75,11.81377555
isopropylamine,70,9.17515095
isopropylamine,65,6.91051499
isopropylamine,60,5.04670429
isopropylamine,55,3.57693692
isopropylamine,50,2.46473534
isopropylamine,45,1.65458186
isopropylamine,40,1.08427605
isopropylamine,35,0.69477411
isopropylamine,30,0.43581856
isopropylamine,25,0.26780442
isopropylbenzene,160,32.19882735
isopropylbenzene,155,29.00837506
isopropylbenzene,150,25.90218933
isopropylbenzene,145,22.90950269
isopropylbenzene,140,20.05917912
isopropylbenzene,135,17.37888107
isopropylbenzene,130,14.89238504
isopropylbenzene,125,12.61857924
isopropylbenzene,120,10.57027164
isopropylbenzene,115,8.75325175
isopropylbenzene,110,7.16607883
isopropylbenzene,105,5.80076489
isopropylbenzene,100,4.64374778
isopropylbenzene,95,3.67735562
isopropylbenzene,90,2.88131381
isopropylbenzene,85,2.23422856
isopropylbenzene,80,1.71483515
isopropylbenzene,75,1.30294028
isopropylbenzene,70,0.98006415
isopropylbenzene,65,0.72979600
isopropylbenzene,60,0.53792631
isopropylbenzene,55,0.39241413
isopropylbenzene,50,0.28324562
isopropylbenzene,45,0.20223032
isopropylbenzene,40,0.14276916
isopropylbenzene,35,0.09961906
isopropylbenzene,30,0.06866892
isopropylbenzene,25,0.04673619
2-chloropropane,160,53.63732201
2-chloropropane,155,50.98718112
2-chloropropane,150,48.26923319
2-chloropropane,145,45.48684544
2-chloropropane,140,42.64701029
2-chloropropane,135,39.75662065
2-chloropropane,130,36.82481677
2-chloropropane,125,33.86403394
2-chloropropane,120,30.89081307
2-chloropropane,115,27.92205986
2-chloropropane,110,24.98219207
2-chloropropane,105,22.09712554
2-chloropropane,100,19.29718373
2-chloropropane,95,16.61595223
2-chloropropane,90,14.08733148
2-chloropropane,85,11.74550510
2-chloropropane,80,9.62014810
2-chloropropane,75,7.73401761
2-chloropropane,70,6.10038604
2-chloropropane,65,4.72067632
2-chloropropane,60,3.58489264
2-chloropropane,55,2.67313387
2-chloropropane,50,1.95862228
2-chloropropane,45,1.41122956
2-chloropropane,40,1.00059698
2-chloropropane,35,0.69850445
2-chloropropane,30,0.48026208
2-chloropropane,25,0.32527406
diisopropylether,160,32.97972056
diisopropylether,155,29.49444952
diisopropylether,150,26.11573779
diisopropylether,145,22.88361993
diisopropylether,140,19.83525329
diisopropylether,135,17.00275352
diisopropylether,130,14.41124943
diisopropylether,125,12.07731512
diisopropylether,120,10.00819563
diisopropylether,115,8.20220633
diisopropylether,110,6.64961516
diisopropylether,105,5.33427140
diisopropylether,100,4.23539448
diisopropylether,95,3.32947447
diisopropylether,90,2.59197520
diisopropylether,85,1.99870350
diisopropylether,80,1.52683789
diisopropylether,75,1.15558442
diisopropylether,70,0.86652958
diisopropylether,65,0.64375217
diisopropylether,60,0.47376306
diisopropylether,55,0.34533351
diisopropylether,50,0.24926159
diisopropylether,45,0.17811182
diisopropylether,40,0.12595393
diisopropylether,35,0.08811574
diisopropylether,30,0.06095938
diisopropylether,25,0.04168478
hexadecanoicacidisopropylester,160,1.72981349
hexadecanoicacidisopropylester,155,1.39334848
hexadecanoicacidisopropylester,150,1.11740693
hexadecanoicacidisopropylester,145,0.89194705
hexadecanoicacidisopropylester,140,0.70848036
hexadecanoicacidisopropylester,135,0.55983872
hexadecanoicacidisopropylester,130,0.43997623
hexadecanoicacidisopropylester,125,0.34380356
hexadecanoicacidisopropylester,120,0.26704745
hexadecanoicacidisopropylester,115,0.20613094
hexadecanoicacidisopropylester,110,0.15807078
hexadecanoicacidisopropylester,105,0.12038914
hexadecanoicacidisopropylester,100,0.09103743
hexadecanoicacidisopropylester,95,0.06833052
hexadecanoicacidisopropylester,90,0.05088988
hexadecanoicacidisopropylester,85,0.03759451
hexadecanoicacidisopropylester,80,0.02753857
hexadecanoicacidisopropylester,75,0.01999508
hexadecanoicacidisopropylester,70,0.01438476
hexadecanoicacidisopropylester,65,0.01024954
hexadecanoicacidisopropylester,60,0.00723009
hexadecanoicacidisopropylester,55,0.00504691
hexadecanoicacidisopropylester,50,0.00348454
hexadecanoicacidisopropylester,45,0.00237839
hexadecanoicacidisopropylester,40,0.00160402
hexadecanoicacidisopropylester,35,0.00106828
hexadecanoicacidisopropylester,30,0.00070217
hexadecanoicacidisopropylester,25,0.00045521
3-methylbutanal,160,50.20616497
3-methylbutanal,155,47.47839337
3-methylbutanal,150,44.70129271
3-methylbutanal,145,41.88443408
3-methylbutanal,140,39.03458477
3-methylbutanal,135,36.16636165
3-methylbutanal,130,33.28873597
3-methylbutanal,125,30.41852339
3-methylbutanal,120,27.57374347
3-methylbutanal,115,24.77460710
3-methylbutanal,110,22.04328152
3-methylbutanal,105,19.40407610
3-methylbutanal,100,16.88246351
3-methylbutanal,95,14.50400257
3-methylbutanal,90,12.29312360
3-methylbutanal,85,10.27081231
3-methylbutanal,80,8.45354520
3-methylbutanal,75,6.85124365
3-methylbutanal,70,5.46644252
3-methylbutanal,65,4.29382487
3-methylbutanal,60,3.32109918
3-methylbutanal,55,2.53028109
3-methylbutanal,50,1.89973198
3-methylbutanal,45,1.40620469
3-methylbutanal,40,1.02662337
3-methylbutanal,35,0.73946133
3-methylbutanal,30,0.52558561
3-methylbutanal,25,0.36865462
isovalericacid,160,9.62036021
isovalericacid,155,7.17244395
isovalericacid,150,5.28980418
isovalericacid,145,3.86386264
isovalericacid,140,2.79708341
isovalericacid,135,2.00738081
isovalericacid,130,1.42835567
isovalericacid,125,1.00764485
isovalericacid,120,0.70467610
isovalericacid,115,0.48844108
isovalericacid,110,0.33550497
isovalericacid,105,0.22833606
isovalericacid,100,0.15394617
isovalericacid,95,0.10280637
isovalericacid,90,0.06799459
isovalericacid,85,0.04453349
isovalericacid,80,0.02888147
isovalericacid,75,0.01854557
isovalericacid,70,0.01179018
isovalericacid,65,0.00742050
isovalericacid,60,0.00462328
isovalericacid,55,0.00285126
isovalericacid,50,0.00174042
isovalericacid,45,0.00105135
isovalericacid,40,0.00062843
isovalericacid,35,0.00037161
isovalericacid,30,0.00021735
isovalericacid,25,0.00012570
iso-oxazole,160,37.89819960
iso-oxazole,155,32.24892263
iso-oxazole,150,26.60299932
iso-oxazole,145,21.25787352
iso-oxazole,140,16.49101922
iso-oxazole,135,12.47395303
iso-oxazole,130,9.24526700
iso-oxazole,125,6.74239743
iso-oxazole,120,4.85290226
iso-oxazole,115,3.45394850
iso-oxazole,110,2.43344334
iso-oxazole,105,1.69796628
iso-oxazole,100,1.17350391
iso-oxazole,95,0.80320915
iso-oxazole,90,0.54429842
iso-oxazole,85,0.36504545
iso-oxazole,80,0.24219896
iso-oxazole,75,0.15889622
iso-oxazole,70,0.10302995
iso-oxazole,65,0.06599471
iso-oxazole,60,0.04173819
iso-oxazole,55,0.02605050
iso-oxazole,50,0.01603727
iso-oxazole,45,0.00973296
iso-oxazole,40,0.00581997
iso-oxazole,35,0.00342697
iso-oxazole,30,0.00198590
iso-oxazole,25,0.00113185
ethenone,160,100.00000000
ethenone,155,100.00000000
ethenone,150,100.00000000
ethenone,145,100.00000000
ethenone,140,100.00000000
ethenone,135,100.00000000
ethenone,130,100.00000000
ethenone,125,100.00000000
ethenone,120,100.00000000
ethenone,115,100.00000000
ethenone,110,100.00000000
ethenone,105,100.00000000
ethenone,100,100.00000000
ethenone,95,100.00000000
ethenone,90,47.79425638
ethenone,85,45.37881442
ethenone,80,42.88989360
ethenone,75,40.33063921
ethenone,70,37.70203646
ethenone,65,35.00889035
ethenone,60,32.25818871
ethenone,55,29.45895815
ethenone,50,26.62495896
ethenone,45,23.77220782
ethenone,40,20.92335309
ethenone,35,18.10765465
ethenone,30,15.36348330
ethenone,25,12.73498610
tyrosine,160,0.00000000
tyrosine,155,0.00000000
tyrosine,150,0.00000000
tyrosine,145,0.00000000
tyrosine,140,0.00000000
tyrosine,135,0.00000000
tyrosine,130,0.00000000
tyrosine,125,0.00000000
tyrosine,120,0.00000000
tyrosine,115,0.00000000
tyrosine,110,0.00000000
tyrosine,105,0.00000000
tyrosine,100,0.00000000
tyrosine,95,0.00000000
tyrosine,90,0.00000000
tyrosine,85,0.00000000
tyrosine,80,0.00000000
tyrosine,75,0.00000000
tyrosine,70,0.00000000
tyrosine,65,0.00000000
tyrosine,60,0.00000000
tyrosine,55,0.00000000
tyrosine,50,0.00000000
tyrosine,45,0.00000000
tyrosine,40,0.00000000
tyrosine,35,0.00000000
tyrosine,30,0.00000000
tyrosine,25,0.00000000
lacticacid,160,0.00204534
lacticacid,155,0.00134599
lacticacid,150,0.00087771
lacticacid,145,0.00056707
lacticacid,140,0.00036295
lacticacid,135,0.00023011
lacticacid,130,0.00014451
lacticacid,125,0.00008988
lacticacid,120,0.00005536
lacticacid,115,0.00003377
lacticacid,110,0.00002040
lacticacid,105,0.00001221
lacticacid,100,0.00000723
lacticacid,95,0.00000424
lacticacid,90,0.00000247
lacticacid,85,0.00000142
lacticacid,80,0.00000081
lacticacid,75,0.00000046
lacticacid,70,0.00000026
lacticacid,65,0.00000014
lacticacid,60,0.00000008
lacticacid,55,0.00000004
lacticacid,50,0.00000002
lacticacid,45,0.00000001
lacticacid,40,0.00000001
lacticacid,35,0.00000000
lacticacid,30,0.00000000
lacticacid,25,0.00000000
3-chlorobenzeneamine,160,37.25653179
3-chlorobenzeneamine,155,34.44213461
3-chlorobenzeneamine,150,31.65340958
3-chlorobenzeneamine,145,28.90409836
3-chlorobenzeneamine,140,26.20980236
3-chlorobenzeneamine,135,23.58673300
3-chlorobenzeneamine,130,21.05124351
3-chlorobenzeneamine,125,18.62156518
3-chlorobenzeneamine,120,16.31472342
3-chlorobenzeneamine,115,14.14770077
3-chlorobenzeneamine,110,12.13570956
3-chlorobenzeneamine,105,10.29147960
3-chlorobenzeneamine,100,8.62414033
3-chlorobenzeneamine,95,7.13900718
3-chlorobenzeneamine,90,5.83660507
3-chlorobenzeneamine,85,4.71256238
3-chlorobenzeneamine,80,3.75810893
3-chlorobenzeneamine,75,2.96066313
3-chlorobenzeneamine,70,2.30485546
3-chlorobenzeneamine,65,1.77370825
3-chlorobenzeneamine,60,1.34977341
3-chlorobenzeneamine,55,1.01607470
3-chlorobenzeneamine,50,0.75683703
3-chlorobenzeneamine,45,0.55794350
3-chlorobenzeneamine,40,0.40715222
3-chlorobenzeneamine,35,0.29412920
3-chlorobenzeneamine,30,0.21034845
3-chlorobenzeneamine,25,0.14891441
3-hydroxytoluene,160,35.27630870
3-hydroxytoluene,155,31.78227538
3-hydroxytoluene,150,28.32451445
3-hydroxytoluene,145,24.94359037
3-hydroxytoluene,140,21.68442197
3-hydroxytoluene,135,18.59251541
3-hydroxytoluene,130,15.71162558
3-hydroxytoluene,125,13.07932590
3-hydroxytoluene,120,10.72341829
3-hydroxytoluene,115,8.65958299
3-hydroxytoluene,110,6.89010516
3-hydroxytoluene,105,5.40461599
3-hydroxytoluene,100,4.18240200
3-hydroxytoluene,95,3.19562468
3-hydroxytoluene,90,2.41270993
3-hydroxytoluene,85,1.80138222
3-hydroxytoluene,80,1.33093225
3-hydroxytoluene,75,0.97367345
3-hydroxytoluene,70,0.70565887
3-hydroxytoluene,65,0.50684964
3-hydroxytoluene,60,0.36092089
3-hydroxytoluene,55,0.25486623
3-hydroxytoluene,50,0.17851608
3-hydroxytoluene,45,0.12404756
3-hydroxytoluene,40,0.08552905
3-hydroxytoluene,35,0.05852119
3-hydroxytoluene,30,0.03974104
3-hydroxytoluene,25,0.02678793
"1,3-dichlorobenzene",160,31.41749972
"1,3-dichlorobenzene",155,28.61891361
"1,3-dichlorobenzene",150,25.88993821
"1,3-dichlorobenzene",145,23.24597370
"1,3-dichlorobenzene",140,20.70463350
"1,3-dichlorobenzene",135,18.28182350
"1,3-dichlorobenzene",130,15.99440107
"1,3-dichlorobenzene",125,13.85691026
"1,3-dichlorobenzene",120,11.88228555
"1,3-dichlorobenzene",115,10.08034541
"1,3-dichlorobenzene",110,8.45768887
"1,3-dichlorobenzene",105,7.01653967
"1,3-dichlorobenzene",100,5.75484381
"1,3-dichlorobenzene",95,4.66636004
"1,3-dichlorobenzene",90,3.74105084
"1,3-dichlorobenzene",85,2.96583223
"1,3-dichlorobenzene",80,2.32553909
"1,3-dichlorobenzene",75,1.80393837
"1,3-dichlorobenzene",70,1.38462311
"1,3-dichlorobenzene",65,1.05179087
"1,3-dichlorobenzene",60,0.79080537
"1,3-dichlorobenzene",55,0.58854340
"1,3-dichlorobenzene",50,0.43356340
"1,3-dichlorobenzene",45,0.31612399
"1,3-dichlorobenzene",40,0.22810132
"1,3-dichlorobenzene",35,0.16284293
"1,3-dichlorobenzene",30,0.11498942
"1,3-dichlorobenzene",25,0.08028703
maleicanhydride,160,3.52334410
maleicanhydride,155,2.54611915
maleicanhydride,150,1.83905939
maleicanhydride,145,1.32540086
maleicanhydride,140,0.95176694
maleicanhydride,135,0.68022303
maleicanhydride,130,0.48338952
maleicanhydride,125,0.34128514
maleicanhydride,120,0.23922437
maleicanhydride,115,0.16637576
maleicanhydride,110,0.11474297
maleicanhydride,105,0.07843102
maleicanhydride,100,0.05310850
maleicanhydride,95,0.03560846
maleicanhydride,90,0.02362983
maleicanhydride,85,0.01551297
maleicanhydride,80,0.01007084
maleicanhydride,75,0.00646223
maleicanhydride,70,0.00409685
maleicanhydride,65,0.00256491
maleicanhydride,60,0.00158504
maleicanhydride,55,0.00096638
maleicanhydride,50,0.00058100
maleicanhydride,45,0.00034426
maleicanhydride,40,0.00020094
maleicanhydride,35,0.00011546
maleicanhydride,30,0.00006527
maleicanhydride,25,0.00003628
dicyanomethane,160,0.00325565
dicyanomethane,155,0.00217941
dicyanomethane,150,0.00144615
dicyanomethane,145,0.00095094
dicyanomethane,140,0.00061949
dicyanomethane,135,0.00039972
dicyanomethane,130,0.00025538
dicyanomethane,125,0.00016152
dicyanomethane,120,0.00010109
dicyanomethane,115,0.00006260
dicyanomethane,110,0.00003834
dicyanomethane,105,0.00002322
dicyanomethane,100,0.00001390
dicyanomethane,95,0.00000822
dicyanomethane,90,0.00000480
dicyanomethane,85,0.00000277
dicyanomethane,80,0.00000158
dicyanomethane,75,0.00000089
dicyanomethane,70,0.00000049
dicyanomethane,65,0.00000027
dicyanomethane,60,0.00000014
dicyanomethane,55,0.00000008
dicyanomethane,50,0.00000004
dicyanomethane,45,0.00000002
dicyanomethane,40,0.00000001
dicyanomethane,35,0.00000001
dicyanomethane,30,0.00000000
dicyanomethane,25,0.00000000
"4,5,6,7-tetrahydro-3,6-dimethylbenzofuran",160,19.18951751
"4,5,6,7-tetrahydro-3,6-dimethylbenzofuran",155,16.39071445
"4,5,6,7-tetrahydro-3,6-dimethylbenzofuran",150,13.85720232
"4,5,6,7-tetrahydro-3,6-dimethylbenzofuran",145,11.59866389
"4,5,6,7-tetrahydro-3,6-dimethylbenzofuran",140,9.61470514
"4,5,6,7-tetrahydro-3,6-dimethylbenzofuran",135,7.89613517
"4,5,6,7-tetrahydro-3,6-dimethylbenzofuran",130,6.42684172
"4,5,6,7-tetrahydro-3,6-dimethylbenzofuran",125,5.18592361
"4,5,6,7-tetrahydro-3,6-dimethylbenzofuran",120,4.14972997
"4,5,6,7-tetrahydro-3,6-dimethylbenzofuran",115,3.29361073
"4,5,6,7-tetrahydro-3,6-dimethylbenzofuran",110,2.59327350
"4,5,6,7-tetrahydro-3,6-dimethylbenzofuran",105,2.02574110
"4,5,6,7-tetrahydro-3,6-dimethylbenzofuran",100,1.56995427
"4,5,6,7-tetrahydro-3,6-dimethylbenzofuran",95,1.20708803
"4,5,6,7-tetrahydro-3,6-dimethylbenzofuran",90,0.92065452
"4,5,6,7-tetrahydro-3,6-dimethylbenzofuran",85,0.69645752
"4,5,6,7-tetrahydro-3,6-dimethylbenzofuran",80,0.52245211
"4,5,6,7-tetrahydro-3,6-dimethylbenzofuran",75,0.38854998
"4,5,6,7-tetrahydro-3,6-dimethylbenzofuran",70,0.28639982
"4,5,6,7-tetrahydro-3,6-dimethylbenzofuran",65,0.20916270
"4,5,6,7-tetrahydro-3,6-dimethylbenzofuran",60,0.15129536
"4,5,6,7-tetrahydro-3,6-dimethylbenzofuran",55,0.10834918
"4,5,6,7-tetrahydro-3,6-dimethylbenzofuran",50,0.07678878
"4,5,6,7-tetrahydro-3,6-dimethylbenzofuran",45,0.05383195
"4,5,6,7-tetrahydro-3,6-dimethylbenzofuran",40,0.03731084
"4,5,6,7-tetrahydro-3,6-dimethylbenzofuran",35,0.02555341
"4,5,6,7-tetrahydro-3,6-dimethylbenzofuran",30,0.01728347
"4,5,6,7-tetrahydro-3,6-dimethylbenzofuran",25,0.01153752
4-methyl-3-penten-2-one,160,47.71019235
4-methyl-3-penten-2-one,155,45.09310218
4-methyl-3-penten-2-one,150,42.45322899
4-methyl-3-penten-2-one,145,39.79622779
4-methyl-3-penten-2-one,140,37.13047765
4-methyl-3-penten-2-one,135,34.46538863
4-methyl-3-penten-2-one,130,31.81110378
4-methyl-3-penten-2-one,125,29.17975413
4-methyl-3-penten-2-one,120,26.58237837
4-methyl-3-penten-2-one,115,24.03530424
4-methyl-3-penten-2-one,110,21.55356098
4-methyl-3-penten-2-one,105,19.15393097
4-methyl-3-penten-2-one,100,16.85456791
4-methyl-3-penten-2-one,95,14.67287076
4-methyl-3-penten-2-one,90,12.62640796
4-methyl-3-penten-2-one,85,10.73144610
4-methyl-3-penten-2-one,80,9.00167286
4-methyl-3-penten-2-one,75,7.44724621
4-methyl-3-penten-2-one,70,6.07374265
4-methyl-3-penten-2-one,65,4.88174415
4-methyl-3-penten-2-one,60,3.86623154
4-methyl-3-penten-2-one,55,3.01728590
4-methyl-3-penten-2-one,50,2.32082250
4-methyl-3-penten-2-one,45,1.75988516
4-methyl-3-penten-2-one,40,1.31607624
4-methyl-3-penten-2-one,35,0.97087981
4-methyl-3-penten-2-one,30,0.70671546
4-methyl-3-penten-2-one,25,0.50767652
"1,3,5-trimethylbenzene",160,31.02536856
"1,3,5-trimethylbenzene",155,27.79233766
"1,3,5-trimethylbenzene",150,24.66192696
"1,3,5-trimethylbenzene",145,21.66610669
"1,3,5-trimethylbenzene",140,18.83542417
"1,3,5-trimethylbenzene",135,16.19705234
"1,3,5-trimethylbenzene",130,13.77325397
"1,3,5-trimethylbenzene",125,11.57994621
"1,3,5-trimethylbenzene",120,9.62561814
"1,3,5-trimethylbenzene",115,7.91098830
"1,3,5-trimethylbenzene",110,6.42956469
"1,3,5-trimethylbenzene",105,5.16863490
"1,3,5-trimethylbenzene",100,4.11077338
"1,3,5-trimethylbenzene",95,3.23545075
"1,3,5-trimethylbenzene",90,2.52063955
"1,3,5-trimethylbenzene",85,1.94416186
"1,3,5-trimethylbenzene",80,1.48476004
"1,3,5-trimethylbenzene",75,1.12281888
"1,3,5-trimethylbenzene",70,0.84079337
"1,3,5-trimethylbenzene",65,0.62339074
"1,3,5-trimethylbenzene",60,0.45757028
"1,3,5-trimethylbenzene",55,0.33242007
"1,3,5-trimethylbenzene",50,0.23896073
"1,3,5-trimethylbenzene",45,0.16991326
"1,3,5-trimethylbenzene",40,0.11945824
"1,3,5-trimethylbenzene",35,0.08300336
"1,3,5-trimethylbenzene",30,0.05696990
"1,3,5-trimethylbenzene",25,0.03860308
alpha-methylacrolein,160,58.15897817
alpha-methylacrolein,155,55.74690278
alpha-methylacrolein,150,53.26921250
alpha-methylacrolein,145,50.72810022
alpha-methylacrolein,140,48.12430148
alpha-methylacrolein,135,45.46563951
alpha-methylacrolein,130,42.75415046
alpha-methylacrolein,125,39.99954650
alpha-methylacrolein,120,37.20663307
alpha-methylacrolein,115,34.38801720
alpha-methylacrolein,110,31.55719245
alpha-methylacrolein,105,28.72717968
alpha-methylacrolein,100,25.91801868
alpha-methylacrolein,95,23.14980220
alpha-methylacrolein,90,20.44576567
alpha-methylacrolein,85,17.83309327
alpha-methylacrolein,80,15.33991144
alpha-methylacrolein,75,12.99553521
alpha-methylacrolein,70,10.82808333
alpha-methylacrolein,65,8.86297099
alpha-methylacrolein,60,7.11934854
alpha-methylacrolein,55,5.60834399
alpha-methylacrolein,50,4.33152294
alpha-methylacrolein,45,3.28010790
alpha-methylacrolein,40,2.43648374
alpha-methylacrolein,35,1.77641237
alpha-methylacrolein,30,1.27218768
alpha-methylacrolein,25,0.89556943
2-methyl-2-propenamide,160,0.95998159
2-methyl-2-propenamide,155,0.70230523
2-methyl-2-propenamide,150,0.51064900
2-methyl-2-propenamide,145,0.36884286
2-methyl-2-propenamide,140,0.26454157
2-methyl-2-propenamide,135,0.18832559
2-methyl-2-propenamide,130,0.13302445
2-methyl-2-propenamide,125,0.09320003
2-methyl-2-propenamide,120,0.06474837
2-methyl-2-propenamide,115,0.04459065
2-methyl-2-propenamide,110,0.03043279
2-methyl-2-propenamide,105,0.02057829
2-methyl-2-propenamide,100,0.01378281
2-methyl-2-propenamide,95,0.00914160
2-methyl-2-propenamide,90,0.00600290
2-methyl-2-propenamide,85,0.00390171
2-methyl-2-propenamide,80,0.00250962
2-methyl-2-propenamide,75,0.00159706
2-methyl-2-propenamide,70,0.00100532
2-methyl-2-propenamide,65,0.00062583
2-methyl-2-propenamide,60,0.00038520
2-methyl-2-propenamide,55,0.00023436
2-methyl-2-propenamide,50,0.00014092
2-methyl-2-propenamide,45,0.00008372
2-methyl-2-propenamide,40,0.00004913
2-methyl-2-propenamide,35,0.00002847
2-methyl-2-propenamide,30,0.00001629
2-methyl-2-propenamide,25,0.00000920
methacrylicacid,160,14.29780303
methacrylicacid,155,10.78439271
methacrylicacid,150,8.00113456
methacrylicacid,145,5.85379060
methacrylicacid,140,4.23118059
methacrylicacid,135,3.02534736
methacrylicacid,130,2.14155655
methacrylicacid,125,1.50151812
methacrylicacid,120,1.04300287
methacrylicacid,115,0.71785410
methacrylicacid,110,0.48953677
methacrylicacid,105,0.33076053
methacrylicacid,100,0.22140732
methacrylicacid,95,0.14682110
methacrylicacid,90,0.09644362
methacrylicacid,85,0.06275113
methacrylicacid,80,0.04044008
methacrylicacid,75,0.02581240
methacrylicacid,70,0.01631763
methacrylicacid,65,0.01021610
methacrylicacid,60,0.00633429
methacrylicacid,55,0.00388933
methacrylicacid,50,0.00236477
methacrylicacid,45,0.00142365
methacrylicacid,40,0.00084852
methacrylicacid,35,0.00050061
methacrylicacid,30,0.00029229
methacrylicacid,25,0.00016885
2-methyl-2-propenenitrile,160,59.49781500
2-methyl-2-propenenitrile,155,57.10912013
2-methyl-2-propenenitrile,150,54.64552559
2-methyl-2-propenenitrile,145,52.10891376
2-methyl-2-propenenitrile,140,49.49937492
2-methyl-2-propenenitrile,135,46.81932584
2-methyl-2-propenenitrile,130,44.07562579
2-methyl-2-propenenitrile,125,41.27012311
2-methyl-2-propenenitrile,120,38.41461349
2-methyl-2-propenenitrile,115,35.51609348
2-methyl-2-propenenitrile,110,32.58864499
2-methyl-2-propenenitrile,105,29.64821757
2-methyl-2-propenenitrile,100,26.71594906
2-methyl-2-propenenitrile,95,23.81377357
2-methyl-2-propenenitrile,90,20.96973585
2-methyl-2-propenenitrile,85,18.21594987
2-methyl-2-propenenitrile,80,15.58571915
2-methyl-2-propenenitrile,75,13.11494181
2-methyl-2-propenenitrile,70,10.83767703
2-methyl-2-propenenitrile,65,8.78400179
2-methyl-2-propenenitrile,60,6.97623021
2-methyl-2-propenenitrile,55,5.42604319
2-methyl-2-propenenitrile,50,4.13280941
2-methyl-2-propenenitrile,45,3.08357281
2-methyl-2-propenenitrile,40,2.25532071
2-methyl-2-propenenitrile,35,1.61840421
2-methyl-2-propenenitrile,30,1.14048038
2-methyl-2-propenenitrile,25,0.78989464
methane,160,100.00000000
methane,155,100.00000000
methane,150,100.00000000
methane,145,100.00000000
methane,140,100.00000000
methane,135,100.00000000
methane,130,100.00000000
methane,125,100.00000000
methane,120,100.00000000
methane,115,100.00000000
methane,110,100.00000000
methane,105,100.00000000
methane,100,100.00000000
methane,95,70.53729092
methane,90,68.22593787
methane,85,65.68589885
methane,80,62.88578573
methane,75,59.79256960
methane,70,56.36710650
methane,65,52.57407291
methane,60,48.37974288
methane,55,43.76074282
methane,50,38.71743238
methane,45,33.29848494
methane,40,27.62298495
methane,35,21.91078247
methane,30,16.47801411
methane,25,11.67853259
methanol,160,9.64386579
methanol,155,6.51194654
methanol,150,4.31244669
methanol,145,2.80978517
methanol,140,1.80567835
methanol,135,1.14658323
methanol,130,0.72028242
methanol,125,0.44801253
methanol,120,0.27606488
methanol,115,0.16859360
methanol,110,0.10207468
methanol,105,0.06128620
methanol,100,0.03649973
methanol,95,0.02156814
methanol,90,0.01264876
methanol,85,0.00736397
methanol,80,0.00425719
methanol,75,0.00244453
methanol,70,0.00139457
methanol,65,0.00079061
methanol,60,0.00044551
methanol,55,0.00024957
methanol,50,0.00013901
methanol,45,0.00007700
methanol,40,0.00004241
methanol,35,0.00002323
methanol,30,0.00001265
methanol,25,0.00000685
methanol,160,9.64386579
methanol,155,6.51194654
methanol,150,4.31244669
methanol,145,2.80978517
methanol,140,1.80567835
methanol,135,1.14658323
methanol,130,0.72028242
methanol,125,0.44801253
methanol,120,0.27606488
methanol,115,0.16859360
methanol,110,0.10207468
methanol,105,0.06128620
methanol,100,0.03649973
methanol,95,0.02156814
methanol,90,0.01264876
methanol,85,0.00736397
methanol,80,0.00425719
methanol,75,0.00244453
methanol,70,0.00139457
methanol,65,0.00079061
methanol,60,0.00044551
methanol,55,0.00024957
methanol,50,0.00013901
methanol,45,0.00007700
methanol,40,0.00004241
methanol,35,0.00002323
methanol,30,0.00001265
methanol,25,0.00000685
4-methoxy-4-methyl-pentan-2-one,160,34.40815368
4-methoxy-4-methyl-pentan-2-one,155,31.52427409
4-methoxy-4-methyl-pentan-2-one,150,28.69259638
4-methoxy-4-methyl-pentan-2-one,145,25.93093263
4-methoxy-4-methyl-pentan-2-one,140,23.25646554
4-methoxy-4-methyl-pentan-2-one,135,20.68792061
4-methoxy-4-methyl-pentan-2-one,130,18.24257554
4-methoxy-4-methyl-pentan-2-one,125,15.93780636
4-methoxy-4-methyl-pentan-2-one,120,13.78874907
4-methoxy-4-methyl-pentan-2-one,115,11.80810530
4-methoxy-4-methyl-pentan-2-one,110,10.00529440
4-methoxy-4-methyl-pentan-2-one,105,8.38601237
4-methoxy-4-methyl-pentan-2-one,100,6.95143868
4-methoxy-4-methyl-pentan-2-one,95,5.69836478
4-methoxy-4-methyl-pentan-2-one,90,4.61943422
4-methoxy-4-methyl-pentan-2-one,85,3.70366919
4-methoxy-4-methyl-pentan-2-one,80,2.93728960
4-methoxy-4-methyl-pentan-2-one,75,2.30469172
4-methoxy-4-methyl-pentan-2-one,70,1.78943713
4-methoxy-4-methyl-pentan-2-one,65,1.37510252
4-methoxy-4-methyl-pentan-2-one,60,1.04599629
4-methoxy-4-methyl-pentan-2-one,55,0.78766405
4-methoxy-4-methyl-pentan-2-one,50,0.58719090
4-methoxy-4-methyl-pentan-2-one,45,0.43333873
4-methoxy-4-methyl-pentan-2-one,40,0.31654656
4-methoxy-4-methyl-pentan-2-one,35,0.22883964
4-methoxy-4-methyl-pentan-2-one,30,0.16368186
4-methoxy-4-methyl-pentan-2-one,25,0.11580008
methylacetate,160,55.73667195
methylacetate,155,53.20291377
methylacetate,150,50.60789875
methylacetate,145,47.95669133
methylacetate,140,45.25674161
methylacetate,135,42.51271697
methylacetate,130,39.73427055
methylacetate,125,36.93315918
methylacetate,120,34.12075642
methylacetate,115,31.30999843
methylacetate,110,28.51693488
methylacetate,105,25.76058324
methylacetate,100,23.06007159
methylacetate,95,20.43533380
methylacetate,90,17.91063815
methylacetate,85,15.50806900
methylacetate,80,13.25116513
methylacetate,75,11.16140003
methylacetate,70,9.25772887
methylacetate,65,7.55486587
methylacetate,60,6.06160016
methylacetate,55,4.77971067
methylacetate,50,3.70363829
methylacetate,45,2.82062837
methylacetate,40,2.11226024
methylacetate,35,1.55632278
methylacetate,30,1.12900957
methylacetate,25,0.80692188
methylacetoacetate,160,7.50043759
methylacetoacetate,155,5.89299265
methylacetoacetate,150,4.60769632
methylacetoacetate,145,3.58521462
methylacetoacetate,140,2.77577197
methylacetoacetate,135,2.13809254
methylacetoacetate,130,1.63820705
methylacetoacetate,125,1.24833000
methylacetoacetate,120,0.94584915
methylacetoacetate,115,0.71245380
methylacetoacetate,110,0.53338643
methylacetoacetate,105,0.39681108
methylacetoacetate,100,0.29328278
methylacetoacetate,95,0.21530451
methylacetoacetate,90,0.15695834
methylacetoacetate,85,0.11360027
methylacetoacetate,80,0.08160838
methylacetoacetate,75,0.05817612
methylacetoacetate,70,0.04114343
methylacetoacetate,65,0.02885956
methylacetoacetate,60,0.02007227
methylacetoacetate,55,0.01383885
methylacetoacetate,50,0.00945530
methylacetoacetate,45,0.00640017
methylacetoacetate,40,0.00429054
methylacetoacetate,35,0.00284769
methylacetoacetate,30,0.00187061
methylacetoacetate,25,0.00121570
propyne,160,100.00000000
propyne,155,100.00000000
propyne,150,100.00000000
propyne,145,100.00000000
propyne,140,100.00000000
propyne,135,100.00000000
propyne,130,100.00000000
propyne,125,60.46677071
propyne,120,58.17572578
propyne,115,55.77974541
propyne,110,53.27603397
propyne,105,50.66257977
propyne,100,47.93581683
propyne,95,45.09550594
propyne,90,42.14393380
propyne,85,39.08514403
propyne,80,35.92744767
propyne,75,32.68613566
propyne,70,29.37832680
propyne,65,26.03560448
propyne,60,22.69536858
propyne,55,19.40717834
propyne,50,16.23201079
propyne,45,13.23843474
propyne,40,10.49797375
propyne,35,8.07560007
propyne,30,6.01748126
propyne,25,4.34231300
methylacrylate,160,50.03692834
methylacrylate,155,47.24384188
methylacrylate,150,44.39480245
methylacrylate,145,41.49543114
methylacrylate,140,38.55492211
methylacrylate,135,35.58742163
methylacrylate,130,32.60461004
methylacrylate,125,29.62519451
methylacrylate,120,26.67122014
methylacrylate,115,23.76568215
methylacrylate,110,20.93632354
methylacrylate,105,18.21300793
methylacrylate,100,15.62693440
methylacrylate,95,13.20939242
methylacrylate,90,10.98901524
methylacrylate,85,8.98946739
methylacrylate,80,7.22690098
methylacrylate,75,5.70820292
methylacrylate,70,4.42988357
methylacrylate,65,3.37893826
methylacrylate,60,2.53453030
methylacrylate,55,1.87080359
methylacrylate,50,1.35976631
methylacrylate,45,0.97378913
methylacrylate,40,0.68743819
methylacrylate,35,0.47852294
methylacrylate,30,0.32849593
methylacrylate,25,0.22238211
methylamine,160,100.00000000
methylamine,155,100.00000000
methylamine,150,100.00000000
methylamine,145,100.00000000
methylamine,140,100.00000000
methylamine,135,100.00000000
methylamine,130,100.00000000
methylamine,125,100.00000000
methylamine,120,100.00000000
methylamine,115,100.00000000
methylamine,110,100.00000000
methylamine,105,55.64236699
methylamine,100,52.75286118
methylamine,95,49.69994928
methylamine,90,46.48536326
methylamine,85,43.10973590
methylamine,80,39.58033210
methylamine,75,35.91093288
methylamine,70,32.12570288
methylamine,65,28.25747647
methylamine,60,24.35691214
methylamine,55,20.48903910
methylamine,50,16.74044182
methylamine,45,13.21328848
methylamine,40,10.02171513
methylamine,35,7.27027920
methylamine,30,5.03178095
methylamine,25,3.32345045
4-methyl-2-pentylacetate,160,26.37713833
4-methyl-2-pentylacetate,155,23.47153629
4-methyl-2-pentylacetate,150,20.70683433
4-methyl-2-pentylacetate,145,18.10410836
4-methyl-2-pentylacetate,140,15.68156244
4-methyl-2-pentylacetate,135,13.45346099
4-methyl-2-pentylacetate,130,11.42949575
4-methyl-2-pentylacetate,125,9.61437420
4-methyl-2-pentylacetate,120,8.00761163
4-methyl-2-pentylacetate,115,6.60369271
4-methyl-2-pentylacetate,110,5.39278414
4-methyl-2-pentylacetate,105,4.36151558
4-methyl-2-pentylacetate,100,3.49403330
4-methyl-2-pentylacetate,95,2.77299321
4-methyl-2-pentylacetate,90,2.18053512
4-methyl-2-pentylacetate,85,1.69909816
4-methyl-2-pentylacetate,80,1.31203438
4-methyl-2-pentylacetate,75,1.00404564
4-methyl-2-pentylacetate,70,0.76143124
4-methyl-2-pentylacetate,65,0.57219083
4-methyl-2-pentylacetate,60,0.42601445
4-methyl-2-pentylacetate,55,0.31419407
4-methyl-2-pentylacetate,50,0.22948593
4-methyl-2-pentylacetate,45,0.16594759
4-methyl-2-pentylacetate,40,0.11876646
4-methyl-2-pentylacetate,35,0.08409208
4-methyl-2-pentylacetate,30,0.05887963
4-methyl-2-pentylacetate,25,0.04074871
methylbenzoate,160,32.69085819
methylbenzoate,155,29.75073328
methylbenzoate,150,26.86874896
methylbenzoate,145,24.06580743
methylbenzoate,140,21.36244669
methylbenzoate,135,18.78053708
methylbenzoate,130,16.34096750
methylbenzoate,125,14.06356899
methylbenzoate,120,11.96522017
methylbenzoate,115,10.05937058
methylbenzoate,110,8.35425504
methylbenzoate,105,6.85259576
methylbenzoate,100,5.55135602
methylbenzoate,95,4.44200119
methylbenzoate,90,3.51134020
methylbenzoate,85,2.74275254
methylbenzoate,80,2.11756375
methylbenzoate,75,1.61633855
methylbenzoate,70,1.22001569
methylbenzoate,65,0.91075051
methylbenzoate,60,0.67245550
methylbenzoate,55,0.49107774
methylbenzoate,50,0.35466162
methylbenzoate,45,0.25326378
methylbenzoate,40,0.17877599
methylbenzoate,35,0.12470146
methylbenzoate,30,0.08591671
methylbenzoate,25,0.05844067
ch3br,160,100.00000000
ch3br,155,100.00000000
ch3br,150,100.00000000
ch3br,145,100.00000000
ch3br,140,100.00000000
ch3br,135,100.00000000
ch3br,130,100.00000000
ch3br,125,100.00000000
ch3br,120,100.00000000
ch3br,115,100.00000000
ch3br,110,100.00000000
ch3br,105,33.86760865
ch3br,100,31.83828805
ch3br,95,29.81226440
ch3br,90,27.79460218
ch3br,85,25.78562116
ch3br,80,23.78998452
ch3br,75,21.81210621
ch3br,70,19.85708729
ch3br,65,17.92946325
ch3br,60,16.03818284
ch3br,55,14.19100658
ch3br,50,12.39931822
ch3br,45,10.67518941
ch3br,40,9.03366105
ch3br,35,7.49287775
ch3br,30,6.07155226
ch3br,25,4.79044763
2-hexanone,160,44.55067308
2-hexanone,155,41.70368396
2-hexanone,150,38.83754452
2-hexanone,145,35.96346029
2-hexanone,140,33.09544367
2-hexanone,135,30.24853220
2-hexanone,130,27.43926267
2-hexanone,125,24.68688810
2-hexanone,120,22.01169731
2-hexanone,115,19.43587653
2-hexanone,110,16.98113341
2-hexanone,105,14.66904444
2-hexanone,100,12.51996534
2-hexanone,95,10.55091294
2-hexanone,90,8.77463962
2-hexanone,85,7.19890548
2-hexanone,80,5.82515333
2-hexanone,75,4.64869918
2-hexanone,70,3.65921773
2-hexanone,65,2.84165051
2-hexanone,60,2.17773505
2-hexanone,55,1.64750405
2-hexanone,50,1.23072702
2-hexanone,45,0.90805395
2-hexanone,40,0.66182228
2-hexanone,35,0.47651034
2-hexanone,30,0.33890662
2-hexanone,25,0.23806386
ch3cl,160,100.00000000
ch3cl,155,100.00000000
ch3cl,150,100.00000000
ch3cl,145,100.00000000
ch3cl,140,100.00000000
ch3cl,135,100.00000000
ch3cl,130,100.00000000
ch3cl,125,100.00000000
ch3cl,120,100.00000000
ch3cl,115,100.00000000
ch3cl,110,49.04283863
ch3cl,105,46.54401799
ch3cl,100,43.96422613
ch3cl,95,41.30434042
ch3cl,90,38.56526748
ch3cl,85,35.75093072
ch3cl,80,32.86843569
ch3cl,75,29.92762772
ch3cl,70,26.94266724
ch3cl,65,23.93384102
ch3cl,60,20.92977308
ch3cl,55,17.96365677
ch3cl,50,15.08391980
ch3cl,45,12.34386355
ch3cl,40,9.80678042
ch3cl,35,7.53533697
ch3cl,30,5.58335661
ch3cl,25,3.98296604
carbonochloridicacidmethylester,160,49.01454786
carbonochloridicacidmethylester,155,46.32107183
carbonochloridicacidmethylester,150,43.57824027
carbonochloridicacidmethylester,145,40.79121488
carbonochloridicacidmethylester,140,37.96599127
carbonochloridicacidmethylester,135,35.11205066
carbonochloridicacidmethylester,130,32.24010009
carbonochloridicacidmethylester,125,29.36453686
carbonochloridicacidmethylester,120,26.50111309
carbonochloridicacidmethylester,115,23.67053080
carbonochloridicacidmethylester,110,20.89703330
carbonochloridicacidmethylester,105,18.20889159
carbonochloridicacidmethylester,100,15.63635016
carbonochloridicacidmethylester,95,13.21243304
carbonochloridicacidmethylester,90,10.96960576
carbonochloridicacidmethylester,85,8.93763467
carbonochloridicacidmethylester,80,7.13930510
carbonochloridicacidmethylester,75,5.58825423
carbonochloridicacidmethylester,70,4.28602781
carbonochloridicacidmethylester,65,3.22233542
carbonochloridicacidmethylester,60,2.37655936
carbonochloridicacidmethylester,55,1.72105565
carbonochloridicacidmethylester,50,1.22499221
carbonochloridicacidmethylester,45,0.85771310
carbonochloridicacidmethylester,40,0.59117765
carbonochloridicacidmethylester,35,0.40128958
carbonochloridicacidmethylester,30,0.26832197
carbonochloridicacidmethylester,25,0.17673071
cyanoaceticacidmethylester,160,0.21756403
cyanoaceticacidmethylester,155,0.15678293
cyanoaceticacidmethylester,150,0.11221655
cyanoaceticacidmethylester,145,0.07974040
cyanoaceticacidmethylester,140,0.05623342
cyanoaceticacidmethylester,135,0.03934116
cyanoaceticacidmethylester,130,0.02729516
cyanoaceticacidmethylester,125,0.01877434
cyanoaceticacidmethylester,120,0.01279801
cyanoaceticacidmethylester,115,0.00864327
cyanoaceticacidmethylester,110,0.00578140
cyanoaceticacidmethylester,105,0.00382882
cyanoaceticacidmethylester,100,0.00250976
cyanoaceticacidmethylester,95,0.00162776
cyanoaceticacidmethylester,90,0.00104422
cyanoaceticacidmethylester,85,0.00066235
cyanoaceticacidmethylester,80,0.00041525
cyanoaceticacidmethylester,75,0.00025723
cyanoaceticacidmethylester,70,0.00015737
cyanoaceticacidmethylester,65,0.00009505
cyanoaceticacidmethylester,60,0.00005666
cyanoaceticacidmethylester,55,0.00003332
cyanoaceticacidmethylester,50,0.00001932
cyanoaceticacidmethylester,45,0.00001104
cyanoaceticacidmethylester,40,0.00000621
cyanoaceticacidmethylester,35,0.00000344
cyanoaceticacidmethylester,30,0.00000188
cyanoaceticacidmethylester,25,0.00000101
methylcyclohexane,160,3.95599432
methylcyclohexane,155,3.00251014
methylcyclohexane,150,2.27442895
methylcyclohexane,145,1.71764840
methylcyclohexane,140,1.29199280
methylcyclohexane,135,0.96714218
methylcyclohexane,130,0.71995769
methylcyclohexane,125,0.53262543
methylcyclohexane,120,0.39135404
methylcyclohexane,115,0.28543108
methylcyclohexane,110,0.20652788
methylcyclohexane,105,0.14817411
methylcyclohexane,100,0.10535540
methylcyclohexane,95,0.07420075
methylcyclohexane,90,0.05173711
methylcyclohexane,85,0.03569524
methylcyclohexane,80,0.02435563
methylcyclohexane,75,0.01642589
methylcyclohexane,70,0.01094331
methylcyclohexane,65,0.00719778
methylcyclohexane,60,0.00467093
methylcyclohexane,55,0.00298866
methylcyclohexane,50,0.00188414
methylcyclohexane,45,0.00116947
methylcyclohexane,40,0.00071410
methylcyclohexane,35,0.00042861
methylcyclohexane,30,0.00025265
methylcyclohexane,25,0.00014611
methylcyclopentane,160,7.31728934
methylcyclopentane,155,5.52161133
methylcyclopentane,150,4.16353440
methylcyclopentane,145,3.13341168
methylcyclopentane,140,2.35105767
methylcyclopentane,135,1.75703715
methylcyclopentane,130,1.30677194
methylcyclopentane,125,0.96646218
methylcyclopentane,120,0.71028283
methylcyclopentane,115,0.51839156
methylcyclopentane,110,0.37549098
methylcyclopentane,105,0.26977637
methylcyclopentane,100,0.19214427
methylcyclopentane,95,0.13559119
methylcyclopentane,90,0.09475005
methylcyclopentane,85,0.06552911
methylcyclopentane,80,0.04482865
methylcyclopentane,75,0.03031782
methylcyclopentane,70,0.02025855
methylcyclopentane,65,0.01336670
methylcyclopentane,60,0.00870305
methylcyclopentane,55,0.00558808
methylcyclopentane,50,0.00353586
methylcyclopentane,45,0.00220317
methylcyclopentane,40,0.00135077
methylcyclopentane,35,0.00081421
methylcyclopentane,30,0.00048208
methylcyclopentane,25,0.00028012
methylethylether,160,100.00000000
methylethylether,155,100.00000000
methylethylether,150,100.00000000
methylethylether,145,57.65147089
methylethylether,140,55.41467007
methylethylether,135,53.12235229
methylethylether,130,50.77525626
methylethylether,125,48.37793116
methylethylether,120,45.93117508
methylethylether,115,43.44095274
methylethylether,110,40.90844464
methylethylether,105,38.34391893
methylethylether,100,35.75216076
methylethylether,95,33.14201257
methylethylether,90,30.52214336
methylethylether,85,27.90724881
methylethylether,80,25.30941677
methylethylether,75,22.74559096
methylethylether,70,20.23448095
methylethylether,65,17.79676122
methylethylether,60,15.45393808
methylethylether,55,13.23152772
methylethylether,50,11.15340277
methylethylether,45,9.24260362
methylethylether,40,7.51970256
methylethylether,35,5.99979549
methylethylether,30,4.69082651
methylethylether,25,3.59218497
butanone,160,57.96028387
butanone,155,55.61423253
butanone,150,53.21405187
butanone,145,50.75971760
butanone,140,48.25688568
butanone,135,45.70804598
butanone,130,43.11915890
butanone,125,40.49546355
butanone,120,37.84391712
butanone,115,35.17401575
butanone,110,32.49451771
butanone,105,29.81788402
butanone,100,27.15774691
butanone,95,24.52989609
butanone,90,21.95317674
butanone,85,19.44460057
butanone,80,17.02808063
butanone,75,14.72504870
butanone,70,12.55906431
butanone,65,10.55214131
butanone,60,8.72407279
butanone,55,7.09047792
butanone,50,5.66094222
butanone,45,4.43775924
butanone,40,3.41546041
butanone,35,2.58117409
butanone,30,1.91623462
butanone,25,1.39824004
2-butanoneoxime,160,23.15576470
2-butanoneoxime,155,18.47098531
2-butanoneoxime,150,14.36614514
2-butanoneoxime,145,10.91986991
2-butanoneoxime,140,8.13441396
2-butanoneoxime,135,5.95450923
2-butanoneoxime,130,4.29331870
2-butanoneoxime,125,3.05470770
2-butanoneoxime,120,2.14768021
2-butanoneoxime,115,1.49352053
2-butanoneoxime,110,1.02796587
2-butanoneoxime,105,0.70058297
2-butanoneoxime,100,0.47290589
2-butanoneoxime,95,0.31622848
2-butanoneoxime,90,0.20950131
2-butanoneoxime,85,0.13751889
2-butanoneoxime,80,0.08944287
2-butanoneoxime,75,0.05764287
2-butanoneoxime,70,0.03680967
2-butanoneoxime,65,0.02329085
2-butanoneoxime,60,0.01460143
2-butanoneoxime,55,0.00906898
2-butanoneoxime,50,0.00557989
2-butanoneoxime,45,0.00340039
2-butanoneoxime,40,0.00205201
2-butanoneoxime,35,0.00122594
2-butanoneoxime,30,0.00072488
2-butanoneoxime,25,0.00042403
methylformate,160,56.35979301
methylformate,155,53.16457331
methylformate,150,49.80991148
methylformate,145,46.30654127
methylformate,140,42.67297438
methylformate,135,38.93499333
methylformate,130,35.12875861
methylformate,125,31.30000668
methylformate,120,27.50297368
methylformate,115,23.79917139
methylformate,110,20.25268064
methylformate,105,16.92694271
methylformate,100,13.87859156
methylformate,95,11.15331416
methylformate,90,8.78070876
methylformate,85,6.77166540
methylformate,80,5.11765160
methylformate,75,3.79322866
methylformate,70,2.76048795
methylformate,65,1.97485398
methylformate,60,1.39053428
methylformate,55,0.96469217
methylformate,50,0.65997476
methylformate,45,0.44551797
methylformate,40,0.29687279
methylformate,35,0.19530860
methylformate,30,0.12685883
methylformate,25,0.08134085
methyl2-furancarboxylate,160,27.51702306
methyl2-furancarboxylate,155,24.08208092
methyl2-furancarboxylate,150,20.80186210
methyl2-furancarboxylate,145,17.72315297
methyl2-furancarboxylate,140,14.88770281
methyl2-furancarboxylate,135,12.32794559
methyl2-furancarboxylate,130,10.06397199
methyl2-furancarboxylate,125,8.10218571
methyl2-furancarboxylate,120,6.43579810
methyl2-furancarboxylate,115,5.04690231
methyl2-furancarboxylate,110,3.90962876
methyl2-furancarboxylate,105,2.99352899
methyl2-furancarboxylate,100,2.26663934
methyl2-furancarboxylate,95,1.69784750
methyl2-furancarboxylate,90,1.25847983
methyl2-furancarboxylate,85,0.92318152
methyl2-furancarboxylate,80,0.67024589
methyl2-furancarboxylate,75,0.48156643
methyl2-furancarboxylate,70,0.34236006
methyl2-furancarboxylate,65,0.24077469
methyl2-furancarboxylate,60,0.16745803
methyl2-furancarboxylate,55,0.11513554
methyl2-furancarboxylate,50,0.07822384
methyl2-furancarboxylate,45,0.05249193
methyl2-furancarboxylate,40,0.03477345
methyl2-furancarboxylate,35,0.02272816
methyl2-furancarboxylate,30,0.01464817
methyl2-furancarboxylate,25,0.00930311
methylglyoxal,160,44.02744499
methylglyoxal,155,39.72346166
methylglyoxal,150,35.29861040
methylglyoxal,145,30.83562705
methylglyoxal,140,26.43965197
methylglyoxal,135,22.22745681
methylglyoxal,130,18.31258086
methylglyoxal,125,14.78792362
methylglyoxal,120,11.71344327
methylglyoxal,115,9.11139765
methylglyoxal,110,6.96963512
methylglyoxal,105,5.25026400
methylglyoxal,100,3.90014643
methylglyoxal,95,2.86031230
methylglyoxal,90,2.07293360
methylglyoxal,85,1.48560200
methylglyoxal,80,1.05335802
methylglyoxal,75,0.73915358
methylglyoxal,70,0.51337907
methylglyoxal,65,0.35293124
methylglyoxal,60,0.24013184
methylglyoxal,55,0.16167443
methylglyoxal,50,0.10768657
methylglyoxal,45,0.07093900
methylglyoxal,40,0.04620284
methylglyoxal,35,0.02974089
methylglyoxal,30,0.01891339
methylglyoxal,25,0.01187767
methylhydrazine,160,52.39019467
methylhydrazine,155,48.30819414
methylhydrazine,150,44.13595614
methylhydrazine,145,39.92354070
methylhydrazine,140,35.72240007
methylhydrazine,135,31.58389125
methylhydrazine,130,27.55979191
methylhydrazine,125,23.69926370
methylhydrazine,120,20.05221481
methylhydrazine,115,16.66474100
methylhydrazine,110,13.57991058
methylhydrazine,105,10.83330597
methylhydrazine,100,8.44953471
methylhydrazine,95,6.43837427
methylhydrazine,90,4.79235552
methylhydrazine,85,3.48659503
methylhydrazine,80,2.48224767
methylhydrazine,75,1.73200807
methylhydrazine,70,1.18642835
methylhydrazine,65,0.79911102
methylhydrazine,60,0.52994986
methylhydrazine,55,0.34640715
methylhydrazine,50,0.22335780
methylhydrazine,45,0.14213628
methylhydrazine,40,0.08929661
methylhydrazine,35,0.05539336
methylhydrazine,30,0.03393018
methylhydrazine,25,0.02052077
methylhydroperoxide,160,2.45192334
methylhydroperoxide,155,1.65510774
methylhydroperoxide,150,1.11130679
methylhydroperoxide,145,0.74150800
methylhydroperoxide,140,0.49129876
methylhydroperoxide,135,0.32304628
methylhydroperoxide,130,0.21070254
methylhydroperoxide,125,0.13627070
methylhydroperoxide,120,0.08736589
methylhydroperoxide,115,0.05551347
methylhydroperoxide,110,0.03495489
methylhydroperoxide,105,0.02180864
methylhydroperoxide,100,0.01348145
methylhydroperoxide,95,0.00825700
methylhydroperoxide,90,0.00501059
methylhydroperoxide,85,0.00301265
methylhydroperoxide,80,0.00179483
methylhydroperoxide,75,0.00105958
methylhydroperoxide,70,0.00061988
methylhydroperoxide,65,0.00035940
methylhydroperoxide,60,0.00020652
methylhydroperoxide,55,0.00011762
methylhydroperoxide,50,0.00006640
methylhydroperoxide,45,0.00003716
methylhydroperoxide,40,0.00002061
methylhydroperoxide,35,0.00001133
methylhydroperoxide,30,0.00000617
methylhydroperoxide,25,0.00000333
ch3i,160,100.00000000
ch3i,155,100.00000000
ch3i,150,100.00000000
ch3i,145,36.16360170
ch3i,140,33.99147737
ch3i,135,31.83976698
ch3i,130,29.71128712
ch3i,125,27.60784864
ch3i,120,25.53431628
ch3i,115,23.49512802
ch3i,110,21.49192625
ch3i,105,19.53139709
ch3i,100,17.61931612
ch3i,95,15.76273859
ch3i,90,13.96791768
ch3i,85,12.24453073
ch3i,80,10.60262821
ch3i,75,9.05298857
ch3i,70,7.60811218
ch3i,65,6.28078820
ch3i,60,5.08298405
ch3i,55,4.02525989
ch3i,50,3.11441644
ch3i,45,2.35194398
ch3i,40,1.73305698
ch3i,35,1.24646018
ch3i,30,0.87581002
ch3i,25,0.60188763
5-methyl-2-hexanone,160,37.99665757
5-methyl-2-hexanone,155,34.99848849
5-methyl-2-hexanone,150,32.02374988
5-methyl-2-hexanone,145,29.09021120
5-methyl-2-hexanone,140,26.21861539
5-methyl-2-hexanone,135,23.42991456
5-methyl-2-hexanone,130,20.74662480
5-methyl-2-hexanone,125,18.19118018
5-methyl-2-hexanone,120,15.78469797
5-methyl-2-hexanone,115,13.54663256
5-methyl-2-hexanone,110,11.49290515
5-methyl-2-hexanone,105,9.63548018
5-methyl-2-hexanone,100,7.98078792
5-methyl-2-hexanone,95,6.52962263
5-methyl-2-hexanone,90,5.27712884
5-methyl-2-hexanone,85,4.21325904
5-methyl-2-hexanone,80,3.32373453
5-methyl-2-hexanone,75,2.59130892
5-methyl-2-hexanone,70,1.99710938
5-methyl-2-hexanone,65,1.52184431
5-methyl-2-hexanone,60,1.14683488
5-methyl-2-hexanone,55,0.85475811
5-methyl-2-hexanone,50,0.63010499
5-methyl-2-hexanone,45,0.45939898
5-methyl-2-hexanone,40,0.33122096
5-methyl-2-hexanone,35,0.23610389
5-methyl-2-hexanone,30,0.16634810
5-methyl-2-hexanone,25,0.11579770
4-methyl-2-pentanol,160,16.43115569
4-methyl-2-pentanol,155,12.71177666
4-methyl-2-pentanol,150,9.65564450
4-methyl-2-pentanol,145,7.22018910
4-methyl-2-pentanol,140,5.32600195
4-methyl-2-pentanol,135,3.88115625
4-methyl-2-pentanol,130,2.79650697
4-methyl-2-pentanol,125,1.99333412
4-methyl-2-pentanol,120,1.40586822
4-methyl-2-pentanol,115,0.98111149
4-methyl-2-pentanol,110,0.67741790
4-methyl-2-pentanol,105,0.46268323
4-methyl-2-pentanol,100,0.31254079
4-methyl-2-pentanol,95,0.20874924
4-methyl-2-pentanol,90,0.13782751
4-methyl-2-pentanol,85,0.08993702
4-methyl-2-pentanol,80,0.05798742
4-methyl-2-pentanol,75,0.03693388
4-methyl-2-pentanol,70,0.02323354
4-methyl-2-pentanol,65,0.01443137
4-methyl-2-pentanol,60,0.00884910
4-methyl-2-pentanol,55,0.00535526
4-methyl-2-pentanol,50,0.00319766
4-methyl-2-pentanol,45,0.00188331
4-methyl-2-pentanol,40,0.00109370
4-methyl-2-pentanol,35,0.00062603
4-methyl-2-pentanol,30,0.00035304
4-methyl-2-pentanol,25,0.00019605
4-methyl-2-pentanone,160,43.85541191
4-methyl-2-pentanone,155,40.95204297
4-methyl-2-pentanone,150,38.03130173
4-methyl-2-pentanone,145,35.10636193
4-methyl-2-pentanone,140,32.19199694
4-methyl-2-pentanone,135,29.30555218
4-methyl-2-pentanone,130,26.46556396
4-methyl-2-pentanone,125,23.69294504
4-methyl-2-pentanone,120,21.01059967
4-methyl-2-pentanone,115,18.44126953
4-methyl-2-pentanone,110,16.00795625
4-methyl-2-pentanone,105,13.73295721
4-methyl-2-pentanone,100,11.63554476
4-methyl-2-pentanone,95,9.73098020
4-methyl-2-pentanone,90,8.02981332
4-methyl-2-pentanone,85,6.53612988
4-methyl-2-pentanone,80,5.24765152
4-methyl-2-pentanone,75,4.15595053
4-methyl-2-pentanone,70,3.24729806
4-methyl-2-pentanone,65,2.50403617
4-methyl-2-pentanone,60,1.90617009
4-methyl-2-pentanone,55,1.43290986
4-methyl-2-pentanone,50,1.06395786
4-methyl-2-pentanone,45,0.78047408
4-methyl-2-pentanone,40,0.56566548
4-methyl-2-pentanone,35,0.40506282
4-methyl-2-pentanone,30,0.28654656
4-methyl-2-pentanone,25,0.20020815
isocyanatomethane,160,100.00000000
isocyanatomethane,155,100.00000000
isocyanatomethane,150,100.00000000
isocyanatomethane,145,100.00000000
isocyanatomethane,140,56.46722522
isocyanatomethane,135,54.07006998
isocyanatomethane,130,51.59166391
isocyanatomethane,125,49.03294854
isocyanatomethane,120,46.39482730
isocyanatomethane,115,43.67996514
isocyanatomethane,110,40.89192187
isocyanatomethane,105,38.03394795
isocyanatomethane,100,35.11820895
isocyanatomethane,95,32.15368556
isocyanatomethane,90,29.15683764
isocyanatomethane,85,26.14694973
isocyanatomethane,80,23.15138884
isocyanatomethane,75,20.20042813
isocyanatomethane,70,17.33140475
isocyanatomethane,65,14.58860110
isocyanatomethane,60,12.01913865
isocyanatomethane,55,9.66946457
isocyanatomethane,50,7.58186108
isocyanatomethane,45,5.78625395
isocyanatomethane,40,4.29569268
isocyanatomethane,35,3.10332721
isocyanatomethane,30,2.18404067
isocyanatomethane,25,1.49971429
3-methyl-3-buten-2-one,160,52.61190858
3-methyl-3-buten-2-one,155,50.06753340
3-methyl-3-buten-2-one,150,47.47742617
3-methyl-3-buten-2-one,145,44.84642657
3-methyl-3-buten-2-one,140,42.17980183
3-methyl-3-buten-2-one,135,39.48466835
3-methyl-3-buten-2-one,130,36.76829927
3-methyl-3-buten-2-one,125,34.04172596
3-methyl-3-buten-2-one,120,31.31573521
3-methyl-3-buten-2-one,115,28.60357277
3-methyl-3-buten-2-one,110,25.92149983
3-methyl-3-buten-2-one,105,23.28506015
3-methyl-3-buten-2-one,100,20.71555534
3-methyl-3-buten-2-one,95,18.23295071
3-methyl-3-buten-2-one,90,15.85983896
3-methyl-3-buten-2-one,85,13.61944971
3-methyl-3-buten-2-one,80,11.53340666
3-methyl-3-buten-2-one,75,9.62225567
3-methyl-3-buten-2-one,70,7.90191988
3-methyl-3-buten-2-one,65,6.38306615
3-methyl-3-buten-2-one,60,5.06982693
3-methyl-3-buten-2-one,55,3.95867973
3-methyl-3-buten-2-one,50,3.03907858
3-methyl-3-buten-2-one,45,2.29457165
3-methyl-3-buten-2-one,40,1.70457932
3-methyl-3-buten-2-one,35,1.24651753
3-methyl-3-buten-2-one,30,0.89772523
3-methyl-3-buten-2-one,25,0.63695602
methylisothiocyanate,160,100.00000000
methylisothiocyanate,155,100.00000000
methylisothiocyanate,150,54.30977895
methylisothiocyanate,145,51.93410928
methylisothiocyanate,140,49.50210690
methylisothiocyanate,135,47.01288131
methylisothiocyanate,130,44.47044212
methylisothiocyanate,125,41.87837816
methylisothiocyanate,120,39.23795413
methylisothiocyanate,115,36.55782933
methylisothiocyanate,110,33.84285296
methylisothiocyanate,105,31.10357765
methylisothiocyanate,100,28.35096122
methylisothiocyanate,95,25.60035030
methylisothiocyanate,90,22.87055374
methylisothiocyanate,85,20.18332766
methylisothiocyanate,80,17.56523912
methylisothiocyanate,75,15.04774017
methylisothiocyanate,70,12.66424889
methylisothiocyanate,65,10.45029383
methylisothiocyanate,60,8.43934849
methylisothiocyanate,55,6.65971184
methylisothiocyanate,50,5.12984077
methylisothiocyanate,45,3.85547058
methylisothiocyanate,40,2.82789397
methylisothiocyanate,35,2.02578541
methylisothiocyanate,30,1.41885956
methylisothiocyanate,25,0.97277983
methanethiol,160,100.00000000
methanethiol,155,100.00000000
methanethiol,150,100.00000000
methanethiol,145,100.00000000
methanethiol,140,100.00000000
methanethiol,135,100.00000000
methanethiol,130,100.00000000
methanethiol,125,100.00000000
methanethiol,120,100.00000000
methanethiol,115,100.00000000
methanethiol,110,100.00000000
methanethiol,105,100.00000000
methanethiol,100,100.00000000
methanethiol,95,100.00000000
methanethiol,90,45.87063451
methanethiol,85,43.59559099
methanethiol,80,41.26641167
methanethiol,75,38.88519047
methanethiol,70,36.45519906
methanethiol,65,33.97925553
methanethiol,60,31.46323850
methanethiol,55,28.91173102
methanethiol,50,26.33545321
methanethiol,45,23.74643748
methanethiol,40,21.16054666
methanethiol,35,18.59597208
methanethiol,30,16.07862299
methanethiol,25,13.63879619
methylmethacrylate,160,45.92477889
methylmethacrylate,155,43.17183583
methylmethacrylate,150,40.39220226
methylmethacrylate,145,37.59695714
methylmethacrylate,140,34.79586701
methylmethacrylate,135,31.99897792
methylmethacrylate,130,29.22184462
methylmethacrylate,125,26.48091693
methylmethacrylate,120,23.79347144
methylmethacrylate,115,21.17918415
methylmethacrylate,110,18.65920677
methylmethacrylate,105,16.25559103
methylmethacrylate,100,13.99060379
methylmethacrylate,95,11.88484865
methylmethacrylate,90,9.95707409
methylmethacrylate,85,8.22156946
methylmethacrylate,80,6.68719885
methylmethacrylate,75,5.35649380
methylmethacrylate,70,4.22503794
methylmethacrylate,65,3.28211183
methylmethacrylate,60,2.51173835
methylmethacrylate,55,1.89434789
methylmethacrylate,50,1.40860350
methylmethacrylate,45,1.03306805
methylmethacrylate,40,0.74750406
methylmethacrylate,35,0.53373924
methylmethacrylate,30,0.37610319
methylmethacrylate,25,0.26153014
2-heptanone,160,37.82059019
2-heptanone,155,34.81744420
2-heptanone,150,31.83881676
2-heptanone,145,28.90465013
2-heptanone,140,26.03418676
2-heptanone,135,23.25003031
2-heptanone,130,20.57349805
2-heptanone,125,18.02750706
2-heptanone,120,15.63277949
2-heptanone,115,13.40832732
2-heptanone,110,11.36955584
2-heptanone,105,9.52777485
2-heptanone,100,7.88878272
2-heptanone,95,6.45276946
2-heptanone,90,5.21436484
2-heptanone,85,4.16314537
2-heptanone,80,3.28461189
2-heptanone,75,2.56144424
2-heptanone,70,1.97481774
2-heptanone,65,1.50557928
2-heptanone,60,1.13524220
2-heptanone,55,0.84669802
2-heptanone,50,0.62465097
2-heptanone,45,0.45582059
2-heptanone,40,0.32895830
2-heptanone,35,0.23473906
2-heptanone,30,0.16557710
2-heptanone,25,0.11540521
2-pentanone,160,51.50059249
2-pentanone,155,48.90921818
2-pentanone,150,46.27486502
2-pentanone,145,43.60203059
2-pentanone,140,40.89921585
2-pentanone,135,38.17301188
2-pentanone,130,35.43341756
2-pentanone,125,32.69125045
2-pentanone,120,29.96102959
2-pentanone,115,27.25472893
2-pentanone,110,24.59031034
2-pentanone,105,21.98713894
2-pentanone,100,19.46439490
2-pentanone,95,17.04427750
2-pentanone,90,14.74873091
2-pentanone,85,12.59913570
2-pentanone,80,10.61545239
2-pentanone,75,8.81460666
2-pentanone,70,7.20853064
2-pentanone,65,5.80323521
2-pentanone,60,4.59810241
2-pentanone,55,3.58564326
2-pentanone,50,2.75248585
2-pentanone,45,2.08063884
2-pentanone,40,1.54939449
2-pentanone,35,1.13711077
2-pentanone,30,0.82276867
2-pentanone,25,0.58708806
methylnitrate,160,100.00000000
methylnitrate,155,100.00000000
methylnitrate,150,100.00000000
methylnitrate,145,100.00000000
methylnitrate,140,100.00000000
methylnitrate,135,100.00000000
methylnitrate,130,100.00000000
methylnitrate,125,43.57611561
methylnitrate,120,41.20235938
methylnitrate,115,38.80233102
methylnitrate,110,36.38209497
methylnitrate,105,33.94784390
methylnitrate,100,31.50459073
methylnitrate,95,29.06230788
methylnitrate,90,26.62963164
methylnitrate,85,24.21879746
methylnitrate,80,21.84063478
methylnitrate,75,19.51070512
methylnitrate,70,17.24418862
methylnitrate,65,15.05870544
methylnitrate,60,12.97132883
methylnitrate,55,11.00309746
methylnitrate,50,9.17286270
methylnitrate,45,7.50037503
methylnitrate,40,6.00231890
methylnitrate,35,4.69216807
methylnitrate,30,3.57700756
methylnitrate,25,2.65643130
methyloleate,160,3.18811940
methyloleate,155,2.59771004
methyloleate,150,2.10713382
methyloleate,145,1.70121162
methyloleate,140,1.36679304
methyloleate,135,1.09253359
methyloleate,130,0.86867970
methyloleate,125,0.68687630
methyloleate,120,0.53999336
methyloleate,115,0.42197059
methyloleate,110,0.32767873
methyloleate,105,0.25279611
methyloleate,100,0.19369901
methyloleate,95,0.14736444
methyloleate,90,0.11128429
methyloleate,85,0.08338966
methyloleate,80,0.06198438
methyloleate,75,0.04568685
methyloleate,70,0.03337938
methyloleate,65,0.02416429
methyloleate,60,0.01732604
methyloleate,55,0.01229888
methyloleate,50,0.00863918
methyloleate,45,0.00600217
methyloleate,40,0.00412238
methyloleate,35,0.00279739
methyloleate,30,0.00187443
methyloleate,25,0.00123944
methylthiobenzene,160,38.51960614
methylthiobenzene,155,35.73290644
methylthiobenzene,150,32.96410394
methylthiobenzene,145,30.22448423
methylthiobenzene,140,27.52755750
methylthiobenzene,135,24.88855474
methylthiobenzene,130,22.32338913
methylthiobenzene,125,19.84860590
methylthiobenzene,120,17.48162632
methylthiobenzene,115,15.24023813
methylthiobenzene,110,13.14131193
methylthiobenzene,105,11.19977147
methylthiobenzene,100,9.42829405
methylthiobenzene,95,7.83571548
methylthiobenzene,90,6.42663125
methylthiobenzene,85,5.20046311
methylthiobenzene,80,4.15161534
methylthiobenzene,75,3.26990945
methylthiobenzene,70,2.54136135
methylthiobenzene,65,1.94943665
methylthiobenzene,60,1.47629295
methylthiobenzene,55,1.10397126
methylthiobenzene,50,0.81534584
methylthiobenzene,45,0.59479607
methylthiobenzene,40,0.42858628
methylthiobenzene,35,0.30500732
methylthiobenzene,30,0.21433700
methylthiobenzene,25,0.14868534
methylphenylsulfone,160,3.16959010
methylphenylsulfone,155,2.44709182
methylphenylsulfone,150,1.88235225
methylphenylsulfone,145,1.44185096
methylphenylsulfone,140,1.09922801
methylphenylsulfone,135,0.83367424
methylphenylsulfone,130,0.62871277
methylphenylsulfone,125,0.47127074
methylphenylsulfone,120,0.35097381
methylphenylsulfone,115,0.25959427
methylphenylsulfone,110,0.19061917
methylphenylsulfone,105,0.13890803
methylphenylsulfone,100,0.10041936
methylphenylsulfone,95,0.07199093
methylphenylsulfone,90,0.05116212
methylphenylsulfone,85,0.03603032
methylphenylsulfone,80,0.02513462
methylphenylsulfone,75,0.01736174
methylphenylsulfone,70,0.01187020
methylphenylsulfone,65,0.00802949
methylphenylsulfone,60,0.00537153
methylphenylsulfone,55,0.00355218
methylphenylsulfone,50,0.00232101
methylphenylsulfone,45,0.00149773
methylphenylsulfone,40,0.00095399
methylphenylsulfone,35,0.00059947
methylphenylsulfone,30,0.00037142
methylphenylsulfone,25,0.00022677
methylpropionate,160,50.92443641
methylpropionate,155,48.31685335
methylpropionate,150,45.66827814
methylpropionate,145,42.98101847
methylpropionate,140,40.26575505
methylpropionate,135,37.52850672
methylpropionate,130,34.77874127
methylpropionate,125,32.02948244
methylpropionate,120,29.29194207
methylpropionate,115,26.58366746
methylpropionate,110,23.91981775
methylpropionate,105,21.32147935
methylpropionate,100,18.80842147
methylpropionate,95,16.40316073
methylpropionate,90,14.12832919
methylpropionate,85,12.00597081
methylpropionate,80,10.05603759
methylpropionate,75,8.29517303
methylpropionate,70,6.73455267
methylpropionate,65,5.37891871
methylpropionate,60,4.22591246
methylpropionate,55,3.26606092
methylpropionate,50,2.48396048
methylpropionate,45,1.85984891
methylpropionate,40,1.37166637
methylpropionate,35,0.99696455
methylpropionate,30,0.71443054
methylpropionate,25,0.50492597
2-hydroxy-benzoicacidmethylester,160,30.20184195
2-hydroxy-benzoicacidmethylester,155,27.39408136
2-hydroxy-benzoicacidmethylester,150,24.66065174
2-hydroxy-benzoicacidmethylester,145,22.01987416
2-hydroxy-benzoicacidmethylester,140,19.48893246
2-hydroxy-benzoicacidmethylester,135,17.08652889
2-hydroxy-benzoicacidmethylester,130,14.82959230
2-hydroxy-benzoicacidmethylester,125,12.73387151
2-hydroxy-benzoicacidmethylester,120,10.81226840
2-hydroxy-benzoicacidmethylester,115,9.07445880
2-hydroxy-benzoicacidmethylester,110,7.52550977
2-hydroxy-benzoicacidmethylester,105,6.16570629
2-hydroxy-benzoicacidmethylester,100,4.99044381
2-hydroxy-benzoicacidmethylester,95,3.99053496
2-hydroxy-benzoicacidmethylester,90,3.15298096
2-hydroxy-benzoicacidmethylester,85,2.46204421
2-hydroxy-benzoicacidmethylester,80,1.90042655
2-hydroxy-benzoicacidmethylester,75,1.45036264
2-hydroxy-benzoicacidmethylester,70,1.09457131
2-hydroxy-benzoicacidmethylester,65,0.81695603
2-hydroxy-benzoicacidmethylester,60,0.60304907
2-hydroxy-benzoicacidmethylester,55,0.44023320
2-hydroxy-benzoicacidmethylester,50,0.31778205
2-hydroxy-benzoicacidmethylester,45,0.22677577
2-hydroxy-benzoicacidmethylester,40,0.15993891
2-hydroxy-benzoicacidmethylester,35,0.11143934
2-hydroxy-benzoicacidmethylester,30,0.07667522
2-hydroxy-benzoicacidmethylester,25,0.05206897
methylsilane,160,65.01304041
methylsilane,155,62.30820371
methylsilane,150,59.41608995
methylsilane,145,56.32875442
methylsilane,140,53.03239745
methylsilane,135,49.52406241
methylsilane,130,45.80491708
methylsilane,125,41.88479376
methylsilane,120,37.78965792
methylsilane,115,33.56407886
methylsilane,110,29.27711416
methylsilane,105,25.02108236
methylsilane,100,20.90830164
methylsilane,95,17.05881607
methylsilane,90,13.58133397
methylsilane,85,10.55486509
methylsilane,80,8.01633760
methylsilane,75,5.95979974
methylsilane,70,4.34521417
methylsilane,65,3.11211290
methylsilane,60,2.19269513
methylsilane,55,1.52136830
methylsilane,50,1.04020223
methylsilane,45,0.70109740
methylsilane,40,0.46584804
methylsilane,35,0.30510168
methylsilane,30,0.19689232
methylsilane,25,0.12513595
"3-methyl-tetrahydrothiophene-1,1-dioxide",160,5.89501575
"3-methyl-tetrahydrothiophene-1,1-dioxide",155,4.74641942
"3-methyl-tetrahydrothiophene-1,1-dioxide",150,3.80744991
"3-methyl-tetrahydrothiophene-1,1-dioxide",145,3.04223407
"3-methyl-tetrahydrothiophene-1,1-dioxide",140,2.42076674
"3-methyl-tetrahydrothiophene-1,1-dioxide",135,1.91793131
"3-methyl-tetrahydrothiophene-1,1-dioxide",130,1.51271364
"3-methyl-tetrahydrothiophene-1,1-dioxide",125,1.18755007
"3-methyl-tetrahydrothiophene-1,1-dioxide",120,0.92778955
"3-methyl-tetrahydrothiophene-1,1-dioxide",115,0.72124383
"3-methyl-tetrahydrothiophene-1,1-dioxide",110,0.55780601
"3-methyl-tetrahydrothiophene-1,1-dioxide",105,0.42912733
"3-methyl-tetrahydrothiophene-1,1-dioxide",100,0.32834006
"3-methyl-tetrahydrothiophene-1,1-dioxide",95,0.24982038
"3-methyl-tetrahydrothiophene-1,1-dioxide",90,0.18898528
"3-methyl-tetrahydrothiophene-1,1-dioxide",85,0.14211891
"3-methyl-tetrahydrothiophene-1,1-dioxide",80,0.10622449
"3-methyl-tetrahydrothiophene-1,1-dioxide",75,0.07889844
"3-methyl-tetrahydrothiophene-1,1-dioxide",70,0.05822398
"3-methyl-tetrahydrothiophene-1,1-dioxide",65,0.04268154
"3-methyl-tetrahydrothiophene-1,1-dioxide",60,0.03107376
"3-methyl-tetrahydrothiophene-1,1-dioxide",55,0.02246308
"3-methyl-tetrahydrothiophene-1,1-dioxide",50,0.01612010
"3-methyl-tetrahydrothiophene-1,1-dioxide",45,0.01148113
"3-methyl-tetrahydrothiophene-1,1-dioxide",40,0.00811354
"3-methyl-tetrahydrothiophene-1,1-dioxide",35,0.00568757
"3-methyl-tetrahydrothiophene-1,1-dioxide",30,0.00395376
"3-methyl-tetrahydrothiophene-1,1-dioxide",25,0.00272477
methylthiocyanate,160,53.66157669
methylthiocyanate,155,50.74434228
methylthiocyanate,150,47.71994120
methylthiocyanate,145,44.59420366
methylthiocyanate,140,41.37609939
methylthiocyanate,135,38.07509316
methylthiocyanate,130,34.70998308
methylthiocyanate,125,31.30561333
methylthiocyanate,120,27.89193215
methylthiocyanate,115,24.50889499
methylthiocyanate,110,21.20309680
methylthiocyanate,105,18.02777188
methylthiocyanate,100,15.03949701
methylthiocyanate,95,12.29294883
methylthiocyanate,90,9.83482305
methylthiocyanate,85,7.69770070
methylthiocyanate,80,5.89497378
methylthiocyanate,75,4.41989853
methylthiocyanate,70,3.24789136
methylthiocyanate,65,2.34198795
methylthiocyanate,60,1.65919403
methylthiocyanate,55,1.15613485
methylthiocyanate,50,0.79301694
methylthiocyanate,45,0.53575284
methylthiocyanate,40,0.35660178
methylthiocyanate,35,0.23386430
methylthiocyanate,30,0.15109193
methylthiocyanate,25,0.09613399
methylvinylether,160,100.00000000
methylvinylether,155,100.00000000
methylvinylether,150,100.00000000
methylvinylether,145,57.92585200
methylvinylether,140,55.57949452
methylvinylether,135,53.15560740
methylvinylether,130,50.65474407
methylvinylether,125,48.08054987
methylvinylether,120,45.43024422
methylvinylether,115,42.70993559
methylvinylether,110,39.92284507
methylvinylether,105,37.07835667
methylvinylether,100,34.18441563
methylvinylether,95,31.25231616
methylvinylether,90,28.30115795
methylvinylether,85,25.34939952
methylvinylether,80,22.42537478
methylvinylether,75,19.55752743
methylvinylether,70,16.78417739
methylvinylether,65,14.14528695
methylvinylether,60,11.68311992
methylvinylether,55,9.43906423
methylvinylether,50,7.44798511
methylvinylether,45,5.73359085
methylvinylether,40,4.30445842
methylvinylether,35,3.15226150
methylvinylether,30,2.25372326
methylvinylether,25,1.57492497
1-buten-3-one,160,56.00954925
1-buten-3-one,155,53.36892819
1-buten-3-one,150,50.65505186
1-buten-3-one,145,47.87295870
1-buten-3-one,140,45.02878655
1-buten-3-one,135,42.13136950
1-buten-3-one,130,39.19118660
1-buten-3-one,125,36.22171723
1-buten-3-one,120,33.23815320
1-buten-3-one,115,30.25924238
1-buten-3-one,110,27.30382292
1-buten-3-one,105,24.39677384
1-buten-3-one,100,21.56380284
1-buten-3-one,95,18.83322227
1-buten-3-one,90,16.23381133
1-buten-3-one,85,13.79450717
1-buten-3-one,80,11.54240816
1-buten-3-one,75,9.50081697
1-buten-3-one,70,7.68689421
1-buten-3-one,65,6.10982835
1-buten-3-one,60,4.76983287
1-buten-3-one,55,3.65769448
1-buten-3-one,50,2.75614831
1-buten-3-one,45,2.04189744
1-buten-3-one,40,1.48828478
1-buten-3-one,35,1.06793918
1-buten-3-one,30,0.75485633
1-buten-3-one,25,0.52580914
4-methyl-benzoicacidmethylester,160,29.48808112
4-methyl-benzoicacidmethylester,155,26.65807877
4-methyl-benzoicacidmethylester,150,23.91555347
4-methyl-benzoicacidmethylester,145,21.27929422
4-methyl-benzoicacidmethylester,140,18.76738879
4-methyl-benzoicacidmethylester,135,16.39771643
4-methyl-benzoicacidmethylester,130,14.18635428
4-methyl-benzoicacidmethylester,125,12.14687404
4-methyl-benzoicacidmethylester,120,10.28978134
4-methyl-benzoicacidmethylester,115,8.62124609
4-methyl-benzoicacidmethylester,110,7.14293105
4-methyl-benzoicacidmethylester,105,5.85185871
4-methyl-benzoicacidmethylester,100,4.74058794
4-methyl-benzoicacidmethylester,95,3.79780798
4-methyl-benzoicacidmethylester,90,3.00928087
4-methyl-benzoicacidmethylester,85,2.35884069
4-methyl-benzoicacidmethylester,80,1.82944232
4-methyl-benzoicacidmethylester,75,1.40407333
4-methyl-benzoicacidmethylester,70,1.06649859
4-methyl-benzoicacidmethylester,65,0.80177551
4-methyl-benzoicacidmethylester,60,0.59657017
4-methyl-benzoicacidmethylester,55,0.43928873
4-methyl-benzoicacidmethylester,50,0.32007427
4-methyl-benzoicacidmethylester,45,0.23070944
4-methyl-benzoicacidmethylester,40,0.16446208
4-methyl-benzoicacidmethylester,35,0.11590323
4-methyl-benzoicacidmethylester,30,0.08071808
4-methyl-benzoicacidmethylester,25,0.05552405
methyl-t-butylether,160,45.71769229
methyl-t-butylether,155,42.67418197
methyl-t-butylether,150,39.60012316
methyl-t-butylether,145,36.51032604
methyl-t-butylether,140,33.42440270
methyl-t-butylether,135,30.36376263
methyl-t-butylether,130,27.35119688
methyl-t-butylether,125,24.41308233
methyl-t-butylether,120,21.57555976
methyl-t-butylether,115,18.86600206
methyl-t-butylether,110,16.31067398
methyl-t-butylether,105,13.93324129
methyl-t-butylether,100,11.75387796
methyl-t-butylether,95,9.78735864
methyl-t-butylether,90,8.04236022
methyl-t-butylether,85,6.52032366
methyl-t-butylether,80,5.21592973
methyl-t-butylether,75,4.11754439
methyl-t-butylether,70,3.20846532
methyl-t-butylether,65,2.46858066
methyl-t-butylether,60,1.87600771
methyl-t-butylether,55,1.40863494
methyl-t-butylether,50,1.04533431
methyl-t-butylether,45,0.76681351
methyl-t-butylether,40,0.55609403
methyl-t-butylether,35,0.39869105
methyl-t-butylether,30,0.28256574
methyl-t-butylether,25,0.19793520
dimethoxymethane,160,56.59638243
dimethoxymethane,155,54.22046815
dimethoxymethane,150,51.79313802
dimethoxymethane,145,49.31664296
dimethoxymethane,140,46.79458867
dimethoxymethane,135,44.23142314
dimethoxymethane,130,41.63402342
dimethoxymethane,125,39.00653866
dimethoxymethane,120,36.35549981
dimethoxymethane,115,33.69356453
dimethoxymethane,110,31.02974715
dimethoxymethane,105,28.37664936
dimethoxymethane,100,25.74768456
dimethoxymethane,95,23.16070262
dimethoxymethane,90,20.63329586
dimethoxymethane,85,18.18509481
dimethoxymethane,80,15.83828656
dimethoxymethane,75,13.61562307
dimethoxymethane,70,11.53902309
dimethoxymethane,65,9.62948839
dimethoxymethane,60,7.90464139
dimethoxymethane,55,6.37738812
dimethoxymethane,50,5.05381561
dimethoxymethane,45,3.93279489
dimethoxymethane,40,3.00538382
dimethoxymethane,35,2.25611162
dimethoxymethane,30,1.66461472
dimethoxymethane,25,1.20790641
ch2cl2,160,100.00000000
ch2cl2,155,100.00000000
ch2cl2,150,100.00000000
ch2cl2,145,100.00000000
ch2cl2,140,47.16736766
ch2cl2,135,44.90223625
ch2cl2,130,42.62392815
ch2cl2,125,40.33232698
ch2cl2,120,38.03548403
ch2cl2,115,35.73534907
ch2cl2,110,33.44082437
ch2cl2,105,31.15390735
ch2cl2,100,28.88319020
ch2cl2,95,26.63611316
ch2cl2,90,24.41932363
ch2cl2,85,22.24349473
ch2cl2,80,20.11607188
ch2cl2,75,18.04976181
ch2cl2,70,16.05328385
ch2cl2,65,14.13997672
ch2cl2,60,12.32246355
ch2cl2,55,10.61216259
ch2cl2,50,9.02215465
ch2cl2,45,7.56357386
ch2cl2,40,6.24615775
ch2cl2,35,5.07660947
ch2cl2,30,4.05806723
ch2cl2,25,3.18919395
diiodomethane,160,18.36275124
diiodomethane,155,16.10200902
diiodomethane,150,13.96576050
diiodomethane,145,11.96989367
diiodomethane,140,10.13055036
diiodomethane,135,8.46186879
diiodomethane,130,6.97452186
diiodomethane,125,5.67348418
diiodomethane,120,4.55709680
diiodomethane,115,3.61699720
diiodomethane,110,2.83920432
diiodomethane,105,2.20596033
diiodomethane,100,1.69774973
diiodomethane,95,1.29503840
diiodomethane,90,0.97951549
diiodomethane,85,0.73481432
diiodomethane,80,0.54681347
diiodomethane,75,0.40364866
diiodomethane,70,0.29555419
diiodomethane,65,0.21462202
diiodomethane,60,0.15453384
diiodomethane,55,0.11029939
diiodomethane,50,0.07801785
diiodomethane,45,0.05466926
diiodomethane,40,0.03793718
diiodomethane,35,0.02606109
diiodomethane,30,0.01771527
diiodomethane,25,0.01191082
morpholine,160,47.03095557
morpholine,155,43.92441677
morpholine,150,40.75163997
morpholine,145,37.52701411
morpholine,140,34.26796079
morpholine,135,30.99731987
morpholine,130,27.74278876
morpholine,125,24.53686810
morpholine,120,21.41730627
morpholine,115,18.42462309
morpholine,110,15.60120329
morpholine,105,12.98748724
morpholine,100,10.61882542
morpholine,95,8.52195444
morpholine,90,6.71104206
morpholine,85,5.18657020
morpholine,80,3.93565297
morpholine,75,2.93436549
morpholine,70,2.15152377
morpholine,65,1.55271962
morpholine,60,1.10381834
morpholine,55,0.77346115
morpholine,50,0.53446165
morpholine,45,0.36429527
morpholine,40,0.24496120
morpholine,35,0.16249146
morpholine,30,0.10631165
morpholine,25,0.06858508
tetramethylthiourea,160,36.10692272
tetramethylthiourea,155,33.40451701
tetramethylthiourea,150,30.74693470
tetramethylthiourea,145,28.14653721
tetramethylthiourea,140,25.61541585
tetramethylthiourea,135,23.16478207
tetramethylthiourea,130,20.80764069
tetramethylthiourea,125,18.55507939
tetramethylthiourea,120,16.41893095
tetramethylthiourea,115,14.40923158
tetramethylthiourea,110,12.53543319
tetramethylthiourea,105,10.80527085
tetramethylthiourea,100,9.22425041
tetramethylthiourea,95,7.79575734
tetramethylthiourea,90,6.52034737
tetramethylthiourea,85,5.39597548
tetramethylthiourea,80,4.41760120
tetramethylthiourea,75,3.57760005
tetramethylthiourea,70,2.86613343
tetramethylthiourea,65,2.27164713
tetramethylthiourea,60,1.78149758
tetramethylthiourea,55,1.38261050
tetramethylthiourea,50,1.06208347
tetramethylthiourea,45,0.80765466
tetramethylthiourea,40,0.60806364
tetramethylthiourea,35,0.45326874
tetramethylthiourea,30,0.33453919
tetramethylthiourea,25,0.24445394
"n,n-dibutylformamide",160,29.63569142
"n,n-dibutylformamide",155,26.96637374
"n,n-dibutylformamide",150,24.38148414
"n,n-dibutylformamide",145,21.89505704
"n,n-dibutylformamide",140,19.51988217
"n,n-dibutylformamide",135,17.26887380
"n,n-dibutylformamide",130,15.15333529
"n,n-dibutylformamide",125,13.18344468
"n,n-dibutylformamide",120,11.36725630
"n,n-dibutylformamide",115,9.71036625
"n,n-dibutylformamide",110,8.21578663
"n,n-dibutylformamide",105,6.88331168
"n,n-dibutylformamide",100,5.70968325
"n,n-dibutylformamide",95,4.68875096
"n,n-dibutylformamide",90,3.81175043
"n,n-dibutylformamide",85,3.06777756
"n,n-dibutylformamide",80,2.44445705
"n,n-dibutylformamide",75,1.92855939
"n,n-dibutylformamide",70,1.50664078
"n,n-dibutylformamide",65,1.16556920
"n,n-dibutylformamide",60,0.89295538
"n,n-dibutylformamide",55,0.67745200
"n,n-dibutylformamide",50,0.50892704
"n,n-dibutylformamide",45,0.37853680
"n,n-dibutylformamide",40,0.27871365
"n,n-dibutylformamide",35,0.20309633
"n,n-dibutylformamide",30,0.14642323
"n,n-dibutylformamide",25,0.10440623
2-chloro-n-(2-chloroethyl)ethanamine,160,26.80606612
2-chloro-n-(2-chloroethyl)ethanamine,155,23.62496523
2-chloro-n-(2-chloroethyl)ethanamine,150,20.57927970
2-chloro-n-(2-chloroethyl)ethanamine,145,17.70566531
2-chloro-n-(2-chloroethyl)ethanamine,140,15.03778768
2-chloro-n-(2-chloroethyl)ethanamine,135,12.60388948
2-chloro-n-(2-chloroethyl)ethanamine,130,10.42386429
2-chloro-n-(2-chloroethyl)ethanamine,125,8.50751497
2-chloro-n-(2-chloroethyl)ethanamine,120,6.85412515
2-chloro-n-(2-chloroethyl)ethanamine,115,5.45330851
2-chloro-n-(2-chloroethyl)ethanamine,110,4.28685195
2-chloro-n-(2-chloroethyl)ethanamine,105,3.33121518
2-chloro-n-(2-chloroethyl)ethanamine,100,2.56005316
2-chloro-n-(2-chloroethyl)ethanamine,95,1.94643611
2-chloro-n-(2-chloroethyl)ethanamine,90,1.46452234
2-chloro-n-(2-chloroethyl)ethanamine,85,1.09066030
2-chloro-n-(2-chloroethyl)ethanamine,80,0.80398363
2-chloro-n-(2-chloroethyl)ethanamine,75,0.58661265
2-chloro-n-(2-chloroethyl)ethanamine,70,0.42358846
2-chloro-n-(2-chloroethyl)ethanamine,65,0.30264319
2-chloro-n-(2-chloroethyl)ethanamine,60,0.21388730
2-chloro-n-(2-chloroethyl)ethanamine,55,0.14946882
2-chloro-n-(2-chloroethyl)ethanamine,50,0.10323946
2-chloro-n-(2-chloroethyl)ethanamine,45,0.07044730
2-chloro-n-(2-chloroethyl)ethanamine,40,0.04746546
2-chloro-n-(2-chloroethyl)ethanamine,35,0.03155989
2-chloro-n-(2-chloroethyl)ethanamine,30,0.02069503
2-chloro-n-(2-chloroethyl)ethanamine,25,0.01337445
diethylacetamide,160,45.50653585
diethylacetamide,155,43.10030387
diethylacetamide,150,40.69524002
diethylacetamide,145,38.29860840
diethylacetamide,140,35.91168558
diethylacetamide,135,33.54381053
diethylacetamide,130,31.20093754
diethylacetamide,125,28.88823750
diethylacetamide,120,26.61373403
diethylacetamide,115,24.38580794
diethylacetamide,110,22.21264186
diethylacetamide,105,20.10257761
diethylacetamide,100,18.06470754
diethylacetamide,95,16.10977912
diethylacetamide,90,14.24670951
diethylacetamide,85,12.48550818
diethylacetamide,80,10.83550731
diethylacetamide,75,9.30514593
diethylacetamide,70,7.90182414
diethylacetamide,65,6.63095614
diethylacetamide,60,5.49564519
diethylacetamide,55,4.49615702
diethylacetamide,50,3.62998391
diethylacetamide,45,2.89143520
diethylacetamide,40,2.27212769
diethylacetamide,35,1.76149746
diethylacetamide,30,1.34743938
diethylacetamide,25,1.01714600
"n,n-diethylformamide",160,48.70867205
"n,n-diethylformamide",155,46.28076622
"n,n-diethylformamide",150,43.84001434
"n,n-diethylformamide",145,41.39154893
"n,n-diethylformamide",140,38.93996108
"n,n-diethylformamide",135,36.49353769
"n,n-diethylformamide",130,34.05681334
"n,n-diethylformamide",125,31.63728415
"n,n-diethylformamide",120,29.24235550
"n,n-diethylformamide",115,26.88164635
"n,n-diethylformamide",110,24.56444300
"n,n-diethylformamide",105,22.29951521
"n,n-diethylformamide",100,20.09855133
"n,n-diethylformamide",95,17.97224877
"n,n-diethylformamide",90,15.93340418
"n,n-diethylformamide",85,13.99328329
"n,n-diethylformamide",80,12.16444381
"n,n-diethylformamide",75,10.45829922
"n,n-diethylformamide",70,8.88506306
"n,n-diethylformamide",65,7.45333385
"n,n-diethylformamide",60,6.16928446
"n,n-diethylformamide",55,5.03568649
"n,n-diethylformamide",50,4.05166252
"n,n-diethylformamide",45,3.21255241
"n,n-diethylformamide",40,2.50995413
"n,n-diethylformamide",35,1.93243809
"n,n-diethylformamide",30,1.46636105
"n,n-diethylformamide",25,1.09690087
"n,n-dimethylacetamide",160,100.00000000
"n,n-dimethylacetamide",155,52.08724016
"n,n-dimethylacetamide",150,49.87238766
"n,n-dimethylacetamide",145,47.64609863
"n,n-dimethylacetamide",140,45.41331486
"n,n-dimethylacetamide",135,43.17800285
"n,n-dimethylacetamide",130,40.94415332
"n,n-dimethylacetamide",125,38.71752982
"n,n-dimethylacetamide",120,36.49989321
"n,n-dimethylacetamide",115,34.29821930
"n,n-dimethylacetamide",110,32.11805361
"n,n-dimethylacetamide",105,29.96163487
"n,n-dimethylacetamide",100,27.83751636
"n,n-dimethylacetamide",95,25.74912380
"n,n-dimethylacetamide",90,23.70332306
"n,n-dimethylacetamide",85,21.70456777
"n,n-dimethylacetamide",80,19.76223195
"n,n-dimethylacetamide",75,17.88029888
"n,n-dimethylacetamide",70,16.06708784
"n,n-dimethylacetamide",65,14.32915978
"n,n-dimethylacetamide",60,12.67510414
"n,n-dimethylacetamide",55,11.11038214
"n,n-dimethylacetamide",50,9.64348657
"n,n-dimethylacetamide",45,8.28096513
"n,n-dimethylacetamide",40,7.02890415
"n,n-dimethylacetamide",35,5.89205281
"n,n-dimethylacetamide",30,4.87388570
"n,n-dimethylacetamide",25,3.97557186
"n,n-dimethylbutanamide",160,44.51412696
"n,n-dimethylbutanamide",155,42.01973734
"n,n-dimethylbutanamide",150,39.52603375
"n,n-dimethylbutanamide",145,37.03883447
"n,n-dimethylbutanamide",140,34.56551344
"n,n-dimethylbutanamide",135,32.11279786
"n,n-dimethylbutanamide",130,29.68949051
"n,n-dimethylbutanamide",125,27.30284608
"n,n-dimethylbutanamide",120,24.96393392
"n,n-dimethylbutanamide",115,22.68043473
"n,n-dimethylbutanamide",110,20.46456199
"n,n-dimethylbutanamide",105,18.32704473
"n,n-dimethylbutanamide",100,16.27932423
"n,n-dimethylbutanamide",95,14.33291978
"n,n-dimethylbutanamide",90,12.49910422
"n,n-dimethylbutanamide",85,10.78834116
"n,n-dimethylbutanamide",80,9.21013540
"n,n-dimethylbutanamide",75,7.77196608
"n,n-dimethylbutanamide",70,6.47888541
"n,n-dimethylbutanamide",65,5.33287213
"n,n-dimethylbutanamide",60,4.33278917
"n,n-dimethylbutanamide",55,3.47398763
"n,n-dimethylbutanamide",50,2.74856541
"n,n-dimethylbutanamide",45,2.14594881
"n,n-dimethylbutanamide",40,1.65357606
"n,n-dimethylbutanamide",35,1.25776021
"n,n-dimethylbutanamide",30,0.94454520
"n,n-dimethylbutanamide",25,0.70044108
1-(2-hydroxyethyl)-2-pyrrolidinone,160,27.60613429
1-(2-hydroxyethyl)-2-pyrrolidinone,155,24.72750632
1-(2-hydroxyethyl)-2-pyrrolidinone,150,22.00090232
1-(2-hydroxyethyl)-2-pyrrolidinone,145,19.44000699
1-(2-hydroxyethyl)-2-pyrrolidinone,140,17.05529053
1-(2-hydroxyethyl)-2-pyrrolidinone,135,14.85382097
1-(2-hydroxyethyl)-2-pyrrolidinone,130,12.83930660
1-(2-hydroxyethyl)-2-pyrrolidinone,125,11.01255203
1-(2-hydroxyethyl)-2-pyrrolidinone,120,9.37148166
1-(2-hydroxyethyl)-2-pyrrolidinone,115,7.91115434
1-(2-hydroxyethyl)-2-pyrrolidinone,110,6.62430614
1-(2-hydroxyethyl)-2-pyrrolidinone,105,5.50153041
1-(2-hydroxyethyl)-2-pyrrolidinone,100,4.53173209
1-(2-hydroxyethyl)-2-pyrrolidinone,95,3.70251904
1-(2-hydroxyethyl)-2-pyrrolidinone,90,3.00061032
1-(2-hydroxyethyl)-2-pyrrolidinone,85,2.41236235
1-(2-hydroxyethyl)-2-pyrrolidinone,80,1.92416713
1-(2-hydroxyethyl)-2-pyrrolidinone,75,1.52286825
1-(2-hydroxyethyl)-2-pyrrolidinone,70,1.19605071
1-(2-hydroxyethyl)-2-pyrrolidinone,65,0.93228039
1-(2-hydroxyethyl)-2-pyrrolidinone,60,0.72124867
1-(2-hydroxyethyl)-2-pyrrolidinone,55,0.55384046
1-(2-hydroxyethyl)-2-pyrrolidinone,50,0.42213361
1-(2-hydroxyethyl)-2-pyrrolidinone,45,0.31935218
1-(2-hydroxyethyl)-2-pyrrolidinone,40,0.23978247
1-(2-hydroxyethyl)-2-pyrrolidinone,35,0.17866902
1-(2-hydroxyethyl)-2-pyrrolidinone,30,0.13210093
1-(2-hydroxyethyl)-2-pyrrolidinone,25,0.09689742
1-acetylpiperidine,160,42.02984679
1-acetylpiperidine,155,39.60202375
1-acetylpiperidine,150,37.19119841
1-acetylpiperidine,145,34.80322871
1-acetylpiperidine,140,32.44379346
1-acetylpiperidine,135,30.11903386
1-acetylpiperidine,130,27.83585461
1-acetylpiperidine,125,25.60135443
1-acetylpiperidine,120,23.42337321
1-acetylpiperidine,115,21.30847373
1-acetylpiperidine,110,19.26458811
1-acetylpiperidine,105,17.30039522
1-acetylpiperidine,100,15.42413506
1-acetylpiperidine,95,13.64372126
1-acetylpiperidine,90,11.96699316
1-acetylpiperidine,85,10.40134016
1-acetylpiperidine,80,8.95297885
1-acetylpiperidine,75,7.62702497
1-acetylpiperidine,70,6.42717257
1-acetylpiperidine,65,5.35483066
1-acetylpiperidine,60,4.40910158
1-acetylpiperidine,55,3.58684630
1-acetylpiperidine,50,2.88236523
1-acetylpiperidine,45,2.28783300
1-acetylpiperidine,40,1.79368974
1-acetylpiperidine,35,1.38917375
1-acetylpiperidine,30,1.06293550
1-acetylpiperidine,25,0.80363065
4-acetylmorpholine,160,26.60972234
4-acetylmorpholine,155,23.73874778
4-acetylmorpholine,150,21.03151129
4-acetylmorpholine,145,18.50070643
4-acetylmorpholine,140,16.15550268
4-acetylmorpholine,135,14.00143347
4-acetylmorpholine,130,12.04084165
4-acetylmorpholine,125,10.27296377
4-acetylmorpholine,120,8.69394790
4-acetylmorpholine,115,7.29737154
4-acetylmorpholine,110,6.07442158
4-acetylmorpholine,105,5.01434460
4-acetylmorpholine,100,4.10483847
4-acetylmorpholine,95,3.33246320
4-acetylmorpholine,90,2.68319684
4-acetylmorpholine,85,2.14286376
4-acetylmorpholine,80,1.69759895
4-acetylmorpholine,75,1.33418253
4-acetylmorpholine,70,1.04032819
4-acetylmorpholine,65,0.80487040
4-acetylmorpholine,60,0.61786743
4-acetylmorpholine,55,0.47062609
4-acetylmorpholine,50,0.35567192
4-acetylmorpholine,45,0.26667388
4-acetylmorpholine,40,0.19834245
4-acetylmorpholine,35,0.14631365
4-acetylmorpholine,30,0.10702879
4-acetylmorpholine,25,0.07761734
n-butylacetate,160,39.06649780
n-butylacetate,155,36.17212474
n-butylacetate,150,33.29223677
n-butylacetate,145,30.44257366
n-butylacetate,140,27.63976864
n-butylacetate,135,24.90092444
n-butylacetate,130,22.24596700
n-butylacetate,125,19.69405513
n-butylacetate,120,17.26539103
n-butylacetate,115,14.97925177
n-butylacetate,110,12.85292636
n-butylacetate,105,10.90128125
n-butylacetate,100,9.13519486
n-butylacetate,95,7.56112673
n-butylacetate,90,6.18013352
n-butylacetate,85,4.98799010
n-butylacetate,80,3.97559786
n-butylacetate,75,3.12966451
n-butylacetate,70,2.43395144
n-butylacetate,65,1.87049191
n-butylacetate,60,1.42081730
n-butylacetate,55,1.06696455
n-butylacetate,50,0.79223832
n-butylacetate,45,0.58168255
n-butylacetate,40,0.42231264
n-butylacetate,35,0.30314820
n-butylacetate,30,0.21511250
n-butylacetate,25,0.15085029
3-oxobutanoicacidbutylester,160,17.24748015
3-oxobutanoicacidbutylester,155,14.61133903
3-oxobutanoicacidbutylester,150,12.25041527
3-oxobutanoicacidbutylester,145,10.16753031
3-oxobutanoicacidbutylester,140,8.35639606
3-oxobutanoicacidbutylester,135,6.80312979
3-oxobutanoicacidbutylester,130,5.48823515
3-oxobutanoicacidbutylester,125,4.38862485
3-oxobutanoicacidbutylester,120,3.47948670
3-oxobutanoicacidbutylester,115,2.73582460
3-oxobutanoicacidbutylester,110,2.13361743
3-oxobutanoicacidbutylester,105,1.65059780
3-oxobutanoicacidbutylester,100,1.26670740
3-oxobutanoicacidbutylester,95,0.96429427
3-oxobutanoicacidbutylester,90,0.72812291
3-oxobutanoicacidbutylester,85,0.54525898
3-oxobutanoicacidbutylester,80,0.40487843
3-oxobutanoicacidbutylester,75,0.29803824
3-oxobutanoicacidbutylester,70,0.21743494
3-oxobutanoicacidbutylester,65,0.15716830
3-oxobutanoicacidbutylester,60,0.11252055
3-oxobutanoicacidbutylester,55,0.07975689
3-oxobutanoicacidbutylester,50,0.05594971
3-oxobutanoicacidbutylester,45,0.03882668
3-oxobutanoicacidbutylester,40,0.02664158
3-oxobutanoicacidbutylester,35,0.01806621
3-oxobutanoicacidbutylester,30,0.01210083
3-oxobutanoicacidbutylester,25,0.00800113
2-propenoicacidbutylester,160,33.65136758
2-propenoicacidbutylester,155,30.66683780
2-propenoicacidbutylester,150,27.73919919
2-propenoicacidbutylester,145,24.88979491
2-propenoicacidbutylester,140,22.13950731
2-propenoicacidbutylester,135,19.51077037
2-propenoicacidbutylester,130,17.02451687
2-propenoicacidbutylester,125,14.70045658
2-propenoicacidbutylester,120,12.55529997
2-propenoicacidbutylester,115,10.60225615
2-propenoicacidbutylester,110,8.84947937
2-propenoicacidbutylester,105,7.29979976
2-propenoicacidbutylester,100,5.95054839
2-propenoicacidbutylester,95,4.79380545
2-propenoicacidbutylester,90,3.81715896
2-propenoicacidbutylester,85,3.00482091
2-propenoicacidbutylester,80,2.33889206
2-propenoicacidbutylester,75,1.80055063
2-propenoicacidbutylester,70,1.37113434
2-propenoicacidbutylester,65,1.03296970
2-propenoicacidbutylester,60,0.76993070
2-propenoicacidbutylester,55,0.56775824
2-propenoicacidbutylester,50,0.41417143
2-propenoicacidbutylester,45,0.29883030
2-propenoicacidbutylester,40,0.21319968
2-propenoicacidbutylester,35,0.15035690
2-propenoicacidbutylester,30,0.10477605
2-propenoicacidbutylester,25,0.07211075
1-butylamine,160,56.05701680
1-butylamine,155,53.40445944
1-butylamine,150,50.65370983
1-butylamine,145,47.80557120
1-butylamine,140,44.85963461
1-butylamine,135,41.81909887
1-butylamine,130,38.69090986
1-butylamine,125,35.48562484
1-butylamine,120,32.22069065
1-butylamine,115,28.91497863
1-butylamine,110,25.60138928
1-butylamine,105,22.31884276
1-butylamine,100,19.11527804
1-butylamine,95,16.04740420
1-butylamine,90,13.17590163
1-butylamine,85,10.56034802
1-butylamine,80,8.25036381
1-butylamine,75,6.27855954
1-butylamine,70,4.65439342
1-butylamine,65,3.36367908
1-butylamine,60,2.37273484
1-butylamine,55,1.63600691
1-butylamine,50,1.10410330
1-butylamine,45,0.73013207
1-butylamine,40,0.47346963
1-butylamine,35,0.30120484
1-butylamine,30,0.18799753
1-butylamine,25,0.11510311
butylbutyrate,160,25.45469232
butylbutyrate,155,22.54981435
butylbutyrate,150,19.80049350
butylbutyrate,145,17.22729904
butylbutyrate,140,14.84736081
butylbutyrate,135,12.67316617
butylbutyrate,130,10.71208917
butylbutyrate,125,8.96604493
butylbutyrate,120,7.43151883
butylbutyrate,115,6.10020318
butylbutyrate,110,4.95973187
butylbutyrate,105,3.99474819
butylbutyrate,100,3.18793780
butylbutyrate,95,2.52107989
butylbutyrate,90,1.97595381
butylbutyrate,85,1.53504275
butylbutyrate,80,1.18205833
butylbutyrate,75,0.90226011
butylbutyrate,70,0.68261532
butylbutyrate,65,0.51183014
butylbutyrate,60,0.38028817
butylbutyrate,55,0.27992807
butylbutyrate,50,0.20408700
butylbutyrate,45,0.14732881
butylbutyrate,40,0.10527179
butylbutyrate,35,0.07442483
butylbutyrate,30,0.05203742
butylbutyrate,25,0.03596648
butylcyclohexane,160,1.09897031
butylcyclohexane,155,0.84539157
butylcyclohexane,150,0.64720144
butylcyclohexane,145,0.49282901
butylcyclohexane,140,0.37308840
butylcyclohexane,135,0.28066058
butylcyclohexane,130,0.20970564
butylcyclohexane,125,0.15556388
butylcyclohexane,120,0.11452276
butylcyclohexane,115,0.08363252
butylcyclohexane,110,0.06055841
butylcyclohexane,105,0.04346132
butylcyclohexane,100,0.03090084
butylcyclohexane,95,0.02175611
butylcyclohexane,90,0.01516120
butylcyclohexane,85,0.01045244
butylcyclohexane,80,0.00712549
butylcyclohexane,75,0.00480060
butylcyclohexane,70,0.00319461
butylcyclohexane,65,0.00209859
butylcyclohexane,60,0.00136005
butylcyclohexane,55,0.00086899
butylcyclohexane,50,0.00054703
butylcyclohexane,45,0.00033901
butylcyclohexane,40,0.00020667
butylcyclohexane,35,0.00012384
butylcyclohexane,30,0.00007287
butylcyclohexane,25,0.00004206
butylcyclopentane,160,1.42286753
butylcyclopentane,155,1.09319062
butylcyclopentane,150,0.83610322
butylcyclopentane,145,0.63621005
butylcyclopentane,140,0.48137500
butylcyclopentane,135,0.36198550
butylcyclopentane,130,0.27040640
butylcyclopentane,125,0.20056854
butylcyclopentane,120,0.14765085
butylcyclopentane,115,0.10783171
butylcyclopentane,110,0.07809177
butylcyclopentane,105,0.05605600
butylcyclopentane,100,0.03986611
butylcyclopentane,95,0.02807716
butylcyclopentane,90,0.01957341
butylcyclopentane,85,0.01349999
butylcyclopentane,80,0.00920734
butylcyclopentane,75,0.00620640
butylcyclopentane,70,0.00413246
butylcyclopentane,65,0.00271636
butylcyclopentane,60,0.00176161
butylcyclopentane,55,0.00112639
butylcyclopentane,50,0.00070962
butylcyclopentane,45,0.00044015
butylcyclopentane,40,0.00026858
butylcyclopentane,35,0.00016109
butylcyclopentane,30,0.00009489
butylcyclopentane,25,0.00005484
2-methyl-2-propenoicacidbutylester,160,27.84529174
2-methyl-2-propenoicacidbutylester,155,24.93010532
2-methyl-2-propenoicacidbutylester,150,22.13602497
2-methyl-2-propenoicacidbutylester,145,19.48411152
2-methyl-2-propenoicacidbutylester,140,16.99350596
2-methyl-2-propenoicacidbutylester,135,14.68096850
2-methyl-2-propenoicacidbutylester,130,12.55929248
2-methyl-2-propenoicacidbutylester,125,10.63693146
2-methyl-2-propenoicacidbutylester,120,8.91766122
2-methyl-2-propenoicacidbutylester,115,7.40020949
2-methyl-2-propenoicacidbutylester,110,6.07861099
2-methyl-2-propenoicacidbutylester,105,4.94272314
2-methyl-2-propenoicacidbutylester,100,3.97907363
2-methyl-2-propenoicacidbutylester,95,3.17188040
2-methyl-2-propenoicacidbutylester,90,2.50401228
2-methyl-2-propenoicacidbutylester,85,1.95794330
2-methyl-2-propenoicacidbutylester,80,1.51654333
2-methyl-2-propenoicacidbutylester,75,1.16366545
2-methyl-2-propenoicacidbutylester,70,0.88455793
2-methyl-2-propenoicacidbutylester,65,0.66608754
2-methyl-2-propenoicacidbutylester,60,0.49682126
2-methyl-2-propenoicacidbutylester,55,0.36699869
2-methyl-2-propenoicacidbutylester,50,0.26843001
2-methyl-2-propenoicacidbutylester,45,0.19434900
2-methyl-2-propenoicacidbutylester,40,0.13924428
2-methyl-2-propenoicacidbutylester,35,0.09868534
2-methyl-2-propenoicacidbutylester,30,0.06915481
2-methyl-2-propenoicacidbutylester,25,0.04789379
n-butylpropionate,160,32.03891475
n-butylpropionate,155,29.05179901
n-butylpropionate,150,26.14157010
n-butylpropionate,145,23.33076291
n-butylpropionate,140,20.64052934
n-butylpropionate,135,18.09188501
n-butylpropionate,130,15.70394060
n-butylpropionate,125,13.49303841
n-butylpropionate,120,11.47211139
n-butylpropionate,115,9.64934645
n-butylpropionate,110,8.02796002
n-butylpropionate,105,6.60606603
n-butylpropionate,100,5.37685547
n-butylpropionate,95,4.32920773
n-butylpropionate,90,3.44869369
n-butylpropionate,85,2.71862561
n-butylpropionate,80,2.12118057
n-butylpropionate,75,1.63838022
n-butylpropionate,70,1.25291159
n-butylpropionate,65,0.94870475
n-butylpropionate,60,0.71130738
n-butylpropionate,55,0.52805797
n-butylpropionate,50,0.38811237
n-butylpropionate,45,0.28236442
n-butylpropionate,40,0.20329953
n-butylpropionate,35,0.14481290
n-butylpropionate,30,0.10201590
n-butylpropionate,25,0.07104588
butylbenzene,160,24.22403315
butylbenzene,155,21.15477494
butylbenzene,150,18.28637680
butylbenzene,145,15.64368699
butylbenzene,140,13.24430539
butylbenzene,135,11.09754014
butylbenzene,130,9.20447942
butylbenzene,125,7.55855417
butylbenzene,120,6.14683172
butylbenzene,115,4.95161622
butylbenzene,110,3.95210050
butylbenzene,105,3.12595427
butylbenzene,100,2.45063726
butylbenzene,95,1.90441506
butylbenzene,90,1.46706431
butylbenzene,85,1.12029933
butylbenzene,80,0.84797510
butylbenzene,75,0.63611823
butylbenzene,70,0.47284205
butylbenzene,65,0.34818742
butylbenzene,60,0.25392337
butylbenzene,55,0.18333206
butylbenzene,50,0.13099489
butylbenzene,45,0.09259030
butylbenzene,40,0.06470954
butylbenzene,35,0.04469310
butylbenzene,30,0.03048884
butylbenzene,25,0.02053094
butanamide,160,1.10215882
butanamide,155,0.79986638
butanamide,150,0.57648318
butanamide,145,0.41241930
butanamide,140,0.29273863
butanamide,135,0.20607738
butanamide,130,0.14382122
butanamide,125,0.09947219
butanamide,120,0.06815839
butanamide,115,0.04625263
butanamide,110,0.03107564
butanamide,105,0.02066536
butanamide,100,0.01359823
butanamide,95,0.00885155
butanamide,90,0.00569821
butanamide,85,0.00362682
butanamide,80,0.00228176
butanamide,75,0.00141860
butanamide,70,0.00087134
butanamide,65,0.00052861
butanamide,60,0.00031666
butanamide,55,0.00018726
butanamide,50,0.00010929
butanamide,45,0.00006293
butanamide,40,0.00003574
butanamide,35,0.00002002
butanamide,30,0.00001105
butanamide,25,0.00000601
n-formylethylamine,160,5.66176691
n-formylethylamine,155,4.25501226
n-formylethylamine,150,3.17606482
n-formylethylamine,145,2.35456324
n-formylethylamine,140,1.73351955
n-formylethylamine,135,1.26732965
n-formylethylamine,130,0.91986183
n-formylethylamine,125,0.66274751
n-formylethylamine,120,0.47389299
n-formylethylamine,115,0.33622492
n-formylethylamine,110,0.23664988
n-formylethylamine,105,0.16520340
n-formylethylamine,100,0.11436108
n-formylethylamine,95,0.07848667
n-formylethylamine,90,0.05339313
n-formylethylamine,85,0.03599661
n-formylethylamine,80,0.02404588
n-formylethylamine,75,0.01591255
n-formylethylamine,70,0.01042979
n-formylethylamine,65,0.00676962
n-formylethylamine,60,0.00435032
n-formylethylamine,55,0.00276732
n-formylethylamine,50,0.00174215
n-formylethylamine,45,0.00108518
n-formylethylamine,40,0.00066867
n-formylethylamine,35,0.00040747
n-formylethylamine,30,0.00024550
n-formylethylamine,25,0.00014619
n-ethyl-2-pyrrolidinone,160,46.82561360
n-ethyl-2-pyrrolidinone,155,44.51560540
n-ethyl-2-pyrrolidinone,150,42.21093575
n-ethyl-2-pyrrolidinone,145,39.91524844
n-ethyl-2-pyrrolidinone,140,37.63289739
n-ethyl-2-pyrrolidinone,135,35.36908000
n-ethyl-2-pyrrolidinone,130,33.12655632
n-ethyl-2-pyrrolidinone,125,30.91302664
n-ethyl-2-pyrrolidinone,120,28.73400910
n-ethyl-2-pyrrolidinone,115,26.59289229
n-ethyl-2-pyrrolidinone,110,24.49734156
n-ethyl-2-pyrrolidinone,105,22.45255847
n-ethyl-2-pyrrolidinone,100,20.46559787
n-ethyl-2-pyrrolidinone,95,18.54358566
n-ethyl-2-pyrrolidinone,90,16.69414829
n-ethyl-2-pyrrolidinone,85,14.92233003
n-ethyl-2-pyrrolidinone,80,13.23676985
n-ethyl-2-pyrrolidinone,75,11.64456704
n-ethyl-2-pyrrolidinone,70,10.15206687
n-ethyl-2-pyrrolidinone,65,8.76564358
n-ethyl-2-pyrrolidinone,60,7.49050139
n-ethyl-2-pyrrolidinone,55,6.33080101
n-ethyl-2-pyrrolidinone,50,5.28891050
n-ethyl-2-pyrrolidinone,45,4.36524345
n-ethyl-2-pyrrolidinone,40,3.55792958
n-ethyl-2-pyrrolidinone,35,2.86296549
n-ethyl-2-pyrrolidinone,30,2.27399337
n-ethyl-2-pyrrolidinone,25,1.78277253
1-piperidinecarboxaldehyde,160,44.94268865
1-piperidinecarboxaldehyde,155,42.48405422
1-piperidinecarboxaldehyde,150,40.03134668
1-piperidinecarboxaldehyde,145,37.58856628
1-piperidinecarboxaldehyde,140,35.16277264
1-piperidinecarboxaldehyde,135,32.75916207
1-piperidinecarboxaldehyde,130,30.38729428
1-piperidinecarboxaldehyde,125,28.05263076
1-piperidinecarboxaldehyde,120,25.76379465
1-piperidinecarboxaldehyde,115,23.52851557
1-piperidinecarboxaldehyde,110,21.35666189
1-piperidinecarboxaldehyde,105,19.25547791
1-piperidinecarboxaldehyde,100,17.23577461
1-piperidinecarboxaldehyde,95,15.30642550
1-piperidinecarboxaldehyde,90,13.47726913
1-piperidinecarboxaldehyde,85,11.75727474
1-piperidinecarboxaldehyde,80,10.15507719
1-piperidinecarboxaldehyde,75,8.67800670
1-piperidinecarboxaldehyde,70,7.33202354
1-piperidinecarboxaldehyde,65,6.12122120
1-piperidinecarboxaldehyde,60,5.04700760
1-piperidinecarboxaldehyde,55,4.10800551
1-piperidinecarboxaldehyde,50,3.30002625
1-piperidinecarboxaldehyde,45,2.61593503
1-piperidinecarboxaldehyde,40,2.04624220
1-piperidinecarboxaldehyde,35,1.57959902
1-piperidinecarboxaldehyde,30,1.20354373
1-piperidinecarboxaldehyde,25,0.90527087
aceticacidheptylester,160,20.82634246
aceticacidheptylester,155,18.13531640
aceticacidheptylester,150,15.64950959
aceticacidheptylester,145,13.38115154
aceticacidheptylester,140,11.33665168
aceticacidheptylester,135,9.51669794
aceticacidheptylester,130,7.91646004
aceticacidheptylester,125,6.52638195
aceticacidheptylester,120,5.33302735
aceticacidheptylester,115,4.32018338
aceticacidheptylester,110,3.46994105
aceticacidheptylester,105,2.76369694
aceticacidheptylester,100,2.18298345
aceticacidheptylester,95,1.71013193
aceticacidheptylester,90,1.32873045
aceticacidheptylester,85,1.02390917
aceticacidheptylester,80,0.78247799
aceticacidheptylester,75,0.59294940
aceticacidheptylester,70,0.44547836
aceticacidheptylester,65,0.33174821
aceticacidheptylester,60,0.24482423
aceticacidheptylester,55,0.17899333
aceticacidheptylester,50,0.12960187
aceticacidheptylester,45,0.09290001
aceticacidheptylester,40,0.06589789
aceticacidheptylester,35,0.04623626
aceticacidheptylester,30,0.03207274
aceticacidheptylester,25,0.02198371
n-methylacetamide,160,9.80844999
n-methylacetamide,155,7.67327952
n-methylacetamide,150,5.94395275
n-methylacetamide,145,4.56110040
n-methylacetamide,140,3.46848788
n-methylacetamide,135,2.61483565
n-methylacetamide,130,1.95485612
n-methylacetamide,125,1.44962729
n-methylacetamide,120,1.06646543
n-methylacetamide,115,0.77846387
n-methylacetamide,110,0.56384779
n-methylacetamide,105,0.40525580
n-methylacetamide,100,0.28902679
n-methylacetamide,95,0.20453830
n-methylacetamide,90,0.14362050
n-methylacetamide,85,0.10005403
n-methylacetamide,80,0.06915052
n-methylacetamide,75,0.04740909
n-methylacetamide,70,0.03223984
n-methylacetamide,65,0.02174432
n-methylacetamide,60,0.01454369
n-methylacetamide,55,0.00964562
n-methylacetamide,50,0.00634248
n-methylacetamide,45,0.00413430
n-methylacetamide,40,0.00267114
n-methylacetamide,35,0.00171030
n-methylacetamide,30,0.00108504
n-methylacetamide,25,0.00068191
methylformamide,160,0.83634985
methylformamide,155,0.61334863
methylformamide,150,0.44715743
methylformamide,145,0.32399885
methylformamide,140,0.23327203
methylformamide,135,0.16685250
methylformamide,130,0.11854298
methylformamide,125,0.08364129
methylformamide,120,0.05860062
methylformamide,115,0.04076250
methylformamide,110,0.02814765
methylformamide,105,0.01929288
methylformamide,100,0.01312443
methylformamide,95,0.00886038
methylformamide,90,0.00593575
methylformamide,85,0.00394565
methylformamide,80,0.00260225
methylformamide,75,0.00170272
methylformamide,70,0.00110528
methylformamide,65,0.00071174
methylformamide,60,0.00045463
methylformamide,55,0.00028805
methylformamide,50,0.00018101
methylformamide,45,0.00011282
methylformamide,40,0.00006973
methylformamide,35,0.00004274
methylformamide,30,0.00002598
methylformamide,25,0.00001565
1-methyl-pyrrolidine,160,46.51173435
1-methyl-pyrrolidine,155,43.48123941
1-methyl-pyrrolidine,150,40.42266759
1-methyl-pyrrolidine,145,37.35109627
1-methyl-pyrrolidine,140,34.28663452
1-methyl-pyrrolidine,135,31.24905502
1-methyl-pyrrolidine,130,28.26051442
1-methyl-pyrrolidine,125,25.34529725
1-methyl-pyrrolidine,120,22.52653450
1-methyl-pyrrolidine,115,19.82874340
1-methyl-pyrrolidine,110,17.27435558
1-methyl-pyrrolidine,105,14.88456787
1-methyl-pyrrolidine,100,12.67750182
1-methyl-pyrrolidine,95,10.66715771
1-methyl-pyrrolidine,90,8.86300367
1-methyl-pyrrolidine,85,7.26897723
1-methyl-pyrrolidine,80,5.88349888
1-methyl-pyrrolidine,75,4.69924255
1-methyl-pyrrolidine,70,3.70406000
1-methyl-pyrrolidine,65,2.88180824
1-methyl-pyrrolidine,60,2.21362068
1-methyl-pyrrolidine,55,1.67931145
1-methyl-pyrrolidine,50,1.25861449
1-methyl-pyrrolidine,45,0.93222896
1-methyl-pyrrolidine,40,0.68254862
1-methyl-pyrrolidine,35,0.49409397
1-methyl-pyrrolidine,30,0.35367113
1-methyl-pyrrolidine,25,0.25033295
n-methyl-2-pyrrolidinone,160,50.80442975
n-methyl-2-pyrrolidinone,155,48.58274748
n-methyl-2-pyrrolidinone,150,46.36016260
n-methyl-2-pyrrolidinone,145,44.13945661
n-methyl-2-pyrrolidinone,140,41.92784903
n-methyl-2-pyrrolidinone,135,39.72779509
n-methyl-2-pyrrolidinone,130,37.54246920
n-methyl-2-pyrrolidinone,125,35.37744125
n-methyl-2-pyrrolidinone,120,33.23618800
n-methyl-2-pyrrolidinone,115,31.12380289
n-methyl-2-pyrrolidinone,110,29.04502181
n-methyl-2-pyrrolidinone,105,27.00403017
n-methyl-2-pyrrolidinone,100,25.00597463
n-methyl-2-pyrrolidinone,95,23.05478509
n-methyl-2-pyrrolidinone,90,21.15580004
n-methyl-2-pyrrolidinone,85,19.31388527
n-methyl-2-pyrrolidinone,80,17.53454896
n-methyl-2-pyrrolidinone,75,15.82348200
n-methyl-2-pyrrolidinone,70,14.18577703
n-methyl-2-pyrrolidinone,65,12.62725709
n-methyl-2-pyrrolidinone,60,11.15201313
n-methyl-2-pyrrolidinone,55,9.76637686
n-methyl-2-pyrrolidinone,50,8.47473292
n-methyl-2-pyrrolidinone,45,7.28168482
n-methyl-2-pyrrolidinone,40,6.19064401
n-methyl-2-pyrrolidinone,35,5.20385092
n-methyl-2-pyrrolidinone,30,4.32255185
n-methyl-2-pyrrolidinone,25,3.54592422
n-methylaniline,160,43.43194631
n-methylaniline,155,40.63117838
n-methylaniline,150,37.81467909
n-methylaniline,145,34.99344770
n-methylaniline,140,32.17985371
n-methylaniline,135,29.38849450
n-methylaniline,130,26.63479982
n-methylaniline,125,23.93661533
n-methylaniline,120,21.31373943
n-methylaniline,115,18.78686273
n-methylaniline,110,16.37788019
n-methylaniline,105,14.10878715
n-methylaniline,100,12.00012208
n-methylaniline,95,10.06978567
n-methylaniline,90,8.33140020
n-methylaniline,85,6.79355159
n-methylaniline,80,5.45816779
n-methylaniline,75,4.32064000
n-methylaniline,70,3.37026391
n-methylaniline,65,2.59126822
n-methylaniline,60,1.96447873
n-methylaniline,55,1.46904623
n-methylaniline,50,1.08399768
n-methylaniline,45,0.78948914
n-methylaniline,40,0.56763056
n-methylaniline,35,0.40291510
n-methylaniline,30,0.28233447
n-methylaniline,25,0.19527206
n-butyl-2-pyrrolidinone,160,37.63454475
n-butyl-2-pyrrolidinone,155,35.12466507
n-butyl-2-pyrrolidinone,150,32.64776542
n-butyl-2-pyrrolidinone,145,30.21042443
n-butyl-2-pyrrolidinone,140,27.82155785
n-butyl-2-pyrrolidinone,135,25.48958655
n-butyl-2-pyrrolidinone,130,23.22330767
n-butyl-2-pyrrolidinone,125,21.03143587
n-butyl-2-pyrrolidinone,120,18.92328322
n-butyl-2-pyrrolidinone,115,16.90760952
n-butyl-2-pyrrolidinone,110,14.99339591
n-butyl-2-pyrrolidinone,105,13.18952167
n-butyl-2-pyrrolidinone,100,11.50350274
n-butyl-2-pyrrolidinone,95,9.94196705
n-butyl-2-pyrrolidinone,90,8.51042901
n-butyl-2-pyrrolidinone,85,7.21225825
n-butyl-2-pyrrolidinone,80,6.04860740
n-butyl-2-pyrrolidinone,75,5.01850566
n-butyl-2-pyrrolidinone,70,4.11844909
n-butyl-2-pyrrolidinone,65,3.34248529
n-butyl-2-pyrrolidinone,60,2.68263873
n-butyl-2-pyrrolidinone,55,2.12923080
n-butyl-2-pyrrolidinone,50,1.67140412
n-butyl-2-pyrrolidinone,45,1.29772879
n-butyl-2-pyrrolidinone,40,0.99672897
n-butyl-2-pyrrolidinone,35,0.75735891
n-butyl-2-pyrrolidinone,30,0.56935383
n-butyl-2-pyrrolidinone,25,0.42346912
amylpropionate,160,25.54557316
amylpropionate,155,22.64073031
amylpropionate,150,19.88975418
amylpropionate,145,17.31350599
amylpropionate,140,14.92915017
amylpropionate,135,12.74937223
amylpropionate,130,10.78181855
amylpropionate,125,9.02871594
amylpropionate,120,7.48686049
amylpropionate,115,6.14824180
amylpropionate,110,5.00074565
amylpropionate,105,4.02921384
amylpropionate,100,3.21646631
amylpropionate,95,2.54435667
amylpropionate,90,1.99468757
amylpropionate,85,1.54992426
amylpropionate,80,1.19373221
amylpropionate,75,0.91130711
amylpropionate,70,0.68954382
amylpropionate,65,0.51707443
amylpropionate,60,0.38421158
amylpropionate,55,0.28282896
amylpropionate,50,0.20620634
amylpropionate,45,0.14885826
amylpropionate,40,0.10636159
amylpropionate,35,0.07519112
amylpropionate,30,0.05256880
amylpropionate,25,0.03632958
n-propylacetate,160,45.49143444
n-propylacetate,155,42.76824767
n-propylacetate,150,40.02467403
n-propylacetate,145,37.27220730
n-propylacetate,140,34.52054663
n-propylacetate,135,31.77920468
n-propylacetate,130,29.06326887
n-propylacetate,125,26.38742813
n-propylacetate,120,23.76818755
n-propylacetate,115,21.22304243
n-propylacetate,110,18.77083333
n-propylacetate,105,16.43117606
n-propylacetate,100,14.22300060
n-propylacetate,95,12.16490899
n-propylacetate,90,10.27304584
n-propylacetate,85,8.56021097
n-propylacetate,80,7.03463345
n-propylacetate,75,5.69947362
n-propylacetate,70,4.55195205
n-propylacetate,65,3.58379157
n-propylacetate,60,2.78196676
n-propylacetate,55,2.12985194
n-propylacetate,50,1.60873009
n-propylacetate,45,1.19923633
n-propylacetate,40,0.88256181
n-propylacetate,35,0.64136112
n-propylacetate,30,0.46028933
n-propylacetate,25,0.32623904
propylnitrate,160,46.00660801
propylnitrate,155,43.35322881
propylnitrate,150,40.67572531
propylnitrate,145,37.98125577
propylnitrate,140,35.27669457
propylnitrate,135,32.57197879
propylnitrate,130,29.87718162
propylnitrate,125,27.20631102
propylnitrate,120,24.57174685
propylnitrate,115,21.99160753
propylnitrate,110,19.48444232
propylnitrate,105,17.07052584
propylnitrate,100,14.77133513
propylnitrate,95,12.60923329
propylnitrate,90,10.60602463
propylnitrate,85,8.78097544
propylnitrate,80,7.14928143
propylnitrate,75,5.72024968
propylnitrate,70,4.49612443
propylnitrate,65,3.47129773
propylnitrate,60,2.63308470
propylnitrate,55,1.96304075
propylnitrate,50,1.43915765
propylnitrate,45,1.03808899
propylnitrate,40,0.73707155
propylnitrate,35,0.51532445
propylnitrate,30,0.35483316
propylnitrate,25,0.24062513
propylpropionate,160,38.82205541
propylpropionate,155,35.92272006
propylpropionate,150,33.04183748
propylpropionate,145,30.19358620
propylpropionate,140,27.39579300
propylpropionate,135,24.66556528
propylpropionate,130,22.02256412
propylpropionate,125,19.48583146
propylpropionate,120,17.07508116
propylpropionate,115,14.80898815
propylpropionate,110,12.70413242
propylpropionate,105,10.77452763
propylpropionate,100,9.03019850
propylpropionate,95,7.47677175
propylpropionate,90,6.11462242
propylpropionate,85,4.93902658
propylpropionate,80,3.94060388
propylpropionate,75,3.10600337
propylpropionate,70,2.41911246
propylpropionate,65,1.86222608
propylpropionate,60,1.41721567
propylpropionate,55,1.06648482
propylpropionate,50,0.79369165
propylpropionate,45,0.58419471
propylpropionate,40,0.42527261
propylpropionate,35,0.30615385
propylpropionate,30,0.21791978
propylpropionate,25,0.15332927
tetradecane,160,0.38810700
tetradecane,155,0.29993778
tetradecane,150,0.23044860
tetradecane,145,0.17596568
tetradecane,140,0.13348818
tetradecane,135,0.10057016
tetradecane,130,0.07522407
tetradecane,125,0.05584113
tetradecane,120,0.04112505
tetradecane,115,0.03003689
tetradecane,110,0.02174885
tetradecane,105,0.01560563
tetradecane,100,0.01109210
tetradecane,95,0.00780639
tetradecane,90,0.00543749
tetradecane,85,0.00374676
tetradecane,80,0.00255276
tetradecane,75,0.00171885
tetradecane,70,0.00114314
tetradecane,65,0.00075049
tetradecane,60,0.00048609
tetradecane,55,0.00031040
tetradecane,50,0.00019528
tetradecane,45,0.00012095
tetradecane,40,0.00007370
tetradecane,35,0.00004414
tetradecane,30,0.00002596
tetradecane,25,0.00001498
naphthalene,160,36.87884424
naphthalene,155,34.07352554
naphthalene,150,31.29673513
naphthalene,145,28.56302771
naphthalene,140,25.88637576
naphthalene,135,23.28236948
naphthalene,130,20.76818857
naphthalene,125,18.36015561
naphthalene,120,16.07558526
naphthalene,115,13.93085040
naphthalene,110,11.94048784
naphthalene,105,10.11695569
naphthalene,100,8.46917919
naphthalene,95,7.00224847
naphthalene,90,5.71645455
naphthalene,85,4.60740325
naphthalene,80,3.66634210
naphthalene,75,2.88072327
naphthalene,70,2.23531871
naphthalene,65,1.71331342
naphthalene,60,1.29742684
naphthalene,55,0.97084504
naphthalene,50,0.71793341
naphthalene,45,0.52468278
naphthalene,40,0.37893191
naphthalene,35,0.27040236
naphthalene,30,0.19060657
naphthalene,25,0.13267756
nicotine,160,30.08615903
nicotine,155,27.46546309
nicotine,150,24.91853220
nicotine,145,22.45816264
nicotine,140,20.09580863
nicotine,135,17.84429745
nicotine,130,15.71466795
nicotine,125,13.71837824
nicotine,120,11.86475474
nicotine,115,10.16167416
nicotine,110,8.61446987
nicotine,105,7.22600011
nicotine,100,5.99581291
nicotine,95,4.92031925
nicotine,90,3.99290941
nicotine,85,3.20425272
nicotine,80,2.54284469
nicotine,75,1.99573544
nicotine,70,1.54923344
nicotine,65,1.18959807
nicotine,60,0.90360549
nicotine,55,0.67898399
nicotine,50,0.50468810
nicotine,45,0.37104114
nicotine,40,0.26976062
nicotine,35,0.19390239
nicotine,30,0.13775116
nicotine,25,0.09668148
nitricacid,160,100.00000000
nitricacid,155,100.00000000
nitricacid,150,100.00000000
nitricacid,145,100.00000000
nitricacid,140,100.00000000
nitricacid,135,100.00000000
nitricacid,130,100.00000000
nitricacid,125,100.00000000
nitricacid,120,100.00000000
nitricacid,115,100.00000000
nitricacid,110,100.00000000
nitricacid,105,100.00000000
nitricacid,100,100.00000000
nitricacid,95,100.00000000
nitricacid,90,100.00000000
nitricacid,85,100.00000000
nitricacid,80,100.00000000
nitricacid,75,100.00000000
nitricacid,70,100.00000000
nitricacid,65,100.00000000
nitricacid,60,100.00000000
nitricacid,55,100.00000000
nitricacid,50,100.00000000
nitricacid,45,100.00000000
nitricacid,40,100.00000000
nitricacid,35,100.00000000
nitricacid,30,100.00000000
nitricacid,25,100.00000000
nitrobenzene,160,35.32712335
nitrobenzene,155,32.21056279
nitrobenzene,150,29.12236136
nitrobenzene,145,26.08562664
nitrobenzene,140,23.12762432
nitrobenzene,135,20.27761691
nitrobenzene,130,17.56556000
nitrobenzene,125,15.02137236
nitrobenzene,120,12.67213723
nitrobenzene,115,10.54043730
nitrobenzene,110,8.64153384
nitrobenzene,105,6.98246988
nitrobenzene,100,5.56119566
nitrobenzene,95,4.36715392
nitrobenzene,90,3.38285537
nitrobenzene,85,2.58602602
nitrobenzene,80,1.95187829
nitrobenzene,75,1.45520749
nitrobenzene,70,1.07198895
nitrobenzene,65,0.78044338
nitrobenzene,60,0.56158895
nitrobenzene,55,0.39940246
nitrobenzene,50,0.28071030
nitrobenzene,45,0.19492056
nitrobenzene,40,0.13367950
nitrobenzene,35,0.09051071
nitrobenzene,30,0.06047147
nitrobenzene,25,0.03984498
nitroethane,160,39.41553078
nitroethane,155,34.44617804
nitroethane,150,29.39148809
nitroethane,145,24.42790359
nitroethane,140,19.75930551
nitroethane,135,15.57069936
nitroethane,130,11.98342326
nitroethane,125,9.03638564
nitroethane,120,6.69783642
nitroethane,115,4.89276992
nitroethane,110,3.52947008
nitroethane,105,2.51750249
nitroethane,100,1.77696038
nitroethane,95,1.24166299
nitroethane,90,0.85900436
nitroethane,85,0.58832254
nitroethane,80,0.39881258
nitroethane,75,0.26749815
nitroethane,70,0.17746376
nitroethane,65,0.11640061
nitroethane,60,0.07545071
nitroethane,55,0.04830910
nitroethane,50,0.03053780
nitroethane,45,0.01904875
nitroethane,40,0.01171878
nitroethane,35,0.00710630
nitroethane,30,0.00424519
nitroethane,25,0.00249676
nitroethene,160,43.94141820
nitroethene,155,39.45995038
nitroethene,150,34.78901089
nitroethene,145,30.01988698
nitroethene,140,25.28583454
nitroethene,135,20.75124789
nitroethene,130,16.58442243
nitroethene,125,12.92073196
nitroethene,120,9.83482530
nitroethene,115,7.33428799
nitroethene,110,5.37371749
nitroethene,105,3.87749949
nitroethene,100,2.76041203
nitroethene,95,1.94124552
nitroethene,90,1.34958631
nitroethene,85,0.92790010
nitroethene,80,0.63099879
nitroethene,75,0.42436817
nitroethene,70,0.28219130
nitroethene,65,0.18547615
nitroethene,60,0.12044900
nitroethene,55,0.07724923
nitroethene,50,0.04890455
nitroethene,45,0.03054522
nitroethene,40,0.01881214
nitroethene,35,0.01141786
nitroethene,30,0.00682529
nitroethene,25,0.00401581
"1,2,3-propanetrioltrinitrate",160,100.00000000
"1,2,3-propanetrioltrinitrate",155,100.00000000
"1,2,3-propanetrioltrinitrate",150,100.00000000
"1,2,3-propanetrioltrinitrate",145,100.00000000
"1,2,3-propanetrioltrinitrate",140,100.00000000
"1,2,3-propanetrioltrinitrate",135,100.00000000
"1,2,3-propanetrioltrinitrate",130,100.00000000
"1,2,3-propanetrioltrinitrate",125,100.00000000
"1,2,3-propanetrioltrinitrate",120,100.00000000
"1,2,3-propanetrioltrinitrate",115,100.00000000
"1,2,3-propanetrioltrinitrate",110,100.00000000
"1,2,3-propanetrioltrinitrate",105,100.00000000
"1,2,3-propanetrioltrinitrate",100,100.00000000
"1,2,3-propanetrioltrinitrate",95,100.00000000
"1,2,3-propanetrioltrinitrate",90,100.00000000
"1,2,3-propanetrioltrinitrate",85,100.00000000
"1,2,3-propanetrioltrinitrate",80,100.00000000
"1,2,3-propanetrioltrinitrate",75,100.00000000
"1,2,3-propanetrioltrinitrate",70,100.00000000
"1,2,3-propanetrioltrinitrate",65,100.00000000
"1,2,3-propanetrioltrinitrate",60,100.00000000
"1,2,3-propanetrioltrinitrate",55,100.00000000
"1,2,3-propanetrioltrinitrate",50,100.00000000
"1,2,3-propanetrioltrinitrate",45,100.00000000
"1,2,3-propanetrioltrinitrate",40,100.00000000
"1,2,3-propanetrioltrinitrate",35,100.00000000
"1,2,3-propanetrioltrinitrate",30,100.00000000
"1,2,3-propanetrioltrinitrate",25,100.00000000
nitromethane,160,3.92816400
nitromethane,155,2.62352695
nitromethane,150,1.75871022
nitromethane,145,1.17851704
nitromethane,140,0.78719397
nitromethane,135,0.52303887
nitromethane,130,0.34515112
nitromethane,125,0.22592715
nitromethane,120,0.14654518
nitromethane,115,0.09411308
nitromethane,110,0.05979785
nitromethane,105,0.03756611
nitromethane,100,0.02331979
nitromethane,95,0.01429653
nitromethane,90,0.00865134
nitromethane,85,0.00516485
nitromethane,80,0.00304040
nitromethane,75,0.00176391
nitromethane,70,0.00100802
nitromethane,65,0.00056711
nitromethane,60,0.00031393
nitromethane,55,0.00017089
nitromethane,50,0.00009142
nitromethane,45,0.00004804
nitromethane,40,0.00002477
nitromethane,35,0.00001253
nitromethane,30,0.00000621
nitromethane,25,0.00000302
nitrosobenzene,160,39.91724294
nitrosobenzene,155,36.77149102
nitrosobenzene,150,33.61522292
nitrosobenzene,145,30.46920424
nitrosobenzene,140,27.35877133
nitrosobenzene,135,24.31133804
nitrosobenzene,130,21.35847715
nitrosobenzene,125,18.53336716
nitrosobenzene,120,15.86943683
nitrosobenzene,115,13.39786182
nitrosobenzene,110,11.14573423
nitrosobenzene,105,9.13285108
nitrosobenzene,100,7.36981836
nitrosobenzene,95,5.85737412
nitrosobenzene,90,4.58639896
nitrosobenzene,85,3.53963748
nitrosobenzene,80,2.69396467
nitrosobenzene,75,2.02303131
nitrosobenzene,70,1.49967881
nitrosobenzene,65,1.09785380
nitrosobenzene,60,0.79387807
nitrosobenzene,55,0.56712877
nitrosobenzene,50,0.40024591
nitrosobenzene,45,0.27901962
nitrosobenzene,40,0.19208853
nitrosobenzene,35,0.13055070
nitrosobenzene,30,0.08755492
nitrosobenzene,25,0.05791380
n-nonane,160,1.17668862
n-nonane,155,0.90690130
n-nonane,150,0.69550697
n-nonane,145,0.53048085
n-nonane,140,0.40221906
n-nonane,135,0.30303146
n-nonane,130,0.22675636
n-nonane,125,0.16846003
n-nonane,120,0.12419986
n-nonane,115,0.09083511
n-nonane,110,0.06587417
n-nonane,105,0.04735030
n-nonane,100,0.03372019
n-nonane,95,0.02378070
n-nonane,90,0.01660075
n-nonane,85,0.01146547
n-nonane,80,0.00783071
n-nonane,75,0.00528601
n-nonane,70,0.00352479
n-nonane,65,0.00232042
n-nonane,60,0.00150716
n-nonane,55,0.00096523
n-nonane,50,0.00060909
n-nonane,45,0.00037843
n-nonane,40,0.00023132
n-nonane,35,0.00013900
n-nonane,30,0.00008203
n-nonane,25,0.00004750
ephedrine,160,23.90876235
ephedrine,155,21.12911698
ephedrine,150,18.49810697
ephedrine,145,16.03593821
ephedrine,140,13.75954194
ephedrine,135,11.68192252
ephedrine,130,9.81137679
ephedrine,125,8.15080285
ephedrine,120,6.69750085
ephedrine,115,5.44368860
ephedrine,110,4.37717235
ephedrine,105,3.48244483
ephedrine,100,2.74182492
ephedrine,95,2.13663119
ephedrine,90,1.64820014
ephedrine,85,1.25868160
ephedrine,80,0.95160736
ephedrine,75,0.71222738
ephedrine,70,0.52765880
ephedrine,65,0.38689046
ephedrine,60,0.28068720
ephedrine,55,0.20143307
ephedrine,50,0.14294269
ephedrine,45,0.10026346
ephedrine,40,0.06948288
ephedrine,35,0.04755010
ephedrine,30,0.03211644
ephedrine,25,0.02139685
o-chlorofluorobenzene,160,38.33889741
o-chlorofluorobenzene,155,35.66701251
o-chlorofluorobenzene,150,33.01605262
o-chlorofluorobenzene,145,30.39682786
o-chlorofluorobenzene,140,27.82012626
o-chlorofluorobenzene,135,25.29765299
o-chlorofluorobenzene,130,22.84158496
o-chlorofluorobenzene,125,20.46511651
o-chlorofluorobenzene,120,18.18222909
o-chlorofluorobenzene,115,16.00663746
o-chlorofluorobenzene,110,13.95231479
o-chlorofluorobenzene,105,12.03280340
o-chlorofluorobenzene,100,10.26008001
o-chlorofluorobenzene,95,8.64377099
o-chlorofluorobenzene,90,7.19084496
o-chlorofluorobenzene,85,5.90450598
o-chlorofluorobenzene,80,4.78398898
o-chlorofluorobenzene,75,3.82413498
o-chlorofluorobenzene,70,3.01591526
o-chlorofluorobenzene,65,2.34697149
o-chlorofluorobenzene,60,1.80258527
o-chlorofluorobenzene,55,1.36678116
o-chlorofluorobenzene,50,1.02337614
o-chlorofluorobenzene,45,0.75684095
o-chlorofluorobenzene,40,0.55294059
o-chlorofluorobenzene,35,0.39910701
o-chlorofluorobenzene,30,0.28459556
o-chlorofluorobenzene,25,0.20046654
o-chlorostyrene,160,33.15199374
o-chlorostyrene,155,30.31889143
o-chlorostyrene,150,27.54223411
o-chlorostyrene,145,24.83892794
o-chlorostyrene,140,22.22527128
o-chlorostyrene,135,19.71918071
o-chlorostyrene,130,17.33730625
o-chlorostyrene,125,15.09645598
o-chlorostyrene,120,13.01143018
o-chlorostyrene,115,11.09442382
o-chlorostyrene,110,9.35479468
o-chlorostyrene,105,7.79785542
o-chlorostyrene,100,6.42433894
o-chlorostyrene,95,5.23061877
o-chlorostyrene,90,4.20875819
o-chlorostyrene,85,3.34711231
o-chlorostyrene,80,2.63130402
o-chlorostyrene,75,2.04521022
o-chlorostyrene,70,1.57200915
o-chlorostyrene,65,1.19507282
o-chlorostyrene,60,0.89868676
o-chlorostyrene,55,0.66853033
o-chlorostyrene,50,0.49195568
o-chlorostyrene,45,0.35808221
o-chlorostyrene,40,0.25776108
o-chlorostyrene,35,0.18345201
o-chlorostyrene,30,0.12905019
o-chlorostyrene,25,0.08969243
1-chloro-2-methylbenzene,160,35.83060471
1-chloro-2-methylbenzene,155,32.91537130
1-chloro-2-methylbenzene,150,30.03581936
1-chloro-2-methylbenzene,145,27.20799623
1-chloro-2-methylbenzene,140,24.45112572
1-chloro-2-methylbenzene,135,21.78410823
1-chloro-2-methylbenzene,130,19.22748906
1-chloro-2-methylbenzene,125,16.80159225
1-chloro-2-methylbenzene,120,14.52540780
1-chloro-2-methylbenzene,115,12.41638540
1-chloro-2-methylbenzene,110,10.48857624
1-chloro-2-methylbenzene,105,8.75225708
1-chloro-2-methylbenzene,100,7.21239204
1-chloro-2-methylbenzene,95,5.86855041
1-chloro-2-methylbenzene,90,4.71490063
1-chloro-2-methylbenzene,85,3.74069750
1-chloro-2-methylbenzene,80,2.93126608
1-chloro-2-methylbenzene,75,2.26926803
1-chloro-2-methylbenzene,70,1.73602523
1-chloro-2-methylbenzene,65,1.31270163
1-chloro-2-methylbenzene,60,0.98128305
1-chloro-2-methylbenzene,55,0.72524868
1-chloro-2-methylbenzene,50,0.52997375
1-chloro-2-methylbenzene,45,0.38288481
1-chloro-2-methylbenzene,40,0.27343925
1-chloro-2-methylbenzene,35,0.19298663
1-chloro-2-methylbenzene,30,0.13456299
1-chloro-2-methylbenzene,25,0.09265744
"1,2-dichlorobenzene",160,31.89618954
"1,2-dichlorobenzene",155,29.11012758
"1,2-dichlorobenzene",150,26.38688044
"1,2-dichlorobenzene",145,23.74290022
"1,2-dichlorobenzene",140,21.19375587
"1,2-dichlorobenzene",135,18.75663864
"1,2-dichlorobenzene",130,16.44728539
"1,2-dichlorobenzene",125,14.28151890
"1,2-dichlorobenzene",120,12.27296682
"1,2-dichlorobenzene",115,10.43283877
"1,2-dichlorobenzene",110,8.76906139
"1,2-dichlorobenzene",105,7.28575963
"1,2-dichlorobenzene",100,5.98248819
"1,2-dichlorobenzene",95,4.85454688
"1,2-dichlorobenzene",90,3.89311643
"1,2-dichlorobenzene",85,3.08592248
"1,2-dichlorobenzene",80,2.41823062
"1,2-dichlorobenzene",75,1.87384232
"1,2-dichlorobenzene",70,1.43611310
"1,2-dichlorobenzene",65,1.08880028
"1,2-dichlorobenzene",60,0.81672161
"1,2-dichlorobenzene",55,0.60617620
"1,2-dichlorobenzene",50,0.44516794
"1,2-dichlorobenzene",45,0.32345707
"1,2-dichlorobenzene",40,0.23249381
"1,2-dichlorobenzene",35,0.16527611
"1,2-dichlorobenzene",30,0.11616730
"1,2-dichlorobenzene",25,0.08070029
o-difluorobenzene,160,41.69764495
o-difluorobenzene,155,38.92295470
o-difluorobenzene,150,36.14610985
o-difluorobenzene,145,33.37693065
o-difluorobenzene,140,30.62840972
o-difluorobenzene,135,27.91402786
o-difluorobenzene,130,25.24911626
o-difluorobenzene,125,22.65020983
o-difluorobenzene,120,20.13474112
o-difluorobenzene,115,17.72179650
o-difluorobenzene,110,15.43045106
o-difluorobenzene,105,13.27986257
o-difluorobenzene,100,11.28756731
o-difluorobenzene,95,9.46835500
o-difluorobenzene,90,7.83348369
o-difluorobenzene,85,6.38920763
o-difluorobenzene,80,5.13623684
o-difluorobenzene,75,4.06932095
o-difluorobenzene,70,3.17785276
o-difluorobenzene,65,2.44679193
o-difluorobenzene,60,1.85808561
o-difluorobenzene,55,1.39221773
o-difluorobenzene,50,1.02962675
o-difluorobenzene,45,0.75181832
o-difluorobenzene,40,0.54211935
o-difluorobenzene,35,0.38606950
o-difluorobenzene,30,0.27152752
o-difluorobenzene,25,0.18857279
2-methoxyphenol,160,34.31875486
2-methoxyphenol,155,31.15557423
2-methoxyphenol,150,28.02818988
2-methoxyphenol,145,24.96356777
2-methoxyphenol,140,21.99142480
2-methoxyphenol,135,19.14299039
2-methoxyphenol,130,16.45054833
2-methoxyphenol,125,13.94456046
2-methoxyphenol,120,11.65199587
2-methoxyphenol,115,9.59316928
2-methoxyphenol,110,7.78011368
2-methoxyphenol,105,6.21544395
2-methoxyphenol,100,4.89221606
2-methoxyphenol,95,3.79523338
2-methoxyphenol,90,2.90311712
2-methoxyphenol,85,2.19071854
2-methoxyphenol,80,1.63152696
2-methoxyphenol,75,1.19962064
2-methoxyphenol,70,0.87106257
2-methoxyphenol,65,0.62470690
2-methoxyphenol,60,0.44253009
2-methoxyphenol,55,0.30961512
2-methoxyphenol,50,0.21391830
2-methoxyphenol,45,0.14592141
2-methoxyphenol,40,0.09824369
2-methoxyphenol,35,0.06526026
2-methoxyphenol,30,0.04275367
2-methoxyphenol,25,0.02761092
octadecane,160,0.23471833
octadecane,155,0.18144459
octadecane,150,0.13941347
octadecane,145,0.10643687
octadecane,140,0.08071765
octadecane,135,0.06078482
octadecane,130,0.04543918
octadecane,125,0.03370777
octadecane,120,0.02480532
octadecane,115,0.01810177
octadecane,110,0.01309482
octadecane,105,0.00938672
octadecane,100,0.00666485
octadecane,95,0.00468540
octadecane,90,0.00325982
octadecane,85,0.00224351
octadecane,80,0.00152665
octadecane,75,0.00102660
octadecane,70,0.00068184
octadecane,65,0.00044702
octadecane,60,0.00028911
octadecane,55,0.00018434
octadecane,50,0.00011580
octadecane,45,0.00007161
octadecane,40,0.00004356
octadecane,35,0.00002604
octadecane,30,0.00001529
octadecane,25,0.00000881
octamethylcyclotetrasiloxane,160,2.57181771
octamethylcyclotetrasiloxane,155,2.07585725
octamethylcyclotetrasiloxane,150,1.66905733
octamethylcyclotetrasiloxane,145,1.33637581
octamethylcyclotetrasiloxane,140,1.06521492
octamethylcyclotetrasiloxane,135,0.84501923
octamethylcyclotetrasiloxane,130,0.66693820
octamethylcyclotetrasiloxane,125,0.52355684
octamethylcyclotetrasiloxane,120,0.40866788
octamethylcyclotetrasiloxane,115,0.31708358
octamethylcyclotetrasiloxane,110,0.24447818
octamethylcyclotetrasiloxane,105,0.18725516
octamethylcyclotetrasiloxane,100,0.14243475
octamethylcyclotetrasiloxane,95,0.10755837
octamethylcyclotetrasiloxane,90,0.08060678
octamethylcyclotetrasiloxane,85,0.05993023
octamethylcyclotetrasiloxane,80,0.04418851
octamethylcyclotetrasiloxane,75,0.03229958
octamethylcyclotetrasiloxane,70,0.02339572
octamethylcyclotetrasiloxane,65,0.01678600
octamethylcyclotetrasiloxane,60,0.01192448
octamethylcyclotetrasiloxane,55,0.00838326
octamethylcyclotetrasiloxane,50,0.00582984
octamethylcyclotetrasiloxane,45,0.00400817
octamethylcyclotetrasiloxane,40,0.00272299
octamethylcyclotetrasiloxane,35,0.00182685
octamethylcyclotetrasiloxane,30,0.00120962
octamethylcyclotetrasiloxane,25,0.00078996
octane,160,1.72093123
octane,155,1.32435323
octane,150,1.01460166
octane,145,0.77336907
octane,140,0.58620072
octane,135,0.44163043
octane,130,0.33053701
octane,125,0.24565927
octane,120,0.18122026
octane,115,0.13263316
octane,110,0.09626782
octane,105,0.06926354
octane,100,0.04937766
octane,95,0.03486280
octane,90,0.02436674
octane,85,0.01685105
octane,80,0.01152477
octane,75,0.00779086
octane,70,0.00520292
octane,65,0.00343056
octane,60,0.00223189
octane,55,0.00143182
octane,50,0.00090513
octane,45,0.00056342
octane,40,0.00034506
octane,35,0.00020776
octane,30,0.00012287
octane,25,0.00007130
caprylicacid,160,6.60579541
caprylicacid,155,5.03284269
caprylicacid,150,3.80142570
caprylicacid,145,2.84743696
caprylicacid,140,2.11533164
caprylicacid,135,1.55848617
caprylicacid,130,1.13859968
caprylicacid,125,0.82471042
caprylicacid,120,0.59210351
caprylicacid,115,0.42126566
caprylicacid,110,0.29694184
caprylicacid,105,0.20731947
caprylicacid,100,0.14333847
caprylicacid,95,0.09811732
caprylicacid,90,0.06648156
caprylicacid,85,0.04458079
caprylicacid,80,0.02958076
caprylicacid,75,0.01941843
caprylicacid,70,0.01260937
caprylicacid,65,0.00809802
caprylicacid,60,0.00514282
caprylicacid,55,0.00322915
caprylicacid,50,0.00200428
caprylicacid,45,0.00122948
caprylicacid,40,0.00074521
caprylicacid,35,0.00044618
caprylicacid,30,0.00026380
caprylicacid,25,0.00015396
aceticacidoctylester,160,16.23749536
aceticacidoctylester,155,13.87960291
aceticacidoctylester,150,11.76312647
aceticacidoctylester,145,9.88567337
aceticacidoctylester,140,8.23930155
aceticacidoctylester,135,6.81152720
aceticacidoctylester,130,5.58648867
aceticacidoctylester,125,4.54609650
aceticacidoctylester,120,3.67112982
aceticacidoctylester,115,2.94215554
aceticacidoctylester,110,2.34026306
aceticacidoctylester,105,1.84760298
aceticacidoctylester,100,1.44774461
aceticacidoctylester,95,1.12587756
aceticacidoctylester,90,0.86889149
aceticacidoctylester,85,0.66536078
aceticacidoctylester,80,0.50546569
aceticacidoctylester,75,0.38087162
aceticacidoctylester,70,0.28458514
aceticacidoctylester,65,0.21080059
aceticacidoctylester,60,0.15474698
aceticacidoctylester,55,0.11254176
aceticacidoctylester,50,0.08105551
aceticacidoctylester,45,0.05778970
aceticacidoctylester,40,0.04076847
aceticacidoctylester,35,0.02844438
aceticacidoctylester,30,0.01961746
aceticacidoctylester,25,0.01336667
cis-9-octadecenoicacid,160,2.35813544
cis-9-octadecenoicacid,155,1.85261367
cis-9-octadecenoicacid,150,1.44613516
cis-9-octadecenoicacid,145,1.12125910
cis-9-octadecenoicacid,140,0.86324932
cis-9-octadecenoicacid,135,0.65971321
cis-9-octadecenoicacid,130,0.50028309
cis-9-octadecenoicacid,125,0.37633057
cis-9-octadecenoicacid,120,0.28071567
cis-9-octadecenoicacid,115,0.20756672
cis-9-octadecenoicacid,110,0.15208754
cis-9-octadecenoicacid,105,0.11038918
cis-9-octadecenoicacid,100,0.07934322
cis-9-octadecenoicacid,95,0.05645455
cis-9-octadecenoicacid,90,0.03975127
cis-9-octadecenoicacid,85,0.02769013
cis-9-octadecenoicacid,80,0.01907574
cis-9-octadecenoicacid,75,0.01299218
cis-9-octadecenoicacid,70,0.00874558
cis-9-octadecenoicacid,65,0.00581652
cis-9-octadecenoicacid,60,0.00382089
cis-9-octadecenoicacid,55,0.00247827
cis-9-octadecenoicacid,50,0.00158661
cis-9-octadecenoicacid,45,0.00100223
cis-9-octadecenoicacid,40,0.00062443
cis-9-octadecenoicacid,35,0.00038356
cis-9-octadecenoicacid,30,0.00023218
cis-9-octadecenoicacid,25,0.00013844
oleyl-alcohol,160,1.76727537
oleyl-alcohol,155,1.37836259
oleyl-alcohol,150,1.06778012
oleyl-alcohol,145,0.82127448
oleyl-alcohol,140,0.62691764
oleyl-alcohol,135,0.47476253
oleyl-alcohol,130,0.35654574
oleyl-alcohol,125,0.26543471
oleyl-alcohol,120,0.19581099
oleyl-alcohol,115,0.14308350
oleyl-alcohol,110,0.10352739
oleyl-alcohol,105,0.07414437
oleyl-alcohol,100,0.05254199
oleyl-alcohol,95,0.03682927
oleyl-alcohol,90,0.02552668
oleyl-alcohol,85,0.01748921
oleyl-alcohol,80,0.01184086
oleyl-alcohol,75,0.00791947
oleyl-alcohol,70,0.00523084
oleyl-alcohol,65,0.00341090
oleyl-alcohol,60,0.00219504
oleyl-alcohol,55,0.00139360
oleyl-alcohol,50,0.00087255
oleyl-alcohol,45,0.00053854
oleyl-alcohol,40,0.00032751
oleyl-alcohol,35,0.00019615
oleyl-alcohol,30,0.00011563
oleyl-alcohol,25,0.00006706
hexamethyldisiloxane,160,4.32498605
hexamethyldisiloxane,155,3.43755944
hexamethyldisiloxane,150,2.72233952
hexamethyldisiloxane,145,2.14731593
hexamethyldisiloxane,140,1.68633436
hexamethyldisiloxane,135,1.31801675
hexamethyldisiloxane,130,1.02486173
hexamethyldisiloxane,125,0.79253347
hexamethyldisiloxane,120,0.60928376
hexamethyldisiloxane,115,0.46549455
hexamethyldisiloxane,110,0.35330213
hexamethyldisiloxane,105,0.26629169
hexamethyldisiloxane,100,0.19924629
hexamethyldisiloxane,95,0.14793915
hexamethyldisiloxane,90,0.10896124
hexamethyldisiloxane,85,0.07957712
hexamethyldisiloxane,80,0.05760465
hexamethyldisiloxane,75,0.04131423
hexamethyldisiloxane,70,0.02934452
hexamethyldisiloxane,65,0.02063210
hexamethyldisiloxane,60,0.01435303
hexamethyldisiloxane,55,0.00987443
hexamethyldisiloxane,50,0.00671461
hexamethyldisiloxane,45,0.00451055
hexamethyldisiloxane,40,0.00299148
hexamethyldisiloxane,35,0.00195758
hexamethyldisiloxane,30,0.00126311
hexamethyldisiloxane,25,0.00080307
octamethyltrisiloxane,160,4.15674107
octamethyltrisiloxane,155,3.37392635
octamethyltrisiloxane,150,2.72694971
octamethyltrisiloxane,145,2.19427635
octamethyltrisiloxane,140,1.75745578
octamethyltrisiloxane,135,1.40073788
octamethyltrisiloxane,130,1.11072167
octamethyltrisiloxane,125,0.87603556
octamethyltrisiloxane,120,0.68706120
octamethyltrisiloxane,115,0.53568818
octamethyltrisiloxane,110,0.41510123
octamethyltrisiloxane,105,0.31959504
octamethyltrisiloxane,100,0.24441333
octamethyltrisiloxane,95,0.18560907
octamethyltrisiloxane,90,0.13992284
octamethyltrisiloxane,85,0.10467759
octamethyltrisiloxane,80,0.07768713
octamethyltrisiloxane,75,0.05717724
octamethyltrisiloxane,70,0.04171739
octamethyltrisiloxane,65,0.03016232
octamethyltrisiloxane,60,0.02160186
octamethyltrisiloxane,55,0.01531836
octamethyltrisiloxane,50,0.01075065
octamethyltrisiloxane,45,0.00746369
octamethyltrisiloxane,40,0.00512333
octamethyltrisiloxane,35,0.00347538
octamethyltrisiloxane,30,0.00232842
octamethyltrisiloxane,25,0.00153982
decamethyltetrasiloxane,160,2.30351236
decamethyltetrasiloxane,155,1.86474608
decamethyltetrasiloxane,150,1.50347073
decamethyltetrasiloxane,145,1.20696796
decamethyltetrasiloxane,140,0.96450153
decamethyltetrasiloxane,135,0.76700260
decamethyltetrasiloxane,130,0.60681777
decamethyltetrasiloxane,125,0.47749362
decamethyltetrasiloxane,120,0.37359750
decamethyltetrasiloxane,115,0.29056624
decamethyltetrasiloxane,110,0.22457774
decamethyltetrasiloxane,105,0.17244135
decamethyltetrasiloxane,100,0.13150396
decamethyltetrasiloxane,95,0.09956906
decamethyltetrasiloxane,90,0.07482714
decamethyltetrasiloxane,85,0.05579545
decamethyltetrasiloxane,80,0.04126607
decamethyltetrasiloxane,75,0.03026115
decamethyltetrasiloxane,70,0.02199438
decamethyltetrasiloxane,65,0.01583799
decamethyltetrasiloxane,60,0.01129455
decamethyltetrasiloxane,55,0.00797313
decamethyltetrasiloxane,50,0.00556901
decamethyltetrasiloxane,45,0.00384684
decamethyltetrasiloxane,40,0.00262653
decamethyltetrasiloxane,35,0.00177163
decamethyltetrasiloxane,30,0.00117985
decamethyltetrasiloxane,25,0.00077530
oxalicacid,160,15.47240063
oxalicacid,155,13.35441237
oxalicacid,150,11.51057070
oxalicacid,145,9.90477902
oxalicacid,140,8.50674043
oxalicacid,135,7.29077383
oxalicacid,130,6.23487912
oxalicacid,125,5.32002171
oxalicacid,120,4.52942707
oxalicacid,115,3.84836447
oxalicacid,110,3.26363422
oxalicacid,105,2.76344058
oxalicacid,100,2.33712236
oxalicacid,95,1.97511635
oxalicacid,90,1.66881766
oxalicacid,85,1.41055319
oxalicacid,80,1.19349025
oxalicacid,75,1.01159323
oxalicacid,70,0.85957610
oxalicacid,65,0.73283549
oxalicacid,60,0.62740160
oxalicacid,55,0.53987569
oxalicacid,50,0.46737111
oxalicacid,45,0.40745276
oxalicacid,40,0.35808620
oxalicacid,35,0.31758376
oxalicacid,30,0.28456002
oxalicacid,25,0.25789233
oxalylchloride,160,42.50125610
oxalylchloride,155,40.05894562
oxalylchloride,150,37.62627344
oxalylchloride,145,35.20867158
oxalylchloride,140,32.81114132
oxalylchloride,135,30.43891110
oxalylchloride,130,28.10019142
oxalylchloride,125,25.80189828
oxalylchloride,120,23.55153507
oxalylchloride,115,21.35712297
oxalylchloride,110,19.22773312
oxalylchloride,105,17.17366478
oxalylchloride,100,15.20399653
oxalylchloride,95,13.33061249
oxalylchloride,90,11.56368013
oxalylchloride,85,9.91441844
oxalylchloride,80,8.39284163
oxalylchloride,75,7.00781628
oxalylchloride,70,5.76617300
oxalylchloride,65,4.67173898
oxalylchloride,60,3.72467493
oxalylchloride,55,2.92124658
oxalylchloride,50,2.25351352
oxalylchloride,45,1.71007565
oxalylchloride,40,1.27690305
oxalylchloride,35,0.93854493
oxalylchloride,30,0.67933508
oxalylchloride,25,0.48439786
oxetane,160,100.00000000
oxetane,155,100.00000000
oxetane,150,100.00000000
oxetane,145,100.00000000
oxetane,140,100.00000000
oxetane,135,100.00000000
oxetane,130,100.00000000
oxetane,125,100.00000000
oxetane,120,100.00000000
oxetane,115,100.00000000
oxetane,110,100.00000000
oxetane,105,46.59332588
oxetane,100,44.50846341
oxetane,95,42.40214222
oxetane,90,40.27575113
oxetane,85,38.13274310
oxetane,80,35.97584006
oxetane,75,33.81005275
oxetane,70,31.63952286
oxetane,65,29.46885697
oxetane,60,27.30508443
oxetane,55,25.15324177
oxetane,50,23.02195207
oxetane,45,20.91995275
oxetane,40,18.85607244
oxetane,35,16.84151057
oxetane,30,14.88767132
oxetane,25,13.00853438
o3,160,100.00000000
o3,155,100.00000000
o3,150,100.00000000
o3,145,100.00000000
o3,140,100.00000000
o3,135,100.00000000
o3,130,100.00000000
o3,125,100.00000000
o3,120,100.00000000
o3,115,100.00000000
o3,110,100.00000000
o3,105,100.00000000
o3,100,100.00000000
o3,95,100.00000000
o3,90,100.00000000
o3,85,100.00000000
o3,80,100.00000000
o3,75,100.00000000
o3,70,100.00000000
o3,65,100.00000000
o3,60,100.00000000
o3,55,100.00000000
o3,50,100.00000000
o3,45,100.00000000
o3,40,100.00000000
o3,35,100.00000000
o3,30,100.00000000
o3,25,100.00000000
p-anisidine,160,20.00356156
p-anisidine,155,16.62998863
p-anisidine,150,13.62581663
p-anisidine,145,11.01281792
p-anisidine,140,8.78884485
p-anisidine,135,6.93249982
p-anisidine,130,5.40946517
p-anisidine,125,4.17867101
p-anisidine,120,3.19726502
p-anisidine,115,2.42402936
p-anisidine,110,1.82142581
p-anisidine,105,1.35655606
p-anisidine,100,1.00139928
p-anisidine,95,0.73260824
p-anisidine,90,0.53106975
p-anisidine,85,0.38136550
p-anisidine,80,0.27121605
p-anisidine,75,0.19095482
p-anisidine,70,0.13305453
p-anisidine,65,0.09171548
p-anisidine,60,0.06251559
p-anisidine,55,0.04211870
p-anisidine,50,0.02803501
p-anisidine,45,0.01842693
p-anisidine,40,0.01195390
p-anisidine,35,0.00764955
p-anisidine,30,0.00482599
p-anisidine,25,0.00299987
4-bromobenzonitrile,160,18.67749775
4-bromobenzonitrile,155,15.86660726
4-bromobenzonitrile,150,13.29575918
4-bromobenzonitrile,145,10.99083253
4-bromobenzonitrile,140,8.96581086
4-bromobenzonitrile,135,7.22173409
4-bromobenzonitrile,130,5.74767843
4-bromobenzonitrile,125,4.52333581
4-bromobenzonitrile,120,3.52233608
4-bromobenzonitrile,115,2.71549222
4-bromobenzonitrile,110,2.07343701
4-bromobenzonitrile,105,1.56845728
4-bromobenzonitrile,100,1.17557209
4-bromobenzonitrile,95,0.87301664
4-bromobenzonitrile,90,0.64231600
4-bromobenzonitrile,85,0.46810763
4-bromobenzonitrile,80,0.33783066
4-bromobenzonitrile,75,0.24136107
4-bromobenzonitrile,70,0.17064190
4-bromobenzonitrile,65,0.11933550
4-bromobenzonitrile,60,0.08251185
4-bromobenzonitrile,55,0.05637755
4-bromobenzonitrile,50,0.03804554
4-bromobenzonitrile,45,0.02534298
4-bromobenzonitrile,40,0.01665330
4-bromobenzonitrile,35,0.01078817
4-bromobenzonitrile,30,0.00688492
4-bromobenzonitrile,25,0.00432546
4-bromonitrobenzene,160,20.47873675
4-bromonitrobenzene,155,17.91921874
4-bromonitrobenzene,150,15.51927476
4-bromonitrobenzene,145,13.29679493
4-bromonitrobenzene,140,11.26619583
4-bromonitrobenzene,135,9.43760474
4-bromonitrobenzene,130,7.81564734
4-bromonitrobenzene,125,6.39897854
4-bromonitrobenzene,120,5.18056839
4-bromonitrobenzene,115,4.14839860
4-bromonitrobenzene,110,3.28666845
4-bromonitrobenzene,105,2.57716174
4-bromonitrobenzene,100,2.00061718
4-bromonitrobenzene,95,1.53788937
4-bromonitrobenzene,90,1.17083824
4-bromonitrobenzene,85,0.88291121
4-bromonitrobenzene,80,0.65945917
4-bromonitrobenzene,75,0.48784017
4-bromonitrobenzene,70,0.35737298
4-bromonitrobenzene,65,0.25919472
4-bromonitrobenzene,60,0.18606690
4-bromonitrobenzene,55,0.13216113
4-bromonitrobenzene,50,0.09284528
4-bromonitrobenzene,45,0.06448302
4-bromonitrobenzene,40,0.04425348
4-bromonitrobenzene,35,0.02999390
4-bromonitrobenzene,30,0.02006544
4-bromonitrobenzene,25,0.01324102
1-bromo-4-methylbenzene,160,29.21444393
1-bromo-4-methylbenzene,155,26.63662534
1-bromo-4-methylbenzene,150,24.13509813
1-bromo-4-methylbenzene,145,21.72042068
1-bromo-4-methylbenzene,140,19.40492900
1-bromo-4-methylbenzene,135,17.19964168
1-bromo-4-methylbenzene,130,15.11618960
1-bromo-4-methylbenzene,125,13.16532870
1-bromo-4-methylbenzene,120,11.35620449
1-bromo-4-methylbenzene,115,9.69666522
1-bromo-4-methylbenzene,110,8.19198004
1-bromo-4-methylbenzene,105,6.84492645
1-bromo-4-methylbenzene,100,5.65508523
1-bromo-4-methylbenzene,95,4.61866536
1-bromo-4-methylbenzene,90,3.72881597
1-bromo-4-methylbenzene,85,2.97587182
1-bromo-4-methylbenzene,80,2.34794542
1-bromo-4-methylbenzene,75,1.83171451
1-bromo-4-methylbenzene,70,1.41317813
1-bromo-4-methylbenzene,65,1.07839078
1-bromo-4-methylbenzene,60,0.81405045
1-bromo-4-methylbenzene,55,0.60793391
1-bromo-4-methylbenzene,50,0.44915513
1-bromo-4-methylbenzene,45,0.32828082
1-bromo-4-methylbenzene,40,0.23732600
1-bromo-4-methylbenzene,35,0.16966988
1-bromo-4-methylbenzene,30,0.11992257
1-bromo-4-methylbenzene,25,0.08376842
1-(4-chlorophenyl)ethanone,160,27.11979640
1-(4-chlorophenyl)ethanone,155,24.22035884
1-(4-chlorophenyl)ethanone,150,21.43299058
1-(4-chlorophenyl)ethanone,145,18.78098120
1-(4-chlorophenyl)ethanone,140,16.28628423
1-(4-chlorophenyl)ethanone,135,13.96908330
1-(4-chlorophenyl)ethanone,130,11.84600351
1-(4-chlorophenyl)ethanone,125,9.92872186
1-(4-chlorophenyl)ethanone,120,8.22349288
1-(4-chlorophenyl)ethanone,115,6.73042091
1-(4-chlorophenyl)ethanone,110,5.44353019
1-(4-chlorophenyl)ethanone,105,4.35156522
1-(4-chlorophenyl)ethanone,100,3.43904012
1-(4-chlorophenyl)ethanone,95,2.68763311
1-(4-chlorophenyl)ethanone,90,2.07756397
1-(4-chlorophenyl)ethanone,85,1.58886541
1-(4-chlorophenyl)ethanone,80,1.20237324
1-(4-chlorophenyl)ethanone,75,0.90043466
1-(4-chlorophenyl)ethanone,70,0.66731854
1-(4-chlorophenyl)ethanone,65,0.48938967
1-(4-chlorophenyl)ethanone,60,0.35510381
1-(4-chlorophenyl)ethanone,55,0.25488262
1-(4-chlorophenyl)ethanone,50,0.18091900
1-(4-chlorophenyl)ethanone,45,0.12695007
1-(4-chlorophenyl)ethanone,40,0.08802483
1-(4-chlorophenyl)ethanone,35,0.06028289
1-(4-chlorophenyl)ethanone,30,0.04075380
1-(4-chlorophenyl)ethanone,25,0.02718141
1-chloro-4-nitrobenzene,160,27.85856110
1-chloro-4-nitrobenzene,155,24.99919342
1-chloro-4-nitrobenzene,150,22.23742069
1-chloro-4-nitrobenzene,145,19.59426774
1-chloro-4-nitrobenzene,140,17.09126350
1-chloro-4-nitrobenzene,135,14.74859174
1-chloro-4-nitrobenzene,130,12.58409219
1-chloro-4-nitrobenzene,125,10.61220430
1-chloro-4-nitrobenzene,120,8.84239342
1-chloro-4-nitrobenzene,115,7.27856143
1-chloro-4-nitrobenzene,110,5.91877313
1-chloro-4-nitrobenzene,105,4.75528479
1-chloro-4-nitrobenzene,100,3.77549808
1-chloro-4-nitrobenzene,95,2.96308914
1-chloro-4-nitrobenzene,90,2.29942365
1-chloro-4-nitrobenzene,85,1.76490476
1-chloro-4-nitrobenzene,80,1.34016339
1-chloro-4-nitrobenzene,75,1.00694478
1-chloro-4-nitrobenzene,70,0.74870219
1-chloro-4-nitrobenzene,65,0.55090412
1-chloro-4-nitrobenzene,60,0.40112334
1-chloro-4-nitrobenzene,55,0.28896895
1-chloro-4-nitrobenzene,50,0.20592019
1-chloro-4-nitrobenzene,45,0.14510876
1-chloro-4-nitrobenzene,40,0.10108325
1-chloro-4-nitrobenzene,35,0.06957816
1-chloro-4-nitrobenzene,30,0.04730067
1-chloro-4-nitrobenzene,25,0.03174174
p-chlorostyrene,160,34.03420651
p-chlorostyrene,155,31.25130646
p-chlorostyrene,150,28.51877320
p-chlorostyrene,145,25.84959960
p-chlorostyrene,140,23.26000244
p-chlorostyrene,135,20.76462168
p-chlorostyrene,130,18.38011944
p-chlorostyrene,125,16.12127570
p-chlorostyrene,120,14.00328929
p-chlorostyrene,115,12.03890383
p-chlorostyrene,110,10.23883781
p-chlorostyrene,105,8.61052960
p-chlorostyrene,100,7.15788960
p-chlorostyrene,95,5.88054455
p-chlorostyrene,90,4.77396092
p-chlorostyrene,85,3.82977053
p-chlorostyrene,80,3.03623133
p-chlorostyrene,75,2.37920074
p-chlorostyrene,70,1.84306109
p-chlorostyrene,65,1.41169604
p-chlorostyrene,60,1.06930934
p-chlorostyrene,55,0.80107687
p-chlorostyrene,50,0.59357102
p-chlorostyrene,45,0.43499726
p-chlorostyrene,40,0.31526032
p-chlorostyrene,35,0.22591249
p-chlorostyrene,30,0.16002383
p-chlorostyrene,25,0.11200958
1-chloro-4-methylbenzene,160,35.94398247
1-chloro-4-methylbenzene,155,33.04080142
1-chloro-4-methylbenzene,150,30.17313430
1-chloro-4-methylbenzene,145,27.35640641
1-chloro-4-methylbenzene,140,24.60955865
1-chloro-4-methylbenzene,135,21.95082428
1-chloro-4-methylbenzene,130,19.40057637
1-chloro-4-methylbenzene,125,16.97796059
1-chloro-4-methylbenzene,120,14.70227065
1-chloro-4-methylbenzene,115,12.59053050
1-chloro-4-methylbenzene,110,10.65676154
1-chloro-4-methylbenzene,105,8.91136712
1-chloro-4-methylbenzene,100,7.35987005
1-chloro-4-methylbenzene,95,6.00240279
1-chloro-4-methylbenzene,90,4.83388020
1-chloro-4-methylbenzene,85,3.84432473
1-chloro-4-methylbenzene,80,3.01976473
1-chloro-4-methylbenzene,75,2.34344208
1-chloro-4-methylbenzene,70,1.79710262
1-chloro-4-methylbenzene,65,1.36216506
1-chloro-4-methylbenzene,60,1.02071720
1-chloro-4-methylbenzene,55,0.75622632
1-chloro-4-methylbenzene,50,0.55396847
1-chloro-4-methylbenzene,45,0.40122114
1-chloro-4-methylbenzene,40,0.28726853
1-chloro-4-methylbenzene,35,0.20328247
1-chloro-4-methylbenzene,30,0.14212983
1-chloro-4-methylbenzene,25,0.09814665
"1,4-dichlorobenzene",160,32.50467532
"1,4-dichlorobenzene",155,29.76823219
"1,4-dichlorobenzene",150,27.09227111
"1,4-dichlorobenzene",145,24.48954456
"1,4-dichlorobenzene",140,21.97543828
"1,4-dichlorobenzene",135,19.56377215
"1,4-dichlorobenzene",130,17.26982975
"1,4-dichlorobenzene",125,15.10693927
"1,4-dichlorobenzene",120,13.08835578
"1,4-dichlorobenzene",115,11.22493419
"1,4-dichlorobenzene",110,9.52511378
"1,4-dichlorobenzene",105,7.99422536
"1,4-dichlorobenzene",100,6.63414261
"1,4-dichlorobenzene",95,5.44275425
"1,4-dichlorobenzene",90,4.41417656
"1,4-dichlorobenzene",85,3.53915238
"1,4-dichlorobenzene",80,2.80555339
"1,4-dichlorobenzene",75,2.19930988
"1,4-dichlorobenzene",70,1.70526673
"1,4-dichlorobenzene",65,1.30805693
"1,4-dichlorobenzene",60,0.99281228
"1,4-dichlorobenzene",55,0.74571423
"1,4-dichlorobenzene",50,0.55433680
"1,4-dichlorobenzene",45,0.40782433
"1,4-dichlorobenzene",40,0.29692146
"1,4-dichlorobenzene",35,0.21390387
"1,4-dichlorobenzene",30,0.15244514
"1,4-dichlorobenzene",25,0.10745001
"1,4-diethylbenzene",160,22.90336892
"1,4-diethylbenzene",155,19.84760753
"1,4-diethylbenzene",150,17.02007961
"1,4-diethylbenzene",145,14.44312428
"1,4-diethylbenzene",140,12.12993942
"1,4-diethylbenzene",135,10.08423531
"1,4-diethylbenzene",130,8.30096081
"1,4-diethylbenzene",125,6.76770629
"1,4-diethylbenzene",120,5.46648793
"1,4-diethylbenzene",115,4.37567492
"1,4-diethylbenzene",110,3.47175919
"1,4-diethylbenzene",105,2.73084611
"1,4-diethylbenzene",100,2.12979193
"1,4-diethylbenzene",95,1.64699326
"1,4-diethylbenzene",90,1.26286371
"1,4-diethylbenzene",85,0.96006444
"1,4-diethylbenzene",80,0.72354898
"1,4-diethylbenzene",75,0.54048071
"1,4-diethylbenzene",70,0.40007034
"1,4-diethylbenzene",65,0.29336956
"1,4-diethylbenzene",60,0.21304704
"1,4-diethylbenzene",55,0.15316459
"1,4-diethylbenzene",50,0.10896483
"1,4-diethylbenzene",45,0.07667690
"1,4-diethylbenzene",40,0.05334337
"1,4-diethylbenzene",35,0.03666941
"1,4-diethylbenzene",30,0.02489352
"1,4-diethylbenzene",25,0.01667862
p-divinylbenzene,160,35.18809105
p-divinylbenzene,155,32.33338492
p-divinylbenzene,150,29.52217684
p-divinylbenzene,145,26.76951456
p-divinylbenzene,140,24.09275523
p-divinylbenzene,135,21.50881720
p-divinylbenzene,130,19.03570158
p-divinylbenzene,125,16.69099609
p-divinylbenzene,120,14.49085387
p-divinylbenzene,115,12.45000482
p-divinylbenzene,110,10.58016771
p-divinylbenzene,105,8.88980435
p-divinylbenzene,100,7.38312876
p-divinylbenzene,95,6.05970005
p-divinylbenzene,90,4.91463879
p-divinylbenzene,85,3.93887199
p-divinylbenzene,80,3.11984494
p-divinylbenzene,75,2.44253210
p-divinylbenzene,70,1.89045878
p-divinylbenzene,65,1.44672128
p-divinylbenzene,60,1.09483608
p-divinylbenzene,55,0.81939503
p-divinylbenzene,50,0.60648630
p-divinylbenzene,45,0.44391846
p-divinylbenzene,40,0.32127473
p-divinylbenzene,35,0.22984916
p-divinylbenzene,30,0.16250619
p-divinylbenzene,25,0.11349898
4-fluoroanisole,160,37.17631258
4-fluoroanisole,155,34.30559532
4-fluoroanisole,150,31.45543203
4-fluoroanisole,145,28.64149131
4-fluoroanisole,140,25.88028702
4-fluoroanisole,135,23.18912110
4-fluoroanisole,130,20.58813867
4-fluoroanisole,125,18.09725524
4-fluoroanisole,120,15.73685362
4-fluoroanisole,115,13.52710225
4-fluoroanisole,110,11.48578574
4-fluoroanisole,105,9.62745839
4-fluoroanisole,100,7.96258252
4-fluoroanisole,95,6.49608077
4-fluoroanisole,90,5.22683932
4-fluoroanisole,85,4.14791168
4-fluoroanisole,80,3.24709561
4-fluoroanisole,75,2.50813150
4-fluoroanisole,70,1.91219033
4-fluoroanisole,65,1.43937854
4-fluoroanisole,60,1.07004103
4-fluoroanisole,55,0.78576812
4-fluoroanisole,50,0.57003605
4-fluoroanisole,45,0.40853051
4-fluoroanisole,40,0.28921081
4-fluoroanisole,35,0.20219967
4-fluoroanisole,30,0.13956830
4-fluoroanisole,25,0.09507311
1-methyl-4-nitro-benzene,160,32.25339162
1-methyl-4-nitro-benzene,155,29.28193345
1-methyl-4-nitro-benzene,150,26.37054475
1-methyl-4-nitro-benzene,145,23.54144820
1-methyl-4-nitro-benzene,140,20.81666038
1-methyl-4-nitro-benzene,135,18.21991281
1-methyl-4-nitro-benzene,130,15.77375768
1-methyl-4-nitro-benzene,125,13.49905642
1-methyl-4-nitro-benzene,120,11.41350386
1-methyl-4-nitro-benzene,115,9.53042908
1-methyl-4-nitro-benzene,110,7.85722135
1-methyl-4-nitro-benzene,105,6.39513360
1-methyl-4-nitro-benzene,100,5.13900455
1-methyl-4-nitro-benzene,95,4.07786002
1-methyl-4-nitro-benzene,90,3.19613279
1-methyl-4-nitro-benzene,85,2.47508633
1-methyl-4-nitro-benzene,80,1.89437025
1-methyl-4-nitro-benzene,75,1.43340540
1-methyl-4-nitro-benzene,70,1.07250029
1-methyl-4-nitro-benzene,65,0.79361410
1-methyl-4-nitro-benzene,60,0.58079895
1-methyl-4-nitro-benzene,55,0.42036597
1-methyl-4-nitro-benzene,50,0.30085418
1-methyl-4-nitro-benzene,45,0.21287033
1-methyl-4-nitro-benzene,40,0.14885856
1-methyl-4-nitro-benzene,35,0.10284148
1-methyl-4-nitro-benzene,30,0.07016242
1-methyl-4-nitro-benzene,25,0.04724542
4-hydroxyacetanilide,160,0.13700992
4-hydroxyacetanilide,155,0.09931754
4-hydroxyacetanilide,150,0.07148306
4-hydroxyacetanilide,145,0.05107172
4-hydroxyacetanilide,140,0.03621325
4-hydroxyacetanilide,135,0.02547914
4-hydroxyacetanilide,130,0.01778536
4-hydroxyacetanilide,125,0.01231519
4-hydroxyacetanilide,120,0.00845798
4-hydroxyacetanilide,115,0.00576094
4-hydroxyacetanilide,110,0.00389118
4-hydroxyacetanilide,105,0.00260611
4-hydroxyacetanilide,100,0.00173061
4-hydroxyacetanilide,95,0.00113937
4-hydroxyacetanilide,90,0.00074364
4-hydroxyacetanilide,85,0.00048113
4-hydroxyacetanilide,80,0.00030856
4-hydroxyacetanilide,75,0.00019613
4-hydroxyacetanilide,70,0.00012355
4-hydroxyacetanilide,65,0.00007712
4-hydroxyacetanilide,60,0.00004769
4-hydroxyacetanilide,55,0.00002922
4-hydroxyacetanilide,50,0.00001773
4-hydroxyacetanilide,45,0.00001065
4-hydroxyacetanilide,40,0.00000633
4-hydroxyacetanilide,35,0.00000373
4-hydroxyacetanilide,30,0.00000217
4-hydroxyacetanilide,25,0.00000125
paraldehyde,160,31.58701912
paraldehyde,155,28.53056860
paraldehyde,150,25.55083763
paraldehyde,145,22.67368287
paraldehyde,140,19.92422002
paraldehyde,135,17.32731041
paraldehyde,130,14.90533243
paraldehyde,125,12.67763480
paraldehyde,120,10.65827673
paraldehyde,115,8.85549017
paraldehyde,110,7.27112582
paraldehyde,105,5.90058036
paraldehyde,100,4.73341000
paraldehyde,95,3.75452857
paraldehyde,90,2.94557181
paraldehyde,85,2.28639036
paraldehyde,80,1.75638340
paraldehyde,75,1.33560331
paraldehyde,70,1.00553432
paraldehyde,65,0.74958000
paraldehyde,60,0.55328335
paraldehyde,55,0.40435163
paraldehyde,50,0.29254604
paraldehyde,45,0.20949024
paraldehyde,40,0.14844000
paraldehyde,35,0.10404288
paraldehyde,30,0.07210744
paraldehyde,25,0.04939267
pentachloroethane,160,12.32048351
pentachloroethane,155,10.18925364
pentachloroethane,150,8.35933298
pentachloroethane,145,6.80901676
pentachloroethane,140,5.51038523
pentachloroethane,135,4.43294858
pentachloroethane,130,3.54631599
pentachloroethane,125,2.82188690
pentachloroethane,120,2.23376558
pentachloroethane,115,1.75911453
pentachloroethane,110,1.37818116
pentachloroethane,105,1.07411943
pentachloroethane,100,0.83271819
pentachloroethane,95,0.64209415
pentachloroethane,90,0.49238453
pentachloroethane,85,0.37545767
pentachloroethane,80,0.28465056
pentachloroethane,75,0.21453588
pentachloroethane,70,0.16071882
pentachloroethane,65,0.11966163
pentachloroethane,60,0.08853353
pentachloroethane,55,0.06508338
pentachloroethane,50,0.04753223
pentachloroethane,45,0.03448346
pentachloroethane,40,0.02484786
pentachloroethane,35,0.01778185
pentachloroethane,30,0.01263665
pentachloroethane,25,0.00891695
pentachlorophenol,160,10.75921631
pentachlorophenol,155,9.14029487
pentachlorophenol,150,7.72263009
pentachlorophenol,145,6.49127664
pentachlorophenol,140,5.42976367
pentachlorophenol,135,4.52100746
pentachlorophenol,130,3.74800982
pentachlorophenol,125,3.09440787
pentachlorophenol,120,2.54483532
pentachlorophenol,115,2.08514777
pentachlorophenol,110,1.70253728
pentachlorophenol,105,1.38556408
pentachlorophenol,100,1.12412931
pentachlorophenol,95,0.90940815
pentachlorophenol,90,0.73375837
pentachlorophenol,85,0.59061531
pentachlorophenol,80,0.47438169
pentachlorophenol,75,0.38031763
pentachlorophenol,70,0.30443505
pentachlorophenol,65,0.24339859
pentachlorophenol,60,0.19443478
pentachlorophenol,55,0.15524993
pentachlorophenol,50,0.12395700
pentachlorophenol,45,0.09901118
pentachlorophenol,40,0.07915386
pentachlorophenol,35,0.06336416
pentachlorophenol,30,0.05081759
pentachlorophenol,25,0.04085089
valeraldehyde,160,49.91575005
valeraldehyde,155,47.14562502
valeraldehyde,150,44.32483908
valeraldehyde,145,41.45966221
valeraldehyde,140,38.56204720
valeraldehyde,135,35.64190751
valeraldehyde,130,32.71315650
valeraldehyde,125,29.79386411
valeraldehyde,120,26.90274157
valeraldehyde,115,24.06272725
valeraldehyde,110,21.29830491
valeraldehyde,105,18.63644095
valeraldehyde,100,16.10461981
valeraldehyde,95,13.73029504
valeraldehyde,90,11.53907467
valeraldehyde,85,9.55199869
valeraldehyde,80,7.78402967
valeraldehyde,75,6.24262136
valeraldehyde,70,4.92655674
valeraldehyde,65,3.82649561
valeraldehyde,60,2.92606427
valeraldehyde,55,2.20385366
valeraldehyde,50,1.63570889
valeraldehyde,45,1.19687759
valeraldehyde,40,0.86371972
valeraldehyde,35,0.61486911
valeraldehyde,30,0.43184306
valeraldehyde,25,0.29921744
pentane,160,10.09297198
pentane,155,7.64915470
pentane,150,5.78668573
pentane,145,4.36665872
pentane,140,3.28410480
pentane,135,2.45969923
pentane,130,1.83323038
pentane,125,1.35866923
pentane,120,1.00065693
pentane,115,0.73191555
pentane,110,0.53135424
pentane,105,0.38265462
pentane,100,0.27320499
pentane,95,0.19328236
pentane,90,0.13541977
pentane,85,0.09391207
pentane,80,0.06442734
pentane,75,0.04370015
pentane,70,0.02928913
pentane,65,0.01938556
pentane,60,0.01266266
pentane,55,0.00815753
pentane,50,0.00517937
pentane,45,0.00323863
pentane,40,0.00199283
pentane,35,0.00120572
pentane,30,0.00071665
pentane,25,0.00041806
n-bucooh,160,9.81437701
n-bucooh,155,7.36364624
n-bucooh,150,5.46410724
n-bucooh,145,4.01475122
n-bucooh,140,2.92298929
n-bucooh,135,2.10957906
n-bucooh,130,1.50951740
n-bucooh,125,1.07094114
n-bucooh,120,0.75326877
n-bucooh,115,0.52522075
n-bucooh,110,0.36297940
n-bucooh,105,0.24860424
n-bucooh,100,0.16871831
n-bucooh,95,0.11344596
n-bucooh,90,0.07556859
n-bucooh,85,0.04986295
n-bucooh,80,0.03258845
n-bucooh,75,0.02109441
n-bucooh,70,0.01352261
n-bucooh,65,0.00858450
n-bucooh,60,0.00539634
n-bucooh,55,0.00335875
n-bucooh,50,0.00206969
n-bucooh,45,0.00126248
n-bucooh,40,0.00076220
n-bucooh,35,0.00045535
n-bucooh,30,0.00026912
n-bucooh,25,0.00015731
tetrafluoroethene,160,0.71910034
tetrafluoroethene,155,0.51270037
tetrafluoroethene,150,0.36417937
tetrafluoroethene,145,0.25738064
tetrafluoroethene,140,0.18079596
tetrafluoroethene,135,0.12611714
tetrafluoroethene,130,0.08729881
tetrafluoroethene,125,0.05992492
tetrafluoroethene,120,0.04076767
tetrafluoroethene,115,0.02747251
tetrafluoroethene,110,0.01832874
tetrafluoroethene,105,0.01210056
tetrafluoroethene,100,0.00790145
tetrafluoroethene,95,0.00510068
tetrafluoroethene,90,0.00325356
tetrafluoroethene,85,0.00204967
tetrafluoroethene,80,0.00127463
tetrafluoroethene,75,0.00078204
tetrafluoroethene,70,0.00047312
tetrafluoroethene,65,0.00028208
tetrafluoroethene,60,0.00016564
tetrafluoroethene,55,0.00009574
tetrafluoroethene,50,0.00005443
tetrafluoroethene,45,0.00003042
tetrafluoroethene,40,0.00001669
tetrafluoroethene,35,0.00000899
tetrafluoroethene,30,0.00000475
tetrafluoroethene,25,0.00000246
decafluorobutane,160,0.00006947
decafluorobutane,155,0.00004452
decafluorobutane,150,0.00002820
decafluorobutane,145,0.00001765
decafluorobutane,140,0.00001090
decafluorobutane,135,0.00000665
decafluorobutane,130,0.00000400
decafluorobutane,125,0.00000237
decafluorobutane,120,0.00000139
decafluorobutane,115,0.00000080
decafluorobutane,110,0.00000045
decafluorobutane,105,0.00000025
decafluorobutane,100,0.00000014
decafluorobutane,95,0.00000007
decafluorobutane,90,0.00000004
decafluorobutane,85,0.00000002
decafluorobutane,80,0.00000001
decafluorobutane,75,0.00000001
decafluorobutane,70,0.00000000
decafluorobutane,65,0.00000000
decafluorobutane,60,0.00000000
decafluorobutane,55,0.00000000
decafluorobutane,50,0.00000000
decafluorobutane,45,0.00000000
decafluorobutane,40,0.00000000
decafluorobutane,35,0.00000000
decafluorobutane,30,0.00000000
decafluorobutane,25,0.00000000
perfluoroheptane,160,0.00001855
perfluoroheptane,155,0.00001188
perfluoroheptane,150,0.00000751
perfluoroheptane,145,0.00000469
perfluoroheptane,140,0.00000289
perfluoroheptane,135,0.00000176
perfluoroheptane,130,0.00000106
perfluoroheptane,125,0.00000063
perfluoroheptane,120,0.00000037
perfluoroheptane,115,0.00000021
perfluoroheptane,110,0.00000012
perfluoroheptane,105,0.00000007
perfluoroheptane,100,0.00000004
perfluoroheptane,95,0.00000002
perfluoroheptane,90,0.00000001
perfluoroheptane,85,0.00000001
perfluoroheptane,80,0.00000000
perfluoroheptane,75,0.00000000
perfluoroheptane,70,0.00000000
perfluoroheptane,65,0.00000000
perfluoroheptane,60,0.00000000
perfluoroheptane,55,0.00000000
perfluoroheptane,50,0.00000000
perfluoroheptane,45,0.00000000
perfluoroheptane,40,0.00000000
perfluoroheptane,35,0.00000000
perfluoroheptane,30,0.00000000
perfluoroheptane,25,0.00000000
perfluoro-n-hexane,160,0.00002592
perfluoro-n-hexane,155,0.00001660
perfluoro-n-hexane,150,0.00001050
perfluoro-n-hexane,145,0.00000656
perfluoro-n-hexane,140,0.00000405
perfluoro-n-hexane,135,0.00000247
perfluoro-n-hexane,130,0.00000148
perfluoro-n-hexane,125,0.00000088
perfluoro-n-hexane,120,0.00000051
perfluoro-n-hexane,115,0.00000029
perfluoro-n-hexane,110,0.00000017
perfluoro-n-hexane,105,0.00000009
perfluoro-n-hexane,100,0.00000005
perfluoro-n-hexane,95,0.00000003
perfluoro-n-hexane,90,0.00000001
perfluoro-n-hexane,85,0.00000001
perfluoro-n-hexane,80,0.00000000
perfluoro-n-hexane,75,0.00000000
perfluoro-n-hexane,70,0.00000000
perfluoro-n-hexane,65,0.00000000
perfluoro-n-hexane,60,0.00000000
perfluoro-n-hexane,55,0.00000000
perfluoro-n-hexane,50,0.00000000
perfluoro-n-hexane,45,0.00000000
perfluoro-n-hexane,40,0.00000000
perfluoro-n-hexane,35,0.00000000
perfluoro-n-hexane,30,0.00000000
perfluoro-n-hexane,25,0.00000000
perfluoromethylcyclohexane,160,0.00002560
perfluoromethylcyclohexane,155,0.00001638
perfluoromethylcyclohexane,150,0.00001036
perfluoromethylcyclohexane,145,0.00000647
perfluoromethylcyclohexane,140,0.00000399
perfluoromethylcyclohexane,135,0.00000243
perfluoromethylcyclohexane,130,0.00000146
perfluoromethylcyclohexane,125,0.00000086
perfluoromethylcyclohexane,120,0.00000050
perfluoromethylcyclohexane,115,0.00000029
perfluoromethylcyclohexane,110,0.00000016
perfluoromethylcyclohexane,105,0.00000009
perfluoromethylcyclohexane,100,0.00000005
perfluoromethylcyclohexane,95,0.00000003
perfluoromethylcyclohexane,90,0.00000001
perfluoromethylcyclohexane,85,0.00000001
perfluoromethylcyclohexane,80,0.00000000
perfluoromethylcyclohexane,75,0.00000000
perfluoromethylcyclohexane,70,0.00000000
perfluoromethylcyclohexane,65,0.00000000
perfluoromethylcyclohexane,60,0.00000000
perfluoromethylcyclohexane,55,0.00000000
perfluoromethylcyclohexane,50,0.00000000
perfluoromethylcyclohexane,45,0.00000000
perfluoromethylcyclohexane,40,0.00000000
perfluoromethylcyclohexane,35,0.00000000
perfluoromethylcyclohexane,30,0.00000000
perfluoromethylcyclohexane,25,0.00000000
perfluoropentane,160,0.00003974
perfluoropentane,155,0.00002546
perfluoropentane,150,0.00001612
perfluoropentane,145,0.00001008
perfluoropentane,140,0.00000622
perfluoropentane,135,0.00000379
perfluoropentane,130,0.00000228
perfluoropentane,125,0.00000135
perfluoropentane,120,0.00000079
perfluoropentane,115,0.00000045
perfluoropentane,110,0.00000026
perfluoropentane,105,0.00000014
perfluoropentane,100,0.00000008
perfluoropentane,95,0.00000004
perfluoropentane,90,0.00000002
perfluoropentane,85,0.00000001
perfluoropentane,80,0.00000001
perfluoropentane,75,0.00000000
perfluoropentane,70,0.00000000
perfluoropentane,65,0.00000000
perfluoropentane,60,0.00000000
perfluoropentane,55,0.00000000
perfluoropentane,50,0.00000000
perfluoropentane,45,0.00000000
perfluoropentane,40,0.00000000
perfluoropentane,35,0.00000000
perfluoropentane,30,0.00000000
perfluoropentane,25,0.00000000
ethoxybenzene,160,37.04055472
ethoxybenzene,155,34.11899075
ethoxybenzene,150,31.22337805
ethoxybenzene,145,28.37105315
ethoxybenzene,140,25.57962508
ethoxybenzene,135,22.86835534
ethoxybenzene,130,20.25834885
ethoxybenzene,125,17.76954064
ethoxybenzene,120,15.42272017
ethoxybenzene,115,13.23646721
ethoxybenzene,110,11.22681533
ethoxybenzene,105,9.40601152
ethoxybenzene,100,7.78164053
ethoxybenzene,95,6.35560605
ethoxybenzene,90,5.12430488
ethoxybenzene,85,4.07879439
ethoxybenzene,80,3.20564646
ethoxybenzene,75,2.48818218
ethoxybenzene,70,1.90783647
ethoxybenzene,65,1.44542390
ethoxybenzene,60,1.08225110
ethoxybenzene,55,0.80092952
ethoxybenzene,50,0.58588470
ethoxybenzene,45,0.42360451
ethoxybenzene,40,0.30267598
ethoxybenzene,35,0.21367949
ethoxybenzene,30,0.14899618
ethoxybenzene,25,0.10257428
phenol,160,37.82808879
phenol,155,34.06325634
phenol,150,30.30394420
phenol,145,26.60291473
phenol,140,23.01893276
phenol,135,19.61381771
phenol,130,16.44619103
phenol,125,13.56557834
phenol,120,11.00748401
phenol,115,8.78972693
phenol,110,6.91179918
phenol,105,5.35696957
phenol,100,4.09631738
phenol,95,3.09354074
phenol,90,2.30953402
phenol,85,1.70597925
phenol,80,1.24774615
phenol,75,0.90417118
phenol,70,0.64948165
phenol,65,0.46265043
phenol,60,0.32692888
phenol,55,0.22923767
phenol,50,0.15953269
phenol,45,0.11021196
phenol,40,0.07559573
phenol,35,0.05148991
phenol,30,0.03483094
phenol,25,0.02340366
phenylacetate,160,28.12690059
phenylacetate,155,24.98541116
phenylacetate,150,21.96725458
phenylacetate,145,19.10406855
phenylacetate,140,16.42528414
phenylacetate,135,13.95607347
phenylacetate,130,11.71566941
phenylacetate,125,9.71591812
phenylacetate,120,7.96045104
phenylacetate,115,6.44477186
phenylacetate,110,5.15719706
phenylacetate,105,4.08040274
phenylacetate,100,3.19321861
phenylacetate,95,2.47249593
phenylacetate,90,1.89473577
phenylacetate,85,1.43735220
phenylacetate,80,1.07954493
phenylacetate,75,0.80279868
phenylacetate,70,0.59108571
phenylacetate,65,0.43085099
phenylacetate,60,0.31085612
phenylacetate,55,0.22194251
phenylacetate,50,0.15676030
phenylacetate,45,0.10949309
phenylacetate,40,0.07559785
phenylacetate,35,0.05157022
phenylacetate,30,0.03473991
phenylacetate,25,0.02309675
phenylacetonitrile,160,26.40946333
phenylacetonitrile,155,22.83003744
phenylacetonitrile,150,19.46244721
phenylacetonitrile,145,16.35846939
phenylacetonitrile,140,13.55754456
phenylacetonitrile,135,11.08319671
phenylacetonitrile,130,8.94193449
phenylacetonitrile,125,7.12467497
phenylacetonitrile,120,5.61000405
phenylacetonitrile,115,4.36823542
phenylacetonitrile,110,3.36539432
phenylacetonitrile,105,2.56652577
phenylacetonitrile,100,1.93808865
phenylacetonitrile,95,1.44945621
phenylacetonitrile,90,1.07368131
phenylacetonitrile,85,0.78772627
phenylacetonitrile,80,0.57234343
phenylacetonitrile,75,0.41175374
phenylacetonitrile,70,0.29322891
phenylacetonitrile,65,0.20664649
phenylacetonitrile,60,0.14405977
phenylacetonitrile,55,0.09930529
phenylacetonitrile,50,0.06765816
phenylacetonitrile,45,0.04553781
phenylacetonitrile,40,0.03026198
phenylacetonitrile,35,0.01984488
phenylacetonitrile,30,0.01283398
phenylacetonitrile,25,0.00818000
ethynylbenzene,160,45.42708515
ethynylbenzene,155,42.71499618
ethynylbenzene,150,39.98640883
ethynylbenzene,145,37.25135451
ethynylbenzene,140,34.51873962
ethynylbenzene,135,31.79945914
ethynylbenzene,130,29.10729241
ethynylbenzene,125,26.45715455
ethynylbenzene,120,23.86418466
ethynylbenzene,115,21.34531752
ethynylbenzene,110,18.91842291
ethynylbenzene,105,16.60204880
ethynylbenzene,100,14.41396714
ethynylbenzene,95,12.37171622
ethynylbenzene,90,10.49051883
ethynylbenzene,85,8.78254144
ethynylbenzene,80,7.25573366
ethynylbenzene,75,5.91351671
ethynylbenzene,70,4.75377174
ethynylbenzene,65,3.76927261
ethynylbenzene,60,2.94829558
ethynylbenzene,55,2.27555229
ethynylbenzene,50,1.73357939
ethynylbenzene,45,1.30402708
ethynylbenzene,40,0.96883526
ethynylbenzene,35,0.71111781
ethynylbenzene,30,0.51574369
ethynylbenzene,25,0.36962167
phenyl-hydrazine,160,27.41848720
phenyl-hydrazine,155,23.60170967
phenyl-hydrazine,150,20.00182795
phenyl-hydrazine,145,16.68396590
phenyl-hydrazine,140,13.69854271
phenyl-hydrazine,135,11.07606489
phenyl-hydrazine,130,8.82539661
phenyl-hydrazine,125,6.93562077
phenyl-hydrazine,120,5.38046520
phenyl-hydrazine,115,4.12378887
phenyl-hydrazine,110,3.12482467
phenyl-hydrazine,105,2.34237571
phenyl-hydrazine,100,1.73769179
phenyl-hydrazine,95,1.27613207
phenyl-hydrazine,90,0.92787778
phenyl-hydrazine,85,0.66799891
phenyl-hydrazine,80,0.47613295
phenyl-hydrazine,75,0.33596445
phenyl-hydrazine,70,0.23463336
phenyl-hydrazine,65,0.16214928
phenyl-hydrazine,60,0.11085348
phenyl-hydrazine,55,0.07494774
phenyl-hydrazine,50,0.05009522
phenyl-hydrazine,45,0.03309065
phenyl-hydrazine,40,0.02159325
phenyl-hydrazine,35,0.01391417
phenyl-hydrazine,30,0.00884983
phenyl-hydrazine,25,0.00555332
carbonicdichloride,160,45.66971651
carbonicdichloride,155,42.75119713
carbonicdichloride,150,39.78447280
carbonicdichloride,145,36.77538548
carbonicdichloride,140,33.73776861
carbonicdichloride,135,30.68784347
carbonicdichloride,130,27.64561366
carbonicdichloride,125,24.63546801
carbonicdichloride,120,21.68621428
carbonicdichloride,115,18.83156781
carbonicdichloride,110,16.10885504
carbonicdichloride,105,13.55632619
carbonicdichloride,100,11.21050485
carbonicdichloride,95,9.10229509
carbonicdichloride,90,7.25331058
carbonicdichloride,85,5.67256430
carbonicdichloride,80,4.35575615
carbonicdichloride,75,3.28626009
carbonicdichloride,70,2.43828830
carbonicdichloride,65,1.78081382
carbonicdichloride,60,1.28135399
carbonicdichloride,55,0.90893342
carbonicdichloride,50,0.63593594
carbonicdichloride,45,0.43896210
carbonicdichloride,40,0.29895099
carbonicdichloride,35,0.20085444
carbonicdichloride,30,0.13309244
carbonicdichloride,25,0.08694413
phosphoricacid,160,0.00000666
phosphoricacid,155,0.00000504
phosphoricacid,150,0.00000383
phosphoricacid,145,0.00000291
phosphoricacid,140,0.00000223
phosphoricacid,135,0.00000171
phosphoricacid,130,0.00000132
phosphoricacid,125,0.00000103
phosphoricacid,120,0.00000081
phosphoricacid,115,0.00000064
phosphoricacid,110,0.00000051
phosphoricacid,105,0.00000041
phosphoricacid,100,0.00000033
phosphoricacid,95,0.00000028
phosphoricacid,90,0.00000023
phosphoricacid,85,0.00000020
phosphoricacid,80,0.00000017
phosphoricacid,75,0.00000015
phosphoricacid,70,0.00000013
phosphoricacid,65,0.00000012
phosphoricacid,60,0.00000012
phosphoricacid,55,0.00000011
phosphoricacid,50,0.00000011
phosphoricacid,45,0.00000011
phosphoricacid,40,0.00000011
phosphoricacid,35,0.00000012
phosphoricacid,30,0.00000013
phosphoricacid,25,0.00000014
pocl3,160,27.79898430
pocl3,155,24.76050764
pocl3,150,21.81962774
pocl3,145,19.00718915
pocl3,140,16.35433755
pocl3,135,13.89085398
pocl3,130,11.64187830
pocl3,125,9.62596313
pocl3,120,7.85284246
pocl3,115,6.32264846
pocl3,110,5.02643003
pocl3,105,3.94774619
pocl3,100,3.06490373
pocl3,95,2.35339815
pocl3,90,1.78806079
pocl3,85,1.34471167
pocl3,80,1.00123871
pocl3,75,0.73817486
pocl3,70,0.53888875
pocl3,65,0.38951130
pocl3,60,0.27870682
pocl3,55,0.19736696
pocl3,50,0.13828164
pocl3,45,0.09581998
pocl3,40,0.06563933
pocl3,35,0.04443061
pocl3,30,0.02970186
pocl3,25,0.01959844
pcl3,160,13.90756892
pcl3,155,10.64618199
pcl3,150,8.05683490
pcl3,145,6.05442199
pcl3,140,4.52826691
pcl3,135,3.37380484
pcl3,130,2.50412747
pcl3,125,1.85084221
pcl3,120,1.36145341
pcl3,115,0.99602040
pcl3,110,0.72421777
pcl3,105,0.52301531
pcl3,100,0.37490623
pcl3,95,0.26657651
pcl3,90,0.18790978
pcl3,85,0.13123495
pcl3,80,0.09075512
pcl3,75,0.06211054
pcl3,70,0.04204196
pcl3,65,0.02813014
pcl3,60,0.01859411
pcl3,55,0.01213469
pcl3,50,0.00781372
pcl3,45,0.00496110
pcl3,40,0.00310376
pcl3,35,0.00191194
pcl3,30,0.00115879
pcl3,25,0.00069044
phthalicanhydride,160,16.54125952
phthalicanhydride,155,13.62479006
phthalicanhydride,150,11.07969393
phthalicanhydride,145,8.90515595
phthalicanhydride,140,7.08170260
phthalicanhydride,135,5.57730277
phthalicanhydride,130,4.35338760
phthalicanhydride,125,3.36966102
phthalicanhydride,120,2.58737067
phthalicanhydride,115,1.97121089
phthalicanhydride,110,1.49018117
phthalicanhydride,105,1.11778955
phthalicanhydride,100,0.83184534
phthalicanhydride,95,0.61405060
phthalicanhydride,90,0.44950970
phthalicanhydride,85,0.32622930
phthalicanhydride,80,0.23464755
phthalicanhydride,75,0.16721120
phthalicanhydride,70,0.11800660
phthalicanhydride,65,0.08244482
phthalicanhydride,60,0.05699683
phthalicanhydride,55,0.03897376
phthalicanhydride,50,0.02634639
phthalicanhydride,45,0.01759866
phthalicanhydride,40,0.01160961
phthalicanhydride,35,0.00755951
phthalicanhydride,30,0.00485568
phthalicanhydride,25,0.00307481
"2,4,6-trinitrophenol",160,24.37768559
"2,4,6-trinitrophenol",155,22.38393960
"2,4,6-trinitrophenol",150,20.48782134
"2,4,6-trinitrophenol",145,18.69004683
"2,4,6-trinitrophenol",140,16.99044726
"2,4,6-trinitrophenol",135,15.38909305
"2,4,6-trinitrophenol",130,13.88460835
"2,4,6-trinitrophenol",125,12.47650628
"2,4,6-trinitrophenol",120,11.16303896
"2,4,6-trinitrophenol",115,9.94248242
"2,4,6-trinitrophenol",110,8.81330610
"2,4,6-trinitrophenol",105,7.77289814
"2,4,6-trinitrophenol",100,6.81916228
"2,4,6-trinitrophenol",95,5.94913067
"2,4,6-trinitrophenol",90,5.16007156
"2,4,6-trinitrophenol",85,4.44854271
"2,4,6-trinitrophenol",80,3.81117837
"2,4,6-trinitrophenol",75,3.24408423
"2,4,6-trinitrophenol",70,2.74318723
"2,4,6-trinitrophenol",65,2.30409587
"2,4,6-trinitrophenol",60,1.92224379
"2,4,6-trinitrophenol",55,1.59288806
"2,4,6-trinitrophenol",50,1.31115414
"2,4,6-trinitrophenol",45,1.07218658
"2,4,6-trinitrophenol",40,0.87118709
"2,4,6-trinitrophenol",35,0.70352163
"2,4,6-trinitrophenol",30,0.56478929
"2,4,6-trinitrophenol",25,0.45089544
piperazine,160,45.43049281
piperazine,155,41.97498835
piperazine,150,38.41739564
piperazine,145,34.77943054
piperazine,140,31.09228433
piperazine,135,27.39787954
piperazine,130,23.75029647
piperazine,125,20.21367875
piperazine,120,16.85909291
piperazine,115,13.75800372
piperazine,110,10.97371726
piperazine,105,8.55158016
piperazine,100,6.51257937
piperazine,95,4.85115685
piperazine,90,3.53887844
piperazine,85,2.53175686
piperazine,80,1.77866630
piperazine,75,1.22849004
piperazine,70,0.83487344
piperazine,65,0.55857556
piperazine,60,0.36802729
piperazine,55,0.23880399
piperazine,50,0.15258591
piperazine,45,0.09598096
piperazine,40,0.05941455
piperazine,35,0.03617766
piperazine,30,0.02165719
piperazine,25,0.01273879
piperidine,160,48.39554252
piperidine,155,45.35995901
piperidine,150,42.24544159
piperidine,145,39.06265769
piperidine,140,35.82479277
piperidine,135,32.54996789
piperidine,130,29.26135699
piperidine,125,25.98868084
piperidine,120,22.76826011
piperidine,115,19.64264179
piperidine,110,16.65938511
piperidine,105,13.86748060
piperidine,100,11.31359103
piperidine,95,9.03685628
piperidine,90,7.06289022
piperidine,85,5.40081096
piperidine,80,4.04210537
piperidine,75,2.96300759
piperidine,70,2.12919408
piperidine,65,1.50118519
piperidine,60,1.03923134
piperidine,55,0.70677110
piperidine,50,0.47234263
piperidine,45,0.31021641
piperidine,40,0.20018103
piperidine,35,0.12687327
piperidine,30,0.07893613
piperidine,25,0.04817838
propane,160,55.09581192
propane,155,49.99992360
propane,150,44.33590699
propane,145,38.21226237
propane,140,31.88678954
propane,135,25.74317449
propane,130,20.16893922
propane,125,15.41724965
propane,120,11.56147593
propane,115,8.54176356
propane,110,6.23471503
propane,105,4.50304498
propane,100,3.22068671
propane,95,2.28161358
propane,90,1.60082244
propane,85,1.11203220
propane,80,0.76449328
propane,75,0.51985648
propane,70,0.34945634
propane,65,0.23207554
propane,60,0.15216145
propane,55,0.09842751
propane,50,0.06276943
propane,45,0.03943375
propane,40,0.02438526
propane,35,0.01483059
propane,30,0.00886284
propane,25,0.00519946
2-propynal,160,44.88431667
2-propynal,155,39.08496762
2-propynal,150,33.06046267
2-propynal,145,27.09219914
2-propynal,140,21.50463570
2-propynal,135,16.57229778
2-propynal,130,12.44814273
2-propynal,125,9.15303374
2-propynal,120,6.61302817
2-propynal,115,4.70821598
2-propynal,110,3.30967639
2-propynal,105,2.29995088
2-propynal,100,1.58105080
2-propynal,95,1.07544743
2-propynal,90,0.72386131
2-propynal,85,0.48203170
2-propynal,80,0.31749132
2-propynal,75,0.20676376
2-propynal,70,0.13308631
2-propynal,65,0.08463017
2-propynal,60,0.05314436
2-propynal,55,0.03294041
2-propynal,50,0.02014344
2-propynal,45,0.01214667
2-propynal,40,0.00721903
2-propynal,35,0.00422637
2-propynal,30,0.00243604
2-propynal,25,0.00138159
propanal,160,100.00000000
propanal,155,100.00000000
propanal,150,59.11084080
propanal,145,56.75109816
propanal,140,54.31854610
propanal,135,51.81344052
propanal,130,49.24142466
propanal,125,46.60354554
propanal,120,43.90769487
propanal,115,41.15850136
propanal,110,38.36512198
propanal,105,35.53808504
propanal,100,32.68958862
propanal,95,29.83627402
propanal,90,26.99390614
propanal,85,24.18372445
propanal,80,21.42995647
propanal,75,18.75700317
propanal,70,16.19387924
propanal,65,13.76971198
propanal,60,11.51431117
propanal,55,9.45461673
propanal,50,7.61347510
propanal,45,6.00657503
propanal,40,4.63984411
propanal,35,3.50877175
propanal,30,2.59840156
propanal,25,1.88559637
glycidylaldehyde,160,19.21759745
glycidylaldehyde,155,14.62426675
glycidylaldehyde,150,10.99416755
glycidylaldehyde,145,8.19087119
glycidylaldehyde,140,6.05736000
glycidylaldehyde,135,4.44981129
glycidylaldehyde,130,3.24799143
glycidylaldehyde,125,2.35557945
glycidylaldehyde,120,1.69714643
glycidylaldehyde,115,1.21443184
glycidylaldehyde,110,0.86284638
glycidylaldehyde,105,0.60850394
glycidylaldehyde,100,0.42581526
glycidylaldehyde,95,0.29557197
glycidylaldehyde,90,0.20344422
glycidylaldehyde,85,0.13881097
glycidylaldehyde,80,0.09385447
glycidylaldehyde,75,0.06286302
glycidylaldehyde,70,0.04169657
glycidylaldehyde,65,0.02737943
glycidylaldehyde,60,0.01779178
glycidylaldehyde,55,0.01143757
glycidylaldehyde,50,0.00727130
glycidylaldehyde,45,0.00456976
glycidylaldehyde,40,0.00283800
glycidylaldehyde,35,0.00174098
glycidylaldehyde,30,0.00105453
glycidylaldehyde,25,0.00063040
propanamide,160,0.36463570
propanamide,155,0.26007338
propanamide,150,0.18411630
propanamide,145,0.12932473
propanamide,140,0.09009722
propanamide,135,0.06223590
propanamide,130,0.04261269
propanamide,125,0.02891227
propanamide,120,0.01943365
propanamide,115,0.01293733
propanamide,110,0.00852801
propanamide,105,0.00556497
propanamide,100,0.00359411
propanamide,95,0.00229689
propanamide,90,0.00145217
propanamide,85,0.00090811
propanamide,80,0.00056158
propanamide,75,0.00034336
propanamide,70,0.00020753
propanamide,65,0.00012396
propanamide,60,0.00007317
propanamide,55,0.00004267
propanamide,50,0.00002458
propanamide,45,0.00001398
propanamide,40,0.00000785
propanamide,35,0.00000435
propanamide,30,0.00000238
propanamide,25,0.00000128
propionicacid,160,7.14991483
propionicacid,155,5.14141102
propionicacid,150,3.66797234
propionicacid,145,2.59716477
propionicacid,140,1.82533941
propionicacid,135,1.27330207
propionicacid,130,0.88145825
propionicacid,125,0.60544987
propionicacid,120,0.41255694
propionicacid,115,0.27883575
propionicacid,110,0.18690120
propionicacid,105,0.12423032
propionicacid,100,0.08187679
propionicacid,95,0.05350442
propionicacid,90,0.03466594
propionicacid,85,0.02226889
propionicacid,80,0.01418341
propionicacid,75,0.00895691
propionicacid,70,0.00560842
propionicacid,65,0.00348207
propionicacid,60,0.00214364
propionicacid,55,0.00130852
propionicacid,50,0.00079197
propionicacid,45,0.00047524
propionicacid,40,0.00028272
propionicacid,35,0.00016671
propionicacid,30,0.00009742
propionicacid,25,0.00005641
"propanoicacid,anhydride",160,32.71256385
"propanoicacid,anhydride",155,29.68641864
"propanoicacid,anhydride",150,26.72610714
"propanoicacid,anhydride",145,23.85454344
"propanoicacid,anhydride",140,21.09552010
"propanoicacid,anhydride",135,18.47213377
"propanoicacid,anhydride",130,16.00676559
"propanoicacid,anhydride",125,13.71892140
"propanoicacid,anhydride",120,11.62481613
"propanoicacid,anhydride",115,9.73576622
"propanoicacid,anhydride",110,8.05726353
"propanoicacid,anhydride",105,6.58897844
"propanoicacid,anhydride",100,5.32468968
"propanoicacid,anhydride",95,4.25293953
"propanoicacid,anhydride",90,3.35822643
"propanoicacid,anhydride",85,2.62228256
"propanoicacid,anhydride",80,2.02546266
"propanoicacid,anhydride",75,1.54795747
"propanoicacid,anhydride",70,1.17078884
"propanoicacid,anhydride",65,0.87649298
"propanoicacid,anhydride",60,0.64953496
"propanoicacid,anhydride",55,0.47647565
"propanoicacid,anhydride",50,0.34596243
"propanoicacid,anhydride",45,0.24859959
"propanoicacid,anhydride",40,0.17674909
"propanoicacid,anhydride",35,0.12430037
"propanoicacid,anhydride",30,0.08643544
"propanoicacid,anhydride",25,0.05940671
propionitrile,160,61.07855480
propionitrile,155,58.39408237
propionitrile,150,55.59018423
propionitrile,145,52.67122719
propionitrile,140,49.64318691
propionitrile,135,46.51592000
propionitrile,130,43.29995381
propionitrile,125,40.01394824
propionitrile,120,36.67703116
propionitrile,115,33.31750446
propionitrile,110,29.96124631
propionitrile,105,26.64434473
propionitrile,100,23.40407521
propionitrile,95,20.28007000
propionitrile,90,17.31276792
propionitrile,85,14.54194132
propionitrile,80,12.00378716
propionitrile,75,9.72756741
propionitrile,70,7.73301967
propionitrile,65,6.02803392
propionitrile,60,4.60775050
propionitrile,55,3.45506912
propionitrile,50,2.54326391
propionitrile,45,1.83944297
propionitrile,40,1.30846661
propionitrile,35,0.91625695
propionitrile,30,0.63209522
propionitrile,25,0.42983946
propionylchloride,160,48.73585438
propionylchloride,155,45.98624165
propionylchloride,150,43.18649822
propionylchloride,145,40.34586602
propionylchloride,140,37.47040191
propionylchloride,135,34.57085897
propionylchloride,130,31.66177320
propionylchloride,125,28.75675250
propionylchloride,120,25.87658619
propionylchloride,115,23.04395789
propionylchloride,110,20.28388191
propionylchloride,105,17.62546946
propionylchloride,100,15.09930130
propionylchloride,95,12.73667384
propionylchloride,90,10.56671937
propionylchloride,85,8.61396710
propionylchloride,80,6.89550955
propionylchloride,75,5.41890355
propionylchloride,70,4.18090999
propionylchloride,65,3.16827077
propionylchloride,60,2.35959032
propionylchloride,55,1.72835482
propionylchloride,50,1.24603258
propionylchloride,45,0.88470997
propionylchloride,40,0.61894860
propionylchloride,35,0.42679198
propionylchloride,30,0.29008743
propionylchloride,25,0.19433754
n-propylamine,160,100.00000000
n-propylamine,155,100.00000000
n-propylamine,150,59.38669543
n-propylamine,145,56.95939534
n-propylamine,140,54.42732978
n-propylamine,135,51.78308883
n-propylamine,130,49.02645946
n-propylamine,125,46.15279438
n-propylamine,120,43.16321038
n-propylamine,115,40.05920215
n-propylamine,110,36.84872739
n-propylamine,105,33.54099458
n-propylamine,100,30.15613794
n-propylamine,95,26.72449557
n-propylamine,90,23.28276770
n-propylamine,85,19.88623719
n-propylamine,80,16.60034019
n-propylamine,75,13.50142582
n-propylamine,70,10.66808238
n-propylamine,65,8.17132491
n-propylamine,60,6.06023617
n-propylamine,55,4.35227719
n-propylamine,50,3.03054335
n-propylamine,45,2.05011570
n-propylamine,40,1.35047554
n-propylamine,35,0.86809083
n-propylamine,30,0.54542788
n-propylamine,25,0.33534267
1-chloropropane,160,52.92110443
1-chloropropane,155,50.19471135
1-chloropropane,150,47.39927544
1-chloropropane,145,44.53765126
1-chloropropane,140,41.61718157
1-chloropropane,135,38.64811346
1-chloropropane,130,35.64276330
1-chloropropane,125,32.61377747
1-chloropropane,120,29.58125181
1-chloropropane,115,26.56759047
1-chloropropane,110,23.59920476
1-chloropropane,105,20.70693872
1-chloropropane,100,17.92418075
1-chloropropane,95,15.28639331
1-chloropropane,90,12.82884861
1-chloropropane,85,10.58346245
1-chloropropane,80,8.57567681
1-chloropropane,75,6.82198021
1-chloropropane,70,5.32713290
1-chloropropane,65,4.08429322
1-chloropropane,60,3.07607402
1-chloropropane,55,2.27731451
1-chloropropane,50,1.65848084
1-chloropropane,45,1.18892334
1-chloropropane,40,0.83944841
1-chloropropane,35,0.58397788
1-chloropropane,30,0.40035442
1-chloropropane,25,0.27048301
n-propylformate,160,48.86851818
n-propylformate,155,46.01200435
n-propylformate,150,43.09884598
n-propylformate,145,40.13861745
n-propylformate,140,37.14196306
n-propylformate,135,34.12095710
n-propylformate,130,31.09429300
n-propylformate,125,28.08192758
n-propylformate,120,25.10781955
n-propylformate,115,22.19939780
n-propylformate,110,19.38711274
n-propylformate,105,16.70345117
n-propylformate,100,14.18115192
n-propylformate,95,11.85163705
n-propylformate,90,9.74141189
n-propylformate,85,7.86987376
n-propylformate,80,6.24714267
n-propylformate,75,4.87257646
n-propylformate,70,3.73534590
n-propylformate,65,2.81590941
n-propylformate,60,2.08880956
n-propylformate,55,1.52567418
n-propylformate,50,1.09791944
n-propylformate,45,0.77881833
n-propylformate,40,0.54475539
n-propylformate,35,0.37578225
n-propylformate,30,0.25564517
n-propylformate,25,0.17148864
propylmethacrylate,160,34.23342372
propylmethacrylate,155,31.30682504
propylmethacrylate,150,28.43461341
propylmethacrylate,145,25.63439391
propylmethacrylate,140,22.92600672
propylmethacrylate,135,20.32810456
propylmethacrylate,130,17.86036933
propylmethacrylate,125,15.54041611
propylmethacrylate,120,13.38428806
propylmethacrylate,115,11.40485581
propylmethacrylate,110,9.61161298
propylmethacrylate,105,8.00935442
propylmethacrylate,100,6.59816871
propylmethacrylate,95,5.37344110
propylmethacrylate,90,4.32617369
propylmethacrylate,85,3.44371015
propylmethacrylate,80,2.71076776
propylmethacrylate,75,2.11048023
propylmethacrylate,70,1.62544449
propylmethacrylate,65,1.23859655
propylmethacrylate,60,0.93389754
propylmethacrylate,55,0.69678280
propylmethacrylate,50,0.51441300
propylmethacrylate,45,0.37574953
propylmethacrylate,40,0.27150670
propylmethacrylate,35,0.19402172
propylmethacrylate,30,0.13707850
propylmethacrylate,25,0.09571275
propene,160,100.00000000
propene,155,100.00000000
propene,150,100.00000000
propene,145,65.52742929
propene,140,63.35338164
propene,135,61.07745556
propene,130,58.69593986
propene,125,56.20814164
propene,120,53.60945729
propene,115,50.89821144
propene,110,48.07609723
propene,105,45.14518854
propene,100,42.10890971
propene,95,38.97608721
propene,90,35.75755472
propene,85,32.47320330
propene,80,29.14657584
propene,75,25.81068012
propene,70,22.50481253
propene,65,19.28007778
propene,60,16.19268340
propene,55,13.30259827
propene,50,10.66858584
propene,45,8.34026133
propene,40,6.34996450
propene,35,4.70809852
propene,30,3.40152069
propene,25,2.39752279
propylenecarbonate,160,4.57458119
propylenecarbonate,155,3.46445388
propylenecarbonate,150,2.61685199
propylenecarbonate,145,1.97005103
propylenecarbonate,140,1.47727145
propylenecarbonate,135,1.10278986
propylenecarbonate,130,0.81915576
propylenecarbonate,125,0.60519442
propylenecarbonate,120,0.44453706
propylenecarbonate,115,0.32452593
propylenecarbonate,110,0.23538219
propylenecarbonate,105,0.16956772
propylenecarbonate,100,0.12129054
propylenecarbonate,95,0.08611886
propylenecarbonate,90,0.06067829
propylenecarbonate,85,0.04241408
propylenecarbonate,80,0.02940402
propylenecarbonate,75,0.02021161
propylenecarbonate,70,0.01377111
propylenecarbonate,65,0.00929788
propylenecarbonate,60,0.00621895
propylenecarbonate,55,0.00411940
propylenecarbonate,50,0.00270145
propylenecarbonate,45,0.00175332
propylenecarbonate,40,0.00112585
propylenecarbonate,35,0.00071498
propylenecarbonate,30,0.00044889
propylenecarbonate,25,0.00027851
1-chloro-2-propanol,160,33.05397929
1-chloro-2-propanol,155,28.55319803
1-chloro-2-propanol,150,24.13073418
1-chloro-2-propanol,145,19.91822671
1-chloro-2-propanol,140,16.04680187
1-chloro-2-propanol,135,12.62282133
1-chloro-2-propanol,130,9.70838580
1-chloro-2-propanol,125,7.31506123
1-chloro-2-propanol,120,5.41137145
1-chloro-2-propanol,115,3.93808657
1-chloro-2-propanol,110,2.82403451
1-chloro-2-propanol,105,1.99803187
1-chloro-2-propanol,100,1.39590925
1-chloro-2-propanol,95,0.96354293
1-chloro-2-propanol,90,0.65731701
1-chloro-2-propanol,85,0.44322321
1-chloro-2-propanol,80,0.29540274
1-chloro-2-propanol,75,0.19458809
1-chloro-2-propanol,70,0.12666893
1-chloro-2-propanol,65,0.08147126
1-chloro-2-propanol,60,0.05176529
1-chloro-2-propanol,55,0.03248525
1-chloro-2-propanol,50,0.02013053
1-chloro-2-propanol,45,0.01231539
1-chloro-2-propanol,40,0.00743637
1-chloro-2-propanol,35,0.00443078
1-chloro-2-propanol,30,0.00260425
1-chloro-2-propanol,25,0.00150948
propyleneglycol,160,0.41097749
propyleneglycol,155,0.27826749
propyleneglycol,150,0.18680121
propyleneglycol,145,0.12427295
propyleneglycol,140,0.08190295
propyleneglycol,135,0.05345988
propyleneglycol,130,0.03455166
propyleneglycol,125,0.02210823
propyleneglycol,120,0.01400345
propyleneglycol,115,0.00877976
propyleneglycol,110,0.00544857
propyleneglycol,105,0.00334683
propyleneglycol,100,0.00203494
propyleneglycol,95,0.00122477
propyleneglycol,90,0.00072975
propyleneglycol,85,0.00043048
propyleneglycol,80,0.00025143
propyleneglycol,75,0.00014542
propyleneglycol,70,0.00008330
propyleneglycol,65,0.00004726
propyleneglycol,60,0.00002656
propyleneglycol,55,0.00001479
propyleneglycol,50,0.00000815
propyleneglycol,45,0.00000446
propyleneglycol,40,0.00000241
propyleneglycol,35,0.00000129
propyleneglycol,30,0.00000069
propyleneglycol,25,0.00000036
"1-(1,1-dimethylethoxy)-2-propanol",160,27.75891932
"1-(1,1-dimethylethoxy)-2-propanol",155,24.60873346
"1-(1,1-dimethylethoxy)-2-propanol",150,21.59319907
"1-(1,1-dimethylethoxy)-2-propanol",145,18.74302330
"1-(1,1-dimethylethoxy)-2-propanol",140,16.08589830
"1-(1,1-dimethylethoxy)-2-propanol",135,13.64488291
"1-(1,1-dimethylethoxy)-2-propanol",130,11.43683222
"1-(1,1-dimethylethoxy)-2-propanol",125,9.47115058
"1-(1,1-dimethylethoxy)-2-propanol",120,7.74928481
"1-(1,1-dimethylethoxy)-2-propanol",115,6.26513241
"1-(1,1-dimethylethoxy)-2-propanol",110,5.00598070
"1-(1,1-dimethylethoxy)-2-propanol",105,3.95402407
"1-(1,1-dimethylethoxy)-2-propanol",100,3.08806320
"1-(1,1-dimethylethoxy)-2-propanol",95,2.38522085
"1-(1,1-dimethylethoxy)-2-propanol",90,1.82241478
"1-(1,1-dimethylethoxy)-2-propanol",85,1.37752326
"1-(1,1-dimethylethoxy)-2-propanol",80,1.03017837
"1-(1,1-dimethylethoxy)-2-propanol",75,0.76223153
"1-(1,1-dimethylethoxy)-2-propanol",70,0.55794671
"1-(1,1-dimethylethoxy)-2-propanol",65,0.40399237
"1-(1,1-dimethylethoxy)-2-propanol",60,0.28929926
"1-(1,1-dimethylethoxy)-2-propanol",55,0.20483916
"1-(1,1-dimethylethoxy)-2-propanol",50,0.14336717
"1-(1,1-dimethylethoxy)-2-propanol",45,0.09915662
"1-(1,1-dimethylethoxy)-2-propanol",40,0.06774549
"1-(1,1-dimethylethoxy)-2-propanol",35,0.04570527
"1-(1,1-dimethylethoxy)-2-propanol",30,0.03043761
"1-(1,1-dimethylethoxy)-2-propanol",25,0.02000030
1-butoxy-2-propanol,160,24.38617129
1-butoxy-2-propanol,155,21.16305769
1-butoxy-2-propanol,150,18.14157996
1-butoxy-2-propanol,145,15.35584122
1-butoxy-2-propanol,140,12.83174060
1-butoxy-2-propanol,135,10.58510066
1-butoxy-2-propanol,130,8.62091666
1-butoxy-2-propanol,125,6.93364824
1-butoxy-2-propanol,120,5.50875599
1-butoxy-2-propanol,115,4.32490056
1-butoxy-2-propanol,110,3.35639676
1-butoxy-2-propanol,105,2.57556321
1-butoxy-2-propanol,100,1.95467346
1-butoxy-2-propanol,95,1.46740429
1-butoxy-2-propanol,90,1.08977655
1-butoxy-2-propanol,85,0.80065393
1-butoxy-2-propanol,80,0.58190443
1-butoxy-2-propanol,75,0.41832487
1-butoxy-2-propanol,70,0.29741777
1-butoxy-2-propanol,65,0.20908924
1-butoxy-2-propanol,60,0.14531702
1-butoxy-2-propanol,55,0.09982074
1-butoxy-2-propanol,50,0.06775441
1-butoxy-2-propanol,45,0.04543125
1-butoxy-2-propanol,40,0.03008537
1-butoxy-2-propanol,35,0.01967062
1-butoxy-2-propanol,30,0.01269449
1-butoxy-2-propanol,25,0.00808371
1-ethoxy-2-propanol,160,39.18001813
1-ethoxy-2-propanol,155,35.86281129
1-ethoxy-2-propanol,150,32.53167965
1-ethoxy-2-propanol,145,29.21281900
1-ethoxy-2-propanol,140,25.93923396
1-ethoxy-2-propanol,135,22.74839268
1-ethoxy-2-propanol,130,19.68085041
1-ethoxy-2-propanol,125,16.77907685
1-ethoxy-2-propanol,120,14.08359407
1-ethoxy-2-propanol,115,11.62990391
1-ethoxy-2-propanol,110,9.44417655
1-ethoxy-2-propanol,105,7.54098444
1-ethoxy-2-propanol,100,5.92171792
1-ethoxy-2-propanol,95,4.57520718
1-ethoxy-2-propanol,90,3.48001297
1-ethoxy-2-propanol,85,2.60771689
1-ethoxy-2-propanol,80,1.92643025
1-ethoxy-2-propanol,75,1.40390804
1-ethoxy-2-propanol,70,1.00984121
1-ethoxy-2-propanol,65,0.71727095
1-ethoxy-2-propanol,60,0.50322796
1-ethoxy-2-propanol,55,0.34880765
1-ethoxy-2-propanol,50,0.23888772
1-ethoxy-2-propanol,45,0.16165910
1-ethoxy-2-propanol,40,0.10809057
1-ethoxy-2-propanol,35,0.07140277
1-ethoxy-2-propanol,30,0.04659286
1-ethoxy-2-propanol,25,0.03002747
1-ethoxy-2-propanol-acetate,160,29.71091649
1-ethoxy-2-propanol-acetate,155,26.85893070
1-ethoxy-2-propanol-acetate,150,24.09764495
1-ethoxy-2-propanol-acetate,145,21.44680961
1-ethoxy-2-propanol-acetate,140,18.92455616
1-ethoxy-2-propanol-acetate,135,16.54853580
1-ethoxy-2-propanol-acetate,130,14.33399780
1-ethoxy-2-propanol-acetate,125,12.29387479
1-ethoxy-2-propanol-acetate,120,10.43747227
1-ethoxy-2-propanol-acetate,115,8.76984295
1-ethoxy-2-propanol-acetate,110,7.29161300
1-ethoxy-2-propanol-acetate,105,5.99898916
1-ethoxy-2-propanol-acetate,100,4.88403002
1-ethoxy-2-propanol-acetate,95,3.93525946
1-ethoxy-2-propanol-acetate,90,3.13858084
1-ethoxy-2-propanol-acetate,85,2.47820192
1-ethoxy-2-propanol-acetate,80,1.93759403
1-ethoxy-2-propanol-acetate,75,1.50030983
1-ethoxy-2-propanol-acetate,70,1.15065578
1-ethoxy-2-propanol-acetate,65,0.87415407
1-ethoxy-2-propanol-acetate,60,0.65783434
1-ethoxy-2-propanol-acetate,55,0.49035739
1-ethoxy-2-propanol-acetate,50,0.36201902
1-ethoxy-2-propanol-acetate,45,0.26466769
1-ethoxy-2-propanol-acetate,40,0.19156849
1-ethoxy-2-propanol-acetate,35,0.13723937
1-ethoxy-2-propanol-acetate,30,0.09727903
1-ethoxy-2-propanol-acetate,25,0.06819884
1-isopropoxy-2-propanol,160,34.03373979
1-isopropoxy-2-propanol,155,30.80497638
1-isopropoxy-2-propanol,150,27.62634516
1-isopropoxy-2-propanol,145,24.52796531
1-isopropoxy-2-propanol,140,21.54088686
1-isopropoxy-2-propanol,135,18.69736767
1-isopropoxy-2-propanol,130,16.02832292
1-isopropoxy-2-propanol,125,13.56190109
1-isopropoxy-2-propanol,120,11.32059556
1-isopropoxy-2-propanol,115,9.31969663
1-isopropoxy-2-propanol,110,7.56609157
1-isopropoxy-2-propanol,105,6.05760427
1-isopropoxy-2-propanol,100,4.78384777
1-isopropoxy-2-propanol,95,3.72761460
1-isopropoxy-2-propanol,90,2.86691898
1-isopropoxy-2-propanol,85,2.17713339
1-isopropoxy-2-propanol,80,1.63297546
1-isopropoxy-2-propanol,75,1.21007089
1-isopropoxy-2-propanol,70,0.88604489
1-isopropoxy-2-propanol,65,0.64114169
1-isopropoxy-2-propanol,60,0.45846716
1-isopropoxy-2-propanol,55,0.32395617
1-isopropoxy-2-propanol,50,0.22616506
1-isopropoxy-2-propanol,45,0.15596848
1-isopropoxy-2-propanol,40,0.10622059
1-isopropoxy-2-propanol,35,0.07141851
1-isopropoxy-2-propanol,30,0.04739110
1-isopropoxy-2-propanol,25,0.03102464
1-methoxy2-propanol,160,44.13247944
1-methoxy2-propanol,155,40.72475347
1-methoxy2-propanol,150,37.23947895
1-methoxy2-propanol,145,33.70031902
1-methoxy2-propanol,140,30.13972887
1-methoxy2-propanol,135,26.59812589
1-methoxy2-propanol,130,23.12560104
1-methoxy2-propanol,125,19.77861703
1-methoxy2-propanol,120,16.61691708
1-methoxy2-propanol,115,13.69810839
1-methoxy2-propanol,110,11.07160252
1-methoxy2-propanol,105,8.77168712
1-methoxy2-propanol,100,6.81374969
1-methoxy2-propanol,95,5.19301398
1-methoxy2-propanol,90,3.88705571
1-methoxy2-propanol,85,2.86091285
1-methoxy2-propanol,80,2.07297284
1-methoxy2-propanol,75,1.48037415
1-methoxy2-propanol,70,1.04292348
1-methoxy2-propanol,65,0.72538757
1-methoxy2-propanol,60,0.49839992
1-methoxy2-propanol,55,0.33842095
1-methoxy2-propanol,50,0.22715813
1-methoxy2-propanol,45,0.15075140
1-methoxy2-propanol,40,0.09892056
1-methoxy2-propanol,35,0.06418023
1-methoxy2-propanol,30,0.04116950
1-methoxy2-propanol,25,0.02610694
1-methoxy-2-acetoxypropane,160,33.11433974
1-methoxy-2-acetoxypropane,155,30.18078878
1-methoxy-2-acetoxypropane,150,27.31034410
1-methoxy-2-acetoxypropane,145,24.52277044
1-methoxy-2-acetoxypropane,140,21.83805349
1-methoxy-2-acetoxypropane,135,19.27625225
1-methoxy-2-acetoxypropane,130,16.85604774
1-methoxy-2-acetoxypropane,125,14.59492259
1-methoxy-2-acetoxypropane,120,12.50727242
1-methoxy-2-acetoxypropane,115,10.60438612
1-methoxy-2-acetoxypropane,110,8.89317880
1-methoxy-2-acetoxypropane,105,7.37573899
1-methoxy-2-acetoxypropane,100,6.04932428
1-methoxy-2-acetoxypropane,95,4.90661735
1-methoxy-2-acetoxypropane,90,3.93631032
1-methoxy-2-acetoxypropane,85,3.12400362
1-methoxy-2-acetoxypropane,80,2.45327576
1-methoxy-2-acetoxypropane,75,1.90676308
1-methoxy-2-acetoxypropane,70,1.46709034
1-methoxy-2-acetoxypropane,65,1.11764689
1-methoxy-2-acetoxypropane,60,0.84313226
1-methoxy-2-acetoxypropane,55,0.62988074
1-methoxy-2-acetoxypropane,50,0.46600663
1-methoxy-2-acetoxypropane,45,0.34140277
1-methoxy-2-acetoxypropane,40,0.24764193
1-methoxy-2-acetoxypropane,35,0.17781835
1-methoxy-2-acetoxypropane,30,0.12636028
1-methoxy-2-acetoxypropane,25,0.08883570
1-phenoxy-2-propanol,160,23.41722655
1-phenoxy-2-propanol,155,20.36766363
1-phenoxy-2-propanol,150,17.49951142
1-phenoxy-2-propanol,145,14.84406521
1-phenoxy-2-propanol,140,12.42680845
1-phenoxy-2-propanol,135,10.26511076
1-phenoxy-2-propanol,130,8.36682289
1-phenoxy-2-propanol,125,6.73001446
1-phenoxy-2-propanol,120,5.34381088
1-phenoxy-2-propanol,115,4.19005176
1-phenoxy-2-propanol,110,3.24554737
1-phenoxy-2-propanol,105,2.48437608
1-phenoxy-2-propanol,100,1.87996256
1-phenoxy-2-propanol,95,1.40668528
1-phenoxy-2-propanol,90,1.04097811
1-phenoxy-2-propanol,85,0.76195834
1-phenoxy-2-propanol,80,0.55167481
1-phenoxy-2-propanol,75,0.39508198
1-phenoxy-2-propanol,70,0.27984009
1-phenoxy-2-propanol,65,0.19601913
1-phenoxy-2-propanol,60,0.13576387
1-phenoxy-2-propanol,55,0.09295776
1-phenoxy-2-propanol,50,0.06290864
1-phenoxy-2-propanol,45,0.04206840
1-phenoxy-2-propanol,40,0.02779143
1-phenoxy-2-propanol,35,0.01813231
1-phenoxy-2-propanol,30,0.01168017
1-phenoxy-2-propanol,25,0.00742597
1-propoxy-2-propanol,160,31.55072569
1-propoxy-2-propanol,155,28.15369326
1-propoxy-2-propanol,150,24.84044940
1-propoxy-2-propanol,145,21.65078218
1-propoxy-2-propanol,140,18.62583816
1-propoxy-2-propanol,135,15.80418892
1-propoxy-2-propanol,130,13.21928734
1-propoxy-2-propanol,125,10.89641395
1-propoxy-2-propanol,120,8.85026393
1-propoxy-2-propanol,115,7.08391655
1-propoxy-2-propanol,110,5.58930244
1-propoxy-2-propanol,105,4.34894489
1-propoxy-2-propanol,100,3.33850245
1-propoxy-2-propanol,95,2.52965924
1-propoxy-2-propanol,90,1.89276668
1-propoxy-2-propanol,85,1.39897063
1-propoxy-2-propanol,80,1.02167044
1-propoxy-2-propanol,75,0.73735927
1-propoxy-2-propanol,70,0.52595916
1-propoxy-2-propanol,65,0.37079635
1-propoxy-2-propanol,60,0.25834967
1-propoxy-2-propanol,55,0.17787938
1-propoxy-2-propanol,50,0.12101164
1-propoxy-2-propanol,45,0.08132750
1-propoxy-2-propanol,40,0.05398463
1-propoxy-2-propanol,35,0.03538586
1-propoxy-2-propanol,30,0.02289877
1-propoxy-2-propanol,25,0.01462526
2-methylaziridine,160,100.00000000
2-methylaziridine,155,100.00000000
2-methylaziridine,150,59.71209665
2-methylaziridine,145,57.26393982
2-methylaziridine,140,54.71048455
2-methylaziridine,135,52.04949319
2-methylaziridine,130,49.27907104
2-methylaziridine,125,46.39688456
2-methylaziridine,120,43.40798019
2-methylaziridine,115,40.31414479
2-methylaziridine,110,37.12697203
2-methylaziridine,105,33.85708093
2-methylaziridine,100,30.52468446
2-methylaziridine,95,27.15732070
2-methylaziridine,90,23.79287647
2-methylaziridine,85,20.47578697
2-methylaziridine,80,17.26408202
2-methylaziridine,75,14.22187727
2-methylaziridine,70,11.41637350
2-methylaziridine,65,8.91065155
2-methylaziridine,60,6.75245893
2-methylaziridine,55,4.96597572
2-methylaziridine,50,3.54667833
2-methylaziridine,45,2.46376991
2-methylaziridine,40,1.66819401
2-methylaziridine,35,1.10334219
2-methylaziridine,30,0.71422349
2-methylaziridine,25,0.45318303
"1,2-epoxypropane",160,100.00000000
"1,2-epoxypropane",155,100.00000000
"1,2-epoxypropane",150,100.00000000
"1,2-epoxypropane",145,100.00000000
"1,2-epoxypropane",140,100.00000000
"1,2-epoxypropane",135,100.00000000
"1,2-epoxypropane",130,53.66959124
"1,2-epoxypropane",125,51.44183850
"1,2-epoxypropane",120,49.16632495
"1,2-epoxypropane",115,46.84461886
"1,2-epoxypropane",110,44.47981701
"1,2-epoxypropane",105,42.07669231
"1,2-epoxypropane",100,39.63690383
"1,2-epoxypropane",95,37.16752182
"1,2-epoxypropane",90,34.67367786
"1,2-epoxypropane",85,32.16322355
"1,2-epoxypropane",80,29.64388270
"1,2-epoxypropane",75,27.12743866
"1,2-epoxypropane",70,24.62484329
"1,2-epoxypropane",65,22.15163739
"1,2-epoxypropane",60,19.72276014
"1,2-epoxypropane",55,17.35733110
"1,2-epoxypropane",50,15.07740359
"1,2-epoxypropane",45,12.90487416
"1,2-epoxypropane",40,10.86449196
"1,2-epoxypropane",35,8.98057022
"1,2-epoxypropane",30,7.27556715
"1,2-epoxypropane",25,5.76776415
propiolonitrile,160,60.41060733
propiolonitrile,155,57.13750833
propiolonitrile,150,53.60337418
propiolonitrile,145,49.79473674
propiolonitrile,140,45.70573914
propiolonitrile,135,41.34807172
propiolonitrile,130,36.75651536
propiolonitrile,125,32.00069289
propiolonitrile,120,27.19160334
propiolonitrile,115,22.48124565
propiolonitrile,110,18.04545743
propiolonitrile,105,14.05260567
propiolonitrile,100,10.62582542
propiolonitrile,95,7.81886383
propiolonitrile,90,5.61527990
propiolonitrile,85,3.94773882
propiolonitrile,80,2.72399884
propiolonitrile,75,1.84848897
propiolonitrile,70,1.23531440
propiolonitrile,65,0.81367794
propiolonitrile,60,0.52846895
propiolonitrile,55,0.33846744
propiolonitrile,50,0.21373856
propiolonitrile,45,0.13304060
propiolonitrile,40,0.08158994
propiolonitrile,35,0.04927412
propiolonitrile,30,0.02928743
propiolonitrile,25,0.01712186
pulegone,160,28.79434436
pulegone,155,26.05997436
pulegone,150,23.42403210
pulegone,145,20.90209818
pulegone,140,18.50830857
pulegone,135,16.25587787
pulegone,130,14.15639577
pulegone,125,12.21891573
pulegone,120,10.45002650
pulegone,115,8.85316566
pulegone,110,7.42835933
pulegone,105,6.17229482
pulegone,100,5.07852304
pulegone,95,4.13779851
pulegone,90,3.33860351
pulegone,85,2.66785691
pulegone,80,2.11157683
pulegone,75,1.65555494
pulegone,70,1.28591031
pulegone,65,0.98954034
pulegone,60,0.75443364
pulegone,55,0.56985151
pulegone,50,0.42640510
pulegone,45,0.31604382
pulegone,40,0.23198382
pulegone,35,0.16859792
pulegone,30,0.12128504
pulegone,25,0.08633318
pyrazole,160,2.33658090
pyrazole,155,1.68806933
pyrazole,150,1.21456560
pyrazole,145,0.86955542
pyrazole,140,0.61902526
pyrazole,135,0.43791855
pyrazole,130,0.30770131
pyrazole,125,0.21464698
pyrazole,120,0.14859799
pyrazole,115,0.10205802
pyrazole,110,0.06951802
pyrazole,105,0.04695118
pyrazole,100,0.03143318
pyrazole,95,0.02085570
pyrazole,90,0.01371084
pyrazole,85,0.00892934
pyrazole,80,0.00575979
pyrazole,75,0.00367911
pyrazole,70,0.00232672
pyrazole,65,0.00145656
pyrazole,60,0.00090241
pyrazole,55,0.00055320
pyrazole,50,0.00033548
pyrazole,45,0.00020121
pyrazole,40,0.00011932
pyrazole,35,0.00006994
pyrazole,30,0.00004051
pyrazole,25,0.00002318
pyridazine,160,15.23670969
pyridazine,155,12.08405062
pyridazine,150,9.49340742
pyridazine,145,7.39219019
pyridazine,140,5.70736295
pyridazine,135,4.37043909
pyridazine,130,3.31985199
pyridazine,125,2.50184122
pyridazine,120,1.87052613
pyridazine,115,1.38746217
pyridazine,110,1.02093825
pyridazine,105,0.74515426
pyridazine,100,0.53937524
pyridazine,95,0.38712244
pyridazine,90,0.27543503
pyridazine,85,0.19421952
pyridazine,80,0.13569027
pyridazine,75,0.09389807
pyridazine,70,0.06433961
pyridazine,65,0.04363827
pyridazine,60,0.02928665
pyridazine,55,0.01944121
pyridazine,50,0.01276021
pyridazine,45,0.00827742
pyridazine,40,0.00530453
pyridazine,35,0.00335674
pyridazine,30,0.00209652
pyridazine,25,0.00129174
pyridine,160,53.75292560
pyridine,155,51.13431418
pyridine,150,48.45000456
pyridine,145,45.70443385
pyridine,140,42.90409635
pyridine,135,40.05552816
pyridine,130,37.16807289
pyridine,125,34.25204610
pyridine,120,31.32290281
pyridine,115,28.39785660
pyridine,110,25.49597269
pyridine,105,22.64361748
pyridine,100,19.86704750
pyridine,95,17.19749169
pyridine,90,14.66694800
pyridine,85,12.30770584
pyridine,80,10.14971219
pyridine,75,8.21746496
pyridine,70,6.52726125
pyridine,65,5.08519831
pyridine,60,3.88598100
pyridine,55,2.91405694
pyridine,50,2.14578243
pyridine,45,1.55274319
pyridine,40,1.10502689
pyridine,35,0.77390835
pyridine,30,0.53365388
pyridine,25,0.36241412
pyrimidine,160,43.88963187
pyrimidine,155,40.10394139
pyrimidine,150,36.23226413
pyrimidine,145,32.31836214
pyrimidine,140,28.41761219
pyrimidine,135,24.59688770
pyrimidine,130,20.92958908
pyrimidine,125,17.49004227
pyrimidine,120,14.34465179
pyrimidine,115,11.54457863
pyrimidine,110,9.11948928
pyrimidine,105,7.07535571
pyrimidine,100,5.39652349
pyrimidine,95,4.05064868
pyrimidine,90,2.99526061
pyrimidine,85,2.18398919
pyrimidine,80,1.57145867
pyrimidine,75,1.11643836
pyrimidine,70,0.78342996
pyrimidine,65,0.54309069
pyrimidine,60,0.37192328
pyrimidine,55,0.25158533
pyrimidine,50,0.16805853
pyrimidine,45,0.11082308
pyrimidine,40,0.07211260
pyrimidine,35,0.04627972
pyrimidine,30,0.02927729
pyrimidine,25,0.01824609
"1,2,3-trihydroxybenzene",160,23.74826506
"1,2,3-trihydroxybenzene",155,20.53350929
"1,2,3-trihydroxybenzene",150,17.56226844
"1,2,3-trihydroxybenzene",145,14.85971812
"1,2,3-trihydroxybenzene",140,12.44030634
"1,2,3-trihydroxybenzene",135,10.30796651
"1,2,3-trihydroxybenzene",130,8.45689676
"1,2,3-trihydroxybenzene",125,6.87324794
"1,2,3-trihydroxybenzene",120,5.53698996
"1,2,3-trihydroxybenzene",115,4.42405827
"1,2,3-trihydroxybenzene",110,3.50826604
"1,2,3-trihydroxybenzene",105,2.76303118
"1,2,3-trihydroxybenzene",100,2.16271259
"1,2,3-trihydroxybenzene",95,1.68355472
"1,2,3-trihydroxybenzene",90,1.30424832
"1,2,3-trihydroxybenzene",85,1.00619277
"1,2,3-trihydroxybenzene",80,0.77351270
"1,2,3-trihydroxybenzene",75,0.59291483
"1,2,3-trihydroxybenzene",70,0.45344717
"1,2,3-trihydroxybenzene",65,0.34621120
"1,2,3-trihydroxybenzene",60,0.26406297
"1,2,3-trihydroxybenzene",55,0.20132626
"1,2,3-trihydroxybenzene",50,0.15353181
"1,2,3-trihydroxybenzene",45,0.11718824
"1,2,3-trihydroxybenzene",40,0.08958692
"1,2,3-trihydroxybenzene",35,0.06863909
"1,2,3-trihydroxybenzene",30,0.05274240
"1,2,3-trihydroxybenzene",25,0.04067318
pyrrole,160,49.68834570
pyrrole,155,45.96250462
pyrrole,150,42.08006512
pyrrole,145,38.07257798
pyrrole,140,33.98614744
pyrrole,135,29.88238041
pyrrole,130,25.83830495
pyrrole,125,21.94083373
pyrrole,120,18.27901004
pyrrole,115,14.93286243
pyrrole,110,11.96327416
pyrrole,105,9.40423721
pyrrole,100,7.26093931
pyrrole,95,5.51307278
pyrrole,90,4.12185315
pyrrole,85,3.03823606
pyrrole,80,2.21023503
pyrrole,75,1.58819924
pyrrole,70,1.12793071
pyrrole,65,0.79202399
pyrrole,60,0.54999422
pyrrole,55,0.37770983
pyrrole,50,0.25650689
pyrrole,45,0.17222455
pyrrole,40,0.11429423
pyrrole,35,0.07494364
pyrrole,30,0.04853434
pyrrole,25,0.03102904
pyrrolidine,160,100.00000000
pyrrolidine,155,56.63515278
pyrrolidine,150,54.22463863
pyrrolidine,145,51.74275111
pyrrolidine,140,49.18728055
pyrrolidine,135,46.55926618
pyrrolidine,130,43.86205342
pyrrolidine,125,41.09523046
pyrrolidine,120,38.26710388
pyrrolidine,115,35.38290460
pyrrolidine,110,32.45173997
pyrrolidine,105,29.48982582
pyrrolidine,100,26.51303920
pyrrolidine,95,23.54673823
pyrrolidine,90,20.61790907
pyrrolidine,85,17.76373612
pyrrolidine,80,15.02558353
pyrrolidine,75,12.44823515
pyrrolidine,70,10.07842338
pyrrolidine,65,7.95821593
pyrrolidine,60,6.11966615
pyrrolidine,55,4.57929597
pyrrolidine,50,3.33455201
pyrrolidine,45,2.36474398
pyrrolidine,40,1.63526726
pyrrolidine,35,1.10431424
pyrrolidine,30,0.72929826
pyrrolidine,25,0.47154093
2-oxo-propanenitrile,160,33.31952000
2-oxo-propanenitrile,155,27.33983664
2-oxo-propanenitrile,150,21.71224092
2-oxo-propanenitrile,145,16.75479220
2-oxo-propanenitrile,140,12.63643671
2-oxo-propanenitrile,135,9.36621664
2-oxo-propanenitrile,130,6.85089446
2-oxo-propanenitrile,125,4.95802435
2-oxo-propanenitrile,120,3.55526682
2-oxo-propanenitrile,115,2.52769034
2-oxo-propanenitrile,110,1.78210581
2-oxo-propanenitrile,105,1.24578498
2-oxo-propanenitrile,100,0.86321351
2-oxo-propanenitrile,95,0.59262565
2-oxo-propanenitrile,90,0.40292622
2-oxo-propanenitrile,85,0.27116596
2-oxo-propanenitrile,80,0.18054391
2-oxo-propanenitrile,75,0.11886028
2-oxo-propanenitrile,70,0.07733234
2-oxo-propanenitrile,65,0.04969537
2-oxo-propanenitrile,60,0.03152508
2-oxo-propanenitrile,55,0.01973017
2-oxo-propanenitrile,50,0.01217535
2-oxo-propanenitrile,45,0.00740355
2-oxo-propanenitrile,40,0.00443330
2-oxo-propanenitrile,35,0.00261248
2-oxo-propanenitrile,30,0.00151395
2-oxo-propanenitrile,25,0.00086215
quinine,160,9.45942657
quinine,155,8.02953820
quinine,150,6.76918537
quinine,145,5.66767491
quinine,140,4.71305053
quinine,135,3.89254871
quinine,130,3.19304846
quinine,125,2.60144816
quinine,120,2.10501488
quinine,115,1.69164290
quinine,110,1.35004620
quinine,105,1.06988368
quinine,100,0.84182542
quinine,95,0.65757033
quinine,90,0.50982529
quinine,85,0.39225750
quinine,80,0.29942676
quinine,75,0.22670725
quinine,70,0.17020359
quinine,65,0.12666618
quinine,60,0.09340892
quinine,55,0.06823159
quinine,50,0.04934830
quinine,45,0.03532274
quinine,40,0.02501057
quinine,35,0.01750876
quinine,30,0.01211183
quinine,25,0.00827426
chinoline,160,35.77092967
chinoline,155,32.87678589
chinoline,150,30.01445679
chinoline,145,27.20093171
chinoline,140,24.45432007
chinoline,135,21.79309338
chinoline,130,19.23829595
chinoline,125,16.80970285
chinoline,120,14.52764169
chinoline,115,12.41021123
chinoline,110,10.47252777
chinoline,105,8.72596007
chinoline,100,7.17669812
chinoline,95,5.82516798
chinoline,90,4.66614616
chinoline,85,3.68913838
chinoline,80,2.87938936
chinoline,75,2.21922573
chinoline,70,1.68947926
chinoline,65,1.27076978
chinoline,60,0.94456568
chinoline,55,0.69390836
chinoline,50,0.50383826
chinoline,45,0.36155274
chinoline,40,0.25637417
chinoline,35,0.17959291
chinoline,30,0.12424200
chinoline,25,0.08484538
saccharin,160,0.17207289
saccharin,155,0.12871731
saccharin,150,0.09569683
saccharin,145,0.07068717
saccharin,140,0.05185859
saccharin,135,0.03777450
saccharin,130,0.02731112
saccharin,125,0.01959345
saccharin,120,0.01394384
saccharin,115,0.00984064
saccharin,110,0.00688500
saccharin,105,0.00477410
saccharin,100,0.00327983
saccharin,95,0.00223176
saccharin,90,0.00150363
saccharin,85,0.00100273
saccharin,80,0.00066165
saccharin,75,0.00043183
saccharin,70,0.00027867
saccharin,65,0.00017774
saccharin,60,0.00011200
saccharin,55,0.00006970
saccharin,50,0.00004281
saccharin,45,0.00002595
saccharin,40,0.00001551
saccharin,35,0.00000914
saccharin,30,0.00000530
saccharin,25,0.00000303
salicylicaldehyde,160,36.03882801
salicylicaldehyde,155,32.95948242
salicylicaldehyde,150,29.90225389
salicylicaldehyde,145,26.88984515
salicylicaldehyde,140,23.94627822
salicylicaldehyde,135,21.09890676
salicylicaldehyde,130,18.37635925
salicylicaldehyde,125,15.80713311
salicylicaldehyde,120,13.41847416
salicylicaldehyde,115,11.23382500
salicylicaldehyde,110,9.27111126
salicylicaldehyde,105,7.54058405
salicylicaldehyde,100,6.04419199
salicylicaldehyde,95,4.77538055
salicylicaldehyde,90,3.72011538
salicylicaldehyde,85,2.85869018
salicylicaldehyde,80,2.16789641
salicylicaldehyde,75,1.62314254
salicylicaldehyde,70,1.20026466
salicylicaldehyde,65,0.87682036
salicylicaldehyde,60,0.63287570
salicylicaldehyde,55,0.45134545
salicylicaldehyde,50,0.31800980
salicylicaldehyde,45,0.22132123
salicylicaldehyde,40,0.15209814
salicylicaldehyde,35,0.10317410
salicylicaldehyde,30,0.06904867
salicylicaldehyde,25,0.04556557
salicylicacid,160,25.88403146
salicylicacid,155,22.55548856
salicylicacid,150,19.38729272
salicylicacid,145,16.42370863
salicylicacid,140,13.70388281
salicylicacid,135,11.25863654
salicylicacid,130,9.10700233
salicylicacid,125,7.25458484
salicylicacid,120,5.69381364
salicylicacid,115,4.40586777
salicylicacid,110,3.36372352
salicylicacid,105,2.53571464
salicylicacid,100,1.88878103
salicylicacid,95,1.39103077
salicylicacid,90,1.01342622
salicylicacid,85,0.73067836
salicylicacid,80,0.52152189
salicylicacid,75,0.36857448
salicylicacid,70,0.25795603
salicylicacid,65,0.17880036
salicylicacid,60,0.12274577
salicylicacid,55,0.08345569
salicylicacid,50,0.05619507
salicylicacid,45,0.03747159
salicylicacid,40,0.02474143
salicylicacid,35,0.01617376
salicylicacid,30,0.01046630
salicylicacid,25,0.00670330
decanedioicacid,160,0.47344375
decanedioicacid,155,0.34746824
decanedioicacid,150,0.25313014
decanedioicacid,145,0.18298262
decanedioicacid,140,0.13121503
decanedioicacid,135,0.09331463
decanedioicacid,130,0.06579707
decanedioicacid,125,0.04599014
decanedioicacid,120,0.03186010
decanedioicacid,115,0.02187198
decanedioicacid,110,0.01487760
decanedioicacid,105,0.01002619
decanedioicacid,100,0.00669363
decanedioicacid,95,0.00442673
decanedioicacid,90,0.00289988
decanedioicacid,85,0.00188164
decanedioicacid,80,0.00120932
decanedioicacid,75,0.00076982
decanedioicacid,70,0.00048537
decanedioicacid,65,0.00030309
decanedioicacid,60,0.00018745
decanedioicacid,55,0.00011481
decanedioicacid,50,0.00006964
decanedioicacid,45,0.00004183
decanedioicacid,40,0.00002487
decanedioicacid,35,0.00001464
decanedioicacid,30,0.00000853
decanedioicacid,25,0.00000491
sec-butylacetate,160,38.92579269
sec-butylacetate,155,36.03592414
sec-butylacetate,150,33.16347552
sec-butylacetate,145,30.32320904
sec-butylacetate,140,27.53248112
sec-butylacetate,135,24.80790749
sec-butylacetate,130,22.16894115
sec-butylacetate,125,19.63421936
sec-butylacetate,120,17.22325646
sec-butylacetate,115,14.95458112
sec-butylacetate,110,12.84470317
sec-butylacetate,105,10.90776530
sec-butylacetate,100,9.15403626
sec-butylacetate,95,7.58958194
sec-butylacetate,90,6.21528559
sec-butylacetate,85,5.02700700
sec-butylacetate,80,4.01590583
sec-butylacetate,75,3.16916616
sec-butylacetate,70,2.47105840
sec-butylacetate,65,1.90414235
sec-butylacetate,60,1.45042744
sec-butylacetate,55,1.09234268
sec-butylacetate,50,0.81348691
sec-butylacetate,45,0.59910213
sec-butylacetate,40,0.43631967
sec-butylacetate,35,0.31421016
sec-butylacetate,30,0.22370101
sec-butylacetate,25,0.15741015
methylindole,160,37.64948452
methylindole,155,34.97287155
methylindole,150,32.32674169
methylindole,145,29.72098225
methylindole,140,27.16774959
methylindole,135,24.67908773
methylindole,130,22.26680233
methylindole,125,19.94441625
methylindole,120,17.72494825
methylindole,115,15.62057452
methylindole,110,13.64358835
methylindole,105,11.80475325
methylindole,100,10.11269864
methylindole,95,8.57398464
methylindole,90,7.19205500
methylindole,85,5.96737586
methylindole,80,4.89681979
methylindole,75,3.97404786
methylindole,70,3.18986580
methylindole,65,2.53278038
methylindole,60,1.98973621
methylindole,55,1.54690711
methylindole,50,1.19043075
methylindole,45,0.90699422
methylindole,40,0.68428507
methylindole,35,0.51127083
methylindole,30,0.37832822
methylindole,25,0.27725886
octadecanoicacid,160,1.48675782
octadecanoicacid,155,1.15520975
octadecanoicacid,150,0.89164524
octadecanoicacid,145,0.68338114
octadecanoicacid,140,0.51987886
octadecanoicacid,135,0.39240923
octadecanoicacid,130,0.29376816
octadecanoicacid,125,0.21803720
octadecanoicacid,120,0.16038005
octadecanoicacid,115,0.11686903
octadecanoicacid,110,0.08433652
octadecanoicacid,105,0.06024753
octadecanoicacid,100,0.04259052
octadecanoicacid,95,0.02978396
octadecanoicacid,90,0.02059661
octadecanoicacid,85,0.01408003
octadecanoicacid,80,0.00951171
octadecanoicacid,75,0.00634768
octadecanoicacid,70,0.00418337
octadecanoicacid,65,0.00272175
octadecanoicacid,60,0.00174757
octadecanoicacid,55,0.00110695
octadecanoicacid,50,0.00069148
octadecanoicacid,45,0.00042582
octadecanoicacid,40,0.00025839
octadecanoicacid,35,0.00015444
octadecanoicacid,30,0.00009088
octadecanoicacid,25,0.00005263
styrene,160,43.98704389
styrene,155,41.19039531
styrene,150,38.37891554
styrene,145,35.56302805
styrene,140,32.75490530
styrene,135,29.96882234
styrene,130,27.21975995
styrene,125,24.52486131
styrene,120,21.90306299
styrene,115,19.37392210
styrene,110,16.95815634
styrene,105,14.67670027
styrene,100,12.54920787
styrene,95,10.59284578
styrene,90,8.82150748
styrene,85,7.24417461
styrene,80,5.86427033
styrene,75,4.67897677
styrene,70,3.67969983
styrene,65,2.85279793
styrene,60,2.18091768
styrene,55,1.64455496
styrene,50,1.22356626
styrene,45,0.89842592
styrene,40,0.65115252
styrene,35,0.46585717
styrene,30,0.32897823
styrene,25,0.22927134
styreneoxide,160,36.87322575
styreneoxide,155,33.85999283
styreneoxide,150,30.87031572
styreneoxide,145,27.92266435
styreneoxide,140,25.03908165
styreneoxide,135,22.24243024
styreneoxide,130,19.55690292
styreneoxide,125,17.00765389
styreneoxide,120,14.61822388
styreneoxide,115,12.40988574
styreneoxide,110,10.39998456
styreneoxide,105,8.60061609
styreneoxide,100,7.01717841
styreneoxide,95,5.64828979
styreneoxide,90,4.48584682
styreneoxide,85,3.51598511
styreneoxide,80,2.72056975
styreneoxide,75,2.07889559
styreneoxide,70,1.56930239
styreneoxide,65,1.17057655
styreneoxide,60,0.86297113
styreneoxide,55,0.62883759
styreneoxide,50,0.45292389
styreneoxide,45,0.32241188
styreneoxide,40,0.22678169
styreneoxide,35,0.15757527
styreneoxide,30,0.10811506
styreneoxide,25,0.07321543
"dihydro-2,5-furandione",160,0.00835147
"dihydro-2,5-furandione",155,0.00561364
"dihydro-2,5-furandione",150,0.00373880
"dihydro-2,5-furandione",145,0.00246657
"dihydro-2,5-furandione",140,0.00161137
"dihydro-2,5-furandione",135,0.00104208
"dihydro-2,5-furandione",130,0.00066693
"dihydro-2,5-furandione",125,0.00042227
"dihydro-2,5-furandione",120,0.00026441
"dihydro-2,5-furandione",115,0.00016369
"dihydro-2,5-furandione",110,0.00010015
"dihydro-2,5-furandione",105,0.00006053
"dihydro-2,5-furandione",100,0.00003613
"dihydro-2,5-furandione",95,0.00002129
"dihydro-2,5-furandione",90,0.00001238
"dihydro-2,5-furandione",85,0.00000710
"dihydro-2,5-furandione",80,0.00000402
"dihydro-2,5-furandione",75,0.00000224
"dihydro-2,5-furandione",70,0.00000123
"dihydro-2,5-furandione",65,0.00000066
"dihydro-2,5-furandione",60,0.00000035
"dihydro-2,5-furandione",55,0.00000019
"dihydro-2,5-furandione",50,0.00000010
"dihydro-2,5-furandione",45,0.00000005
"dihydro-2,5-furandione",40,0.00000002
"dihydro-2,5-furandione",35,0.00000001
"dihydro-2,5-furandione",30,0.00000001
"dihydro-2,5-furandione",25,0.00000000
butanedinitrile,160,0.00020943
butanedinitrile,155,0.00013161
butanedinitrile,150,0.00008178
butanedinitrile,145,0.00005022
butanedinitrile,140,0.00003048
butanedinitrile,135,0.00001827
butanedinitrile,130,0.00001081
butanedinitrile,125,0.00000631
butanedinitrile,120,0.00000364
butanedinitrile,115,0.00000207
butanedinitrile,110,0.00000116
butanedinitrile,105,0.00000064
butanedinitrile,100,0.00000035
butanedinitrile,95,0.00000019
butanedinitrile,90,0.00000010
butanedinitrile,85,0.00000005
butanedinitrile,80,0.00000003
butanedinitrile,75,0.00000001
butanedinitrile,70,0.00000001
butanedinitrile,65,0.00000000
butanedinitrile,60,0.00000000
butanedinitrile,55,0.00000000
butanedinitrile,50,0.00000000
butanedinitrile,45,0.00000000
butanedinitrile,40,0.00000000
butanedinitrile,35,0.00000000
butanedinitrile,30,0.00000000
butanedinitrile,25,0.00000000
sulfanilamide,160,0.00085648
sulfanilamide,155,0.00058920
sulfanilamide,150,0.00040180
sulfanilamide,145,0.00027156
sulfanilamide,140,0.00018184
sulfanilamide,135,0.00012061
sulfanilamide,130,0.00007922
sulfanilamide,125,0.00005151
sulfanilamide,120,0.00003315
sulfanilamide,115,0.00002111
sulfanilamide,110,0.00001330
sulfanilamide,105,0.00000828
sulfanilamide,100,0.00000510
sulfanilamide,95,0.00000310
sulfanilamide,90,0.00000187
sulfanilamide,85,0.00000111
sulfanilamide,80,0.00000065
sulfanilamide,75,0.00000038
sulfanilamide,70,0.00000021
sulfanilamide,65,0.00000012
sulfanilamide,60,0.00000007
sulfanilamide,55,0.00000004
sulfanilamide,50,0.00000002
sulfanilamide,45,0.00000001
sulfanilamide,40,0.00000001
sulfanilamide,35,0.00000000
sulfanilamide,30,0.00000000
sulfanilamide,25,0.00000000
"tetrahydrothiophene-1,1-dioxide",160,2.41045309
"tetrahydrothiophene-1,1-dioxide",155,1.94530475
"tetrahydrothiophene-1,1-dioxide",150,1.56590377
"tetrahydrothiophene-1,1-dioxide",145,1.25701077
"tetrahydrothiophene-1,1-dioxide",140,1.00609011
"tetrahydrothiophene-1,1-dioxide",135,0.80278880
"tetrahydrothiophene-1,1-dioxide",130,0.63853770
"tetrahydrothiophene-1,1-dioxide",125,0.50623946
"tetrahydrothiophene-1,1-dioxide",120,0.40001866
"tetrahydrothiophene-1,1-dioxide",115,0.31501818
"tetrahydrothiophene-1,1-dioxide",110,0.24723098
"tetrahydrothiophene-1,1-dioxide",105,0.19335996
"tetrahydrothiophene-1,1-dioxide",100,0.15070026
"tetrahydrothiophene-1,1-dioxide",95,0.11704020
"tetrahydrothiophene-1,1-dioxide",90,0.09057775
"tetrahydrothiophene-1,1-dioxide",85,0.06985009
"tetrahydrothiophene-1,1-dioxide",80,0.05367429
"tetrahydrothiophene-1,1-dioxide",75,0.04109754
"tetrahydrothiophene-1,1-dioxide",70,0.03135544
"tetrahydrothiophene-1,1-dioxide",65,0.02383724
"tetrahydrothiophene-1,1-dioxide",60,0.01805694
"tetrahydrothiophene-1,1-dioxide",55,0.01362944
"tetrahydrothiophene-1,1-dioxide",50,0.01025080
"tetrahydrothiophene-1,1-dioxide",45,0.00768221
"tetrahydrothiophene-1,1-dioxide",40,0.00573673
"tetrahydrothiophene-1,1-dioxide",35,0.00426870
"tetrahydrothiophene-1,1-dioxide",30,0.00316507
"tetrahydrothiophene-1,1-dioxide",25,0.00233846
sulfurcyanide,160,45.92578362
sulfurcyanide,155,42.43784067
sulfurcyanide,150,38.83427111
sulfurcyanide,145,35.13709044
sulfurcyanide,140,31.37873733
sulfurcyanide,135,27.60564070
sulfurcyanide,130,23.87836642
sulfurcyanide,125,20.27020165
sulfurcyanide,120,16.86227909
sulfurcyanide,115,13.73314681
sulfurcyanide,110,10.94773137
sulfurcyanide,105,8.54655757
sulfurcyanide,100,6.54098579
sulfurcyanide,95,4.91472660
sulfurcyanide,90,3.63088787
sulfurcyanide,85,2.64107185
sulfurcyanide,80,1.89358831
sulfurcyanide,75,1.33930407
sulfurcyanide,70,0.93493151
sulfurcyanide,65,0.64430132
sulfurcyanide,60,0.43833937
sulfurcyanide,55,0.29435297
sulfurcyanide,50,0.19504009
sulfurcyanide,45,0.12746400
sulfurcyanide,40,0.08211628
sulfurcyanide,35,0.05211769
sulfurcyanide,30,0.03256581
sulfurcyanide,25,0.02001888
so2,160,100.00000000
so2,155,100.00000000
so2,150,100.00000000
so2,145,100.00000000
so2,140,100.00000000
so2,135,100.00000000
so2,130,100.00000000
so2,125,100.00000000
so2,120,100.00000000
so2,115,100.00000000
so2,110,100.00000000
so2,105,100.00000000
so2,100,100.00000000
so2,95,100.00000000
so2,90,100.00000000
so2,85,100.00000000
so2,80,100.00000000
so2,75,100.00000000
so2,70,100.00000000
so2,65,100.00000000
so2,60,100.00000000
so2,55,27.87307467
so2,50,26.07936118
so2,45,24.31650337
so2,40,22.58814796
so2,35,20.90153606
so2,30,19.25771895
so2,25,17.66307391
sulfurylchloride,160,37.68596411
sulfurylchloride,155,34.99802591
sulfurylchloride,150,32.33014929
sulfurylchloride,145,29.69061426
sulfurylchloride,140,27.09216925
sulfurylchloride,135,24.54731474
sulfurylchloride,130,22.06900472
sulfurylchloride,125,19.67179284
sulfurylchloride,120,17.37100768
sulfurylchloride,115,15.18251319
sulfurylchloride,110,13.12203284
sulfurylchloride,105,11.20502317
sulfurylchloride,100,9.44510652
sulfurylchloride,95,7.85317758
sulfurylchloride,90,6.43650813
sulfurylchloride,85,5.19794516
sulfurylchloride,80,4.13510970
sulfurylchloride,75,3.24043017
sulfurylchloride,70,2.50181856
sulfurylchloride,65,1.90362132
sulfurylchloride,60,1.42806229
sulfurylchloride,55,1.05666113
sulfurylchloride,50,0.77144758
sulfurylchloride,45,0.55588294
sulfurylchloride,40,0.39540332
sulfurylchloride,35,0.27764953
sulfurylchloride,30,0.19244952
sulfurylchloride,25,0.13164663
tert-butylacetate,160,38.02239923
tert-butylacetate,155,35.06383911
tert-butylacetate,150,32.12726722
tert-butylacetate,145,29.23069653
tert-butylacetate,140,26.39246244
tert-butylacetate,135,23.63248692
tert-butylacetate,130,20.97255147
tert-butylacetate,125,18.43305538
tert-butylacetate,120,16.03534122
tert-butylacetate,115,13.79819073
tert-butylacetate,110,11.73807371
tert-butylacetate,105,9.86746575
tert-butylacetate,100,8.19428868
tert-butylacetate,95,6.72088950
tert-butylacetate,90,5.44406432
tert-butylacetate,85,4.35541963
tert-butylacetate,80,3.44201996
tert-butylacetate,75,2.68764187
tert-butylacetate,70,2.07402561
tert-butylacetate,65,1.58216199
tert-butylacetate,60,1.19337044
tert-butylacetate,55,0.89013539
tert-butylacetate,50,0.65664293
tert-butylacetate,45,0.47906609
tert-butylacetate,40,0.34563497
tert-butylacetate,35,0.24655961
tert-butylacetate,30,0.17385941
tert-butylacetate,25,0.12114404
tert-butanol,160,28.21476078
tert-butanol,155,22.57874427
tert-butanol,150,17.50469750
tert-butanol,145,13.19046170
tert-butanol,140,9.70227437
tert-butanol,135,6.99502703
tert-butanol,130,4.95977082
tert-butanol,125,3.46686300
tert-butanol,120,2.39280892
tert-butanol,115,1.63230612
tert-butanol,110,1.10118028
tert-butanol,105,0.73484746
tert-butanol,100,0.48513340
tert-butanol,95,0.31684629
tert-butanol,90,0.20470695
tert-butanol,85,0.13081967
tert-butanol,80,0.08268432
tert-butanol,75,0.05168118
tert-butanol,70,0.03194087
tert-butanol,65,0.01951677
tert-butanol,60,0.01178829
tert-butanol,55,0.00703724
tert-butanol,50,0.00415123
tert-butanol,45,0.00241923
tert-butanol,40,0.00139247
tert-butanol,35,0.00079136
tert-butanol,30,0.00044390
tert-butanol,25,0.00024566
"1,4-benzenedicarboxylicacid",160,0.57768945
"1,4-benzenedicarboxylicacid",155,0.42223927
"1,4-benzenedicarboxylicacid",150,0.30643583
"1,4-benzenedicarboxylicacid",145,0.22072883
"1,4-benzenedicarboxylicacid",140,0.15774688
"1,4-benzenedicarboxylicacid",135,0.11181696
"1,4-benzenedicarboxylicacid",130,0.07859238
"1,4-benzenedicarboxylicacid",125,0.05476158
"1,4-benzenedicarboxylicacid",120,0.03781866
"1,4-benzenedicarboxylicacid",115,0.02588196
"1,4-benzenedicarboxylicacid",110,0.01755045
"1,4-benzenedicarboxylicacid",105,0.01179048
"1,4-benzenedicarboxylicacid",100,0.00784676
"1,4-benzenedicarboxylicacid",95,0.00517296
"1,4-benzenedicarboxylicacid",90,0.00337803
"1,4-benzenedicarboxylicacid",85,0.00218502
"1,4-benzenedicarboxylicacid",80,0.00139997
"1,4-benzenedicarboxylicacid",75,0.00088850
"1,4-benzenedicarboxylicacid",70,0.00055858
"1,4-benzenedicarboxylicacid",65,0.00034788
"1,4-benzenedicarboxylicacid",60,0.00021463
"1,4-benzenedicarboxylicacid",55,0.00013119
"1,4-benzenedicarboxylicacid",50,0.00007944
"1,4-benzenedicarboxylicacid",45,0.00004766
"1,4-benzenedicarboxylicacid",40,0.00002833
"1,4-benzenedicarboxylicacid",35,0.00001668
"1,4-benzenedicarboxylicacid",30,0.00000973
"1,4-benzenedicarboxylicacid",25,0.00000562
tetrachloroethene,160,4.86681084
tetrachloroethene,155,3.67284941
tetrachloroethene,150,2.77152534
tetrachloroethene,145,2.08882506
tetrachloroethene,140,1.57065922
tetrachloroethene,135,1.17712649
tetrachloroethene,130,0.87848517
tetrachloroethene,125,0.65232006
tetrachloroethene,120,0.48159301
tetrachloroethene,115,0.35326204
tetrachloroethene,110,0.25729803
tetrachloroethene,105,0.18596852
tetrachloroethene,100,0.13330874
tetrachloroethene,95,0.09472286
tetrachloroethene,90,0.06667968
tetrachloroethene,85,0.04647743
tetrachloroethene,80,0.03206029
tetrachloroethene,75,0.02187424
tetrachloroethene,70,0.01475356
tetrachloroethene,65,0.00983128
tetrachloroethene,60,0.00646865
tetrachloroethene,55,0.00419988
tetrachloroethene,50,0.00268904
tetrachloroethene,45,0.00169667
tetrachloroethene,40,0.00105419
tetrachloroethene,35,0.00064450
tetrachloroethene,30,0.00038741
tetrachloroethene,25,0.00022875
ethylsilicate,160,21.99337278
ethylsilicate,155,19.66972658
ethylsilicate,150,17.47546011
ethylsilicate,145,15.41855926
ethylsilicate,140,13.50547499
ethylsilicate,135,11.74090317
ethylsilicate,130,10.12771638
ethylsilicate,125,8.66662867
ethylsilicate,120,7.35604187
ethylsilicate,115,6.19212817
ethylsilicate,110,5.16899340
ethylsilicate,105,4.27888245
ethylsilicate,100,3.51247540
ethylsilicate,95,2.85935892
ethylsilicate,90,2.30842333
ethylsilicate,85,1.84831898
ethylsilicate,80,1.46781964
ethylsilicate,75,1.15615396
ethylsilicate,70,0.90325084
ethylsilicate,65,0.69990760
ethylsilicate,60,0.53788195
ethylsilicate,55,0.40992589
ethylsilicate,50,0.30976819
ethylsilicate,45,0.23206243
ethylsilicate,40,0.17231189
ethylsilicate,35,0.12678166
ethylsilicate,30,0.09240580
ethylsilicate,25,0.06669564
thf,160,100.00000000
thf,155,100.00000000
thf,150,100.00000000
thf,145,53.57599776
thf,140,51.35401073
thf,135,49.09799364
thf,130,46.81149822
thf,125,44.49698262
thf,120,42.16020047
thf,115,39.80408676
thf,110,37.43243052
thf,105,35.05266035
thf,100,32.67023947
thf,95,30.29294861
thf,90,27.92924954
thf,85,25.58760945
thf,80,23.27805278
thf,75,21.01387166
thf,70,18.80637725
thf,65,16.67007106
thf,60,14.61983020
thf,55,12.67026042
thf,50,10.83868406
thf,45,9.14018331
thf,40,7.58874989
thf,35,6.19609630
thf,30,4.97023586
thf,25,3.91396649
tetrahydrofurfurylalcohol,160,34.90458711
tetrahydrofurfurylalcohol,155,31.05858166
tetrahydrofurfurylalcohol,150,27.24561184
tetrahydrofurfurylalcohol,145,23.52851629
tetrahydrofurfurylalcohol,140,19.97677378
tetrahydrofurfurylalcohol,135,16.65941727
tetrahydrofurfurylalcohol,130,13.63756355
tetrahydrofurfurylalcohol,125,10.95732829
tetrahydrofurfurylalcohol,120,8.64390438
tetrahydrofurfurylalcohol,115,6.69999433
tetrahydrofurfurylalcohol,110,5.10791277
tetrahydrofurfurylalcohol,105,3.83460355
tetrahydrofurfurylalcohol,100,2.83799720
tetrahydrofurfurylalcohol,95,2.07292864
tetrahydrofurfurylalcohol,90,1.49568492
tetrahydrofurfurylalcohol,85,1.06686223
tetrahydrofurfurylalcohol,80,0.75274256
tetrahydrofurfurylalcohol,75,0.52559175
tetrahydrofurfurylalcohol,70,0.36329176
tetrahydrofurfurylalcohol,65,0.24863725
tetrahydrofurfurylalcohol,60,0.16851799
tetrahydrofurfurylalcohol,55,0.11311914
tetrahydrofurfurylalcohol,50,0.07520663
tetrahydrofurfurylalcohol,45,0.04952342
tetrahydrofurfurylalcohol,40,0.03229906
tetrahydrofurfurylalcohol,35,0.02086271
tetrahydrofurfurylalcohol,30,0.01334494
tetrahydrofurfurylalcohol,25,0.00845234
tetralin,160,28.97568106
tetralin,155,25.86689194
tetralin,150,22.87526707
tetralin,145,20.02949589
tetralin,140,17.35630951
tetralin,135,14.87876041
tetralin,130,12.61491091
tetralin,125,10.57667429
tetralin,120,8.76903004
tetralin,115,7.18991601
tetralin,110,5.83089748
tetralin,105,4.67819913
tetralin,100,3.71413996
tetralin,95,2.91861469
tetralin,90,2.27052444
tetralin,85,1.74895143
tetralin,80,1.33406772
tetralin,75,1.00773007
tetralin,70,0.75381396
tetralin,65,0.55833496
tetralin,60,0.40941474
tetralin,55,0.29714558
tetralin,50,0.21339506
tetralin,45,0.15158469
tetralin,40,0.10646442
tetralin,35,0.07389766
tetralin,30,0.05066522
tetralin,25,0.03429224
thp,160,51.02233341
thp,155,48.40975199
thp,150,45.75720248
thp,145,43.07424235
thp,140,40.36691714
thp,135,37.64364579
thp,130,34.91645729
thp,125,32.19563839
thp,120,29.49465905
thp,115,26.82852778
thp,110,24.21189873
thp,105,21.66344742
thp,100,19.20165740
thp,95,16.84562304
thp,90,14.61417857
thp,85,12.52637708
thp,80,10.59895420
thp,75,8.84607052
thp,70,7.27780295
thp,65,5.89913348
thp,60,4.70971017
thp,55,3.70317926
thp,50,2.86797938
thp,45,2.18836337
thp,40,1.64577138
thp,35,1.22042773
thp,30,0.89275148
thp,25,0.64443787
tetrahydro-2h-thiopyran,160,46.98881754
tetrahydro-2h-thiopyran,155,44.41813334
tetrahydro-2h-thiopyran,150,41.83324620
tetrahydro-2h-thiopyran,145,39.23702056
tetrahydro-2h-thiopyran,140,36.63878284
tetrahydro-2h-thiopyran,135,34.04615288
tetrahydro-2h-thiopyran,130,31.46734995
tetrahydro-2h-thiopyran,125,28.91356914
tetrahydro-2h-thiopyran,120,26.39632083
tetrahydro-2h-thiopyran,115,23.92566385
tetrahydro-2h-thiopyran,110,21.51608388
tetrahydro-2h-thiopyran,105,19.18286095
tetrahydro-2h-thiopyran,100,16.94039285
tetrahydro-2h-thiopyran,95,14.80485669
tetrahydro-2h-thiopyran,90,12.79219321
tetrahydro-2h-thiopyran,85,10.91764254
tetrahydro-2h-thiopyran,80,9.19517014
tetrahydro-2h-thiopyran,75,7.63605708
tetrahydro-2h-thiopyran,70,6.24801808
tetrahydro-2h-thiopyran,65,5.03424141
tetrahydro-2h-thiopyran,60,3.99298447
tetrahydro-2h-thiopyran,55,3.11721403
tetrahydro-2h-thiopyran,50,2.39534050
tetrahydro-2h-thiopyran,45,1.81213552
tetrahydro-2h-thiopyran,40,1.35010589
tetrahydro-2h-thiopyran,35,0.99092894
tetrahydro-2h-thiopyran,30,0.71671376
tetrahydro-2h-thiopyran,25,0.51094349
tetrahydrothiophene,160,100.00000000
tetrahydrothiophene,155,52.00401805
tetrahydrothiophene,150,49.72377780
tetrahydrothiophene,145,47.41630573
tetrahydrothiophene,140,45.08874848
tetrahydrothiophene,135,42.74133912
tetrahydrothiophene,130,40.37991680
tetrahydrothiophene,125,38.00795541
tetrahydrothiophene,120,35.62971224
tetrahydrothiophene,115,33.25276607
tetrahydrothiophene,110,30.88089093
tetrahydrothiophene,105,28.52377380
tetrahydrothiophene,100,26.18578521
tetrahydrothiophene,95,23.88008427
tetrahydrothiophene,90,21.61488120
tetrahydrothiophene,85,19.40090843
tetrahydrothiophene,80,17.25294028
tetrahydrothiophene,75,15.18433484
tetrahydrothiophene,70,13.20961122
tetrahydrothiophene,65,11.34551343
tetrahydrothiophene,60,9.60734511
tetrahydrothiophene,55,8.01059658
tetrahydrothiophene,50,6.56830644
tetrahydrothiophene,45,5.29035542
tetrahydrothiophene,40,4.18187735
tetrahydrothiophene,35,3.24231886
tetrahydrothiophene,30,2.46510498
tetrahydrothiophene,25,1.83798327
tetramethylenesulfoxide,160,44.07381688
tetramethylenesulfoxide,155,41.64371847
tetramethylenesulfoxide,150,39.25284413
tetramethylenesulfoxide,145,36.90664639
tetramethylenesulfoxide,140,34.60971384
tetramethylenesulfoxide,135,32.37021262
tetramethylenesulfoxide,130,30.18895804
tetramethylenesulfoxide,125,28.07025164
tetramethylenesulfoxide,120,26.01846358
tetramethylenesulfoxide,115,24.03596596
tetramethylenesulfoxide,110,22.12521460
tetramethylenesulfoxide,105,20.28889252
tetramethylenesulfoxide,100,18.52763796
tetramethylenesulfoxide,95,16.84489367
tetramethylenesulfoxide,90,15.24132016
tetramethylenesulfoxide,85,13.71890720
tetramethylenesulfoxide,80,12.27995666
tetramethylenesulfoxide,75,10.92399955
tetramethylenesulfoxide,70,9.65376169
tetramethylenesulfoxide,65,8.46999152
tetramethylenesulfoxide,60,7.37390587
tetramethylenesulfoxide,55,6.36606330
tetramethylenesulfoxide,50,5.44677758
tetramethylenesulfoxide,45,4.61566010
tetramethylenesulfoxide,40,3.87168324
tetramethylenesulfoxide,35,3.21302846
tetramethylenesulfoxide,30,2.63678379
tetramethylenesulfoxide,25,2.13900468
tetramethylurea,160,47.08052443
tetramethylurea,155,44.83148305
tetramethylurea,150,42.58627603
tetramethylurea,145,40.35213388
tetramethylurea,140,38.13163730
tetramethylurea,135,35.92608967
tetramethylurea,130,33.74269221
tetramethylurea,125,31.58484777
tetramethylurea,120,29.45684488
tetramethylurea,115,27.36495982
tetramethylurea,110,25.31333294
tetramethylurea,105,23.30822688
tetramethylurea,100,21.35335941
tetramethylurea,95,19.45684827
tetramethylurea,90,17.62395143
tetramethylurea,85,15.86167633
tetramethylurea,80,14.17535330
tetramethylurea,75,12.57240067
tetramethylurea,70,11.05907375
tetramethylurea,65,9.64171812
tetramethylurea,60,8.32575866
tetramethylurea,55,7.11595156
tetramethylurea,50,6.01587106
tetramethylurea,45,5.02765565
tetramethylurea,40,4.15148542
tetramethylurea,35,3.38552833
tetramethylurea,30,2.72590160
tetramethylurea,25,2.16661764
tetranitro-methane,160,100.00000000
tetranitro-methane,155,100.00000000
tetranitro-methane,150,100.00000000
tetranitro-methane,145,100.00000000
tetranitro-methane,140,100.00000000
tetranitro-methane,135,100.00000000
tetranitro-methane,130,100.00000000
tetranitro-methane,125,100.00000000
tetranitro-methane,120,100.00000000
tetranitro-methane,115,100.00000000
tetranitro-methane,110,100.00000000
tetranitro-methane,105,100.00000000
tetranitro-methane,100,100.00000000
tetranitro-methane,95,100.00000000
tetranitro-methane,90,100.00000000
tetranitro-methane,85,100.00000000
tetranitro-methane,80,100.00000000
tetranitro-methane,75,100.00000000
tetranitro-methane,70,100.00000000
tetranitro-methane,65,100.00000000
tetranitro-methane,60,100.00000000
tetranitro-methane,55,100.00000000
tetranitro-methane,50,100.00000000
tetranitro-methane,45,100.00000000
tetranitro-methane,40,100.00000000
tetranitro-methane,35,100.00000000
tetranitro-methane,30,100.00000000
tetranitro-methane,25,100.00000000
thiazole,160,47.85820676
thiazole,155,44.65932450
thiazole,150,41.36017155
thiazole,145,37.97312758
thiazole,140,34.51473336
thiazole,135,31.01074588
thiazole,130,27.49561955
thiazole,125,24.01382794
thiazole,120,20.61941491
thiazole,115,17.37466857
thiazole,110,14.34421269
thiazole,105,11.58895833
thiazole,100,9.15692169
thiazole,95,7.07654343
thiazole,90,5.35246671
thiazole,85,3.96678568
thiazole,80,2.88448967
thiazole,75,2.06081507
thiazole,70,1.44834692
thiazole,65,1.00226148
thiazole,60,0.68336110
thiazole,55,0.45924650
thiazole,50,0.30424852
thiazole,45,0.19868804
thiazole,40,0.12787323
thiazole,35,0.08107769
thiazole,30,0.05062243
thiazole,25,0.03110827
ethanethioamide,160,0.03844139
ethanethioamide,155,0.02713380
ethanethioamide,150,0.01901241
ethanethioamide,145,0.01322109
ethanethioamide,140,0.00912208
ethanethioamide,135,0.00624327
ethanethioamide,130,0.00423760
ethanethioamide,125,0.00285179
ethanethioamide,120,0.00190240
ethanethioamide,115,0.00125770
ethanethioamide,110,0.00082384
ethanethioamide,105,0.00053456
ethanethioamide,100,0.00034351
ethanethioamide,95,0.00021856
ethanethioamide,90,0.00013765
ethanethioamide,85,0.00008580
ethanethioamide,80,0.00005291
ethanethioamide,75,0.00003228
ethanethioamide,70,0.00001947
ethanethioamide,65,0.00001162
ethanethioamide,60,0.00000685
ethanethioamide,55,0.00000399
ethanethioamide,50,0.00000230
ethanethioamide,45,0.00000131
ethanethioamide,40,0.00000073
ethanethioamide,35,0.00000041
ethanethioamide,30,0.00000022
ethanethioamide,25,0.00000012
thioaceticacid,160,54.36056550
thioaceticacid,155,51.65967293
thioaceticacid,150,48.87652628
thioaceticacid,145,46.01438286
thioaceticacid,140,43.07715077
thioaceticacid,135,40.07417855
thioaceticacid,130,37.01499999
thioaceticacid,125,33.91344397
thioaceticacid,120,30.78643671
thioaceticacid,115,27.65734268
thioaceticacid,110,24.55323769
thioaceticacid,105,21.50723563
thioaceticacid,100,18.55683164
thioaceticacid,95,15.74377201
thioaceticacid,90,13.11120371
thioaceticacid,85,10.70108183
thioaceticacid,80,8.54870131
thioaceticacid,75,6.67875053
thioaceticacid,70,5.10154515
thioaceticacid,65,3.81110186
thioaceticacid,60,2.78672251
thioaceticacid,55,1.99672218
thioaceticacid,50,1.40365286
thioaceticacid,45,0.96923159
thioaceticacid,40,0.65802542
thioaceticacid,35,0.43955296
thioaceticacid,30,0.28901421
thioaceticacid,25,0.18708537
thiocyanicacid,160,35.29237637
thiocyanicacid,155,29.21060973
thiocyanicacid,150,23.47341148
thiocyanicacid,145,18.35367912
thiocyanicacid,140,14.01035187
thiocyanicacid,135,10.47943188
thiocyanicacid,130,7.70567606
thiocyanicacid,125,5.58483317
thiocyanicacid,120,3.99743941
thiocyanicacid,115,2.82952329
thiocyanicacid,110,1.98236873
thiocyanicacid,105,1.37537154
thiocyanicacid,100,0.94521751
thiocyanicacid,95,0.64350803
thiocyanicacid,90,0.43397944
thiocyanicacid,85,0.28988556
thiocyanicacid,80,0.19175878
thiocyanicacid,75,0.12559510
thiocyanicacid,70,0.08143112
thiocyanicacid,65,0.05225374
thiocyanicacid,60,0.03317887
thiocyanicacid,55,0.02084161
thiocyanicacid,50,0.01294893
thiocyanicacid,45,0.00795567
thiocyanicacid,40,0.00483243
thiocyanicacid,35,0.00290136
thiocyanicacid,30,0.00172141
thiocyanicacid,25,0.00100903
"2,2'-thiobisethanol",160,7.89924963
"2,2'-thiobisethanol",155,6.03365336
"2,2'-thiobisethanol",150,4.56981652
"2,2'-thiobisethanol",145,3.43377290
"2,2'-thiobisethanol",140,2.56056851
"2,2'-thiobisethanol",135,1.89524223
"2,2'-thiobisethanol",130,1.39246608
"2,2'-thiobisethanol",125,1.01553399
"2,2'-thiobisethanol",120,0.73515029
"2,2'-thiobisethanol",115,0.52820504
"2,2'-thiobisethanol",110,0.37665461
"2,2'-thiobisethanol",105,0.26654366
"2,2'-thiobisethanol",100,0.18717609
"2,2'-thiobisethanol",95,0.13042648
"2,2'-thiobisethanol",90,0.09017682
"2,2'-thiobisethanol",85,0.06186166
"2,2'-thiobisethanol",80,0.04210484
"2,2'-thiobisethanol",75,0.02843241
"2,2'-thiobisethanol",70,0.01904815
"2,2'-thiobisethanol",65,0.01266000
"2,2'-thiobisethanol",60,0.00834711
"2,2'-thiobisethanol",55,0.00545924
"2,2'-thiobisethanol",50,0.00354149
"2,2'-thiobisethanol",45,0.00227852
"2,2'-thiobisethanol",40,0.00145369
"2,2'-thiobisethanol",35,0.00091954
"2,2'-thiobisethanol",30,0.00057658
"2,2'-thiobisethanol",25,0.00035828
mercaptoaceticacid,160,0.12600021
mercaptoaceticacid,155,0.08814394
mercaptoaceticacid,150,0.06117070
mercaptoaceticacid,145,0.04209621
mercaptoaceticacid,140,0.02871613
mercaptoaceticacid,135,0.01941060
mercaptoaceticacid,130,0.01299686
mercaptoaceticacid,125,0.00861764
mercaptoaceticacid,120,0.00565664
mercaptoaceticacid,115,0.00367471
mercaptoaceticacid,110,0.00236190
mercaptoaceticacid,105,0.00150160
mercaptoaceticacid,100,0.00094404
mercaptoaceticacid,95,0.00058675
mercaptoaceticacid,90,0.00036044
mercaptoaceticacid,85,0.00021878
mercaptoaceticacid,80,0.00013119
mercaptoaceticacid,75,0.00007769
mercaptoaceticacid,70,0.00004543
mercaptoaceticacid,65,0.00002623
mercaptoaceticacid,60,0.00001494
mercaptoaceticacid,55,0.00000840
mercaptoaceticacid,50,0.00000466
mercaptoaceticacid,45,0.00000255
mercaptoaceticacid,40,0.00000137
mercaptoaceticacid,35,0.00000073
mercaptoaceticacid,30,0.00000038
mercaptoaceticacid,25,0.00000020
thionylchloride,160,41.42440272
thionylchloride,155,38.69877908
thionylchloride,150,35.97047786
thionylchloride,145,33.25119954
thionylchloride,140,30.55122883
thionylchloride,135,27.88130827
thionylchloride,130,25.25675559
thionylchloride,125,22.69357916
thionylchloride,120,20.20768867
thionylchloride,115,17.81739077
thionylchloride,110,15.54125020
thionylchloride,105,13.39824642
thionylchloride,100,11.40609212
thionylchloride,95,9.58070962
thionylchloride,90,7.93460997
thionylchloride,85,6.47563992
thionylchloride,80,5.20646902
thionylchloride,75,4.12352493
thionylchloride,70,3.21752066
thionylchloride,65,2.47428831
thionylchloride,60,1.87610137
thionylchloride,55,1.40335289
thionylchloride,50,1.03611801
thionylchloride,45,0.75540982
thionylchloride,40,0.54405747
thionylchloride,35,0.38716917
thionylchloride,30,0.27227113
thionylchloride,25,0.18921028
thiophene,160,53.97733576
thiophene,155,51.56749012
thiophene,150,49.11656653
thiophene,145,46.62608932
thiophene,140,44.10205479
thiophene,135,41.54565714
thiophene,130,38.96682397
thiophene,125,36.36946190
thiophene,120,33.76113723
thiophene,115,31.15109021
thiophene,110,28.55140018
thiophene,105,25.97268143
thiophene,100,23.43002257
thiophene,95,20.94067166
thiophene,90,18.52016203
thiophene,85,16.19089768
thiophene,80,13.97305806
thiophene,75,11.88912034
thiophene,70,9.96034166
thiophene,65,8.20603810
thiophene,60,6.64157553
thiophene,55,5.27641724
thiophene,50,4.11273961
thiophene,45,3.14485432
thiophene,40,2.35960870
thiophene,35,1.73803609
thiophene,30,1.25755507
thiophene,25,0.89439221
thiophenol,160,43.92931640
thiophenol,155,41.27191918
thiophenol,150,38.60872718
thiophenol,145,35.94645002
thiophenol,140,33.29638235
thiophenol,135,30.66818067
thiophenol,130,28.07166421
thiophenol,125,25.52082228
thiophenol,120,23.03007202
thiophenol,115,20.61328655
thiophenol,110,18.28649132
thiophenol,105,16.06569747
thiophenol,100,13.96738296
thiophenol,95,12.00682864
thiophenol,90,10.19811999
thiophenol,85,8.55244677
thiophenol,80,7.07783417
thiophenol,75,5.77788597
thiophenol,70,4.65154513
thiophenol,65,3.69277315
thiophenol,60,2.89120626
thiophenol,55,2.23292757
thiophenol,50,1.70165566
thiophenol,45,1.28001951
thiophenol,40,0.95071595
thiophenol,35,0.69741493
thiophenol,30,0.50538278
thiophenol,25,0.36180754
thiourea,160,0.00000004
thiourea,155,0.00000002
thiourea,150,0.00000001
thiourea,145,0.00000001
thiourea,140,0.00000001
thiourea,135,0.00000000
thiourea,130,0.00000000
thiourea,125,0.00000000
thiourea,120,0.00000000
thiourea,115,0.00000000
thiourea,110,0.00000000
thiourea,105,0.00000000
thiourea,100,0.00000000
thiourea,95,0.00000000
thiourea,90,0.00000000
thiourea,85,0.00000000
thiourea,80,0.00000000
thiourea,75,0.00000000
thiourea,70,0.00000000
thiourea,65,0.00000000
thiourea,60,0.00000000
thiourea,55,0.00000000
thiourea,50,0.00000000
thiourea,45,0.00000000
thiourea,40,0.00000000
thiourea,35,0.00000000
thiourea,30,0.00000000
thiourea,25,0.00000000
thiourea,160,0.00000004
thiourea,155,0.00000002
thiourea,150,0.00000001
thiourea,145,0.00000001
thiourea,140,0.00000001
thiourea,135,0.00000000
thiourea,130,0.00000000
thiourea,125,0.00000000
thiourea,120,0.00000000
thiourea,115,0.00000000
thiourea,110,0.00000000
thiourea,105,0.00000000
thiourea,100,0.00000000
thiourea,95,0.00000000
thiourea,90,0.00000000
thiourea,85,0.00000000
thiourea,80,0.00000000
thiourea,75,0.00000000
thiourea,70,0.00000000
thiourea,65,0.00000000
thiourea,60,0.00000000
thiourea,55,0.00000000
thiourea,50,0.00000000
thiourea,45,0.00000000
thiourea,40,0.00000000
thiourea,35,0.00000000
thiourea,30,0.00000000
thiourea,25,0.00000000
thymine,160,0.00109088
thymine,155,0.00074600
thymine,150,0.00050574
thymine,145,0.00033982
thymine,140,0.00022625
thymine,135,0.00014924
thymine,130,0.00009750
thymine,125,0.00006308
thymine,120,0.00004040
thymine,115,0.00002562
thymine,110,0.00001607
thymine,105,0.00000998
thymine,100,0.00000613
thymine,95,0.00000372
thymine,90,0.00000224
thymine,85,0.00000133
thymine,80,0.00000078
thymine,75,0.00000045
thymine,70,0.00000026
thymine,65,0.00000015
thymine,60,0.00000008
thymine,55,0.00000005
thymine,50,0.00000002
thymine,45,0.00000001
thymine,40,0.00000001
thymine,35,0.00000000
thymine,30,0.00000000
thymine,25,0.00000000
thymol,160,29.90138919
thymol,155,27.14831895
thymol,150,24.48275521
thymol,145,21.91993257
thymol,140,19.47561517
thymol,135,17.16406299
thymol,130,14.99860739
thymol,125,12.99040428
thymol,120,11.14797531
thymol,115,9.47703981
thymol,110,7.97959258
thymol,105,6.65404957
thymol,100,5.49536687
thymol,95,4.49528758
thymol,90,3.64284152
thymol,85,2.92512786
thymol,80,2.32802252
thymol,75,1.83694683
thymol,70,1.43749483
thymol,65,1.11596240
thymol,60,0.85972096
thymol,55,0.65743908
thymol,50,0.49918826
thymol,45,0.37644406
thymol,40,0.28201819
thymol,35,0.20994543
thymol,30,0.15534635
thymol,25,0.11428144
trans-2-methyl-2-butenal,160,53.36950226
trans-2-methyl-2-butenal,155,50.91571324
trans-2-methyl-2-butenal,150,48.42159951
trans-2-methyl-2-butenal,145,45.89065374
trans-2-methyl-2-butenal,140,43.32877350
trans-2-methyl-2-butenal,135,40.74185742
trans-2-methyl-2-butenal,130,38.13646913
trans-2-methyl-2-butenal,125,35.52085321
trans-2-methyl-2-butenal,120,32.90230650
trans-2-methyl-2-butenal,115,30.29386973
trans-2-methyl-2-butenal,110,27.70505589
trans-2-methyl-2-butenal,105,25.15094817
trans-2-methyl-2-butenal,100,22.64607267
trans-2-methyl-2-butenal,95,20.20560339
trans-2-methyl-2-butenal,90,17.84916984
trans-2-methyl-2-butenal,85,15.59450553
trans-2-methyl-2-butenal,80,13.46150331
trans-2-methyl-2-butenal,75,11.46887751
trans-2-methyl-2-butenal,70,9.63409810
trans-2-methyl-2-butenal,65,7.97194289
trans-2-methyl-2-butenal,60,6.49292881
trans-2-methyl-2-butenal,55,5.20215539
trans-2-methyl-2-butenal,50,4.09879703
trans-2-methyl-2-butenal,45,3.17553391
trans-2-methyl-2-butenal,40,2.41952899
trans-2-methyl-2-butenal,35,1.81358481
trans-2-methyl-2-butenal,30,1.33788544
trans-2-methyl-2-butenal,25,0.97177114
toluene,160,47.58720847
toluene,155,44.79035689
toluene,150,41.95728619
toluene,145,39.09728770
toluene,140,36.21887253
toluene,135,33.33677157
toluene,130,30.46622603
toluene,125,27.62380639
toluene,120,24.82998027
toluene,115,22.10567919
toluene,110,19.47464203
toluene,105,16.96126688
toluene,100,14.59043146
toluene,95,12.38547639
toluene,90,10.36686809
toluene,85,8.55031926
toluene,80,6.94585275
toluene,75,5.55601840
toluene,70,4.37601452
toluene,65,3.39421980
toluene,60,2.59342217
toluene,55,1.95271964
toluene,50,1.44947645
toluene,45,1.06105712
toluene,40,0.76619408
toluene,35,0.54585462
toluene,30,0.38367555
toluene,25,0.26604402
(e)-2-butenenitrile,160,56.27384589
(e)-2-butenenitrile,155,53.49452233
(e)-2-butenenitrile,150,50.61681386
(e)-2-butenenitrile,145,47.64421697
(e)-2-butenenitrile,140,44.58354709
(e)-2-butenenitrile,135,41.44591454
(e)-2-butenenitrile,130,38.24500276
(e)-2-butenenitrile,125,34.99708109
(e)-2-butenenitrile,120,31.72472521
(e)-2-butenenitrile,115,28.45696969
(e)-2-butenenitrile,110,25.22532902
(e)-2-butenenitrile,105,22.06836865
(e)-2-butenenitrile,100,19.02747090
(e)-2-butenenitrile,95,16.14570276
(e)-2-butenenitrile,90,13.46643793
(e)-2-butenenitrile,85,11.02758440
(e)-2-butenenitrile,80,8.85897069
(e)-2-butenenitrile,75,6.97879316
(e)-2-butenenitrile,70,5.39078770
(e)-2-butenenitrile,65,4.08470615
(e)-2-butenenitrile,60,3.03807636
(e)-2-butenenitrile,55,2.21992178
(e)-2-butenenitrile,50,1.59504151
(e)-2-butenenitrile,45,1.12789153
(e)-2-butenenitrile,40,0.78546099
(e)-2-butenenitrile,35,0.53896303
(e)-2-butenenitrile,30,0.36449803
(e)-2-butenenitrile,25,0.24297973
trans-decalin,160,1.24659049
trans-decalin,155,0.95361318
trans-decalin,150,0.72634323
trans-decalin,145,0.55048448
trans-decalin,140,0.41488009
trans-decalin,135,0.31076842
trans-decalin,130,0.23124125
trans-decalin,125,0.17084279
trans-decalin,120,0.12526428
trans-decalin,115,0.09110832
trans-decalin,110,0.06570404
trans-decalin,105,0.04696046
trans-decalin,100,0.03324908
trans-decalin,95,0.02330940
trans-decalin,90,0.01617254
trans-decalin,85,0.01109956
trans-decalin,80,0.00753164
trans-decalin,75,0.00505005
trans-decalin,70,0.00334409
trans-decalin,65,0.00218563
trans-decalin,60,0.00140904
trans-decalin,55,0.00089541
trans-decalin,50,0.00056050
trans-decalin,45,0.00034534
trans-decalin,40,0.00020926
trans-decalin,35,0.00012461
trans-decalin,30,0.00007285
trans-decalin,25,0.00004177
tributoxyborane,160,1.32533834
tributoxyborane,155,1.05042542
tributoxyborane,150,0.82880349
tributoxyborane,145,0.65077275
tributoxyborane,140,0.50833087
tributoxyborane,135,0.39487106
tributoxyborane,130,0.30493735
tributoxyborane,125,0.23402830
tributoxyborane,120,0.17843685
tributoxyborane,115,0.13511828
tributoxyborane,110,0.10158041
tributoxyborane,105,0.07579178
tributoxyborane,100,0.05610436
tributoxyborane,95,0.04118839
tributoxyborane,90,0.02997729
tributoxyborane,85,0.02162114
tributoxyborane,80,0.01544738
tributoxyborane,75,0.01092785
tributoxyborane,70,0.00765108
tributoxyborane,65,0.00529922
tributoxyborane,60,0.00362898
tributoxyborane,55,0.00245591
tributoxyborane,50,0.00164153
tributoxyborane,45,0.00108303
tributoxyborane,40,0.00070487
tributoxyborane,35,0.00045224
tributoxyborane,30,0.00028583
tributoxyborane,25,0.00017782
tri-n-butylphosphate,160,10.30935077
tri-n-butylphosphate,155,8.75802438
tri-n-butylphosphate,150,7.39198200
tri-n-butylphosphate,145,6.19890540
tri-n-butylphosphate,140,5.16520383
tri-n-butylphosphate,135,4.27657150
tri-n-butylphosphate,130,3.51845518
tri-n-butylphosphate,125,2.87649072
tri-n-butylphosphate,120,2.33683412
tri-n-butylphosphate,115,1.88641642
tri-n-butylphosphate,110,1.51312071
tri-n-butylphosphate,105,1.20588981
tri-n-butylphosphate,100,0.95477547
tri-n-butylphosphate,95,0.75094067
tri-n-butylphosphate,90,0.58662630
tri-n-butylphosphate,85,0.45509203
tri-n-butylphosphate,80,0.35054096
tri-n-butylphosphate,75,0.26803397
tri-n-butylphosphate,70,0.20340047
tri-n-butylphosphate,65,0.15314907
tri-n-butylphosphate,60,0.11438158
tri-n-butylphosphate,55,0.08471217
tri-n-butylphosphate,50,0.06219303
tri-n-butylphosphate,45,0.04524714
tri-n-butylphosphate,40,0.03260847
tri-n-butylphosphate,35,0.02326935
tri-n-butylphosphate,30,0.01643483
tri-n-butylphosphate,25,0.01148348
trichloroaceticacid,160,32.60093295
trichloroaceticacid,155,30.14290295
trichloroaceticacid,150,27.74919024
trichloroaceticacid,145,25.42749384
trichloroaceticacid,140,23.18718934
trichloroaceticacid,135,21.03579042
trichloroaceticacid,130,18.98123173
trichloroaceticacid,125,17.03149943
trichloroaceticacid,120,15.19292370
trichloroaceticacid,115,13.47122580
trichloroaceticacid,110,11.87150395
trichloroaceticacid,105,10.39646060
trichloroaceticacid,100,9.04808585
trichloroaceticacid,95,7.82603796
trichloroaceticacid,90,6.72838187
trichloroaceticacid,85,5.75124361
trichloroaceticacid,80,4.88926396
trichloroaceticacid,75,4.13550202
trichloroaceticacid,70,3.48191292
trichloroaceticacid,65,2.91973027
trichloroaceticacid,60,2.43975929
trichloroaceticacid,55,2.03276614
trichloroaceticacid,50,1.68975553
trichloroaceticacid,45,1.40222537
trichloroaceticacid,40,1.16232034
trichloroaceticacid,35,0.96294242
trichloroaceticacid,30,0.79778423
trichloroaceticacid,25,0.66132887
trichloroacetonitrile,160,26.31249598
trichloroacetonitrile,155,23.02186651
trichloroacetonitrile,150,19.86985648
trichloroacetonitrile,145,16.90352158
trichloroacetonitrile,140,14.16701046
trichloroacetonitrile,135,11.69617286
trichloroacetonitrile,130,9.51449588
trichloroacetonitrile,125,7.63043641
trichloroacetonitrile,120,6.03762446
trichloroacetonitrile,115,4.71738391
trichloroacetonitrile,110,3.64254480
trichloroacetonitrile,105,2.78149448
trichloroacetonitrile,100,2.10162209
trichloroacetonitrile,95,1.57178878
trichloroacetonitrile,90,1.16382031
trichloroacetonitrile,85,0.85320792
trichloroacetonitrile,80,0.61925651
trichloroacetonitrile,75,0.44489294
trichloroacetonitrile,70,0.31629530
trichloroacetonitrile,65,0.22244962
trichloroacetonitrile,60,0.15470100
trichloroacetonitrile,55,0.10633414
trichloroacetonitrile,50,0.07220099
trichloroacetonitrile,45,0.04840117
trichloroacetonitrile,40,0.03201412
trichloroacetonitrile,35,0.02087903
trichloroacetonitrile,30,0.01341687
trichloroacetonitrile,25,0.00848849
trichloroethene,160,29.76371466
trichloroethene,155,26.48023807
trichloroethene,150,23.30025337
trichloroethene,145,20.26356082
trichloroethene,140,17.40879647
trichloroethene,135,14.77013876
trichloroethene,130,12.37457517
trichloroethene,125,10.23923562
trichloroethene,120,8.37024216
trichloroethene,115,6.76305584
trichloroethene,110,5.40405394
trichloroethene,105,4.27281029
trichloroethene,100,3.34472456
trichloroethene,95,2.59339430
trichloroethene,90,1.99256687
trichloroethene,85,1.51750298
trichloroethene,80,1.14581833
trichloroethene,75,0.85789088
trichloroethene,70,0.63694994
trichloroethene,65,0.46895707
trichloroethene,60,0.34236335
trichloroethene,55,0.24780940
trichloroethene,50,0.17780990
trichloroethene,45,0.12644952
trichloroethene,40,0.08910529
trichloroethene,35,0.06220212
trichloroethene,30,0.04300339
trichloroethene,25,0.02943524
cfcl3,160,8.74421534
cfcl3,155,6.43809440
cfcl3,150,4.74772842
cfcl3,145,3.50600204
cfcl3,140,2.58965642
cfcl3,135,1.91065947
cfcl3,130,1.40625675
cfcl3,125,1.03125168
cfcl3,120,0.75269703
cfcl3,115,0.54628185
cfcl3,110,0.39389671
cfcl3,105,0.28195453
cfcl3,100,0.20021388
cfcl3,95,0.14094023
cfcl3,90,0.09829305
cfcl3,85,0.06787166
cfcl3,80,0.04637327
cfcl3,75,0.03133273
cfcl3,70,0.02092261
cfcl3,65,0.01379912
cfcl3,60,0.00898316
cfcl3,55,0.00576849
cfcl3,50,0.00365134
cfcl3,45,0.00227660
cfcl3,40,0.00139713
cfcl3,35,0.00084324
cfcl3,30,0.00050010
cfcl3,25,0.00029118
trichloromethylsilane,160,23.78092742
trichloromethylsilane,155,20.66063401
trichloromethylsilane,150,17.73288735
trichloromethylsilane,145,15.03322671
trichloromethylsilane,140,12.58887884
trichloromethylsilane,135,10.41621444
trichloromethylsilane,130,8.51964291
trichloromethylsilane,125,6.89236000
trichloromethylsilane,120,5.51835972
trichloromethylsilane,115,4.37517711
trichloromethylsilane,110,3.43670407
trichloromethylsilane,105,2.67562199
trichloromethylsilane,100,2.06525097
trichloromethylsilane,95,1.58077552
trichloromethylsilane,90,1.19993671
trichloromethylsilane,85,0.90331828
trichloromethylsilane,80,0.67435398
trichloromethylsilane,75,0.49916177
trichloromethylsilane,70,0.36628377
trichloromethylsilane,65,0.26638643
trichloromethylsilane,60,0.19195552
trichloromethylsilane,55,0.13700678
trichloromethylsilane,50,0.09682326
trichloromethylsilane,45,0.06772389
trichloromethylsilane,40,0.04686439
trichloromethylsilane,35,0.03206882
trichloromethylsilane,30,0.02168941
trichloromethylsilane,25,0.01449136
trichlorosilane,160,22.55238044
trichlorosilane,155,18.94487379
trichlorosilane,150,15.63626019
trichlorosilane,145,12.69302558
trichlorosilane,140,10.15090821
trichlorosilane,135,8.01266056
trichlorosilane,130,6.25400936
trichlorosilane,125,4.83380955
trichlorosilane,120,3.70367753
trichlorosilane,115,2.81507411
trichlorosilane,110,2.12336346
trichlorosilane,105,1.58963597
trichlorosilane,100,1.18112207
trichlorosilane,95,0.87085704
trichlorosilane,90,0.63700990
trichlorosilane,85,0.46212344
trichlorosilane,80,0.33237452
trichlorosilane,75,0.23691128
trichlorosilane,70,0.16728245
trichlorosilane,65,0.11695797
trichlorosilane,60,0.08093242
trichlorosilane,55,0.05540099
trichlorosilane,50,0.03749680
trichlorosilane,45,0.02507966
trichlorosilane,40,0.01656751
trichlorosilane,35,0.01080304
trichlorosilane,30,0.00694896
trichlorosilane,25,0.00440651
tricyclene,160,4.08386514
tricyclene,155,3.17326505
tricyclene,150,2.45934332
tricyclene,145,1.89972070
tricyclene,140,1.46159675
tricyclene,135,1.11934171
tricyclene,130,0.85279740
tricyclene,125,0.64601591
tricyclene,120,0.48633290
tricyclene,115,0.36366738
tricyclene,110,0.26999102
tricyclene,105,0.19891457
tricyclene,100,0.14536375
tricyclene,95,0.10532167
tricyclene,90,0.07562224
tricyclene,85,0.05378312
tricyclene,80,0.03787010
tricyclene,75,0.02638661
tricyclene,70,0.01818369
tricyclene,65,0.01238671
tricyclene,60,0.00833604
tricyclene,55,0.00553903
tricyclene,50,0.00363165
tricyclene,45,0.00234791
tricyclene,40,0.00149575
tricyclene,35,0.00093823
tricyclene,30,0.00057901
tricyclene,25,0.00035125
1-tridecanol,160,2.01632677
1-tridecanol,155,1.53432637
1-tridecanol,150,1.15896859
1-tridecanol,145,0.86862295
1-tridecanol,140,0.64566642
1-tridecanol,135,0.47579200
1-tridecanol,130,0.34743895
1-tridecanol,125,0.25131525
1-tridecanol,120,0.17999960
1-tridecanol,115,0.12760780
1-tridecanol,110,0.08951256
1-tridecanol,105,0.06210793
1-tridecanol,100,0.04261166
1-tridecanol,95,0.02889987
1-tridecanol,90,0.01936965
1-tridecanol,85,0.01282571
1-tridecanol,80,0.00838785
1-tridecanol,75,0.00541633
1-tridecanol,70,0.00345236
1-tridecanol,65,0.00217144
1-tridecanol,60,0.00134727
1-tridecanol,55,0.00082429
1-tridecanol,50,0.00049711
1-tridecanol,45,0.00029538
1-tridecanol,40,0.00017285
1-tridecanol,35,0.00009955
1-tridecanol,30,0.00005641
1-tridecanol,25,0.00003142
triethanolamine,160,0.49312809
triethanolamine,155,0.36852206
triethanolamine,150,0.27406934
triethanolamine,145,0.20281054
triethanolamine,140,0.14931816
triethanolamine,135,0.10937105
triethanolamine,130,0.07969851
triethanolamine,125,0.05777757
triethanolamine,120,0.04167195
triethanolamine,115,0.02990387
triethanolamine,110,0.02135211
triethanolamine,105,0.01517122
triethanolamine,100,0.01072770
triethanolamine,95,0.00754989
triethanolamine,90,0.00528887
triethanolamine,85,0.00368818
triethanolamine,80,0.00256047
triethanolamine,75,0.00176976
triethanolamine,70,0.00121789
triethanolamine,65,0.00083446
triethanolamine,60,0.00056925
triethanolamine,55,0.00038661
triethanolamine,50,0.00026137
triethanolamine,45,0.00017588
triethanolamine,40,0.00011777
triethanolamine,35,0.00007846
triethanolamine,30,0.00005199
triethanolamine,25,0.00003425
triethylcitrate,160,6.60511575
triethylcitrate,155,5.43143159
triethylcitrate,150,4.43952661
triethylcitrate,145,3.60731229
triethylcitrate,140,2.91388574
triethylcitrate,135,2.33992558
triethylcitrate,130,1.86790587
triethylcitrate,125,1.48217381
triethylcitrate,120,1.16893093
triethylcitrate,115,0.91614945
triethylcitrate,110,0.71344853
triethylcitrate,105,0.55194893
triethylcitrate,100,0.42411785
triethylcitrate,95,0.32361478
triethylcitrate,90,0.24514245
triethylcitrate,85,0.18430757
triethylcitrate,80,0.13749290
triethylcitrate,75,0.10174189
triethylcitrate,70,0.07465579
triethylcitrate,65,0.05430310
triethylcitrate,60,0.03914064
triethylcitrate,55,0.02794529
triethylcitrate,50,0.01975572
triethylcitrate,45,0.01382279
triethylcitrate,40,0.00956802
triethylcitrate,35,0.00654884
triethylcitrate,30,0.00442999
triethylcitrate,25,0.00296008
triethylamine,160,19.47778429
triethylamine,155,16.17838944
triethylamine,150,13.30012982
triethylamine,145,10.83140796
triethylamine,140,8.74457117
triethylamine,135,7.00262799
triethylamine,130,5.56455321
triethylamine,125,4.38900391
triethylamine,120,3.43668688
triethylamine,115,2.67167278
triethylamine,110,2.06202715
triethylamine,105,1.57995497
triethylamine,100,1.20166427
triethylamine,95,0.90706757
triethylamine,90,0.67940379
triethylamine,85,0.50483307
triethylamine,80,0.37203723
triethylamine,75,0.27184392
triethylamine,70,0.19688513
triethylamine,65,0.14129337
triethylamine,60,0.10043666
triethylamine,55,0.07069048
triethylamine,50,0.04924420
triethylamine,45,0.03393850
triethylamine,40,0.02313034
triethylamine,35,0.01558194
triethylamine,30,0.01037051
triethylamine,25,0.00681546
triethyleneglycol,160,19.92838763
triethyleneglycol,155,17.17003009
triethyleneglycol,150,14.65651940
triethyleneglycol,145,12.39615008
triethyleneglycol,140,10.38957745
triethyleneglycol,135,8.63059495
triethyleneglycol,130,7.10727526
triethyleneglycol,125,5.80338935
triethyleneglycol,120,4.69974665
triethyleneglycol,115,3.77551850
triethyleneglycol,110,3.00937339
triethyleneglycol,105,2.38040294
triethyleneglycol,100,1.86879990
triethyleneglycol,95,1.45633252
triethyleneglycol,90,1.12661150
triethyleneglycol,85,0.86520039
triethyleneglycol,80,0.65960481
triethyleneglycol,75,0.49917689
triethyleneglycol,70,0.37496585
triethyleneglycol,65,0.27953971
triethyleneglycol,60,0.20679685
triethyleneglycol,55,0.15177975
triethyleneglycol,50,0.11049988
triethyleneglycol,45,0.07977828
triethyleneglycol,40,0.05710422
triethyleneglycol,35,0.04051232
triethyleneglycol,30,0.02847775
triethyleneglycol,25,0.01982792
2-2-(2-methoxyethoxy)ethoxyethanol,160,14.70893517
2-2-(2-methoxyethoxy)ethoxyethanol,155,12.33428161
2-2-(2-methoxyethoxy)ethoxyethanol,150,10.23994981
2-2-(2-methoxyethoxy)ethoxyethanol,145,8.41844940
2-2-(2-methoxyethoxy)ethoxyethanol,140,6.85546382
2-2-(2-methoxyethoxy)ethoxyethanol,135,5.53152517
2-2-(2-methoxyethoxy)ethoxyethanol,130,4.42378789
2-2-(2-methoxyethoxy)ethoxyethanol,125,3.50768028
2-2-(2-methoxyethoxy)ethoxyethanol,120,2.75834760
2-2-(2-methoxyethoxy)ethoxyethanol,115,2.15177029
2-2-(2-methoxyethoxy)ethoxyethanol,110,1.66556116
2-2-(2-methoxyethoxy)ethoxyethanol,105,1.27946108
2-2-(2-methoxyethoxy)ethoxyethanol,100,0.97558210
2-2-(2-methoxyethoxy)ethoxyethanol,95,0.73845554
2-2-(2-methoxyethoxy)ethoxyethanol,90,0.55494368
2-2-(2-methoxyethoxy)ethoxyethanol,85,0.41406232
2-2-(2-methoxyethoxy)ethoxyethanol,80,0.30675559
2-2-(2-methoxyethoxy)ethoxyethanol,75,0.22565121
2-2-(2-methoxyethoxy)ethoxyethanol,70,0.16481675
2-2-(2-methoxyethoxy)ethoxyethanol,65,0.11952969
2-2-(2-methoxyethoxy)ethoxyethanol,60,0.08606881
2-2-(2-methoxyethoxy)ethoxyethanol,55,0.06153020
2-2-(2-methoxyethoxy)ethoxyethanol,50,0.04366890
2-2-(2-methoxyethoxy)ethoxyethanol,45,0.03076505
2-2-(2-methoxyethoxy)ethoxyethanol,40,0.02151267
2-2-(2-methoxyethoxy)ethoxyethanol,35,0.01492869
2-2-(2-methoxyethoxy)ethoxyethanol,30,0.01027937
2-2-(2-methoxyethoxy)ethoxyethanol,25,0.00702169
triethylphosphate,160,25.29689489
triethylphosphate,155,22.77010098
triethylphosphate,150,20.35584765
triethylphosphate,145,18.06652838
triethylphosphate,140,15.91254379
triethylphosphate,135,13.90336032
triethylphosphate,130,12.04649450
triethylphosphate,125,10.34720071
triethylphosphate,120,8.80843866
triethylphosphate,115,7.43018098
triethylphosphate,110,6.20958828
triethylphosphate,105,5.14114434
triethylphosphate,100,4.21685069
triethylphosphate,95,3.42660240
triethylphosphate,90,2.75880606
triethylphosphate,85,2.20091481
triethylphosphate,80,1.74003351
triethylphosphate,75,1.36341142
triethylphosphate,70,1.05887321
triethylphosphate,65,0.81513224
triethylphosphate,60,0.62198499
triethylphosphate,55,0.47041453
triethylphosphate,50,0.35260676
triethylphosphate,45,0.26190759
triethylphosphate,40,0.19273914
triethylphosphate,35,0.14049203
triethylphosphate,30,0.10140702
triethylphosphate,25,0.07245582
trifluoroaceticacid,160,31.74903080
trifluoroaceticacid,155,27.79700959
trifluoroaceticacid,150,23.89287077
trifluoroaceticacid,145,20.13331712
trifluoroaceticacid,140,16.62716373
trifluoroaceticacid,135,13.47410858
trifluoroaceticacid,130,10.74149292
trifluoroaceticacid,125,8.45134611
trifluoroaceticacid,120,6.58396738
trifluoroaceticacid,115,5.09245121
trifluoroaceticacid,110,3.91850977
trifluoroaceticacid,105,3.00381431
trifluoroaceticacid,100,2.29604112
trifluoroaceticacid,95,1.75101608
trifluoroaceticacid,90,1.33279541
trifluoroaceticacid,85,1.01275352
trifluoroaceticacid,80,0.76839486
trifluoroaceticacid,75,0.58219045
trifluoroaceticacid,70,0.44055407
trifluoroaceticacid,65,0.33299786
trifluoroaceticacid,60,0.25144905
trifluoroaceticacid,55,0.18970920
trifluoroaceticacid,50,0.14302959
trifluoroaceticacid,45,0.10777987
trifluoroaceticacid,40,0.08119030
trifluoroaceticacid,35,0.06115205
trifluoroaceticacid,30,0.04606259
trifluoroaceticacid,25,0.03470645
chf3,160,58.12183452
chf3,155,55.64065288
chf3,150,53.07813368
chf3,145,50.43547067
chf3,140,47.71703154
chf3,135,44.92726182
chf3,130,42.06872893
chf3,125,39.15143510
chf3,120,36.18557809
chf3,115,33.18510948
chf3,110,30.16691385
chf3,105,27.15393825
chf3,100,24.16971069
chf3,95,21.24726725
chf3,90,18.42092077
chf3,85,15.72823674
chf3,80,13.20842248
chf3,75,10.89888773
chf3,70,8.83032010
chf3,65,7.02354672
chf3,60,5.48651098
chf3,55,4.21291330
chf3,50,3.18405432
chf3,45,2.37215571
chf3,40,1.74478300
chf3,35,1.26882754
chf3,30,0.91342255
chf3,25,0.65162575
trimethylamine,160,100.00000000
trimethylamine,155,99.99420771
trimethylamine,150,58.73538381
trimethylamine,145,56.43064416
trimethylamine,140,54.06471192
trimethylamine,135,51.64213465
trimethylamine,130,49.16640370
trimethylamine,125,46.64212286
trimethylamine,120,44.07504305
trimethylamine,115,41.47107937
trimethylamine,110,38.83634259
trimethylamine,105,36.18253150
trimethylamine,100,33.51923393
trimethylamine,95,30.85720975
trimethylamine,90,28.21051709
trimethylamine,85,25.59545883
trimethylamine,80,23.02604996
trimethylamine,75,20.52205474
trimethylamine,70,18.10274672
trimethylamine,65,15.78632094
trimethylamine,60,13.59496015
trimethylamine,55,11.54801448
trimethylamine,50,9.66390326
trimethylamine,45,7.95819246
trimethylamine,40,6.44248667
trimethylamine,35,5.12305047
trimethylamine,30,3.99940229
trimethylamine,25,3.06458015
"1,2,4-trimethylbenzene",160,32.29016805
"1,2,4-trimethylbenzene",155,29.10470133
"1,2,4-trimethylbenzene",150,26.00199331
"1,2,4-trimethylbenzene",145,23.01121330
"1,2,4-trimethylbenzene",140,20.16098367
"1,2,4-trimethylbenzene",135,17.47864761
"1,2,4-trimethylbenzene",130,14.98826261
"1,2,4-trimethylbenzene",125,12.70878764
"1,2,4-trimethylbenzene",120,10.65337917
"1,2,4-trimethylbenzene",115,8.82816700
"1,2,4-trimethylbenzene",110,7.23223398
"1,2,4-trimethylbenzene",105,5.85801817
"1,2,4-trimethylbenzene",100,4.69235122
"1,2,4-trimethylbenzene",95,3.71787377
"1,2,4-trimethylbenzene",90,2.91452226
"1,2,4-trimethylbenzene",85,2.26101792
"1,2,4-trimethylbenzene",80,1.73612961
"1,2,4-trimethylbenzene",75,1.31963503
"1,2,4-trimethylbenzene",70,0.99298411
"1,2,4-trimethylbenzene",65,0.73967243
"1,2,4-trimethylbenzene",60,0.54538762
"1,2,4-trimethylbenzene",55,0.39798671
"1,2,4-trimethylbenzene",50,0.28736097
"1,2,4-trimethylbenzene",45,0.20523565
"1,2,4-trimethylbenzene",40,0.14493928
"1,2,4-trimethylbenzene",35,0.10116825
"1,2,4-trimethylbenzene",30,0.06976195
"1,2,4-trimethylbenzene",25,0.04749811
thiacyclobutane,160,100.00000000
thiacyclobutane,155,100.00000000
thiacyclobutane,150,100.00000000
thiacyclobutane,145,100.00000000
thiacyclobutane,140,100.00000000
thiacyclobutane,135,49.82753011
thiacyclobutane,130,47.63332803
thiacyclobutane,125,45.41200681
thiacyclobutane,120,43.16316853
thiacyclobutane,115,40.89456008
thiacyclobutane,110,38.60511304
thiacyclobutane,105,36.29992127
thiacyclobutane,100,33.98234379
thiacyclobutane,95,31.66011324
thiacyclobutane,90,29.33739510
thiacyclobutane,85,27.02104305
thiacyclobutane,80,24.71936183
thiacyclobutane,75,22.44182173
thiacyclobutane,70,20.20063636
thiacyclobutane,65,18.00736896
thiacyclobutane,60,15.87680688
thiacyclobutane,55,13.82605893
thiacyclobutane,50,11.87243547
thiacyclobutane,45,10.03571631
thiacyclobutane,40,8.33573663
thiacyclobutane,35,6.79087184
thiacyclobutane,30,5.41717580
thiacyclobutane,25,4.22544438
trimethylphosphate,160,23.04634664
trimethylphosphate,155,20.08432621
trimethylphosphate,150,17.33575360
trimethylphosphate,145,14.81839678
trimethylphosphate,140,12.54314235
trimethylphosphate,135,10.51368299
trimethylphosphate,130,8.72713025
trimethylphosphate,125,7.17465087
trimethylphosphate,120,5.84264543
trimethylphosphate,115,4.71390352
trimethylphosphate,110,3.76883000
trimethylphosphate,105,2.98665260
trimethylphosphate,100,2.34644153
trimethylphosphate,95,1.82796433
trimethylphosphate,90,1.41231713
trimethylphosphate,85,1.08232884
trimethylphosphate,80,0.82278439
trimethylphosphate,75,0.62048293
trimethylphosphate,70,0.46418120
trimethylphosphate,65,0.34445809
trimethylphosphate,60,0.25353325
trimethylphosphate,55,0.18506491
trimethylphosphate,50,0.13394568
trimethylphosphate,45,0.09610778
trimethylphosphate,40,0.06834540
trimethylphosphate,35,0.04815744
trimethylphosphate,30,0.03361174
trimethylphosphate,25,0.02323004
trinitromethane,160,100.00000000
trinitromethane,155,100.00000000
trinitromethane,150,100.00000000
trinitromethane,145,100.00000000
trinitromethane,140,100.00000000
trinitromethane,135,100.00000000
trinitromethane,130,100.00000000
trinitromethane,125,100.00000000
trinitromethane,120,100.00000000
trinitromethane,115,100.00000000
trinitromethane,110,100.00000000
trinitromethane,105,100.00000000
trinitromethane,100,100.00000000
trinitromethane,95,100.00000000
trinitromethane,90,100.00000000
trinitromethane,85,100.00000000
trinitromethane,80,100.00000000
trinitromethane,75,100.00000000
trinitromethane,70,100.00000000
trinitromethane,65,100.00000000
trinitromethane,60,100.00000000
trinitromethane,55,100.00000000
trinitromethane,50,100.00000000
trinitromethane,45,100.00000000
trinitromethane,40,100.00000000
trinitromethane,35,100.00000000
trinitromethane,30,100.00000000
trinitromethane,25,100.00000000
"2-methyl-1,3,5-trinitrobenzene",160,19.98231684
"2-methyl-1,3,5-trinitrobenzene",155,17.80436493
"2-methyl-1,3,5-trinitrobenzene",150,15.76097640
"2-methyl-1,3,5-trinitrobenzene",145,13.85714598
"2-methyl-1,3,5-trinitrobenzene",140,12.09579463
"2-methyl-1,3,5-trinitrobenzene",135,10.47881148
"2-methyl-1,3,5-trinitrobenzene",130,9.00645872
"2-methyl-1,3,5-trinitrobenzene",125,7.67738374
"2-methyl-1,3,5-trinitrobenzene",120,6.48874387
"2-methyl-1,3,5-trinitrobenzene",115,5.43605826
"2-methyl-1,3,5-trinitrobenzene",110,4.51323692
"2-methyl-1,3,5-trinitrobenzene",105,3.71278142
"2-methyl-1,3,5-trinitrobenzene",100,3.02600927
"2-methyl-1,3,5-trinitrobenzene",95,2.44329512
"2-methyl-1,3,5-trinitrobenzene",90,1.95437197
"2-methyl-1,3,5-trinitrobenzene",85,1.54871456
"2-methyl-1,3,5-trinitrobenzene",80,1.21585800
"2-methyl-1,3,5-trinitrobenzene",75,0.94571599
"2-methyl-1,3,5-trinitrobenzene",70,0.72882003
"2-methyl-1,3,5-trinitrobenzene",65,0.55650478
"2-methyl-1,3,5-trinitrobenzene",60,0.42101999
"2-methyl-1,3,5-trinitrobenzene",55,0.31557491
"2-methyl-1,3,5-trinitrobenzene",50,0.23433264
"2-methyl-1,3,5-trinitrobenzene",45,0.17236175
"2-methyl-1,3,5-trinitrobenzene",40,0.12556152
"2-methyl-1,3,5-trinitrobenzene",35,0.09057165
"2-methyl-1,3,5-trinitrobenzene",30,0.06467615
"2-methyl-1,3,5-trinitrobenzene",25,0.04570805
"2-methyl-1,3,5-trinitrobenzene",160,19.98231684
"2-methyl-1,3,5-trinitrobenzene",155,17.80436493
"2-methyl-1,3,5-trinitrobenzene",150,15.76097640
"2-methyl-1,3,5-trinitrobenzene",145,13.85714598
"2-methyl-1,3,5-trinitrobenzene",140,12.09579463
"2-methyl-1,3,5-trinitrobenzene",135,10.47881148
"2-methyl-1,3,5-trinitrobenzene",130,9.00645872
"2-methyl-1,3,5-trinitrobenzene",125,7.67738374
"2-methyl-1,3,5-trinitrobenzene",120,6.48874387
"2-methyl-1,3,5-trinitrobenzene",115,5.43605826
"2-methyl-1,3,5-trinitrobenzene",110,4.51323692
"2-methyl-1,3,5-trinitrobenzene",105,3.71278142
"2-methyl-1,3,5-trinitrobenzene",100,3.02600927
"2-methyl-1,3,5-trinitrobenzene",95,2.44329512
"2-methyl-1,3,5-trinitrobenzene",90,1.95437197
"2-methyl-1,3,5-trinitrobenzene",85,1.54871456
"2-methyl-1,3,5-trinitrobenzene",80,1.21585800
"2-methyl-1,3,5-trinitrobenzene",75,0.94571599
"2-methyl-1,3,5-trinitrobenzene",70,0.72882003
"2-methyl-1,3,5-trinitrobenzene",65,0.55650478
"2-methyl-1,3,5-trinitrobenzene",60,0.42101999
"2-methyl-1,3,5-trinitrobenzene",55,0.31557491
"2-methyl-1,3,5-trinitrobenzene",50,0.23433264
"2-methyl-1,3,5-trinitrobenzene",45,0.17236175
"2-methyl-1,3,5-trinitrobenzene",40,0.12556152
"2-methyl-1,3,5-trinitrobenzene",35,0.09057165
"2-methyl-1,3,5-trinitrobenzene",30,0.06467615
"2-methyl-1,3,5-trinitrobenzene",25,0.04570805
triphenylphosphate,160,8.58107012
triphenylphosphate,155,7.23742635
triphenylphosphate,150,6.06376465
triphenylphosphate,145,5.04699853
triphenylphosphate,140,4.17321378
triphenylphosphate,135,3.42818592
triphenylphosphate,130,2.79780306
triphenylphosphate,125,2.26841805
triphenylphosphate,120,1.82711734
triphenylphosphate,115,1.46190967
triphenylphosphate,110,1.16184273
triphenylphosphate,105,0.91705811
triphenylphosphate,100,0.71879877
triphenylphosphate,95,0.55937746
triphenylphosphate,90,0.43211969
triphenylphosphate,85,0.33128905
triphenylphosphate,80,0.25200244
triphenylphosphate,75,0.19014112
triphenylphosphate,70,0.14226177
triphenylphosphate,65,0.10551073
triphenylphosphate,60,0.07754335
triphenylphosphate,55,0.05644988
triphenylphosphate,50,0.04068835
triphenylphosphate,45,0.02902490
triphenylphosphate,40,0.02048121
triphenylphosphate,35,0.01428898
triphenylphosphate,30,0.00985071
triphenylphosphate,25,0.00670654
n-undecane,160,0.68361619
n-undecane,155,0.52782009
n-undecane,150,0.40530566
n-undecane,145,0.30940276
n-undecane,140,0.23471402
n-undecane,135,0.17687241
n-undecane,130,0.13234962
n-undecane,125,0.09830213
n-undecane,120,0.07244627
n-undecane,115,0.05295603
n-undecane,110,0.03837874
n-undecane,105,0.02756560
n-undecane,100,0.01961395
n-undecane,95,0.01381964
n-undecane,90,0.00963756
n-undecane,85,0.00664925
n-undecane,80,0.00453627
n-undecane,75,0.00305859
n-undecane,70,0.00203705
n-undecane,65,0.00133933
n-undecane,60,0.00086879
n-undecane,55,0.00055565
n-undecane,50,0.00035014
n-undecane,45,0.00021724
n-undecane,40,0.00013259
n-undecane,35,0.00007955
n-undecane,30,0.00004687
n-undecane,25,0.00002710
urea,160,0.00000000
urea,155,0.00000000
urea,150,0.00000000
urea,145,0.00000000
urea,140,0.00000000
urea,135,0.00000000
urea,130,0.00000000
urea,125,0.00000000
urea,120,0.00000000
urea,115,0.00000000
urea,110,0.00000000
urea,105,0.00000000
urea,100,0.00000000
urea,95,0.00000000
urea,90,0.00000000
urea,85,0.00000000
urea,80,0.00000000
urea,75,0.00000000
urea,70,0.00000000
urea,65,0.00000000
urea,60,0.00000000
urea,55,0.00000000
urea,50,0.00000000
urea,45,0.00000000
urea,40,0.00000000
urea,35,0.00000000
urea,30,0.00000000
urea,25,0.00000000
urea,160,0.00000000
urea,155,0.00000000
urea,150,0.00000000
urea,145,0.00000000
urea,140,0.00000000
urea,135,0.00000000
urea,130,0.00000000
urea,125,0.00000000
urea,120,0.00000000
urea,115,0.00000000
urea,110,0.00000000
urea,105,0.00000000
urea,100,0.00000000
urea,95,0.00000000
urea,90,0.00000000
urea,85,0.00000000
urea,80,0.00000000
urea,75,0.00000000
urea,70,0.00000000
urea,65,0.00000000
urea,60,0.00000000
urea,55,0.00000000
urea,50,0.00000000
urea,45,0.00000000
urea,40,0.00000000
urea,35,0.00000000
urea,30,0.00000000
urea,25,0.00000000
valeronitrile,160,53.83347037
valeronitrile,155,51.34000012
valeronitrile,150,48.79311752
valeronitrile,145,46.19551239
valeronitrile,140,43.55264442
valeronitrile,135,40.86741731
valeronitrile,130,38.14900726
valeronitrile,125,35.40379940
valeronitrile,120,32.64157634
valeronitrile,115,29.87680985
valeronitrile,110,27.12268120
valeronitrile,105,24.39785110
valeronitrile,100,21.72232186
valeronitrile,95,19.12051130
valeronitrile,90,16.61731311
valeronitrile,85,14.24053633
valeronitrile,80,12.01789210
valeronitrile,75,9.97538682
valeronitrile,70,8.13536539
valeronitrile,65,6.51336660
valeronitrile,60,5.11693380
valeronitrile,55,3.94380434
valeronitrile,50,2.98264495
valeronitrile,45,2.21439307
valeronitrile,40,1.61482451
valeronitrile,35,1.15739189
valeronitrile,30,0.81575540
valeronitrile,25,0.56564579
4-hydroxy-3-methoxybenzaldehyde,160,10.94290915
4-hydroxy-3-methoxybenzaldehyde,155,8.68596704
4-hydroxy-3-methoxybenzaldehyde,150,6.81951038
4-hydroxy-3-methoxybenzaldehyde,145,5.30056160
4-hydroxy-3-methoxybenzaldehyde,140,4.08151498
4-hydroxy-3-methoxybenzaldehyde,135,3.11505178
4-hydroxy-3-methoxybenzaldehyde,130,2.35718518
4-hydroxy-3-methoxybenzaldehyde,125,1.76883509
4-hydroxy-3-methoxybenzaldehyde,120,1.31637191
4-hydroxy-3-methoxybenzaldehyde,115,0.97154807
4-hydroxy-3-methoxybenzaldehyde,110,0.71107391
4-hydroxy-3-methoxybenzaldehyde,105,0.51603776
4-hydroxy-3-methoxybenzaldehyde,100,0.37128135
4-hydroxy-3-methoxybenzaldehyde,95,0.26479504
4-hydroxy-3-methoxybenzaldehyde,90,0.18716583
4-hydroxy-3-methoxybenzaldehyde,85,0.13109157
4-hydroxy-3-methoxybenzaldehyde,80,0.09096491
4-hydroxy-3-methoxybenzaldehyde,75,0.06252326
4-hydroxy-3-methoxybenzaldehyde,70,0.04255921
4-hydroxy-3-methoxybenzaldehyde,65,0.02868417
4-hydroxy-3-methoxybenzaldehyde,60,0.01913799
4-hydroxy-3-methoxybenzaldehyde,55,0.01263742
4-hydroxy-3-methoxybenzaldehyde,50,0.00825701
4-hydroxy-3-methoxybenzaldehyde,45,0.00533671
4-hydroxy-3-methoxybenzaldehyde,40,0.00341102
4-hydroxy-3-methoxybenzaldehyde,35,0.00215532
4-hydroxy-3-methoxybenzaldehyde,30,0.00134585
4-hydroxy-3-methoxybenzaldehyde,25,0.00083015
(c-chloroethoxy)ethene,160,38.54789340
(c-chloroethoxy)ethene,155,35.20488399
(c-chloroethoxy)ethene,150,31.85009188
(c-chloroethoxy)ethene,145,28.51294931
(c-chloroethoxy)ethene,140,25.22775513
(c-chloroethoxy)ethene,135,22.03528079
(c-chloroethoxy)ethene,130,18.97899347
(c-chloroethoxy)ethene,125,16.10307545
(c-chloroethoxy)ethene,120,13.44925140
(c-chloroethoxy)ethene,115,11.05160837
(c-chloroethoxy)ethene,110,8.93361752
(c-chloroethoxy)ethene,105,7.10524592
(c-chloroethoxy)ethene,100,5.56255217
(c-chloroethoxy)ethene,95,4.28931741
(c-chloroethoxy)ethene,90,3.26014126
(c-chloroethoxy)ethene,85,2.44416037
(c-chloroethoxy)ethene,80,1.80860370
(c-chloroethoxy)ethene,75,1.32158720
(c-chloroethoxy)ethene,70,0.95397806
(c-chloroethoxy)ethene,65,0.68038334
(c-chloroethoxy)ethene,60,0.47946695
(c-chloroethoxy)ethene,55,0.33381910
(c-chloroethoxy)ethene,50,0.22957084
(c-chloroethoxy)ethene,45,0.15589617
(c-chloroethoxy)ethene,40,0.10449322
(c-chloroethoxy)ethene,35,0.06909727
(c-chloroethoxy)ethene,30,0.04505150
(c-chloroethoxy)ethene,25,0.02894410
vinylacetate,160,50.44098093
vinylacetate,155,47.68366281
vinylacetate,150,44.86620276
vinylacetate,145,41.99848027
vinylacetate,140,39.08655532
vinylacetate,135,36.14122446
vinylacetate,130,33.17739536
vinylacetate,125,30.20874139
vinylacetate,120,27.25702784
vinylacetate,115,24.34452468
vinylacetate,110,21.49828963
vinylacetate,105,18.74767403
vinylacetate,100,16.12441756
vinylacetate,95,13.66082333
vinylacetate,90,11.38767296
vinylacetate,85,9.33132697
vinylacetate,80,7.51101626
vinylacetate,75,5.93676811
vinylacetate,70,4.60772107
vinylacetate,65,3.51269658
vinylacetate,60,2.63178718
vinylacetate,55,1.93914508
vinylacetate,50,1.40613967
vinylacetate,45,1.00411458
vinylacetate,40,0.70647278
vinylacetate,35,0.48990342
vinylacetate,30,0.33488414
vinylacetate,25,0.22565029
butenyne,160,100.00000000
butenyne,155,100.00000000
butenyne,150,100.00000000
butenyne,145,100.00000000
butenyne,140,100.00000000
butenyne,135,57.69007519
butenyne,130,55.44190209
butenyne,125,53.12449572
butenyne,120,50.73934640
butenyne,115,48.28694856
butenyne,110,45.77278963
butenyne,105,43.19611498
butenyne,100,40.56183407
butenyne,95,37.87730383
butenyne,90,35.15022771
butenyne,85,32.39064464
butenyne,80,29.61029269
butenyne,75,26.82505251
butenyne,70,24.05502078
butenyne,65,21.32248589
butenyne,60,18.65499014
butenyne,55,16.08159894
butenyne,50,13.63679863
butenyne,45,11.35458646
butenyne,40,9.26756490
butenyne,35,7.40402420
butenyne,30,5.78394736
butenyne,25,4.41551024
allylvinylether,160,51.34872026
allylvinylether,155,48.65732120
allylvinylether,150,45.91197566
allylvinylether,145,43.11722610
allylvinylether,140,40.28085506
allylvinylether,135,37.41328630
allylvinylether,130,34.52620789
allylvinylether,125,31.63203085
allylvinylether,120,28.74731241
allylvinylether,115,25.89320791
allylvinylether,110,23.09076600
allylvinylether,105,20.36551414
allylvinylether,100,17.74471369
allylvinylether,95,15.25672202
allylvinylether,90,12.92995515
allylvinylether,85,10.79039510
allylvinylether,80,8.85960263
allylvinylether,75,7.15246263
allylvinylether,70,5.67566145
allylvinylether,65,4.42656083
allylvinylether,60,3.39385873
allylvinylether,55,2.55900875
allylvinylether,50,1.89854095
allylvinylether,45,1.38666928
allylvinylether,40,0.99756208
allylvinylether,35,0.70710392
allylvinylether,30,0.49396972
allylvinylether,25,0.34010956
butylvinylether,160,38.20917075
butylvinylether,155,34.87878202
butylvinylether,150,31.56902977
butylvinylether,145,28.31050593
butylvinylether,140,25.13575389
butylvinylether,135,22.07937103
butylvinylether,130,19.17531620
butylvinylether,125,16.45580077
butylvinylether,120,13.94855314
butylvinylether,115,11.67462672
butylvinylether,110,9.64728885
butylvinylether,105,7.87094735
butylvinylether,100,6.34123341
butylvinylether,95,5.04611486
butylvinylether,90,3.96747815
butylvinylether,85,3.08314056
butylvinylether,80,2.36882297
butylvinylether,75,1.79991364
butylvinylether,70,1.35281647
butylvinylether,65,1.00588251
butylvinylether,60,0.73993103
butylvinylether,55,0.53845116
butylvinylether,50,0.38756999
butylvinylether,45,0.27586996
butylvinylether,40,0.19412312
butylvinylether,35,0.13499116
butylvinylether,30,0.09272477
butylvinylether,25,0.06288220
vinylbutyrate,160,38.57052865
vinylbutyrate,155,35.57550741
vinylbutyrate,150,32.59381711
vinylbutyrate,145,29.64383315
vinylbutyrate,140,26.74555619
vinylbutyrate,135,23.91977233
vinylbutyrate,130,21.19043073
vinylbutyrate,125,18.58051024
vinylbutyrate,120,16.11398594
vinylbutyrate,115,13.81273431
vinylbutyrate,110,11.69561476
vinylbutyrate,105,9.77757376
vinylbutyrate,100,8.06792070
vinylbutyrate,95,6.56954029
vinylbutyrate,90,5.27891457
vinylbutyrate,85,4.18641843
vinylbutyrate,80,3.27736183
vinylbutyrate,75,2.53344827
vinylbutyrate,70,1.93436211
vinylbutyrate,65,1.45922773
vinylbutyrate,60,1.08784193
vinylbutyrate,55,0.80154986
vinylbutyrate,50,0.58377015
vinylbutyrate,45,0.42022547
vinylbutyrate,40,0.29894552
vinylbutyrate,35,0.21012117
vinylbutyrate,30,0.14587315
vinylbutyrate,25,0.09998429
chloroethene,160,100.00000000
chloroethene,155,100.00000000
chloroethene,150,100.00000000
chloroethene,145,100.00000000
chloroethene,140,100.00000000
chloroethene,135,100.00000000
chloroethene,130,100.00000000
chloroethene,125,49.51933570
chloroethene,120,47.21956359
chloroethene,115,44.87827277
chloroethene,110,42.49793479
chloroethene,105,40.08170456
chloroethene,100,37.63171927
chloroethene,95,35.15737494
chloroethene,90,32.66069698
chloroethene,85,30.15143930
chloroethene,80,27.63949354
chloroethene,75,25.13422084
chloroethene,70,22.64945293
chloroethene,65,20.20125659
chloroethene,60,17.80667616
chloroethene,55,15.48847114
chloroethene,50,13.26948941
chloroethene,45,11.17503892
chloroethene,40,9.23226386
chloroethene,35,7.46677813
chloroethene,30,5.90095963
chloroethene,25,4.55016776
divinylether,160,58.20103501
divinylether,155,55.77974623
divinylether,150,53.28693806
divinylether,145,50.72541750
divinylether,140,48.09756120
divinylether,135,45.40553180
divinylether,130,42.65444436
divinylether,125,39.85075506
divinylether,120,37.00339030
divinylether,115,34.12131319
divinylether,110,31.21911392
divinylether,105,28.31345911
divinylether,100,25.42494340
divinylether,95,22.57667749
divinylether,90,19.79743755
divinylether,85,17.11907837
divinylether,80,14.57496014
divinylether,75,12.19958444
divinylether,70,10.02572664
divinylether,65,8.08025004
divinylether,60,6.38155992
divinylether,55,4.93710892
divinylether,50,3.74185691
divinylether,45,2.77952605
divinylether,40,2.02502500
divinylether,35,1.44819098
divinylether,30,1.01743890
divinylether,25,0.70270037
ethylvinylsulfide,160,51.81808240
ethylvinylsulfide,155,49.32017075
ethylvinylsulfide,150,46.78633439
ethylvinylsulfide,145,44.22050730
ethylvinylsulfide,140,41.62497877
ethylvinylsulfide,135,39.00969499
ethylvinylsulfide,130,36.38059168
ethylvinylsulfide,125,33.74535960
ethylvinylsulfide,120,31.11418627
ethylvinylsulfide,115,28.49952071
ethylvinylsulfide,110,25.91243738
ethylvinylsulfide,105,23.36886553
ethylvinylsulfide,100,20.88479059
ethylvinylsulfide,95,18.47837026
ethylvinylsulfide,90,16.16946221
ethylvinylsulfide,85,13.97797206
ethylvinylsulfide,80,11.92415753
ethylvinylsulfide,75,10.02712111
ethylvinylsulfide,70,8.30348860
ethylvinylsulfide,65,6.76569384
ethylvinylsulfide,60,5.42062328
ethylvinylsulfide,55,4.26885868
ethylvinylsulfide,50,3.30401276
ethylvinylsulfide,45,2.51359064
ethylvinylsulfide,40,1.88019955
ethylvinylsulfide,35,1.38340346
ethylvinylsulfide,30,1.00165534
ethylvinylsulfide,25,0.71396829
vinylformate,160,54.56591758
vinylformate,155,51.70480420
vinylformate,150,48.73520325
vinylformate,145,45.66104194
vinylformate,140,42.48801131
vinylformate,135,39.22777731
vinylformate,130,35.89205566
vinylformate,125,32.50342601
vinylformate,120,29.08957811
vinylformate,115,25.68724021
vinylformate,110,22.33996220
vinylformate,105,19.09989785
vinylformate,100,16.02440390
vinylformate,95,13.17129492
vinylformate,90,10.59303253
vinylformate,85,8.32992175
vinylformate,80,6.40374247
vinylformate,75,4.81524922
vinylformate,70,3.54507620
vinylformate,65,2.55862897
vinylformate,60,1.81279552
vinylformate,55,1.26235726
vinylformate,50,0.86484395
vinylformate,45,0.58333741
vinylformate,40,0.38753150
vinylformate,35,0.25360794
vinylformate,30,0.16347539
vinylformate,25,0.10376699
iodoethene,160,37.58887788
iodoethene,155,35.18030029
iodoethene,150,32.79680346
iodoethene,145,30.44171513
iodoethene,140,28.11982749
iodoethene,135,25.83987561
iodoethene,130,23.60613959
iodoethene,125,21.42603095
iodoethene,120,19.30816141
iodoethene,115,17.26176759
iodoethene,110,15.29468101
iodoethene,105,13.41836683
iodoethene,100,11.64394402
iodoethene,95,9.98220521
iodoethene,90,8.44446270
iodoethene,85,7.04094694
iodoethene,80,5.78006552
iodoethene,75,4.66757715
iodoethene,70,3.70519410
iodoethene,65,2.89034849
iodoethene,60,2.21560943
iodoethene,55,1.66942618
iodoethene,50,1.23707187
iodoethene,45,0.90209454
iodoethene,40,0.64777223
iodoethene,35,0.45830894
iodoethene,30,0.31963499
iodoethene,25,0.21980149
isobutylvinylether,160,36.80321280
isobutylvinylether,155,33.37247113
isobutylvinylether,150,29.97969712
isobutylvinylether,145,26.66117613
isobutylvinylether,140,23.45478959
isobutylvinylether,135,20.39916820
isobutylvinylether,130,17.53067844
isobutylvinylether,125,14.88058315
isobutylvinylether,120,12.47331134
isobutylvinylether,115,10.32429956
isobutylvinylether,110,8.43906726
isobutylvinylether,105,6.81362341
isobutylvinylether,100,5.43554717
isobutylvinylether,95,4.28590983
isobutylvinylether,90,3.34142730
isobutylvinylether,85,2.57663658
isobutylvinylether,80,1.96573088
isobutylvinylether,75,1.48398955
isobutylvinylether,70,1.10872349
isobutylvinylether,65,0.81980957
isobutylvinylether,60,0.59989345
isobutylvinylether,55,0.43435462
isobutylvinylether,50,0.31111999
isobutylvinylether,45,0.22039247
isobutylvinylether,40,0.15434539
isobutylvinylether,35,0.10681536
isobutylvinylether,30,0.07301395
isobutylvinylether,25,0.04926899
2-(ethenyloxy)-propane,160,49.02527754
2-(ethenyloxy)-propane,155,46.17818131
2-(ethenyloxy)-propane,150,43.28175373
2-(ethenyloxy)-propane,145,40.34239875
2-(ethenyloxy)-propane,140,37.37263879
2-(ethenyloxy)-propane,135,34.38711606
2-(ethenyloxy)-propane,130,31.40285176
2-(ethenyloxy)-propane,125,28.43852291
2-(ethenyloxy)-propane,120,25.51678916
2-(ethenyloxy)-propane,115,22.66335439
2-(ethenyloxy)-propane,110,19.90544995
2-(ethenyloxy)-propane,105,17.27209358
2-(ethenyloxy)-propane,100,14.79161988
2-(ethenyloxy)-propane,95,12.49142323
2-(ethenyloxy)-propane,90,10.39456732
2-(ethenyloxy)-propane,85,8.51824637
2-(ethenyloxy)-propane,80,6.87223080
2-(ethenyloxy)-propane,75,5.45752450
2-(ethenyloxy)-propane,70,4.26670738
2-(ethenyloxy)-propane,65,3.28484117
2-(ethenyloxy)-propane,60,2.49135399
2-(ethenyloxy)-propane,55,1.86231239
2-(ethenyloxy)-propane,50,1.37263756
2-(ethenyloxy)-propane,45,0.99793978
2-(ethenyloxy)-propane,40,0.71583123
2-(ethenyloxy)-propane,35,0.50667714
2-(ethenyloxy)-propane,30,0.35388658
2-(ethenyloxy)-propane,25,0.24386430
propanoicacidethenylester,160,45.02816789
propanoicacidethenylester,155,42.18391848
propanoicacidethenylester,150,39.31167297
propanoicacidethenylester,145,36.42164819
propanoicacidethenylester,140,33.52716688
propanoicacidethenylester,135,30.64371366
propanoicacidethenylester,130,27.78780378
propanoicacidethenylester,125,24.97893111
propanoicacidethenylester,120,22.23904799
propanoicacidethenylester,115,19.59143345
propanoicacidethenylester,110,17.06103904
propanoicacidethenylester,105,14.67319294
propanoicacidethenylester,100,12.45182359
propanoicacidethenylester,95,10.41800851
propanoicacidethenylester,90,8.58804331
propanoicacidethenylester,85,6.97232495
propanoicacidethenylester,80,5.57360634
propanoicacidethenylester,75,4.38704121
propanoicacidethenylester,70,3.40074941
propanoicacidethenylester,65,2.59713432
propanoicacidethenylester,60,1.95485717
propanoicacidethenylester,55,1.45086736
propanoicacidethenylester,50,1.06218919
propanoicacidethenylester,45,0.76730601
propanoicacidethenylester,40,0.54702468
propanoicacidethenylester,35,0.38489275
propanoicacidethenylester,30,0.26725894
propanoicacidethenylester,25,0.18310245
1-(ethenyloxy)propane,160,47.63325619
1-(ethenyloxy)propane,155,44.65735706
1-(ethenyloxy)propane,150,41.63187796
1-(ethenyloxy)propane,145,38.56953567
1-(ethenyloxy)propane,140,35.48563069
1-(ethenyloxy)propane,135,32.39788519
1-(ethenyloxy)propane,130,29.32822928
1-(ethenyloxy)propane,125,26.30120748
1-(ethenyloxy)propane,120,23.34517143
1-(ethenyloxy)propane,115,20.48960927
1-(ethenyloxy)propane,110,17.76553501
1-(ethenyloxy)propane,105,15.20396231
1-(ethenyloxy)propane,100,12.83297139
1-(ethenyloxy)propane,95,10.67598489
1-(ethenyloxy)propane,90,8.75007015
1-(ethenyloxy)propane,85,7.06372098
1-(ethenyloxy)propane,80,5.61649575
1-(ethenyloxy)propane,75,4.39933344
1-(ethenyloxy)propane,70,3.39576468
1-(ethenyloxy)propane,65,2.58401832
1-(ethenyloxy)propane,60,1.93933149
1-(ethenyloxy)propane,55,1.43609242
1-(ethenyloxy)propane,50,1.04961446
1-(ethenyloxy)propane,45,0.75733879
1-(ethenyloxy)propane,40,0.53951962
1-(ethenyloxy)propane,35,0.37946311
1-(ethenyloxy)propane,30,0.26345831
1-(ethenyloxy)propane,25,0.18051700
1-vinyl-2-pyrrolidinone,160,40.28083016
1-vinyl-2-pyrrolidinone,155,37.40134706
1-vinyl-2-pyrrolidinone,150,34.53460159
1-vinyl-2-pyrrolidinone,145,31.69609652
1-vinyl-2-pyrrolidinone,140,28.90040663
1-vinyl-2-pyrrolidinone,135,26.16404055
1-vinyl-2-pyrrolidinone,130,23.50523185
1-vinyl-2-pyrrolidinone,125,20.94109954
1-vinyl-2-pyrrolidinone,120,18.49010386
1-vinyl-2-pyrrolidinone,115,16.16990383
1-vinyl-2-pyrrolidinone,110,13.99635405
1-vinyl-2-pyrrolidinone,105,11.98434391
1-vinyl-2-pyrrolidinone,100,10.14542978
1-vinyl-2-pyrrolidinone,95,8.48749787
1-vinyl-2-pyrrolidinone,90,7.01452808
1-vinyl-2-pyrrolidinone,85,5.72579069
1-vinyl-2-pyrrolidinone,80,4.61583655
1-vinyl-2-pyrrolidinone,75,3.67505428
1-vinyl-2-pyrrolidinone,70,2.89028713
1-vinyl-2-pyrrolidinone,65,2.24583794
1-vinyl-2-pyrrolidinone,60,1.72460334
1-vinyl-2-pyrrolidinone,55,1.30915456
1-vinyl-2-pyrrolidinone,50,0.98262403
1-vinyl-2-pyrrolidinone,45,0.72938911
1-vinyl-2-pyrrolidinone,40,0.53549685
1-vinyl-2-pyrrolidinone,35,0.38886132
1-vinyl-2-pyrrolidinone,30,0.27928673
1-vinyl-2-pyrrolidinone,25,0.19836448
ethenyltrimethylsilane,160,20.18073689
ethenyltrimethylsilane,155,16.67159813
ethenyltrimethylsilane,150,13.61447662
ethenyltrimethylsilane,145,11.00488959
ethenyltrimethylsilane,140,8.81477099
ethenyltrimethylsilane,135,7.00229427
ethenyltrimethylsilane,130,5.51986176
ethenyltrimethylsilane,125,4.31948541
ethenyltrimethylsilane,120,3.35608966
ethenyltrimethylsilane,115,2.58913443
ethenyltrimethylsilane,110,1.98321823
ethenyltrimethylsilane,105,1.50807041
ethenyltrimethylsilane,100,1.13820331
ethenyltrimethylsilane,95,0.85242367
ethenyltrimethylsilane,90,0.63328758
ethenyltrimethylsilane,85,0.46656649
ethenyltrimethylsilane,80,0.34075107
ethenyltrimethylsilane,75,0.24660611
ethenyltrimethylsilane,70,0.17678025
ethenyltrimethylsilane,65,0.12546881
ethenyltrimethylsilane,60,0.08812664
ethenyltrimethylsilane,55,0.06122565
ethenyltrimethylsilane,50,0.04205204
ethenyltrimethylsilane,45,0.02853824
ethenyltrimethylsilane,40,0.01912486
ethenyltrimethylsilane,35,0.01264822
ethenyltrimethylsilane,30,0.00824959
ethenyltrimethylsilane,25,0.00530274
"1,3-dioxol-2-one",160,19.38326507
"1,3-dioxol-2-one",155,14.90012690
"1,3-dioxol-2-one",150,11.25661051
"1,3-dioxol-2-one",145,8.39504156
"1,3-dioxol-2-one",140,6.19891071
"1,3-dioxol-2-one",135,4.53971125
"1,3-dioxol-2-one",130,3.30013266
"1,3-dioxol-2-one",125,2.38212641
"1,3-dioxol-2-one",120,1.70736196
"1,3-dioxol-2-one",115,1.21487099
"1,3-dioxol-2-one",110,0.85792293
"1,3-dioxol-2-one",105,0.60107004
"1,3-dioxol-2-one",100,0.41763121
"1,3-dioxol-2-one",95,0.28766002
"1,3-dioxol-2-one",90,0.19634123
"1,3-dioxol-2-one",85,0.13274453
"1,3-dioxol-2-one",80,0.08886372
"1,3-dioxol-2-one",75,0.05887978
"1,3-dioxol-2-one",70,0.03859881
"1,3-dioxol-2-one",65,0.02502533
"1,3-dioxol-2-one",60,0.01604041
"1,3-dioxol-2-one",55,0.01016038
"1,3-dioxol-2-one",50,0.00635755
"1,3-dioxol-2-one",45,0.00392805
"1,3-dioxol-2-one",40,0.00239546
"1,3-dioxol-2-one",35,0.00144123
"1,3-dioxol-2-one",30,0.00085510
"1,3-dioxol-2-one",25,0.00050007
h2o,160,0.00000000
h2o,155,0.00000000
h2o,150,0.00000000
h2o,145,0.00000000
h2o,140,0.00000000
h2o,135,0.00000000
h2o,130,0.00000000
h2o,125,0.00000000
h2o,120,0.00000000
h2o,115,0.00000000
h2o,110,0.00000000
h2o,105,0.00000000
h2o,100,0.00000000
h2o,95,0.00000000
h2o,90,0.00000000
h2o,85,0.00000000
h2o,80,0.00000000
h2o,75,0.00000000
h2o,70,0.00000000
h2o,65,0.00000000
h2o,60,0.00000000
h2o,55,0.00000000
h2o,50,0.00000000
h2o,45,0.00000000
h2o,40,0.00000000
h2o,35,0.00000000
h2o,30,0.00000000
h2o,25,0.00000000
h2o,160,0.00000000
h2o,155,0.00000000
h2o,150,0.00000000
h2o,145,0.00000000
h2o,140,0.00000000
h2o,135,0.00000000
h2o,130,0.00000000
h2o,125,0.00000000
h2o,120,0.00000000
h2o,115,0.00000000
h2o,110,0.00000000
h2o,105,0.00000000
h2o,100,0.00000000
h2o,95,0.00000000
h2o,90,0.00000000
h2o,85,0.00000000
h2o,80,0.00000000
h2o,75,0.00000000
h2o,70,0.00000000
h2o,65,0.00000000
h2o,60,0.00000000
h2o,55,0.00000000
h2o,50,0.00000000
h2o,45,0.00000000
h2o,40,0.00000000
h2o,35,0.00000000
h2o,30,0.00000000
h2o,25,0.00000000
h2o,160,0.00000000
h2o,155,0.00000000
h2o,150,0.00000000
h2o,145,0.00000000
h2o,140,0.00000000
h2o,135,0.00000000
h2o,130,0.00000000
h2o,125,0.00000000
h2o,120,0.00000000
h2o,115,0.00000000
h2o,110,0.00000000
h2o,105,0.00000000
h2o,100,0.00000000
h2o,95,0.00000000
h2o,90,0.00000000
h2o,85,0.00000000
h2o,80,0.00000000
h2o,75,0.00000000
h2o,70,0.00000000
h2o,65,0.00000000
h2o,60,0.00000000
h2o,55,0.00000000
h2o,50,0.00000000
h2o,45,0.00000000
h2o,40,0.00000000
h2o,35,0.00000000
h2o,30,0.00000000
h2o,25,0.00000000
"1,4-dimethylbenzene",160,39.53346803
"1,4-dimethylbenzene",155,36.44397227
"1,4-dimethylbenzene",150,33.36172185
"1,4-dimethylbenzene",145,30.30803367
"1,4-dimethylbenzene",140,27.30450676
"1,4-dimethylbenzene",135,24.37665084
"1,4-dimethylbenzene",130,21.54975660
"1,4-dimethylbenzene",125,18.85096969
"1,4-dimethylbenzene",120,16.30600809
"1,4-dimethylbenzene",115,13.93850909
"1,4-dimethylbenzene",110,11.76836179
"1,4-dimethylbenzene",105,9.81038549
"1,4-dimethylbenzene",100,8.07271753
"1,4-dimethylbenzene",95,6.55667195
"1,4-dimethylbenzene",90,5.25658417
"1,4-dimethylbenzene",85,4.16057210
"1,4-dimethylbenzene",80,3.25192561
"1,4-dimethylbenzene",75,2.51067399
"1,4-dimethylbenzene",70,1.91525214
"1,4-dimethylbenzene",65,1.44395721
"1,4-dimethylbenzene",60,1.07610637
"1,4-dimethylbenzene",55,0.79281606
"1,4-dimethylbenzene",50,0.57744530
"1,4-dimethylbenzene",45,0.41575202
"1,4-dimethylbenzene",40,0.29584656
"1,4-dimethylbenzene",35,0.20801370
"1,4-dimethylbenzene",30,0.14446358
"1,4-dimethylbenzene",25,0.09905558
beta-propiolactone,160,6.29423790
beta-propiolactone,155,4.70949551
beta-propiolactone,150,3.51678819
beta-propiolactone,145,2.61849855
beta-propiolactone,140,1.94259958
beta-propiolactone,135,1.43515687
beta-propiolactone,130,1.05538184
beta-propiolactone,125,0.77224740
beta-propiolactone,120,0.56209249
beta-propiolactone,115,0.40686471
beta-propiolactone,110,0.29280850
beta-propiolactone,105,0.20946915
beta-propiolactone,100,0.14892894
beta-propiolactone,95,0.10521731
beta-propiolactone,90,0.07385436
beta-propiolactone,85,0.05149699
beta-propiolactone,80,0.03566510
beta-propiolactone,75,0.02453028
beta-propiolactone,70,0.01675340
beta-propiolactone,65,0.01136029
beta-propiolactone,60,0.00764731
beta-propiolactone,55,0.00510985
beta-propiolactone,50,0.00338871
beta-propiolactone,45,0.00223016
beta-propiolactone,40,0.00145634
beta-propiolactone,35,0.00094354
beta-propiolactone,30,0.00060643
beta-propiolactone,25,0.00038661
2-chloroacetophenone,160,17.83057429
2-chloroacetophenone,155,14.97421261
2-chloroacetophenone,150,12.42084645
2-chloroacetophenone,145,10.18101220
2-chloroacetophenone,140,8.25117117
2-chloroacetophenone,135,6.61597293
2-chloroacetophenone,130,5.25149382
2-chloroacetophenone,125,4.12866512
2-chloroacetophenone,120,3.21631206
2-chloroacetophenone,115,2.48350491
2-chloroacetophenone,110,1.90116293
2-chloroacetophenone,105,1.44299834
2-chloroacetophenone,100,1.08594860
2-chloroacetophenone,95,0.81025075
2-chloroacetophenone,90,0.59928846
2-chloroacetophenone,85,0.43931144
2-chloroacetophenone,80,0.31909546
2-chloroacetophenone,75,0.22958969
2-chloroacetophenone,70,0.16357725
2-chloroacetophenone,65,0.11536444
2-chloroacetophenone,60,0.08050544
2-chloroacetophenone,55,0.05556420
2-chloroacetophenone,50,0.03791234
2-chloroacetophenone,45,0.02556043
2-chloroacetophenone,40,0.01701887
2-chloroacetophenone,35,0.01118479
2-chloroacetophenone,30,0.00725110
2-chloroacetophenone,25,0.00463435
methyl2-chloroacrylate,160,37.94220031
methyl2-chloroacrylate,155,34.95839774
methyl2-chloroacrylate,150,31.98235340
methyl2-chloroacrylate,145,29.03120152
methyl2-chloroacrylate,140,26.12520467
methyl2-chloroacrylate,135,23.28666764
methyl2-chloroacrylate,130,20.53943180
methyl2-chloroacrylate,125,17.90998744
methyl2-chloroacrylate,120,15.42490483
methyl2-chloroacrylate,115,13.10947360
methyl2-chloroacrylate,110,10.98646398
methyl2-chloroacrylate,105,9.07369960
methyl2-chloroacrylate,100,7.38256392
methyl2-chloroacrylate,95,5.91648375
methyl2-chloroacrylate,90,4.67084184
methyl2-chloroacrylate,85,3.63350279
methyl2-chloroacrylate,80,2.78635108
methyl2-chloroacrylate,75,2.10734580
methyl2-chloroacrylate,70,1.57266120
methyl2-chloroacrylate,65,1.15855867
methyl2-chloroacrylate,60,0.84280456
methyl2-chloroacrylate,55,0.60555282
methyl2-chloroacrylate,50,0.42976262
methyl2-chloroacrylate,45,0.30125694
methyl2-chloroacrylate,40,0.20854802
methyl2-chloroacrylate,35,0.14253355
methyl2-chloroacrylate,30,0.09614111
methyl2-chloroacrylate,25,0.06397090
gamma-butyrolactone,160,30.11553323
gamma-butyrolactone,155,26.51140145
gamma-butyrolactone,150,23.16791883
gamma-butyrolactone,145,20.10211947
gamma-butyrolactone,140,17.31941981
gamma-butyrolactone,135,14.81676348
gamma-butyrolactone,130,12.58524376
gamma-butyrolactone,125,10.61202339
gamma-butyrolactone,120,8.88180549
gamma-butyrolactone,115,7.37751506
gamma-butyrolactone,110,6.08109235
gamma-butyrolactone,105,4.97383126
gamma-butyrolactone,100,4.03684843
gamma-butyrolactone,95,3.25134660
gamma-butyrolactone,90,2.59900098
gamma-butyrolactone,85,2.06225463
gamma-butyrolactone,80,1.62463782
gamma-butyrolactone,75,1.27098839
gamma-butyrolactone,70,0.98762771
gamma-butyrolactone,65,0.76243613
gamma-butyrolactone,60,0.58486616
gamma-butyrolactone,55,0.44588941
gamma-butyrolactone,50,0.33789134
gamma-butyrolactone,45,0.25453956
gamma-butyrolactone,40,0.19063284
gamma-butyrolactone,35,0.14194741
gamma-butyrolactone,30,0.10508860
gamma-butyrolactone,25,0.07735385
dihydrothiophen-2(3h)-one,160,44.90505893
dihydrothiophen-2(3h)-one,155,42.11131174
dihydrothiophen-2(3h)-one,150,39.29582754
dihydrothiophen-2(3h)-one,145,36.47093513
dihydrothiophen-2(3h)-one,140,33.64780067
dihydrothiophen-2(3h)-one,135,30.83777659
dihydrothiophen-2(3h)-one,130,28.05765693
dihydrothiophen-2(3h)-one,125,25.32500485
dihydrothiophen-2(3h)-one,120,22.65787242
dihydrothiophen-2(3h)-one,115,20.07635000
dihydrothiophen-2(3h)-one,110,17.60152701
dihydrothiophen-2(3h)-one,105,15.25497203
dihydrothiophen-2(3h)-one,100,13.05736679
dihydrothiophen-2(3h)-one,95,11.02790222
dihydrothiophen-2(3h)-one,90,9.18293335
dihydrothiophen-2(3h)-one,85,7.53409480
dihydrothiophen-2(3h)-one,80,6.08742372
dihydrothiophen-2(3h)-one,75,4.84267226
dihydrothiophen-2(3h)-one,70,3.79291254
dihydrothiophen-2(3h)-one,65,2.92537269
dihydrothiophen-2(3h)-one,60,2.22261256
dihydrothiophen-2(3h)-one,55,1.66423841
dihydrothiophen-2(3h)-one,50,1.22869485
dihydrothiophen-2(3h)-one,45,0.89483464
dihydrothiophen-2(3h)-one,40,0.64308544
dihydrothiophen-2(3h)-one,35,0.45617304
dihydrothiophen-2(3h)-one,30,0.31943094
dihydrothiophen-2(3h)-one,25,0.22080305
"1,4-dichloro-2-butyne",160,38.42180925
"1,4-dichloro-2-butyne",155,35.59089122
"1,4-dichloro-2-butyne",150,32.77891579
"1,4-dichloro-2-butyne",145,29.99984925
"1,4-dichloro-2-butyne",140,27.26839412
"1,4-dichloro-2-butyne",135,24.60109177
"1,4-dichloro-2-butyne",130,22.01589938
"1,4-dichloro-2-butyne",125,19.53103064
"1,4-dichloro-2-butyne",120,17.16422819
"1,4-dichloro-2-butyne",115,14.93356283
"1,4-dichloro-2-butyne",110,12.85535369
"1,4-dichloro-2-butyne",105,10.94325675
"1,4-dichloro-2-butyne",100,9.20792465
"1,4-dichloro-2-butyne",95,7.65568744
"1,4-dichloro-2-butyne",90,6.28837142
"1,4-dichloro-2-butyne",85,5.10273408
"1,4-dichloro-2-butyne",80,4.09089893
"1,4-dichloro-2-butyne",75,3.24102888
"1,4-dichloro-2-butyne",70,2.53819863
"1,4-dichloro-2-butyne",65,1.96563341
"1,4-dichloro-2-butyne",60,1.50582561
"1,4-dichloro-2-butyne",55,1.14155366
"1,4-dichloro-2-butyne",50,0.85664627
"1,4-dichloro-2-butyne",45,0.63649940
"1,4-dichloro-2-butyne",40,0.46833984
"1,4-dichloro-2-butyne",35,0.34129799
"1,4-dichloro-2-butyne",30,0.24633514
"1,4-dichloro-2-butyne",25,0.17608365
trans-dibromoethene,160,30.59254957
trans-dibromoethene,155,28.20701063
trans-dibromoethene,150,25.87997251
trans-dibromoethene,145,23.61789882
trans-dibromoethene,140,21.42889562
trans-dibromoethene,135,19.32064746
trans-dibromoethene,130,17.30053795
trans-dibromoethene,125,15.37655315
trans-dibromoethene,120,13.55659841
trans-dibromoethene,115,11.84820788
trans-dibromoethene,110,10.25872661
trans-dibromoethene,105,8.79435661
trans-dibromoethene,100,7.45968924
trans-dibromoethene,95,6.25799376
trans-dibromoethene,90,5.19004133
trans-dibromoethene,85,4.25407016
trans-dibromoethene,80,3.44579631
trans-dibromoethene,75,2.75821434
trans-dibromoethene,70,2.18218963
trans-dibromoethene,65,1.70687750
trans-dibromoethene,60,1.32040317
trans-dibromoethene,55,1.01058449
trans-dibromoethene,50,0.76553879
trans-dibromoethene,45,0.57417532
trans-dibromoethene,40,0.42651588
trans-dibromoethene,35,0.31386413
trans-dibromoethene,30,0.22884129
trans-dibromoethene,25,0.16533045
"1,2-dimethylbenzene",160,40.43677185
"1,2-dimethylbenzene",155,37.41474692
"1,2-dimethylbenzene",150,34.39414605
"1,2-dimethylbenzene",145,31.39359354
"1,2-dimethylbenzene",140,28.43204875
"1,2-dimethylbenzene",135,25.53205430
"1,2-dimethylbenzene",130,22.71664756
"1,2-dimethylbenzene",125,20.01069459
"1,2-dimethylbenzene",120,17.43904161
"1,2-dimethylbenzene",115,15.02518573
"1,2-dimethylbenzene",110,12.79047824
"1,2-dimethylbenzene",105,10.75217338
"1,2-dimethylbenzene",100,8.92252524
"1,2-dimethylbenzene",95,7.30725266
"1,2-dimethylbenzene",90,5.90558695
"1,2-dimethylbenzene",85,4.71023331
"1,2-dimethylbenzene",80,3.70822171
"1,2-dimethylbenzene",75,2.88231572
"1,2-dimethylbenzene",70,2.21254553
"1,2-dimethylbenzene",65,1.67779021
"1,2-dimethylbenzene",60,1.25712611
"1,2-dimethylbenzene",55,0.93086712
"1,2-dimethylbenzene",50,0.68123725
"1,2-dimethylbenzene",45,0.49272490
"1,2-dimethylbenzene",40,0.35217410
"1,2-dimethylbenzene",35,0.24869492
"1,2-dimethylbenzene",30,0.17346137
"1,2-dimethylbenzene",25,0.11945301
dipropyleneglycolmonomethylether,160,30.35973836
dipropyleneglycolmonomethylether,155,27.58474527
dipropyleneglycolmonomethylether,150,24.89348343
dipropyleneglycolmonomethylether,145,22.30236058
dipropyleneglycolmonomethylether,140,19.82659184
dipropyleneglycolmonomethylether,135,17.48184365
dipropyleneglycolmonomethylether,130,15.28164399
dipropyleneglycolmonomethylether,125,13.23801186
dipropyleneglycolmonomethylether,120,11.36017851
dipropyleneglycolmonomethylether,115,9.65454803
dipropyleneglycolmonomethylether,110,8.12400929
dipropyleneglycolmonomethylether,105,6.76760196
dipropyleneglycolmonomethylether,100,5.58088126
dipropyleneglycolmonomethylether,95,4.55597061
dipropyleneglycolmonomethylether,90,3.68217721
dipropyleneglycolmonomethylether,85,2.94664928
dipropyleneglycolmonomethylether,80,2.33516254
dipropyleneglycolmonomethylether,75,1.83290813
dipropyleneglycolmonomethylether,70,1.42515654
dipropyleneglycolmonomethylether,65,1.09782643
dipropyleneglycolmonomethylether,60,0.83789216
dipropyleneglycolmonomethylether,55,0.63363292
dipropyleneglycolmonomethylether,50,0.47475684
dipropyleneglycolmonomethylether,45,0.35241363
dipropyleneglycolmonomethylether,40,0.25913220
dipropyleneglycolmonomethylether,35,0.18870880
dipropyleneglycolmonomethylether,30,0.13606803
dipropyleneglycolmonomethylether,25,0.09711390
"1,2-3,4-diepoxybutane",160,29.04612573
"1,2-3,4-diepoxybutane",155,24.81129695
"1,2-3,4-diepoxybutane",150,20.89202848
"1,2-3,4-diepoxybutane",145,17.35232679
"1,2-3,4-diepoxybutane",140,14.22650308
"1,2-3,4-diepoxybutane",135,11.52189301
"1,2-3,4-diepoxybutane",130,9.22448056
"1,2-3,4-diepoxybutane",125,7.30529932
"1,2-3,4-diepoxybutane",120,5.72627649
"1,2-3,4-diepoxybutane",115,4.44507443
"1,2-3,4-diepoxybutane",110,3.41872611
"1,2-3,4-diepoxybutane",105,2.60617826
"1,2-3,4-diepoxybutane",100,1.96989356
"1,2-3,4-diepoxybutane",95,1.47669994
"1,2-3,4-diepoxybutane",90,1.09807743
"1,2-3,4-diepoxybutane",85,0.81005639
"1,2-3,4-diepoxybutane",80,0.59287313
"1,2-3,4-diepoxybutane",75,0.43049733
"1,2-3,4-diepoxybutane",70,0.31011111
"1,2-3,4-diepoxybutane",65,0.22159457
"1,2-3,4-diepoxybutane",60,0.15704925
"1,2-3,4-diepoxybutane",55,0.11037555
"1,2-3,4-diepoxybutane",50,0.07690995
"1,2-3,4-diepoxybutane",45,0.05312090
"1,2-3,4-diepoxybutane",40,0.03635894
"1,2-3,4-diepoxybutane",35,0.02465469
"1,2-3,4-diepoxybutane",30,0.01655771
"1,2-3,4-diepoxybutane",25,0.01100963
2-chloro-1-propanol,160,31.31262636
2-chloro-1-propanol,155,26.73834589
2-chloro-1-propanol,150,22.31524805
2-chloro-1-propanol,145,18.18392635
2-chloro-1-propanol,140,14.46893180
2-chloro-1-propanol,135,11.25497972
2-chloro-1-propanol,130,8.57482107
2-chloro-1-propanol,125,6.41238312
2-chloro-1-propanol,120,4.71666255
2-chloro-1-propanol,115,3.41854325
2-chloro-1-propanol,110,2.44473761
2-chloro-1-propanol,105,1.72675287
2-chloro-1-propanol,100,1.20534117
2-chloro-1-propanol,95,0.83182483
2-chloro-1-propanol,90,0.56763778
2-chloro-1-propanol,85,0.38303987
2-chloro-1-propanol,80,0.25557910
2-chloro-1-propanol,75,0.16860274
2-chloro-1-propanol,70,0.10994981
2-chloro-1-propanol,65,0.07086589
2-chloro-1-propanol,60,0.04513451
2-chloro-1-propanol,55,0.02840007
2-chloro-1-propanol,50,0.01765124
2-chloro-1-propanol,45,0.01083368
2-chloro-1-propanol,40,0.00656470
2-chloro-1-propanol,35,0.00392622
2-chloro-1-propanol,30,0.00231701
2-chloro-1-propanol,25,0.00134875
dimethylmethylphosphonate,160,16.81592172
dimethylmethylphosphonate,155,14.46073844
dimethylmethylphosphonate,150,12.36223995
dimethylmethylphosphonate,145,10.50419390
dimethylmethylphosphonate,140,8.86959151
dimethylmethylphosphonate,135,7.44113874
dimethylmethylphosphonate,130,6.20153714
dimethylmethylphosphonate,125,5.13365133
dimethylmethylphosphonate,120,4.22068387
dimethylmethylphosphonate,115,3.44624317
dimethylmethylphosphonate,110,2.79454465
dimethylmethylphosphonate,105,2.25054986
dimethylmethylphosphonate,100,1.80010946
dimethylmethylphosphonate,95,1.43011660
dimethylmethylphosphonate,90,1.12859601
dimethylmethylphosphonate,85,0.88477381
dimethylmethylphosphonate,80,0.68909859
dimethylmethylphosphonate,75,0.53322339
dimethylmethylphosphonate,70,0.40994970
dimethylmethylphosphonate,65,0.31314946
dimethylmethylphosphonate,60,0.23766697
dimethylmethylphosphonate,55,0.17921253
dimethylmethylphosphonate,50,0.13425379
dimethylmethylphosphonate,45,0.09991020
dimethylmethylphosphonate,40,0.07385420
dimethylmethylphosphonate,35,0.05422136
dimethylmethylphosphonate,30,0.03953071
dimethylmethylphosphonate,25,0.02861531
5-methyl-3-heptanone,160,30.37341719
5-methyl-3-heptanone,155,27.31254722
5-methyl-3-heptanone,150,24.35465071
5-methyl-3-heptanone,145,21.52464482
5-methyl-3-heptanone,140,18.84586911
5-methyl-3-heptanone,135,16.33969012
5-methyl-3-heptanone,130,14.02395166
5-methyl-3-heptanone,125,11.91186850
5-methyl-3-heptanone,120,10.01141868
5-methyl-3-heptanone,115,8.32499041
5-methyl-3-heptanone,110,6.84934592
5-methyl-3-heptanone,105,5.57604695
5-methyl-3-heptanone,100,4.49238409
5-methyl-3-heptanone,95,3.58241233
5-methyl-3-heptanone,90,2.82816132
5-methyl-3-heptanone,85,2.21074885
5-methyl-3-heptanone,80,1.71137666
5-methyl-3-heptanone,75,1.31210630
5-methyl-3-heptanone,70,0.99639683
5-methyl-3-heptanone,65,0.74943303
5-methyl-3-heptanone,60,0.55826549
5-methyl-3-heptanone,55,0.41181223
5-methyl-3-heptanone,50,0.30076306
5-methyl-3-heptanone,45,0.21742365
5-methyl-3-heptanone,40,0.15552904
5-methyl-3-heptanone,35,0.11004745
5-methyl-3-heptanone,30,0.07698928
5-methyl-3-heptanone,25,0.05323016
propyleneglycolmonophenylether,160,21.84633228
propyleneglycolmonophenylether,155,18.78988217
propyleneglycolmonophenylether,150,15.95072156
propyleneglycolmonophenylether,145,13.35967954
propyleneglycolmonophenylether,140,11.03843686
propyleneglycolmonophenylether,135,8.99783809
propyleneglycolmonophenylether,130,7.23749123
propyleneglycolmonophenylether,125,5.74659842
propyleneglycolmonophenylether,120,4.50601407
propyleneglycolmonophenylether,115,3.49081379
propyleneglycolmonophenylether,110,2.67298642
propyleneglycolmonophenylether,105,2.02377295
propyleneglycolmonophenylether,100,1.51547338
propyleneglycolmonophenylether,95,1.12265699
propyleneglycolmonophenylether,90,0.82283666
propyleneglycolmonophenylether,85,0.59672048
propyleneglycolmonophenylether,80,0.42816736
propyleneglycolmonophenylether,75,0.30395684
propyleneglycolmonophenylether,70,0.21346006
propyleneglycolmonophenylether,65,0.14827297
propyleneglycolmonophenylether,60,0.10185183
propyleneglycolmonophenylether,55,0.06917460
propyleneglycolmonophenylether,50,0.04644025
propyleneglycolmonophenylether,45,0.03081071
propyleneglycolmonophenylether,40,0.02019515
propyleneglycolmonophenylether,35,0.01307370
propyleneglycolmonophenylether,30,0.00835625
propyleneglycolmonophenylether,25,0.00527140
dipropyleneglycol,160,20.45174207
dipropyleneglycol,155,17.12190900
dipropyleneglycol,150,14.10750953
dipropyleneglycol,145,11.44266652
dipropyleneglycol,140,9.14133383
dipropyleneglycol,135,7.19791426
dipropyleneglycol,130,5.59069069
dipropyleneglycol,125,4.28677017
dipropyleneglycol,120,3.24722955
dipropyleneglycol,115,2.43151357
dipropyleneglycol,110,1.80064583
dipropyleneglycol,105,1.31922841
dipropyleneglycol,100,0.95643396
dipropyleneglycol,95,0.68627120
dipropyleneglycol,90,0.48738538
dipropyleneglycol,85,0.34260316
dipropyleneglycol,80,0.23836456
dipropyleneglycol,75,0.16413517
dipropyleneglycol,70,0.11185175
dipropyleneglycol,65,0.07542803
dipropyleneglycol,60,0.05033122
dipropyleneglycol,55,0.03322931
dipropyleneglycol,50,0.02170437
dipropyleneglycol,45,0.01402410
dipropyleneglycol,40,0.00896312
dipropyleneglycol,35,0.00566562
dipropyleneglycol,30,0.00354142
dipropyleneglycol,25,0.00218862
"1,1'-sulfonylbisbutane",160,12.98914397
"1,1'-sulfonylbisbutane",155,10.81295886
"1,1'-sulfonylbisbutane",150,8.91909635
"1,1'-sulfonylbisbutane",145,7.29227877
"1,1'-sulfonylbisbutane",140,5.91175039
"1,1'-sulfonylbisbutane",135,4.75341152
"1,1'-sulfonylbisbutane",130,3.79169539
"1,1'-sulfonylbisbutane",125,3.00106543
"1,1'-sulfonylbisbutane",120,2.35710488
"1,1'-sulfonylbisbutane",115,1.83723103
"1,1'-sulfonylbisbutane",110,1.42109793
"1,1'-sulfonylbisbutane",105,1.09076025
"1,1'-sulfonylbisbutane",100,0.83066759
"1,1'-sulfonylbisbutane",95,0.62754532
"1,1'-sulfonylbisbutane",90,0.47020969
"1,1'-sulfonylbisbutane",85,0.34934826
"1,1'-sulfonylbisbutane",80,0.25728966
"1,1'-sulfonylbisbutane",75,0.18777784
"1,1'-sulfonylbisbutane",70,0.13576009
"1,1'-sulfonylbisbutane",65,0.09719402
"1,1'-sulfonylbisbutane",60,0.06887588
"1,1'-sulfonylbisbutane",55,0.04829052
"1,1'-sulfonylbisbutane",50,0.03348242
"1,1'-sulfonylbisbutane",45,0.02294621
"1,1'-sulfonylbisbutane",40,0.01553488
"1,1'-sulfonylbisbutane",35,0.01038378
"1,1'-sulfonylbisbutane",30,0.00684832
"1,1'-sulfonylbisbutane",25,0.00445356
3-butenoicacid,160,5.12326109
3-butenoicacid,155,3.73816183
3-butenoicacid,150,2.71111440
3-butenoicacid,145,1.95393345
3-butenoicacid,140,1.39896200
3-butenoicacid,135,0.99469318
3-butenoicacid,130,0.70212528
3-butenoicacid,125,0.49186375
3-butenoicacid,120,0.34186472
3-butenoicacid,115,0.23568426
3-butenoicacid,110,0.16112939
3-butenoicacid,105,0.10921969
3-butenoicacid,100,0.07338975
3-butenoicacid,95,0.04887819
3-butenoicacid,90,0.03226163
3-butenoicacid,85,0.02110098
3-butenoicacid,80,0.01367485
3-butenoicacid,75,0.00878028
3-butenoicacid,70,0.00558500
3-butenoicacid,65,0.00351906
3-butenoicacid,60,0.00219623
3-butenoicacid,55,0.00135746
3-butenoicacid,50,0.00083083
3-butenoicacid,45,0.00050346
3-butenoicacid,40,0.00030199
3-butenoicacid,35,0.00017926
3-butenoicacid,30,0.00010528
3-butenoicacid,25,0.00006115
"2-methyl-2,4-pentanediol",160,4.37077933
"2-methyl-2,4-pentanediol",155,3.21328437
"2-methyl-2,4-pentanediol",150,2.34683533
"2-methyl-2,4-pentanediol",145,1.70262655
"2-methyl-2,4-pentanediol",140,1.22684295
"2-methyl-2,4-pentanediol",135,0.87782687
"2-methyl-2,4-pentanediol",130,0.62358749
"2-methyl-2,4-pentanediol",125,0.43972364
"2-methyl-2,4-pentanediol",120,0.30774644
"2-methyl-2,4-pentanediol",115,0.21374064
"2-methyl-2,4-pentanediol",110,0.14730777
"2-methyl-2,4-pentanediol",105,0.10073616
"2-methyl-2,4-pentanediol",100,0.06835253
"2-methyl-2,4-pentanediol",95,0.04601841
"2-methyl-2,4-pentanediol",90,0.03074132
"2-methyl-2,4-pentanediol",85,0.02037692
"2-methyl-2,4-pentanediol",80,0.01340276
"2-methyl-2,4-pentanediol",75,0.00874788
"2-methyl-2,4-pentanediol",70,0.00566598
"2-methyl-2,4-pentanediol",65,0.00364181
"2-methyl-2,4-pentanediol",60,0.00232285
"2-methyl-2,4-pentanediol",55,0.00147019
"2-methyl-2,4-pentanediol",50,0.00092330
"2-methyl-2,4-pentanediol",45,0.00057527
"2-methyl-2,4-pentanediol",40,0.00035554
"2-methyl-2,4-pentanediol",35,0.00021792
"2-methyl-2,4-pentanediol",30,0.00013243
"2-methyl-2,4-pentanediol",25,0.00007976
cis-crotonaldehyde,160,56.19589851
cis-crotonaldehyde,155,53.61083068
cis-crotonaldehyde,150,50.96364021
cis-crotonaldehyde,145,48.25713780
cis-crotonaldehyde,140,45.49990007
cis-crotonaldehyde,135,42.70015676
cis-crotonaldehyde,130,39.86838613
cis-crotonaldehyde,125,37.01478270
cis-crotonaldehyde,120,34.15405165
cis-crotonaldehyde,115,31.30002491
cis-crotonaldehyde,110,28.47024170
cis-crotonaldehyde,105,25.68446336
cis-crotonaldehyde,100,22.95984477
cis-crotonaldehyde,95,20.31990258
cis-crotonaldehyde,90,17.78709772
cis-crotonaldehyde,85,15.38364119
cis-crotonaldehyde,80,13.13204800
cis-crotonaldehyde,75,11.05291441
cis-crotonaldehyde,70,9.16370156
cis-crotonaldehyde,65,7.47766740
cis-crotonaldehyde,60,6.00188874
cis-crotonaldehyde,55,4.73665662
cis-crotonaldehyde,50,3.67518355
cis-crotonaldehyde,45,2.80399644
cis-crotonaldehyde,40,2.10443872
cis-crotonaldehyde,35,1.55446181
cis-crotonaldehyde,30,1.13072571
cis-crotonaldehyde,25,0.81041231
"2,3-dimethyl-1-butene",160,31.22579933
"2,3-dimethyl-1-butene",155,26.91867368
"2,3-dimethyl-1-butene",150,22.84335937
"2,3-dimethyl-1-butene",145,19.09051659
"2,3-dimethyl-1-butene",140,15.72513144
"2,3-dimethyl-1-butene",135,12.78090963
"2,3-dimethyl-1-butene",130,10.26164020
"2,3-dimethyl-1-butene",125,8.14740287
"2,3-dimethyl-1-butene",120,6.40259226
"2,3-dimethyl-1-butene",115,4.98340853
"2,3-dimethyl-1-butene",110,3.84365292
"2,3-dimethyl-1-butene",105,2.93862819
"2,3-dimethyl-1-butene",100,2.22738771
"2,3-dimethyl-1-butene",95,1.67382653
"2,3-dimethyl-1-butene",90,1.24696891
"2,3-dimethyl-1-butene",85,0.92079092
"2,3-dimethyl-1-butene",80,0.67379131
"2,3-dimethyl-1-butene",75,0.48845162
"2,3-dimethyl-1-butene",70,0.35067107
"2,3-dimethyl-1-butene",65,0.24922493
"2,3-dimethyl-1-butene",60,0.17527059
"2,3-dimethyl-1-butene",55,0.12191264
"2,3-dimethyl-1-butene",50,0.08382824
"2,3-dimethyl-1-butene",45,0.05695048
"2,3-dimethyl-1-butene",40,0.03820470
"2,3-dimethyl-1-butene",35,0.02529171
"2,3-dimethyl-1-butene",30,0.01651175
"2,3-dimethyl-1-butene",25,0.01062316
ethylcinnamate,160,22.72298104
ethylcinnamate,155,20.07754490
ethylcinnamate,150,17.58521158
ethylcinnamate,145,15.26193977
ethylcinnamate,140,13.12053345
ethylcinnamate,135,11.17012379
ethylcinnamate,130,9.41573553
ethylcinnamate,125,7.85774735
ethylcinnamate,120,6.49205883
ethylcinnamate,115,5.31041151
ethylcinnamate,110,4.30107217
ethylcinnamate,105,3.44973494
ethylcinnamate,100,2.74041296
ethylcinnamate,95,2.15637599
ethylcinnamate,90,1.68096220
ethylcinnamate,85,1.29821130
ethylcinnamate,80,0.99333464
ethylcinnamate,75,0.75299824
ethylcinnamate,70,0.56545928
ethylcinnamate,65,0.42058474
ethylcinnamate,60,0.30978591
ethylcinnamate,55,0.22589821
ethylcinnamate,50,0.16303121
ethylcinnamate,45,0.11640641
ethylcinnamate,40,0.08219600
ethylcinnamate,35,0.05737070
ethylcinnamate,30,0.03956145
ethylcinnamate,25,0.02693720
dimethylethanolamine,160,34.47811689
dimethylethanolamine,155,30.17861357
dimethylethanolamine,150,25.95081882
dimethylethanolamine,145,21.89468215
dimethylethanolamine,140,18.11012395
dimethylethanolamine,135,14.68355494
dimethylethanolamine,130,11.67527954
dimethylethanolamine,125,9.11258067
dimethylethanolamine,120,6.99023289
dimethylethanolamine,115,5.27705309
dimethylethanolamine,110,3.92532012
dimethylethanolamine,105,2.87999059
dimethylethanolamine,100,2.08584239
dimethylethanolamine,95,1.49203922
dimethylethanolamine,90,1.05444160
dimethylethanolamine,85,0.73630768
dimethylethanolamine,80,0.50801046
dimethylethanolamine,75,0.34625002
dimethylethanolamine,70,0.23307462
dimethylethanolamine,65,0.15489554
dimethylethanolamine,60,0.10158887
dimethylethanolamine,55,0.06572339
dimethylethanolamine,50,0.04192244
dimethylethanolamine,45,0.02635098
dimethylethanolamine,40,0.01631278
dimethylethanolamine,35,0.00993994
dimethylethanolamine,30,0.00595792
dimethylethanolamine,25,0.00351057
"1,2-propanediolmonoethylether",160,18.98094765
"1,2-propanediolmonoethylether",155,15.06707968
"1,2-propanediolmonoethylether",150,11.72005052
"1,2-propanediolmonoethylether",145,8.95283405
"1,2-propanediolmonoethylether",140,6.73046792
"1,2-propanediolmonoethylether",135,4.98859389
"1,2-propanediolmonoethylether",130,3.65074496
"1,2-propanediolmonoethylether",125,2.64062657
"1,2-propanediolmonoethylether",120,1.88912941
"1,2-propanediolmonoethylether",115,1.33732670
"1,2-propanediolmonoethylether",110,0.93700757
"1,2-propanediolmonoethylether",105,0.64987340
"1,2-propanediolmonoethylether",100,0.44617606
"1,2-propanediolmonoethylether",95,0.30322398
"1,2-propanediolmonoethylether",90,0.20397418
"1,2-propanediolmonoethylether",85,0.13580306
"1,2-propanediolmonoethylether",80,0.08948145
"1,2-propanediolmonoethylether",75,0.05834617
"1,2-propanediolmonoethylether",70,0.03764572
"1,2-propanediolmonoethylether",65,0.02403322
"1,2-propanediolmonoethylether",60,0.01517995
"1,2-propanediolmonoethylether",55,0.00948544
"1,2-propanediolmonoethylether",50,0.00586323
"1,2-propanediolmonoethylether",45,0.00358480
"1,2-propanediolmonoethylether",40,0.00216765
"1,2-propanediolmonoethylether",35,0.00129613
"1,2-propanediolmonoethylether",30,0.00076624
"1,2-propanediolmonoethylether",25,0.00044775
"1,2-benzenedicarboxylicaciddioctylester",160,3.66334953
"1,2-benzenedicarboxylicaciddioctylester",155,3.01830215
"1,2-benzenedicarboxylicaciddioctylester",150,2.47518295
"1,2-benzenedicarboxylicaciddioctylester",145,2.02002047
"1,2-benzenedicarboxylicaciddioctylester",140,1.64038075
"1,2-benzenedicarboxylicaciddioctylester",135,1.32526881
"1,2-benzenedicarboxylicaciddioctylester",130,1.06501936
"1,2-benzenedicarboxylicaciddioctylester",125,0.85118328
"1,2-benzenedicarboxylicaciddioctylester",120,0.67641423
"1,2-benzenedicarboxylicaciddioctylester",115,0.53435839
"1,2-benzenedicarboxylicaciddioctylester",110,0.41954956
"1,2-benzenedicarboxylicaciddioctylester",105,0.32730977
"1,2-benzenedicarboxylicaciddioctylester",100,0.25365766
"1,2-benzenedicarboxylicaciddioctylester",95,0.19522352
"1,2-benzenedicarboxylicaciddioctylester",90,0.14917172
"1,2-benzenedicarboxylicaciddioctylester",85,0.11313033
"1,2-benzenedicarboxylicaciddioctylester",80,0.08512756
"1,2-benzenedicarboxylicaciddioctylester",75,0.06353489
"1,2-benzenedicarboxylicaciddioctylester",70,0.04701637
"1,2-benzenedicarboxylicaciddioctylester",65,0.03448380
"1,2-benzenedicarboxylicaciddioctylester",60,0.02505735
"1,2-benzenedicarboxylicaciddioctylester",55,0.01803112
"1,2-benzenedicarboxylicaciddioctylester",50,0.01284342
"1,2-benzenedicarboxylicaciddioctylester",45,0.00905105
"1,2-benzenedicarboxylicaciddioctylester",40,0.00630746
"1,2-benzenedicarboxylicaciddioctylester",35,0.00434419
"1,2-benzenedicarboxylicaciddioctylester",30,0.00295534
"1,2-benzenedicarboxylicaciddioctylester",25,0.00198464
isopropylpalmitate,160,1.71085714
isopropylpalmitate,155,1.37780978
isopropylpalmitate,150,1.10472687
isopropylpalmitate,145,0.88164854
isopropylpalmitate,140,0.70015768
isopropylpalmitate,135,0.55314796
isopropylpalmitate,130,0.43462698
isopropylpalmitate,125,0.33955156
isopropylpalmitate,120,0.26368812
isopropylpalmitate,115,0.20349376
isopropylpalmitate,110,0.15601431
isopropylpalmitate,105,0.11879672
isopropylpalmitate,100,0.08981335
isopropylpalmitate,95,0.06739678
isopropylpalmitate,90,0.05018333
isopropylpalmitate,85,0.03706434
isopropylpalmitate,80,0.02714425
isopropylpalmitate,75,0.01970448
isopropylpalmitate,70,0.01417266
isopropylpalmitate,65,0.01009629
isopropylpalmitate,60,0.00712053
isopropylpalmitate,55,0.00496944
isopropylpalmitate,50,0.00343039
isopropylpalmitate,45,0.00234101
isopropylpalmitate,40,0.00157854
isopropylpalmitate,35,0.00105114
isopropylpalmitate,30,0.00069081
isopropylpalmitate,25,0.00044779
"dihydro-2h-pyran-2,6(3h)-dione",160,0.29469083
"dihydro-2h-pyran-2,6(3h)-dione",155,0.21934133
"dihydro-2h-pyran-2,6(3h)-dione",150,0.16247531
"dihydro-2h-pyran-2,6(3h)-dione",145,0.11973821
"dihydro-2h-pyran-2,6(3h)-dione",140,0.08776853
"dihydro-2h-pyran-2,6(3h)-dione",135,0.06397363
"dihydro-2h-pyran-2,6(3h)-dione",130,0.04635806
"dihydro-2h-pyran-2,6(3h)-dione",125,0.03339073
"dihydro-2h-pyran-2,6(3h)-dione",120,0.02390143
"dihydro-2h-pyran-2,6(3h)-dione",115,0.01699986
"dihydro-2h-pyran-2,6(3h)-dione",110,0.01201214
"dihydro-2h-pyran-2,6(3h)-dione",105,0.00843107
"dihydro-2h-pyran-2,6(3h)-dione",100,0.00587717
"dihydro-2h-pyran-2,6(3h)-dione",95,0.00406833
"dihydro-2h-pyran-2,6(3h)-dione",90,0.00279617
"dihydro-2h-pyran-2,6(3h)-dione",85,0.00190789
"dihydro-2h-pyran-2,6(3h)-dione",80,0.00129220
"dihydro-2h-pyran-2,6(3h)-dione",75,0.00086862
"dihydro-2h-pyran-2,6(3h)-dione",70,0.00057943
"dihydro-2h-pyran-2,6(3h)-dione",65,0.00038352
"dihydro-2h-pyran-2,6(3h)-dione",60,0.00025184
"dihydro-2h-pyran-2,6(3h)-dione",55,0.00016405
"dihydro-2h-pyran-2,6(3h)-dione",50,0.00010599
"dihydro-2h-pyran-2,6(3h)-dione",45,0.00006791
"dihydro-2h-pyran-2,6(3h)-dione",40,0.00004315
"dihydro-2h-pyran-2,6(3h)-dione",35,0.00002718
"dihydro-2h-pyran-2,6(3h)-dione",30,0.00001698
"dihydro-2h-pyran-2,6(3h)-dione",25,0.00001051
dihydro-5-methyl-2(3h)-furanone,160,35.72817218
dihydro-5-methyl-2(3h)-furanone,155,32.42066625
dihydro-5-methyl-2(3h)-furanone,150,29.19823492
dihydro-5-methyl-2(3h)-furanone,145,26.08937053
dihydro-5-methyl-2(3h)-furanone,140,23.12087102
dihydro-5-methyl-2(3h)-furanone,135,20.31557933
dihydro-5-methyl-2(3h)-furanone,130,17.69276828
dihydro-5-methyl-2(3h)-furanone,125,15.26754755
dihydro-5-methyl-2(3h)-furanone,120,13.05032251
dihydro-5-methyl-2(3h)-furanone,115,11.04677373
dihydro-5-methyl-2(3h)-furanone,110,9.25809213
dihydro-5-methyl-2(3h)-furanone,105,7.68096930
dihydro-5-methyl-2(3h)-furanone,100,6.30789421
dihydro-5-methyl-2(3h)-furanone,95,5.12773801
dihydro-5-methyl-2(3h)-furanone,90,4.12643209
dihydro-5-methyl-2(3h)-furanone,85,3.28772138
dihydro-5-methyl-2(3h)-furanone,80,2.59400436
dihydro-5-methyl-2(3h)-furanone,75,2.02722008
dihydro-5-methyl-2(3h)-furanone,70,1.56959647
dihydro-5-methyl-2(3h)-furanone,65,1.20428982
dihydro-5-methyl-2(3h)-furanone,60,0.91583201
dihydro-5-methyl-2(3h)-furanone,55,0.69041687
dihydro-5-methyl-2(3h)-furanone,50,0.51601646
dihydro-5-methyl-2(3h)-furanone,45,0.38237953
dihydro-5-methyl-2(3h)-furanone,40,0.28093249
dihydro-5-methyl-2(3h)-furanone,35,0.20462473
dihydro-5-methyl-2(3h)-furanone,30,0.14774459
dihydro-5-methyl-2(3h)-furanone,25,0.10572748
chloromethoxymethane,160,47.67123689
chloromethoxymethane,155,44.20116691
chloromethoxymethane,150,40.59497717
chloromethoxymethane,145,36.86981074
chloromethoxymethane,140,33.05393682
chloromethoxymethane,135,29.19069525
chloromethoxymethane,130,25.33929361
chloromethoxymethane,125,21.57514980
chloromethoxymethane,120,17.98563394
chloromethoxymethane,115,14.66056317
chloromethoxymethane,110,11.67907377
chloromethoxymethane,105,9.09597088
chloromethoxymethane,100,6.93344950
chloromethoxymethane,95,5.18084968
chloromethoxymethane,90,3.80162765
chloromethoxymethane,85,2.74394578
chloromethoxymethane,80,1.95082464
chloromethoxymethane,75,1.36755227
chloromethoxymethane,70,0.94590045
chloromethoxymethane,65,0.64577178
chloromethoxymethane,60,0.43519907
chloromethoxymethane,55,0.28948436
chloromethoxymethane,50,0.19000855
chloromethoxymethane,45,0.12301558
chloromethoxymethane,40,0.07851832
chloromethoxymethane,35,0.04938058
chloromethoxymethane,30,0.03057994
chloromethoxymethane,25,0.01863408
chloromethacetate,160,32.19691223
chloromethacetate,155,28.33425069
chloromethacetate,150,24.54888067
chloromethacetate,145,20.91389406
chloromethacetate,140,17.50490457
chloromethacetate,135,14.39015136
chloromethacetate,130,11.62131888
chloromethacetate,125,9.22676765
chloromethacetate,120,7.20965753
chloromethacetate,115,5.55116410
chloromethacetate,110,4.21678659
chloromethacetate,105,3.16349576
chloromethacetate,100,2.34589538
chloromethacetate,95,1.72057111
chloromethacetate,90,1.24861967
chloromethacetate,85,0.89674281
chloromethacetate,80,0.63738492
chloromethacetate,75,0.44832220
chloromethacetate,70,0.31199362
chloromethacetate,65,0.21475515
chloromethacetate,60,0.14616033
chloromethacetate,55,0.09831609
chloromethacetate,50,0.06533248
chloromethacetate,45,0.04286719
chloromethacetate,40,0.02775729
chloromethacetate,35,0.01772694
chloromethacetate,30,0.01115905
chloromethacetate,25,0.00691948
chcl2br,160,35.51228837
chcl2br,155,33.22403447
chcl2br,150,30.98826918
chcl2br,145,28.80900850
chcl2br,140,26.69227987
chcl2br,135,24.64286113
chcl2br,130,22.66443091
chcl2br,125,20.76244644
chcl2br,120,18.93978065
chcl2br,115,17.20130276
chcl2br,110,15.54943716
chcl2br,105,13.98716697
chcl2br,100,12.51701245
chcl2br,95,11.13975992
chcl2br,90,9.85748259
chcl2br,85,8.67037006
chcl2br,80,7.57833584
chcl2br,75,6.58054811
chcl2br,70,5.67545662
chcl2br,65,4.86069382
chcl2br,60,4.13330931
chcl2br,55,3.48952088
chcl2br,50,2.92474791
chcl2br,45,2.43389193
chcl2br,40,2.01125047
chcl2br,35,1.65081861
chcl2br,30,1.34629855
chcl2br,25,1.09135847
ch2fcl,160,100.00000000
ch2fcl,155,100.00000000
ch2fcl,150,100.00000000
ch2fcl,145,100.00000000
ch2fcl,140,100.00000000
ch2fcl,135,100.00000000
ch2fcl,130,100.00000000
ch2fcl,125,100.00000000
ch2fcl,120,45.82319771
ch2fcl,115,43.56397796
ch2fcl,110,41.27895483
ch2fcl,105,38.97332355
ch2fcl,100,36.64929066
ch2fcl,95,34.31324864
ch2fcl,90,31.97285847
ch2fcl,85,29.63202182
ch2fcl,80,27.30200823
ch2fcl,75,24.98983553
ch2fcl,70,22.70708901
ch2fcl,65,20.46524247
ch2fcl,60,18.27714399
ch2fcl,55,16.15793638
ch2fcl,50,14.12194229
ch2fcl,45,12.18627962
ch2fcl,40,10.36786886
ch2fcl,35,8.68295486
ch2fcl,30,7.14753651
ch2fcl,25,5.77467322
ch2cli,160,30.44954098
ch2cli,155,27.84827699
ch2cli,150,25.29614830
ch2cli,145,22.80456157
ch2cli,140,20.38612998
ch2cli,135,18.05562156
ch2cli,130,15.82865237
ch2cli,125,13.72167559
ch2cli,120,11.75159129
ch2cli,115,9.93469274
ch2cli,110,8.28475890
ch2cli,105,6.81189344
ch2cli,100,5.52123410
ch2cli,95,4.41180287
ch2cli,90,3.47664499
ch2cli,85,2.70334209
ch2cli,80,2.07549888
ch2cli,75,1.57444263
ch2cli,70,1.18085747
ch2cli,65,0.87615342
ch2cli,60,0.64338089
ch2cli,55,0.46773467
ch2cli,50,0.33671139
ch2cli,45,0.24003596
ch2cli,40,0.16945105
ch2cli,35,0.11844407
ch2cli,30,0.08196017
ch2cli,25,0.05613131
cf4,160,0.02068582
cf4,155,0.01353705
cf4,150,0.00876481
cf4,145,0.00561185
cf4,140,0.00355140
cf4,135,0.00222028
cf4,130,0.00137062
cf4,125,0.00083504
cf4,120,0.00050183
cf4,115,0.00029732
cf4,110,0.00017357
cf4,105,0.00009979
cf4,100,0.00005646
cf4,95,0.00003142
cf4,90,0.00001718
cf4,85,0.00000923
cf4,80,0.00000487
cf4,75,0.00000252
cf4,70,0.00000127
cf4,65,0.00000063
cf4,60,0.00000031
cf4,55,0.00000015
cf4,50,0.00000007
cf4,45,0.00000003
cf4,40,0.00000001
cf4,35,0.00000001
cf4,30,0.00000000
cf4,25,0.00000000
camphor,160,27.22406641
camphor,155,24.42559786
camphor,150,21.74551169
camphor,145,19.20177001
camphor,140,16.81063141
camphor,135,14.58597700
camphor,130,12.53909227
camphor,125,10.67738095
camphor,120,9.00430541
camphor,115,7.51932862
camphor,110,6.21778232
camphor,105,5.09135599
camphor,100,4.12864246
camphor,95,3.31595197
camphor,90,2.63811983
camphor,85,2.07934083
camphor,80,1.62387970
camphor,75,1.25666183
camphor,70,0.96370057
camphor,65,0.73236381
camphor,60,0.55150934
camphor,55,0.41150714
camphor,50,0.30418276
camphor,45,0.22270820
camphor,40,0.16146250
camphor,35,0.11588023
camphor,30,0.08229944
camphor,25,0.05781783
butylisobutyrate,160,24.69790819
butylisobutyrate,155,21.80632193
butylisobutyrate,150,19.08246714
butylisobutyrate,145,16.54611493
butylisobutyrate,140,14.21261966
butylisobutyrate,135,12.09234575
butylisobutyrate,130,10.19016505
butylisobutyrate,125,8.50528360
butylisobutyrate,120,7.03177289
butylisobutyrate,115,5.75915777
butylisobutyrate,110,4.67344312
butylisobutyrate,105,3.75810574
butylisobutyrate,100,2.99518720
butylisobutyrate,95,2.36626250
butylisobutyrate,90,1.85325195
butylisobutyrate,85,1.43902969
butylisobutyrate,80,1.10784968
butylisobutyrate,75,0.84558804
butylisobutyrate,70,0.63984288
butylisobutyrate,65,0.47992404
butylisobutyrate,60,0.35676602
butylisobutyrate,55,0.26279255
butylisobutyrate,50,0.19175584
butylisobutyrate,45,0.13856664
butylisobutyrate,40,0.09912740
butylisobutyrate,35,0.07017566
butylisobutyrate,30,0.04914194
butylisobutyrate,25,0.03402430
bromoaceticacid,160,0.67705735
bromoaceticacid,155,0.48727743
bromoaceticacid,150,0.34895548
bromoaceticacid,145,0.24847568
bromoaceticacid,140,0.17581415
bromoaceticacid,135,0.12355570
bromoaceticacid,130,0.08620472
bromoaceticacid,125,0.05969104
bromoaceticacid,120,0.04100838
bromoaceticacid,115,0.02794591
bromoaceticacid,110,0.01888688
bromoaceticacid,105,0.01265692
bromoaceticacid,100,0.00840937
bromoaceticacid,95,0.00553884
bromoaceticacid,90,0.00361624
bromoaceticacid,85,0.00234016
bromoaceticacid,80,0.00150093
bromoaceticacid,75,0.00095407
bromoaceticacid,70,0.00060101
bromoaceticacid,65,0.00037519
bromoaceticacid,60,0.00023210
bromoaceticacid,55,0.00014227
bromoaceticacid,50,0.00008641
bromoaceticacid,45,0.00005200
bromoaceticacid,40,0.00003100
bromoaceticacid,35,0.00001830
bromoaceticacid,30,0.00001070
bromoaceticacid,25,0.00000620
alpha-terpineol,160,10.75553133
alpha-terpineol,155,8.47543354
alpha-terpineol,150,6.60017950
alpha-terpineol,145,5.08398409
alpha-terpineol,140,3.87603052
alpha-terpineol,135,2.92607513
alpha-terpineol,130,2.18774058
alpha-terpineol,125,1.62012623
alpha-terpineol,120,1.18830097
alpha-terpineol,115,0.86312616
alpha-terpineol,110,0.62074656
alpha-terpineol,105,0.44192973
alpha-terpineol,100,0.31137865
alpha-terpineol,95,0.21707757
alpha-terpineol,90,0.14970089
alpha-terpineol,85,0.10209648
alpha-terpineol,80,0.06884448
alpha-terpineol,75,0.04588761
alpha-terpineol,70,0.03022633
alpha-terpineol,65,0.01967128
alpha-terpineol,60,0.01264521
alpha-terpineol,55,0.00802688
alpha-terpineol,50,0.00502998
alpha-terpineol,45,0.00311058
alpha-terpineol,40,0.00189764
alpha-terpineol,35,0.00114157
alpha-terpineol,30,0.00067688
alpha-terpineol,25,0.00039538
allylmethylamine,160,57.90009116
allylmethylamine,155,55.46160330
allylmethylamine,150,52.94767749
allylmethylamine,145,50.35948816
allylmethylamine,140,47.69864068
allylmethylamine,135,44.96596464
allylmethylamine,130,42.16668209
allylmethylamine,125,39.30437036
allylmethylamine,120,36.38890012
allylmethylamine,115,33.42960369
allylmethylamine,110,30.44136081
allylmethylamine,105,27.44397750
allylmethylamine,100,24.45765936
allylmethylamine,95,21.51421113
allylmethylamine,90,18.64654914
allylmethylamine,85,15.89443664
allylmethylamine,80,13.29966389
allylmethylamine,75,10.90461443
allylmethylamine,70,8.74765179
allylmethylamine,65,6.85772030
allylmethylamine,60,5.25067610
allylmethylamine,55,3.92621676
allylmethylamine,50,2.86858422
allylmethylamine,45,2.04955065
allylmethylamine,40,1.43346075
allylmethylamine,35,0.98237732
allylmethylamine,30,0.66022671
allylmethylamine,25,0.43538932
2-amino-1-butanol,160,40.02716668
2-amino-1-butanol,155,36.23087574
2-amino-1-butanol,150,32.39561366
2-amino-1-butanol,145,28.57063255
2-amino-1-butanol,140,24.81617722
2-amino-1-butanol,135,21.19983603
2-amino-1-butanol,130,17.79193916
2-amino-1-butanol,125,14.65766804
2-amino-1-butanol,120,11.84987182
2-amino-1-butanol,115,9.40198335
2-amino-1-butanol,110,7.32504542
2-amino-1-butanol,105,5.60845251
2-amino-1-butanol,100,4.22413323
2-amino-1-butanol,95,3.13269656
2-amino-1-butanol,90,2.28963425
2-amino-1-butanol,85,1.65040147
2-amino-1-butanol,80,1.17384802
2-amino-1-butanol,75,0.82408105
2-amino-1-butanol,70,0.57111179
2-amino-1-butanol,65,0.39070899
2-amino-1-butanol,60,0.26381305
2-amino-1-butanol,55,0.17576442
2-amino-1-butanol,50,0.11550456
2-amino-1-butanol,45,0.07483589
2-amino-1-butanol,40,0.04777988
2-amino-1-butanol,35,0.03004433
2-amino-1-butanol,30,0.01859514
2-amino-1-butanol,25,0.01132068
benzylformate,160,24.81007591
benzylformate,155,21.59051793
benzylformate,150,18.56261775
benzylformate,145,15.76209555
benzylformate,140,13.21686293
benzylformate,135,10.94474901
benzylformate,130,8.95246567
benzylformate,125,7.23590263
benzylformate,120,5.78153463
benzylformate,115,4.56871182
benzylformate,110,3.57220368
benzylformate,105,2.76464686
benzylformate,100,2.11855780
benzylformate,95,1.60781445
benzylformate,90,1.20860382
benzylformate,85,0.89991707
benzylformate,80,0.66370099
benzylformate,75,0.48477576
benzylformate,70,0.35060990
benzylformate,65,0.25102169
benzylformate,60,0.17785512
benzylformate,55,0.12466124
benzylformate,50,0.08640277
benzylformate,45,0.05919118
benzylformate,40,0.04005924
benzylformate,35,0.02676885
benzylformate,30,0.01765163
benzylformate,25,0.01147879
