Solvent,Temperature (°C),Solubility (%)
"1,1,1,2-tetrachloroethane",160,9.52763557
"1,1,1,2-tetrachloroethane",155,7.78751997
"1,1,1,2-tetrachloroethane",150,6.30235722
"1,1,1,2-tetrachloroethane",145,5.05128250
"1,1,1,2-tetrachloroethane",140,4.01069504
"1,1,1,2-tetrachloroethane",135,3.15569718
"1,1,1,2-tetrachloroethane",130,2.46132960
"1,1,1,2-tetrachloroethane",125,1.90362176
"1,1,1,2-tetrachloroethane",120,1.46033942
"1,1,1,2-tetrachloroethane",115,1.11147253
"1,1,1,2-tetrachloroethane",110,0.83947167
"1,1,1,2-tetrachloroethane",105,0.62928140
"1,1,1,2-tetrachloroethane",100,0.46823472
"1,1,1,2-tetrachloroethane",95,0.34585189
"1,1,1,2-tetrachloroethane",90,0.25359079
"1,1,1,2-tetrachloroethane",85,0.18458023
"1,1,1,2-tetrachloroethane",80,0.13335868
"1,1,1,2-tetrachloroethane",75,0.09563216
"1,1,1,2-tetrachloroethane",70,0.06805862
"1,1,1,2-tetrachloroethane",65,0.04806157
"1,1,1,2-tetrachloroethane",60,0.03367270
"1,1,1,2-tetrachloroethane",55,0.02340151
"1,1,1,2-tetrachloroethane",50,0.01612906
"1,1,1,2-tetrachloroethane",45,0.01102248
"1,1,1,2-tetrachloroethane",40,0.00746714
"1,1,1,2-tetrachloroethane",35,0.00501333
"1,1,1,2-tetrachloroethane",30,0.00333490
"1,1,1,2-tetrachloroethane",25,0.00219738
"1,1,1-trichloroethane",160,8.51668359
"1,1,1-trichloroethane",155,6.65267050
"1,1,1-trichloroethane",150,5.13726498
"1,1,1-trichloroethane",145,3.92509958
"1,1,1-trichloroethane",140,2.96928048
"1,1,1-trichloroethane",135,2.22513005
"1,1,1-trichloroethane",130,1.65238931
"1,1,1-trichloroethane",125,1.21620702
"1,1,1-trichloroethane",120,0.88730357
"1,1,1-trichloroethane",115,0.64164295
"1,1,1-trichloroethane",110,0.45985560
"1,1,1-trichloroethane",105,0.32657038
"1,1,1-trichloroethane",100,0.22974970
"1,1,1-trichloroethane",95,0.16007763
"1,1,1-trichloroethane",90,0.11042323
"1,1,1-trichloroethane",85,0.07538498
"1,1,1-trichloroethane",80,0.05091311
"1,1,1-trichloroethane",75,0.03400216
"1,1,1-trichloroethane",70,0.02244470
"1,1,1-trichloroethane",65,0.01463646
"1,1,1-trichloroethane",60,0.00942418
"1,1,1-trichloroethane",55,0.00598815
"1,1,1-trichloroethane",50,0.00375253
"1,1,1-trichloroethane",45,0.00231773
"1,1,1-trichloroethane",40,0.00140999
"1,1,1-trichloroethane",35,0.00084425
"1,1,1-trichloroethane",30,0.00049716
"1,1,1-trichloroethane",25,0.00028770
"1,1,1-trifluoroethane",160,24.05535421
"1,1,1-trifluoroethane",155,20.40282170
"1,1,1-trifluoroethane",150,16.99960510
"1,1,1-trifluoroethane",145,13.90148755
"1,1,1-trifluoroethane",140,11.15229269
"1,1,1-trifluoroethane",135,8.77746126
"1,1,1-trifluoroethane",130,6.78136163
"1,1,1-trifluoroethane",125,5.14767563
"1,1,1-trifluoroethane",120,3.84374155
"1,1,1-trifluoroethane",115,2.82667036
"1,1,1-trifluoroethane",110,2.04959117
"1,1,1-trifluoroethane",105,1.46672585
"1,1,1-trifluoroethane",100,1.03667870
"1,1,1-trifluoroethane",95,0.72406809
"1,1,1-trifluoroethane",90,0.49990794
"1,1,1-trifluoroethane",85,0.34121769
"1,1,1-trifluoroethane",80,0.23024612
"1,1,1-trifluoroethane",75,0.15356958
"1,1,1-trifluoroethane",70,0.10121795
"1,1,1-trifluoroethane",65,0.06590209
"1,1,1-trifluoroethane",60,0.04236903
"1,1,1-trifluoroethane",55,0.02688418
"1,1,1-trifluoroethane",50,0.01682717
"1,1,1-trifluoroethane",45,0.01038332
"1,1,1-trifluoroethane",40,0.00631240
"1,1,1-trifluoroethane",35,0.00377823
"1,1,1-trifluoroethane",30,0.00222482
"1,1,1-trifluoroethane",25,0.00128788
"1,1,2,2-tetrabromoethane",160,10.25936414
"1,1,2,2-tetrabromoethane",155,9.02590620
"1,1,2,2-tetrabromoethane",150,7.90555219
"1,1,2,2-tetrabromoethane",145,6.89159383
"1,1,2,2-tetrabromoethane",140,5.97787342
"1,1,2,2-tetrabromoethane",135,5.15807369
"1,1,2,2-tetrabromoethane",130,4.42624175
"1,1,2,2-tetrabromoethane",125,3.77672088
"1,1,2,2-tetrabromoethane",120,3.20361197
"1,1,2,2-tetrabromoethane",115,2.70131607
"1,1,2,2-tetrabromoethane",110,2.26411423
"1,1,2,2-tetrabromoethane",105,1.88632563
"1,1,2,2-tetrabromoethane",100,1.56231151
"1,1,2,2-tetrabromoethane",95,1.28655054
"1,1,2,2-tetrabromoethane",90,1.05363863
"1,1,2,2-tetrabromoethane",85,0.85839233
"1,1,2,2-tetrabromoethane",80,0.69591709
"1,1,2,2-tetrabromoethane",75,0.56165956
"1,1,2,2-tetrabromoethane",70,0.45144948
"1,1,2,2-tetrabromoethane",65,0.36153719
"1,1,2,2-tetrabromoethane",60,0.28859968
"1,1,2,2-tetrabromoethane",55,0.22973875
"1,1,2,2-tetrabromoethane",50,0.18245893
"1,1,2,2-tetrabromoethane",45,0.14463928
"1,1,2,2-tetrabromoethane",40,0.11449753
"1,1,2,2-tetrabromoethane",35,0.09055145
"1,1,2,2-tetrabromoethane",30,0.07157914
"1,1,2,2-tetrabromoethane",25,0.05658172
"1,1,2,2-tetrachloroethane",160,18.59973349
"1,1,2,2-tetrachloroethane",155,16.56386611
"1,1,2,2-tetrachloroethane",150,14.67718803
"1,1,2,2-tetrachloroethane",145,12.93709890
"1,1,2,2-tetrachloroethane",140,11.34073320
"1,1,2,2-tetrachloroethane",135,9.88474534
"1,1,2,2-tetrachloroethane",130,8.56490233
"1,1,2,2-tetrachloroethane",125,7.37600161
"1,1,2,2-tetrachloroethane",120,6.31262917
"1,1,2,2-tetrachloroethane",115,5.36853673
"1,1,2,2-tetrachloroethane",110,4.53666267
"1,1,2,2-tetrachloroethane",105,3.80954158
"1,1,2,2-tetrachloroethane",100,3.17909494
"1,1,2,2-tetrachloroethane",95,2.63699696
"1,1,2,2-tetrachloroethane",90,2.17470058
"1,1,2,2-tetrachloroethane",85,1.78363101
"1,1,2,2-tetrachloroethane",80,1.45539723
"1,1,2,2-tetrachloroethane",75,1.18196464
"1,1,2,2-tetrachloroethane",70,0.95579114
"1,1,2,2-tetrachloroethane",65,0.76993166
"1,1,2,2-tetrachloroethane",60,0.61812016
"1,1,2,2-tetrachloroethane",55,0.49479519
"1,1,2,2-tetrachloroethane",50,0.39510299
"1,1,2,2-tetrachloroethane",45,0.31486485
"1,1,2,2-tetrachloroethane",40,0.25053038
"1,1,2,2-tetrachloroethane",35,0.19911726
"1,1,2,2-tetrachloroethane",30,0.15814580
"1,1,2,2-tetrachloroethane",25,0.12557191
"1,1,2-trichloroethane",160,21.52488985
"1,1,2-trichloroethane",155,19.02566879
"1,1,2-trichloroethane",150,16.68368705
"1,1,2-trichloroethane",145,14.50593850
"1,1,2-trichloroethane",140,12.49851961
"1,1,2-trichloroethane",135,10.66544943
"1,1,2-trichloroethane",130,9.00936196
"1,1,2-trichloroethane",125,7.53029660
"1,1,2-trichloroethane",120,6.22564144
"1,1,2-trichloroethane",115,5.08983491
"1,1,2-trichloroethane",110,4.11468312
"1,1,2-trichloroethane",105,3.28930812
"1,1,2-trichloroethane",100,2.60065270
"1,1,2-trichloroethane",95,2.03421583
"1,1,2-trichloroethane",90,1.57474248
"1,1,2-trichloroethane",85,1.20697574
"1,1,2-trichloroethane",80,0.91631817
"1,1,2-trichloroethane",75,0.68933120
"1,1,2-trichloroethane",70,0.51404169
"1,1,2-trichloroethane",65,0.38009021
"1,1,2-trichloroethane",60,0.27873619
"1,1,2-trichloroethane",55,0.20276278
"1,1,2-trichloroethane",50,0.14632286
"1,1,2-trichloroethane",45,0.10475596
"1,1,2-trichloroethane",40,0.07440065
"1,1,2-trichloroethane",35,0.05241709
"1,1,2-trichloroethane",30,0.03662809
"1,1,2-trichloroethane",25,0.02538230
"1,1,2-trichloro-1,2,2-trifluoroethane",160,0.38443696
"1,1,2-trichloro-1,2,2-trifluoroethane",155,0.27718394
"1,1,2-trichloro-1,2,2-trifluoroethane",150,0.19857984
"1,1,2-trichloro-1,2,2-trifluoroethane",145,0.14126064
"1,1,2-trichloro-1,2,2-trifluoroethane",140,0.09971314
"1,1,2-trichloro-1,2,2-trifluoroethane",135,0.06980356
"1,1,2-trichloro-1,2,2-trifluoroethane",130,0.04843520
"1,1,2-trichloro-1,2,2-trifluoroethane",125,0.03329492
"1,1,2-trichloro-1,2,2-trifluoroethane",120,0.02266256
"1,1,2-trichloro-1,2,2-trifluoroethane",115,0.01526642
"1,1,2-trichloro-1,2,2-trifluoroethane",110,0.01017292
"1,1,2-trichloro-1,2,2-trifluoroethane",105,0.00670214
"1,1,2-trichloro-1,2,2-trifluoroethane",100,0.00436330
"1,1,2-trichloro-1,2,2-trifluoroethane",95,0.00280554
"1,1,2-trichloro-1,2,2-trifluoroethane",90,0.00178064
"1,1,2-trichloro-1,2,2-trifluoroethane",85,0.00111491
"1,1,2-trichloro-1,2,2-trifluoroethane",80,0.00068824
"1,1,2-trichloro-1,2,2-trifluoroethane",75,0.00041860
"1,1,2-trichloro-1,2,2-trifluoroethane",70,0.00025068
"1,1,2-trichloro-1,2,2-trifluoroethane",65,0.00014771
"1,1,2-trichloro-1,2,2-trifluoroethane",60,0.00008556
"1,1,2-trichloro-1,2,2-trifluoroethane",55,0.00004869
"1,1,2-trichloro-1,2,2-trifluoroethane",50,0.00002720
"1,1,2-trichloro-1,2,2-trifluoroethane",45,0.00001490
"1,1,2-trichloro-1,2,2-trifluoroethane",40,0.00000799
"1,1,2-trichloro-1,2,2-trifluoroethane",35,0.00000420
"1,1,2-trichloro-1,2,2-trifluoroethane",30,0.00000215
"1,1,2-trichloro-1,2,2-trifluoroethane",25,0.00000108
"1,1,3,3-tetramethoxypropane",160,8.40283612
"1,1,3,3-tetramethoxypropane",155,6.76555678
"1,1,3,3-tetramethoxypropane",150,5.39131176
"1,1,3,3-tetramethoxypropane",145,4.25342271
"1,1,3,3-tetramethoxypropane",140,3.32335820
"1,1,3,3-tetramethoxypropane",135,2.57242863
"1,1,3,3-tetramethoxypropane",130,1.97312404
"1,1,3,3-tetramethoxypropane",125,1.50004423
"1,1,3,3-tetramethoxypropane",120,1.13047373
"1,1,3,3-tetramethoxypropane",115,0.84462520
"1,1,3,3-tetramethoxypropane",110,0.62564423
"1,1,3,3-tetramethoxypropane",105,0.45944841
"1,1,3,3-tetramethoxypropane",100,0.33446676
"1,1,3,3-tetramethoxypropane",95,0.24133143
"1,1,3,3-tetramethoxypropane",90,0.17255843
"1,1,3,3-tetramethoxypropane",85,0.12224103
"1,1,3,3-tetramethoxypropane",80,0.08577004
"1,1,3,3-tetramethoxypropane",75,0.05958743
"1,1,3,3-tetramethoxypropane",70,0.04097520
"1,1,3,3-tetramethoxypropane",65,0.02787833
"1,1,3,3-tetramethoxypropane",60,0.01875897
"1,1,3,3-tetramethoxypropane",55,0.01247816
"1,1,3,3-tetramethoxypropane",50,0.00820125
"1,1,3,3-tetramethoxypropane",45,0.00532316
"1,1,3,3-tetramethoxypropane",40,0.00341019
"1,1,3,3-tetramethoxypropane",35,0.00215500
"1,1,3,3-tetramethoxypropane",30,0.00134246
"1,1,3,3-tetramethoxypropane",25,0.00082385
"1,1-dibromoethane",160,21.72360811
"1,1-dibromoethane",155,19.74708548
"1,1-dibromoethane",150,17.87381299
"1,1-dibromoethane",145,16.10250442
"1,1-dibromoethane",140,14.43200653
"1,1-dibromoethane",135,12.86116369
"1,1-dibromoethane",130,11.38992190
"1,1-dibromoethane",125,10.01701994
"1,1-dibromoethane",120,8.74295159
"1,1-dibromoethane",115,7.56641621
"1,1-dibromoethane",110,6.48826692
"1,1-dibromoethane",105,5.50784395
"1,1-dibromoethane",100,4.62478869
"1,1-dibromoethane",95,3.83788805
"1,1-dibromoethane",90,3.14523703
"1,1-dibromoethane",85,2.54389911
"1,1-dibromoethane",80,2.02965669
"1,1-dibromoethane",75,1.59695824
"1,1-dibromoethane",70,1.23905496
"1,1-dibromoethane",65,0.94812602
"1,1-dibromoethane",60,0.71573941
"1,1-dibromoethane",55,0.53326235
"1,1-dibromoethane",50,0.39231185
"1,1-dibromoethane",45,0.28512394
"1,1-dibromoethane",40,0.20480247
"1,1-dibromoethane",35,0.14544130
"1,1-dibromoethane",30,0.10214117
"1,1-dibromoethane",25,0.07094765
"1,1-dichloro-1-nitroethane",160,10.64270822
"1,1-dichloro-1-nitroethane",155,8.57424071
"1,1-dichloro-1-nitroethane",150,6.81823828
"1,1-dichloro-1-nitroethane",145,5.35398724
"1,1-dichloro-1-nitroethane",140,4.15375197
"1,1-dichloro-1-nitroethane",135,3.18567706
"1,1-dichloro-1-nitroethane",130,2.41650437
"1,1-dichloro-1-nitroethane",125,1.81382951
"1,1-dichloro-1-nitroethane",120,1.34768020
"1,1-dichloro-1-nitroethane",115,0.99145577
"1,1-dichloro-1-nitroethane",110,0.72231305
"1,1-dichloro-1-nitroethane",105,0.52115820
"1,1-dichloro-1-nitroethane",100,0.37238501
"1,1-dichloro-1-nitroethane",95,0.26347797
"1,1-dichloro-1-nitroethane",90,0.18456327
"1,1-dichloro-1-nitroethane",85,0.12796361
"1,1-dichloro-1-nitroethane",80,0.08778788
"1,1-dichloro-1-nitroethane",75,0.05957087
"1,1-dichloro-1-nitroethane",70,0.03996766
"1,1-dichloro-1-nitroethane",65,0.02650109
"1,1-dichloro-1-nitroethane",60,0.01735746
"1,1-dichloro-1-nitroethane",55,0.01122392
"1,1-dichloro-1-nitroethane",50,0.00716128
"1,1-dichloro-1-nitroethane",45,0.00450565
"1,1-dichloro-1-nitroethane",40,0.00279356
"1,1-dichloro-1-nitroethane",35,0.00170563
"1,1-dichloro-1-nitroethane",30,0.00102474
"1,1-dichloro-1-nitroethane",25,0.00060533
"1,1-dichloroacetone",160,14.62316633
"1,1-dichloroacetone",155,12.09820676
"1,1-dichloroacetone",150,9.87036379
"1,1-dichloroacetone",145,7.94078432
"1,1-dichloroacetone",140,6.30074308
"1,1-dichloroacetone",135,4.93259837
"1,1-dichloroacetone",130,3.81177618
"1,1-dichloroacetone",125,2.90929626
"1,1-dichloroacetone",120,2.19433795
"1,1-dichloroacetone",115,1.63644214
"1,1-dichloroacetone",110,1.20718115
"1,1-dichloroacetone",105,0.88118581
"1,1-dichloroacetone",100,0.63663050
"1,1-dichloroacetone",95,0.45528841
"1,1-dichloroacetone",90,0.32231074
"1,1-dichloroacetone",85,0.22585065
"1,1-dichloroacetone",80,0.15662449
"1,1-dichloroacetone",75,0.10747104
"1,1-dichloroacetone",70,0.07294416
"1,1-dichloroacetone",65,0.04895600
"1,1-dichloroacetone",60,0.03247613
"1,1-dichloroacetone",55,0.02128491
"1,1-dichloroacetone",50,0.01377574
"1,1-dichloroacetone",45,0.00879958
"1,1-dichloroacetone",40,0.00554449
"1,1-dichloroacetone",35,0.00344386
"1,1-dichloroacetone",30,0.00210728
"1,1-dichloroacetone",25,0.00126936
"1,1-dichloroethane",160,27.51975579
"1,1-dichloroethane",155,24.49191476
"1,1-dichloroethane",150,21.59021663
"1,1-dichloroethane",145,18.83429031
"1,1-dichloroethane",140,16.24388621
"1,1-dichloroethane",135,13.83777729
"1,1-dichloroethane",130,11.63269490
"1,1-dichloroethane",125,9.64226126
"1,1-dichloroethane",120,7.87514084
"1,1-dichloroethane",115,6.33452398
"1,1-dichloroethane",110,5.01698230
"1,1-dichloroethane",105,3.91254762
"1,1-dichloroethane",100,3.00525631
"1,1-dichloroethane",95,2.27466615
"1,1-dichloroethane",90,1.69757265
"1,1-dichloroethane",85,1.24996105
"1,1-dichloroethane",80,0.90865256
"1,1-dichloroethane",75,0.65248927
"1,1-dichloroethane",70,0.46303732
"1,1-dichloroethane",65,0.32483398
"1,1-dichloroethane",60,0.22531421
"1,1-dichloroethane",55,0.15453315
"1,1-dichloroethane",50,0.10479378
"1,1-dichloroethane",45,0.07025240
"1,1-dichloroethane",40,0.04654702
"1,1-dichloroethane",35,0.03047109
"1,1-dichloroethane",30,0.01970066
"1,1-dichloroethane",25,0.01257409
"1,1-dichloroethylene",160,20.00686378
"1,1-dichloroethylene",155,16.83316320
"1,1-dichloroethylene",150,13.94942021
"1,1-dichloroethylene",145,11.38179788
"1,1-dichloroethylene",140,9.14328150
"1,1-dichloroethylene",135,7.23320366
"1,1-dichloroethylene",130,5.63766960
"1,1-dichloroethylene",125,4.33196123
"1,1-dichloroethylene",120,3.28398373
"1,1-dichloroethylene",115,2.45794273
"1,1-dichloroethylene",110,1.81758806
"1,1-dichloroethylene",105,1.32870562
"1,1-dichloroethylene",100,0.96066823
"1,1-dichloroethylene",95,0.68718520
"1,1-dichloroethylene",90,0.48642692
"1,1-dichloroethylene",85,0.34075347
"1,1-dichloroethylene",80,0.23622773
"1,1-dichloroethylene",75,0.16204589
"1,1-dichloroethylene",70,0.10997040
"1,1-dichloroethylene",65,0.07381228
"1,1-dichloroethylene",60,0.04898411
"1,1-dichloroethylene",55,0.03212861
"1,1-dichloroethylene",50,0.02081877
"1,1-dichloroethylene",45,0.01332117
"1,1-dichloroethylene",40,0.00841267
"1,1-dichloroethylene",35,0.00524075
"1,1-dichloroethylene",30,0.00321860
"1,1-dichloroethylene",25,0.00194754
"1,1-dichloropropane",160,17.58685823
"1,1-dichloropropane",155,14.80436044
"1,1-dichloropropane",150,12.29695737
"1,1-dichloropropane",145,10.07609638
"1,1-dichloropropane",140,8.14385699
"1,1-dichloropropane",135,6.49311467
"1,1-dichloropropane",130,5.10839234
"1,1-dichloropropane",125,3.96734687
"1,1-dichloropropane",120,3.04310688
"1,1-dichloropropane",115,2.30655744
"1,1-dichloropropane",110,1.72847738
"1,1-dichloropropane",105,1.28118700
"1,1-dichloropropane",100,0.93966394
"1,1-dichloropropane",95,0.68212342
"1,1-dichloropropane",90,0.49018441
"1,1-dichloropropane",85,0.34873481
"1,1-dichloropropane",80,0.24562007
"1,1-dichloropropane",75,0.17124698
"1,1-dichloropropane",70,0.11816758
"1,1-dichloropropane",65,0.08068413
"1,1-dichloropropane",60,0.05449611
"1,1-dichloropropane",55,0.03639836
"1,1-dichloropropane",50,0.02403080
"1,1-dichloropropane",45,0.01567611
"1,1-dichloropropane",40,0.01009921
"1,1-dichloropropane",35,0.00642237
"1,1-dichloropropane",30,0.00402926
"1,1-dichloropropane",25,0.00249243
"1,1-dichloropropene",160,11.28726415
"1,1-dichloropropene",155,8.91885000
"1,1-dichloropropene",150,6.95274337
"1,1-dichloropropene",145,5.35265545
"1,1-dichloropropene",140,4.07329126
"1,1-dichloropropene",135,3.06630715
"1,1-dichloropropene",130,2.28472958
"1,1-dichloropropene",125,1.68570879
"1,1-dichloropropene",120,1.23188396
"1,1-dichloropropene",115,0.89175933
"1,1-dichloropropene",110,0.63946482
"1,1-dichloropropene",105,0.45418750
"1,1-dichloropropene",100,0.31946745
"1,1-dichloropropene",95,0.22247703
"1,1-dichloropropene",90,0.15334881
"1,1-dichloropropene",85,0.10458288
"1,1-dichloropropene",80,0.07054321
"1,1-dichloropropene",75,0.04704101
"1,1-dichloropropene",70,0.03099709
"1,1-dichloropropene",65,0.02017293
"1,1-dichloropropene",60,0.01295943
"1,1-dichloropropene",55,0.00821336
"1,1-dichloropropene",50,0.00513224
"1,1-dichloropropene",45,0.00315981
"1,1-dichloropropene",40,0.00191549
"1,1-dichloropropene",35,0.00114246
"1,1-dichloropropene",30,0.00066990
"1,1-dichloropropene",25,0.00038584
"1,1-diethoxyethane",160,10.30102656
"1,1-diethoxyethane",155,8.26078921
"1,1-diethoxyethane",150,6.55084232
"1,1-diethoxyethane",145,5.13943687
"1,1-diethoxyethane",140,3.99096250
"1,1-diethoxyethane",135,3.06877931
"1,1-diethoxyethane",130,2.33740184
"1,1-diethoxyethane",125,1.76401503
"1,1-diethoxyethane",120,1.31934715
"1,1-diethoxyethane",115,0.97803846
"1,1-diethoxyethane",110,0.71864107
"1,1-diethoxyethane",105,0.52337849
"1,1-diethoxyethane",100,0.37777078
"1,1-diethoxyethane",95,0.27020002
"1,1-diethoxyethane",90,0.19146987
"1,1-diethoxyethane",85,0.13439002
"1,1-diethoxyethane",80,0.09340292
"1,1-diethoxyethane",75,0.06425982
"1,1-diethoxyethane",70,0.04374692
"1,1-diethoxyethane",65,0.02945867
"1,1-diethoxyethane",60,0.01961331
"1,1-diethoxyethane",55,0.01290511
"1,1-diethoxyethane",50,0.00838749
"1,1-diethoxyethane",45,0.00538189
"1,1-diethoxyethane",40,0.00340744
"1,1-diethoxyethane",35,0.00212743
"1,1-diethoxyethane",30,0.00130900
"1,1-diethoxyethane",25,0.00079323
"1,1-difluoroethane",160,39.38017094
"1,1-difluoroethane",155,35.88666574
"1,1-difluoroethane",150,32.38916255
"1,1-difluoroethane",145,28.91476048
"1,1-difluoroethane",140,25.49094497
"1,1-difluoroethane",135,22.15673057
"1,1-difluoroethane",130,18.95346144
"1,1-difluoroethane",125,15.92629978
"1,1-difluoroethane",120,13.12201567
"1,1-difluoroethane",115,10.58441943
"1,1-difluoroethane",110,8.34817072
"1,1-difluoroethane",105,6.43429102
"1,1-difluoroethane",100,4.84635786
"1,1-difluoroethane",95,3.56961437
"1,1-difluoroethane",90,2.57405410
"1,1-difluoroethane",85,1.81975050
"1,1-difluoroethane",80,1.26305489
"1,1-difluoroethane",75,0.86178354
"1,1-difluoroethane",70,0.57859183
"1,1-difluoroethane",65,0.38250923
"1,1-difluoroethane",60,0.24909977
"1,1-difluoroethane",55,0.15981426
"1,1-difluoroethane",50,0.10099934
"1,1-difluoroethane",45,0.06285665
"1,1-difluoroethane",40,0.03850494
"1,1-difluoroethane",35,0.02320398
"1,1-difluoroethane",30,0.01374650
"1,1-difluoroethane",25,0.00799960
"1,1-difluoroethene",160,34.91979227
"1,1-difluoroethene",155,31.05368734
"1,1-difluoroethene",150,27.25241762
"1,1-difluoroethene",145,23.56684720
"1,1-difluoroethene",140,20.05201213
"1,1-difluoroethene",135,16.76360052
"1,1-difluoroethene",130,13.75384261
"1,1-difluoroethene",125,11.06511645
"1,1-difluoroethene",120,8.72547296
"1,1-difluoroethene",115,6.74457115
"1,1-difluoroethene",110,5.11314978
"1,1-difluoroethene",105,3.80531487
"1,1-difluoroethene",100,2.78325369
"1,1-difluoroethene",95,2.00306150
"1,1-difluoroethene",90,1.42004330
"1,1-difluoroethene",85,0.99263019
"1,1-difluoroethene",80,0.68465042
"1,1-difluoroethene",75,0.46619107
"1,1-difluoroethene",70,0.31347087
"1,1-difluoroethene",65,0.20816637
"1,1-difluoroethene",60,0.13651364
"1,1-difluoroethene",55,0.08839094
"1,1-difluoroethene",50,0.05649009
"1,1-difluoroethene",45,0.03562021
"1,1-difluoroethene",40,0.02215003
"1,1-difluoroethene",35,0.01357597
"1,1-difluoroethene",30,0.00819644
"1,1-difluoroethene",25,0.00487138
"1,1-dimethoxyethane",160,24.90811603
"1,1-dimethoxyethane",155,21.64102346
"1,1-dimethoxyethane",150,18.56880149
"1,1-dimethoxyethane",145,15.72239493
"1,1-dimethoxyethane",140,13.12748173
"1,1-dimethoxyethane",135,10.80284678
"1,1-dimethoxyethane",130,8.75914349
"1,1-dimethoxyethane",125,6.99698881
"1,1-dimethoxyethane",120,5.50741022
"1,1-dimethoxyethane",115,4.27289968
"1,1-dimethoxyethane",110,3.26924035
"1,1-dimethoxyethane",105,2.46813298
"1,1-dimethoxyethane",100,1.83968349
"1,1-dimethoxyethane",95,1.35459579
"1,1-dimethoxyethane",90,0.98576150
"1,1-dimethoxyethane",85,0.70922996
"1,1-dimethoxyethane",80,0.50461610
"1,1-dimethoxyethane",75,0.35509800
"1,1-dimethoxyethane",70,0.24714601
"1,1-dimethoxyethane",65,0.17011306
"1,1-dimethoxyethane",60,0.11577655
"1,1-dimethoxyethane",55,0.07789104
"1,1-dimethoxyethane",50,0.05178359
"1,1-dimethoxyethane",45,0.03400638
"1,1-dimethoxyethane",40,0.02204921
"1,1-dimethoxyethane",35,0.01410807
"1,1-dimethoxyethane",30,0.00890306
"1,1-dimethoxyethane",25,0.00553787
"1,1-dimethylhydrazine",160,45.52916588
"1,1-dimethylhydrazine",155,42.32795379
"1,1-dimethylhydrazine",150,39.08696069
"1,1-dimethylhydrazine",145,35.81797410
"1,1-dimethylhydrazine",140,32.53726158
"1,1-dimethylhydrazine",135,29.26350347
"1,1-dimethylhydrazine",130,26.02322544
"1,1-dimethylhydrazine",125,22.84547522
"1,1-dimethylhydrazine",120,19.76266871
"1,1-dimethylhydrazine",115,16.81504621
"1,1-dimethylhydrazine",110,14.04397418
"1,1-dimethylhydrazine",105,11.49176550
"1,1-dimethylhydrazine",100,9.19660004
"1,1-dimethylhydrazine",95,7.18832026
"1,1-dimethylhydrazine",90,5.48326157
"1,1-dimethylhydrazine",85,4.08150837
"1,1-dimethylhydrazine",80,2.96623832
"1,1-dimethylhydrazine",75,2.10699773
"1,1-dimethylhydrazine",70,1.46482741
"1,1-dimethylhydrazine",65,0.99813398
"1,1-dimethylhydrazine",60,0.66745836
"1,1-dimethylhydrazine",55,0.43845983
"1,1-dimethylhydrazine",50,0.28314319
"1,1-dimethylhydrazine",45,0.17981245
"1,1-dimethylhydrazine",40,0.11230983
"1,1-dimethylhydrazine",35,0.06898370
"1,1-dimethylhydrazine",30,0.04165536
"1,1-dimethylhydrazine",25,0.02471666
"1,2,3,4-tetramethylbenzene",160,7.54562611
"1,2,3,4-tetramethylbenzene",155,5.93753760
"1,2,3,4-tetramethylbenzene",150,4.62585191
"1,2,3,4-tetramethylbenzene",145,3.56975632
"1,2,3,4-tetramethylbenzene",140,2.72957250
"1,2,3,4-tetramethylbenzene",135,2.06855202
"1,2,3,4-tetramethylbenzene",130,1.55389085
"1,2,3,4-tetramethylbenzene",125,1.15713971
"1,2,3,4-tetramethylbenzene",120,0.85419525
"1,2,3,4-tetramethylbenzene",115,0.62502711
"1,2,3,4-tetramethylbenzene",110,0.45326066
"1,2,3,4-tetramethylbenzene",105,0.32569994
"1,2,3,4-tetramethylbenzene",100,0.23184584
"1,2,3,4-tetramethylbenzene",95,0.16344253
"1,2,3,4-tetramethylbenzene",90,0.11406948
"1,2,3,4-tetramethylbenzene",85,0.07878626
"1,2,3,4-tetramethylbenzene",80,0.05383077
"1,2,3,4-tetramethylbenzene",75,0.03636781
"1,2,3,4-tetramethylbenzene",70,0.02428301
"1,2,3,4-tetramethylbenzene",65,0.01601637
"1,2,3,4-tetramethylbenzene",60,0.01042951
"1,2,3,4-tetramethylbenzene",55,0.00670113
"1,2,3,4-tetramethylbenzene",50,0.00424567
"1,2,3,4-tetramethylbenzene",45,0.00265076
"1,2,3,4-tetramethylbenzene",40,0.00162971
"1,2,3,4-tetramethylbenzene",35,0.00098593
"1,2,3,4-tetramethylbenzene",30,0.00058643
"1,2,3,4-tetramethylbenzene",25,0.00034266
"1,2,3,5-tetramethylbenzene",160,6.84285190
"1,2,3,5-tetramethylbenzene",155,5.35357800
"1,2,3,5-tetramethylbenzene",150,4.14921484
"1,2,3,5-tetramethylbenzene",145,3.18687803
"1,2,3,5-tetramethylbenzene",140,2.42639056
"1,2,3,5-tetramethylbenzene",135,1.83158422
"1,2,3,5-tetramethylbenzene",130,1.37088141
"1,2,3,5-tetramethylbenzene",125,1.01737346
"1,2,3,5-tetramethylbenzene",120,0.74857980
"1,2,3,5-tetramethylbenzene",115,0.54602861
"1,2,3,5-tetramethylbenzene",110,0.39475786
"1,2,3,5-tetramethylbenzene",105,0.28280143
"1,2,3,5-tetramethylbenzene",100,0.20069951
"1,2,3,5-tetramethylbenzene",95,0.14105428
"1,2,3,5-tetramethylbenzene",90,0.09814020
"1,2,3,5-tetramethylbenzene",85,0.06757077
"1,2,3,5-tetramethylbenzene",80,0.04601912
"1,2,3,5-tetramethylbenzene",75,0.03098755
"1,2,3,5-tetramethylbenzene",70,0.02062023
"1,2,3,5-tetramethylbenzene",65,0.01355283
"1,2,3,5-tetramethylbenzene",60,0.00879338
"1,2,3,5-tetramethylbenzene",55,0.00562876
"1,2,3,5-tetramethylbenzene",50,0.00355244
"1,2,3,5-tetramethylbenzene",45,0.00220906
"1,2,3,5-tetramethylbenzene",40,0.00135252
"1,2,3,5-tetramethylbenzene",35,0.00081471
"1,2,3,5-tetramethylbenzene",30,0.00048243
"1,2,3,5-tetramethylbenzene",25,0.00028059
1h-benzotriazole,160,8.30937348
1h-benzotriazole,155,6.57049890
1h-benzotriazole,150,5.13962497
1h-benzotriazole,145,3.97880831
1h-benzotriazole,140,3.04957048
1h-benzotriazole,135,2.31495723
1h-benzotriazole,130,1.74098313
1h-benzotriazole,125,1.29745427
1h-benzotriazole,120,0.95830305
1h-benzotriazole,115,0.70155840
1h-benzotriazole,110,0.50907652
1h-benzotriazole,105,0.36613596
1h-benzotriazole,100,0.26097579
1h-benzotriazole,95,0.18432919
1h-benzotriazole,90,0.12898618
1h-benzotriazole,85,0.08940259
1h-benzotriazole,80,0.06136246
1h-benzotriazole,75,0.04169420
1h-benzotriazole,70,0.02803692
1h-benzotriazole,65,0.01865159
1h-benzotriazole,60,0.01227070
1h-benzotriazole,55,0.00798023
1h-benzotriazole,50,0.00512821
1h-benzotriazole,45,0.00325474
1h-benzotriazole,40,0.00203917
1h-benzotriazole,35,0.00126049
1h-benzotriazole,30,0.00076829
1h-benzotriazole,25,0.00046147
"1h-1,2,3-triazole",160,0.04531958
"1h-1,2,3-triazole",155,0.03186008
"1h-1,2,3-triazole",150,0.02224057
"1h-1,2,3-triazole",145,0.01541275
"1h-1,2,3-triazole",140,0.01060112
"1h-1,2,3-triazole",135,0.00723545
"1h-1,2,3-triazole",130,0.00489923
"1h-1,2,3-triazole",125,0.00329040
"1h-1,2,3-triazole",120,0.00219146
"1h-1,2,3-triazole",115,0.00144709
"1h-1,2,3-triazole",110,0.00094719
"1h-1,2,3-triazole",105,0.00061443
"1h-1,2,3-triazole",100,0.00039491
"1h-1,2,3-triazole",95,0.00025143
"1h-1,2,3-triazole",90,0.00015854
"1h-1,2,3-triazole",85,0.00009898
"1h-1,2,3-triazole",80,0.00006117
"1h-1,2,3-triazole",75,0.00003741
"1h-1,2,3-triazole",70,0.00002264
"1h-1,2,3-triazole",65,0.00001355
"1h-1,2,3-triazole",60,0.00000802
"1h-1,2,3-triazole",55,0.00000469
"1h-1,2,3-triazole",50,0.00000271
"1h-1,2,3-triazole",45,0.00000155
"1h-1,2,3-triazole",40,0.00000087
"1h-1,2,3-triazole",35,0.00000048
"1h-1,2,3-triazole",30,0.00000027
"1h-1,2,3-triazole",25,0.00000014
"1,2,3-trichloropropene",160,20.13332458
"1,2,3-trichloropropene",155,17.74742464
"1,2,3-trichloropropene",150,15.51998658
"1,2,3-trichloropropene",145,13.45667332
"1,2,3-trichloropropene",140,11.56208642
"1,2,3-trichloropropene",135,9.83909575
"1,2,3-trichloropropene",130,8.28839158
"1,2,3-trichloropropene",125,6.90892133
"1,2,3-trichloropropene",120,5.69684873
"1,2,3-trichloropropene",115,4.64570077
"1,2,3-trichloropropene",110,3.74658940
"1,2,3-trichloropropene",105,2.98822334
"1,2,3-trichloropropene",100,2.35753900
"1,2,3-trichloropropene",95,1.84033814
"1,2,3-trichloropropene",90,1.42192235
"1,2,3-trichloropropene",85,1.08781983
"1,2,3-trichloropropene",80,0.82433352
"1,2,3-trichloropropene",75,0.61896389
"1,2,3-trichloropropene",70,0.46065318
"1,2,3-trichloropropene",65,0.33988661
"1,2,3-trichloropropene",60,0.24866823
"1,2,3-trichloropropene",55,0.18041763
"1,2,3-trichloropropene",50,0.12981591
"1,2,3-trichloropropene",45,0.09263144
"1,2,3-trichloropropene",40,0.06554470
"1,2,3-trichloropropene",35,0.04598443
"1,2,3-trichloropropene",30,0.03198188
"1,2,3-trichloropropene",25,0.02204577
"1,2,3-trichloropropane",160,16.34316029
"1,2,3-trichloropropane",155,13.97286325
"1,2,3-trichloropropane",150,11.81620574
"1,2,3-trichloropropane",145,9.87856440
"1,2,3-trichloropropane",140,8.16121895
"1,2,3-trichloropropane",135,6.66121350
"1,2,3-trichloropropane",130,5.37085729
"1,2,3-trichloropropane",125,4.27800983
"1,2,3-trichloropropane",120,3.36688938
"1,2,3-trichloropropane",115,2.61898305
"1,2,3-trichloropropane",110,2.01423733
"1,2,3-trichloropropane",105,1.53226091
"1,2,3-trichloropropane",100,1.15336554
"1,2,3-trichloropropane",95,0.85933482
"1,2,3-trichloropropane",90,0.63393050
"1,2,3-trichloropropane",85,0.46311901
"1,2,3-trichloropropane",80,0.33509503
"1,2,3-trichloropropane",75,0.24015106
"1,2,3-trichloropropane",70,0.17046081
"1,2,3-trichloropropane",65,0.11982260
"1,2,3-trichloropropane",60,0.08339663
"1,2,3-trichloropropane",55,0.05745783
"1,2,3-trichloropropane",50,0.03917531
"1,2,3-trichloropropane",45,0.02642335
"1,2,3-trichloropropane",40,0.01762402
"1,2,3-trichloropropane",35,0.01161915
"1,2,3-trichloropropane",30,0.00756813
"1,2,3-trichloropropane",25,0.00486768
"1,2,4,5-tetrachlorobenzene",160,2.98130155
"1,2,4,5-tetrachlorobenzene",155,2.29132240
"1,2,4,5-tetrachlorobenzene",150,1.74995906
"1,2,4,5-tetrachlorobenzene",145,1.32802322
"1,2,4,5-tetrachlorobenzene",140,1.00131513
"1,2,4,5-tetrachlorobenzene",135,0.74999248
"1,2,4,5-tetrachlorobenzene",130,0.55793603
"1,2,4,5-tetrachlorobenzene",125,0.41215749
"1,2,4,5-tetrachlorobenzene",120,0.30226989
"1,2,4,5-tetrachlorobenzene",115,0.22002594
"1,2,4,5-tetrachlorobenzene",110,0.15892357
"1,2,4,5-tetrachlorobenzene",105,0.11387296
"1,2,4,5-tetrachlorobenzene",100,0.08091843
"1,2,4,5-tetrachlorobenzene",95,0.05700857
"1,2,4,5-tetrachlorobenzene",90,0.03980743
"1,2,4,5-tetrachlorobenzene",85,0.02754098
"1,2,4,5-tetrachlorobenzene",80,0.01887293
"1,2,4,5-tetrachlorobenzene",75,0.01280535
"1,2,4,5-tetrachlorobenzene",70,0.00859957
"1,2,4,5-tetrachlorobenzene",65,0.00571384
"1,2,4,5-tetrachlorobenzene",60,0.00375467
"1,2,4,5-tetrachlorobenzene",55,0.00243908
"1,2,4,5-tetrachlorobenzene",50,0.00156568
"1,2,4,5-tetrachlorobenzene",45,0.00099266
"1,2,4,5-tetrachlorobenzene",40,0.00062132
"1,2,4,5-tetrachlorobenzene",35,0.00038373
"1,2,4,5-tetrachlorobenzene",30,0.00023373
"1,2,4,5-tetrachlorobenzene",25,0.00014032
"1,2,4-trichlorobenzene",160,7.16749570
"1,2,4-trichlorobenzene",155,5.72545180
"1,2,4-trichlorobenzene",150,4.52910980
"1,2,4-trichlorobenzene",145,3.54917533
"1,2,4-trichlorobenzene",140,2.75610267
"1,2,4-trichlorobenzene",135,2.12149739
"1,2,4-trichlorobenzene",130,1.61909135
"1,2,4-trichlorobenzene",125,1.22534834
"1,2,4-trichlorobenzene",120,0.91972523
"1,2,4-trichlorobenzene",115,0.68468607
"1,2,4-trichlorobenzene",110,0.50554414
"1,2,4-trichlorobenzene",105,0.37020031
"1,2,4-trichlorobenzene",100,0.26883078
"1,2,4-trichlorobenzene",95,0.19356231
"1,2,4-trichlorobenzene",90,0.13815917
"1,2,4-trichlorobenzene",85,0.09773662
"1,2,4-trichlorobenzene",80,0.06850790
"1,2,4-trichlorobenzene",75,0.04756675
"1,2,4-trichlorobenzene",70,0.03270444
"1,2,4-trichlorobenzene",65,0.02225869
"1,2,4-trichlorobenzene",60,0.01499062
"1,2,4-trichlorobenzene",55,0.00998603
"1,2,4-trichlorobenzene",50,0.00657709
"1,2,4-trichlorobenzene",45,0.00428100
"1,2,4-trichlorobenzene",40,0.00275244
"1,2,4-trichlorobenzene",35,0.00174715
"1,2,4-trichlorobenzene",30,0.00109433
"1,2,4-trichlorobenzene",25,0.00067596
"1,2-butadiene",160,40.69283702
"1,2-butadiene",155,36.83474229
"1,2-butadiene",150,32.97027818
"1,2-butadiene",145,29.14136660
"1,2-butadiene",140,25.39775640
"1,2-butadiene",135,21.79415872
"1,2-butadiene",130,18.38827198
"1,2-butadiene",125,15.23565397
"1,2-butadiene",120,12.38467458
"1,2-butadiene",115,9.87092084
"1,2-butadiene",110,7.71298988
"1,2-butadiene",105,5.91023458
"1,2-butadiene",100,4.44421264
"1,2-butadiene",95,3.28236789
"1,2-butadiene",90,2.38354400
"1,2-butadiene",85,1.70346786
"1,2-butadiene",80,1.19920949
"1,2-butadiene",75,0.83214945
"1,2-butadiene",70,0.56944926
"1,2-butadiene",65,0.38438541
"1,2-butadiene",60,0.25595455
"1,2-butadiene",55,0.16811012
"1,2-butadiene",50,0.10887963
"1,2-butadiene",45,0.06951091
"1,2-butadiene",40,0.04372177
"1,2-butadiene",35,0.02707851
"1,2-butadiene",30,0.01650219
"1,2-butadiene",25,0.00988831
1-bromo-2-chloroethene,160,22.37525394
1-bromo-2-chloroethene,155,19.99814521
1-bromo-2-chloroethene,150,17.75688425
1-bromo-2-chloroethene,145,15.65532889
1-bromo-2-chloroethene,140,13.69742681
1-bromo-2-chloroethene,135,11.88593621
1-bromo-2-chloroethene,130,10.22263136
1-bromo-2-chloroethene,125,8.70856305
1-bromo-2-chloroethene,120,7.34362472
1-bromo-2-chloroethene,115,6.12638949
1-bromo-2-chloroethene,110,5.05352984
1-bromo-2-chloroethene,105,4.12018852
1-bromo-2-chloroethene,100,3.31936969
1-bromo-2-chloroethene,95,2.64219225
1-bromo-2-chloroethene,90,2.07815505
1-bromo-2-chloroethene,85,1.61543634
1-bromo-2-chloroethene,80,1.24152632
1-bromo-2-chloroethene,75,0.94377803
1-bromo-2-chloroethene,70,0.70997635
1-bromo-2-chloroethene,65,0.52880044
1-bromo-2-chloroethene,60,0.39013564
1-bromo-2-chloroethene,55,0.28522795
1-bromo-2-chloroethene,50,0.20671330
1-bromo-2-chloroethene,45,0.14854496
1-bromo-2-chloroethene,40,0.10586240
1-bromo-2-chloroethene,35,0.07482912
1-bromo-2-chloroethene,30,0.05246478
1-bromo-2-chloroethene,25,0.03648656
"1,2-cyclohexanedione",160,10.01494737
"1,2-cyclohexanedione",155,8.03427669
"1,2-cyclohexanedione",150,6.37842243
"1,2-cyclohexanedione",145,5.01325534
"1,2-cyclohexanedione",140,3.90244429
"1,2-cyclohexanedione",135,3.00971360
"1,2-cyclohexanedione",130,2.30054817
"1,2-cyclohexanedione",125,1.74332532
"1,2-cyclohexanedione",120,1.30998077
"1,2-cyclohexanedione",115,0.97625206
"1,2-cyclohexanedione",110,0.72162775
"1,2-cyclohexanedione",105,0.52909751
"1,2-cyclohexanedione",100,0.38478795
"1,2-cyclohexanedione",95,0.27754871
"1,2-cyclohexanedione",90,0.19853496
"1,2-cyclohexanedione",85,0.14081328
"1,2-cyclohexanedione",80,0.09900809
"1,2-cyclohexanedione",75,0.06899443
"1,2-cyclohexanedione",70,0.04763814
"1,2-cyclohexanedione",65,0.03258070
"1,2-cyclohexanedione",60,0.02206405
"1,2-cyclohexanedione",55,0.01479008
"1,2-cyclohexanedione",50,0.00980945
"1,2-cyclohexanedione",45,0.00643462
"1,2-cyclohexanedione",40,0.00417261
"1,2-cyclohexanedione",35,0.00267355
"1,2-cyclohexanedione",30,0.00169174
"1,2-cyclohexanedione",25,0.00105659
cis-dibromoethene,160,18.23913209
cis-dibromoethene,155,16.22726876
cis-dibromoethene,150,14.34956059
cis-dibromoethene,145,12.60524888
cis-dibromoethene,140,10.99392468
cis-dibromoethene,135,9.51446087
cis-dibromoethene,130,8.16523382
cis-dibromoethene,125,6.94435179
cis-dibromoethene,120,5.84931184
cis-dibromoethene,115,4.87688388
cis-dibromoethene,110,4.02265588
cis-dibromoethene,105,3.28134349
cis-dibromoethene,100,2.64629674
cis-dibromoethene,95,2.10968753
cis-dibromoethene,90,1.66269095
cis-dibromoethene,85,1.29567031
cis-dibromoethene,80,0.99862546
cis-dibromoethene,75,0.76156700
cis-dibromoethene,70,0.57491274
cis-dibromoethene,65,0.42981164
cis-dibromoethene,60,0.31836232
cis-dibromoethene,55,0.23371930
cis-dibromoethene,50,0.17011101
cis-dibromoethene,45,0.12278321
cis-dibromoethene,40,0.08789981
cis-dibromoethene,35,0.06242003
cis-dibromoethene,30,0.04397088
cis-dibromoethene,25,0.03072604
"cis-1,2-dichloroethene",160,32.61909054
"cis-1,2-dichloroethene",155,29.85416289
"cis-1,2-dichloroethene",150,27.17062674
"cis-1,2-dichloroethene",145,24.57890392
"cis-1,2-dichloroethene",140,22.08653661
"cis-1,2-dichloroethene",135,19.70350670
"cis-1,2-dichloroethene",130,17.43951134
"cis-1,2-dichloroethene",125,15.30236261
"cis-1,2-dichloroethene",120,13.30170727
"cis-1,2-dichloroethene",115,11.44573015
"cis-1,2-dichloroethene",110,9.74097930
"cis-1,2-dichloroethene",105,8.19317317
"cis-1,2-dichloroethene",100,6.80579851
"cis-1,2-dichloroethene",95,5.57972021
"cis-1,2-dichloroethene",90,4.51293518
"cis-1,2-dichloroethene",85,3.59996537
"cis-1,2-dichloroethene",80,2.83206943
"cis-1,2-dichloroethene",75,2.19759940
"cis-1,2-dichloroethene",70,1.68259829
"cis-1,2-dichloroethene",65,1.27179633
"cis-1,2-dichloroethene",60,0.94953003
"cis-1,2-dichloroethene",55,0.70066929
"cis-1,2-dichloroethene",50,0.51130421
"cis-1,2-dichloroethene",45,0.36916786
"cis-1,2-dichloroethene",40,0.26382931
"cis-1,2-dichloroethene",35,0.18668355
"cis-1,2-dichloroethene",30,0.13081472
"cis-1,2-dichloroethene",25,0.09078512
"1,2-dichloropropane",160,19.00936656
"1,2-dichloropropane",155,16.13665323
"1,2-dichloropropane",150,13.51266991
"1,2-dichloropropane",145,11.15557706
"1,2-dichloropropane",140,9.07627517
"1,2-dichloropropane",135,7.27639301
"1,2-dichloropropane",130,5.74841459
"1,2-dichloropropane",125,4.47641040
"1,2-dichloropropane",120,3.43757112
"1,2-dichloropropane",115,2.60464464
"1,2-dichloropropane",110,1.94835136
"1,2-dichloropropane",105,1.43960327
"1,2-dichloropropane",100,1.05117820
"1,2-dichloropropane",95,0.75879409
"1,2-dichloropropane",90,0.54161372
"1,2-dichloropropane",85,0.38231839
"1,2-dichloropropane",80,0.26688972
"1,2-dichloropropane",75,0.18423189
"1,2-dichloropropane",70,0.12572962
"1,2-dichloropropane",65,0.08480612
"1,2-dichloropropane",60,0.05651683
"1,2-dichloropropane",55,0.03719669
"1,2-dichloropropane",50,0.02416546
"1,2-dichloropropane",45,0.01548865
"1,2-dichloropropane",40,0.00978812
"1,2-dichloropropane",35,0.00609494
"1,2-dichloropropane",30,0.00373695
"1,2-dichloropropane",25,0.00225429
"1,2-dichlorotetrafluoroethane",160,0.17738397
"1,2-dichlorotetrafluoroethane",155,0.12574026
"1,2-dichlorotetrafluoroethane",150,0.08846784
"1,2-dichlorotetrafluoroethane",145,0.06174205
"1,2-dichlorotetrafluoroethane",140,0.04271855
"1,2-dichlorotetrafluoroethane",135,0.02928611
"1,2-dichlorotetrafluoroethane",130,0.01988365
"1,2-dichlorotetrafluoroethane",125,0.01336302
"1,2-dichlorotetrafluoroethane",120,0.00888532
"1,2-dichlorotetrafluoroethane",115,0.00584233
"1,2-dichlorotetrafluoroethane",110,0.00379687
"1,2-dichlorotetrafluoroethane",105,0.00243762
"1,2-dichlorotetrafluoroethane",100,0.00154516
"1,2-dichlorotetrafluoroethane",95,0.00096651
"1,2-dichlorotetrafluoroethane",90,0.00059622
"1,2-dichlorotetrafluoroethane",85,0.00036251
"1,2-dichlorotetrafluoroethane",80,0.00021710
"1,2-dichlorotetrafluoroethane",75,0.00012797
"1,2-dichlorotetrafluoroethane",70,0.00007420
"1,2-dichlorotetrafluoroethane",65,0.00004228
"1,2-dichlorotetrafluoroethane",60,0.00002366
"1,2-dichlorotetrafluoroethane",55,0.00001299
"1,2-dichlorotetrafluoroethane",50,0.00000699
"1,2-dichlorotetrafluoroethane",45,0.00000369
"1,2-dichlorotetrafluoroethane",40,0.00000190
"1,2-dichlorotetrafluoroethane",35,0.00000096
"1,2-dichlorotetrafluoroethane",30,0.00000047
"1,2-dichlorotetrafluoroethane",25,0.00000023
"1,2-diethylbenzene",160,6.97040927
"1,2-diethylbenzene",155,5.45888670
"1,2-diethylbenzene",150,4.23471410
"1,2-diethylbenzene",145,3.25526321
"1,2-diethylbenzene",140,2.48035279
"1,2-diethylbenzene",135,1.87364182
"1,2-diethylbenzene",130,1.40328611
"1,2-diethylbenzene",125,1.04207146
"1,2-diethylbenzene",120,0.76720923
"1,2-diethylbenzene",115,0.55993907
"1,2-diethylbenzene",110,0.40504145
"1,2-diethylbenzene",105,0.29032831
"1,2-diethylbenzene",100,0.20615349
"1,2-diethylbenzene",95,0.14496595
"1,2-diethylbenzene",90,0.10091643
"1,2-diethylbenzene",85,0.06951998
"1,2-diethylbenzene",80,0.04737246
"1,2-diethylbenzene",75,0.03191635
"1,2-diethylbenzene",70,0.02125002
"1,2-diethylbenzene",65,0.01397455
"1,2-diethylbenzene",60,0.00907208
"1,2-diethylbenzene",55,0.00581044
"1,2-diethylbenzene",50,0.00366919
"1,2-diethylbenzene",45,0.00228296
"1,2-diethylbenzene",40,0.00139856
"1,2-diethylbenzene",35,0.00084293
"1,2-diethylbenzene",30,0.00049943
"1,2-diethylbenzene",25,0.00029064
"1,2-benzenediol",160,28.50716353
"1,2-benzenediol",155,26.02957218
"1,2-benzenediol",150,23.68420803
"1,2-benzenediol",145,21.47584946
"1,2-benzenediol",140,19.40888567
"1,2-benzenediol",135,17.48563842
"1,2-benzenediol",130,15.70615001
"1,2-benzenediol",125,14.06999076
"1,2-benzenediol",120,12.57477837
"1,2-benzenediol",115,11.21641637
"1,2-benzenediol",110,9.99037648
"1,2-benzenediol",105,8.89033475
"1,2-benzenediol",100,7.90965498
"1,2-benzenediol",95,7.04055837
"1,2-benzenediol",90,6.27525944
"1,2-benzenediol",85,5.60545711
"1,2-benzenediol",80,5.02312819
"1,2-benzenediol",75,4.52027804
"1,2-benzenediol",70,4.08939946
"1,2-benzenediol",65,3.72353605
"1,2-benzenediol",60,3.41639613
"1,2-benzenediol",55,3.16248677
"1,2-benzenediol",50,2.95713109
"1,2-benzenediol",45,2.79657546
"1,2-benzenediol",40,2.67803518
"1,2-benzenediol",35,2.59976329
"1,2-benzenediol",30,2.56108131
"1,2-benzenediol",25,2.56249615
"1,2-dimethoxybenzene",160,14.32218740
"1,2-dimethoxybenzene",155,11.94361931
"1,2-dimethoxybenzene",150,9.83428309
"1,2-dimethoxybenzene",145,7.99388899
"1,2-dimethoxybenzene",140,6.41478613
"1,2-dimethoxybenzene",135,5.08259783
"1,2-dimethoxybenzene",130,3.97728904
"1,2-dimethoxybenzene",125,3.07498627
"1,2-dimethoxybenzene",120,2.34977218
"1,2-dimethoxybenzene",115,1.77543892
"1,2-dimethoxybenzene",110,1.32689135
"1,2-dimethoxybenzene",105,0.98115720
"1,2-dimethoxybenzene",100,0.71796390
"1,2-dimethoxybenzene",95,0.51996719
"1,2-dimethoxybenzene",90,0.37270711
"1,2-dimethoxybenzene",85,0.26439246
"1,2-dimethoxybenzene",80,0.18559066
"1,2-dimethoxybenzene",75,0.12888209
"1,2-dimethoxybenzene",70,0.08851827
"1,2-dimethoxybenzene",65,0.06010699
"1,2-dimethoxybenzene",60,0.04033595
"1,2-dimethoxybenzene",55,0.02673839
"1,2-dimethoxybenzene",50,0.01749980
"1,2-dimethoxybenzene",45,0.01130170
"1,2-dimethoxybenzene",40,0.00719789
"1,2-dimethoxybenzene",35,0.00451786
"1,2-dimethoxybenzene",30,0.00279269
"1,2-dimethoxybenzene",25,0.00169882
o-dinitrobenzene,160,9.56836334
o-dinitrobenzene,155,7.78181159
o-dinitrobenzene,150,6.25828897
o-dinitrobenzene,145,4.97800002
o-dinitrobenzene,140,3.91745086
o-dinitrobenzene,135,3.05100089
o-dinitrobenzene,130,2.35243191
o-dinitrobenzene,125,1.79624001
o-dinitrobenzene,120,1.35863507
o-dinitrobenzene,115,1.01818499
o-dinitrobenzene,110,0.75613809
o-dinitrobenzene,105,0.55649504
o-dinitrobenzene,100,0.40589374
o-dinitrobenzene,95,0.29338013
o-dinitrobenzene,90,0.21011932
o-dinitrobenzene,85,0.14908818
o-dinitrobenzene,80,0.10477679
o-dinitrobenzene,75,0.07291446
o-dinitrobenzene,70,0.05022874
o-dinitrobenzene,65,0.03423945
o-dinitrobenzene,60,0.02308694
o-dinitrobenzene,55,0.01539162
o-dinitrobenzene,50,0.01014094
o-dinitrobenzene,45,0.00659979
o-dinitrobenzene,40,0.00424039
o-dinitrobenzene,35,0.00268817
o-dinitrobenzene,30,0.00168041
o-dinitrobenzene,25,0.00103514
"1,2-ethanedithiol",160,38.29969890
"1,2-ethanedithiol",155,35.68100943
"1,2-ethanedithiol",150,33.09990835
"1,2-ethanedithiol",145,30.56319018
"1,2-ethanedithiol",140,28.07683585
"1,2-ethanedithiol",135,25.64646696
"1,2-ethanedithiol",130,23.27992678
"1,2-ethanedithiol",125,20.98495322
"1,2-ethanedithiol",120,18.76950364
"1,2-ethanedithiol",115,16.64474590
"1,2-ethanedithiol",110,14.62003068
"1,2-ethanedithiol",105,12.70593344
"1,2-ethanedithiol",100,10.91307093
"1,2-ethanedithiol",95,9.25284065
"1,2-ethanedithiol",90,7.73512317
"1,2-ethanedithiol",85,6.36826863
"1,2-ethanedithiol",80,5.15809788
"1,2-ethanedithiol",75,4.10687201
"1,2-ethanedithiol",70,3.21245769
"1,2-ethanedithiol",65,2.46811278
"1,2-ethanedithiol",60,1.86258434
"1,2-ethanedithiol",55,1.38116219
"1,2-ethanedithiol",50,1.00689854
"1,2-ethanedithiol",45,0.72212493
"1,2-ethanedithiol",40,0.50979400
"1,2-ethanedithiol",35,0.35445780
"1,2-ethanedithiol",30,0.24282389
"1,2-ethanedithiol",25,0.16393422
"1,3-benzodioxole",160,17.80682921
"1,3-benzodioxole",155,15.09773837
"1,3-benzodioxole",150,12.63437995
"1,3-benzodioxole",145,10.42976789
"1,3-benzodioxole",140,8.49035305
"1,3-benzodioxole",135,6.81452509
"1,3-benzodioxole",130,5.39290919
"1,3-benzodioxole",125,4.20913729
"1,3-benzodioxole",120,3.24120641
"1,3-benzodioxole",115,2.46357848
"1,3-benzodioxole",110,1.84921177
"1,3-benzodioxole",105,1.37142624
"1,3-benzodioxole",100,1.00530944
"1,3-benzodioxole",95,0.72862586
"1,3-benzodioxole",90,0.52224678
"1,3-benzodioxole",85,0.37021513
"1,3-benzodioxole",80,0.25955759
"1,3-benzodioxole",75,0.17995539
"1,3-benzodioxole",70,0.12335541
"1,3-benzodioxole",65,0.08357743
"1,3-benzodioxole",60,0.05595006
"1,3-benzodioxole",55,0.03699197
"1,3-benzodioxole",50,0.02414335
"1,3-benzodioxole",45,0.01554656
"1,3-benzodioxole",40,0.00987091
"1,3-benzodioxole",35,0.00617564
"1,3-benzodioxole",30,0.00380454
"1,3-benzodioxole",25,0.00230614
propadiene,160,57.33615918
propadiene,155,54.42616223
propadiene,150,51.42144025
propadiene,145,48.32827975
propadiene,140,45.15121633
propadiene,135,41.89995230
propadiene,130,38.58697252
propadiene,125,35.22635962
propadiene,120,31.83909546
propadiene,115,28.45169482
propadiene,110,25.09572621
propadiene,105,21.81095888
propadiene,100,18.63983338
propadiene,95,15.63215699
propadiene,90,12.83839791
propadiene,85,10.30634371
propadiene,80,8.07536118
propadiene,75,6.16995238
propadiene,70,4.59604252
propadiene,65,3.33954700
propadiene,60,2.36960487
propadiene,55,1.64426011
propadiene,50,1.11744604
propadiene,45,0.74479099
propadiene,40,0.48736852
propadiene,35,0.31333254
propadiene,30,0.19798681
propadiene,25,0.12296159
"1,3,5-trioxane",160,6.84416314
"1,3,5-trioxane",155,5.12070848
"1,3,5-trioxane",150,3.79792568
"1,3,5-trioxane",145,2.79388759
"1,3,5-trioxane",140,2.03913327
"1,3,5-trioxane",135,1.47674377
"1,3,5-trioxane",130,1.06116130
"1,3,5-trioxane",125,0.75653562
"1,3,5-trioxane",120,0.53502796
"1,3,5-trioxane",115,0.37525810
"1,3,5-trioxane",110,0.26096534
"1,3,5-trioxane",105,0.17989366
"1,3,5-trioxane",100,0.12288563
"1,3,5-trioxane",95,0.08315772
"1,3,5-trioxane",90,0.05572847
"1,3,5-trioxane",85,0.03697215
"1,3,5-trioxane",80,0.02427384
"1,3,5-trioxane",75,0.01576537
"1,3,5-trioxane",70,0.01012512
"1,3,5-trioxane",65,0.00642757
"1,3,5-trioxane",60,0.00403140
"1,3,5-trioxane",55,0.00249707
"1,3,5-trioxane",50,0.00152673
"1,3,5-trioxane",45,0.00092094
"1,3,5-trioxane",40,0.00054779
"1,3,5-trioxane",35,0.00032111
"1,3,5-trioxane",30,0.00018540
"1,3,5-trioxane",25,0.00010537
resorcinol,160,11.63099230
resorcinol,155,9.62805013
resorcinol,150,7.92273261
resorcinol,145,6.48447724
resorcinol,140,5.28185691
resorcinol,135,4.28405755
resorcinol,130,3.46198048
resorcinol,125,2.78892681
resorcinol,120,2.24096441
resorcinol,115,1.79705333
resorcinol,110,1.43899656
resorcinol,105,1.15127746
resorcinol,100,0.92082044
resorcinol,95,0.73672457
resorcinol,90,0.58998380
resorcinol,85,0.47321664
resorcinol,80,0.38041515
resorcinol,75,0.30671904
resorcinol,70,0.24821737
resorcinol,65,0.20177770
resorcinol,60,0.16490132
resorcinol,55,0.13560209
resorcinol,50,0.11230623
resorcinol,45,0.09377016
resorcinol,40,0.07901383
resorcinol,35,0.06726693
resorcinol,30,0.05792593
resorcinol,25,0.05052001
"1,3-bis-(triflouromethyl)-benzene",160,1.73730131
"1,3-bis-(triflouromethyl)-benzene",155,1.31815660
"1,3-bis-(triflouromethyl)-benzene",150,0.99487066
"1,3-bis-(triflouromethyl)-benzene",145,0.74666116
"1,3-bis-(triflouromethyl)-benzene",140,0.55704474
"1,3-bis-(triflouromethyl)-benzene",135,0.41297252
"1,3-bis-(triflouromethyl)-benzene",130,0.30414052
"1,3-bis-(triflouromethyl)-benzene",125,0.22243790
"1,3-bis-(triflouromethyl)-benzene",120,0.16150464
"1,3-bis-(triflouromethyl)-benzene",115,0.11637598
"1,3-bis-(triflouromethyl)-benzene",110,0.08319612
"1,3-bis-(triflouromethyl)-benzene",105,0.05898772
"1,3-bis-(triflouromethyl)-benzene",100,0.04146612
"1,3-bis-(triflouromethyl)-benzene",95,0.02889009
"1,3-bis-(triflouromethyl)-benzene",90,0.01994224
"1,3-bis-(triflouromethyl)-benzene",85,0.01363354
"1,3-bis-(triflouromethyl)-benzene",80,0.00922756
"1,3-bis-(triflouromethyl)-benzene",75,0.00618065
"1,3-bis-(triflouromethyl)-benzene",70,0.00409515
"1,3-bis-(triflouromethyl)-benzene",65,0.00268289
"1,3-bis-(triflouromethyl)-benzene",60,0.00173713
"1,3-bis-(triflouromethyl)-benzene",55,0.00111108
"1,3-bis-(triflouromethyl)-benzene",50,0.00070165
"1,3-bis-(triflouromethyl)-benzene",45,0.00043725
"1,3-bis-(triflouromethyl)-benzene",40,0.00026873
"1,3-bis-(triflouromethyl)-benzene",35,0.00016278
"1,3-bis-(triflouromethyl)-benzene",30,0.00009713
"1,3-bis-(triflouromethyl)-benzene",25,0.00005705
butadiene,160,43.32431027
butadiene,155,39.70500028
butadiene,150,36.05467231
butadiene,145,32.40168949
butadiene,140,28.78205460
butadiene,135,25.23476906
butadiene,130,21.80592137
butadiene,125,18.54389303
butadiene,120,15.49774347
butadiene,115,12.71297324
butadiene,110,10.22657684
butadiene,105,8.06268132
butadiene,100,6.22956735
butadiene,95,4.71856594
butadiene,90,3.50625316
butadiene,85,2.55834651
butadiene,80,1.83483422
butadiene,75,1.29471352
butadiene,70,0.89958674
butadiene,65,0.61584379
butadiene,60,0.41555163
butadiene,55,0.27642730
butadiene,50,0.18127040
butadiene,45,0.11715902
butadiene,40,0.07460631
butadiene,35,0.04678632
butadiene,30,0.02887687
butadiene,25,0.01752956
1-chloroprene,160,29.05935980
1-chloroprene,155,25.83438196
1-chloroprene,150,22.73085472
1-chloroprene,145,19.77567751
1-chloroprene,140,16.99471162
1-chloroprene,135,14.41270652
1-chloroprene,130,12.05168979
1-chloroprene,125,9.92855405
1-chloroprene,120,8.05410570
1-chloroprene,115,6.43127017
1-chloroprene,110,5.05472423
1-chloroprene,105,3.91106777
1-chloroprene,100,2.98034379
1-chloroprene,95,2.23792151
1-chloroprene,90,1.65690017
1-chloroprene,85,1.21028362
1-chloroprene,80,0.87267683
1-chloroprene,75,0.62142098
1-chloroprene,70,0.43713720
1-chloroprene,65,0.30382490
1-chloroprene,60,0.20865032
1-chloroprene,55,0.14156882
1-chloroprene,50,0.09488190
1-chloroprene,45,0.06279692
1-chloroprene,40,0.04102671
1-chloroprene,35,0.02644655
1-chloroprene,30,0.01681185
1-chloroprene,25,0.01053293
"1,3-butanediol",160,1.49884826
"1,3-butanediol",155,1.05119402
"1,3-butanediol",150,0.73141173
"1,3-butanediol",145,0.50473373
"1,3-butanediol",140,0.34534887
"1,3-butanediol",135,0.23422423
"1,3-butanediol",130,0.15742589
"1,3-butanediol",125,0.10483191
"1,3-butanediol",120,0.06915050
"1,3-butanediol",115,0.04517535
"1,3-butanediol",110,0.02922396
"1,3-butanediol",105,0.01871717
"1,3-butanediol",100,0.01186703
"1,3-butanediol",95,0.00744704
"1,3-butanediol",90,0.00462492
"1,3-butanediol",85,0.00284213
"1,3-butanediol",80,0.00172798
"1,3-butanediol",75,0.00103925
"1,3-butanediol",70,0.00061817
"1,3-butanediol",65,0.00036360
"1,3-butanediol",60,0.00021143
"1,3-butanediol",55,0.00012151
"1,3-butanediol",50,0.00006900
"1,3-butanediol",45,0.00003870
"1,3-butanediol",40,0.00002144
"1,3-butanediol",35,0.00001172
"1,3-butanediol",30,0.00000632
"1,3-butanediol",25,0.00000336
"1,3-dichloropropane",160,19.62812531
"1,3-dichloropropane",155,16.68794579
"1,3-dichloropropane",150,13.98656660
"1,3-dichloropropane",145,11.54718736
"1,3-dichloropropane",140,9.38552896
"1,3-dichloropropane",135,7.50826250
"1,3-dichloropropane",130,5.91171191
"1,3-dichloropropane",125,4.58241549
"1,3-dichloropropane",120,3.49854354
"1,3-dichloropropane",115,2.63240580
"1,3-dichloropropane",110,1.95332011
"1,3-dichloropropane",105,1.43027572
"1,3-dichloropropane",100,1.03400860
"1,3-dichloropropane",95,0.73835515
"1,3-dichloropropane",90,0.52090715
"1,3-dichloropropane",85,0.36313182
"1,3-dichloropropane",80,0.25013446
"1,3-dichloropropane",75,0.17022793
"1,3-dichloropropane",70,0.11442781
"1,3-dichloropropane",65,0.07595034
"1,3-dichloropropane",60,0.04975568
"1,3-dichloropropane",55,0.03215550
"1,3-dichloropropane",50,0.02048909
"1,3-dichloropropane",45,0.01286390
"1,3-dichloropropane",40,0.00795256
"1,3-dichloropropane",35,0.00483727
"1,3-dichloropropane",30,0.00289270
"1,3-dichloropropane",25,0.00169916
"1,3-dichloro-2-butene",160,18.81164250
"1,3-dichloro-2-butene",155,16.10818947
"1,3-dichloro-2-butene",150,13.62470028
"1,3-dichloro-2-butene",145,11.37560522
"1,3-dichloro-2-butene",140,9.37020877
"1,3-dichloro-2-butene",135,7.61197867
"1,3-dichloro-2-butene",130,6.09744179
"1,3-dichloro-2-butene",125,4.81627236
"1,3-dichloro-2-butene",120,3.75217425
"1,3-dichloro-2-butene",115,2.88416446
"1,3-dichloro-2-butene",110,2.18834703
"1,3-dichloro-2-butene",105,1.63975549
"1,3-dichloro-2-butene",100,1.21397019
"1,3-dichloro-2-butene",95,0.88832945
"1,3-dichloro-2-butene",90,0.64270165
"1,3-dichloro-2-butene",85,0.45983271
"1,3-dichloro-2-butene",80,0.32537480
"1,3-dichloro-2-butene",75,0.22769510
"1,3-dichloro-2-butene",70,0.15756440
"1,3-dichloro-2-butene",65,0.10779697
"1,3-dichloro-2-butene",60,0.07289089
"1,3-dichloro-2-butene",55,0.04869679
"1,3-dichloro-2-butene",50,0.03212931
"1,3-dichloro-2-butene",45,0.02092489
"1,3-dichloro-2-butene",40,0.01344461
"1,3-dichloro-2-butene",35,0.00851715
"1,3-dichloro-2-butene",30,0.00531639
"1,3-dichloro-2-butene",25,0.00326743
"1,3-dichloro-2-propanol",160,11.54520582
"1,3-dichloro-2-propanol",155,9.26191849
"1,3-dichloro-2-propanol",150,7.32502563
"1,3-dichloro-2-propanol",145,5.71453894
"1,3-dichloro-2-propanol",140,4.40062663
"1,3-dichloro-2-propanol",135,3.34743097
"1,3-dichloro-2-propanol",130,2.51683273
"1,3-dichloro-2-propanol",125,1.87146900
"1,3-dichloro-2-propanol",120,1.37684590
"1,3-dichloro-2-propanol",115,1.00252686
"1,3-dichloro-2-propanol",110,0.72259408
"1,3-dichloro-2-propanol",105,0.51559715
"1,3-dichloro-2-propanol",100,0.36419230
"1,3-dichloro-2-propanol",95,0.25462650
"1,3-dichloro-2-propanol",90,0.17617541
"1,3-dichloro-2-propanol",85,0.12059931
"1,3-dichloro-2-propanol",80,0.08165221
"1,3-dichloro-2-propanol",75,0.05465885
"1,3-dichloro-2-propanol",70,0.03616185
"1,3-dichloro-2-propanol",65,0.02363473
"1,3-dichloro-2-propanol",60,0.01525311
"1,3-dichloro-2-propanol",55,0.00971532
"1,3-dichloro-2-propanol",50,0.00610402
"1,3-dichloro-2-propanol",45,0.00378085
"1,3-dichloro-2-propanol",40,0.00230736
"1,3-dichloro-2-propanol",35,0.00138649
"1,3-dichloro-2-propanol",30,0.00081979
"1,3-dichloro-2-propanol",25,0.00047659
dioxolane,160,30.41417075
dioxolane,155,26.86744895
dioxolane,150,23.45734285
dioxolane,145,20.22048984
dioxolane,140,17.19190071
dioxolane,135,14.40341867
dioxolane,130,11.88151621
dioxolane,125,9.64427334
dioxolane,120,7.70005627
dioxolane,115,6.04667737
dioxolane,110,4.67120121
dioxolane,105,3.55173936
dioxolane,100,2.65979949
dioxolane,95,1.96332078
dioxolane,90,1.42959863
dioxolane,85,1.02763223
dioxolane,80,0.72967897
dioxolane,75,0.51204043
dioxolane,70,0.35521891
dioxolane,65,0.24366014
dioxolane,60,0.16526776
dioxolane,55,0.11083431
dioxolane,50,0.07347938
dioxolane,45,0.04814451
dioxolane,40,0.03116522
dioxolane,35,0.01992323
dioxolane,30,0.01257228
dioxolane,25,0.00782723
1-trans-3-pentadiene,160,29.79151816
1-trans-3-pentadiene,155,25.95795010
1-trans-3-pentadiene,150,22.29346879
1-trans-3-pentadiene,145,18.85266930
1-trans-3-pentadiene,140,15.68516419
1-trans-3-pentadiene,135,12.83172424
1-trans-3-pentadiene,130,10.31929911
1-trans-3-pentadiene,125,8.15851113
1-trans-3-pentadiene,120,6.34350901
1-trans-3-pentadiene,115,4.85359012
1-trans-3-pentadiene,110,3.65704084
1-trans-3-pentadiene,105,2.71562663
1-trans-3-pentadiene,100,1.98886415
1-trans-3-pentadiene,95,1.43751735
1-trans-3-pentadiene,90,1.02591218
1-trans-3-pentadiene,85,0.72317830
1-trans-3-pentadiene,80,0.50361603
1-trans-3-pentadiene,75,0.34648912
1-trans-3-pentadiene,70,0.23549118
1-trans-3-pentadiene,65,0.15807499
1-trans-3-pentadiene,60,0.10476573
1-trans-3-pentadiene,55,0.06852805
1-trans-3-pentadiene,50,0.04421829
1-trans-3-pentadiene,45,0.02813070
1-trans-3-pentadiene,40,0.01763342
1-trans-3-pentadiene,35,0.01088366
1-trans-3-pentadiene,30,0.00660961
1-trans-3-pentadiene,25,0.00394631
propanesultone,160,0.07163858
propanesultone,155,0.04999634
propanesultone,150,0.03463194
propanesultone,145,0.02380203
propanesultone,140,0.01622597
propanesultone,135,0.01096818
propanesultone,130,0.00734949
propanesultone,125,0.00488037
propanesultone,120,0.00321067
propanesultone,115,0.00209199
propanesultone,110,0.00134965
propanesultone,105,0.00086188
propanesultone,100,0.00054464
propanesultone,95,0.00034047
propanesultone,90,0.00021048
propanesultone,85,0.00012863
propanesultone,80,0.00007769
propanesultone,75,0.00004636
propanesultone,70,0.00002732
propanesultone,65,0.00001589
propanesultone,60,0.00000913
propanesultone,55,0.00000517
propanesultone,50,0.00000289
propanesultone,45,0.00000159
propanesultone,40,0.00000086
propanesultone,35,0.00000046
propanesultone,30,0.00000024
propanesultone,25,0.00000013
"1,3-propanediol",160,1.23740452
"1,3-propanediol",155,0.86370726
"1,3-propanediol",150,0.59836183
"1,3-propanediol",145,0.41130779
"1,3-propanediol",140,0.28044855
"1,3-propanediol",135,0.18963301
"1,3-propanediol",130,0.12713156
"1,3-propanediol",125,0.08448649
"1,3-propanediol",120,0.05564697
"1,3-propanediol",115,0.03632042
"1,3-propanediol",110,0.02348859
"1,3-propanediol",105,0.01504899
"1,3-propanediol",100,0.00955109
"1,3-propanediol",95,0.00600409
"1,3-propanediol",90,0.00373803
"1,3-propanediol",85,0.00230459
"1,3-propanediol",80,0.00140685
"1,3-propanediol",75,0.00085026
"1,3-propanediol",70,0.00050867
"1,3-propanediol",65,0.00030119
"1,3-propanediol",60,0.00017647
"1,3-propanediol",55,0.00010229
"1,3-propanediol",50,0.00005864
"1,3-propanediol",45,0.00003324
"1,3-propanediol",40,0.00001862
"1,3-propanediol",35,0.00001031
"1,3-propanediol",30,0.00000563
"1,3-propanediol",25,0.00000304
"1,4-butadiol",160,1.14495547
"1,4-butadiol",155,0.80291703
"1,4-butadiol",150,0.55878625
"1,4-butadiol",145,0.38582084
"1,4-butadiol",140,0.26422564
"1,4-butadiol",135,0.17943628
"1,4-butadiol",130,0.12080922
"1,4-butadiol",125,0.08062383
"1,4-butadiol",120,0.05332475
"1,4-butadiol",115,0.03494883
"1,4-butadiol",110,0.02269435
"1,4-butadiol",105,0.01459929
"1,4-butadiol",100,0.00930306
"1,4-butadiol",95,0.00587154
"1,4-butadiol",90,0.00366997
"1,4-butadiol",85,0.00227147
"1,4-butadiol",80,0.00139197
"1,4-butadiol",75,0.00084445
"1,4-butadiol",70,0.00050707
"1,4-butadiol",65,0.00030133
"1,4-butadiol",60,0.00017717
"1,4-butadiol",55,0.00010304
"1,4-butadiol",50,0.00005926
"1,4-butadiol",45,0.00003369
"1,4-butadiol",40,0.00001893
"1,4-butadiol",35,0.00001051
"1,4-butadiol",30,0.00000576
"1,4-butadiol",25,0.00000311
"1,4-dichlorobutane",160,14.87372577
"1,4-dichlorobutane",155,12.31200677
"1,4-dichlorobutane",150,10.04574131
"1,4-dichlorobutane",145,8.07842079
"1,4-dichlorobutane",140,6.40341967
"1,4-dichlorobutane",135,5.00463421
"1,4-dichlorobutane",130,3.85836021
"1,4-dichlorobutane",125,2.93584538
"1,4-dichlorobutane",120,2.20597979
"1,4-dichlorobutane",115,1.63767326
"1,4-dichlorobutane",110,1.20169741
"1,4-dichlorobutane",105,0.87185239
"1,4-dichlorobutane",100,0.62554426
"1,4-dichlorobutane",95,0.44389104
"1,4-dichlorobutane",90,0.31151966
"1,4-dichlorobutane",85,0.21618630
"1,4-dichlorobutane",80,0.14832276
"1,4-dichlorobutane",75,0.10057549
"1,4-dichlorobutane",70,0.06737794
"1,4-dichlorobutane",65,0.04457512
"1,4-dichlorobutane",60,0.02910710
"1,4-dichlorobutane",55,0.01874972
"1,4-dichlorobutane",50,0.01190735
"1,4-dichlorobutane",45,0.00745026
"1,4-dichlorobutane",40,0.00458937
"1,4-dichlorobutane",35,0.00278115
"1,4-dichlorobutane",30,0.00165664
"1,4-dichlorobutane",25,0.00096911
hydroquinone,160,5.80348279
hydroquinone,155,4.56027293
hydroquinone,150,3.56661697
hydroquinone,145,2.77732105
hydroquinone,140,2.15388029
hydroquinone,135,1.66400129
hydroquinone,130,1.28093577
hydroquinone,125,0.98275725
hydroquinone,120,0.75165035
hydroquinone,115,0.57325287
hydroquinone,110,0.43606794
hydroquinone,105,0.33095195
hydroquinone,100,0.25067669
hydroquinone,95,0.18956052
hydroquinone,90,0.14316136
hydroquinone,85,0.10802399
hydroquinone,80,0.08147375
hydroquinone,75,0.06144971
hydroquinone,70,0.04637069
hydroquinone,65,0.03502855
hydroquinone,60,0.02650364
hydroquinone,55,0.02009837
hydroquinone,50,0.01528530
hydroquinone,45,0.01166672
hydroquinone,40,0.00894354
hydroquinone,35,0.00689131
hydroquinone,30,0.00534187
hydroquinone,25,0.00416943
dioxane,160,26.59463816
dioxane,155,23.31598947
dioxane,150,20.20390314
dioxane,145,17.28793656
dioxane,140,14.59456803
dioxane,135,12.14677424
dioxane,130,9.96071137
dioxane,125,8.04464901
dioxane,120,6.39815253
dioxane,115,5.01157491
dioxane,110,3.86735555
dioxane,105,2.94169233
dioxane,100,2.20694592
dioxane,95,1.63410469
dioxane,90,1.19489903
dioxane,85,0.86333254
dioxane,80,0.61660079
dioxane,75,0.43544793
dioxane,70,0.30412057
dioxane,65,0.21006354
dioxane,60,0.14348959
dioxane,55,0.09691288
dioxane,50,0.06470278
dioxane,45,0.04268751
dioxane,40,0.02781903
dioxane,35,0.01789974
dioxane,30,0.01136559
dioxane,25,0.00711755
dioxane,160,26.59463816
dioxane,155,23.31598947
dioxane,150,20.20390314
dioxane,145,17.28793656
dioxane,140,14.59456803
dioxane,135,12.14677424
dioxane,130,9.96071137
dioxane,125,8.04464901
dioxane,120,6.39815253
dioxane,115,5.01157491
dioxane,110,3.86735555
dioxane,105,2.94169233
dioxane,100,2.20694592
dioxane,95,1.63410469
dioxane,90,1.19489903
dioxane,85,0.86333254
dioxane,80,0.61660079
dioxane,75,0.43544793
dioxane,70,0.30412057
dioxane,65,0.21006354
dioxane,60,0.14348959
dioxane,55,0.09691288
dioxane,50,0.06470278
dioxane,45,0.04268751
dioxane,40,0.02781903
dioxane,35,0.01789974
dioxane,30,0.01136559
dioxane,25,0.00711755
"1,4-oxathiane",160,26.08285964
"1,4-oxathiane",155,23.09783565
"1,4-oxathiane",150,20.24940269
"1,4-oxathiane",145,17.55765048
"1,4-oxathiane",140,15.04236076
"1,4-oxathiane",135,12.72155995
"1,4-oxathiane",130,10.61086300
"1,4-oxathiane",125,8.72203644
"1,4-oxathiane",120,7.06122528
"1,4-oxathiane",115,5.62824973
"1,4-oxathiane",110,4.41621118
"1,4-oxathiane",105,3.41162651
"1,4-oxathiane",100,2.59574078
"1,4-oxathiane",95,1.94608240
"1,4-oxathiane",90,1.43848837
"1,4-oxathiane",85,1.04892601
"1,4-oxathiane",80,0.75491205
"1,4-oxathiane",75,0.53645885
"1,4-oxathiane",70,0.37651637
"1,4-oxathiane",65,0.26103524
"1,4-oxathiane",60,0.17876590
"1,4-oxathiane",55,0.12091749
"1,4-oxathiane",50,0.08076297
"1,4-oxathiane",45,0.05324892
"1,4-oxathiane",40,0.03464200
"1,4-oxathiane",35,0.02222656
"1,4-oxathiane",30,0.01405630
"1,4-oxathiane",25,0.00875633
"1,5-dichloro-pentane",160,11.34114846
"1,5-dichloro-pentane",155,9.19879743
"1,5-dichloro-pentane",150,7.36349287
"1,5-dichloro-pentane",145,5.81892760
"1,5-dichloro-pentane",140,4.54132187
"1,5-dichloro-pentane",135,3.50189615
"1,5-dichloro-pentane",130,2.66936910
"1,5-dichloro-pentane",125,2.01226556
"1,5-dichloro-pentane",120,1.50069000
"1,5-dichloro-pentane",115,1.10750226
"1,5-dichloro-pentane",110,0.80895257
"1,5-dichloro-pentane",105,0.58487119
"1,5-dichloro-pentane",100,0.41855149
"1,5-dichloro-pentane",95,0.29644459
"1,5-dichloro-pentane",90,0.20776106
"1,5-dichloro-pentane",85,0.14404547
"1,5-dichloro-pentane",80,0.09876677
"1,5-dichloro-pentane",75,0.06694738
"1,5-dichloro-pentane",70,0.04484152
"1,5-dichloro-pentane",65,0.02966485
"1,5-dichloro-pentane",60,0.01937266
"1,5-dichloro-pentane",55,0.01248165
"1,5-dichloro-pentane",50,0.00792904
"1,5-dichloro-pentane",45,0.00496300
"1,5-dichloro-pentane",40,0.00305866
"1,5-dichloro-pentane",35,0.00185459
"1,5-dichloro-pentane",30,0.00110545
"1,5-dichloro-pentane",25,0.00064717
"1,8-cineole",160,3.23933286
"1,8-cineole",155,2.48078602
"1,8-cineole",150,1.88772862
"1,8-cineole",145,1.42709860
"1,8-cineole",140,1.07167217
"1,8-cineole",135,0.79924326
"1,8-cineole",130,0.59184723
"1,8-cineole",125,0.43506026
"1,8-cineole",120,0.31738491
"1,8-cineole",115,0.22972116
"1,8-cineole",110,0.16491792
"1,8-cineole",105,0.11739637
"1,8-cineole",100,0.08283673
"1,8-cineole",95,0.05791987
"1,8-cineole",90,0.04011589
"1,8-cineole",85,0.02751253
"1,8-cineole",80,0.01867683
"1,8-cineole",75,0.01254469
"1,8-cineole",70,0.00833331
"1,8-cineole",65,0.00547247
"1,8-cineole",60,0.00355106
"1,8-cineole",55,0.00227576
"1,8-cineole",50,0.00143969
"1,8-cineole",45,0.00089857
"1,8-cineole",40,0.00055301
"1,8-cineole",35,0.00033539
"1,8-cineole",30,0.00020032
"1,8-cineole",25,0.00011776
1-9-nonanediol,160,0.94638944
1-9-nonanediol,155,0.67143529
1-9-nonanediol,150,0.47195717
1-9-nonanediol,145,0.32853869
1-9-nonanediol,140,0.22640185
1-9-nonanediol,135,0.15438703
1-9-nonanediol,130,0.10413851
1-9-nonanediol,125,0.06945741
1-9-nonanediol,120,0.04579035
1-9-nonanediol,115,0.02982795
1-9-nonanediol,110,0.01919182
1-9-nonanediol,105,0.01219285
1-9-nonanediol,100,0.00764618
1-9-nonanediol,95,0.00473141
1-9-nonanediol,90,0.00288801
1-9-nonanediol,85,0.00173830
1-9-nonanediol,80,0.00103138
1-9-nonanediol,75,0.00060302
1-9-nonanediol,70,0.00034730
1-9-nonanediol,65,0.00019695
1-9-nonanediol,60,0.00010993
1-9-nonanediol,55,0.00006037
1-9-nonanediol,50,0.00003260
1-9-nonanediol,45,0.00001731
1-9-nonanediol,40,0.00000902
1-9-nonanediol,35,0.00000462
1-9-nonanediol,30,0.00000232
1-9-nonanediol,25,0.00000114
1-aminocyclopropanecarboxylicacid,160,1.19655206
1-aminocyclopropanecarboxylicacid,155,0.87618516
1-aminocyclopropanecarboxylicacid,150,0.63777986
1-aminocyclopropanecarboxylicacid,145,0.46127821
1-aminocyclopropanecarboxylicacid,140,0.33135526
1-aminocyclopropanecarboxylicacid,135,0.23631788
1-aminocyclopropanecarboxylicacid,130,0.16726782
1-aminocyclopropanecarboxylicacid,125,0.11745966
1-aminocyclopropanecarboxylicacid,120,0.08180441
1-aminocyclopropanecarboxylicacid,115,0.05648453
1-aminocyclopropanecarboxylicacid,110,0.03865457
1-aminocyclopropanecarboxylicacid,105,0.02620860
1-aminocyclopropanecarboxylicacid,100,0.01759986
1-aminocyclopropanecarboxylicacid,95,0.01170160
1-aminocyclopropanecarboxylicacid,90,0.00770009
1-aminocyclopropanecarboxylicacid,85,0.00501303
1-aminocyclopropanecarboxylicacid,80,0.00322769
1-aminocyclopropanecarboxylicacid,75,0.00205446
1-aminocyclopropanecarboxylicacid,70,0.00129222
1-aminocyclopropanecarboxylicacid,65,0.00080283
1-aminocyclopropanecarboxylicacid,60,0.00049244
1-aminocyclopropanecarboxylicacid,55,0.00029808
1-aminocyclopropanecarboxylicacid,50,0.00017796
1-aminocyclopropanecarboxylicacid,45,0.00010474
1-aminocyclopropanecarboxylicacid,40,0.00006074
1-aminocyclopropanecarboxylicacid,35,0.00003468
1-aminocyclopropanecarboxylicacid,30,0.00001949
1-aminocyclopropanecarboxylicacid,25,0.00001077
1-bromonaphthalene,160,8.54549248
1-bromonaphthalene,155,6.97718906
1-bromonaphthalene,150,5.63497857
1-bromonaphthalene,145,4.50201692
1-bromonaphthalene,140,3.55871543
1-bromonaphthalene,135,2.78385204
1-bromonaphthalene,130,2.15562444
1-bromonaphthalene,125,1.65265835
1-bromonaphthalene,120,1.25479854
1-bromonaphthalene,115,0.94368285
1-bromonaphthalene,110,0.70306291
1-bromonaphthalene,105,0.51892720
1-bromonaphthalene,100,0.37945670
1-bromonaphthalene,95,0.27487338
1-bromonaphthalene,90,0.19722496
1-bromonaphthalene,85,0.14014200
1-bromonaphthalene,80,0.09859324
1-bromonaphthalene,75,0.06865491
1-bromonaphthalene,70,0.04730366
1-bromonaphthalene,65,0.03223669
1-bromonaphthalene,60,0.02171974
1-bromonaphthalene,55,0.01446123
1-bromonaphthalene,50,0.00951007
1-bromonaphthalene,45,0.00617381
1-bromonaphthalene,40,0.00395422
1-bromonaphthalene,35,0.00249708
1-bromonaphthalene,30,0.00155373
1-bromonaphthalene,25,0.00095188
1-bromopropane,160,27.90821101
1-bromopropane,155,25.32656470
1-bromopropane,150,22.83720994
1-bromopropane,145,20.44715151
1-bromopropane,140,18.16394659
1-bromopropane,135,15.99604452
1-bromopropane,130,13.95010127
1-bromopropane,125,12.03619104
1-bromopropane,120,10.26237759
1-bromopropane,115,8.63708852
1-bromopropane,110,7.16717803
1-bromopropane,105,5.85772852
1-bromopropane,100,4.71102856
1-bromopropane,95,3.72567886
1-bromopropane,90,2.89611970
1-bromopropane,85,2.21262381
1-bromopropane,80,1.66171212
1-bromopropane,75,1.22728525
1-bromopropane,70,0.89190338
1-bromopropane,65,0.63816563
1-bromopropane,60,0.44981598
1-bromopropane,55,0.31247524
1-bromopropane,50,0.21399540
1-bromopropane,45,0.14449663
1-bromopropane,40,0.09619672
1-bromopropane,35,0.06312911
1-bromopropane,30,0.04082463
1-bromopropane,25,0.02600401
butanethiol,160,27.66496481
butanethiol,155,24.45132234
butanethiol,150,21.38014652
butanethiol,145,18.47801753
butanethiol,140,15.77088488
butanethiol,135,13.28169561
butanethiol,130,11.02878269
butanethiol,125,9.02476043
butanethiol,120,7.27473455
butanethiol,115,5.77583739
butanethiol,110,4.51713137
butanethiol,105,3.48084519
butanethiol,100,2.64404007
butanethiol,95,1.98077446
butanethiol,90,1.46425156
butanethiol,85,1.06862090
butanethiol,80,0.77025745
butanethiol,75,0.54850707
butanethiol,70,0.38595706
butanethiol,65,0.26836705
butanethiol,60,0.18438459
butanethiol,55,0.12515553
butanethiol,50,0.08390493
butanethiol,45,0.05553684
butanethiol,40,0.03627781
butanethiol,35,0.02337470
butanethiol,30,0.01484726
butanethiol,25,0.00929105
1-butanol,160,9.40639331
1-butanol,155,6.88472639
1-butanol,150,4.95331873
1-butanol,145,3.50946404
1-butanol,140,2.45190397
1-butanol,135,1.69075607
1-butanol,130,1.15137648
1-butanol,125,0.77453264
1-butanol,120,0.51474183
1-butanol,115,0.33794608
1-butanol,110,0.21915584
1-butanol,105,0.14035181
1-butanol,100,0.08874334
1-butanol,95,0.05538447
1-butanol,90,0.03410737
1-butanol,85,0.02071972
1-butanol,80,0.01241244
1-butanol,75,0.00733036
1-butanol,70,0.00426616
1-butanol,65,0.00244589
1-butanol,60,0.00138088
1-butanol,55,0.00076739
1-butanol,50,0.00041959
1-butanol,45,0.00022562
1-butanol,40,0.00011925
1-butanol,35,0.00006191
1-butanol,30,0.00003156
1-butanol,25,0.00001578
1-butene,160,26.22332200
1-butene,155,21.82544405
1-butene,150,17.80963177
1-butene,145,14.25266292
1-butene,140,11.19531489
1-butene,135,8.64115913
1-butene,130,6.56240811
1-butene,125,4.90976993
1-butene,120,3.62291601
1-butene,115,2.63912081
1-butene,110,1.89919962
1-butene,105,1.35083684
1-butene,100,0.94990336
1-butene,95,0.66046213
1-butene,90,0.45403809
1-butene,85,0.30856268
1-butene,80,0.20724692
1-butene,75,0.13752334
1-butene,70,0.09012128
1-butene,65,0.05829518
1-butene,60,0.03720146
1-butene,55,0.02340746
1-butene,50,0.01451240
1-butene,45,0.00885966
1-butene,40,0.00532192
1-butene,35,0.00314306
1-butene,30,0.00182349
1-butene,25,0.00103831
1-chloropentane,160,9.15058410
1-chloropentane,155,7.15320975
1-chloropentane,150,5.52975666
1-chloropentane,145,4.23029578
1-chloropentane,140,3.20432791
1-chloropentane,135,2.40425910
1-chloropentane,130,1.78739063
1-chloropentane,125,1.31678017
1-chloropentane,120,0.96134120
1-chloropentane,115,0.69548428
1-chloropentane,110,0.49852136
1-chloropentane,105,0.35398058
1-chloropentane,100,0.24892142
1-chloropentane,95,0.17330014
1-chloropentane,90,0.11940901
1-chloropentane,85,0.08139680
1-chloropentane,80,0.05486863
1-chloropentane,75,0.03655835
1-chloropentane,70,0.02406461
1-chloropentane,65,0.01564119
1-chloropentane,60,0.01003258
1-chloropentane,55,0.00634666
1-chloropentane,50,0.00395719
1-chloropentane,45,0.00243019
1-chloropentane,40,0.00146889
1-chloropentane,35,0.00087316
1-chloropentane,30,0.00051003
1-chloropentane,25,0.00029249
1-chloro-1-nitroethane,160,18.97510805
1-chloro-1-nitroethane,155,16.01109320
1-chloro-1-nitroethane,150,13.31382464
1-chloro-1-nitroethane,145,10.90481853
1-chloro-1-nitroethane,140,8.79583845
1-chloro-1-nitroethane,135,6.98719967
1-chloro-1-nitroethane,130,5.46813658
1-chloro-1-nitroethane,125,4.21812496
1-chloro-1-nitroethane,120,3.20948307
1-chloro-1-nitroethane,115,2.41046901
1-chloro-1-nitroethane,110,1.78824173
1-chloro-1-nitroethane,105,1.31123949
1-chloro-1-nitroethane,100,0.95080807
1-chloro-1-nitroethane,95,0.68206425
1-chloro-1-nitroethane,90,0.48415935
1-chloro-1-nitroethane,85,0.34012322
1-chloro-1-nitroethane,80,0.23646902
1-chloro-1-nitroethane,75,0.16269120
1-chloro-1-nitroethane,70,0.11074663
1-chloro-1-nitroethane,65,0.07457042
1-chloro-1-nitroethane,60,0.04965212
1-chloro-1-nitroethane,55,0.03268029
1-chloro-1-nitroethane,50,0.02125355
1-chloro-1-nitroethane,45,0.01365135
1-chloro-1-nitroethane,40,0.00865570
1-chloro-1-nitroethane,35,0.00541472
1-chloro-1-nitroethane,30,0.00334000
1-chloro-1-nitroethane,25,0.00203023
1-chloro-1-nitropropane,160,16.34847188
1-chloro-1-nitropropane,155,13.72648842
1-chloro-1-nitropropane,150,11.37501013
1-chloro-1-nitropropane,145,9.30152763
1-chloro-1-nitropropane,140,7.50481231
1-chloro-1-nitropropane,135,5.97548941
1-chloro-1-nitropropane,130,4.69669256
1-chloro-1-nitropropane,125,3.64572871
1-chloro-1-nitropropane,120,2.79623317
1-chloro-1-nitropropane,115,2.12026924
1-chloro-1-nitropropane,110,1.59022627
1-chloro-1-nitropropane,105,1.18024383
1-chloro-1-nitropropane,100,0.86713789
1-chloro-1-nitropropane,95,0.63084824
1-chloro-1-nitropropane,90,0.45452371
1-chloro-1-nitropropane,85,0.32435226
1-chloro-1-nitropropane,80,0.22924633
1-chloro-1-nitropropane,75,0.16046326
1-chloro-1-nitropropane,70,0.11121658
1-chloro-1-nitropropane,65,0.07631173
1-chloro-1-nitropropane,60,0.05182330
1-chloro-1-nitropropane,55,0.03482048
1-chloro-1-nitropropane,50,0.02314015
1-chloro-1-nitropropane,45,0.01520368
1-chloro-1-nitropropane,40,0.00987178
1-chloro-1-nitropropane,35,0.00633148
1-chloro-1-nitropropane,30,0.00400924
1-chloro-1-nitropropane,25,0.00250516
1-chloro-2-ethoxybenzene,160,11.26445259
1-chloro-2-ethoxybenzene,155,9.24340886
1-chloro-2-ethoxybenzene,150,7.49370041
1-chloro-2-ethoxybenzene,145,6.00265991
1-chloro-2-ethoxybenzene,140,4.75182940
1-chloro-2-ethoxybenzene,135,3.71853959
1-chloro-2-ethoxybenzene,130,2.87754253
1-chloro-2-ethoxybenzene,125,2.20270958
1-chloro-2-ethoxybenzene,120,1.66845960
1-chloro-2-ethoxybenzene,115,1.25087294
1-chloro-2-ethoxybenzene,110,0.92840079
1-chloro-2-ethoxybenzene,105,0.68223737
1-chloro-2-ethoxybenzene,100,0.49639924
1-chloro-2-ethoxybenzene,95,0.35760677
1-chloro-2-ethoxybenzene,90,0.25504099
1-chloro-2-ethoxybenzene,85,0.18003784
1-chloro-2-ethoxybenzene,80,0.12576484
1-chloro-2-ethoxybenzene,75,0.08690856
1-chloro-2-ethoxybenzene,70,0.05939040
1-chloro-2-ethoxybenzene,65,0.04011814
1-chloro-2-ethoxybenzene,60,0.02677540
1-chloro-2-ethoxybenzene,55,0.01764742
1-chloro-2-ethoxybenzene,50,0.01147986
1-chloro-2-ethoxybenzene,45,0.00736617
1-chloro-2-ethoxybenzene,40,0.00465926
1-chloro-2-ethoxybenzene,35,0.00290310
1-chloro-2-ethoxybenzene,30,0.00178055
1-chloro-2-ethoxybenzene,25,0.00107410
1-chloro-2-ethylbenzene,160,9.35638797
1-chloro-2-ethylbenzene,155,7.48144757
1-chloro-2-ethylbenzene,150,5.91397362
1-chloro-2-ethylbenzene,145,4.62374827
1-chloro-2-ethylbenzene,140,3.57707789
1-chloro-2-ethylbenzene,135,2.73943068
1-chloro-2-ethylbenzene,130,2.07748266
1-chloro-2-ethylbenzene,125,1.56052826
1-chloro-2-ethylbenzene,120,1.16128033
1-chloro-2-ethylbenzene,115,0.85619016
1-chloro-2-ethylbenzene,110,0.62542051
1-chloro-2-ethylbenzene,105,0.45259613
1-chloro-2-ethylbenzene,100,0.32443289
1-chloro-2-ethylbenzene,95,0.23031699
1-chloro-2-ethylbenzene,90,0.16188324
1-chloro-2-ethylbenzene,85,0.11262081
1-chloro-2-ethylbenzene,80,0.07752156
1-chloro-2-ethylbenzene,75,0.05277659
1-chloro-2-ethylbenzene,70,0.03552102
1-chloro-2-ethylbenzene,65,0.02362373
1-chloro-2-ethylbenzene,60,0.01551698
1-chloro-2-ethylbenzene,55,0.01006056
1-chloro-2-ethylbenzene,50,0.00643481
1-chloro-2-ethylbenzene,45,0.00405765
1-chloro-2-ethylbenzene,40,0.00252083
1-chloro-2-ethylbenzene,35,0.00154182
1-chloro-2-ethylbenzene,30,0.00092769
1-chloro-2-ethylbenzene,25,0.00054866
1-chloro-2-methyl-1-propene,160,19.65222575
1-chloro-2-methyl-1-propene,155,16.40463068
1-chloro-2-methyl-1-propene,150,13.48075280
1-chloro-2-methyl-1-propene,145,10.90468500
1-chloro-2-methyl-1-propene,140,8.68464960
1-chloro-2-methyl-1-propene,135,6.81271912
1-chloro-2-methyl-1-propene,130,5.26727306
1-chloro-2-methyl-1-propene,125,4.01657255
1-chloro-2-methyl-1-propene,120,3.02303406
1-chloro-2-methyl-1-propene,115,2.24717432
1-chloro-2-methyl-1-propene,110,1.65075212
1-chloro-2-methyl-1-propene,105,1.19885745
1-chloro-2-methyl-1-propene,100,0.86104099
1-chloro-2-methyl-1-propene,95,0.61167719
1-chloro-2-methyl-1-propene,90,0.42981370
1-chloro-2-methyl-1-propene,85,0.29872134
1-chloro-2-methyl-1-propene,80,0.20530813
1-chloro-2-methyl-1-propene,75,0.13950458
1-chloro-2-methyl-1-propene,70,0.09368481
1-chloro-2-methyl-1-propene,65,0.06215494
1-chloro-2-methyl-1-propene,60,0.04072017
1-chloro-2-methyl-1-propene,55,0.02632990
1-chloro-2-methyl-1-propene,50,0.01679386
1-chloro-2-methyl-1-propene,45,0.01055962
1-chloro-2-methyl-1-propene,40,0.00654117
1-chloro-2-methyl-1-propene,35,0.00398900
1-chloro-2-methyl-1-propene,30,0.00239301
1-chloro-2-methyl-1-propene,25,0.00141104
1-chloro-4-ethoxybenzene,160,10.57474401
1-chloro-4-ethoxybenzene,155,8.63141052
1-chloro-4-ethoxybenzene,150,6.96286724
1-chloro-4-ethoxybenzene,145,5.55222095
1-chloro-4-ethoxybenzene,140,4.37759043
1-chloro-4-ethoxybenzene,135,3.41374904
1-chloro-4-ethoxybenzene,130,2.63392401
1-chloro-4-ethoxybenzene,125,2.01135882
1-chloro-4-ethoxybenzene,120,1.52058961
1-chloro-4-ethoxybenzene,115,1.13832583
1-chloro-4-ethoxybenzene,110,0.84395242
1-chloro-4-ethoxybenzene,105,0.61972382
1-chloro-4-ethoxybenzene,100,0.45071943
1-chloro-4-ethoxybenzene,95,0.32464557
1-chloro-4-ethoxybenzene,90,0.23155025
1-chloro-4-ethoxybenzene,85,0.16350215
1-chloro-4-ethoxybenzene,80,0.11426911
1-chloro-4-ethoxybenzene,75,0.07901744
1-chloro-4-ethoxybenzene,70,0.05404378
1-chloro-4-ethoxybenzene,65,0.03654409
1-chloro-4-ethoxybenzene,60,0.02441955
1-chloro-4-ethoxybenzene,55,0.01611720
1-chloro-4-ethoxybenzene,50,0.01050113
1-chloro-4-ethoxybenzene,45,0.00675028
1-chloro-4-ethoxybenzene,40,0.00427831
1-chloro-4-ethoxybenzene,35,0.00267174
1-chloro-4-ethoxybenzene,30,0.00164274
1-chloro-4-ethoxybenzene,25,0.00099372
1-chlorobutane,160,16.08711782
1-chlorobutane,155,13.09547228
1-chlorobutane,150,10.49616428
1-chlorobutane,145,8.28777646
1-chlorobutane,140,6.45128798
1-chlorobutane,135,4.95441822
1-chlorobutane,130,3.75672751
1-chlorobutane,125,2.81448941
1-chlorobutane,120,2.08456091
1-chlorobutane,115,1.52703271
1-chlorobutane,110,1.10670967
1-chlorobutane,105,0.79367932
1-chlorobutane,100,0.56325267
1-chlorobutane,95,0.39553218
1-chlorobutane,90,0.27479760
1-chlorobutane,85,0.18883959
1-chlorobutane,80,0.12831801
1-chlorobutane,75,0.08618564
1-chlorobutane,70,0.05719380
1-chlorobutane,65,0.03748192
1-chlorobutane,60,0.02424514
1-chlorobutane,55,0.01547065
1-chlorobutane,50,0.00973207
1-chlorobutane,45,0.00603152
1-chlorobutane,40,0.00368013
1-chlorobutane,35,0.00220894
1-chlorobutane,30,0.00130327
1-chlorobutane,25,0.00075516
1-chlorohexane,160,5.28936922
1-chlorohexane,155,4.05094211
1-chlorohexane,150,3.07776422
1-chlorohexane,145,2.32014073
1-chlorohexane,140,1.73545725
1-chlorohexane,135,1.28799480
1-chlorohexane,130,0.94833676
1-chlorohexane,125,0.69259804
1-chlorohexane,120,0.50161561
1-chlorohexane,115,0.36017670
1-chlorohexane,110,0.25632059
1-chlorohexane,105,0.18072991
1-chlorohexane,100,0.12621137
1-chlorohexane,95,0.08726107
1-chlorohexane,90,0.05970581
1-chlorohexane,85,0.04041065
1-chlorohexane,80,0.02704306
1-chlorohexane,75,0.01788473
1-chlorohexane,70,0.01168283
1-chlorohexane,65,0.00753378
1-chlorohexane,60,0.00479315
1-chlorohexane,55,0.00300680
1-chlorohexane,50,0.00185855
1-chlorohexane,45,0.00113117
1-chlorohexane,40,0.00067739
1-chlorohexane,35,0.00039881
1-chlorohexane,30,0.00023064
1-chlorohexane,25,0.00013091
1-chloronaphthalene,160,11.45428069
1-chloronaphthalene,155,9.45025430
1-chloronaphthalene,150,7.70489186
1-chloronaphthalene,145,6.20780738
1-chloronaphthalene,140,4.94324799
1-chloronaphthalene,135,3.89118894
1-chloronaphthalene,130,3.02880865
1-chloronaphthalene,125,2.33193821
1-chloronaphthalene,120,1.77645185
1-chloronaphthalene,115,1.33937323
1-chloronaphthalene,110,0.99967599
1-chloronaphthalene,105,0.73874328
1-chloronaphthalene,100,0.54055424
1-chloronaphthalene,95,0.39164961
1-chloronaphthalene,90,0.28095533
1-chloronaphthalene,85,0.19952419
1-chloronaphthalene,80,0.14024304
1-chloronaphthalene,75,0.09753870
1-chloronaphthalene,70,0.06710280
1-chloronaphthalene,65,0.04564655
1-chloronaphthalene,60,0.03068975
1-chloronaphthalene,55,0.02038409
1-chloronaphthalene,50,0.01336831
1-chloronaphthalene,45,0.00865177
1-chloronaphthalene,40,0.00552220
1-chloronaphthalene,35,0.00347388
1-chloronaphthalene,30,0.00215232
1-chloronaphthalene,25,0.00131239
1-chloro-1-propene,160,31.31792737
1-chloro-1-propene,155,27.79580926
1-chloro-1-propene,150,24.37967957
1-chloro-1-propene,145,21.10630354
1-chloro-1-propene,140,18.01418056
1-chloro-1-propene,135,15.14034374
1-chloro-1-propene,130,12.51842279
1-chloro-1-propene,125,10.17453623
1-chloro-1-propene,120,8.12490648
1-chloro-1-propene,115,6.37387876
1-chloro-1-propene,110,4.91309040
1-chloro-1-propene,105,3.72299151
1-chloro-1-propene,100,2.77537073
1-chloro-1-propene,95,2.03700454
1-chloro-1-propene,90,1.47318150
1-chloro-1-propene,85,1.05057180
1-chloro-1-propene,80,0.73918233
1-chloro-1-propene,75,0.51334665
1-chloro-1-propene,70,0.35196933
1-chloro-1-propene,65,0.23826675
1-chloro-1-propene,60,0.15923963
1-chloro-1-propene,55,0.10504502
1-chloro-1-propene,50,0.06837458
1-chloro-1-propene,45,0.04389595
1-chloro-1-propene,40,0.02778069
1-chloro-1-propene,35,0.01732191
1-chloro-1-propene,30,0.01063401
1-chloro-1-propene,25,0.00642292
1-decanol,160,1.59046921
1-decanol,155,1.16141589
1-decanol,150,0.84063214
1-decanol,145,0.60284909
1-decanol,140,0.42816993
1-decanol,135,0.30105363
1-decanol,130,0.20946119
1-decanol,125,0.14414689
1-decanol,120,0.09807488
1-decanol,115,0.06594314
1-decanol,110,0.04379748
1-decanol,105,0.02872132
1-decanol,100,0.01858846
1-decanol,95,0.01186787
1-decanol,90,0.00747134
1-decanol,85,0.00463577
1-decanol,80,0.00283363
1-decanol,75,0.00170551
1-decanol,70,0.00101028
1-decanol,65,0.00058868
1-decanol,60,0.00033724
1-decanol,55,0.00018983
1-decanol,50,0.00010493
1-decanol,45,0.00005692
1-decanol,40,0.00003028
1-decanol,35,0.00001578
1-decanol,30,0.00000806
1-decanol,25,0.00000402
1-decene,160,0.89774790
1-decene,155,0.66606363
1-decene,150,0.49096900
1-decene,145,0.35940231
1-decene,140,0.26116461
1-decene,135,0.18831155
1-decene,130,0.13467702
1-decene,125,0.09549686
1-decene,120,0.06711002
1-decene,115,0.04672068
1-decene,110,0.03220854
1-decene,105,0.02197779
1-decene,100,0.01483721
1-decene,95,0.00990540
1-decene,90,0.00653627
1-decene,85,0.00426092
1-decene,80,0.00274257
1-decene,75,0.00174199
1-decene,70,0.00109121
1-decene,65,0.00067370
1-decene,60,0.00040967
1-decene,55,0.00024518
1-decene,50,0.00014432
1-decene,45,0.00008348
1-decene,40,0.00004741
1-decene,35,0.00002641
1-decene,30,0.00001442
1-decene,25,0.00000771
1-heptanol,160,3.38130048
1-heptanol,155,2.45724035
1-heptanol,150,1.76773864
1-heptanol,145,1.25887051
1-heptanol,140,0.88730299
1-heptanol,135,0.61885598
1-heptanol,130,0.42698007
1-heptanol,125,0.29132814
1-heptanol,120,0.19649852
1-heptanol,115,0.13097134
1-heptanol,110,0.08623172
1-heptanol,105,0.05606124
1-heptanol,100,0.03597432
1-heptanol,95,0.02277637
1-heptanol,90,0.01422212
1-heptanol,85,0.00875499
1-heptanol,80,0.00531101
1-heptanol,75,0.00317354
1-heptanol,70,0.00186708
1-heptanol,65,0.00108102
1-heptanol,60,0.00061566
1-heptanol,55,0.00034472
1-heptanol,50,0.00018965
1-heptanol,45,0.00010246
1-heptanol,40,0.00005433
1-heptanol,35,0.00002825
1-heptanol,30,0.00001439
1-heptanol,25,0.00000718
1-heptene,160,3.16214533
1-heptene,155,2.36667195
1-heptene,150,1.76006416
1-heptene,145,1.30021225
1-heptene,140,0.95377469
1-heptene,135,0.69449016
1-heptene,130,0.50178009
1-heptene,125,0.35960186
1-heptene,120,0.25551820
1-heptene,115,0.17994473
1-heptene,110,0.12554374
1-heptene,105,0.08673719
1-heptene,100,0.05931701
1-heptene,95,0.04013459
1-heptene,90,0.02685454
1-heptene,85,0.01776072
1-heptene,80,0.01160436
1-heptene,75,0.00748621
1-heptene,70,0.00476577
1-heptene,65,0.00299207
1-heptene,60,0.00185139
1-heptene,55,0.00112828
1-heptene,50,0.00067673
1-heptene,45,0.00039917
1-heptene,40,0.00023136
1-heptene,35,0.00013166
1-heptene,30,0.00007349
1-heptene,25,0.00004020
1-hexanol,160,4.63242228
1-hexanol,155,3.36631123
1-hexanol,150,2.41874409
1-hexanol,145,1.71890316
1-hexanol,140,1.20832706
1-hexanol,135,0.84017347
1-hexanol,130,0.57774606
1-hexanol,125,0.39281444
1-hexanol,120,0.26399544
1-hexanol,115,0.17531740
1-hexanol,110,0.11500705
1-hexanol,105,0.07449718
1-hexanol,100,0.04763349
1-hexanol,95,0.03005249
1-hexanol,90,0.01870164
1-hexanol,85,0.01147475
1-hexanol,80,0.00693906
1-hexanol,75,0.00413404
1-hexanol,70,0.00242541
1-hexanol,65,0.00140069
1-hexanol,60,0.00079587
1-hexanol,55,0.00044470
1-hexanol,50,0.00024423
1-hexanol,45,0.00013176
1-hexanol,40,0.00006979
1-hexanol,35,0.00003627
1-hexanol,30,0.00001848
1-hexanol,25,0.00000922
1-hexene,160,5.87694576
1-hexene,155,4.43848385
1-hexene,150,3.32660961
1-hexene,145,2.47453444
1-hexene,140,1.82679559
1-hexene,135,1.33821968
1-hexene,130,0.97255027
1-hexene,125,0.70101537
1-hexene,120,0.50100300
1-hexene,115,0.35489770
1-hexene,110,0.24909056
1-hexene,105,0.17315437
1-hexene,100,0.11916611
1-hexene,95,0.08115711
1-hexene,90,0.05467093
1-hexene,85,0.03641108
1-hexene,80,0.02396285
1-hexene,75,0.01557541
1-hexene,70,0.00999292
1-hexene,65,0.00632471
1-hexene,60,0.00394648
1-hexene,55,0.00242613
1-hexene,50,0.00146840
1-hexene,45,0.00087434
1-hexene,40,0.00051177
1-hexene,35,0.00029421
1-hexene,30,0.00016597
1-hexene,25,0.00009179
"1-methoxy-1,3-butadiene",160,28.26446973
"1-methoxy-1,3-butadiene",155,24.85469149
"1-methoxy-1,3-butadiene",150,21.59036789
"1-methoxy-1,3-butadiene",145,18.50681630
"1-methoxy-1,3-butadiene",140,15.63845011
"1-methoxy-1,3-butadiene",135,13.01533569
"1-methoxy-1,3-butadiene",130,10.66145840
"1-methoxy-1,3-butadiene",125,8.59167458
"1-methoxy-1,3-butadiene",120,6.81031292
"1-methoxy-1,3-butadiene",115,5.31041042
"1-methoxy-1,3-butadiene",110,4.07494640
"1-methoxy-1,3-butadiene",105,3.07881465
"1-methoxy-1,3-butadiene",100,2.29188582
"1-methoxy-1,3-butadiene",95,1.68205553
"1-methoxy-1,3-butadiene",90,1.21783844
"1-methoxy-1,3-butadiene",85,0.87028135
"1-methoxy-1,3-butadiene",80,0.61405644
"1-methoxy-1,3-butadiene",75,0.42788753
"1-methoxy-1,3-butadiene",70,0.29447880
"1-methoxy-1,3-butadiene",65,0.20014852
"1-methoxy-1,3-butadiene",60,0.13432032
"1-methoxy-1,3-butadiene",55,0.08897987
"1-methoxy-1,3-butadiene",50,0.05816078
"1-methoxy-1,3-butadiene",45,0.03749277
"1-methoxy-1,3-butadiene",40,0.02382322
"1-methoxy-1,3-butadiene",35,0.01491129
"1-methoxy-1,3-butadiene",30,0.00918731
"1-methoxy-1,3-butadiene",25,0.00556785
1-methoxy-2-nitrobenzene,160,7.45842013
1-methoxy-2-nitrobenzene,155,5.87448190
1-methoxy-2-nitrobenzene,150,4.57730591
1-methoxy-2-nitrobenzene,145,3.53010767
1-methoxy-2-nitrobenzene,140,2.69584686
1-methoxy-2-nitrobenzene,135,2.03932897
1-methoxy-2-nitrobenzene,130,1.52854948
1-methoxy-2-nitrobenzene,125,1.13539395
1-methoxy-2-nitrobenzene,120,0.83584209
1-methoxy-2-nitrobenzene,115,0.60983540
1-methoxy-2-nitrobenzene,110,0.44094017
1-methoxy-2-nitrobenzene,105,0.31591099
1-methoxy-2-nitrobenzene,100,0.22422402
1-methoxy-2-nitrobenzene,95,0.15762457
1-methoxy-2-nitrobenzene,90,0.10971406
1-methoxy-2-nitrobenzene,85,0.07558778
1-methoxy-2-nitrobenzene,80,0.05152637
1-methoxy-2-nitrobenzene,75,0.03473909
1-methoxy-2-nitrobenzene,70,0.02315397
1-methoxy-2-nitrobenzene,65,0.01524906
1-methoxy-2-nitrobenzene,60,0.00991857
1-methoxy-2-nitrobenzene,55,0.00636803
1-methoxy-2-nitrobenzene,50,0.00403328
1-methoxy-2-nitrobenzene,45,0.00251848
1-methoxy-2-nitrobenzene,40,0.00154939
1-methoxy-2-nitrobenzene,35,0.00093845
1-methoxy-2-nitrobenzene,30,0.00055921
1-methoxy-2-nitrobenzene,25,0.00032756
1-methylcyclohexanol,160,4.72010508
1-methylcyclohexanol,155,3.46604345
1-methylcyclohexanol,150,2.51807250
1-methylcyclohexanol,145,1.81028937
1-methylcyclohexanol,140,1.28788714
1-methylcyclohexanol,135,0.90656048
1-methylcyclohexanol,130,0.63124573
1-methylcyclohexanol,125,0.43465488
1-methylcyclohexanol,120,0.29585256
1-methylcyclohexanol,115,0.19898339
1-methylcyclohexanol,110,0.13218626
1-methylcyclohexanol,105,0.08669531
1-methylcyclohexanol,100,0.05611170
1-methylcyclohexanol,95,0.03582340
1-methylcyclohexanol,90,0.02254975
1-methylcyclohexanol,85,0.01398885
1-methylcyclohexanol,80,0.00854851
1-methylcyclohexanol,75,0.00514359
1-methylcyclohexanol,70,0.00304581
1-methylcyclohexanol,65,0.00177414
1-methylcyclohexanol,60,0.00101601
1-methylcyclohexanol,55,0.00057175
1-methylcyclohexanol,50,0.00031598
1-methylcyclohexanol,45,0.00017139
1-methylcyclohexanol,40,0.00009118
1-methylcyclohexanol,35,0.00004755
1-methylcyclohexanol,30,0.00002428
1-methylcyclohexanol,25,0.00001214
1-methylimidazol,160,26.58472323
1-methylimidazol,155,23.23675401
1-methylimidazol,150,20.06742207
1-methylimidazol,145,17.10749188
1-methylimidazol,140,14.38404826
1-methylimidazol,135,11.91881828
1-methylimidazol,130,9.72696908
1-methylimidazol,125,7.81511624
1-methylimidazol,120,6.18075611
1-methylimidazol,115,4.81208441
1-methylimidazol,110,3.68937239
1-methylimidazol,105,2.78686967
1-methylimidazol,100,2.07532942
1-methylimidazol,95,1.52453373
1-methylimidazol,90,1.10541102
1-methylimidazol,85,0.79152538
1-methylimidazol,80,0.55992002
1-methylimidazol,75,0.39139448
1-methylimidazol,70,0.27038381
1-methylimidazol,65,0.18459467
1-methylimidazol,60,0.12453058
1-methylimidazol,55,0.08299531
1-methylimidazol,50,0.05462808
1-methylimidazol,45,0.03549717
1-methylimidazol,40,0.02276082
1-methylimidazol,35,0.01439370
1-methylimidazol,30,0.00897214
1-methylimidazol,25,0.00550915
1-methylnaphthalene,160,13.39851440
1-methylnaphthalene,155,11.12509967
1-methylnaphthalene,150,9.12365164
1-methylnaphthalene,145,7.38959110
1-methylnaphthalene,140,5.91142881
1-methylnaphthalene,135,4.67165974
1-methylnaphthalene,130,3.64821930
1-methylnaphthalene,125,2.81622921
1-methylnaphthalene,120,2.14973987
1-methylnaphthalene,115,1.62321954
1-methylnaphthalene,110,1.21272591
1-methylnaphthalene,105,0.89667041
1-methylnaphthalene,100,0.65621048
1-methylnaphthalene,95,0.47534895
1-methylnaphthalene,90,0.34081879
1-methylnaphthalene,85,0.24183775
1-methylnaphthalene,80,0.16979693
1-methylnaphthalene,75,0.11793069
1-methylnaphthalene,70,0.08099793
1-methylnaphthalene,65,0.05499267
1-methylnaphthalene,60,0.03689181
1-methylnaphthalene,55,0.02444206
1-methylnaphthalene,50,0.01598435
1-methylnaphthalene,45,0.01031211
1-methylnaphthalene,40,0.00655875
1-methylnaphthalene,35,0.00410977
1-methylnaphthalene,30,0.00253524
1-methylnaphthalene,25,0.00153845
2-methoxy-1-propene,160,31.22364151
2-methoxy-1-propene,155,27.56367836
2-methoxy-1-propene,150,24.02458264
2-methoxy-1-propene,145,20.65047104
2-methoxy-1-propene,140,17.48494068
2-methoxy-1-propene,135,14.56931057
2-methoxy-1-propene,130,11.93755639
2-methoxy-1-propene,125,9.61338226
2-methoxy-1-propene,120,7.60766110
2-methoxy-1-propene,115,5.91706202
2-methoxy-1-propene,110,4.52522947
2-methoxy-1-propene,105,3.40517869
2-methoxy-1-propene,100,2.52312450
2-methoxy-1-propene,95,1.84238099
2-methoxy-1-propene,90,1.32669985
2-methoxy-1-propene,85,0.94270278
2-methoxy-1-propene,80,0.66126103
2-methoxy-1-propene,75,0.45801786
2-methoxy-1-propene,70,0.31329131
2-methoxy-1-propene,65,0.21161753
2-methoxy-1-propene,60,0.14112892
2-methoxy-1-propene,55,0.09290001
2-methoxy-1-propene,50,0.06033675
2-methoxy-1-propene,45,0.03864629
2-methoxy-1-propene,40,0.02439793
2-methoxy-1-propene,35,0.01517214
2-methoxy-1-propene,30,0.00928730
2-methoxy-1-propene,25,0.00559182
1-naphthol,160,27.62047649
1-naphthol,155,25.58379065
1-naphthol,150,23.66763066
1-naphthol,145,21.86914331
1-naphthol,140,20.18862555
1-naphthol,135,18.62463775
1-naphthol,130,17.17492981
1-naphthol,125,15.83632474
1-naphthol,120,14.60744285
1-naphthol,115,13.48394225
1-naphthol,110,12.46222080
1-naphthol,105,11.53840375
1-naphthol,100,10.70735326
1-naphthol,95,9.96568799
1-naphthol,90,9.30887094
1-naphthol,85,8.73244185
1-naphthol,80,8.23228942
1-naphthol,75,7.80454202
1-naphthol,70,7.44578219
1-naphthol,65,7.15284414
1-naphthol,60,6.92280947
1-naphthol,55,6.75370426
1-naphthol,50,6.64346426
1-naphthol,45,6.59079847
1-naphthol,40,6.59504063
1-naphthol,35,6.65497505
1-naphthol,30,6.76984445
1-naphthol,25,6.93915824
1-nitropropane,160,20.48676876
1-nitropropane,155,17.11707725
1-nitropropane,150,14.06357986
1-nitropropane,145,11.35929138
1-nitropropane,140,9.02056921
1-nitropropane,135,7.04581815
1-nitropropane,130,5.41678598
1-nitropropane,125,4.10234950
1-nitropropane,120,3.06334899
1-nitropropane,115,2.25738419
1-nitropropane,110,1.64279935
1-nitropropane,105,1.18138798
1-nitropropane,100,0.83988009
1-nitropropane,95,0.59044033
1-nitropropane,90,0.41050771
1-nitropropane,85,0.28225963
1-nitropropane,80,0.19191334
1-nitropropane,75,0.12900182
1-nitropropane,70,0.08570203
1-nitropropane,65,0.05625116
1-nitropropane,60,0.03646123
1-nitropropane,55,0.02332824
1-nitropropane,50,0.01472494
1-nitropropane,45,0.00916422
1-nitropropane,40,0.00562003
1-nitropropane,35,0.00339385
1-nitropropane,30,0.00201673
1-nitropropane,25,0.00117835
1-nonanol,160,1.97422153
1-nonanol,155,1.43873103
1-nonanol,150,1.03900542
1-nonanol,145,0.74330057
1-nonanol,140,0.52657280
1-nonanol,135,0.36925670
1-nonanol,130,0.25621024
1-nonanol,125,0.17582505
1-nonanol,120,0.11928805
1-nonanol,115,0.07997597
1-nonanol,110,0.05296420
1-nonanol,105,0.03463215
1-nonanol,100,0.02234929
1-nonanol,95,0.01422814
1-nonanol,90,0.00893188
1-nonanol,85,0.00552658
1-nonanol,80,0.00336894
1-nonanol,75,0.00202234
1-nonanol,70,0.00119489
1-nonanol,65,0.00069454
1-nonanol,60,0.00039695
1-nonanol,55,0.00022294
1-nonanol,50,0.00012298
1-nonanol,45,0.00006658
1-nonanol,40,0.00003536
1-nonanol,35,0.00001840
1-nonanol,30,0.00000938
1-nonanol,25,0.00000468
1-nonene,160,1.25433486
1-nonene,155,0.93225914
1-nonene,150,0.68850594
1-nonene,145,0.50504991
1-nonene,140,0.36781661
1-nonene,135,0.26583880
1-nonene,130,0.19059767
1-nonene,125,0.13550399
1-nonene,120,0.09548698
1-nonene,115,0.06666743
1-nonene,110,0.04609746
1-nonene,105,0.03155331
1-nonene,100,0.02137088
1-nonene,95,0.01431549
1-nonene,90,0.00947950
1-nonene,85,0.00620209
1-nonene,80,0.00400712
1-nonene,75,0.00255518
1-nonene,70,0.00160713
1-nonene,65,0.00099643
1-nonene,60,0.00060858
1-nonene,55,0.00036590
1-nonene,50,0.00021640
1-nonene,45,0.00012579
1-nonene,40,0.00007181
1-nonene,35,0.00004022
1-nonene,30,0.00002208
1-nonene,25,0.00001187
1-octanol,160,2.55650663
1-octanol,155,1.86073942
1-octanol,150,1.34157424
1-octanol,145,0.95793370
1-octanol,140,0.67720608
1-octanol,135,0.47383196
1-octanol,130,0.32800929
1-octanol,125,0.22456273
1-octanol,120,0.15198655
1-octanol,115,0.10165093
1-octanol,110,0.06715484
1-octanol,105,0.04380496
1-octanol,100,0.02820127
1-octanol,95,0.01791149
1-octanol,90,0.01121837
1-octanol,85,0.00692592
1-octanol,80,0.00421295
1-octanol,75,0.00252383
1-octanol,70,0.00148833
1-octanol,65,0.00086357
1-octanol,60,0.00049275
1-octanol,55,0.00027635
1-octanol,50,0.00015224
1-octanol,45,0.00008234
1-octanol,40,0.00004369
1-octanol,35,0.00002273
1-octanol,30,0.00001158
1-octanol,25,0.00000578
octene,160,1.91923738
octene,155,1.43052925
octene,150,1.05965704
octene,145,0.77974157
octene,140,0.56973392
octene,135,0.41319175
octene,130,0.29731242
octene,125,0.21216817
octene,120,0.15009840
octene,115,0.10522554
octene,110,0.07306889
octene,105,0.05023684
octene,100,0.03418194
octene,95,0.02300673
octene,90,0.01531042
octene,85,0.01006874
octene,80,0.00654017
octene,75,0.00419360
octene,70,0.00265288
octene,65,0.00165466
octene,60,0.00101690
octene,55,0.00061536
octene,50,0.00036638
octene,45,0.00021447
octene,40,0.00012333
octene,35,0.00006960
octene,30,0.00003852
octene,25,0.00002088
1-pentanol,160,6.44988045
1-pentanol,155,4.69007224
1-pentanol,150,3.36511170
1-pentanol,145,2.38450979
1-pentanol,140,1.66961973
1-pentanol,135,1.15552363
1-pentanol,130,0.79053406
1-pentanol,125,0.53458684
1-pentanol,120,0.35727580
1-pentanol,115,0.23592759
1-pentanol,110,0.15389546
1-pentanol,105,0.09913209
1-pentanol,100,0.06303841
1-pentanol,95,0.03955982
1-pentanol,90,0.02449137
1-pentanol,85,0.01495303
1-pentanol,80,0.00900008
1-pentanol,75,0.00533830
1-pentanol,70,0.00311911
1-pentanol,65,0.00179455
1-pentanol,60,0.00101622
1-pentanol,55,0.00056615
1-pentanol,50,0.00031015
1-pentanol,45,0.00016699
1-pentanol,40,0.00008831
1-pentanol,35,0.00004585
1-pentanol,30,0.00002335
1-pentanol,25,0.00001166
pentene,160,12.07722760
pentene,155,9.35377201
pentene,150,7.15524359
pentene,145,5.41227767
pentene,140,4.05157407
pentene,135,3.00336515
pentene,130,2.20540580
pentene,125,1.60450676
pentene,120,1.15659546
pentene,115,0.82598723
pentene,110,0.58430973
pentene,105,0.40934150
pentene,100,0.28390337
pentene,95,0.19487016
pentene,90,0.13232427
pentene,85,0.08885172
pentene,80,0.05896870
pentene,75,0.03866241
pentene,70,0.02502855
pentene,65,0.01598874
pentene,60,0.01007306
pentene,55,0.00625458
pentene,50,0.00382497
pentene,45,0.00230215
pentene,40,0.00136264
pentene,35,0.00079253
pentene,30,0.00045253
pentene,25,0.00025345
1-propanethiol,160,37.26385726
1-propanethiol,155,34.11190070
1-propanethiol,150,30.99851932
1-propanethiol,145,27.94092381
1-propanethiol,140,24.95925155
1-propanethiol,135,22.07273461
1-propanethiol,130,19.30555190
1-propanethiol,125,16.68003851
1-propanethiol,120,14.22024121
1-propanethiol,115,11.94833683
1-propanethiol,110,9.88397925
1-propanethiol,105,8.04232624
1-propanethiol,100,6.43211098
1-propanethiol,95,5.05437189
1-propanethiol,90,3.90202597
1-propanethiol,85,2.96015411
1-propanethiol,80,2.20775067
1-propanethiol,75,1.61984091
1-propanethiol,70,1.16999681
1-propanethiol,65,0.83248938
1-propanethiol,60,0.58384817
1-propanethiol,55,0.40376647
1-propanethiol,50,0.27540880
1-propanethiol,45,0.18530081
1-propanethiol,40,0.12296844
1-propanethiol,35,0.08046901
1-propanethiol,30,0.05190727
1-propanethiol,25,0.03299049
propanol,160,13.63828284
propanol,155,10.10739242
propanol,150,7.32095091
propanol,145,5.19720413
propanol,140,3.62499120
propanol,135,2.48891329
propanol,130,1.68452314
propanol,125,1.12488262
propanol,120,0.74155164
propanol,115,0.48272931
propanol,110,0.31033827
propanol,105,0.19702476
propanol,100,0.12351127
propanol,95,0.07643887
propanol,90,0.04669270
propanol,85,0.02814521
propanol,80,0.01673658
propanol,75,0.00981552
propanol,70,0.00567565
propanol,65,0.00323472
propanol,60,0.00181647
propanol,55,0.00100470
propanol,50,0.00054713
propanol,45,0.00029322
propanol,40,0.00015459
propanol,35,0.00008013
propanol,30,0.00004081
propanol,25,0.00002041
1-tetradecene,160,0.34084329
1-tetradecene,155,0.25142882
1-tetradecene,150,0.18416947
1-tetradecene,145,0.13390399
1-tetradecene,140,0.09659986
1-tetradecene,135,0.06911963
1-tetradecene,130,0.04903452
1-tetradecene,125,0.03447543
1-tetradecene,120,0.02401333
1-tetradecene,115,0.01656354
1-tetradecene,110,0.01130911
1-tetradecene,105,0.00763990
1-tetradecene,100,0.00510426
1-tetradecene,95,0.00337097
1-tetradecene,90,0.00219956
1-tetradecene,85,0.00141725
1-tetradecene,80,0.00090125
1-tetradecene,75,0.00056530
1-tetradecene,70,0.00034952
1-tetradecene,65,0.00021288
1-tetradecene,60,0.00012764
1-tetradecene,55,0.00007528
1-tetradecene,50,0.00004364
1-tetradecene,45,0.00002485
1-tetradecene,40,0.00001388
1-tetradecene,35,0.00000760
1-tetradecene,30,0.00000408
1-tetradecene,25,0.00000214
tetrathiafulvalene,160,13.61690836
tetrathiafulvalene,155,11.74132861
tetrathiafulvalene,150,10.03982009
tetrathiafulvalene,145,8.51019348
tetrathiafulvalene,140,7.14834075
tetrathiafulvalene,135,5.94831081
tetrathiafulvalene,130,4.90255672
tetrathiafulvalene,125,4.00173009
tetrathiafulvalene,120,3.23486717
tetrathiafulvalene,115,2.58988711
tetrathiafulvalene,110,2.05392427
tetrathiafulvalene,105,1.61380088
tetrathiafulvalene,100,1.25654104
tetrathiafulvalene,95,0.96976574
tetrathiafulvalene,90,0.74202751
tetrathiafulvalene,85,0.56301975
tetrathiafulvalene,80,0.42369049
tetrathiafulvalene,75,0.31626204
tetrathiafulvalene,70,0.23417938
tetrathiafulvalene,65,0.17201330
tetrathiafulvalene,60,0.12533566
tetrathiafulvalene,55,0.09058449
tetrathiafulvalene,50,0.06493044
tetrathiafulvalene,45,0.04615190
tetrathiafulvalene,40,0.03252319
tetrathiafulvalene,35,0.02271748
tetrathiafulvalene,30,0.01572454
tetrathiafulvalene,25,0.01078256
"2,2,2-trifluoroethanol",160,7.53661090
"2,2,2-trifluoroethanol",155,5.62913555
"2,2,2-trifluoroethanol",150,4.17008967
"2,2,2-trifluoroethanol",145,3.06767599
"2,2,2-trifluoroethanol",140,2.24251650
"2,2,2-trifluoroethanol",135,1.62959669
"2,2,2-trifluoroethanol",130,1.17736435
"2,2,2-trifluoroethanol",125,0.84575361
"2,2,2-trifluoroethanol",120,0.60404414
"2,2,2-trifluoroethanol",115,0.42890705
"2,2,2-trifluoroethanol",110,0.30276289
"2,2,2-trifluoroethanol",105,0.21245403
"2,2,2-trifluoroethanol",100,0.14819509
"2,2,2-trifluoroethanol",95,0.10275422
"2,2,2-trifluoroethanol",90,0.07082077
"2,2,2-trifluoroethanol",85,0.04852013
"2,2,2-trifluoroethanol",80,0.03304424
"2,2,2-trifluoroethanol",75,0.02237175
"2,2,2-trifluoroethanol",70,0.01505767
"2,2,2-trifluoroethanol",65,0.01007618
"2,2,2-trifluoroethanol",60,0.00670416
"2,2,2-trifluoroethanol",55,0.00443542
"2,2,2-trifluoroethanol",50,0.00291809
"2,2,2-trifluoroethanol",45,0.00190929
"2,2,2-trifluoroethanol",40,0.00124245
"2,2,2-trifluoroethanol",35,0.00080419
"2,2,2-trifluoroethanol",30,0.00051776
"2,2,2-trifluoroethanol",25,0.00033160
"2,2,4-trimethylpentane",160,0.45892478
"2,2,4-trimethylpentane",155,0.33291670
"2,2,4-trimethylpentane",150,0.23980294
"2,2,4-trimethylpentane",145,0.17142507
"2,2,4-trimethylpentane",140,0.12155803
"2,2,4-trimethylpentane",135,0.08546319
"2,2,4-trimethylpentane",130,0.05954734
"2,2,4-trimethylpentane",125,0.04109952
"2,2,4-trimethylpentane",120,0.02808697
"2,2,4-trimethylpentane",115,0.01899621
"2,2,4-trimethylpentane",110,0.01270920
"2,2,4-trimethylpentane",105,0.00840713
"2,2,4-trimethylpentane",100,0.00549588
"2,2,4-trimethylpentane",95,0.00354860
"2,2,4-trimethylpentane",90,0.00226188
"2,2,4-trimethylpentane",85,0.00142241
"2,2,4-trimethylpentane",80,0.00088197
"2,2,4-trimethylpentane",75,0.00053887
"2,2,4-trimethylpentane",70,0.00032421
"2,2,4-trimethylpentane",65,0.00019193
"2,2,4-trimethylpentane",60,0.00011172
"2,2,4-trimethylpentane",55,0.00006389
"2,2,4-trimethylpentane",50,0.00003586
"2,2,4-trimethylpentane",45,0.00001974
"2,2,4-trimethylpentane",40,0.00001065
"2,2,4-trimethylpentane",35,0.00000562
"2,2,4-trimethylpentane",30,0.00000290
"2,2,4-trimethylpentane",25,0.00000146
"2,2-dimethyl-1-propanol",160,9.11985941
"2,2-dimethyl-1-propanol",155,6.80721132
"2,2-dimethyl-1-propanol",150,5.00218839
"2,2-dimethyl-1-propanol",145,3.62372462
"2,2-dimethyl-1-propanol",140,2.59056110
"2,2-dimethyl-1-propanol",135,1.82881859
"2,2-dimethyl-1-propanol",130,1.27543484
"2,2-dimethyl-1-propanol",125,0.87888666
"2,2-dimethyl-1-propanol",120,0.59840758
"2,2-dimethyl-1-propanol",115,0.40253121
"2,2-dimethyl-1-propanol",110,0.26745480
"2,2-dimethyl-1-propanol",105,0.17548195
"2,2-dimethyl-1-propanol",100,0.11366063
"2,2-dimethyl-1-propanol",95,0.07264988
"2,2-dimethyl-1-propanol",90,0.04580890
"2,2-dimethyl-1-propanol",85,0.02848337
"2,2-dimethyl-1-propanol",80,0.01745784
"2,2-dimethyl-1-propanol",75,0.01054322
"2,2-dimethyl-1-propanol",70,0.00627134
"2,2-dimethyl-1-propanol",65,0.00367252
"2,2-dimethyl-1-propanol",60,0.00211637
"2,2-dimethyl-1-propanol",55,0.00119960
"2,2-dimethyl-1-propanol",50,0.00066847
"2,2-dimethyl-1-propanol",45,0.00036601
"2,2-dimethyl-1-propanol",40,0.00019680
"2,2-dimethyl-1-propanol",35,0.00010385
"2,2-dimethyl-1-propanol",30,0.00005375
"2,2-dimethyl-1-propanol",25,0.00002726
benzofuran,160,20.34728338
benzofuran,155,17.57012205
benzofuran,150,14.99807634
benzofuran,145,12.64736069
benzofuran,140,10.52949187
benzofuran,135,8.65068549
benzofuran,130,7.01147479
benzofuran,125,5.60572056
benzofuran,120,4.42125351
benzofuran,115,3.44077290
benzofuran,110,2.64310233
benzofuran,105,2.00495406
benzofuran,100,1.50251882
benzofuran,95,1.11286495
benzofuran,90,0.81494074
benzofuran,85,0.59018417
benzofuran,80,0.42276627
benzofuran,75,0.29956666
benzofuran,70,0.20996786
benzofuran,65,0.14555384
benzofuran,60,0.09977326
benzofuran,55,0.06760814
benzofuran,50,0.04527125
benzofuran,45,0.02994342
benzofuran,40,0.01955359
benzofuran,35,0.01259985
benzofuran,30,0.00800684
benzofuran,25,0.00501458
"2,3-dichlorobuta-1,3-diene",160,12.73856898
"2,3-dichlorobuta-1,3-diene",155,10.36241839
"2,3-dichlorobuta-1,3-diene",150,8.31858925
"2,3-dichlorobuta-1,3-diene",145,6.59264961
"2,3-dichlorobuta-1,3-diene",140,5.16071753
"2,3-dichlorobuta-1,3-diene",135,3.99245823
"2,3-dichlorobuta-1,3-diene",130,3.05413143
"2,3-dichlorobuta-1,3-diene",125,2.31136398
"2,3-dichlorobuta-1,3-diene",120,1.73127306
"2,3-dichlorobuta-1,3-diene",115,1.28387188
"2,3-dichlorobuta-1,3-diene",110,0.94283534
"2,3-dichlorobuta-1,3-diene",105,0.68574759
"2,3-dichlorobuta-1,3-diene",100,0.49399531
"2,3-dichlorobuta-1,3-diene",95,0.35244411
"2,3-dichlorobuta-1,3-diene",90,0.24900761
"2,3-dichlorobuta-1,3-diene",85,0.17418336
"2,3-dichlorobuta-1,3-diene",80,0.12060446
"2,3-dichlorobuta-1,3-diene",75,0.08263248
"2,3-dichlorobuta-1,3-diene",70,0.05600364
"2,3-dichlorobuta-1,3-diene",65,0.03753084
"2,3-dichlorobuta-1,3-diene",60,0.02485867
"2,3-dichlorobuta-1,3-diene",55,0.01626592
"2,3-dichlorobuta-1,3-diene",50,0.01050917
"2,3-dichlorobuta-1,3-diene",45,0.00670050
"2,3-dichlorobuta-1,3-diene",40,0.00421347
"2,3-dichlorobuta-1,3-diene",35,0.00261152
"2,3-dichlorobuta-1,3-diene",30,0.00159432
"2,3-dichlorobuta-1,3-diene",25,0.00095802
"2,3-dichloro-1-propanol",160,10.92078529
"2,3-dichloro-1-propanol",155,8.70099666
"2,3-dichloro-1-propanol",150,6.83445454
"2,3-dichloro-1-propanol",145,5.29604698
"2,3-dichloro-1-propanol",140,4.05165448
"2,3-dichloro-1-propanol",135,3.06236366
"2,3-dichloro-1-propanol",130,2.28825211
"2,3-dichloro-1-propanol",125,1.69123669
"2,3-dichloro-1-propanol",120,1.23689965
"2,3-dichloro-1-propanol",115,0.89539578
"2,3-dichloro-1-propanol",110,0.64167565
"2,3-dichloro-1-propanol",105,0.45526018
"2,3-dichloro-1-propanol",100,0.31976574
"2,3-dichloro-1-propanol",95,0.22232286
"2,3-dichloro-1-propanol",90,0.15298224
"2,3-dichloro-1-propanol",85,0.10416103
"2,3-dichloro-1-propanol",80,0.07015544
"2,3-dichloro-1-propanol",75,0.04672815
"2,3-dichloro-1-propanol",70,0.03076901
"2,3-dichloro-1-propanol",65,0.02002218
"2,3-dichloro-1-propanol",60,0.01287082
"2,3-dichloro-1-propanol",55,0.00817000
"2,3-dichloro-1-propanol",50,0.00511886
"2,3-dichloro-1-propanol",45,0.00316418
"2,3-dichloro-1-propanol",40,0.00192875
"2,3-dichloro-1-propanol",35,0.00115877
"2,3-dichloro-1-propanol",30,0.00068577
"2,3-dichloro-1-propanol",25,0.00039955
"2,3-dichloro-1-propene",160,25.76752443
"2,3-dichloro-1-propene",155,22.91113043
"2,3-dichloro-1-propene",150,20.18612078
"2,3-dichloro-1-propene",145,17.60825470
"2,3-dichloro-1-propene",140,15.19324456
"2,3-dichloro-1-propene",135,12.95584792
"2,3-dichloro-1-propene",130,10.90900069
"2,3-dichloro-1-propene",125,9.06297433
"2,3-dichloro-1-propene",120,7.42382926
"2,3-dichloro-1-propene",115,5.99307138
"2,3-dichloro-1-propene",110,4.76668796
"2,3-dichloro-1-propene",105,3.73523304
"2,3-dichloro-1-propene",100,2.88422913
"2,3-dichloro-1-propene",95,2.19541631
"2,3-dichloro-1-propene",90,1.64812710
"2,3-dichloro-1-propene",85,1.22091889
"2,3-dichloro-1-propene",80,0.89297362
"2,3-dichloro-1-propene",75,0.64513427
"2,3-dichloro-1-propene",70,0.46055685
"2,3-dichloro-1-propene",65,0.32497312
"2,3-dichloro-1-propene",60,0.22667244
"2,3-dichloro-1-propene",55,0.15629332
"2,3-dichloro-1-propene",50,0.10651898
"2,3-dichloro-1-propene",45,0.07174119
"2,3-dichloro-1-propene",40,0.04773487
"2,3-dichloro-1-propene",35,0.03136635
"2,3-dichloro-1-propene",30,0.02034498
"2,3-dichloro-1-propene",25,0.01301938
"2,4,6-tribromo-phenol",160,5.38952801
"2,4,6-tribromo-phenol",155,4.49455871
"2,4,6-tribromo-phenol",150,3.73305361
"2,4,6-tribromo-phenol",145,3.08892614
"2,4,6-tribromo-phenol",140,2.54718145
"2,4,6-tribromo-phenol",135,2.09405586
"2,4,6-tribromo-phenol",130,1.71702501
"2,4,6-tribromo-phenol",125,1.40485559
"2,4,6-tribromo-phenol",120,1.14757573
"2,4,6-tribromo-phenol",115,0.93643054
"2,4,6-tribromo-phenol",110,0.76380963
"2,4,6-tribromo-phenol",105,0.62316919
"2,4,6-tribromo-phenol",100,0.50893001
"2,4,6-tribromo-phenol",95,0.41637806
"2,4,6-tribromo-phenol",90,0.34156245
"2,4,6-tribromo-phenol",85,0.28119664
"2,4,6-tribromo-phenol",80,0.23256544
"2,4,6-tribromo-phenol",75,0.19344069
"2,4,6-tribromo-phenol",70,0.16200390
"2,4,6-tribromo-phenol",65,0.13678012
"2,4,6-tribromo-phenol",60,0.11657972
"2,4,6-tribromo-phenol",55,0.10044901
"2,4,6-tribromo-phenol",50,0.08762900
"2,4,6-tribromo-phenol",45,0.07752128
"2,4,6-tribromo-phenol",40,0.06966072
"2,4,6-tribromo-phenol",35,0.06369407
"2,4,6-tribromo-phenol",30,0.05936434
"2,4,6-tribromo-phenol",25,0.05650067
"2,4,6-trichlorophenol",160,12.05848989
"2,4,6-trichlorophenol",155,10.45441075
"2,4,6-trichlorophenol",150,9.02821113
"2,4,6-trichlorophenol",145,7.76797643
"2,4,6-trichlorophenol",140,6.66126324
"2,4,6-trichlorophenol",135,5.69523947
"2,4,6-trichlorophenol",130,4.85695697
"2,4,6-trichlorophenol",125,4.13371695
"2,4,6-trichlorophenol",120,3.51320722
"2,4,6-trichlorophenol",115,2.98359760
"2,4,6-trichlorophenol",110,2.53381071
"2,4,6-trichlorophenol",105,2.15355869
"2,4,6-trichlorophenol",100,1.83347994
"2,4,6-trichlorophenol",95,1.56512713
"2,4,6-trichlorophenol",90,1.34098561
"2,4,6-trichlorophenol",85,1.15446591
"2,4,6-trichlorophenol",80,0.99983489
"2,4,6-trichlorophenol",75,0.87217778
"2,4,6-trichlorophenol",70,0.76732575
"2,4,6-trichlorophenol",65,0.68178697
"2,4,6-trichlorophenol",60,0.61267937
"2,4,6-trichlorophenol",55,0.55766923
"2,4,6-trichlorophenol",50,0.51491869
"2,4,6-trichlorophenol",45,0.48304531
"2,4,6-trichlorophenol",40,0.46109621
"2,4,6-trichlorophenol",35,0.44853993
"2,4,6-trichlorophenol",30,0.44527923
"2,4,6-trichlorophenol",25,0.45168858
"2,4-dichloroaniline",160,22.45286032
"2,4-dichloroaniline",155,20.21891280
"2,4-dichloroaniline",150,18.10379766
"2,4-dichloroaniline",145,16.11002570
"2,4-dichloroaniline",140,14.24089313
"2,4-dichloroaniline",135,12.49881924
"2,4-dichloroaniline",130,10.88559716
"2,4-dichloroaniline",125,9.40268428
"2,4-dichloroaniline",120,8.05084464
"2,4-dichloroaniline",115,6.82963132
"2,4-dichloroaniline",110,5.73749645
"2,4-dichloroaniline",105,4.77159492
"2,4-dichloroaniline",100,3.92732544
"2,4-dichloroaniline",95,3.19848232
"2,4-dichloroaniline",90,2.57745462
"2,4-dichloroaniline",85,2.05525170
"2,4-dichloroaniline",80,1.62195808
"2,4-dichloroaniline",75,1.26715611
"2,4-dichloroaniline",70,0.98032474
"2,4-dichloroaniline",65,0.75128921
"2,4-dichloroaniline",60,0.57054287
"2,4-dichloroaniline",55,0.42948827
"2,4-dichloroaniline",50,0.32056497
"2,4-dichloroaniline",45,0.23729122
"2,4-dichloroaniline",40,0.17422982
"2,4-dichloroaniline",35,0.12690813
"2,4-dichloroaniline",30,0.09170873
"2,4-dichloroaniline",25,0.06574965
"2,4-dichlorophenol",160,16.34431012
"2,4-dichlorophenol",155,14.31272653
"2,4-dichlorophenol",150,12.46217557
"2,4-dichlorophenol",145,10.78899796
"2,4-dichlorophenol",140,9.28697579
"2,4-dichlorophenol",135,7.94917563
"2,4-dichlorophenol",130,6.76671937
"2,4-dichlorophenol",125,5.72982276
"2,4-dichlorophenol",120,4.82759848
"2,4-dichlorophenol",115,4.04867261
"2,4-dichlorophenol",110,3.38129801
"2,4-dichlorophenol",105,2.81363425
"2,4-dichlorophenol",100,2.33408721
"2,4-dichlorophenol",95,1.93158949
"2,4-dichlorophenol",90,1.59574332
"2,4-dichlorophenol",85,1.31700066
"2,4-dichlorophenol",80,1.08672959
"2,4-dichlorophenol",75,0.89727044
"2,4-dichlorophenol",70,0.74192288
"2,4-dichlorophenol",65,0.61490050
"2,4-dichlorophenol",60,0.51127195
"2,4-dichlorophenol",55,0.42687456
"2,4-dichlorophenol",50,0.35822875
"2,4-dichlorophenol",45,0.30244991
"2,4-dichlorophenol",40,0.25716420
"2,4-dichlorophenol",35,0.22043096
"2,4-dichlorophenol",30,0.19067345
"2,4-dichlorophenol",25,0.16661828
"2,4-difluoro-1-nitrobenzene",160,8.68682650
"2,4-difluoro-1-nitrobenzene",155,6.94186457
"2,4-difluoro-1-nitrobenzene",150,5.48459627
"2,4-difluoro-1-nitrobenzene",145,4.28631591
"2,4-difluoro-1-nitrobenzene",140,3.31521530
"2,4-difluoro-1-nitrobenzene",135,2.53879944
"2,4-difluoro-1-nitrobenzene",130,1.92578480
"2,4-difluoro-1-nitrobenzene",125,1.44739868
"2,4-difluoro-1-nitrobenzene",120,1.07812808
"2,4-difluoro-1-nitrobenzene",115,0.79600745
"2,4-difluoro-1-nitrobenzene",110,0.58257975
"2,4-difluoro-1-nitrobenzene",105,0.42264805
"2,4-difluoro-1-nitrobenzene",100,0.30391485
"2,4-difluoro-1-nitrobenzene",95,0.21657712
"2,4-difluoro-1-nitrobenzene",90,0.15292400
"2,4-difluoro-1-nitrobenzene",85,0.10696345
"2,4-difluoro-1-nitrobenzene",80,0.07409139
"2,4-difluoro-1-nitrobenzene",75,0.05080795
"2,4-difluoro-1-nitrobenzene",70,0.03448029
"2,4-difluoro-1-nitrobenzene",65,0.02314804
"2,4-difluoro-1-nitrobenzene",60,0.01536654
"2,4-difluoro-1-nitrobenzene",55,0.01008225
"2,4-difluoro-1-nitrobenzene",50,0.00653498
"2,4-difluoro-1-nitrobenzene",45,0.00418223
"2,4-difluoro-1-nitrobenzene",40,0.00264122
"2,4-difluoro-1-nitrobenzene",35,0.00164504
"2,4-difluoro-1-nitrobenzene",30,0.00100983
"2,4-difluoro-1-nitrobenzene",25,0.00061055
"2,4-dimethylaniline",160,24.40147283
"2,4-dimethylaniline",155,21.61951156
"2,4-dimethylaniline",150,18.97660526
"2,4-dimethylaniline",145,16.48834694
"2,4-dimethylaniline",140,14.17005959
"2,4-dimethylaniline",135,12.03513063
"2,4-dimethylaniline",130,10.09481374
"2,4-dimethylaniline",125,8.35658926
"2,4-dimethylaniline",120,6.82383573
"2,4-dimethylaniline",115,5.49480676
"2,4-dimethylaniline",110,4.36260068
"2,4-dimethylaniline",105,3.41528787
"2,4-dimethylaniline",100,2.63690090
"2,4-dimethylaniline",95,2.00859517
"2,4-dimethylaniline",90,1.51007755
"2,4-dimethylaniline",85,1.12097661
"2,4-dimethylaniline",80,0.82196440
"2,4-dimethylaniline",75,0.59553376
"2,4-dimethylaniline",70,0.42643686
"2,4-dimethylaniline",65,0.30182171
"2,4-dimethylaniline",60,0.21115447
"2,4-dimethylaniline",55,0.14600458
"2,4-dimethylaniline",50,0.09976321
"2,4-dimethylaniline",45,0.06734354
"2,4-dimethylaniline",40,0.04489455
"2,4-dimethylaniline",35,0.02954501
"2,4-dimethylaniline",30,0.01918496
"2,4-dimethylaniline",25,0.01228549
"1-methyl-2,4-dinitrobenzene",160,6.14398244
"1-methyl-2,4-dinitrobenzene",155,4.82702173
"1-methyl-2,4-dinitrobenzene",150,3.75469727
"1-methyl-2,4-dinitrobenzene",145,2.89272225
"1-methyl-2,4-dinitrobenzene",140,2.20808904
"1-methyl-2,4-dinitrobenzene",135,1.67037047
"1-methyl-2,4-dinitrobenzene",130,1.25247268
"1-methyl-2,4-dinitrobenzene",125,0.93093804
"1-methyl-2,4-dinitrobenzene",120,0.68592237
"1-methyl-2,4-dinitrobenzene",115,0.50096242
"1-methyl-2,4-dinitrobenzene",110,0.36262539
"1-methyl-2,4-dinitrobenzene",105,0.26010968
"1-methyl-2,4-dinitrobenzene",100,0.18484198
"1-methyl-2,4-dinitrobenzene",95,0.13009826
"1-methyl-2,4-dinitrobenzene",90,0.09066347
"1-methyl-2,4-dinitrobenzene",85,0.06253599
"1-methyl-2,4-dinitrobenzene",80,0.04267723
"1-methyl-2,4-dinitrobenzene",75,0.02880366
"1-methyl-2,4-dinitrobenzene",70,0.01921706
"1-methyl-2,4-dinitrobenzene",65,0.01266783
"1-methyl-2,4-dinitrobenzene",60,0.00824646
"1-methyl-2,4-dinitrobenzene",55,0.00529836
"1-methyl-2,4-dinitrobenzene",50,0.00335789
"1-methyl-2,4-dinitrobenzene",45,0.00209783
"1-methyl-2,4-dinitrobenzene",40,0.00129111
"1-methyl-2,4-dinitrobenzene",35,0.00078223
"1-methyl-2,4-dinitrobenzene",30,0.00046618
"1-methyl-2,4-dinitrobenzene",25,0.00027307
"2,5-dichlorophenol",160,16.54206988
"2,5-dichlorophenol",155,14.52850761
"2,5-dichlorophenol",150,12.69385527
"2,5-dichlorophenol",145,11.03338533
"2,5-dichlorophenol",140,9.54129680
"2,5-dichlorophenol",135,8.20979857
"2,5-dichlorophenol",130,7.03041340
"2,5-dichlorophenol",125,5.99325733
"2,5-dichlorophenol",120,5.08783719
"2,5-dichlorophenol",115,4.30299669
"2,5-dichlorophenol",110,3.62743028
"2,5-dichlorophenol",105,3.04982219
"2,5-dichlorophenol",100,2.55906952
"2,5-dichlorophenol",95,2.14454247
"2,5-dichlorophenol",90,1.79630003
"2,5-dichlorophenol",85,1.50516092
"2,5-dichlorophenol",80,1.26282269
"2,5-dichlorophenol",75,1.06186663
"2,5-dichlorophenol",70,0.89577933
"2,5-dichlorophenol",65,0.75891014
"2,5-dichlorophenol",60,0.64641520
"2,5-dichlorophenol",55,0.55418785
"2,5-dichlorophenol",50,0.47877905
"2,5-dichlorophenol",45,0.41732382
"2,5-dichlorophenol",40,0.36746287
"2,5-dichlorophenol",35,0.32727507
"2,5-dichlorophenol",30,0.29521675
"2,5-dichlorophenol",25,0.27007057
dimethoxytetrahydrofuran,160,13.68927589
dimethoxytetrahydrofuran,155,11.34240539
dimethoxytetrahydrofuran,150,9.28183092
dimethoxytetrahydrofuran,145,7.50207899
dimethoxytetrahydrofuran,140,5.98998903
dimethoxytetrahydrofuran,135,4.72595847
dimethoxytetrahydrofuran,130,3.68581142
dimethoxytetrahydrofuran,125,2.84270015
dimethoxytetrahydrofuran,120,2.16900341
dimethoxytetrahydrofuran,115,1.63787843
dimethoxytetrahydrofuran,110,1.22442445
dimethoxytetrahydrofuran,105,0.90638931
dimethoxytetrahydrofuran,100,0.66450567
dimethoxytetrahydrofuran,95,0.48252108
dimethoxytetrahydrofuran,90,0.34702855
dimethoxytetrahydrofuran,85,0.24717835
dimethoxytetrahydrofuran,80,0.17433594
dimethoxytetrahydrofuran,75,0.12173143
dimethoxytetrahydrofuran,70,0.08412814
dimethoxytetrahydrofuran,65,0.05752595
dimethoxytetrahydrofuran,60,0.03890551
dimethoxytetrahydrofuran,55,0.02601386
dimethoxytetrahydrofuran,50,0.01718892
dimethoxytetrahydrofuran,45,0.01121833
dimethoxytetrahydrofuran,40,0.00722790
dimethoxytetrahydrofuran,35,0.00459464
dimethoxytetrahydrofuran,30,0.00287991
dimethoxytetrahydrofuran,25,0.00177873
"2,5-dimethylpyrrole",160,30.35313619
"2,5-dimethylpyrrole",155,27.29107533
"2,5-dimethylpyrrole",150,24.32450726
"2,5-dimethylpyrrole",145,21.47336359
"2,5-dimethylpyrrole",140,18.75801391
"2,5-dimethylpyrrole",135,16.19925809
"2,5-dimethylpyrrole",130,13.81710291
"2,5-dimethylpyrrole",125,11.62957787
"2,5-dimethylpyrrole",120,9.65146781
"2,5-dimethylpyrrole",115,7.89267987
"2,5-dimethylpyrrole",110,6.35705816
"2,5-dimethylpyrrole",105,5.04203688
"2,5-dimethylpyrrole",100,3.93807420
"2,5-dimethylpyrrole",95,3.02969669
"2,5-dimethylpyrrole",90,2.29688713
"2,5-dimethylpyrrole",85,1.71686443
"2,5-dimethylpyrrole",80,1.26600192
"2,5-dimethylpyrrole",75,0.92144575
"2,5-dimethylpyrrole",70,0.66228001
"2,5-dimethylpyrrole",65,0.47022081
"2,5-dimethylpyrrole",60,0.32987276
"2,5-dimethylpyrrole",55,0.22867338
"2,5-dimethylpyrrole",50,0.15663734
"2,5-dimethylpyrrole",45,0.10600386
"2,5-dimethylpyrrole",40,0.07085748
"2,5-dimethylpyrrole",35,0.04676686
"2,5-dimethylpyrrole",30,0.03046448
"2,5-dimethylpyrrole",25,0.01957646
"2,6-dichlorophenol",160,16.61759235
"2,6-dichlorophenol",155,14.57930363
"2,6-dichlorophenol",150,12.72023290
"2,6-dichlorophenol",145,11.03679665
"2,6-dichlorophenol",140,9.52355272
"2,6-dichlorophenol",135,8.17360334
"2,6-dichlorophenol",130,6.97838221
"2,6-dichlorophenol",125,5.92837927
"2,6-dichlorophenol",120,5.01303795
"2,6-dichlorophenol",115,4.22111903
"2,6-dichlorophenol",110,3.54107058
"2,6-dichlorophenol",105,2.96125110
"2,6-dichlorophenol",100,2.47019844
"2,6-dichlorophenol",95,2.05690892
"2,6-dichlorophenol",90,1.71106292
"2,6-dichlorophenol",85,1.42313734
"2,6-dichlorophenol",80,1.18452253
"2,6-dichlorophenol",75,0.98754672
"2,6-dichlorophenol",70,0.82548791
"2,6-dichlorophenol",65,0.69253279
"2,6-dichlorophenol",60,0.58371075
"2,6-dichlorophenol",55,0.49482434
"2,6-dichlorophenol",50,0.42235890
"2,6-dichlorophenol",45,0.36339907
"2,6-dichlorophenol",40,0.31554684
"2,6-dichlorophenol",35,0.27684623
"2,6-dichlorophenol",30,0.24571623
"2,6-dichlorophenol",25,0.22089302
"2,6-difluorobenzonitrile",160,19.09808603
"2,6-difluorobenzonitrile",155,16.48621651
"2,6-difluorobenzonitrile",150,14.06433081
"2,6-difluorobenzonitrile",145,11.84732561
"2,6-difluorobenzonitrile",140,9.84660725
"2,6-difluorobenzonitrile",135,8.06959768
"2,6-difluorobenzonitrile",130,6.51816342
"2,6-difluorobenzonitrile",125,5.18821626
"2,6-difluorobenzonitrile",120,4.06940700
"2,6-difluorobenzonitrile",115,3.14600927
"2,6-difluorobenzonitrile",110,2.39810381
"2,6-difluorobenzonitrile",105,1.80326440
"2,6-difluorobenzonitrile",100,1.33829585
"2,6-difluorobenzonitrile",95,0.98073710
"2,6-difluorobenzonitrile",90,0.70996085
"2,6-difluorobenzonitrile",85,0.50783982
"2,6-difluorobenzonitrile",80,0.35901074
"2,6-difluorobenzonitrile",75,0.25084325
"2,6-difluorobenzonitrile",70,0.17321588
"2,6-difluorobenzonitrile",65,0.11819341
"2,6-difluorobenzonitrile",60,0.07967234
"2,6-difluorobenzonitrile",55,0.05303740
"2,6-difluorobenzonitrile",50,0.03485265
"2,6-difluorobenzonitrile",45,0.02259732
"2,6-difluorobenzonitrile",40,0.01444798
"2,6-difluorobenzonitrile",35,0.00910379
"2,6-difluorobenzonitrile",30,0.00564953
"2,6-difluorobenzonitrile",25,0.00345036
"2,6-dimethoxyphenol",160,8.43063021
"2,6-dimethoxyphenol",155,6.69855073
"2,6-dimethoxyphenol",150,5.25861439
"2,6-dimethoxyphenol",145,4.08051871
"2,6-dimethoxyphenol",140,3.13109391
"2,6-dimethoxyphenol",135,2.37673722
"2,6-dimethoxyphenol",130,1.78529269
"2,6-dimethoxyphenol",125,1.32734827
"2,6-dimethoxyphenol",120,0.97695129
"2,6-dimethoxyphenol",115,0.71186883
"2,6-dimethoxyphenol",110,0.51351779
"2,6-dimethoxyphenol",105,0.36668636
"2,6-dimethoxyphenol",100,0.25914485
"2,6-dimethoxyphenol",95,0.18121614
"2,6-dimethoxyphenol",90,0.12535220
"2,6-dimethoxyphenol",85,0.08574356
"2,6-dimethoxyphenol",80,0.05797505
"2,6-dimethoxyphenol",75,0.03873203
"2,6-dimethoxyphenol",70,0.02555605
"2,6-dimethoxyphenol",65,0.01664572
"2,6-dimethoxyphenol",60,0.01069733
"2,6-dimethoxyphenol",55,0.00677918
"2,6-dimethoxyphenol",50,0.00423410
"2,6-dimethoxyphenol",45,0.00260474
"2,6-dimethoxyphenol",40,0.00157730
"2,6-dimethoxyphenol",35,0.00093954
"2,6-dimethoxyphenol",30,0.00055013
"2,6-dimethoxyphenol",25,0.00031640
"2,6-dimethylphenol",160,21.69647032
"2,6-dimethylphenol",155,19.10609477
"2,6-dimethylphenol",150,16.69374833
"2,6-dimethylphenol",145,14.46698325
"2,6-dimethylphenol",140,12.43146206
"2,6-dimethylphenol",135,10.58981713
"2,6-dimethylphenol",130,8.94132767
"2,6-dimethylphenol",125,7.48229768
"2,6-dimethylphenol",120,6.20571576
"2,6-dimethylphenol",115,5.10191607
"2,6-dimethylphenol",110,4.15863428
"2,6-dimethylphenol",105,3.36181371
"2,6-dimethylphenol",100,2.69627826
"2,6-dimethylphenol",95,2.14638871
"2,6-dimethylphenol",90,1.69667398
"2,6-dimethylphenol",85,1.33239915
"2,6-dimethylphenol",80,1.03994530
"2,6-dimethylphenol",75,0.80707292
"2,6-dimethylphenol",70,0.62303428
"2,6-dimethylphenol",65,0.47858757
"2,6-dimethylphenol",60,0.36592890
"2,6-dimethylphenol",55,0.27856930
"2,6-dimethylphenol",50,0.21118737
"2,6-dimethylphenol",45,0.15947010
"2,6-dimethylphenol",40,0.11995770
"2,6-dimethylphenol",35,0.08989979
"2,6-dimethylphenol",30,0.06712730
"2,6-dimethylphenol",25,0.04994162
2-(diethylamino)-ethanol,160,16.29936114
2-(diethylamino)-ethanol,155,13.74236985
2-(diethylamino)-ethanol,150,11.45300436
2-(diethylamino)-ethanol,145,9.43319578
2-(diethylamino)-ethanol,140,7.67785360
2-(diethylamino)-ethanol,135,6.17568898
2-(diethylamino)-ethanol,130,4.90985907
2-(diethylamino)-ethanol,125,3.85922450
2-(diethylamino)-ethanol,120,2.99998613
2-(diethylamino)-ethanol,115,2.30717065
2-(diethylamino)-ethanol,110,1.75604814
2-(diethylamino)-ethanol,105,1.32321790
2-(diethylamino)-ethanol,100,0.98738263
2-(diethylamino)-ethanol,95,0.72978185
2-(diethylamino)-ethanol,90,0.53433992
2-(diethylamino)-ethanol,85,0.38760724
2-(diethylamino)-ethanol,80,0.27855969
2-(diethylamino)-ethanol,75,0.19832193
2-(diethylamino)-ethanol,70,0.13986115
2-(diethylamino)-ethanol,65,0.09768357
2-(diethylamino)-ethanol,60,0.06755337
2-(diethylamino)-ethanol,55,0.04624421
2-(diethylamino)-ethanol,50,0.03132704
2-(diethylamino)-ethanol,45,0.02099344
2-(diethylamino)-ethanol,40,0.01391189
2-(diethylamino)-ethanol,35,0.00911276
2-(diethylamino)-ethanol,30,0.00589771
2-(diethylamino)-ethanol,25,0.00376949
2-acetothiophene,160,15.10921592
2-acetothiophene,155,12.57439777
2-acetothiophene,150,10.32390599
2-acetothiophene,145,8.36045418
2-acetothiophene,140,6.67813791
2-acetothiophene,135,5.26269068
2-acetothiophene,130,4.09292085
2-acetothiophene,125,3.14283610
2-acetothiophene,120,2.38385355
2-acetothiophene,115,1.78693935
2-acetothiophene,110,1.32431754
2-acetothiophene,105,0.97066976
2-acetothiophene,100,0.70380100
2-acetothiophene,95,0.50487569
2-acetothiophene,90,0.35833392
2-acetothiophene,85,0.25161182
2-acetothiophene,80,0.17476166
2-acetothiophene,75,0.12004148
2-acetothiophene,70,0.08151804
2-acetothiophene,65,0.05470826
2-acetothiophene,60,0.03626964
2-acetothiophene,55,0.02374193
2-acetothiophene,50,0.01533701
2-acetothiophene,45,0.00977159
2-acetothiophene,40,0.00613646
2-acetothiophene,35,0.00379581
2-acetothiophene,30,0.00231105
2-acetothiophene,25,0.00138387
2-aminopyridine,160,23.51310097
2-aminopyridine,155,20.27264009
2-aminopyridine,150,17.24079430
2-aminopyridine,145,14.44939937
2-aminopyridine,140,11.92445686
2-aminopyridine,135,9.68419182
2-aminopyridine,130,7.73734526
2-aminopyridine,125,6.08140833
2-aminopyridine,120,4.70340584
2-aminopyridine,115,3.58120803
2-aminopyridine,110,2.68618912
2-aminopyridine,105,1.98631264
2-aminopyridine,100,1.44902297
2-aminopyridine,95,1.04351872
2-aminopyridine,90,0.74225750
2-aminopyridine,85,0.52168891
2-aminopyridine,80,0.36239748
2-aminopyridine,75,0.24884712
2-aminopyridine,70,0.16891206
2-aminopyridine,65,0.11332660
2-aminopyridine,60,0.07514008
2-aminopyridine,55,0.04922364
2-aminopyridine,50,0.03184968
2-aminopyridine,45,0.02034743
2-aminopyridine,40,0.01282952
2-aminopyridine,35,0.00798018
2-aminopyridine,30,0.00489443
2-aminopyridine,25,0.00295834
2-bromopropene,160,25.60408509
2-bromopropene,155,22.91455008
2-bromopropene,150,20.34040690
2-bromopropene,145,17.89358786
2-bromopropene,140,15.58588640
2-bromopropene,135,13.42770065
2-bromopropene,130,11.43042225
2-bromopropene,125,9.60380743
2-bromopropene,120,7.95604961
2-bromopropene,115,6.49270410
2-bromopropene,110,5.21553682
2-bromopropene,105,4.12178982
2-bromopropene,100,3.20399828
2-bromopropene,95,2.44981497
2-bromopropene,90,1.84308474
2-bromopropene,85,1.36503550
2-bromopropene,80,0.99583519
2-bromopropene,75,0.71604354
2-bromopropene,70,0.50773410
2-bromopropene,65,0.35519329
2-bromopropene,60,0.24521513
2-bromopropene,55,0.16708614
2-bromopropene,50,0.11236618
2-bromopropene,45,0.07457001
2-bromopropene,40,0.04882066
2-bromopropene,35,0.03151983
2-bromopropene,30,0.02005823
2-bromopropene,25,0.01257418
2-bromobutane,160,21.62775365
2-bromobutane,155,19.07368721
2-bromobutane,150,16.66679568
2-bromobutane,145,14.41730304
2-bromobutane,140,12.33473513
2-bromobutane,135,10.42788871
2-bromobutane,130,8.70382606
2-bromobutane,125,7.16687630
2-bromobutane,120,5.81799040
2-bromobutane,115,4.65406392
2-bromobutane,110,3.66779748
2-bromobutane,105,2.84756817
2-bromobutane,100,2.17829611
2-bromobutane,95,1.64239656
2-bromobutane,90,1.22107217
2-bromobutane,85,0.89557650
2-bromobutane,80,0.64825335
2-bromobutane,75,0.46324980
2-bromobutane,70,0.32690033
2-bromobutane,65,0.22782055
2-bromobutane,60,0.15679845
2-bromobutane,55,0.10656237
2-bromobutane,50,0.07149456
2-bromobutane,45,0.04733682
2-bromobutane,40,0.03091666
2-bromobutane,35,0.01990802
2-bromobutane,30,0.01263126
2-bromobutane,25,0.00789149
2-bromopropane,160,28.45504786
2-bromopropane,155,25.89531748
2-bromopropane,150,23.42466190
2-bromopropane,145,21.04743783
2-bromopropane,140,18.77111976
2-bromopropane,135,16.60251853
2-bromopropane,130,14.55042816
2-bromopropane,125,12.62101120
2-bromopropane,120,10.82399456
2-bromopropane,115,9.16732522
2-bromopropane,110,7.65825523
2-bromopropane,105,6.30307492
2-bromopropane,100,5.10562108
2-bromopropane,95,4.06677697
2-bromopropane,90,3.18332915
2-bromopropane,85,2.44806929
2-bromopropane,80,1.84960079
2-bromopropane,75,1.37334803
2-bromopropane,70,1.00265673
2-bromopropane,65,0.72020565
2-bromopropane,60,0.50928034
2-bromopropane,55,0.35471610
2-bromopropane,50,0.24344196
2-bromopropane,45,0.16466200
2-bromopropane,40,0.10977209
2-bromopropane,35,0.07211652
2-bromopropane,30,0.04667653
2-bromopropane,25,0.02975086
2-bromothiophene,160,14.22336349
2-bromothiophene,155,12.03358536
2-bromothiophene,150,10.06397268
2-bromothiophene,145,8.31602762
2-bromothiophene,140,6.78696346
2-bromothiophene,135,5.46972051
2-bromothiophene,130,4.35273646
2-bromothiophene,125,3.42075172
2-bromothiophene,120,2.65554709
2-bromothiophene,115,2.03709134
2-bromothiophene,110,1.54476964
2-bromothiophene,105,1.15848855
2-bromothiophene,100,0.85952266
2-bromothiophene,95,0.63109848
2-bromothiophene,90,0.45868482
2-bromothiophene,85,0.33004582
2-bromothiophene,80,0.23512796
2-bromothiophene,75,0.16584242
2-bromothiophene,70,0.11579929
2-bromothiophene,65,0.08003175
2-bromothiophene,60,0.05473499
2-bromothiophene,55,0.03703311
2-bromothiophene,50,0.02477947
2-bromothiophene,45,0.01639099
2-bromothiophene,40,0.01071387
2-bromothiophene,35,0.00691694
2-bromothiophene,30,0.00440851
2-bromothiophene,25,0.00277233
2-butanol,160,13.08417311
2-butanol,155,9.88957497
2-butanol,150,7.32103159
2-butanol,145,5.31923942
2-butanol,140,3.80039579
2-butanol,135,2.67404916
2-butanol,130,1.85505685
2-butanol,125,1.26975549
2-butanol,120,0.85793525
2-butanol,115,0.57234074
2-butanol,110,0.37699760
2-butanol,105,0.24517105
2-butanol,100,0.15738763
2-butanol,95,0.09971028
2-butanol,90,0.06232402
2-butanol,85,0.03842217
2-butanol,80,0.02335464
2-butanol,75,0.01399183
2-butanol,70,0.00825889
2-butanol,65,0.00480111
2-butanol,60,0.00274757
2-butanol,55,0.00154720
2-butanol,50,0.00085689
2-butanol,45,0.00046650
2-butanol,40,0.00024951
2-butanol,35,0.00013103
2-butanol,30,0.00006751
2-butanol,25,0.00003411
cis-2-butene,160,27.24976684
cis-2-butene,155,22.82646434
cis-2-butene,150,18.74774748
cis-2-butene,145,15.09774973
cis-2-butene,140,11.92833492
cis-2-butene,135,9.25512795
cis-2-butene,130,7.06076634
cis-2-butene,125,5.30327142
cis-2-butene,120,3.92623629
cis-2-butene,115,2.86808482
cis-2-butene,110,2.06889517
cis-2-butene,105,1.47457208
cis-2-butene,100,1.03880262
cis-2-butene,95,0.72346366
cis-2-butene,90,0.49810946
cis-2-butene,85,0.33900560
cis-2-butene,80,0.22801548
cis-2-butene,75,0.15151597
cis-2-butene,70,0.09942977
cis-2-butene,65,0.06440754
cis-2-butene,60,0.04116155
cis-2-butene,55,0.02593763
cis-2-butene,50,0.01610569
cis-2-butene,45,0.00984790
cis-2-butene,40,0.00592524
cis-2-butene,35,0.00350532
cis-2-butene,30,0.00203725
cis-2-butene,25,0.00116217
trans-2-butene,160,24.87735804
trans-2-butene,155,20.50630942
trans-2-butene,150,16.56906321
trans-2-butene,145,13.13214686
trans-2-butene,140,10.22091419
trans-2-butene,135,7.82252201
trans-2-butene,130,5.89529991
trans-2-butene,125,4.38041647
trans-2-butene,120,3.21243999
trans-2-butene,115,2.32713238
trans-2-butene,110,1.66619792
trans-2-butene,105,1.17953305
trans-2-butene,100,0.82574953
trans-2-butene,95,0.57167474
trans-2-butene,90,0.39134779
trans-2-butene,85,0.26484626
trans-2-butene,80,0.17713609
trans-2-butene,75,0.11704025
trans-2-butene,70,0.07636305
trans-2-butene,65,0.04917355
trans-2-butene,60,0.03123477
trans-2-butene,55,0.01955871
trans-2-butene,50,0.01206573
trans-2-butene,45,0.00732782
trans-2-butene,40,0.00437802
trans-2-butene,35,0.00257107
trans-2-butene,30,0.00148290
trans-2-butene,25,0.00083922
2-butynedinitrile,160,34.27673627
2-butynedinitrile,155,30.70575331
2-butynedinitrile,150,27.17927026
2-butynedinitrile,145,23.73264403
2-butynedinitrile,140,20.40884255
2-butynedinitrile,135,17.25410203
2-butynedinitrile,130,14.31646075
2-butynedinitrile,125,11.64136068
2-butynedinitrile,120,9.26621843
2-butynedinitrile,115,7.21525879
2-butynedinitrile,110,5.49570147
2-butynedinitrile,105,4.09658156
2-butynedinitrile,100,2.99118492
2-butynedinitrile,95,2.14183166
2-butynedinitrile,90,1.50580650
2-butynedinitrile,85,1.04055024
2-butynedinitrile,80,0.70735800
2-butynedinitrile,75,0.47331741
2-butynedinitrile,70,0.31184510
2-butynedinitrile,65,0.20231389
2-butynedinitrile,60,0.12922459
2-butynedinitrile,55,0.08123629
2-butynedinitrile,50,0.05023738
2-butynedinitrile,45,0.03054268
2-butynedinitrile,40,0.01824209
2-butynedinitrile,35,0.01069478
2-butynedinitrile,30,0.00614898
2-butynedinitrile,25,0.00346367
2-chloro-1-propene,160,30.87314756
2-chloro-1-propene,155,27.31242949
2-chloro-1-propene,150,23.86371842
2-chloro-1-propene,145,20.56730871
2-chloro-1-propene,140,17.46382223
2-chloro-1-propene,135,14.59256598
2-chloro-1-propene,130,11.98771752
2-chloro-1-propene,125,9.67485763
2-chloro-1-propene,120,7.66847189
2-chloro-1-propene,115,5.96930603
2-chloro-1-propene,110,4.56504319
2-chloro-1-propene,105,3.43196910
2-chloro-1-propene,100,2.53841593
2-chloro-1-propene,95,1.84871754
2-chloro-1-propene,90,1.32682719
2-chloro-1-propene,85,0.93904876
2-chloro-1-propene,80,0.65571400
2-chloro-1-propene,75,0.45189409
2-chloro-1-propene,70,0.30741191
2-chloro-1-propene,65,0.20642435
2-chloro-1-propene,60,0.13680066
2-chloro-1-propene,55,0.08944961
2-chloro-1-propene,50,0.05768463
2-chloro-1-propene,45,0.03667080
2-chloro-1-propene,40,0.02296731
2-chloro-1-propene,35,0.01416274
2-chloro-1-propene,30,0.00859248
2-chloro-1-propene,25,0.00512486
2-chloro-2-methylpropane,160,18.95220690
2-chloro-2-methylpropane,155,15.75870225
2-chloro-2-methylpropane,150,12.89730854
2-chloro-2-methylpropane,145,10.38909959
2-chloro-2-methylpropane,140,8.23886425
2-chloro-2-methylpropane,135,6.43541958
2-chloro-2-methylpropane,130,4.95434477
2-chloro-2-methylpropane,125,3.76192787
2-chloro-2-methylpropane,120,2.81942703
2-chloro-2-methylpropane,115,2.08698744
2-chloro-2-methylpropane,110,1.52658234
2-chloro-2-methylpropane,105,1.10391933
2-chloro-2-methylpropane,100,0.78937880
2-chloro-2-methylpropane,95,0.55823881
2-chloro-2-methylpropane,90,0.39042928
2-chloro-2-methylpropane,85,0.27002602
2-chloro-2-methylpropane,80,0.18463784
2-chloro-2-methylpropane,75,0.12478487
2-chloro-2-methylpropane,70,0.08332426
2-chloro-2-methylpropane,65,0.05494942
2-chloro-2-methylpropane,60,0.03577052
2-chloro-2-methylpropane,55,0.02297325
2-chloro-2-methylpropane,50,0.01454778
2-chloro-2-methylpropane,45,0.00907755
2-chloro-2-methylpropane,40,0.00557746
2-chloro-2-methylpropane,35,0.00337191
2-chloro-2-methylpropane,30,0.00200419
2-chloro-2-methylpropane,25,0.00117018
2-chloro-4-methylbenzenamine,160,23.02232981
2-chloro-4-methylbenzenamine,155,20.52692595
2-chloro-4-methylbenzenamine,150,18.16198714
2-chloro-4-methylbenzenamine,145,15.93600182
2-chloro-4-methylbenzenamine,140,13.85700241
2-chloro-4-methylbenzenamine,135,11.93232485
2-chloro-4-methylbenzenamine,130,10.16806759
2-chloro-4-methylbenzenamine,125,8.56894055
2-chloro-4-methylbenzenamine,120,7.13728748
2-chloro-4-methylbenzenamine,115,5.87277657
2-chloro-4-methylbenzenamine,110,4.77192673
2-chloro-4-methylbenzenamine,105,3.82828813
2-chloro-4-methylbenzenamine,100,3.03215836
2-chloro-4-methylbenzenamine,95,2.37126072
2-chloro-4-methylbenzenamine,90,1.83142964
2-chloro-4-methylbenzenamine,85,1.39739520
2-chloro-4-methylbenzenamine,80,1.05371357
2-chloro-4-methylbenzenamine,75,0.78551745
2-chloro-4-methylbenzenamine,70,0.57910920
2-chloro-4-methylbenzenamine,65,0.42232866
2-chloro-4-methylbenzenamine,60,0.30472419
2-chloro-4-methylbenzenamine,55,0.21755678
2-chloro-4-methylbenzenamine,50,0.15369274
2-chloro-4-methylbenzenamine,45,0.10742827
2-chloro-4-methylbenzenamine,40,0.07428555
2-chloro-4-methylbenzenamine,35,0.05080611
2-chloro-4-methylbenzenamine,30,0.03435831
2-chloro-4-methylbenzenamine,25,0.02296706
2-chloro-5-methylphenol,160,16.42259096
2-chloro-5-methylphenol,155,14.15319931
2-chloro-5-methylphenol,150,12.09609376
2-chloro-5-methylphenol,145,10.25052740
2-chloro-5-methylphenol,140,8.61226225
2-chloro-5-methylphenol,135,7.17382755
2-chloro-5-methylphenol,130,5.92500757
2-chloro-5-methylphenol,125,4.85290713
2-chloro-5-methylphenol,120,3.94273537
2-chloro-5-methylphenol,115,3.17847435
2-chloro-5-methylphenol,110,2.54351538
2-chloro-5-methylphenol,105,2.02128677
2-chloro-5-methylphenol,100,1.59586548
2-chloro-5-methylphenol,95,1.25238640
2-chloro-5-methylphenol,90,0.97735825
2-chloro-5-methylphenol,85,0.75881373
2-chloro-5-methylphenol,80,0.58636275
2-chloro-5-methylphenol,75,0.45114972
2-chloro-5-methylphenol,70,0.34574901
2-chloro-5-methylphenol,65,0.26402096
2-chloro-5-methylphenol,60,0.20095290
2-chloro-5-methylphenol,55,0.15249659
2-chloro-5-methylphenol,50,0.11541406
2-chloro-5-methylphenol,45,0.08713744
2-chloro-5-methylphenol,40,0.06564557
2-chloro-5-methylphenol,35,0.04935834
2-chloro-5-methylphenol,30,0.03704783
2-chloro-5-methylphenol,25,0.02776501
2-chloroacetamide,160,0.50911296
2-chloroacetamide,155,0.36452090
2-chloroacetamide,150,0.25937655
2-chloroacetamide,145,0.18333298
2-chloroacetamide,140,0.12866979
2-chloroacetamide,135,0.08963562
2-chloroacetamide,130,0.06195952
2-chloroacetamide,125,0.04248387
2-chloroacetamide,120,0.02888692
2-chloroacetamide,115,0.01947231
2-chloroacetamide,110,0.01300931
2-chloroacetamide,105,0.00861182
2-chloroacetamide,100,0.00564709
2-chloroacetamide,95,0.00366714
2-chloroacetamide,90,0.00235769
2-chloroacetamide,85,0.00150032
2-chloroacetamide,80,0.00094472
2-chloroacetamide,75,0.00058846
2-chloroacetamide,70,0.00036249
2-chloroacetamide,65,0.00022075
2-chloroacetamide,60,0.00013287
2-chloroacetamide,55,0.00007901
2-chloroacetamide,50,0.00004641
2-chloroacetamide,45,0.00002691
2-chloroacetamide,40,0.00001540
2-chloroacetamide,35,0.00000869
2-chloroacetamide,30,0.00000484
2-chloroacetamide,25,0.00000266
2-chlorobutane,160,17.49095955
2-chlorobutane,155,14.38671646
2-chlorobutane,150,11.64794107
2-chlorobutane,145,9.28529543
2-chlorobutane,140,7.29161193
2-chlorobutane,135,5.64448689
2-chlorobutane,130,4.31045653
2-chlorobutane,125,3.24967571
2-chlorobutane,120,2.42027310
2-chlorobutane,115,1.78170640
2-chlorobutane,110,1.29699196
2-chlorobutane,105,0.93387588
2-chlorobutane,100,0.66520399
2-chlorobutane,95,0.46875281
2-chlorobutane,90,0.32675220
2-chlorobutane,85,0.22526796
2-chlorobutane,80,0.15355759
2-chlorobutane,75,0.10346355
2-chlorobutane,70,0.06887688
2-chlorobutane,65,0.04528249
2-chlorobutane,60,0.02938570
2-chlorobutane,55,0.01881252
2-chlorobutane,50,0.01187405
2-chlorobutane,45,0.00738425
2-chlorobutane,40,0.00452129
2-chlorobutane,35,0.00272357
2-chlorobutane,30,0.00161281
2-chlorobutane,25,0.00093804
2-chlorocyclohexanone,160,11.65780935
2-chlorocyclohexanone,155,9.44605542
2-chlorocyclohexanone,150,7.55395036
2-chlorocyclohexanone,145,5.96415524
2-chlorocyclohexanone,140,4.65135626
2-chlorocyclohexanone,135,3.58503608
2-chlorocyclohexanone,130,2.73221812
2-chlorocyclohexanone,125,2.05991847
2-chlorocyclohexanone,120,1.53698714
2-chlorocyclohexanone,115,1.13529334
2-chlorocyclohexanone,110,0.83033401
2-chlorocyclohexanone,105,0.60138248
2-chlorocyclohexanone,100,0.43132817
2-chlorocyclohexanone,95,0.30633230
2-chlorocyclohexanone,90,0.21539793
2-chlorocyclohexanone,85,0.14992029
2-chlorocyclohexanone,80,0.10325946
2-chlorocyclohexanone,75,0.07035694
2-chlorocyclohexanone,70,0.04740539
2-chlorocyclohexanone,65,0.03157250
2-chlorocyclohexanone,60,0.02077538
2-chlorocyclohexanone,55,0.01349983
2-chlorocyclohexanone,50,0.00865785
2-chlorocyclohexanone,45,0.00547696
2-chlorocyclohexanone,40,0.00341543
2-chlorocyclohexanone,35,0.00209814
2-chlorocyclohexanone,30,0.00126881
2-chlorocyclohexanone,25,0.00075474
2-chloroethanolacetate,160,8.70759583
2-chloroethanolacetate,155,6.80193763
2-chloroethanolacetate,150,5.24987283
2-chloroethanolacetate,145,4.00665273
2-chloroethanolacetate,140,3.02565113
2-chloroethanolacetate,135,2.26198419
2-chloroethanolacetate,130,1.67479949
2-chloroethanolacetate,125,1.22842722
2-chloroethanolacetate,120,0.89270410
2-chloroethanolacetate,115,0.64276035
2-chloroethanolacetate,110,0.45850745
2-chloroethanolacetate,105,0.32399492
2-chloroethanolacetate,100,0.22674344
2-chloroethanolacetate,95,0.15711655
2-chloroethanolacetate,90,0.10776180
2-chloroethanolacetate,85,0.07313242
2-chloroethanolacetate,80,0.04908934
2-chloroethanolacetate,75,0.03257698
2-chloroethanolacetate,70,0.02136389
2-chloroethanolacetate,65,0.01383823
2-chloroethanolacetate,60,0.00884875
2-chloroethanolacetate,55,0.00558263
2-chloroethanolacetate,50,0.00347290
2-chloroethanolacetate,45,0.00212894
2-chloroethanolacetate,40,0.00128516
2-chloroethanolacetate,35,0.00076342
2-chloroethanolacetate,30,0.00044590
2-chloroethanolacetate,25,0.00025588
b-phenylethylchloride,160,14.64347617
b-phenylethylchloride,155,12.25521082
b-phenylethylchloride,150,10.12697724
b-phenylethylchloride,145,8.26048828
b-phenylethylchloride,140,6.65053884
b-phenylethylchloride,135,5.28523676
b-phenylethylchloride,130,4.14686074
b-phenylethylchloride,125,3.21333172
b-phenylethylchloride,120,2.45997872
b-phenylethylchloride,115,1.86128505
b-phenylethylchloride,110,1.39236431
b-phenylethylchloride,105,1.03010071
b-phenylethylchloride,100,0.75385163
b-phenylethylchloride,95,0.54578982
b-phenylethylchloride,90,0.39094119
b-phenylethylchloride,85,0.27702374
b-phenylethylchloride,80,0.19416793
b-phenylethylchloride,75,0.13458398
b-phenylethylchloride,70,0.09222172
b-phenylethylchloride,65,0.06245059
b-phenylethylchloride,60,0.04177494
b-phenylethylchloride,55,0.02759044
b-phenylethylchloride,50,0.01798162
b-phenylethylchloride,45,0.01155757
b-phenylethylchloride,40,0.00732132
b-phenylethylchloride,35,0.00456764
b-phenylethylchloride,30,0.00280443
b-phenylethylchloride,25,0.00169314
2-chloroethylethylether,160,18.59078588
2-chloroethylethylether,155,15.65506177
2-chloroethylethylether,150,12.99364220
2-chloroethylethylether,145,10.62544447
2-chloroethylethylether,140,8.55890433
2-chloroethylethylether,135,6.79152355
2-chloroethylethylether,130,5.31030357
2-chloroethylethylether,125,4.09327761
2-chloroethylethylether,120,3.11219429
2-chloroethylethylether,115,2.33544087
2-chloroethylethylether,110,1.73072303
2-chloroethylethylether,105,1.26724280
2-chloroethylethylether,100,0.91714166
2-chloroethylethylether,95,0.65625763
2-chloroethylethylether,90,0.46434022
2-chloroethylethylether,85,0.32488717
2-chloroethylethylether,80,0.22476337
2-chloroethylethylether,75,0.15372150
2-chloroethylethylether,70,0.10390619
2-chloroethylethylether,65,0.06938954
2-chloroethylethylether,60,0.04576261
2-chloroethylethylether,55,0.02979087
2-chloroethylethylether,50,0.01913278
2-chloroethylethylether,45,0.01211541
2-chloroethylethylether,40,0.00755934
2-chloroethylethylether,35,0.00464422
2-chloroethylethylether,30,0.00280737
2-chloroethylethylether,25,0.00166837
2-chloroethylethylsulfide,160,18.07187899
2-chloroethylethylsulfide,155,15.38082207
2-chloroethylethylsulfide,150,12.92506028
2-chloroethylethylsulfide,145,10.71774853
2-chloroethylethylsulfide,140,8.76626226
2-chloroethylethylsulfide,135,7.07073258
2-chloroethylethylsulfide,130,5.62383390
2-chloroethylethylsulfide,125,4.41147127
2-chloroethylethylsulfide,120,3.41387222
2-chloroethylethylsulfide,115,2.60733877
2-chloroethylethylsulfide,110,1.96620315
2-chloroethylethylsulfide,105,1.46464869
2-chloroethylethylsulfide,100,1.07816058
2-chloroethylethylsulfide,95,0.78453887
2-chloroethylethylsulfide,90,0.56444078
2-chloroethylethylsulfide,85,0.40155108
2-chloroethylethylsulfide,80,0.28247543
2-chloroethylethylsulfide,75,0.19646846
2-chloroethylethylsulfide,70,0.13508009
2-chloroethylethylsulfide,65,0.09178111
2-chloroethylethylsulfide,60,0.06160594
2-chloroethylethylsulfide,55,0.04083312
2-chloroethylethylsulfide,50,0.02671216
2-chloroethylethylsulfide,45,0.01723738
2-chloroethylethylsulfide,40,0.01096565
2-chloroethylethylsulfide,35,0.00687239
2-chloroethylethylsulfide,30,0.00424012
2-chloroethylethylsulfide,25,0.00257338
2-chlorophenol,160,21.60080382
2-chlorophenol,155,19.11180103
2-chlorophenol,150,16.79092202
2-chlorophenol,145,14.64332098
2-chlorophenol,140,12.67321737
2-chlorophenol,135,10.88182666
2-chlorophenol,130,9.26853148
2-chlorophenol,125,7.83016525
2-chlorophenol,120,6.56098541
2-chlorophenol,115,5.45308733
2-chlorophenol,110,4.49640473
2-chlorophenol,105,3.67930846
2-chlorophenol,100,2.98886057
2-chlorophenol,95,2.41146150
2-chlorophenol,90,1.93337840
2-chlorophenol,85,1.54120971
2-chlorophenol,80,1.22227861
2-chlorophenol,75,0.96494760
2-chlorophenol,70,0.75878879
2-chlorophenol,65,0.59467043
2-chlorophenol,60,0.46474572
2-chlorophenol,55,0.36238760
2-chlorophenol,50,0.28208237
2-chlorophenol,45,0.21929949
2-chlorophenol,40,0.17035842
2-chlorophenol,35,0.13229706
2-chlorophenol,30,0.10275085
2-chlorophenol,25,0.07984543
2-chlorothiophene,160,16.88491410
2-chlorothiophene,155,14.18708836
2-chlorothiophene,150,11.76212934
2-chlorothiophene,145,9.61948104
2-chlorothiophene,140,7.75963603
2-chlorothiophene,135,6.17436666
2-chlorothiophene,130,4.84757613
2-chlorothiophene,125,3.75674894
2-chlorothiophene,120,2.87521180
2-chlorothiophene,115,2.17432948
2-chlorothiophene,110,1.62554711
2-chlorothiophene,105,1.20195291
2-chlorothiophene,100,0.87932203
2-chlorothiophene,95,0.63664375
2-chlorothiophene,90,0.45625140
2-chlorothiophene,85,0.32366741
2-chlorothiophene,80,0.22728370
2-chlorothiophene,75,0.15796594
2-chlorothiophene,70,0.10864340
2-chlorothiophene,65,0.07392283
2-chlorothiophene,60,0.04974558
2-chlorothiophene,55,0.03309588
2-chlorothiophene,50,0.02176002
2-chlorothiophene,45,0.01413234
2-chlorothiophene,40,0.00906199
2-chlorothiophene,35,0.00573397
2-chlorothiophene,30,0.00357816
2-chlorothiophene,25,0.00220075
aceticacid-2-ethylhexylester,160,4.06108636
aceticacid-2-ethylhexylester,155,3.16017559
aceticacid-2-ethylhexylester,150,2.44112586
aceticacid-2-ethylhexylester,145,1.87198978
aceticacid-2-ethylhexylester,140,1.42511904
aceticacid-2-ethylhexylester,135,1.07698943
aceticacid-2-ethylhexylester,130,0.80787326
aceticacid-2-ethylhexylester,125,0.60143417
aceticacid-2-ethylhexylester,120,0.44429568
aceticacid-2-ethylhexylester,115,0.32561713
aceticacid-2-ethylhexylester,110,0.23669697
aceticacid-2-ethylhexylester,105,0.17061441
aceticacid-2-ethylhexylester,100,0.12191363
aceticacid-2-ethylhexylester,95,0.08633115
aceticacid-2-ethylhexylester,90,0.06056424
aceticacid-2-ethylhexylester,85,0.04207680
aceticacid-2-ethylhexylester,80,0.02893880
aceticacid-2-ethylhexylester,75,0.01969487
aceticacid-2-ethylhexylester,70,0.01325782
aceticacid-2-ethylhexylester,65,0.00882345
aceticacid-2-ethylhexylester,60,0.00580284
aceticacid-2-ethylhexylester,55,0.00376925
aceticacid-2-ethylhexylester,50,0.00241681
aceticacid-2-ethylhexylester,45,0.00152881
aceticacid-2-ethylhexylester,40,0.00095349
aceticacid-2-ethylhexylester,35,0.00058594
aceticacid-2-ethylhexylester,30,0.00035454
aceticacid-2-ethylhexylester,25,0.00021106
2-propenoicacid-2-ethylhexylester,160,3.39659406
2-propenoicacid-2-ethylhexylester,155,2.63113445
2-propenoicacid-2-ethylhexylester,150,2.02397304
2-propenoicacid-2-ethylhexylester,145,1.54602263
2-propenoicacid-2-ethylhexylester,140,1.17258028
2-propenoicacid-2-ethylhexylester,135,0.88294369
2-propenoicacid-2-ethylhexylester,130,0.65996218
2-propenoicacid-2-ethylhexylester,125,0.48957414
2-propenoicacid-2-ethylhexylester,120,0.36035971
2-propenoicacid-2-ethylhexylester,115,0.26312706
2-propenoicacid-2-ethylhexylester,110,0.19054103
2-propenoicacid-2-ethylhexylester,105,0.13679711
2-propenoicacid-2-ethylhexylester,100,0.09734023
2-propenoicacid-2-ethylhexylester,95,0.06862563
2-propenoicacid-2-ethylhexylester,90,0.04791819
2-propenoicacid-2-ethylhexylester,85,0.03312575
2-propenoicacid-2-ethylhexylester,80,0.02266225
2-propenoicacid-2-ethylhexylester,75,0.01533635
2-propenoicacid-2-ethylhexylester,70,0.01026174
2-propenoicacid-2-ethylhexylester,65,0.00678556
2-propenoicacid-2-ethylhexylester,60,0.00443190
2-propenoicacid-2-ethylhexylester,55,0.00285754
2-propenoicacid-2-ethylhexylester,50,0.00181776
2-propenoicacid-2-ethylhexylester,45,0.00114013
2-propenoicacid-2-ethylhexylester,40,0.00070462
2-propenoicacid-2-ethylhexylester,35,0.00042878
2-propenoicacid-2-ethylhexylester,30,0.00025672
2-propenoicacid-2-ethylhexylester,25,0.00015111
2-ethyl-1-butanol,160,5.63871053
2-ethyl-1-butanol,155,4.13582311
2-ethyl-1-butanol,150,2.99685576
2-ethyl-1-butanol,145,2.14651703
2-ethyl-1-butanol,140,1.52018931
2-ethyl-1-butanol,135,1.06463227
2-ethyl-1-butanol,130,0.73725739
2-ethyl-1-butanol,125,0.50476360
2-ethyl-1-butanol,120,0.34158964
2-ethyl-1-butanol,115,0.22842551
2-ethyl-1-butanol,110,0.15089240
2-ethyl-1-butanol,105,0.09842885
2-ethyl-1-butanol,100,0.06338000
2-ethyl-1-butanol,95,0.04027121
2-ethyl-1-butanol,90,0.02523968
2-ethyl-1-butanol,85,0.01559733
2-ethyl-1-butanol,80,0.00949992
2-ethyl-1-butanol,75,0.00570052
2-ethyl-1-butanol,70,0.00336859
2-ethyl-1-butanol,65,0.00195942
2-ethyl-1-butanol,60,0.00112136
2-ethyl-1-butanol,55,0.00063108
2-ethyl-1-butanol,50,0.00034907
2-ethyl-1-butanol,45,0.00018967
2-ethyl-1-butanol,40,0.00010116
2-ethyl-1-butanol,35,0.00005293
2-ethyl-1-butanol,30,0.00002715
2-ethyl-1-butanol,25,0.00001364
2-ethyl-1-butene,160,6.01275387
2-ethyl-1-butene,155,4.53541318
2-ethyl-1-butene,150,3.39528213
2-ethyl-1-butene,145,2.52286395
2-ethyl-1-butene,140,1.86057778
2-ethyl-1-butene,135,1.36166429
2-ethyl-1-butene,130,0.98869073
2-ethyl-1-butene,125,0.71202753
2-ethyl-1-butene,120,0.50844028
2-ethyl-1-butene,115,0.35986342
2-ethyl-1-butene,110,0.25236364
2-ethyl-1-butene,105,0.17528077
2-ethyl-1-butene,100,0.12052520
2-ethyl-1-butene,95,0.08200986
2-ethyl-1-butene,90,0.05519477
2-ethyl-1-butene,85,0.03672506
2-ethyl-1-butene,80,0.02414561
2-ethyl-1-butene,75,0.01567804
2-ethyl-1-butene,70,0.01004794
2-ethyl-1-butene,65,0.00635237
2-ethyl-1-butene,60,0.00395907
2-ethyl-1-butene,55,0.00243086
2-ethyl-1-butene,50,0.00146935
2-ethyl-1-butene,45,0.00087371
2-ethyl-1-butene,40,0.00051067
2-ethyl-1-butene,35,0.00029314
2-ethyl-1-butene,30,0.00016511
2-ethyl-1-butene,25,0.00009116
2-ethyl-1-hexanol,160,2.98763221
2-ethyl-1-hexanol,155,2.18951093
2-ethyl-1-hexanol,150,1.58933336
2-ethyl-1-hexanol,145,1.14251561
2-ethyl-1-hexanol,140,0.81317398
2-ethyl-1-hexanol,135,0.57285868
2-ethyl-1-hexanol,130,0.39930439
2-ethyl-1-hexanol,125,0.27528986
2-ethyl-1-hexanol,120,0.18764379
2-ethyl-1-hexanol,115,0.12640339
2-ethyl-1-hexanol,110,0.08411683
2-ethyl-1-hexanol,105,0.05527433
2-ethyl-1-hexanol,100,0.03585056
2-ethyl-1-hexanol,95,0.02294110
2-ethyl-1-hexanol,90,0.01447740
2-ethyl-1-hexanol,85,0.00900607
2-ethyl-1-hexanol,80,0.00552021
2-ethyl-1-hexanol,75,0.00333236
2-ethyl-1-hexanol,70,0.00198025
2-ethyl-1-hexanol,65,0.00115784
2-ethyl-1-hexanol,60,0.00066575
2-ethyl-1-hexanol,55,0.00037625
2-ethyl-1-hexanol,50,0.00020887
2-ethyl-1-hexanol,45,0.00011383
2-ethyl-1-hexanol,40,0.00006086
2-ethyl-1-hexanol,35,0.00003190
2-ethyl-1-hexanol,30,0.00001638
2-ethyl-1-hexanol,25,0.00000823
2-furancarbonitrile,160,23.66797214
2-furancarbonitrile,155,20.34811077
2-furancarbonitrile,150,17.24362370
2-furancarbonitrile,145,14.39076266
2-furancarbonitrile,140,11.81902091
2-furancarbonitrile,135,9.54880192
2-furancarbonitrile,130,7.58813830
2-furancarbonitrile,125,5.93237318
2-furancarbonitrile,120,4.56496919
2-furancarbonitrile,115,3.45981443
2-furancarbonitrile,110,2.58468012
2-furancarbonitrile,105,1.90475378
2-furancarbonitrile,100,1.38566272
2-furancarbonitrile,95,0.99568279
2-furancarbonitrile,90,0.70700695
2-furancarbonitrile,85,0.49624292
2-furancarbonitrile,80,0.34434834
2-furancarbonitrile,75,0.23623373
2-furancarbonitrile,70,0.16020726
2-furancarbonitrile,65,0.10738195
2-furancarbonitrile,60,0.07111545
2-furancarbonitrile,55,0.04651817
2-furancarbonitrile,50,0.03004150
2-furancarbonitrile,45,0.01914476
2-furancarbonitrile,40,0.01203299
2-furancarbonitrile,35,0.00745483
2-furancarbonitrile,30,0.00454951
2-furancarbonitrile,25,0.00273311
2-heptanol,160,4.05765184
2-heptanol,155,2.98790068
2-heptanol,150,2.17770990
2-heptanol,145,1.57109991
2-heptanol,140,1.12187581
2-heptanol,135,0.79276557
2-heptanol,130,0.55423260
2-heptanol,125,0.38322214
2-heptanol,120,0.26197924
2-heptanol,115,0.17700085
2-heptanol,110,0.11814135
2-heptanol,105,0.07786939
2-heptanol,100,0.05066245
2-heptanol,95,0.03252172
2-heptanol,90,0.02058919
2-heptanol,85,0.01284966
2-heptanol,80,0.00790196
2-heptanol,75,0.00478597
2-heptanol,70,0.00285359
2-heptanol,65,0.00167412
2-heptanol,60,0.00096591
2-heptanol,55,0.00054777
2-heptanol,50,0.00030517
2-heptanol,45,0.00016691
2-heptanol,40,0.00008957
2-heptanol,35,0.00004713
2-heptanol,30,0.00002429
2-heptanol,25,0.00001226
(z)-2-butenoicacid,160,13.51462606
(z)-2-butenoicacid,155,10.64222297
(z)-2-butenoicacid,150,8.24234204
(z)-2-butenoicacid,145,6.28577731
(z)-2-butenoicacid,140,4.72583732
(z)-2-butenoicacid,135,3.50671849
(z)-2-butenoicacid,130,2.57071461
(z)-2-butenoicacid,125,1.86331695
(z)-2-butenoicacid,120,1.33618204
(z)-2-butenoicacid,115,0.94837283
(z)-2-butenoicacid,110,0.66641872
(z)-2-butenoicacid,105,0.46369491
(z)-2-butenoicacid,100,0.31948451
(z)-2-butenoicacid,95,0.21795999
(z)-2-butenoicacid,90,0.14721762
(z)-2-butenoicacid,85,0.09842841
(z)-2-butenoicacid,80,0.06512678
(z)-2-butenoicacid,75,0.04263441
(z)-2-butenoicacid,70,0.02760509
(z)-2-butenoicacid,65,0.01767249
(z)-2-butenoicacid,60,0.01118207
(z)-2-butenoicacid,55,0.00699010
(z)-2-butenoicacid,50,0.00431505
(z)-2-butenoicacid,45,0.00262915
(z)-2-butenoicacid,40,0.00158029
(z)-2-butenoicacid,35,0.00093649
(z)-2-butenoicacid,30,0.00054680
(z)-2-butenoicacid,25,0.00031436
2-methylcyclohexanol,160,4.67780091
2-methylcyclohexanol,155,3.42835085
2-methylcyclohexanol,150,2.48557211
2-methylcyclohexanol,145,1.78310569
2-methylcyclohexanol,140,1.26577882
2-methylcyclohexanol,135,0.88904429
2-methylcyclohexanol,130,0.61770560
2-methylcyclohexanol,125,0.42443105
2-methylcyclohexanol,120,0.28830540
2-methylcyclohexanol,115,0.19353346
2-methylcyclohexanol,110,0.12833503
2-methylcyclohexanol,105,0.08403155
2-methylcyclohexanol,100,0.05430826
2-methylcyclohexanol,95,0.03462835
2-methylcyclohexanol,90,0.02177479
2-methylcyclohexanol,85,0.01349722
2-methylcyclohexanol,80,0.00824349
2-methylcyclohexanol,75,0.00495860
2-methylcyclohexanol,70,0.00293621
2-methylcyclohexanol,65,0.00171074
2-methylcyclohexanol,60,0.00098024
2-methylcyclohexanol,55,0.00055208
2-methylcyclohexanol,50,0.00030545
2-methylcyclohexanol,45,0.00016592
2-methylcyclohexanol,40,0.00008843
2-methylcyclohexanol,35,0.00004621
2-methylcyclohexanol,30,0.00002365
2-methylcyclohexanol,25,0.00001185
2-methylcyclohexanone,160,18.45461816
2-methylcyclohexanone,155,15.67129829
2-methylcyclohexanone,150,13.14310949
2-methylcyclohexanone,145,10.88215112
2-methylcyclohexanone,140,8.89323757
2-methylcyclohexanone,135,7.17300569
2-methylcyclohexanone,130,5.71065486
2-methylcyclohexanone,125,4.48872855
2-methylcyclohexanone,120,3.48471111
2-methylcyclohexanone,115,2.67300705
2-methylcyclohexanone,110,2.02681810
2-methylcyclohexanone,105,1.51982601
2-methylcyclohexanone,100,1.12744776
2-methylcyclohexanone,95,0.82765469
2-methylcyclohexanone,90,0.60136762
2-methylcyclohexanone,85,0.43253121
2-methylcyclohexanone,80,0.30795745
2-methylcyclohexanone,75,0.21703630
2-methylcyclohexanone,70,0.15138444
2-methylcyclohexanone,65,0.10448300
2-methylcyclohexanone,60,0.07133563
2-methylcyclohexanone,55,0.04816374
2-methylcyclohexanone,50,0.03214553
2-methylcyclohexanone,45,0.02119926
2-methylcyclohexanone,40,0.01380746
2-methylcyclohexanone,35,0.00887717
2-methylcyclohexanone,30,0.00563066
2-methylcyclohexanone,25,0.00352131
2-methylpyrazine,160,32.91513932
2-methylpyrazine,155,29.92863547
2-methylpyrazine,150,27.00618740
2-methylpyrazine,145,24.16380414
2-methylpyrazine,140,21.41659796
2-methylpyrazine,135,18.78391576
2-methylpyrazine,130,16.28518891
2-methylpyrazine,125,13.93947772
2-methylpyrazine,120,11.76627455
2-methylpyrazine,115,9.78292898
2-methylpyrazine,110,8.00398302
2-methylpyrazine,105,6.43844059
2-methylpyrazine,100,5.08916429
2-methylpyrazine,95,3.95191390
2-methylpyrazine,90,3.01503536
2-methylpyrazine,85,2.26081237
2-methylpyrazine,80,1.66714524
2-methylpyrazine,75,1.20979855
2-methylpyrazine,70,0.86452789
2-methylpyrazine,65,0.60874108
2-methylpyrazine,60,0.42254828
2-methylpyrazine,55,0.28922761
2-methylpyrazine,50,0.19524406
2-methylpyrazine,45,0.12997899
2-methylpyrazine,40,0.08531829
2-methylpyrazine,35,0.05520039
2-methylpyrazine,30,0.03518672
2-methylpyrazine,25,0.02208575
2-methyltetrahydrofuran,160,24.87055376
2-methyltetrahydrofuran,155,21.55895393
2-methyltetrahydrofuran,150,18.45533565
2-methyltetrahydrofuran,145,15.58976636
2-methyltetrahydrofuran,140,12.98720061
2-methyltetrahydrofuran,135,10.66465074
2-methyltetrahydrofuran,130,8.63035431
2-methyltetrahydrofuran,125,6.88243522
2-methyltetrahydrofuran,120,5.40955714
2-methyltetrahydrofuran,115,4.19224324
2-methyltetrahydrofuran,110,3.20485502
2-methyltetrahydrofuran,105,2.41821045
2-methyltetrahydrofuran,100,1.80200131
2-methyltetrahydrofuran,95,1.32686523
2-methyltetrahydrofuran,90,0.96585142
2-methyltetrahydrofuran,85,0.69528551
2-methyltetrahydrofuran,80,0.49510112
2-methyltetrahydrofuran,75,0.34878888
2-methyltetrahydrofuran,70,0.24309911
2-methyltetrahydrofuran,65,0.16762095
2-methyltetrahydrofuran,60,0.11432267
2-methyltetrahydrofuran,55,0.07710774
2-methyltetrahydrofuran,50,0.05141612
2-methyltetrahydrofuran,45,0.03388327
2-methyltetrahydrofuran,40,0.02205886
2-methyltetrahydrofuran,35,0.01418076
2-methyltetrahydrofuran,30,0.00899752
2-methyltetrahydrofuran,25,0.00563151
methyldioxolane,160,26.32592998
methyldioxolane,155,23.00519322
methyldioxolane,150,19.85574604
methyldioxolane,145,16.91050522
methyldioxolane,140,14.19898345
methyldioxolane,135,11.74545451
methyldioxolane,130,9.56654737
methyldioxolane,125,7.67005761
methyldioxolane,120,6.05326555
methyldioxolane,115,4.70364222
methyldioxolane,110,3.60028225
methyldioxolane,105,2.71619593
methyldioxolane,100,2.02116933
methyldioxolane,95,1.48441390
methyldioxolane,90,1.07666414
methyldioxolane,85,0.77160255
methyldioxolane,80,0.54657810
methyldioxolane,75,0.38278389
methyldioxolane,70,0.26505612
methyldioxolane,65,0.18146453
methyldioxolane,60,0.12281602
methyldioxolane,55,0.08215352
methyldioxolane,50,0.05429598
methyldioxolane,45,0.03544136
methyldioxolane,40,0.02283794
methyldioxolane,35,0.01452058
methyldioxolane,30,0.00910426
methyldioxolane,25,0.00562560
2-methyl-1-butanol,160,7.80236294
2-methyl-1-butanol,155,5.74277370
2-methyl-1-butanol,150,4.16532822
2-methyl-1-butanol,145,2.98076263
2-methyl-1-butanol,140,2.10625919
2-methyl-1-butanol,135,1.47034745
2-methyl-1-butanol,130,1.01428555
2-methyl-1-butanol,125,0.69144654
2-methyl-1-butanol,120,0.46578016
2-methyl-1-butanol,115,0.30999208
2-methyl-1-butanol,110,0.20377981
2-methyl-1-butanol,105,0.13227757
2-methyl-1-butanol,100,0.08475898
2-methyl-1-butanol,95,0.05359331
2-methyl-1-butanol,90,0.03342757
2-methyl-1-butanol,85,0.02055924
2-methyl-1-butanol,80,0.01246381
2-methyl-1-butanol,75,0.00744498
2-methyl-1-butanol,70,0.00437992
2-methyl-1-butanol,65,0.00253672
2-methyl-1-butanol,60,0.00144571
2-methyl-1-butanol,55,0.00081037
2-methyl-1-butanol,50,0.00044654
2-methyl-1-butanol,45,0.00024175
2-methyl-1-butanol,40,0.00012851
2-methyl-1-butanol,35,0.00006703
2-methyl-1-butanol,30,0.00003429
2-methyl-1-butanol,25,0.00001718
2-methyl-1-butene,160,13.83270744
2-methyl-1-butene,155,10.82798253
2-methyl-1-butene,150,8.35943078
2-methyl-1-butene,145,6.37334046
2-methyl-1-butene,140,4.80376198
2-methyl-1-butene,135,3.58234696
2-methyl-1-butene,130,2.64464639
2-methyl-1-butene,125,1.93344710
2-methyl-1-butene,120,1.40002973
2-methyl-1-butene,115,1.00414627
2-methyl-1-butene,110,0.71330748
2-methyl-1-butene,105,0.50176752
2-methyl-1-butene,100,0.34943615
2-methyl-1-butene,95,0.24084613
2-methyl-1-butene,90,0.16423380
2-methyl-1-butene,85,0.11075448
2-methyl-1-butene,80,0.07383174
2-methyl-1-butene,75,0.04862936
2-methyl-1-butene,70,0.03163024
2-methyl-1-butene,65,0.02030550
2-methyl-1-butene,60,0.01285805
2-methyl-1-butene,55,0.00802627
2-methyl-1-butene,50,0.00493557
2-methyl-1-butene,45,0.00298770
2-methyl-1-butene,40,0.00177903
2-methyl-1-butene,35,0.00104118
2-methyl-1-butene,30,0.00059840
2-methyl-1-butene,25,0.00033743
2-chloro-2-butenal,160,19.36134999
2-chloro-2-butenal,155,16.34773468
2-chloro-2-butenal,150,13.60282105
2-chloro-2-butenal,145,11.14840260
2-chloro-2-butenal,140,8.99670247
2-chloro-2-butenal,135,7.14861003
2-chloro-2-butenal,130,5.59403769
2-chloro-2-butenal,125,4.31305188
2-chloro-2-butenal,120,3.27832994
2-chloro-2-butenal,115,2.45817855
2-chloro-2-butenal,110,1.81949470
2-chloro-2-butenal,105,1.33020829
2-chloro-2-butenal,100,0.96101362
2-chloro-2-butenal,95,0.68633137
2-chloro-2-butenal,90,0.48464969
2-chloro-2-butenal,85,0.33841579
2-chloro-2-butenal,80,0.23366234
2-chloro-2-butenal,75,0.15950803
2-chloro-2-butenal,70,0.10762966
2-chloro-2-butenal,65,0.07176312
2-chloro-2-butenal,60,0.04726328
2-chloro-2-butenal,55,0.03073302
2-chloro-2-butenal,50,0.01972087
2-chloro-2-butenal,45,0.01248082
2-chloro-2-butenal,40,0.00778559
2-chloro-2-butenal,35,0.00478391
2-chloro-2-butenal,30,0.00289340
2-chloro-2-butenal,25,0.00172121
2-methyl-1-pentanol,160,5.54756002
2-methyl-1-pentanol,155,4.07313457
2-methyl-1-pentanol,150,2.95508554
2-methyl-1-pentanol,145,2.11956712
2-methyl-1-pentanol,140,1.50339831
2-methyl-1-pentanol,135,1.05458698
2-methyl-1-pentanol,130,0.73154683
2-methyl-1-pentanol,125,0.50173927
2-methyl-1-pentanol,120,0.34015976
2-methyl-1-pentanol,115,0.22789092
2-methyl-1-pentanol,110,0.15082216
2-methyl-1-pentanol,105,0.09856934
2-methyl-1-pentanol,100,0.06359083
2-methyl-1-pentanol,95,0.04048142
2-methyl-1-pentanol,90,0.02541873
2-methyl-1-pentanol,85,0.01573670
2-methyl-1-pentanol,80,0.00960186
2-methyl-1-pentanol,75,0.00577157
2-methyl-1-pentanol,70,0.00341616
2-methyl-1-pentanol,65,0.00199016
2-methyl-1-pentanol,60,0.00114059
2-methyl-1-pentanol,55,0.00064276
2-methyl-1-pentanol,50,0.00035596
2-methyl-1-pentanol,45,0.00019361
2-methyl-1-pentanol,40,0.00010336
2-methyl-1-pentanol,35,0.00005412
2-methyl-1-pentanol,30,0.00002778
2-methyl-1-pentanol,25,0.00001396
2-methyl-2-butanol,160,8.86744395
2-methyl-2-butanol,155,6.59643485
2-methyl-2-butanol,150,4.83121984
2-methyl-2-butanol,145,3.48841878
2-methyl-2-butanol,140,2.48572045
2-methyl-2-butanol,135,1.74907953
2-methyl-2-butanol,130,1.21579685
2-methyl-2-butanol,125,0.83497277
2-methyl-2-butanol,120,0.56654935
2-methyl-2-butanol,115,0.37975163
2-methyl-2-butanol,110,0.25139905
2-methyl-2-butanol,105,0.16432729
2-methyl-2-butanol,100,0.10602311
2-methyl-2-butanol,95,0.06749742
2-methyl-2-butanol,90,0.04238502
2-methyl-2-butanol,85,0.02624297
2-methyl-2-butanol,80,0.01601475
2-methyl-2-butanol,75,0.00962852
2-methyl-2-butanol,70,0.00570100
2-methyl-2-butanol,65,0.00332281
2-methyl-2-butanol,60,0.00190557
2-methyl-2-butanol,55,0.00107473
2-methyl-2-butanol,50,0.00059581
2-methyl-2-butanol,45,0.00032450
2-methyl-2-butanol,40,0.00017352
2-methyl-2-butanol,35,0.00009104
2-methyl-2-butanol,30,0.00004684
2-methyl-2-butanol,25,0.00002361
2-methyl-2-butene,160,12.25831900
2-methyl-2-butene,155,9.48688541
2-methyl-2-butene,150,7.25068817
2-methyl-2-butene,145,5.47934904
2-methyl-2-butene,140,4.09790672
2-methyl-2-butene,135,3.03488643
2-methyl-2-butene,130,2.22653488
2-methyl-2-butene,125,1.61845342
2-methyl-2-butene,120,1.16564635
2-methyl-2-butene,115,0.83174695
2-methyl-2-butene,110,0.58788978
2-methyl-2-butene,105,0.41150212
2-methyl-2-butene,100,0.28515805
2-methyl-2-butene,95,0.19556054
2-methyl-2-butene,90,0.13267383
2-methyl-2-butene,85,0.08900366
2-methyl-2-butene,80,0.05901246
2-methyl-2-butene,75,0.03865208
2-methyl-2-butene,70,0.02499544
2-methyl-2-butene,65,0.01594990
2-methyl-2-butene,60,0.01003688
2-methyl-2-butene,55,0.00622447
2-methyl-2-butene,50,0.00380163
2-methyl-2-butene,45,0.00228498
2-methyl-2-butene,40,0.00135053
2-methyl-2-butene,35,0.00078428
2-methyl-2-butene,30,0.00044710
2-methyl-2-butene,25,0.00024998
2-methylfuran,160,30.27198634
2-methylfuran,155,26.89478085
2-methylfuran,150,23.63072317
2-methylfuran,145,20.51130771
2-methylfuran,140,17.56837932
2-methylfuran,135,14.83315781
2-methylfuran,130,12.33322486
2-methylfuran,125,10.09049991
2-methylfuran,120,8.11879599
2-methylfuran,115,6.42250657
2-methylfuran,110,4.99528345
2-methylfuran,105,3.82120818
2-methylfuran,100,2.87648595
2-methylfuran,95,2.13224771
2-methylfuran,90,1.55753350
2-methylfuran,85,1.12189990
2-methylfuran,80,0.79732205
2-methylfuran,75,0.55932073
2-methylfuran,70,0.38739231
2-methylfuran,65,0.26494239
2-methylfuran,60,0.17891460
2-methylfuran,55,0.11927790
2-methylfuran,50,0.07848188
2-methylfuran,45,0.05094540
2-methylfuran,40,0.03261059
2-methylfuran,35,0.02057252
2-methylfuran,30,0.01278251
2-methylfuran,25,0.00781700
2-nitropropane,160,21.81545597
2-nitropropane,155,18.42393056
2-nitropropane,150,15.31044415
2-nitropropane,145,12.51242191
2-nitropropane,140,10.05381261
2-nitropropane,135,7.94318147
2-nitropropane,130,6.17322099
2-nitropropane,125,4.72241033
2-nitropropane,120,3.55873755
2-nitropropane,115,2.64409182
2-nitropropane,110,1.93844363
2-nitropropane,105,1.40322623
2-nitropropane,100,1.00354726
2-nitropropane,95,0.70933661
2-nitropropane,90,0.49564598
2-nitropropane,85,0.34239907
2-nitropropane,80,0.23383874
2-nitropropane,75,0.15785429
2-nitropropane,70,0.10530387
2-nitropropane,65,0.06939647
2-nitropropane,60,0.04516090
2-nitropropane,55,0.02900819
2-nitropropane,50,0.01838183
2-nitropropane,45,0.01148475
2-nitropropane,40,0.00707056
2-nitropropane,35,0.00428646
2-nitropropane,30,0.00255711
2-nitropropane,25,0.00149995
2-nitrothiophene,160,13.78998819
2-nitrothiophene,155,11.35662848
2-nitrothiophene,150,9.22603324
2-nitrothiophene,145,7.39437522
2-nitrothiophene,140,5.84828596
2-nitrothiophene,135,4.56642373
2-nitrothiophene,130,3.52178499
2-nitrothiophene,125,2.68425588
2-nitrothiophene,120,2.02295216
2-nitrothiophene,115,1.50816487
2-nitrothiophene,110,1.11269940
2-nitrothiophene,105,0.81263105
2-nitrothiophene,100,0.58758614
2-nitrothiophene,95,0.42067302
2-nitrothiophene,90,0.29819799
2-nitrothiophene,85,0.20927002
2-nitrothiophene,80,0.14536991
2-nitrothiophene,75,0.09993129
2-nitrothiophene,70,0.06796054
2-nitrothiophene,65,0.04570741
2-nitrothiophene,60,0.03038900
2-nitrothiophene,55,0.01996423
2-nitrothiophene,50,0.01295337
2-nitrothiophene,45,0.00829616
2-nitrothiophene,40,0.00524190
2-nitrothiophene,35,0.00326551
2-nitrothiophene,30,0.00200438
2-nitrothiophene,25,0.00121135
2-octanol,160,2.91057488
2-octanol,155,2.14110853
2-octanol,150,1.56048490
2-octanol,145,1.12656550
2-octanol,140,0.80540107
2-octanol,135,0.57001471
2-octanol,130,0.39922728
2-octanol,125,0.27659521
2-octanol,120,0.18948775
2-octanol,115,0.12830551
2-octanol,110,0.08583198
2-octanol,105,0.05670245
2-octanol,100,0.03697522
2-octanol,95,0.02378931
2-octanol,90,0.01509452
2-octanol,85,0.00944115
2-octanol,80,0.00581833
2-octanol,75,0.00353129
2-octanol,70,0.00210970
2-octanol,65,0.00124006
2-octanol,60,0.00071676
2-octanol,55,0.00040716
2-octanol,50,0.00022719
2-octanol,45,0.00012444
2-octanol,40,0.00006686
2-octanol,35,0.00003522
2-octanol,30,0.00001817
2-octanol,25,0.00000917
piracetam,160,0.40583878
piracetam,155,0.30465431
piracetam,150,0.22740008
piracetam,145,0.16873074
piracetam,140,0.12442678
piracetam,135,0.09116940
piracetam,130,0.06635931
piracetam,125,0.04797067
piracetam,120,0.03443301
piracetam,115,0.02453602
piracetam,110,0.01735270
piracetam,105,0.01217774
piracetam,100,0.00847822
piracetam,95,0.00585439
piracetam,90,0.00400861
piracetam,85,0.00272106
piracetam,80,0.00183065
piracetam,75,0.00122035
piracetam,70,0.00080586
piracetam,65,0.00052700
piracetam,60,0.00034120
piracetam,55,0.00021864
piracetam,50,0.00013863
piracetam,45,0.00008693
piracetam,40,0.00005390
piracetam,35,0.00003303
piracetam,30,0.00002000
piracetam,25,0.00001196
2-pentanol,160,8.69699906
2-pentanol,155,6.47353450
2-pentanol,150,4.74491320
2-pentanol,145,3.42914457
2-pentanol,140,2.44580331
2-pentanol,135,1.72268684
2-pentanol,130,1.19866052
2-pentanol,125,0.82405453
2-pentanol,120,0.55973315
2-pentanol,115,0.37559139
2-pentanol,110,0.24892427
2-pentanol,105,0.16289860
2-pentanol,100,0.10522758
2-pentanol,95,0.06707414
2-pentanol,90,0.04217319
2-pentanol,85,0.02614625
2-pentanol,80,0.01597733
2-pentanol,75,0.00961934
2-pentanol,70,0.00570363
2-pentanol,65,0.00332914
2-pentanol,60,0.00191200
2-pentanol,55,0.00107997
2-pentanol,50,0.00059962
2-pentanol,45,0.00032708
2-pentanol,40,0.00017517
2-pentanol,35,0.00009206
2-pentanol,30,0.00004744
2-pentanol,25,0.00002395
2-phenoxyethanol,160,10.22444918
2-phenoxyethanol,155,8.17519737
2-phenoxyethanol,150,6.44783446
2-phenoxyethanol,145,5.01831960
2-phenoxyethanol,140,3.85598252
2-phenoxyethanol,135,2.92652617
2-phenoxyethanol,130,2.19485201
2-phenoxyethanol,125,1.62726198
2-phenoxyethanol,120,1.19298383
2-phenoxyethanol,115,0.86500488
2-phenoxyethanol,110,0.62036618
2-phenoxyethanol,105,0.44006925
2-phenoxyethanol,100,0.30874379
2-phenoxyethanol,95,0.21419469
2-phenoxyethanol,90,0.14691088
2-phenoxyethanol,85,0.09958924
2-phenoxyethanol,80,0.06670263
2-phenoxyethanol,75,0.04412535
2-phenoxyethanol,70,0.02881881
2-phenoxyethanol,65,0.01857471
2-phenoxyethanol,60,0.01180944
2-phenoxyethanol,55,0.00740271
2-phenoxyethanol,50,0.00457283
2-phenoxyethanol,45,0.00278215
2-phenoxyethanol,40,0.00166621
2-phenoxyethanol,35,0.00098168
2-phenoxyethanol,30,0.00056862
2-phenoxyethanol,25,0.00032359
2-phenylethanol,160,10.44441638
2-phenylethanol,155,8.26147801
2-phenylethanol,150,6.43859168
2-phenylethanol,145,4.94688553
2-phenylethanol,140,3.74937311
2-phenylethanol,135,2.80509635
2-phenylethanol,130,2.07277266
2-phenylethanol,125,1.51349856
2-phenylethanol,120,1.09245211
2-phenylethanol,115,0.77969759
2-phenylethanol,110,0.55032449
2-phenylethanol,105,0.38415169
2-phenylethanol,100,0.26519378
2-phenylethanol,95,0.18103178
2-phenylethanol,90,0.12218157
2-phenylethanol,85,0.08151235
2-phenylethanol,80,0.05374002
2-phenylethanol,75,0.03500289
2-phenylethanol,70,0.02251662
2-phenylethanol,65,0.01430030
2-phenylethanol,60,0.00896328
2-phenylethanol,55,0.00554234
2-phenylethanol,50,0.00337937
2-phenylethanol,45,0.00203090
2-phenylethanol,40,0.00120236
2-phenylethanol,35,0.00070086
2-phenylethanol,30,0.00040200
2-phenylethanol,25,0.00022674
2-propanethiol,160,36.67728566
2-propanethiol,155,33.49296045
2-propanethiol,150,30.35297256
2-propanethiol,145,27.27627428
2-propanethiol,140,24.28063765
2-propanethiol,135,21.39042381
2-propanethiol,130,18.62909049
2-propanethiol,125,16.02016361
2-propanethiol,120,13.58777670
2-propanethiol,115,11.35401389
2-propanethiol,110,9.33738789
2-propanethiol,105,7.55131997
2-propanethiol,100,6.00174739
2-propanethiol,95,4.68683591
2-propanethiol,90,3.59618404
2-propanethiol,85,2.71210900
2-propanethiol,80,2.01148049
2-propanethiol,75,1.46811037
2-propanethiol,70,1.05520614
2-propanethiol,65,0.74735568
2-propanethiol,60,0.52185568
2-propanethiol,55,0.35938525
2-propanethiol,50,0.24413868
2-propanethiol,45,0.16360152
2-propanethiol,40,0.10813181
2-propanethiol,35,0.07047191
2-propanethiol,30,0.04526927
2-propanethiol,25,0.02864820
2-propanol,160,13.97517651
2-propanol,155,10.36162527
2-propanol,150,7.50464612
2-propanol,145,5.32520479
2-propanol,140,3.71150830
2-propanol,135,2.54587240
2-propanol,130,1.72114121
2-propanol,125,1.14789716
2-propanol,120,0.75569304
2-propanol,115,0.49121608
2-propanol,110,0.31530312
2-propanol,105,0.19984732
2-propanol,100,0.12506338
2-propanol,95,0.07725848
2-propanol,90,0.04710341
2-propanol,85,0.02833632
2-propanol,80,0.01681535
2-propanol,75,0.00984053
2-propanol,70,0.00567744
2-propanol,65,0.00322828
2-propanol,60,0.00180854
2-propanol,55,0.00099785
2-propanol,50,0.00054201
2-propanol,45,0.00028972
2-propanol,40,0.00015232
2-propanol,35,0.00007873
2-propanol,30,0.00003998
2-propanol,25,0.00001994
propynol,160,8.06780798
propynol,155,5.93625853
propynol,150,4.32371006
propynol,145,3.12024395
propynol,140,2.23239752
propynol,135,1.58404104
propynol,130,1.11496965
propynol,125,0.77857699
propynol,120,0.53937202
propynol,115,0.37068710
propynol,110,0.25271321
propynol,105,0.17088716
propynol,100,0.11460550
propynol,95,0.07621939
propynol,90,0.05026152
propynol,85,0.03285939
propynol,80,0.02129500
propynol,75,0.01367812
propynol,70,0.00870638
propynol,65,0.00549083
propynol,60,0.00343041
propynol,55,0.00212262
propynol,50,0.00130052
propynol,45,0.00078881
propynol,40,0.00047349
propynol,35,0.00028119
propynol,30,0.00016515
propynol,25,0.00009590
2-pyrrolidon,160,11.86386508
2-pyrrolidon,155,9.55829052
2-pyrrolidon,150,7.60170418
2-pyrrolidon,145,5.96913018
2-pyrrolidon,140,4.62950722
2-pyrrolidon,135,3.54794899
2-pyrrolidon,130,2.68818172
2-pyrrolidon,125,2.01465163
2-pyrrolidon,120,1.49419972
2-pyrrolidon,115,1.09715051
2-pyrrolidon,110,0.79784819
2-pyrrolidon,105,0.57475479
2-pyrrolidon,100,0.41023180
2-pyrrolidon,95,0.29013722
2-pyrrolidon,90,0.20333798
2-pyrrolidon,85,0.14120904
2-pyrrolidon,80,0.09716320
2-pyrrolidon,75,0.06623455
2-pyrrolidon,70,0.04472432
2-pyrrolidon,65,0.02990879
2-pyrrolidon,60,0.01980425
2-pyrrolidon,55,0.01298136
2-pyrrolidon,50,0.00842119
2-pyrrolidon,45,0.00540502
2-pyrrolidon,40,0.00343133
2-pyrrolidon,35,0.00215392
2-pyrrolidon,30,0.00133643
2-pyrrolidon,25,0.00081933
"2-(1,1-dimethylethyl)-4-methylphenol",160,19.97764048
"2-(1,1-dimethylethyl)-4-methylphenol",155,18.14961833
"2-(1,1-dimethylethyl)-4-methylphenol",150,16.47420592
"2-(1,1-dimethylethyl)-4-methylphenol",145,14.94600908
"2-(1,1-dimethylethyl)-4-methylphenol",140,13.55854020
"2-(1,1-dimethylethyl)-4-methylphenol",135,12.30452481
"2-(1,1-dimethylethyl)-4-methylphenol",130,11.17736714
"2-(1,1-dimethylethyl)-4-methylphenol",125,10.16914866
"2-(1,1-dimethylethyl)-4-methylphenol",120,9.27250061
"2-(1,1-dimethylethyl)-4-methylphenol",115,8.48027325
"2-(1,1-dimethylethyl)-4-methylphenol",110,7.78514312
"2-(1,1-dimethylethyl)-4-methylphenol",105,7.18027681
"2-(1,1-dimethylethyl)-4-methylphenol",100,6.65929291
"2-(1,1-dimethylethyl)-4-methylphenol",95,6.21636749
"2-(1,1-dimethylethyl)-4-methylphenol",90,5.84632732
"2-(1,1-dimethylethyl)-4-methylphenol",85,5.54480285
"2-(1,1-dimethylethyl)-4-methylphenol",80,5.30797140
"2-(1,1-dimethylethyl)-4-methylphenol",75,5.13325679
"2-(1,1-dimethylethyl)-4-methylphenol",70,5.01854040
"2-(1,1-dimethylethyl)-4-methylphenol",65,4.96292474
"2-(1,1-dimethylethyl)-4-methylphenol",60,4.96579704
"2-(1,1-dimethylethyl)-4-methylphenol",55,5.02786050
"2-(1,1-dimethylethyl)-4-methylphenol",50,5.15030220
"2-(1,1-dimethylethyl)-4-methylphenol",45,5.33362020
"2-(1,1-dimethylethyl)-4-methylphenol",40,5.57921145
"2-(1,1-dimethylethyl)-4-methylphenol",35,5.88797023
"2-(1,1-dimethylethyl)-4-methylphenol",30,6.25931865
"2-(1,1-dimethylethyl)-4-methylphenol",25,6.69249456
(methylthio)-ethane,160,35.87932672
(methylthio)-ethane,155,32.62420222
(methylthio)-ethane,150,29.41989355
(methylthio)-ethane,145,26.28411250
(methylthio)-ethane,140,23.24263781
(methylthio)-ethane,135,20.32094390
(methylthio)-ethane,130,17.54498903
(methylthio)-ethane,125,14.94191368
(methylthio)-ethane,120,12.53726814
(methylthio)-ethane,115,10.35333561
(methylthio)-ethane,110,8.40741544
(methylthio)-ethane,105,6.70917628
(methylthio)-ethane,100,5.25972571
(methylthio)-ethane,95,4.05081591
(methylthio)-ethane,90,3.06578017
(methylthio)-ethane,85,2.28138504
(methylthio)-ethane,80,1.67037209
(methylthio)-ethane,75,1.20420478
(methylthio)-ethane,70,0.85536990
(methylthio)-ethane,65,0.59898479
(methylthio)-ethane,60,0.41367557
(methylthio)-ethane,55,0.28182873
(methylthio)-ethane,50,0.18941644
(methylthio)-ethane,45,0.12557828
(methylthio)-ethane,40,0.08210544
(methylthio)-ethane,35,0.05292154
(methylthio)-ethane,30,0.03361178
(methylthio)-ethane,25,0.02102340
2-methyl-benzeneamine,160,28.41323839
2-methyl-benzeneamine,155,25.51737197
2-methyl-benzeneamine,150,22.72656118
2-methyl-benzeneamine,145,20.05611863
2-methyl-benzeneamine,140,17.52305727
2-methyl-benzeneamine,135,15.14357333
2-methyl-benzeneamine,130,12.93336018
2-methyl-benzeneamine,125,10.90640450
2-methyl-benzeneamine,120,9.07407531
2-methyl-benzeneamine,115,7.44353655
2-methyl-benzeneamine,110,6.01733816
2-methyl-benzeneamine,105,4.79243243
2-methyl-benzeneamine,100,3.76023224
2-methyl-benzeneamine,95,2.90701220
2-methyl-benzeneamine,90,2.21514106
2-methyl-benzeneamine,85,1.66445653
2-methyl-benzeneamine,80,1.23389156
2-methyl-benzeneamine,75,0.90287950
2-methyl-benzeneamine,70,0.65240540
2-methyl-benzeneamine,65,0.46567909
2-methyl-benzeneamine,60,0.32842279
2-methyl-benzeneamine,55,0.22887671
2-methyl-benzeneamine,50,0.15761049
2-methyl-benzeneamine,45,0.10723332
2-methyl-benzeneamine,40,0.07206733
2-methyl-benzeneamine,35,0.04782730
2-methyl-benzeneamine,30,0.03133089
2-methyl-benzeneamine,25,0.02025020
2-vinyltoluene,160,16.41143074
2-vinyltoluene,155,13.74914148
2-vinyltoluene,150,11.36826553
2-vinyltoluene,145,9.27506602
2-vinyltoluene,140,7.46681701
2-vinyltoluene,135,5.93223242
2-vinyltoluene,130,4.65249903
2-vinyltoluene,125,3.60333480
2-vinyltoluene,120,2.75712491
2-vinyltoluene,115,2.08509578
2-vinyltoluene,110,1.55911946
2-vinyltoluene,105,1.15306448
2-vinyltoluene,100,0.84362050
2-vinyltoluene,95,0.61068547
2-vinyltoluene,90,0.43740184
2-vinyltoluene,85,0.30996410
2-vinyltoluene,80,0.21729387
2-vinyltoluene,75,0.15065785
2-vinyltoluene,70,0.10327993
2-vinyltoluene,65,0.06997827
2-vinyltoluene,60,0.04684363
2-vinyltoluene,55,0.03096497
2-vinyltoluene,50,0.02020195
2-vinyltoluene,45,0.01300068
2-vinyltoluene,40,0.00824734
2-vinyltoluene,35,0.00515395
2-vinyltoluene,30,0.00317048
2-vinyltoluene,25,0.00191834
"3,3,3-trichloro-1-propene",160,8.46442769
"3,3,3-trichloro-1-propene",155,6.69830220
"3,3,3-trichloro-1-propene",150,5.24245935
"3,3,3-trichloro-1-propene",145,4.06046265
"3,3,3-trichloro-1-propene",140,3.11401164
"3,3,3-trichloro-1-propene",135,2.36571019
"3,3,3-trichloro-1-propene",130,1.78092586
"3,3,3-trichloro-1-propene",125,1.32884399
"3,3,3-trichloro-1-propene",120,0.98288815
"3,3,3-trichloro-1-propene",115,0.72070235
"3,3,3-trichloro-1-propene",110,0.52386004
"3,3,3-trichloro-1-propene",105,0.37743165
"3,3,3-trichloro-1-propene",100,0.26949809
"3,3,3-trichloro-1-propene",95,0.19066707
"3,3,3-trichloro-1-propene",90,0.13362483
"3,3,3-trichloro-1-propene",85,0.09273882
"3,3,3-trichloro-1-propene",80,0.06371690
"3,3,3-trichloro-1-propene",75,0.04332190
"3,3,3-trichloro-1-propene",70,0.02913718
"3,3,3-trichloro-1-propene",65,0.01937711
"3,3,3-trichloro-1-propene",60,0.01273598
"3,3,3-trichloro-1-propene",55,0.00826923
"3,3,3-trichloro-1-propene",50,0.00530104
"3,3,3-trichloro-1-propene",45,0.00335336
"3,3,3-trichloro-1-propene",40,0.00209202
"3,3,3-trichloro-1-propene",35,0.00128632
"3,3,3-trichloro-1-propene",30,0.00077900
"3,3,3-trichloro-1-propene",25,0.00046433
"3,4-dichloronitrobenzene",160,7.36691974
"3,4-dichloronitrobenzene",155,5.90484720
"3,4-dichloronitrobenzene",150,4.68393989
"3,4-dichloronitrobenzene",145,3.67816619
"3,4-dichloronitrobenzene",140,2.86028176
"3,4-dichloronitrobenzene",135,2.20331230
"3,4-dichloronitrobenzene",130,1.68170321
"3,4-dichloronitrobenzene",125,1.27209787
"3,4-dichloronitrobenzene",120,0.95379416
"3,4-dichloronitrobenzene",115,0.70890488
"3,4-dichloronitrobenzene",110,0.52230943
"3,4-dichloronitrobenzene",105,0.38146458
"3,4-dichloronitrobenzene",100,0.27613480
"3,4-dichloronitrobenzene",95,0.19808838
"3,4-dichloronitrobenzene",90,0.14079154
"3,4-dichloronitrobenzene",85,0.09912034
"3,4-dichloronitrobenzene",80,0.06910164
"3,4-dichloronitrobenzene",75,0.04768777
"3,4-dichloronitrobenzene",70,0.03256541
"3,4-dichloronitrobenzene",65,0.02199678
"3,4-dichloronitrobenzene",60,0.01469001
"3,4-dichloronitrobenzene",55,0.00969476
"3,4-dichloronitrobenzene",50,0.00631948
"3,4-dichloronitrobenzene",45,0.00406645
"3,4-dichloronitrobenzene",40,0.00258158
"3,4-dichloronitrobenzene",35,0.00161590
"3,4-dichloronitrobenzene",30,0.00099659
"3,4-dichloronitrobenzene",25,0.00060517
"3,4-dichlorotoluene",160,8.05686553
"3,4-dichlorotoluene",155,6.42038110
"3,4-dichlorotoluene",150,5.06133047
"3,4-dichlorotoluene",145,3.94877855
"3,4-dichlorotoluene",140,3.05020428
"3,4-dichlorotoluene",135,2.33353888
"3,4-dichlorotoluene",130,1.76865405
"3,4-dichlorotoluene",125,1.32831460
"3,4-dichlorotoluene",120,0.98865097
"3,4-dichlorotoluene",115,0.72927113
"3,4-dichlorotoluene",110,0.53312271
"3,4-dichlorotoluene",105,0.38620364
"3,4-dichlorotoluene",100,0.27719735
"3,4-dichlorotoluene",95,0.19708516
"3,4-dichlorotoluene",90,0.13877080
"3,4-dichlorotoluene",85,0.09673624
"3,4-dichlorotoluene",80,0.06673859
"3,4-dichlorotoluene",75,0.04555063
"3,4-dichlorotoluene",70,0.03074386
"3,4-dichlorotoluene",65,0.02051023
"3,4-dichlorotoluene",60,0.01351813
"3,4-dichlorotoluene",55,0.00879767
"3,4-dichlorotoluene",50,0.00565038
"3,4-dichlorotoluene",45,0.00357920
"3,4-dichlorotoluene",40,0.00223466
"3,4-dichlorotoluene",35,0.00137423
"3,4-dichlorotoluene",30,0.00083178
"3,4-dichlorotoluene",25,0.00049514
"3,4-dimethylphenol",160,23.16797860
"3,4-dimethylphenol",155,20.57840349
"3,4-dimethylphenol",150,18.14859301
"3,4-dimethylphenol",145,15.88628247
"3,4-dimethylphenol",140,13.79822493
"3,4-dimethylphenol",135,11.88866411
"3,4-dimethylphenol",130,10.15885599
"3,4-dimethylphenol",125,8.60819571
"3,4-dimethylphenol",120,7.23283544
"3,4-dimethylphenol",115,6.02630343
"3,4-dimethylphenol",110,4.97964895
"3,4-dimethylphenol",105,4.08189928
"3,4-dimethylphenol",100,3.32036238
"3,4-dimethylphenol",95,2.68131890
"3,4-dimethylphenol",90,2.15061475
"3,4-dimethylphenol",85,1.71419963
"3,4-dimethylphenol",80,1.35859624
"3,4-dimethylphenol",75,1.07128586
"3,4-dimethylphenol",70,0.84093888
"3,4-dimethylphenol",65,0.65754848
"3,4-dimethylphenol",60,0.51245290
"3,4-dimethylphenol",55,0.39829084
"3,4-dimethylphenol",50,0.30890529
"3,4-dimethylphenol",45,0.23921515
"3,4-dimethylphenol",40,0.18507834
"3,4-dimethylphenol",35,0.14315271
"3,4-dimethylphenol",30,0.11076593
"3,4-dimethylphenol",25,0.08579794
"3,4-dinitrophenol",160,14.24632103
"3,4-dinitrophenol",155,12.66959536
"3,4-dinitrophenol",150,11.25915417
"3,4-dinitrophenol",145,10.00252829
"3,4-dinitrophenol",140,8.88748784
"3,4-dinitrophenol",135,7.90204296
"3,4-dinitrophenol",130,7.03459346
"3,4-dinitrophenol",125,6.27413172
"3,4-dinitrophenol",120,5.61022472
"3,4-dinitrophenol",115,5.03318272
"3,4-dinitrophenol",110,4.53410802
"3,4-dinitrophenol",105,4.10484875
"3,4-dinitrophenol",100,3.73816187
"3,4-dinitrophenol",95,3.42762458
"3,4-dinitrophenol",90,3.16767018
"3,4-dinitrophenol",85,2.95359148
"3,4-dinitrophenol",80,2.78154562
"3,4-dinitrophenol",75,2.64856426
"3,4-dinitrophenol",70,2.55257294
"3,4-dinitrophenol",65,2.49240605
"3,4-dinitrophenol",60,2.46790490
"3,4-dinitrophenol",55,2.47990261
"3,4-dinitrophenol",50,2.53029624
"3,4-dinitrophenol",45,2.62213535
"3,4-dinitrophenol",40,2.75944831
"3,4-dinitrophenol",35,2.94727503
"3,4-dinitrophenol",30,3.19139929
"3,4-dinitrophenol",25,3.49755458
vinyloxirane,160,35.61999199
vinyloxirane,155,32.10673826
vinyloxirane,150,28.64530444
vinyloxirane,145,25.26758259
vinyloxirane,140,22.00764298
vinyloxirane,135,18.90292817
vinyloxirane,130,15.99088385
vinyloxirane,125,13.30734193
vinyloxirane,120,10.88286417
vinyloxirane,115,8.73981400
vinyloxirane,110,6.88954695
vinyloxirane,105,5.33093394
vinyloxirane,100,4.05030499
vinyloxirane,95,3.02361733
vinyloxirane,90,2.21962811
vinyloxirane,85,1.60374887
vinyloxirane,80,1.14147211
vinyloxirane,75,0.80090509
vinyloxirane,70,0.55427169
vinyloxirane,65,0.37848245
vinyloxirane,60,0.25504939
vinyloxirane,55,0.16961227
vinyloxirane,50,0.11129541
vinyloxirane,45,0.07203768
vinyloxirane,40,0.04597599
vinyloxirane,35,0.02891846
vinyloxirane,30,0.01791590
vinyloxirane,25,0.01092533
"3,5-dinitrophenol",160,12.68532962
"3,5-dinitrophenol",155,11.04856353
"3,5-dinitrophenol",150,9.59496653
"3,5-dinitrophenol",145,8.31154293
"3,5-dinitrophenol",140,7.18461258
"3,5-dinitrophenol",135,6.20037191
"3,5-dinitrophenol",130,5.34502548
"3,5-dinitrophenol",125,4.60521127
"3,5-dinitrophenol",120,3.96811122
"3,5-dinitrophenol",115,3.42172486
"3,5-dinitrophenol",110,2.95490641
"3,5-dinitrophenol",105,2.55746622
"3,5-dinitrophenol",100,2.22020107
"3,5-dinitrophenol",95,1.93491099
"3,5-dinitrophenol",90,1.69434481
"3,5-dinitrophenol",85,1.49217547
"3,5-dinitrophenol",80,1.32293408
"3,5-dinitrophenol",75,1.18194345
"3,5-dinitrophenol",70,1.06524979
"3,5-dinitrophenol",65,0.96955671
"3,5-dinitrophenol",60,0.89216524
"3,5-dinitrophenol",55,0.83092292
"3,5-dinitrophenol",50,0.78418456
"3,5-dinitrophenol",45,0.75078741
"3,5-dinitrophenol",40,0.73004348
"3,5-dinitrophenol",35,0.72175251
"3,5-dinitrophenol",30,0.72623910
"3,5-dinitrophenol",25,0.74441854
3-bromopropyne,160,31.12828331
3-bromopropyne,155,28.70602417
3-bromopropyne,150,26.36643891
3-bromopropyne,145,24.11354471
3-bromopropyne,140,21.95009304
3-bromopropyne,135,19.87922298
3-bromopropyne,130,17.90545450
3-bromopropyne,125,16.03114977
3-bromopropyne,120,14.25930688
3-bromopropyne,115,12.59416304
3-bromopropyne,110,11.03893015
3-bromopropyne,105,9.59503503
3-bromopropyne,100,8.26591104
3-bromopropyne,95,7.05293317
3-bromopropyne,90,5.95681524
3-bromopropyne,85,4.97717782
3-bromopropyne,80,4.11221521
3-bromopropyne,75,3.35852770
3-bromopropyne,70,2.71095722
3-bromopropyne,65,2.16265276
3-bromopropyne,60,1.70536786
3-bromopropyne,55,1.32967745
3-bromopropyne,50,1.02556574
3-bromopropyne,45,0.78287914
3-bromopropyne,40,0.59180535
3-bromopropyne,35,0.44325422
3-bromopropyne,30,0.32910879
3-bromopropyne,25,0.24234533
3-butenenitrile,160,34.82444792
3-butenenitrile,155,31.06977083
3-butenenitrile,150,27.37494192
3-butenenitrile,145,23.78557587
3-butenenitrile,140,20.35103971
3-butenenitrile,135,17.12277658
3-butenenitrile,130,14.14955835
3-butenenitrile,125,11.47306136
3-butenenitrile,120,9.12290741
3-butenenitrile,115,7.11301765
3-butenenitrile,110,5.43970940
3-butenenitrile,105,4.08322513
3-butenenitrile,100,3.01124532
3-butenenitrile,95,2.18404235
3-butenenitrile,90,1.55953204
3-butenenitrile,85,1.09732413
3-butenenitrile,80,0.76136045
3-butenenitrile,75,0.52116486
3-butenenitrile,70,0.35205727
3-butenenitrile,65,0.23471766
3-butenenitrile,60,0.15443325
3-butenenitrile,55,0.10025491
3-butenenitrile,50,0.06419421
3-butenenitrile,45,0.04052506
3-butenenitrile,40,0.02520950
3-butenenitrile,35,0.01544403
3-butenenitrile,30,0.00931165
3-butenenitrile,25,0.00552138
3-chloro-1-propanol,160,8.09280473
3-chloro-1-propanol,155,6.08922500
3-chloro-1-propanol,150,4.52322915
3-chloro-1-propanol,145,3.32072518
3-chloro-1-propanol,140,2.41137094
3-chloro-1-propanol,135,1.73292291
3-chloro-1-propanol,130,1.23288722
3-chloro-1-propanol,125,0.86849570
3-chloro-1-propanol,120,0.60579694
3-chloro-1-propanol,115,0.41838315
3-chloro-1-propanol,110,0.28605538
3-chloro-1-propanol,105,0.19358560
3-chloro-1-propanol,100,0.12964157
3-chloro-1-propanol,95,0.08589200
3-chloro-1-propanol,90,0.05628303
3-chloro-1-propanol,85,0.03646615
3-chloro-1-propanol,80,0.02335365
3-chloro-1-propanol,75,0.01477848
3-chloro-1-propanol,70,0.00923775
3-chloro-1-propanol,65,0.00570173
3-chloro-1-propanol,60,0.00347365
3-chloro-1-propanol,55,0.00208800
3-chloro-1-propanol,50,0.00123780
3-chloro-1-propanol,45,0.00072335
3-chloro-1-propanol,40,0.00041649
3-chloro-1-propanol,35,0.00023615
3-chloro-1-propanol,30,0.00013178
3-chloro-1-propanol,25,0.00007233
3-chloro-2-methyl-1-propene,160,26.18378096
3-chloro-2-methyl-1-propene,155,22.88221737
3-chloro-2-methyl-1-propene,150,19.74674509
3-chloro-2-methyl-1-propene,145,16.81060678
3-chloro-2-methyl-1-propene,140,14.10416081
3-chloro-2-methyl-1-propene,135,11.65290620
3-chloro-2-methyl-1-propene,130,9.47491128
3-chloro-2-methyl-1-propene,125,7.57928680
3-chloro-2-methyl-1-propene,120,5.96429224
3-chloro-2-methyl-1-propene,115,4.61808422
3-chloro-2-methyl-1-propene,110,3.51988027
3-chloro-2-methyl-1-propene,105,2.64248291
3-chloro-2-methyl-1-propene,100,1.95523635
3-chloro-2-methyl-1-propene,95,1.42681938
3-chloro-2-methyl-1-propene,90,1.02746266
3-chloro-2-methyl-1-propene,85,0.73043745
3-chloro-2-methyl-1-propene,80,0.51280215
3-chloro-2-methyl-1-propene,75,0.35557598
3-chloro-2-methyl-1-propene,70,0.24352010
3-chloro-2-methyl-1-propene,65,0.16470410
3-chloro-2-methyl-1-propene,60,0.10998611
3-chloro-2-methyl-1-propene,55,0.07249152
3-chloro-2-methyl-1-propene,50,0.04713734
3-chloro-2-methyl-1-propene,45,0.03022380
3-chloro-2-methyl-1-propene,40,0.01909786
3-chloro-2-methyl-1-propene,35,0.01188468
3-chloro-2-methyl-1-propene,30,0.00727856
3-chloro-2-methyl-1-propene,25,0.00438346
1-chloro-3-(chloromethyl)benzene,160,14.36249542
1-chloro-3-(chloromethyl)benzene,155,12.15501804
1-chloro-3-(chloromethyl)benzene,150,10.17086871
1-chloro-3-(chloromethyl)benzene,145,8.41116566
1-chloro-3-(chloromethyl)benzene,140,6.87280967
1-chloro-3-(chloromethyl)benzene,135,5.54790439
1-chloro-3-(chloromethyl)benzene,130,4.42423921
1-chloro-3-(chloromethyl)benzene,125,3.48596711
1-chloro-3-(chloromethyl)benzene,120,2.71444048
1-chloro-3-(chloromethyl)benzene,115,2.08948270
1-chloro-3-(chloromethyl)benzene,110,1.59051655
1-chloro-3-(chloromethyl)benzene,105,1.19761016
1-chloro-3-(chloromethyl)benzene,100,0.89225591
1-chloro-3-(chloromethyl)benzene,95,0.65788975
1-chloro-3-(chloromethyl)benzene,90,0.48013803
1-chloro-3-(chloromethyl)benzene,85,0.34685926
1-chloro-3-(chloromethyl)benzene,80,0.24802984
1-chloro-3-(chloromethyl)benzene,75,0.17553874
1-chloro-3-(chloromethyl)benzene,70,0.12293712
1-chloro-3-(chloromethyl)benzene,65,0.08517788
1-chloro-3-(chloromethyl)benzene,60,0.05836731
1-chloro-3-(chloromethyl)benzene,55,0.03954137
1-chloro-3-(chloromethyl)benzene,50,0.02647215
1-chloro-3-(chloromethyl)benzene,45,0.01750556
1-chloro-3-(chloromethyl)benzene,40,0.01142839
1-chloro-3-(chloromethyl)benzene,35,0.00736153
1-chloro-3-(chloromethyl)benzene,30,0.00467578
1-chloro-3-(chloromethyl)benzene,25,0.00292654
3-chloropropanenitrile,160,6.71546939
3-chloropropanenitrile,155,4.99585921
3-chloropropanenitrile,150,3.68603347
3-chloropropanenitrile,145,2.69870192
3-chloropropanenitrile,140,1.96107100
3-chloropropanenitrile,135,1.41443245
3-chloropropanenitrile,130,1.01244177
3-chloropropanenitrile,125,0.71906540
3-chloropropanenitrile,120,0.50659912
3-chloropropanenitrile,115,0.35393971
3-chloropropanenitrile,110,0.24514507
3-chloropropanenitrile,105,0.16826681
3-chloropropanenitrile,100,0.11441978
3-chloropropanenitrile,95,0.07704983
3-chloropropanenitrile,90,0.05136240
3-chloropropanenitrile,85,0.03388065
3-chloropropanenitrile,80,0.02210622
3-chloropropanenitrile,75,0.01426102
3-chloropropanenitrile,70,0.00909222
3-chloropropanenitrile,65,0.00572629
3-chloropropanenitrile,60,0.00356086
3-chloropropanenitrile,55,0.00218522
3-chloropropanenitrile,50,0.00132272
3-chloropropanenitrile,45,0.00078929
3-chloropropanenitrile,40,0.00046403
3-chloropropanenitrile,35,0.00026861
3-chloropropanenitrile,30,0.00015301
3-chloropropanenitrile,25,0.00008570
3-chloropropyne,160,43.59657295
3-chloropropyne,155,40.92731993
3-chloropropyne,150,38.28043005
3-chloropropyne,145,35.66439644
3-chloropropyne,140,33.08520365
3-chloropropyne,135,30.55011780
3-chloropropyne,130,28.06934886
3-chloropropyne,125,25.64946832
3-chloropropyne,120,23.29852585
3-chloropropyne,115,21.02657420
3-chloropropyne,110,18.84329742
3-chloropropyne,105,16.75737048
3-chloropropyne,100,14.77731124
3-chloropropyne,95,12.91456782
3-chloropropyne,90,11.17569053
3-chloropropyne,85,9.56939592
3-chloropropyne,80,8.10195103
3-chloropropyne,75,6.77804367
3-chloropropyne,70,5.59987768
3-chloropropyne,65,4.56714542
3-chloropropyne,60,3.67612837
3-chloropropyne,55,2.92011156
3-chloropropyne,50,2.28959995
3-chloropropyne,45,1.77268285
3-chloropropyne,40,1.35595422
3-chloropropyne,35,1.02537190
3-chloropropyne,30,0.76707368
3-chloropropyne,25,0.56807719
3-heptanol,160,4.16540093
3-heptanol,155,3.07636690
3-heptanol,150,2.24903549
3-heptanol,145,1.62764092
3-heptanol,140,1.16598334
3-heptanol,135,0.82664564
3-heptanol,130,0.57986629
3-heptanol,125,0.40232905
3-heptanol,120,0.27601070
3-heptanol,115,0.18715223
3-heptanol,110,0.12537573
3-heptanol,105,0.08294691
3-heptanol,100,0.05417139
3-heptanol,95,0.03490875
3-heptanol,90,0.02218718
3-heptanol,85,0.01390207
3-heptanol,80,0.00858359
3-heptanol,75,0.00521997
3-heptanol,70,0.00312514
3-heptanol,65,0.00184101
3-heptanol,60,0.00106661
3-heptanol,55,0.00060740
3-heptanol,50,0.00033979
3-heptanol,45,0.00018662
3-heptanol,40,0.00010056
3-heptanol,35,0.00005312
3-heptanol,30,0.00002749
3-heptanol,25,0.00001392
tetrahydro-3-furanol,160,3.16479368
tetrahydro-3-furanol,155,2.26460976
tetrahydro-3-furanol,150,1.60679482
tetrahydro-3-furanol,145,1.13039649
tetrahydro-3-furanol,140,0.78840494
tetrahydro-3-furanol,135,0.54505199
tetrahydro-3-furanol,130,0.37342693
tetrahydro-3-furanol,125,0.25348683
tetrahydro-3-furanol,120,0.17044668
tetrahydro-3-furanol,115,0.11350292
tetrahydro-3-furanol,110,0.07483679
tetrahydro-3-furanol,105,0.04884498
tetrahydro-3-furanol,100,0.03155231
tetrahydro-3-furanol,95,0.02016792
tetrahydro-3-furanol,90,0.01275332
tetrahydro-3-furanol,85,0.00797686
tetrahydro-3-furanol,80,0.00493402
tetrahydro-3-furanol,75,0.00301745
tetrahydro-3-furanol,70,0.00182415
tetrahydro-3-furanol,65,0.00108984
tetrahydro-3-furanol,60,0.00064334
tetrahydro-3-furanol,55,0.00037513
tetrahydro-3-furanol,50,0.00021601
tetrahydro-3-furanol,45,0.00012279
tetrahydro-3-furanol,40,0.00006889
tetrahydro-3-furanol,35,0.00003812
tetrahydro-3-furanol,30,0.00002080
tetrahydro-3-furanol,25,0.00001119
3-methoxy-1-butanol,160,23.90302471
3-methoxy-1-butanol,155,20.92829209
3-methoxy-1-butanol,150,18.12976447
3-methoxy-1-butanol,145,15.52816370
3-methoxy-1-butanol,140,13.14100223
3-methoxy-1-butanol,135,10.98146716
3-methoxy-1-butanol,130,9.05780527
3-methoxy-1-butanol,125,7.37204153
3-methoxy-1-butanol,120,5.91985877
3-methoxy-1-butanol,115,4.69050505
3-methoxy-1-butanol,110,3.66788141
3-methoxy-1-butanol,105,2.83175097
3-methoxy-1-butanol,100,2.15937884
3-methoxy-1-butanol,95,1.62719499
3-methoxy-1-butanol,90,1.21223105
3-methoxy-1-butanol,85,0.89318292
3-methoxy-1-butanol,80,0.65109770
3-methoxy-1-butanol,75,0.46968140
3-methoxy-1-butanol,70,0.33532928
3-methoxy-1-butanol,65,0.23695655
3-methoxy-1-butanol,60,0.16571989
3-methoxy-1-butanol,55,0.11469209
3-methoxy-1-butanol,50,0.07853397
3-methoxy-1-butanol,45,0.05319013
3-methoxy-1-butanol,40,0.03562153
3-methoxy-1-butanol,35,0.02357969
3-methoxy-1-butanol,30,0.01542134
3-methoxy-1-butanol,25,0.00996001
3-methoxy-3-methylbutanol,160,19.42600872
3-methoxy-3-methylbutanol,155,16.71348975
3-methoxy-3-methylbutanol,150,14.22115163
3-methoxy-3-methylbutanol,145,11.96093671
3-methoxy-3-methylbutanol,140,9.93975724
3-methoxy-3-methylbutanol,135,8.15926081
3-methoxy-3-methylbutanol,130,6.61508251
3-methoxy-3-methylbutanol,125,5.29703109
3-methoxy-3-methylbutanol,120,4.18997935
3-methoxy-3-methylbutanol,115,3.27484871
3-methoxy-3-methylbutanol,110,2.53000120
3-methoxy-3-methylbutanol,105,1.93271178
3-methoxy-3-methylbutanol,100,1.46049517
3-methoxy-3-methylbutanol,95,1.09213044
3-methoxy-3-methylbutanol,90,0.80838943
3-methoxy-3-methylbutanol,85,0.59243160
3-methoxy-3-methylbutanol,80,0.42992422
3-methoxy-3-methylbutanol,75,0.30896651
3-methoxy-3-methylbutanol,70,0.21988331
3-methoxy-3-methylbutanol,65,0.15495233
3-methoxy-3-methylbutanol,60,0.10810941
3-methoxy-3-methylbutanol,55,0.07466147
3-methoxy-3-methylbutanol,50,0.05102484
3-methoxy-3-methylbutanol,45,0.03449704
3-methoxy-3-methylbutanol,40,0.02306432
3-methoxy-3-methylbutanol,35,0.01524344
3-methoxy-3-methylbutanol,30,0.00995445
3-methoxy-3-methylbutanol,25,0.00642000
3-methoxypropanenitrile,160,19.62763648
3-methoxypropanenitrile,155,16.39579190
3-methoxypropanenitrile,150,13.49213537
3-methoxypropanenitrile,145,10.93550255
3-methoxypropanenitrile,140,8.73044633
3-methoxypropanenitrile,135,6.86762591
3-methoxypropanenitrile,130,5.32545483
3-methoxypropanenitrile,125,4.07334786
3-methoxypropanenitrile,120,3.07524732
3-methoxypropanenitrile,115,2.29313487
3-methoxypropanenitrile,110,1.68989940
3-methoxypropanenitrile,105,1.23138375
3-methoxypropanenitrile,100,0.88755613
3-methoxypropanenitrile,95,0.63297085
3-methoxypropanenitrile,90,0.44670499
3-methoxypropanenitrile,85,0.31197725
3-methoxypropanenitrile,80,0.21560704
3-methoxypropanenitrile,75,0.14742676
3-methoxypropanenitrile,70,0.09971626
3-methoxypropanenitrile,65,0.06669702
3-methoxypropanenitrile,60,0.04410092
3-methoxypropanenitrile,55,0.02881490
3-methoxypropanenitrile,50,0.01859613
3-methoxypropanenitrile,45,0.01184820
3-methoxypropanenitrile,40,0.00744864
3-methoxypropanenitrile,35,0.00461795
3-methoxypropanenitrile,30,0.00282164
3-methoxypropanenitrile,25,0.00169805
3-methylcyclohexanol,160,4.22777558
3-methylcyclohexanol,155,3.08244832
3-methylcyclohexanol,150,2.22399437
3-methylcyclohexanol,145,1.58809060
3-methylcyclohexanol,140,1.12225012
3-methylcyclohexanol,135,0.78467687
3-methylcyclohexanol,130,0.54269358
3-methylcyclohexanol,125,0.37113464
3-methylcyclohexanol,120,0.25087370
3-methylcyclohexanol,115,0.16755186
3-methylcyclohexanol,110,0.11051769
3-methylcyclohexanol,105,0.07196438
3-methylcyclohexanol,100,0.04624025
3-methylcyclohexanol,95,0.02930574
3-methylcyclohexanol,90,0.01831166
3-methylcyclohexanol,85,0.01127606
3-methylcyclohexanol,80,0.00683993
3-methylcyclohexanol,75,0.00408525
3-methylcyclohexanol,70,0.00240137
3-methylcyclohexanol,65,0.00138857
3-methylcyclohexanol,60,0.00078947
3-methylcyclohexanol,55,0.00044110
3-methylcyclohexanol,50,0.00024206
3-methylcyclohexanol,45,0.00013039
3-methylcyclohexanol,40,0.00006890
3-methylcyclohexanol,35,0.00003569
3-methylcyclohexanol,30,0.00001811
3-methylcyclohexanol,25,0.00000900
3-methylcyclohexanone,160,19.19552262
3-methylcyclohexanone,155,16.38586238
3-methylcyclohexanone,150,13.81816099
3-methylcyclohexanone,145,11.50634502
3-methylcyclohexanone,140,9.45794981
3-methylcyclohexanone,135,7.67299311
3-methylcyclohexanone,130,6.14391490
3-methylcyclohexanone,125,4.85641429
3-methylcyclohexanone,120,3.79061191
3-methylcyclohexanone,115,2.92277687
3-methylcyclohexanone,110,2.22721696
3-methylcyclohexanone,105,1.67802669
3-methylcyclohexanone,100,1.25047602
3-methylcyclohexanone,95,0.92200888
3-methylcyclohexanone,90,0.67279659
3-methylcyclohexanone,85,0.48594638
3-methylcyclohexanone,80,0.34743684
3-methylcyclohexanone,75,0.24588678
3-methylcyclohexanone,70,0.17223433
3-methylcyclohexanone,65,0.11938520
3-methylcyclohexanone,60,0.08186903
3-methylcyclohexanone,55,0.05552557
3-methylcyclohexanone,50,0.03723167
3-methylcyclohexanone,45,0.02467167
3-methylcyclohexanone,40,0.01614919
3-methylcyclohexanone,35,0.01043636
3-methylcyclohexanone,30,0.00665510
3-methylcyclohexanone,25,0.00418513
"3-methyl-1,2-butadiene",160,23.69261256
"3-methyl-1,2-butadiene",155,19.84182312
"3-methyl-1,2-butadiene",150,16.33484167
"3-methyl-1,2-butadiene",145,13.21933457
"3-methyl-1,2-butadiene",140,10.51998223
"3-methyl-1,2-butadiene",135,8.23765003
"3-methyl-1,2-butadiene",130,6.35224451
"3-methyl-1,2-butadiene",125,4.82807094
"3-methyl-1,2-butadiene",120,3.62009996
"3-methyl-1,2-butadiene",115,2.67982530
"3-methyl-1,2-butadiene",110,1.95979231
"3-methyl-1,2-butadiene",105,1.41658206
"3-methyl-1,2-butadiene",100,1.01237713
"3-methyl-1,2-butadiene",95,0.71546227
"3-methyl-1,2-butadiene",90,0.50002338
"3-methyl-1,2-butadiene",85,0.34555428
"3-methyl-1,2-butadiene",80,0.23609278
"3-methyl-1,2-butadiene",75,0.15942956
"3-methyl-1,2-butadiene",70,0.10637032
"3-methyl-1,2-butadiene",65,0.07008965
"3-methyl-1,2-butadiene",60,0.04558893
"3-methyl-1,2-butadiene",55,0.02925520
"3-methyl-1,2-butadiene",50,0.01851093
"3-methyl-1,2-butadiene",45,0.01154134
"3-methyl-1,2-butadiene",40,0.00708577
"3-methyl-1,2-butadiene",35,0.00428053
"3-methyl-1,2-butadiene",30,0.00254238
"3-methyl-1,2-butadiene",25,0.00148336
3-methyl-1-butene,160,11.05934723
3-methyl-1-butene,155,8.49768296
3-methyl-1-butene,150,6.45552640
3-methyl-1-butene,145,4.85372247
3-methyl-1-butene,140,3.61440065
3-methyl-1-butene,135,2.66688138
3-methyl-1-butene,130,1.95016694
3-methyl-1-butene,125,1.41339943
3-methyl-1-butene,120,1.01520474
3-methyl-1-butene,115,0.72254915
3-methyl-1-butene,110,0.50945250
3-methyl-1-butene,105,0.35574160
3-methyl-1-butene,100,0.24593011
3-methyl-1-butene,95,0.16825523
3-methyl-1-butene,90,0.11387368
3-methyl-1-butene,85,0.07620436
3-methyl-1-butene,80,0.05039970
3-methyl-1-butene,75,0.03292638
3-methyl-1-butene,70,0.02123687
3-methyl-1-butene,65,0.01351497
3-methyl-1-butene,60,0.00848108
3-methyl-1-butene,55,0.00524462
3-methyl-1-butene,50,0.00319378
3-methyl-1-butene,45,0.00191383
3-methyl-1-butene,40,0.00112764
3-methyl-1-butene,35,0.00065274
3-methyl-1-butene,30,0.00037088
3-methyl-1-butene,25,0.00020665
3-methyl-2-butanol,160,9.77081637
3-methyl-2-butanol,155,7.34017444
3-methyl-2-butanol,150,5.42457091
3-methyl-2-butanol,145,3.94945661
3-methyl-2-butanol,140,2.83606734
3-methyl-2-butanol,135,2.01029117
3-methyl-2-butanol,130,1.40733234
3-methyl-2-butanol,125,0.97332778
3-methyl-2-butanol,120,0.66511286
3-methyl-2-butanol,115,0.44904900
3-methyl-2-butanol,110,0.29950117
3-methyl-2-butanol,105,0.19729786
3-methyl-2-butanol,100,0.12833827
3-methyl-2-butanol,95,0.08240922
3-methyl-2-butanol,90,0.05222119
3-methyl-2-butanol,85,0.03264578
3-methyl-2-butanol,80,0.02012652
3-methyl-2-butanol,75,0.01223259
3-methyl-2-butanol,70,0.00732684
3-methyl-2-butanol,65,0.00432312
3-methyl-2-butanol,60,0.00251181
3-methyl-2-butanol,55,0.00143649
3-methyl-2-butanol,50,0.00080825
3-methyl-2-butanol,45,0.00044721
3-methyl-2-butanol,40,0.00024321
3-methyl-2-butanol,35,0.00012993
3-methyl-2-butanol,30,0.00006815
3-methyl-2-butanol,25,0.00003507
3-aminonitrobenzene,160,7.84418710
3-aminonitrobenzene,155,6.19997714
3-aminonitrobenzene,150,4.85380441
3-aminonitrobenzene,145,3.76578980
3-aminonitrobenzene,140,2.89670147
3-aminonitrobenzene,135,2.20991724
3-aminonitrobenzene,130,1.67256475
3-aminonitrobenzene,125,1.25602175
3-aminonitrobenzene,120,0.93596024
3-aminonitrobenzene,115,0.69210606
3-aminonitrobenzene,110,0.50783901
3-aminonitrobenzene,105,0.36972469
3-aminonitrobenzene,100,0.26703694
3-aminonitrobenzene,95,0.19130637
3-aminonitrobenzene,90,0.13591352
3-aminonitrobenzene,85,0.09573434
3-aminonitrobenzene,80,0.06683891
3-aminonitrobenzene,75,0.04624034
3-aminonitrobenzene,70,0.03168879
3-aminonitrobenzene,65,0.02150480
3-aminonitrobenzene,60,0.01444618
3-aminonitrobenzene,55,0.00960262
3-aminonitrobenzene,50,0.00631345
3-aminonitrobenzene,45,0.00410387
3-aminonitrobenzene,40,0.00263615
3-aminonitrobenzene,35,0.00167256
3-aminonitrobenzene,30,0.00104761
3-aminonitrobenzene,25,0.00064742
"1,1'-methylenebis4-isocyanatobenzene",160,4.70868095
"1,1'-methylenebis4-isocyanatobenzene",155,3.73592084
"1,1'-methylenebis4-isocyanatobenzene",150,2.93944220
"1,1'-methylenebis4-isocyanatobenzene",145,2.29386273
"1,1'-methylenebis4-isocyanatobenzene",140,1.77564432
"1,1'-methylenebis4-isocyanatobenzene",135,1.36352792
"1,1'-methylenebis4-isocyanatobenzene",130,1.03873687
"1,1'-methylenebis4-isocyanatobenzene",125,0.78500834
"1,1'-methylenebis4-isocyanatobenzene",120,0.58849640
"1,1'-methylenebis4-isocyanatobenzene",115,0.43759090
"1,1'-methylenebis4-isocyanatobenzene",110,0.32268813
"1,1'-methylenebis4-isocyanatobenzene",105,0.23594228
"1,1'-methylenebis4-isocyanatobenzene",100,0.17101638
"1,1'-methylenebis4-isocyanatobenzene",95,0.12284689
"1,1'-methylenebis4-isocyanatobenzene",90,0.08742902
"1,1'-methylenebis4-isocyanatobenzene",85,0.06162658
"1,1'-methylenebis4-isocyanatobenzene",80,0.04300745
"1,1'-methylenebis4-isocyanatobenzene",75,0.02970373
"1,1'-methylenebis4-isocyanatobenzene",70,0.02029478
"1,1'-methylenebis4-isocyanatobenzene",65,0.01371086
"1,1'-methylenebis4-isocyanatobenzene",60,0.00915458
"1,1'-methylenebis4-isocyanatobenzene",55,0.00603778
"1,1'-methylenebis4-isocyanatobenzene",50,0.00393131
"1,1'-methylenebis4-isocyanatobenzene",45,0.00252557
"1,1'-methylenebis4-isocyanatobenzene",40,0.00159979
"1,1'-methylenebis4-isocyanatobenzene",35,0.00099852
"1,1'-methylenebis4-isocyanatobenzene",30,0.00061365
"1,1'-methylenebis4-isocyanatobenzene",25,0.00037104
1-[4-(trifluoromethyl)phenyl]ethanone,160,7.60842494
1-[4-(trifluoromethyl)phenyl]ethanone,155,6.09674670
1-[4-(trifluoromethyl)phenyl]ethanone,150,4.83281310
1-[4-(trifluoromethyl)phenyl]ethanone,145,3.79083244
1-[4-(trifluoromethyl)phenyl]ethanone,140,2.94336233
1-[4-(trifluoromethyl)phenyl]ethanone,135,2.26288199
1-[4-(trifluoromethyl)phenyl]ethanone,130,1.72308766
1-[4-(trifluoromethyl)phenyl]ethanone,125,1.29978909
1-[4-(trifluoromethyl)phenyl]ethanone,120,0.97145511
1-[4-(trifluoromethyl)phenyl]ethanone,115,0.71943282
1-[4-(trifluoromethyl)phenyl]ethanone,110,0.52793173
1-[4-(trifluoromethyl)phenyl]ethanone,105,0.38384677
1-[4-(trifluoromethyl)phenyl]ethanone,100,0.27648732
1-[4-(trifluoromethyl)phenyl]ethanone,95,0.19726446
1-[4-(trifluoromethyl)phenyl]ethanone,90,0.13937161
1-[4-(trifluoromethyl)phenyl]ethanone,85,0.09748227
1-[4-(trifluoromethyl)phenyl]ethanone,80,0.06747719
1-[4-(trifluoromethyl)phenyl]ethanone,75,0.04620660
1-[4-(trifluoromethyl)phenyl]ethanone,70,0.03128851
1-[4-(trifluoromethyl)phenyl]ethanone,65,0.02094115
1-[4-(trifluoromethyl)phenyl]ethanone,60,0.01384636
1-[4-(trifluoromethyl)phenyl]ethanone,55,0.00903977
1-[4-(trifluoromethyl)phenyl]ethanone,50,0.00582394
1-[4-(trifluoromethyl)phenyl]ethanone,45,0.00370038
1-[4-(trifluoromethyl)phenyl]ethanone,40,0.00231719
1-[4-(trifluoromethyl)phenyl]ethanone,35,0.00142908
1-[4-(trifluoromethyl)phenyl]ethanone,30,0.00086737
1-[4-(trifluoromethyl)phenyl]ethanone,25,0.00051767
4-pyridinamine,160,9.07275709
4-pyridinamine,155,7.09122805
4-pyridinamine,150,5.47886067
4-pyridinamine,145,4.18731801
4-pyridinamine,140,3.16750896
4-pyridinamine,135,2.37276829
4-pyridinamine,130,1.76085683
4-pyridinamine,125,1.29495940
4-pyridinamine,120,0.94393655
4-pyridinamine,115,0.68208527
4-pyridinamine,110,0.48861463
4-pyridinamine,105,0.34699388
4-pyridinamine,100,0.24427425
4-pyridinamine,95,0.17044658
4-pyridinamine,90,0.11786699
4-pyridinamine,85,0.08076347
4-pyridinamine,80,0.05482407
4-pyridinamine,75,0.03686090
4-pyridinamine,70,0.02454117
4-pyridinamine,65,0.01617511
4-pyridinamine,60,0.01055120
4-pyridinamine,55,0.00680975
4-pyridinamine,50,0.00434708
4-pyridinamine,45,0.00274382
4-pyridinamine,40,0.00171178
4-pyridinamine,35,0.00105514
4-pyridinamine,30,0.00064233
4-pyridinamine,25,0.00038600
4-bromo-1-butene,160,24.72360896
4-bromo-1-butene,155,22.19791185
4-bromo-1-butene,150,19.78646834
4-bromo-1-butene,145,17.49368188
4-bromo-1-butene,140,15.32982682
4-bromo-1-butene,135,13.30229943
4-bromo-1-butene,130,11.41950256
4-bromo-1-butene,125,9.68848040
4-bromo-1-butene,120,8.11572510
4-bromo-1-butene,115,6.70604657
4-bromo-1-butene,110,5.46156638
4-bromo-1-butene,105,4.38123601
4-bromo-1-butene,100,3.46029900
4-bromo-1-butene,95,2.69025411
4-bromo-1-butene,90,2.05899978
4-bromo-1-butene,85,1.55174416
4-bromo-1-butene,80,1.15203276
4-bromo-1-butene,75,0.84294272
4-bromo-1-butene,70,0.60817764
4-bromo-1-butene,65,0.43285528
4-bromo-1-butene,60,0.30399784
4-bromo-1-butene,55,0.21071323
4-bromo-1-butene,50,0.14415349
4-bromo-1-butene,45,0.09732626
4-bromo-1-butene,40,0.06483517
4-bromo-1-butene,35,0.04260107
4-bromo-1-butene,30,0.02759738
4-bromo-1-butene,25,0.01761649
"4-chloro-1,2-butadiene",160,30.97783725
"4-chloro-1,2-butadiene",155,27.77711253
"4-chloro-1,2-butadiene",150,24.66806352
"4-chloro-1,2-butadiene",145,21.67401642
"4-chloro-1,2-butadiene",140,18.81983860
"4-chloro-1,2-butadiene",135,16.13159304
"4-chloro-1,2-butadiene",130,13.63426773
"4-chloro-1,2-butadiene",125,11.35078850
"4-chloro-1,2-butadiene",120,9.29953665
"4-chloro-1,2-butadiene",115,7.49259137
"4-chloro-1,2-butadiene",110,5.93404478
"4-chloro-1,2-butadiene",105,4.61926044
"4-chloro-1,2-butadiene",100,3.53488894
"4-chloro-1,2-butadiene",95,2.66047146
"4-chloro-1,2-butadiene",90,1.97055056
"4-chloro-1,2-butadiene",85,1.43735062
"4-chloro-1,2-butadiene",80,1.03318536
"4-chloro-1,2-butadiene",75,0.73229711
"4-chloro-1,2-butadiene",70,0.51201635
"4-chloro-1,2-butadiene",65,0.35325711
"4-chloro-1,2-butadiene",60,0.24052509
"4-chloro-1,2-butadiene",55,0.16161275
"4-chloro-1,2-butadiene",50,0.10714152
"4-chloro-1,2-butadiene",45,0.07006042
"4-chloro-1,2-butadiene",40,0.04516871
"4-chloro-1,2-butadiene",35,0.02869635
"4-chloro-1,2-butadiene",30,0.01795457
"4-chloro-1,2-butadiene",25,0.01105562
4-chloroanisole,160,14.51055432
4-chloroanisole,155,12.15761301
4-chloroanisole,150,10.05989270
4-chloroanisole,145,8.21868887
4-chloroanisole,140,6.62859699
4-chloroanisole,135,5.27803669
4-chloroanisole,130,4.14989592
4-chloroanisole,125,3.22287083
4-chloroanisole,120,2.47311611
4-chloroanisole,115,1.87589752
4-chloroanisole,110,1.40699913
4-chloroanisole,105,1.04383867
4-chloroanisole,100,0.76618014
4-chloroanisole,95,0.55648224
4-chloroanisole,90,0.39996342
4-chloroanisole,85,0.28446197
4-chloroanisole,80,0.20017619
4-chloroanisole,75,0.13934760
4-chloroanisole,70,0.09593318
4-chloroanisole,65,0.06529425
4-chloroanisole,60,0.04391836
4-chloroanisole,55,0.02918005
4-chloroanisole,50,0.01914147
4-chloroanisole,45,0.01239004
4-chloroanisole,40,0.00790887
4-chloroanisole,35,0.00497526
4-chloroanisole,30,0.00308225
4-chloroanisole,25,0.00187906
4-chlorobenzaldehyde,160,13.57368567
4-chlorobenzaldehyde,155,11.24750861
4-chlorobenzaldehyde,150,9.19822209
4-chlorobenzaldehyde,145,7.42321840
4-chlorobenzaldehyde,140,5.91227916
4-chlorobenzaldehyde,135,4.64828066
4-chlorobenzaldehyde,130,3.60872826
4-chlorobenzaldehyde,125,2.76770789
4-chlorobenzaldehyde,120,2.09788346
4-chlorobenzaldehyde,115,1.57223208
4-chlorobenzaldehyde,110,1.16541298
4-chlorobenzaldehyde,105,0.85465246
4-chlorobenzaldehyde,100,0.62018767
4-chlorobenzaldehyde,95,0.44536479
4-chlorobenzaldehyde,90,0.31649129
4-chlorobenzaldehyde,85,0.22254412
4-chlorobenzaldehyde,80,0.15480992
4-chlorobenzaldehyde,75,0.10651184
4-chlorobenzaldehyde,70,0.07245572
4-chlorobenzaldehyde,65,0.04871429
4-chlorobenzaldehyde,60,0.03235627
4-chlorobenzaldehyde,55,0.02122100
4-chlorobenzaldehyde,50,0.01373549
4-chlorobenzaldehyde,45,0.00876876
4-chlorobenzaldehyde,40,0.00551788
4-chlorobenzaldehyde,35,0.00342018
4-chlorobenzaldehyde,30,0.00208665
4-chlorobenzaldehyde,25,0.00125208
4-chlorobenzonitrile,160,18.26818744
4-chlorobenzonitrile,155,15.66870230
4-chlorobenzonitrile,150,13.27711184
4-chlorobenzonitrile,145,11.10669721
4-chlorobenzonitrile,140,9.16679944
4-chlorobenzonitrile,135,7.46119292
4-chlorobenzonitrile,130,5.98764833
4-chlorobenzonitrile,125,4.73741583
4-chlorobenzonitrile,120,3.69602387
4-chlorobenzonitrile,115,2.84429060
4-chlorobenzonitrile,110,2.15993700
4-chlorobenzonitrile,105,1.61933985
4-chlorobenzonitrile,100,1.19912274
4-chlorobenzonitrile,95,0.87738793
4-chlorobenzonitrile,90,0.63453947
4-chlorobenzonitrile,85,0.45368557
4-chlorobenzonitrile,80,0.32071801
4-chlorobenzonitrile,75,0.22416057
4-chlorobenzonitrile,70,0.15488654
4-chlorobenzonitrile,65,0.10577847
4-chlorobenzonitrile,60,0.07138129
4-chlorobenzonitrile,55,0.04757916
4-chlorobenzonitrile,50,0.03131172
4-chlorobenzonitrile,45,0.02033483
4-chlorobenzonitrile,40,0.01302502
4-chlorobenzonitrile,35,0.00822352
4-chlorobenzonitrile,30,0.00511437
4-chlorobenzonitrile,25,0.00313092
p-chlorobenzylalcohol,160,10.01952893
p-chlorobenzylalcohol,155,7.99082800
p-chlorobenzylalcohol,150,6.28260889
p-chlorobenzylalcohol,145,4.87151808
p-chlorobenzylalcohol,140,3.72717049
p-chlorobenzylalcohol,135,2.81525054
p-chlorobenzylalcohol,130,2.10039975
p-chlorobenzylalcohol,125,1.54857782
p-chlorobenzylalcohol,120,1.12868101
p-chlorobenzylalcohol,115,0.81345686
p-chlorobenzylalcohol,110,0.57982497
p-chlorobenzylalcohol,105,0.40878111
p-chlorobenzylalcohol,100,0.28504365
p-chlorobenzylalcohol,95,0.19657203
p-chlorobenzylalcohol,90,0.13404724
p-chlorobenzylalcohol,85,0.09037187
p-chlorobenzylalcohol,80,0.06022026
p-chlorobenzylalcohol,75,0.03965198
p-chlorobenzylalcohol,70,0.02579081
p-chlorobenzylalcohol,65,0.01656516
p-chlorobenzylalcohol,60,0.01050262
p-chlorobenzylalcohol,55,0.00657052
p-chlorobenzylalcohol,50,0.00405433
p-chlorobenzylalcohol,45,0.00246636
p-chlorobenzylalcohol,40,0.00147843
p-chlorobenzylalcohol,35,0.00087282
p-chlorobenzylalcohol,30,0.00050719
p-chlorobenzylalcohol,25,0.00028992
4-chlorobenzenethiol,160,18.93406970
4-chlorobenzenethiol,155,16.54397960
4-chlorobenzenethiol,150,14.33088230
4-chlorobenzenethiol,145,12.30084220
4-chlorobenzenethiol,140,10.45696599
4-chlorobenzenethiol,135,8.80067162
4-chlorobenzenethiol,130,7.33025350
4-chlorobenzenethiol,125,6.04096718
4-chlorobenzenethiol,120,4.92534506
4-chlorobenzenethiol,115,3.97289370
4-chlorobenzenethiol,110,3.17079170
4-chlorobenzenethiol,105,2.50447221
4-chlorobenzenethiol,100,1.95831694
4-chlorobenzenethiol,95,1.51641575
4-chlorobenzenethiol,90,1.16327003
4-chlorobenzenethiol,85,0.88435736
4-chlorobenzenethiol,80,0.66650705
4-chlorobenzenethiol,75,0.49812401
4-chlorobenzenethiol,70,0.36925823
4-chlorobenzenethiol,65,0.27155787
4-chlorobenzenethiol,60,0.19814825
4-chlorobenzenethiol,55,0.14346551
4-chlorobenzenethiol,50,0.10307370
4-chlorobenzenethiol,45,0.07348310
4-chlorobenzenethiol,40,0.05198134
4-chlorobenzenethiol,35,0.03648353
4-chlorobenzenethiol,30,0.02540357
4-chlorobenzenethiol,25,0.01754660
n-ethyl-morpholine,160,17.37274050
n-ethyl-morpholine,155,14.66211516
n-ethyl-morpholine,150,12.21837260
n-ethyl-morpholine,145,10.05058826
n-ethyl-morpholine,140,8.15956397
n-ethyl-morpholine,135,6.53808312
n-ethyl-morpholine,130,5.17156838
n-ethyl-morpholine,125,4.03940493
n-ethyl-morpholine,120,3.11678505
n-ethyl-morpholine,115,2.37672415
n-ethyl-morpholine,110,1.79193039
n-ethyl-morpholine,105,1.33629770
n-ethyl-morpholine,100,0.98597529
n-ethyl-morpholine,95,0.71996801
n-ethyl-morpholine,90,0.52036657
n-ethyl-morpholine,85,0.37228834
n-ethyl-morpholine,80,0.26363928
n-ethyl-morpholine,75,0.18477918
n-ethyl-morpholine,70,0.12815265
n-ethyl-morpholine,65,0.08792749
n-ethyl-morpholine,60,0.05966355
n-ethyl-morpholine,55,0.04002416
n-ethyl-morpholine,50,0.02653286
n-ethyl-morpholine,45,0.01737379
n-ethyl-morpholine,40,0.01123140
n-ethyl-morpholine,35,0.00716415
n-ethyl-morpholine,30,0.00450641
n-ethyl-morpholine,25,0.00279354
4-ethylphenol,160,24.14261627
4-ethylphenol,155,21.58700151
4-ethylphenol,150,19.18036289
4-ethylphenol,145,16.92995902
4-ethylphenol,140,14.84171110
4-ethylphenol,135,12.91948067
4-ethylphenol,130,11.16477036
4-ethylphenol,125,9.57751175
4-ethylphenol,120,8.15520316
4-ethylphenol,115,6.89288805
4-ethylphenol,110,5.78370874
4-ethylphenol,105,4.81874914
4-ethylphenol,100,3.98765060
4-ethylphenol,95,3.27886646
4-ethylphenol,90,2.68008345
4-ethylphenol,85,2.17882188
4-ethylphenol,80,1.76276230
4-ethylphenol,75,1.42014772
4-ethylphenol,70,1.14004118
4-ethylphenol,65,0.91252484
4-ethylphenol,60,0.72878732
4-ethylphenol,55,0.58115316
4-ethylphenol,50,0.46304185
4-ethylphenol,45,0.36889455
4-ethylphenol,40,0.29407434
4-ethylphenol,35,0.23475623
4-ethylphenol,30,0.18781382
4-ethylphenol,25,0.15071339
butylenecarbonate,160,7.13763979
butylenecarbonate,155,5.51490873
butylenecarbonate,150,4.21937761
butylenecarbonate,145,3.19837477
butylenecarbonate,140,2.40304831
butylenecarbonate,135,1.79007439
butylenecarbonate,130,1.32229223
butylenecarbonate,125,0.96863532
butylenecarbonate,120,0.70365777
butylenecarbonate,115,0.50686459
butylenecarbonate,110,0.36198182
butylenecarbonate,105,0.25624717
butylenecarbonate,100,0.17976432
butylenecarbonate,95,0.12493906
butylenecarbonate,90,0.08600172
butylenecarbonate,85,0.05861121
butylenecarbonate,80,0.03953274
butylenecarbonate,75,0.02637921
butylenecarbonate,70,0.01740640
butylenecarbonate,65,0.01135273
butylenecarbonate,60,0.00731517
butylenecarbonate,55,0.00465434
butylenecarbonate,50,0.00292255
butylenecarbonate,45,0.00181002
butylenecarbonate,40,0.00110498
butylenecarbonate,35,0.00066449
butylenecarbonate,30,0.00039335
butylenecarbonate,25,0.00022904
"1,4-difluoro-2-nitrobenzene",160,9.08959651
"1,4-difluoro-2-nitrobenzene",155,7.29614034
"1,4-difluoro-2-nitrobenzene",150,5.78922588
"1,4-difluoro-2-nitrobenzene",145,4.54280315
"1,4-difluoro-2-nitrobenzene",140,3.52706037
"1,4-difluoro-2-nitrobenzene",135,2.71074690
"1,4-difluoro-2-nitrobenzene",130,2.06316324
"1,4-difluoro-2-nitrobenzene",125,1.55559612
"1,4-difluoro-2-nitrobenzene",120,1.16223484
"1,4-difluoro-2-nitrobenzene",115,0.86060257
"1,4-difluoro-2-nitrobenzene",110,0.63163270
"1,4-difluoro-2-nitrobenzene",105,0.45950180
"1,4-difluoro-2-nitrobenzene",100,0.33131924
"1,4-difluoro-2-nitrobenzene",95,0.23675077
"1,4-difluoro-2-nitrobenzene",90,0.16762743
"1,4-difluoro-2-nitrobenzene",85,0.11757349
"1,4-difluoro-2-nitrobenzene",80,0.08167070
"1,4-difluoro-2-nitrobenzene",75,0.05616683
"1,4-difluoro-2-nitrobenzene",70,0.03822945
"1,4-difluoro-2-nitrobenzene",65,0.02574262
"1,4-difluoro-2-nitrobenzene",60,0.01714201
"1,4-difluoro-2-nitrobenzene",55,0.01128308
"1,4-difluoro-2-nitrobenzene",50,0.00733734
"1,4-difluoro-2-nitrobenzene",45,0.00471160
"1,4-difluoro-2-nitrobenzene",40,0.00298589
"1,4-difluoro-2-nitrobenzene",35,0.00186637
"1,4-difluoro-2-nitrobenzene",30,0.00114992
"1,4-difluoro-2-nitrobenzene",25,0.00069789
4-hydroxybenzaldehyde,160,2.10740948
4-hydroxybenzaldehyde,155,1.55751054
4-hydroxybenzaldehyde,150,1.14364089
4-hydroxybenzaldehyde,145,0.83408682
4-hydroxybenzaldehyde,140,0.60405800
4-hydroxybenzaldehyde,135,0.43428366
4-hydroxybenzaldehyde,130,0.30986863
4-hydroxybenzaldehyde,125,0.21936807
4-hydroxybenzaldehyde,120,0.15404375
4-hydroxybenzaldehyde,115,0.10726868
4-hydroxybenzaldehyde,110,0.07405308
4-hydroxybenzaldehyde,105,0.05066834
4-hydroxybenzaldehyde,100,0.03435055
4-hydroxybenzaldehyde,95,0.02306807
4-hydroxybenzaldehyde,90,0.01534060
4-hydroxybenzaldehyde,85,0.01009938
4-hydroxybenzaldehyde,80,0.00658005
4-hydroxybenzaldehyde,75,0.00424130
4-hydroxybenzaldehyde,70,0.00270363
4-hydroxybenzaldehyde,65,0.00170376
4-hydroxybenzaldehyde,60,0.00106097
4-hydroxybenzaldehyde,55,0.00065258
4-hydroxybenzaldehyde,50,0.00039628
4-hydroxybenzaldehyde,45,0.00023745
4-hydroxybenzaldehyde,40,0.00014031
4-hydroxybenzaldehyde,35,0.00008172
4-hydroxybenzaldehyde,30,0.00004688
4-hydroxybenzaldehyde,25,0.00002647
4-methoxyacetophenone,160,10.79269907
4-methoxyacetophenone,155,8.80063666
4-methoxyacetophenone,150,7.09142104
4-methoxyacetophenone,145,5.64780277
4-methoxyacetophenone,140,4.44717793
4-methoxyacetophenone,135,3.46338196
4-methoxyacetophenone,130,2.66862028
4-methoxyacetophenone,125,2.03513822
4-methoxyacetophenone,120,1.53657381
4-methoxyacetophenone,115,1.14886286
4-methoxyacetophenone,110,0.85076499
4-methoxyacetophenone,105,0.62404386
4-methoxyacetophenone,100,0.45340719
4-methoxyacetophenone,95,0.32628793
4-methoxyacetophenone,90,0.23253822
4-methoxyacetophenone,85,0.16409017
4-methoxyacetophenone,80,0.11461847
4-methoxyacetophenone,75,0.07922762
4-methoxyacetophenone,70,0.05417433
4-methoxyacetophenone,65,0.03662948
4-methoxyacetophenone,60,0.02447905
4-methoxyacetophenone,55,0.01616120
4-methoxyacetophenone,50,0.01053509
4-methoxyacetophenone,45,0.00677706
4-methoxyacetophenone,40,0.00429948
4-methoxyacetophenone,35,0.00268830
4-methoxyacetophenone,30,0.00165547
4-methoxyacetophenone,25,0.00100327
4-methoxybenzonitrile,160,15.73709261
4-methoxybenzonitrile,155,13.21063380
4-methoxybenzonitrile,150,10.94560976
4-methoxybenzonitrile,145,8.94839248
4-methoxybenzonitrile,140,7.21736931
4-methoxybenzonitrile,135,5.74340484
4-methoxybenzonitrile,130,4.51038586
4-methoxybenzonitrile,125,3.49671654
4-methoxybenzonitrile,120,2.67726132
4-methoxybenzonitrile,115,2.02534504
4-methoxybenzonitrile,110,1.51449628
4-methoxybenzonitrile,105,1.11983977
4-methoxybenzonitrile,100,0.81900015
4-methoxybenzonitrile,95,0.59255973
4-methoxybenzonitrile,90,0.42416687
4-methoxybenzonitrile,85,0.30039424
4-methoxybenzonitrile,80,0.21045082
4-methoxybenzonitrile,75,0.14582468
4-methoxybenzonitrile,70,0.09991191
4-methoxybenzonitrile,65,0.06766496
4-methoxybenzonitrile,60,0.04527916
4-methoxybenzonitrile,55,0.02992428
4-methoxybenzonitrile,50,0.01952178
4-methoxybenzonitrile,45,0.01256444
4-methoxybenzonitrile,40,0.00797316
4-methoxybenzonitrile,35,0.00498536
4-methoxybenzonitrile,30,0.00306925
4-methoxybenzonitrile,25,0.00185912
4-nitrophenol,160,7.37983544
4-nitrophenol,155,5.93531890
4-nitrophenol,150,4.74709964
4-nitrophenol,145,3.77752943
4-nitrophenol,140,2.99199678
4-nitrophenol,135,2.35961940
4-nitrophenol,130,1.85346496
4-nitrophenol,125,1.45046430
4-nitrophenol,120,1.13114192
4-nitrophenol,115,0.87925209
4-nitrophenol,110,0.68137952
4-nitrophenol,105,0.52654293
4-nitrophenol,100,0.40582175
4-nitrophenol,95,0.31201892
4-nitrophenol,90,0.23936370
4-nitrophenol,85,0.18325517
4-nitrophenol,80,0.14004423
4-nitrophenol,75,0.10685076
4-nitrophenol,70,0.08141188
4-nitrophenol,65,0.06195722
4-nitrophenol,60,0.04710729
4-nitrophenol,55,0.03579116
4-nitrophenol,50,0.02718037
4-nitrophenol,45,0.02063611
4-nitrophenol,40,0.01566730
4-nitrophenol,35,0.01189746
4-nitrophenol,30,0.00903873
4-nitrophenol,25,0.00687147
4-pentenal,160,26.34510736
4-pentenal,155,22.90359582
4-pentenal,150,19.64744620
4-pentenal,145,16.61484145
4-pentenal,140,13.83954519
4-pentenal,135,11.34776769
4-pentenal,130,9.15617379
4-pentenal,125,7.26933576
4-pentenal,120,5.67985110
4-pentenal,115,4.36949547
4-pentenal,110,3.31159116
4-pentenal,105,2.47428145
4-pentenal,100,1.82376102
4-pentenal,95,1.32697826
4-pentenal,90,0.95358796
4-pentenal,85,0.67705409
4-pentenal,80,0.47506668
4-pentenal,75,0.32945539
4-pentenal,70,0.22580610
4-pentenal,65,0.15293524
4-pentenal,60,0.10233025
4-pentenal,55,0.06762047
4-pentenal,50,0.04411120
4-pentenal,45,0.02839257
4-pentenal,40,0.01802213
4-pentenal,35,0.01127426
4-pentenal,30,0.00694640
4-pentenal,25,0.00421217
4-vinylpyridine,160,26.40496675
4-vinylpyridine,155,23.39640468
4-vinylpyridine,150,20.52022423
4-vinylpyridine,145,17.79785008
4-vinylpyridine,140,15.25083097
4-vinylpyridine,135,12.89880587
4-vinylpyridine,130,10.75884745
4-vinylpyridine,125,8.84354420
4-vinylpyridine,120,7.15957424
4-vinylpyridine,115,5.70718100
4-vinylpyridine,110,4.47914123
4-vinylpyridine,105,3.46159621
4-vinylpyridine,100,2.63526237
4-vinylpyridine,95,1.97717935
4-vinylpyridine,90,1.46277216
4-vinylpyridine,85,1.06769119
4-vinylpyridine,80,0.76922200
4-vinylpyridine,75,0.54720257
4-vinylpyridine,70,0.38444345
4-vinylpyridine,65,0.26677492
4-vinylpyridine,60,0.18283942
4-vinylpyridine,55,0.12374819
4-vinylpyridine,50,0.08268682
4-vinylpyridine,45,0.05452608
4-vinylpyridine,40,0.03546881
4-vinylpyridine,35,0.02274745
4-vinylpyridine,30,0.01437475
4-vinylpyridine,25,0.00894452
anthraquinone,160,6.04486684
anthraquinone,155,4.80984826
anthraquinone,150,3.79104287
anthraquinone,145,2.96059925
anthraquinone,140,2.29137035
anthraquinone,135,1.75787553
anthraquinone,130,1.33696227
anthraquinone,125,1.00814919
anthraquinone,120,0.75373030
anthraquinone,115,0.55869942
anthraquinone,110,0.41055642
anthraquinone,105,0.29904610
anthraquinone,100,0.21586946
anthraquinone,95,0.15439362
anthraquinone,90,0.10937837
anthraquinone,85,0.07672894
anthraquinone,80,0.05327925
anthraquinone,75,0.03660647
anthraquinone,70,0.02487556
anthraquinone,65,0.01671100
anthraquinone,60,0.01109253
anthraquinone,55,0.00727153
anthraquinone,50,0.00470478
anthraquinone,45,0.00300267
anthraquinone,40,0.00188906
anthraquinone,35,0.00117072
anthraquinone,30,0.00071417
anthraquinone,25,0.00042851
"9,10-phenanthrenedione",160,4.99105264
"9,10-phenanthrenedione",155,3.92871428
"9,10-phenanthrenedione",150,3.06589496
"9,10-phenanthrenedione",145,2.37248582
"9,10-phenanthrenedione",140,1.82077917
"9,10-phenanthrenedione",135,1.38599296
"9,10-phenanthrenedione",130,1.04648347
"9,10-phenanthrenedione",125,0.78372588
"9,10-phenanthrenedione",120,0.58213785
"9,10-phenanthrenedione",115,0.42881009
"9,10-phenanthrenedione",110,0.31319087
"9,10-phenanthrenedione",105,0.22676028
"9,10-phenanthrenedione",100,0.16271603
"9,10-phenanthrenedione",95,0.11568442
"9,10-phenanthrenedione",90,0.08146316
"9,10-phenanthrenedione",85,0.05679836
"9,10-phenanthrenedione",80,0.03919501
"9,10-phenanthrenedione",75,0.02675870
"9,10-phenanthrenedione",70,0.01806522
"9,10-phenanthrenedione",65,0.01205470
"9,10-phenanthrenedione",60,0.00794659
"9,10-phenanthrenedione",55,0.00517223
"9,10-phenanthrenedione",50,0.00332196
"9,10-phenanthrenedione",45,0.00210406
"9,10-phenanthrenedione",40,0.00131335
"9,10-phenanthrenedione",35,0.00080733
"9,10-phenanthrenedione",30,0.00048836
"9,10-phenanthrenedione",25,0.00029047
alpha-methylstyrene,160,16.04104385
alpha-methylstyrene,155,13.40144692
alpha-methylstyrene,150,11.04957969
alpha-methylstyrene,145,8.98985836
alpha-methylstyrene,140,7.21759338
alpha-methylstyrene,135,5.71941169
alpha-methylstyrene,130,4.47473983
alpha-methylstyrene,125,3.45790755
alpha-methylstyrene,120,2.64043802
alpha-methylstyrene,115,1.99313244
alpha-methylstyrene,110,1.48782952
alpha-methylstyrene,105,1.09863762
alpha-methylstyrene,100,0.80265352
alpha-methylstyrene,95,0.58025788
alpha-methylstyrene,90,0.41508675
alpha-methylstyrene,85,0.29379733
alpha-methylstyrene,80,0.20572052
alpha-methylstyrene,75,0.14247041
alpha-methylstyrene,70,0.09755629
alpha-methylstyrene,65,0.06602497
alpha-methylstyrene,60,0.04414657
alpha-methylstyrene,55,0.02914818
alpha-methylstyrene,50,0.01899412
alpha-methylstyrene,45,0.01220859
alpha-methylstyrene,40,0.00773526
alpha-methylstyrene,35,0.00482780
alpha-methylstyrene,30,0.00296597
alpha-methylstyrene,25,0.00179219
acetaldehyde,160,51.00137928
acetaldehyde,155,47.75562557
acetaldehyde,150,44.46446312
acetaldehyde,145,41.14013694
acetaldehyde,140,37.80453143
acetaldehyde,135,34.47475154
acetaldehyde,130,31.17552535
acetaldehyde,125,27.92983753
acetaldehyde,120,24.76344200
acetaldehyde,115,21.70475531
acetaldehyde,110,18.78126279
acetaldehyde,105,16.02340285
acetaldehyde,100,13.45907160
acetaldehyde,95,11.11493242
acetaldehyde,90,9.01263581
acetaldehyde,85,7.16770957
acetaldehyde,80,5.58697664
acetaldehyde,75,4.26678558
acetaldehyde,70,3.19326996
acetaldehyde,65,2.34339423
acetaldehyde,60,1.68790737
acetaldehyde,55,1.19463207
acetaldehyde,50,0.83176221
acetaldehyde,45,0.57028517
acetaldehyde,40,0.38536645
acetaldehyde,35,0.25680501
acetaldehyde,30,0.16882450
acetaldehyde,25,0.10950366
acetaldehydeoxime,160,19.81252740
acetaldehydeoxime,155,15.67546529
acetaldehydeoxime,150,12.11006071
acetaldehydeoxime,145,9.14609522
acetaldehydeoxime,140,6.76463539
acetaldehydeoxime,135,4.90949213
acetaldehydeoxime,130,3.50324932
acetaldehydeoxime,125,2.46216368
acetaldehydeoxime,120,1.70691044
acetaldehydeoxime,115,1.16854606
acetaldehydeoxime,110,0.79064782
acetaldehydeoxime,105,0.52901936
acetaldehydeoxime,100,0.35016397
acetaldehydeoxime,95,0.22933741
acetaldehydeoxime,90,0.14863570
acetaldehydeoxime,85,0.09532775
acetaldehydeoxime,80,0.06049757
acetaldehydeoxime,75,0.03798661
acetaldehydeoxime,70,0.02359550
acetaldehydeoxime,65,0.01449603
acetaldehydeoxime,60,0.00880616
acetaldehydeoxime,55,0.00528837
acetaldehydeoxime,50,0.00313845
acetaldehydeoxime,45,0.00183994
acetaldehydeoxime,40,0.00106513
acetaldehydeoxime,35,0.00060856
acetaldehydeoxime,30,0.00034298
acetaldehydeoxime,25,0.00019056
acetamide,160,0.23970989
acetamide,155,0.17043513
acetamide,150,0.12031301
acetamide,145,0.08430049
acetamide,140,0.05861381
acetamide,135,0.04043095
acetamide,130,0.02766090
acetamide,125,0.01876519
acetamide,120,0.01262034
acetamide,115,0.00841236
acetamide,110,0.00555637
acetamide,105,0.00363570
acetamide,100,0.00235616
acetamide,95,0.00151195
acetamide,90,0.00096047
acetamide,85,0.00060385
acetamide,80,0.00037564
acetamide,75,0.00023115
acetamide,70,0.00014066
acetamide,65,0.00008462
acetamide,60,0.00005032
acetamide,55,0.00002956
acetamide,50,0.00001716
acetamide,45,0.00000983
acetamide,40,0.00000556
acetamide,35,0.00000310
acetamide,30,0.00000171
acetamide,25,0.00000093
acetanilide,160,9.06934582
acetanilide,155,7.22144546
acetanilide,150,5.68196677
acetanilide,145,4.41971164
acetanilide,140,3.40021103
acetanilide,135,2.58832276
acetanilide,130,1.95024532
acetanilide,125,1.45493564
acetanilide,120,1.07490671
acetanilide,115,0.78654100
acetanilide,110,0.57004674
acetanilide,105,0.40918444
acetanilide,100,0.29086935
acetanilide,95,0.20472473
acetanilide,90,0.14263800
acetanilide,85,0.09834909
acetanilide,80,0.06708632
acetanilide,75,0.04525504
acetanilide,70,0.03017824
acetanilide,65,0.01988492
acetanilide,60,0.01294050
acetanilide,55,0.00831295
acetanilide,50,0.00526866
acetanilide,45,0.00329256
acetanilide,40,0.00202763
acetanilide,35,0.00122965
acetanilide,30,0.00073384
acetanilide,25,0.00043066
aceticacid,160,2.71619470
aceticacid,155,1.91518539
aceticacid,150,1.34166694
aceticacid,145,0.93349030
aceticacid,140,0.64484219
aceticacid,135,0.44210966
aceticacid,130,0.30074773
aceticacid,125,0.20292817
aceticacid,120,0.13577819
aceticacid,115,0.09006433
aceticacid,110,0.05921117
aceticacid,105,0.03857266
aceticacid,100,0.02489317
aceticacid,95,0.01591130
aceticacid,90,0.01007059
aceticacid,85,0.00630993
aceticacid,80,0.00391297
aceticacid,75,0.00240096
aceticacid,70,0.00145727
aceticacid,65,0.00087466
aceticacid,60,0.00051896
aceticacid,55,0.00030428
aceticacid,50,0.00017623
aceticacid,45,0.00010078
aceticacid,40,0.00005688
aceticacid,35,0.00003166
aceticacid,30,0.00001738
aceticacid,25,0.00000940
aceticanhydride,160,12.96288407
aceticanhydride,155,10.46303610
aceticanhydride,150,8.33345985
aceticanhydride,145,6.55260895
aceticanhydride,140,5.08942294
aceticanhydride,135,3.90704521
aceticanhydride,130,2.96625004
aceticanhydride,125,2.22832356
aceticanhydride,120,1.65713645
aceticanhydride,115,1.22040804
aceticanhydride,110,0.89029294
aceticanhydride,105,0.64344820
aceticanhydride,100,0.46076431
aceticanhydride,95,0.32690711
aceticanhydride,90,0.22978084
aceticanhydride,85,0.15998633
aceticanhydride,80,0.11031709
aceticanhydride,75,0.07531532
aceticanhydride,70,0.05089503
aceticanhydride,65,0.03403083
aceticanhydride,60,0.02250675
aceticanhydride,55,0.01471699
aceticanhydride,50,0.00951042
aceticanhydride,45,0.00607084
aceticanhydride,40,0.00382601
aceticanhydride,35,0.00237933
aceticanhydride,30,0.00145923
aceticanhydride,25,0.00088204
propanone,160,44.39609881
propanone,155,41.19017605
propanone,150,37.97567406
propanone,145,34.77151402
propanone,140,31.59335550
propanone,135,28.46141166
propanone,130,25.39826187
propanone,125,22.42733765
propanone,120,19.57368752
propanone,115,16.86463618
propanone,110,14.32666473
propanone,105,11.98524180
propanone,100,9.86243062
propanone,95,7.97537798
propanone,90,6.33349550
propanone,85,4.93745908
propanone,80,3.77874774
propanone,75,2.84010217
propanone,70,2.09773665
propanone,65,1.52389433
propanone,60,1.08974475
propanone,55,0.76774569
propanone,50,0.53324883
propanone,45,0.36532833
propanone,40,0.24695300
propanone,35,0.16473194
propanone,30,0.10843101
propanone,25,0.07041321
2-hydroxy-2-methylpropanenitrile,160,10.94805889
2-hydroxy-2-methylpropanenitrile,155,8.52366746
2-hydroxy-2-methylpropanenitrile,150,6.54754603
2-hydroxy-2-methylpropanenitrile,145,4.96748806
2-hydroxy-2-methylpropanenitrile,140,3.72558672
2-hydroxy-2-methylpropanenitrile,135,2.76426631
2-hydroxy-2-methylpropanenitrile,130,2.03025264
2-hydroxy-2-methylpropanenitrile,125,1.47670824
2-hydroxy-2-methylpropanenitrile,120,1.06399938
2-hydroxy-2-methylpropanenitrile,115,0.75956360
2-hydroxy-2-methylpropanenitrile,110,0.53726908
2-hydroxy-2-methylpropanenitrile,105,0.37654418
2-hydroxy-2-methylpropanenitrile,100,0.26145515
2-hydroxy-2-methylpropanenitrile,95,0.17983375
2-hydroxy-2-methylpropanenitrile,90,0.12250467
2-hydroxy-2-methylpropanenitrile,85,0.08263015
2-hydroxy-2-methylpropanenitrile,80,0.05517094
2-hydroxy-2-methylpropanenitrile,75,0.03645319
2-hydroxy-2-methylpropanenitrile,70,0.02382694
2-hydroxy-2-methylpropanenitrile,65,0.01540103
2-hydroxy-2-methylpropanenitrile,60,0.00984028
2-hydroxy-2-methylpropanenitrile,55,0.00621234
2-hydroxy-2-methylpropanenitrile,50,0.00387340
2-hydroxy-2-methylpropanenitrile,45,0.00238397
2-hydroxy-2-methylpropanenitrile,40,0.00144760
2-hydroxy-2-methylpropanenitrile,35,0.00086672
2-hydroxy-2-methylpropanenitrile,30,0.00051136
2-hydroxy-2-methylpropanenitrile,25,0.00029709
acetonitrile,160,35.99681081
acetonitrile,155,31.18613511
acetonitrile,150,26.56960595
acetonitrile,145,22.24257711
acetonitrile,140,18.28419393
acetonitrile,135,14.75218970
acetonitrile,130,11.68005377
acetonitrile,125,9.07578518
acetonitrile,120,6.92406519
acetonitrile,115,5.19037879
acetonitrile,110,3.82664335
acetonitrile,105,2.77775470
acetonitrile,100,1.98752158
acetonitrile,95,1.40320066
acetonitrile,90,0.97836798
acetonitrile,85,0.67416122
acetonitrile,80,0.45933316
acetonitrile,75,0.30955726
acetonitrile,70,0.20638709
acetonitrile,65,0.13613644
acetonitrile,60,0.08883661
acetonitrile,55,0.05734193
acetonitrile,50,0.03660341
acetonitrile,45,0.02310045
acetonitrile,40,0.01440883
acetonitrile,35,0.00887948
acetonitrile,30,0.00540407
acetonitrile,25,0.00324668
acetophenone,160,17.53108797
acetophenone,155,14.82545906
acetophenone,150,12.37560447
acetophenone,145,10.19313993
acetophenone,140,8.28192313
acetophenone,135,6.63759137
acetophenone,130,5.24813035
acetophenone,125,4.09484751
acetophenone,120,3.15413179
acetophenone,115,2.39952648
acetophenone,110,1.80374007
acetophenone,105,1.34031295
acetophenone,100,0.98485827
acetophenone,95,0.71579243
acetophenone,90,0.51465201
acetophenone,85,0.36608025
acetophenone,80,0.25760551
acetophenone,75,0.17930434
acetophenone,70,0.12342061
acetophenone,65,0.08398812
acetophenone,60,0.05648382
acetophenone,55,0.03752513
acetophenone,50,0.02461521
acetophenone,45,0.01593441
acetophenone,40,0.01017336
acetophenone,35,0.00640195
acetophenone,30,0.00396808
acetophenone,25,0.00242072
2-propanoneoxime,160,19.62768324
2-propanoneoxime,155,15.81051195
2-propanoneoxime,150,12.45192002
2-propanoneoxime,145,9.59211193
2-propanoneoxime,140,7.23465627
2-propanoneoxime,135,5.35029756
2-propanoneoxime,130,3.88613749
2-propanoneoxime,125,2.77689958
2-propanoneoxime,120,1.95504532
2-propanoneoxime,115,1.35785891
2-propanoneoxime,110,0.93128706
2-propanoneoxime,105,0.63119472
2-propanoneoxime,100,0.42297907
2-propanoneoxime,95,0.28034838
2-propanoneoxime,90,0.18381816
2-propanoneoxime,85,0.11924251
2-propanoneoxime,80,0.07652994
2-propanoneoxime,75,0.04859214
2-propanoneoxime,70,0.03052028
2-propanoneoxime,65,0.01895968
2-propanoneoxime,60,0.01164678
2-propanoneoxime,55,0.00707303
2-propanoneoxime,50,0.00424523
2-propanoneoxime,45,0.00251734
2-propanoneoxime,40,0.00147418
2-propanoneoxime,35,0.00085217
2-propanoneoxime,30,0.00048600
2-propanoneoxime,25,0.00027329
aspirin,160,3.51763287
aspirin,155,2.70316037
aspirin,150,2.06274005
aspirin,145,1.56310546
aspirin,140,1.17623533
aspirin,135,0.87888101
aspirin,130,0.65199540
aspirin,125,0.48014287
aspirin,120,0.35093558
aspirin,115,0.25452075
aspirin,110,0.18312829
aspirin,105,0.13068090
aspirin,100,0.09246389
aspirin,95,0.06484931
aspirin,90,0.04506843
aspirin,85,0.03102591
aspirin,80,0.02114963
aspirin,75,0.01427044
aspirin,70,0.00952681
aspirin,65,0.00628983
aspirin,60,0.00410491
aspirin,55,0.00264680
aspirin,50,0.00168520
aspirin,45,0.00105886
aspirin,40,0.00065616
aspirin,35,0.00040075
aspirin,30,0.00024105
aspirin,25,0.00014268
acetylacetone,160,14.23691545
acetylacetone,155,11.65899660
acetylacetone,150,9.42748626
acetylacetone,145,7.52899735
acetylacetone,140,5.94081752
acetylacetone,135,4.63359144
acetylacetone,130,3.57405122
acetylacetone,125,2.72762278
acetylacetone,120,2.06054173
acetylacetone,115,1.54141675
acetylacetone,110,1.14217998
acetylacetone,105,0.83853925
acetylacetone,100,0.61002608
acetylacetone,95,0.43978040
acetylacetone,90,0.31418048
acetylacetone,85,0.22240354
acetylacetone,80,0.15597682
acetylacetone,75,0.10835449
acetylacetone,70,0.07454071
acetylacetone,65,0.05076585
acetylacetone,60,0.03421650
acetylacetone,55,0.02281511
acetylacetone,50,0.01504368
acetylacetone,45,0.00980475
acetylacetone,40,0.00631335
acetylacetone,35,0.00401419
acetylacetone,30,0.00251890
acetylacetone,25,0.00155897
acetylbromide,160,26.00459879
acetylbromide,155,23.32945749
acetylbromide,150,20.76256765
acetylbromide,145,18.31499667
acetylbromide,140,15.99538897
acetylbromide,135,13.81709450
acetylbromide,130,11.79057859
acetylbromide,125,9.92743620
acetylbromide,120,8.23743013
acetylbromide,115,6.72834917
acetylbromide,110,5.40470004
acetylbromide,105,4.26649999
acetylbromide,100,3.30856926
acetylbromide,95,2.52041057
acetylbromide,90,1.88668156
acetylbromide,85,1.38860164
acetylbromide,80,1.00560520
acetylbromide,75,0.71710939
acetylbromide,70,0.50392180
acetylbromide,65,0.34915144
acetylbromide,60,0.23862526
acetylbromide,55,0.16090507
acetylbromide,50,0.10705227
acetylbromide,45,0.07026630
acetylbromide,40,0.04548979
acetylbromide,35,0.02903583
acetylbromide,30,0.01826417
acetylbromide,25,0.01131523
acetylchloride,160,32.49142094
acetylchloride,155,29.02059208
acetylchloride,150,25.62544361
acetylchloride,145,22.33999491
acetylchloride,140,19.20044449
acetylchloride,135,16.24512827
acetylchloride,130,13.51178720
acetylchloride,125,11.03447624
acetylchloride,120,8.83963887
acetylchloride,115,6.94269352
acetylchloride,110,5.34573684
acetylchloride,105,4.03681635
acetylchloride,100,2.99196790
acetylchloride,95,2.17868068
acetylchloride,90,1.56032913
acetylchloride,85,1.10018778
acetylchloride,80,0.76439411
acetylchloride,75,0.52365824
acetylchloride,70,0.35386679
acetylchloride,65,0.23592822
acetylchloride,60,0.15519254
acetylchloride,55,0.10070310
acetylchloride,50,0.06444146
acetylchloride,45,0.04064964
acetylchloride,40,0.02526343
acetylchloride,35,0.01546001
acetylchloride,30,0.00930924
acetylchloride,25,0.00551162
ethine,160,100.00000000
ethine,155,100.00000000
ethine,150,100.00000000
ethine,145,100.00000000
ethine,140,100.00000000
ethine,135,100.00000000
ethine,130,100.00000000
ethine,125,100.00000000
ethine,120,100.00000000
ethine,115,100.00000000
ethine,110,100.00000000
ethine,105,51.39499949
ethine,100,49.15900019
ethine,95,46.89403531
ethine,90,44.60569650
ethine,85,42.29692028
ethine,80,39.97536221
ethine,75,37.64645658
ethine,70,35.31688054
ethine,65,32.99322770
ethine,60,30.68575465
ethine,55,28.40129255
ethine,50,26.14956560
ethine,45,23.94060994
ethine,40,21.78474957
ethine,35,19.69057054
ethine,30,17.67218029
ethine,25,15.73692053
acetylfluoride,160,33.75296856
acetylfluoride,155,29.56087375
acetylfluoride,150,25.44615397
acetylfluoride,145,21.48626270
acetylfluoride,140,17.76414493
acetylfluoride,135,14.36004943
acetylfluoride,130,11.34095611
acetylfluoride,125,8.74966090
acetylfluoride,120,6.59901207
acetylfluoride,115,4.87156893
acetylfluoride,110,3.52589248
acetylfluoride,105,2.50626641
acetylfluoride,100,1.75238862
acetylfluoride,95,1.20683325
acetylfluoride,90,0.81941349
acetylfluoride,85,0.54888562
acetylfluoride,80,0.36286185
acetylfluoride,75,0.23677395
acetylfluoride,70,0.15248517
acetylfluoride,65,0.09689995
acetylfluoride,60,0.06073941
acetylfluoride,55,0.03753840
acetylfluoride,50,0.02286189
acetylfluoride,45,0.01371274
acetylfluoride,40,0.00809525
acetylfluoride,35,0.00470029
acetylfluoride,30,0.00268213
acetylfluoride,25,0.00150295
acridine,160,12.44682060
acridine,155,10.43020143
acridine,150,8.64143509
acridine,145,7.07669072
acridine,140,5.72751340
acridine,135,4.58137262
acridine,130,3.62217086
acridine,125,2.83120178
acridine,120,2.18832613
acridine,115,1.67305944
acridine,110,1.26556259
acridine,105,0.94738490
acridine,100,0.70196153
acridine,95,0.51485716
acridine,90,0.37381534
acridine,85,0.26865911
acridine,80,0.19110196
acridine,75,0.13451242
acridine,70,0.09366542
acridine,65,0.06450238
acridine,60,0.04391237
acridine,55,0.02954097
acridine,50,0.01962817
acridine,45,0.01287422
acridine,40,0.00833098
acridine,35,0.00531535
acridine,30,0.00334144
acridine,25,0.00206817
acrolein,160,40.28883374
acrolein,155,36.57563982
acrolein,150,32.87224409
acrolein,145,29.21447573
acrolein,140,25.64174795
acrolein,135,22.19608527
acrolein,130,18.92270718
acrolein,125,15.86623384
acrolein,120,13.06772807
acrolein,115,10.56144018
acrolein,110,8.37019308
acrolein,105,6.50308881
acrolein,100,4.95388389
acrolein,95,3.70223912
acrolein,90,2.71682450
acrolein,85,1.95971099
acrolein,80,1.39097679
acrolein,75,0.97244852
acrolein,70,0.67015735
acrolein,65,0.45551267
acrolein,60,0.30548685
acrolein,55,0.20217067
acrolein,50,0.13202717
acrolein,45,0.08506405
acrolein,40,0.05405392
acrolein,35,0.03386253
acrolein,30,0.02090228
acrolein,25,0.01270529
2-propenamide,160,0.39453596
2-propenamide,155,0.28186796
2-propenamide,150,0.20002054
2-propenamide,145,0.14093602
2-propenamide,140,0.09857099
2-propenamide,135,0.06841105
2-propenamide,130,0.04710106
2-propenamide,125,0.03216213
2-propenamide,120,0.02177481
2-propenamide,115,0.01461327
2-propenamide,110,0.00971882
2-propenamide,105,0.00640387
2-propenamide,100,0.00417949
2-propenamide,95,0.00270112
2-propenamide,90,0.00172819
2-propenamide,85,0.00109434
2-propenamide,80,0.00068565
2-propenamide,75,0.00042494
2-propenamide,70,0.00026043
2-propenamide,65,0.00015778
2-propenamide,60,0.00009447
2-propenamide,55,0.00005588
2-propenamide,50,0.00003264
2-propenamide,45,0.00001883
2-propenamide,40,0.00001071
2-propenamide,35,0.00000601
2-propenamide,30,0.00000333
2-propenamide,25,0.00000182
acrylicacid,160,8.54594735
acrylicacid,155,6.36321225
acrylicacid,150,4.68145466
acrylicacid,145,3.40721766
acrylicacid,140,2.45530740
acrylicacid,135,1.75285556
acrylicacid,130,1.24013915
acrylicacid,125,0.86967106
acrylicacid,120,0.60453578
acrylicacid,115,0.41653739
acrylicacid,110,0.28444942
acrylicacid,105,0.19249006
acrylicacid,100,0.12905692
acrylicacid,95,0.08570960
acrylicacid,90,0.05637000
acrylicacid,85,0.03670484
acrylicacid,80,0.02365551
acrylicacid,75,0.01508492
acrylicacid,70,0.00951510
acrylicacid,65,0.00593457
acrylicacid,60,0.00365852
acrylicacid,55,0.00222834
acrylicacid,50,0.00134036
acrylicacid,45,0.00079581
acrylicacid,40,0.00046614
acrylicacid,35,0.00026921
acrylicacid,30,0.00015320
acrylicacid,25,0.00008584
2-propenenitrile,160,43.05623127
2-propenenitrile,155,39.25468650
2-propenenitrile,150,35.40343303
2-propenenitrile,145,31.53958112
2-propenenitrile,140,27.70765483
2-propenenitrile,135,23.95969229
2-propenenitrile,130,20.35619136
2-propenenitrile,125,16.96177456
2-propenenitrile,120,13.83940932
2-propenenitrile,115,11.04370495
2-propenenitrile,110,8.61349234
2-propenenitrile,105,6.56617364
2-propenenitrile,100,4.89529392
2-propenenitrile,95,3.57325018
2-propenenitrile,90,2.55724496
2-propenenitrile,85,1.79696846
2-propenenitrile,80,1.24151233
2-propenenitrile,75,0.84427489
2-propenenitrile,70,0.56557713
2-propenenitrile,65,0.37342293
2-propenenitrile,60,0.24306447
2-propenenitrile,55,0.15597834
2-propenenitrile,50,0.09866401
2-propenenitrile,45,0.06149896
2-propenenitrile,40,0.03775726
2-propenenitrile,35,0.02282029
2-propenenitrile,30,0.01356929
2-propenenitrile,25,0.00793235
propenoylchloride,160,28.64347443
propenoylchloride,155,25.40974656
propenoylchloride,150,22.29734063
propenoylchloride,145,19.33320342
propenoylchloride,140,16.54509101
propenoylchloride,135,13.95935158
propenoylchloride,130,11.59980121
propenoylchloride,125,9.48547707
propenoylchloride,120,7.62812490
propenoylchloride,115,6.03089276
propenoylchloride,110,4.68759453
propenoylchloride,105,3.58302654
propenoylchloride,100,2.69476898
propenoylchloride,95,1.99557859
propenoylchloride,90,1.45620207
propenoylchloride,85,1.04784350
propenoylchloride,80,0.74398451
propenoylchloride,75,0.52147389
propenoylchloride,70,0.36094406
propenoylchloride,65,0.24674776
propenoylchloride,60,0.16659961
propenoylchloride,55,0.11108229
propenoylchloride,50,0.07312346
propenoylchloride,45,0.04750684
propenoylchloride,40,0.03044743
propenoylchloride,35,0.01924037
propenoylchloride,30,0.01198081
propenoylchloride,25,0.00734654
adenine,160,0.43234877
adenine,155,0.31880278
adenine,150,0.23365109
adenine,145,0.17014926
adenine,140,0.12307835
adenine,135,0.08841118
adenine,130,0.06305222
adenine,125,0.04463372
adenine,120,0.03135477
adenine,115,0.02185424
adenine,110,0.01511048
adenine,105,0.01036223
adenine,100,0.00704671
adenine,95,0.00475124
adenine,90,0.00317574
adenine,85,0.00210394
adenine,80,0.00138135
adenine,75,0.00089866
adenine,70,0.00057921
adenine,65,0.00036979
adenine,60,0.00023383
adenine,55,0.00014641
adenine,50,0.00009076
adenine,45,0.00005570
adenine,40,0.00003383
adenine,35,0.00002033
adenine,30,0.00001208
adenine,25,0.00000710
hexanedioicacid,160,0.17843216
hexanedioicacid,155,0.12705772
hexanedioicacid,150,0.08982025
hexanedioicacid,145,0.06301746
hexanedioicacid,140,0.04386716
hexanedioicacid,135,0.03028984
hexanedioicacid,130,0.02074086
hexanedioicacid,125,0.01408079
hexanedioicacid,120,0.00947545
hexanedioicacid,115,0.00631900
hexanedioicacid,110,0.00417521
hexanedioicacid,105,0.00273271
hexanedioicacid,100,0.00177133
hexanedioicacid,95,0.00113684
hexanedioicacid,90,0.00072225
hexanedioicacid,85,0.00045411
hexanedioicacid,80,0.00028249
hexanedioicacid,75,0.00017382
hexanedioicacid,70,0.00010576
hexanedioicacid,65,0.00006361
hexanedioicacid,60,0.00003781
hexanedioicacid,55,0.00002220
hexanedioicacid,50,0.00001287
hexanedioicacid,45,0.00000736
hexanedioicacid,40,0.00000416
hexanedioicacid,35,0.00000231
hexanedioicacid,30,0.00000127
hexanedioicacid,25,0.00000068
aceticacid-2-propenylester,160,21.51549025
aceticacid-2-propenylester,155,18.42215510
aceticacid-2-propenylester,150,15.56415183
aceticacid-2-propenylester,145,12.96663706
aceticacid-2-propenylester,140,10.64725410
aceticacid-2-propenylester,135,8.61488268
aceticacid-2-propenylester,130,6.86822896
aceticacid-2-propenylester,125,5.39646659
aceticacid-2-propenylester,120,4.18030665
aceticacid-2-propenylester,115,3.19418171
aceticacid-2-propenylester,110,2.40885534
aceticacid-2-propenylester,105,1.79395083
aceticacid-2-propenylester,100,1.32003173
aceticacid-2-propenylester,95,0.96010733
aceticacid-2-propenylester,90,0.69048668
aceticacid-2-propenylester,85,0.49110953
aceticacid-2-propenylester,80,0.34548186
aceticacid-2-propenylester,75,0.24037222
aceticacid-2-propenylester,70,0.16538656
aceticacid-2-propenylester,65,0.11250684
aceticacid-2-propenylester,60,0.07564705
aceticacid-2-propenylester,55,0.05025512
aceticacid-2-propenylester,50,0.03297293
aceticacid-2-propenylester,45,0.02135560
aceticacid-2-propenylester,40,0.01364609
aceticacid-2-propenylester,35,0.00859783
aceticacid-2-propenylester,30,0.00533795
aceticacid-2-propenylester,25,0.00326333
4-pentenoicacid,160,9.72102080
4-pentenoicacid,155,7.56862209
4-pentenoicacid,150,5.81817050
4-pentenoicacid,145,4.41990535
4-pentenoicacid,140,3.32077588
4-pentenoicacid,135,2.46915257
4-pentenoicacid,130,1.81783853
4-pentenoicacid,125,1.32561321
4-pentenoicacid,120,0.95770463
4-pentenoicacid,115,0.68556723
4-pentenoicacid,110,0.48627453
4-pentenoicacid,105,0.34174406
4-pentenoicacid,100,0.23793313
4-pentenoicacid,95,0.16408395
4-pentenoicacid,90,0.11205655
4-pentenoicacid,85,0.07576238
4-pentenoicacid,80,0.05069730
4-pentenoicacid,75,0.03356496
4-pentenoicacid,70,0.02197853
4-pentenoicacid,65,0.01422819
4-pentenoicacid,60,0.00910231
4-pentenoicacid,55,0.00575178
4-pentenoicacid,50,0.00358825
4-pentenoicacid,45,0.00220881
4-pentenoicacid,40,0.00134083
4-pentenoicacid,35,0.00080215
4-pentenoicacid,30,0.00047261
4-pentenoicacid,25,0.00027403
3-oxobutanoicacid-2-propenylester,160,5.20363315
3-oxobutanoicacid-2-propenylester,155,4.02731625
3-oxobutanoicacid-2-propenylester,150,3.09101927
3-oxobutanoicacid-2-propenylester,145,2.35329241
3-oxobutanoicacid-2-propenylester,140,1.77750250
3-oxobutanoicacid-2-propenylester,135,1.33211378
3-oxobutanoicacid-2-propenylester,130,0.99054620
3-oxobutanoicacid-2-propenylester,125,0.73078379
3-oxobutanoicacid-2-propenylester,120,0.53485839
3-oxobutanoicacid-2-propenylester,115,0.38829256
3-oxobutanoicacid-2-propenylester,110,0.27955453
3-oxobutanoicacid-2-propenylester,105,0.19955490
3-oxobutanoicacid-2-propenylester,100,0.14119973
3-oxobutanoicacid-2-propenylester,95,0.09900459
3-oxobutanoicacid-2-propenylester,90,0.06876845
3-oxobutanoicacid-2-propenylester,85,0.04730278
3-oxobutanoicacid-2-propenylester,80,0.03220977
3-oxobutanoicacid-2-propenylester,75,0.02170307
3-oxobutanoicacid-2-propenylester,70,0.01446456
3-oxobutanoicacid-2-propenylester,65,0.00953116
3-oxobutanoicacid-2-propenylester,60,0.00620637
3-oxobutanoicacid-2-propenylester,55,0.00399174
3-oxobutanoicacid-2-propenylester,50,0.00253447
3-oxobutanoicacid-2-propenylester,45,0.00158770
3-oxobutanoicacid-2-propenylester,40,0.00098072
3-oxobutanoicacid-2-propenylester,35,0.00059695
3-oxobutanoicacid-2-propenylester,30,0.00035781
3-oxobutanoicacid-2-propenylester,25,0.00021104
2-propen-1-ol,160,22.46261256
2-propen-1-ol,155,18.04903481
2-propen-1-ol,150,14.13401462
2-propen-1-ol,145,10.79044898
2-propen-1-ol,140,8.04048246
2-propen-1-ol,135,5.85816882
2-propen-1-ol,130,4.18185811
2-propen-1-ol,125,2.93078909
2-propen-1-ol,120,2.02015398
2-propen-1-ol,115,1.37150365
2-propen-1-ol,110,0.91810417
2-propen-1-ol,105,0.60645070
2-propen-1-ol,100,0.39547065
2-propen-1-ol,95,0.25466035
2-propen-1-ol,90,0.16194946
2-propen-1-ol,85,0.10170909
2-propen-1-ol,80,0.06307474
2-propen-1-ol,75,0.03861818
2-propen-1-ol,70,0.02333849
2-propen-1-ol,65,0.01391825
2-propen-1-ol,60,0.00818839
2-propen-1-ol,55,0.00475083
2-propen-1-ol,50,0.00271731
2-propen-1-ol,45,0.00153155
2-propen-1-ol,40,0.00085026
2-propen-1-ol,35,0.00046471
2-propen-1-ol,30,0.00024992
2-propen-1-ol,25,0.00013217
2-propen-1-amine,160,48.27804502
2-propen-1-amine,155,45.20254169
2-propen-1-amine,150,42.07567696
2-propen-1-amine,145,38.90479479
2-propen-1-amine,140,35.70273716
2-propen-1-amine,135,32.48239372
2-propen-1-amine,130,29.26276342
2-propen-1-amine,125,26.06827809
2-propen-1-amine,120,22.92618643
2-propen-1-amine,115,19.86890379
2-propen-1-amine,110,16.93533451
2-propen-1-amine,105,14.16760624
2-propen-1-amine,100,11.60822868
2-propen-1-amine,95,9.29791855
2-propen-1-amine,90,7.26919160
2-propen-1-amine,85,5.54171889
2-propen-1-amine,80,4.11861233
2-propen-1-amine,75,2.98535859
2-propen-1-amine,70,2.11268658
2-propen-1-amine,65,1.46171372
2-propen-1-amine,60,0.99017074
2-propen-1-amine,55,0.65758054
2-propen-1-amine,50,0.42857562
2-propen-1-amine,45,0.27431332
2-propen-1-amine,40,0.17248983
2-propen-1-amine,35,0.10656224
2-propen-1-amine,30,0.06466700
2-propen-1-amine,25,0.03853263
3-bromopropene,160,29.58330739
3-bromopropene,155,27.04243490
3-bromopropene,150,24.58373557
3-bromopropene,145,22.21176199
3-bromopropene,140,19.93137588
3-bromopropene,135,17.74995997
3-bromopropene,130,15.67479857
3-bromopropene,125,13.71229942
3-bromopropene,120,11.86991626
3-bromopropene,115,10.15665461
3-bromopropene,110,8.57976224
3-bromopropene,105,7.14662805
3-bromopropene,100,5.86272621
3-bromopropene,95,4.73157021
3-bromopropene,90,3.75361839
3-bromopropene,85,2.92525859
3-bromopropene,80,2.23895580
3-bromopropene,75,1.68313047
3-bromopropene,70,1.24320701
3-bromopropene,65,0.90275320
3-bromopropene,60,0.64488169
3-bromopropene,55,0.45347785
3-bromopropene,50,0.31407547
3-bromopropene,45,0.21433065
3-bromopropene,40,0.14414465
3-bromopropene,35,0.09554085
3-bromopropene,30,0.06240116
3-bromopropene,25,0.04014921
3-chloropropene,160,35.43618975
3-chloropropene,155,32.10959021
3-chloropropene,150,28.82901884
3-chloropropene,145,25.61632957
3-chloropropene,140,22.50079217
3-chloropropene,135,19.51063945
3-chloropropene,130,16.67818384
3-chloropropene,125,14.03507995
3-chloropropene,120,11.61157075
3-chloropropene,115,9.43353571
3-chloropropene,110,7.51933280
3-chloropropene,105,5.87731198
3-chloropropene,100,4.50440351
3-chloropropene,95,3.38601874
3-chloropropene,90,2.49816296
3-chloropropene,85,1.81051538
3-chloropropene,80,1.29013143
3-chloropropene,75,0.90467233
3-chloropropene,70,0.62471726
3-chloropropene,65,0.42504341
3-chloropropene,60,0.28501594
3-chloropropene,55,0.18837739
3-chloropropene,50,0.12270641
3-chloropropene,45,0.07875301
3-chloropropene,40,0.04977932
3-chloropropene,35,0.03097272
3-chloropropene,30,0.01895738
3-chloropropene,25,0.01140575
3-butenenitrile,160,34.82444792
3-butenenitrile,155,31.06977083
3-butenenitrile,150,27.37494192
3-butenenitrile,145,23.78557587
3-butenenitrile,140,20.35103971
3-butenenitrile,135,17.12277658
3-butenenitrile,130,14.14955835
3-butenenitrile,125,11.47306136
3-butenenitrile,120,9.12290741
3-butenenitrile,115,7.11301765
3-butenenitrile,110,5.43970940
3-butenenitrile,105,4.08322513
3-butenenitrile,100,3.01124532
3-butenenitrile,95,2.18404235
3-butenenitrile,90,1.55953204
3-butenenitrile,85,1.09732413
3-butenenitrile,80,0.76136045
3-butenenitrile,75,0.52116486
3-butenenitrile,70,0.35205727
3-butenenitrile,65,0.23471766
3-butenenitrile,60,0.15443325
3-butenenitrile,55,0.10025491
3-butenenitrile,50,0.06419421
3-butenenitrile,45,0.04052506
3-butenenitrile,40,0.02520950
3-butenenitrile,35,0.01544403
3-butenenitrile,30,0.00931165
3-butenenitrile,25,0.00552138
allylethylether,160,25.22695277
allylethylether,155,21.87022119
allylethylether,150,18.71601879
allylethylether,145,15.79784663
allylethylether,140,13.14400838
allylethylether,135,10.77459539
allylethylether,130,8.70001762
allylethylether,125,6.91960766
allylethylether,120,5.42231515
allylethylether,115,4.18801115
allylethylether,110,3.18992567
allylethylether,105,2.39749253
allylethylether,100,1.77906005
allylethylether,95,1.30408634
allylethylether,90,0.94469069
allylethylether,85,0.67651071
allylethylether,80,0.47900832
allylethylether,75,0.33537002
allylethylether,70,0.23216625
allylethylether,65,0.15889288
allylethylether,60,0.10748257
allylethylether,55,0.07183945
allylethylether,50,0.04742548
allylethylether,45,0.03090928
allylethylether,40,0.01987807
allylethylether,35,0.01260734
allylethylether,30,0.00788079
allylethylether,25,0.00485204
allylfluoride,160,44.50798808
allylfluoride,155,41.23485486
allylfluoride,150,37.92887944
allylfluoride,145,34.60385935
allylfluoride,140,31.27821671
allylfluoride,135,27.97590846
allylfluoride,130,24.72498851
allylfluoride,125,21.55616756
allylfluoride,120,18.50758455
allylfluoride,115,15.61986613
allylfluoride,110,12.93422460
allylfluoride,105,10.49072095
allylfluoride,100,8.32256079
allylfluoride,95,6.45181216
allylfluoride,90,4.88576858
allylfluoride,85,3.61513159
allylfluoride,80,2.61586300
allylfluoride,75,1.85317973
allylfluoride,70,1.28706521
allylfluoride,65,0.87741566
allylfluoride,60,0.58773170
allylfluoride,55,0.38711844
allylfluoride,50,0.25083508
allylfluoride,45,0.15991018
allylfluoride,40,0.10029088
allylfluoride,35,0.06185940
allylfluoride,30,0.03750539
allylfluoride,25,0.02233810
allylformate,160,22.67376527
allylformate,155,19.24898388
allylformate,150,16.08910863
allylformate,145,13.23149469
allylformate,140,10.70241707
allylformate,135,8.51372970
allylformate,130,6.66244069
allylformate,125,5.13151205
allylformate,120,3.89275855
allylformate,115,2.91078981
allylformate,110,2.14707850
allylformate,105,1.56342985
allylformate,100,1.12449993
allylformate,95,0.79925156
allylformate,90,0.56153458
allylformate,85,0.39003203
allylformate,80,0.26782947
allylformate,75,0.18180382
allylformate,70,0.12196699
allylformate,65,0.08084372
allylformate,60,0.05292395
allylformate,55,0.03420335
allylformate,50,0.02181113
allylformate,45,0.01371639
allylformate,40,0.00850139
allylformate,35,0.00518971
allylformate,30,0.00311811
allylformate,25,0.00184249
isothiocyanatopropene,160,29.22299074
isothiocyanatopropene,155,26.22272044
isothiocyanatopropene,150,23.32620973
isothiocyanatopropene,145,20.55186110
isothiocyanatopropene,140,17.91829863
isothiocyanatopropene,135,15.44435545
isothiocyanatopropene,130,13.14795950
isothiocyanatopropene,125,11.04505229
isothiocyanatopropene,120,9.14843520
isothiocyanatopropene,115,7.46627423
isothiocyanatopropene,110,6.00102828
isothiocyanatopropene,105,4.74916383
isothiocyanatopropene,100,3.70057757
isothiocyanatopropene,95,2.83976545
isothiocyanatopropene,90,2.14698105
isothiocyanatopropene,85,1.60001313
isothiocyanatopropene,80,1.17598238
isothiocyanatopropene,75,0.85286578
isothiocyanatopropene,70,0.61058699
isothiocyanatopropene,65,0.43165537
isothiocyanatopropene,60,0.30138967
isothiocyanatopropene,55,0.20784654
isothiocyanatopropene,50,0.14156199
isothiocyanatopropene,45,0.09520394
isothiocyanatopropene,40,0.06320276
isothiocyanatopropene,35,0.04140159
isothiocyanatopropene,30,0.02674774
isothiocyanatopropene,25,0.01703339
allylthiol,160,39.85149368
allylthiol,155,36.80807939
allylthiol,150,33.78598878
allylthiol,145,30.79697805
allylthiol,140,27.85715829
allylthiol,135,24.98218465
allylthiol,130,22.18980381
allylthiol,125,19.50015038
allylthiol,120,16.93528565
allylthiol,115,14.51664976
allylthiol,110,12.26659595
allylthiol,105,10.20527155
allylthiol,100,8.34987620
allylthiol,95,6.71257464
allylthiol,90,5.29868719
allylthiol,85,4.10564298
allylthiol,80,3.12286169
allylthiol,75,2.33261670
allylthiol,70,1.71207934
allylthiol,65,1.23571556
allylthiol,60,0.87772708
allylthiol,55,0.61396777
allylthiol,50,0.42316682
allylthiol,45,0.28748458
allylthiol,40,0.19254339
allylthiol,35,0.12713023
allylthiol,30,0.08273660
allylthiol,25,0.05305587
2-methyl-2-propenoicacid2-propenylester,160,14.50664472
2-methyl-2-propenoicacid2-propenylester,155,12.04245669
2-methyl-2-propenoicacid2-propenylester,150,9.86906566
2-methyl-2-propenoicacid2-propenylester,145,7.98435227
2-methyl-2-propenoicacid2-propenylester,140,6.37777405
2-methyl-2-propenoicacid2-propenylester,135,5.03127365
2-methyl-2-propenoicacid2-propenylester,130,3.92123590
2-methyl-2-propenoicacid2-propenylester,125,3.02051594
2-methyl-2-propenoicacid2-propenylester,120,2.30055952
2-methyl-2-propenoicacid2-propenylester,115,1.73319130
2-methyl-2-propenoicacid2-propenylester,110,1.29199798
2-methyl-2-propenoicacid2-propenylester,105,0.95320476
2-methyl-2-propenoicacid2-propenylester,100,0.69612771
2-methyl-2-propenoicacid2-propenylester,95,0.50326907
2-methyl-2-propenoicacid2-propenylester,90,0.36017401
2-methyl-2-propenoicacid2-propenylester,85,0.25514197
2-methyl-2-propenoicacid2-propenylester,80,0.17886793
2-methyl-2-propenoicacid2-propenylester,75,0.12406754
2-methyl-2-propenoicacid2-propenylester,70,0.08511887
2-methyl-2-propenoicacid2-propenylester,65,0.05774014
2-methyl-2-propenoicacid2-propenylester,60,0.03871095
2-methyl-2-propenoicacid2-propenylester,55,0.02563845
2-methyl-2-propenoicacid2-propenylester,50,0.01676601
2-methyl-2-propenoicacid2-propenylester,45,0.01081946
2-methyl-2-propenoicacid2-propenylester,40,0.00688584
2-methyl-2-propenoicacid2-propenylester,35,0.00431919
2-methyl-2-propenoicacid2-propenylester,30,0.00266831
2-methyl-2-propenoicacid2-propenylester,25,0.00162232
3-methoxy-1-propene,160,35.71419530
3-methoxy-1-propene,155,32.30092506
3-methoxy-1-propene,150,28.94105103
3-methoxy-1-propene,145,25.66128665
3-methoxy-1-propene,140,22.49264875
3-methoxy-1-propene,135,19.46694934
3-methoxy-1-propene,130,16.61690758
3-methoxy-1-propene,125,13.97392191
3-methoxy-1-propene,120,11.56587513
3-methoxy-1-propene,115,9.41428502
3-methoxy-1-propene,110,7.53200018
3-methoxy-1-propene,105,5.92195383
3-methoxy-1-propene,100,4.57606893
3-methoxy-1-propene,95,3.47672172
3-methoxy-1-propene,90,2.59875364
3-methoxy-1-propene,85,1.91247996
3-methoxy-1-propene,80,1.38673595
3-methoxy-1-propene,75,0.99142133
3-methoxy-1-propene,70,0.69926140
3-methoxy-1-propene,65,0.48676619
3-methoxy-1-propene,60,0.33451181
3-methoxy-1-propene,55,0.22696223
3-methoxy-1-propene,50,0.15202791
3-methoxy-1-propene,45,0.10051703
3-methoxy-1-propene,40,0.06558004
3-methoxy-1-propene,35,0.04220315
3-methoxy-1-propene,30,0.02677605
3-methoxy-1-propene,25,0.01673900
4-pentenenitrile,160,31.47761776
4-pentenenitrile,155,28.04938114
4-pentenenitrile,150,24.71630719
4-pentenenitrile,145,21.51202529
4-pentenenitrile,140,18.47170696
4-pentenenitrile,135,15.63026530
4-pentenenitrile,130,13.02008347
4-pentenenitrile,125,10.66789339
4-pentenenitrile,120,8.59201295
4-pentenenitrile,115,6.80060573
4-pentenenitrile,110,5.28990236
4-pentenenitrile,105,4.04527990
4-pentenenitrile,100,3.04301050
4-pentenenitrile,95,2.25333334
4-pentenenitrile,90,1.64378792
4-pentenenitrile,85,1.18215944
4-pentenenitrile,80,0.83864529
4-pentenenitrile,75,0.58715105
4-pentenenitrile,70,0.40580360
4-pentenenitrile,65,0.27690522
4-pentenenitrile,60,0.18654537
4-pentenenitrile,55,0.12405268
4-pentenenitrile,50,0.08140948
4-pentenenitrile,45,0.05270178
4-pentenenitrile,40,0.03363974
4-pentenenitrile,35,0.02116010
4-pentenenitrile,30,0.01310841
4-pentenenitrile,25,0.00799190
trifluoromethylbenzene,160,11.56797851
trifluoromethylbenzene,155,9.45564713
trifluoromethylbenzene,150,7.63274639
trifluoromethylbenzene,145,6.08568182
trifluoromethylbenzene,140,4.79411072
trifluoromethylbenzene,135,3.73285536
trifluoromethylbenzene,130,2.87401501
trifluoromethylbenzene,125,2.18890690
trifluoromethylbenzene,120,1.64973258
trifluoromethylbenzene,115,1.23077185
trifluoromethylbenzene,110,0.90910446
trifluoromethylbenzene,105,0.66493572
trifluoromethylbenzene,100,0.48160954
trifluoromethylbenzene,95,0.34541729
trifluoromethylbenzene,90,0.24528866
trifluoromethylbenzene,85,0.17243115
trifluoromethylbenzene,80,0.11996430
trifluoromethylbenzene,75,0.08257619
trifluoromethylbenzene,70,0.05621730
trifluoromethylbenzene,65,0.03783753
trifluoromethylbenzene,60,0.02516626
trifluoromethylbenzene,55,0.01653273
trifluoromethylbenzene,50,0.01072184
trifluoromethylbenzene,45,0.00686029
trifluoromethylbenzene,40,0.00432809
trifluoromethylbenzene,35,0.00269056
trifluoromethylbenzene,30,0.00164693
trifluoromethylbenzene,25,0.00099188
nh3,160,100.00000000
nh3,155,100.00000000
nh3,150,100.00000000
nh3,145,100.00000000
nh3,140,100.00000000
nh3,135,100.00000000
nh3,130,100.00000000
nh3,125,100.00000000
nh3,120,100.00000000
nh3,115,100.00000000
nh3,110,100.00000000
nh3,105,100.00000000
nh3,100,100.00000000
nh3,95,100.00000000
nh3,90,100.00000000
nh3,85,100.00000000
nh3,80,100.00000000
nh3,75,100.00000000
nh3,70,100.00000000
nh3,65,100.00000000
nh3,60,100.00000000
nh3,55,100.00000000
nh3,50,100.00000000
nh3,45,100.00000000
nh3,40,100.00000000
nh3,35,100.00000000
nh3,30,100.00000000
nh3,25,100.00000000
n-pentylacetate,160,10.60007839
n-pentylacetate,155,8.56881992
n-pentylacetate,150,6.84748826
n-pentylacetate,145,5.41130823
n-pentylacetate,140,4.23068818
n-pentylacetate,135,3.27364899
n-pentylacetate,130,2.50799034
n-pentylacetate,125,1.90295920
n-pentylacetate,120,1.43037545
n-pentylacetate,115,1.06527638
n-pentylacetate,110,0.78615388
n-pentylacetate,105,0.57490315
n-pentylacetate,100,0.41658343
n-pentylacetate,95,0.29907461
n-pentylacetate,90,0.21269238
n-pentylacetate,85,0.14980299
n-pentylacetate,80,0.10446370
n-pentylacetate,75,0.07210207
n-pentylacetate,70,0.04923914
n-pentylacetate,65,0.03325675
n-pentylacetate,60,0.02220576
n-pentylacetate,55,0.01465082
n-pentylacetate,50,0.00954656
n-pentylacetate,45,0.00614020
n-pentylacetate,40,0.00389596
n-pentylacetate,35,0.00243708
n-pentylacetate,30,0.00150197
n-pentylacetate,25,0.00091133
1-methoxy-4-(1-propenyl)-benzene,160,11.56872012
1-methoxy-4-(1-propenyl)-benzene,155,9.49255341
1-methoxy-4-(1-propenyl)-benzene,150,7.69640884
1-methoxy-4-(1-propenyl)-benzene,145,6.16679355
1-methoxy-4-(1-propenyl)-benzene,140,4.88424073
1-methoxy-4-(1-propenyl)-benzene,135,3.82498409
1-methoxy-4-(1-propenyl)-benzene,130,2.96280132
1-methoxy-4-(1-propenyl)-benzene,125,2.27069462
1-methoxy-4-(1-propenyl)-benzene,120,1.72237468
1-methoxy-4-(1-propenyl)-benzene,115,1.29335037
1-methoxy-4-(1-propenyl)-benzene,110,0.96161472
1-methoxy-4-(1-propenyl)-benzene,105,0.70798931
1-methoxy-4-(1-propenyl)-benzene,100,0.51618275
1-methoxy-4-(1-propenyl)-benzene,95,0.37265661
1-methoxy-4-(1-propenyl)-benzene,90,0.26637207
1-methoxy-4-(1-propenyl)-benzene,85,0.18847754
1-methoxy-4-(1-propenyl)-benzene,80,0.13198097
1-methoxy-4-(1-propenyl)-benzene,75,0.09143421
1-methoxy-4-(1-propenyl)-benzene,70,0.06264604
1-methoxy-4-(1-propenyl)-benzene,65,0.04243131
1-methoxy-4-(1-propenyl)-benzene,60,0.02839797
1-methoxy-4-(1-propenyl)-benzene,55,0.01877052
1-methoxy-4-(1-propenyl)-benzene,50,0.01224656
1-methoxy-4-(1-propenyl)-benzene,45,0.00788210
1-methoxy-4-(1-propenyl)-benzene,40,0.00500129
1-methoxy-4-(1-propenyl)-benzene,35,0.00312632
1-methoxy-4-(1-propenyl)-benzene,30,0.00192387
1-methoxy-4-(1-propenyl)-benzene,25,0.00116457
aniline,160,31.10894020
aniline,155,28.04110977
aniline,150,25.06108159
aniline,145,22.18918823
aniline,140,19.44469833
aniline,135,16.84872740
aniline,130,14.42167130
aniline,125,12.18247596
aniline,120,10.14717759
aniline,115,8.32789270
aniline,110,6.73081370
aniline,105,5.35561030
aniline,100,4.19512300
aniline,95,3.23563404
aniline,90,2.45830565
aniline,85,1.84081954
aniline,80,1.35941161
aniline,75,0.99064882
aniline,70,0.71277284
aniline,65,0.50656374
aniline,60,0.35571453
aniline,55,0.24684835
aniline,50,0.16929394
aniline,45,0.11473773
aniline,40,0.07683352
aniline,35,0.05082319
aniline,30,0.03319653
aniline,25,0.02140259
2-methoxybenzaldehyde,160,13.15874807
2-methoxybenzaldehyde,155,10.85440470
2-methoxybenzaldehyde,150,8.83894323
2-methoxybenzaldehyde,145,7.10585303
2-methoxybenzaldehyde,140,5.64075854
2-methoxybenzaldehyde,135,4.42280781
2-methoxybenzaldehyde,130,3.42661446
2-methoxybenzaldehyde,125,2.62436173
2-methoxybenzaldehyde,120,1.98770735
2-methoxybenzaldehyde,115,1.48939978
2-methoxybenzaldehyde,110,1.10441050
2-methoxybenzaldehyde,105,0.81059385
2-methoxybenzaldehyde,100,0.58895731
2-methoxybenzaldehyde,95,0.42363024
2-methoxybenzaldehyde,90,0.30164085
2-methoxybenzaldehyde,85,0.21258673
2-methoxybenzaldehyde,80,0.14826410
2-methoxybenzaldehyde,75,0.10229923
2-methoxybenzaldehyde,70,0.06980748
2-methoxybenzaldehyde,65,0.04709317
2-methoxybenzaldehyde,60,0.03139434
2-methoxybenzaldehyde,55,0.02067154
2-methoxybenzaldehyde,50,0.01343672
2-methoxybenzaldehyde,45,0.00861714
2-methoxybenzaldehyde,40,0.00544896
2-methoxybenzaldehyde,35,0.00339512
2-methoxybenzaldehyde,30,0.00208295
2-methoxybenzaldehyde,25,0.00125733
o-anisidine,160,19.99683122
o-anisidine,155,17.23673470
o-anisidine,150,14.68220042
o-anisidine,145,12.34958869
o-anisidine,140,10.25136170
o-anisidine,135,8.39418636
o-anisidine,130,6.77851760
o-anisidine,125,5.39775145
o-anisidine,120,4.23904118
o-anisidine,115,3.28413490
o-anisidine,110,2.51097083
o-anisidine,105,1.89549869
o-anisidine,100,1.41339681
o-anisidine,95,1.04145644
o-anisidine,90,0.75857780
o-anisidine,85,0.54631558
o-anisidine,80,0.38907080
o-anisidine,75,0.27400987
o-anisidine,70,0.19081968
o-anisidine,65,0.13137895
o-anisidine,60,0.08940536
o-anisidine,55,0.06011641
o-anisidine,50,0.03992465
o-anisidine,45,0.02617627
o-anisidine,40,0.01693434
o-anisidine,35,0.01080374
o-anisidine,30,0.00679289
o-anisidine,25,0.00420645
anisole,160,21.11048827
anisole,155,18.13905622
anisole,150,15.38681453
anisole,145,12.87598491
anisole,140,10.62293187
anisole,135,8.63709542
anisole,130,6.91938986
anisole,125,5.46202183
anisole,120,4.24941866
anisole,115,3.25958311
anisole,110,2.46639583
anisole,105,1.84186017
anisole,100,1.35818372
anisole,95,0.98935371
anisole,90,0.71215672
anisole,85,0.50666284
anisole,80,0.35630221
anisole,75,0.24766225
anisole,70,0.17013032
anisole,65,0.11547295
anisole,60,0.07741289
anisole,55,0.05123941
anisole,50,0.03346917
anisole,45,0.02156250
anisole,40,0.01369315
anisole,35,0.00856579
anisole,30,0.00527443
anisole,25,0.00319438
ascorbicacid,160,0.01308029
ascorbicacid,155,0.00916364
ascorbicacid,150,0.00637402
ascorbicacid,145,0.00440138
ascorbicacid,140,0.00301671
ascorbicacid,135,0.00205208
ascorbicacid,130,0.00138521
ascorbicacid,125,0.00092779
ascorbicacid,120,0.00061653
ascorbicacid,115,0.00040642
ascorbicacid,110,0.00026576
ascorbicacid,105,0.00017236
ascorbicacid,100,0.00011086
ascorbicacid,95,0.00007071
ascorbicacid,90,0.00004472
ascorbicacid,85,0.00002804
ascorbicacid,80,0.00001743
ascorbicacid,75,0.00001074
ascorbicacid,70,0.00000656
ascorbicacid,65,0.00000397
ascorbicacid,60,0.00000238
ascorbicacid,55,0.00000142
ascorbicacid,50,0.00000083
ascorbicacid,45,0.00000049
ascorbicacid,40,0.00000028
ascorbicacid,35,0.00000016
ascorbicacid,30,0.00000009
ascorbicacid,25,0.00000005
(dichloromethyl)-benzene,160,15.45709322
(dichloromethyl)-benzene,155,13.24127761
(dichloromethyl)-benzene,150,11.22893125
(dichloromethyl)-benzene,145,9.42216843
(dichloromethyl)-benzene,140,7.81978340
(dichloromethyl)-benzene,135,6.41736734
(dichloromethyl)-benzene,130,5.20684785
(dichloromethyl)-benzene,125,4.17670447
(dichloromethyl)-benzene,120,3.31266252
(dichloromethyl)-benzene,115,2.59831400
(dichloromethyl)-benzene,110,2.01600522
(dichloromethyl)-benzene,105,1.54778682
(dichloromethyl)-benzene,100,1.17621406
(dichloromethyl)-benzene,95,0.88500469
(dichloromethyl)-benzene,90,0.65947417
(dichloromethyl)-benzene,85,0.48677445
(dichloromethyl)-benzene,80,0.35595162
(dichloromethyl)-benzene,75,0.25787751
(dichloromethyl)-benzene,70,0.18509389
(dichloromethyl)-benzene,65,0.13161213
(dichloromethyl)-benzene,60,0.09269761
(dichloromethyl)-benzene,55,0.06465918
(dichloromethyl)-benzene,50,0.04465605
(dichloromethyl)-benzene,45,0.03052806
(dichloromethyl)-benzene,40,0.02065144
(dichloromethyl)-benzene,35,0.01381914
(dichloromethyl)-benzene,30,0.00914376
(dichloromethyl)-benzene,25,0.00597999
benzaldehyde,160,20.14733966
benzaldehyde,155,17.16528877
benzaldehyde,150,14.42809427
benzaldehyde,145,11.95694916
benzaldehyde,140,9.76577522
benzaldehyde,135,7.85925281
benzaldehyde,130,6.23235567
benzaldehyde,125,4.87106670
benzaldehyde,120,3.75382253
benzaldehyde,115,2.85380615
benzaldehyde,110,2.14150094
benzaldehyde,105,1.58704974
benzaldehyde,100,1.16210996
benzaldehyde,95,0.84110867
benzaldehyde,90,0.60189154
benzaldehyde,85,0.42589908
benzaldehyde,80,0.29800796
benzaldehyde,75,0.20617925
benzaldehyde,70,0.14101931
benzaldehyde,65,0.09532605
benzaldehyde,60,0.06366386
benzaldehyde,55,0.04198960
benzaldehyde,50,0.02733690
benzaldehyde,45,0.01755826
benzaldehyde,40,0.01111938
benzaldehyde,35,0.00693849
benzaldehyde,30,0.00426314
benzaldehyde,25,0.00257718
benzamide,160,2.75701659
benzamide,155,2.07093832
benzamide,150,1.54495768
benzamide,145,1.14452370
benzamide,140,0.84180879
benzamide,135,0.61460012
benzamide,130,0.44531090
benzamide,125,0.32012489
benzamide,120,0.22826993
benzamide,115,0.16141121
benzamide,110,0.11314939
benzamide,105,0.07860994
benzamide,100,0.05411009
benzamide,95,0.03689085
benzamide,90,0.02490336
benzamide,85,0.01663988
benzamide,80,0.01100129
benzamide,75,0.00719417
benzamide,70,0.00465155
benzamide,65,0.00297249
benzamide,60,0.00187660
benzamide,55,0.00116993
benzamide,50,0.00071992
benzamide,45,0.00043706
benzamide,40,0.00026164
benzamide,35,0.00015436
benzamide,30,0.00008969
benzamide,25,0.00005130
benzene,160,32.85841146
benzene,155,29.46494898
benzene,150,26.15050848
benzene,145,22.94519162
benzene,140,19.88032063
benzene,135,16.98842553
benzene,130,14.30121047
benzene,125,11.84741272
benzene,120,9.64989381
benzene,115,7.72315997
benzene,110,6.07185496
benzene,105,4.68934706
benzene,100,3.55896299
benzene,95,2.65588993
benzene,90,1.95022830
benzene,85,1.41018621
benzene,80,1.00481048
benzene,75,0.70591988
benzene,70,0.48917619
benzene,65,0.33443641
benzene,60,0.22559279
benzene,55,0.15012625
benzene,50,0.09853774
benzene,45,0.06376822
benzene,40,0.04066827
benzene,35,0.02554517
benzene,30,0.01579350
benzene,25,0.00960382
1h-benzimidazole,160,6.10328149
1h-benzimidazole,155,4.73491552
1h-benzimidazole,150,3.63997287
1h-benzimidazole,145,2.77383054
1h-benzimidazole,140,2.09595423
1h-benzimidazole,135,1.57070390
1h-benzimidazole,130,1.16755394
1h-benzimidazole,125,0.86091614
1h-benzimidazole,120,0.62972690
1h-benzimidazole,115,0.45691533
1h-benzimidazole,110,0.32883441
1h-benzimidazole,105,0.23470742
1h-benzimidazole,100,0.16611956
1h-benzimidazole,95,0.11656912
1h-benzimidazole,90,0.08108286
1h-benzimidazole,85,0.05589358
1h-benzimidazole,80,0.03817489
1h-benzimidazole,75,0.02582640
1h-benzimidazole,70,0.01730210
1h-benzimidazole,65,0.01147501
1h-benzimidazole,60,0.00753160
1h-benzimidazole,55,0.00489048
1h-benzimidazole,50,0.00314042
1h-benzimidazole,45,0.00199353
1h-benzimidazole,40,0.00125047
1h-benzimidazole,35,0.00077471
1h-benzimidazole,30,0.00047381
1h-benzimidazole,25,0.00028592
benzisoxazole,160,18.13153049
benzisoxazole,155,15.35403502
benzisoxazole,150,12.82659214
benzisoxazole,145,10.56466854
benzisoxazole,140,8.57645052
benzisoxazole,135,6.86127739
benzisoxazole,130,5.40984338
benzisoxazole,125,4.20506689
benzisoxazole,120,3.22370916
benzisoxazole,115,2.43869156
benzisoxazole,110,1.82142325
benzisoxazole,105,1.34380287
benzisoxazole,100,0.97975170
benzisoxazole,95,0.70614013
benzisoxazole,90,0.50320979
benzisoxazole,85,0.35459160
benzisoxazole,80,0.24706902
benzisoxazole,75,0.17020156
benzisoxazole,70,0.11589621
benzisoxazole,65,0.07798396
benzisoxazole,60,0.05183349
benzisoxazole,55,0.03401694
benzisoxazole,50,0.02203156
benzisoxazole,45,0.01407414
benzisoxazole,40,0.00886267
benzisoxazole,35,0.00549781
benzisoxazole,30,0.00335733
benzisoxazole,25,0.00201673
benzoicacid,160,11.40377054
benzoicacid,155,9.17597841
benzoicacid,150,7.28753867
benzoicacid,145,5.71543588
benzoicacid,140,4.42897904
benzoicacid,135,3.39311401
benzoicacid,130,2.57143680
benzoicacid,125,1.92864070
benzoicacid,120,1.43219707
benzoicacid,115,1.05333624
benzoicacid,110,0.76742949
benzoicacid,105,0.55395044
benzoicacid,100,0.39616911
benzoicacid,95,0.28070495
benzoicacid,90,0.19702981
benzoicacid,85,0.13697844
benzoicacid,80,0.09430029
benzoicacid,75,0.06426803
benzoicacid,70,0.04334694
benzoicacid,65,0.02892308
benzoicacid,60,0.01908428
benzoicacid,55,0.01244673
benzoicacid,50,0.00801988
benzoicacid,45,0.00510243
benzoicacid,40,0.00320352
benzoicacid,35,0.00198354
benzoicacid,30,0.00121036
benzoicacid,25,0.00072732
benzoin,160,5.91464386
benzoin,155,4.70820740
benzoin,150,3.71299013
benzoin,145,2.90157196
benzoin,140,2.24736787
benzoin,135,1.72551119
benzoin,130,1.31345375
benzoin,125,0.99126973
benzoin,120,0.74173839
benzoin,115,0.55026080
benzoin,110,0.40466763
benzoin,105,0.29496523
benzoin,100,0.21305653
benzoin,95,0.15246135
benzoin,90,0.10805280
benzoin,85,0.07581871
benzoin,80,0.05265222
benzoin,75,0.03617232
benzoin,70,0.02457302
benzoin,65,0.01649873
benzoin,60,0.01094267
benzoin,55,0.00716524
benzoin,50,0.00462924
benzoin,45,0.00294904
benzoin,40,0.00185115
benzoin,35,0.00114413
benzoin,30,0.00069573
benzoin,25,0.00041589
benzonitrile,160,25.89491985
benzonitrile,155,22.80389346
benzonitrile,150,19.85602354
benzonitrile,145,17.07732580
benzonitrile,140,14.49249397
benzonitrile,135,12.12423302
benzonitrile,130,9.99065832
benzonitrile,125,8.10378210
benzonitrile,120,6.46820688
benzonitrile,115,5.07966659
benzonitrile,110,3.92567226
benzonitrile,105,2.98671413
benzonitrile,100,2.23825201
benzonitrile,95,1.65320082
benzonitrile,90,1.20422252
benzonitrile,85,0.86553032
benzonitrile,80,0.61409054
benzonitrile,75,0.43020591
benzonitrile,70,0.29762618
benzonitrile,65,0.20333538
benzonitrile,60,0.13716469
benzonitrile,55,0.09133761
benzonitrile,50,0.06001795
benzonitrile,45,0.03889949
benzonitrile,40,0.02485479
benzonitrile,35,0.01564659
benzonitrile,30,0.00969803
benzonitrile,25,0.00591403
benzophenone,160,8.95623544
benzophenone,155,7.28085654
benzophenone,150,5.85452064
benzophenone,145,4.65728108
benzophenone,140,3.66614362
benzophenone,135,2.85654191
benzophenone,130,2.20364824
benzophenone,125,1.68352652
benzophenone,120,1.27397474
benzophenone,115,0.95505080
benzophenone,110,0.70933471
benzophenone,105,0.52196366
benzophenone,100,0.38051352
benzophenone,95,0.27478280
benzophenone,90,0.19652659
benzophenone,85,0.13917594
benzophenone,80,0.09756506
benzophenone,75,0.06768104
benzophenone,70,0.04644276
benzophenone,65,0.03151116
benzophenone,60,0.02113027
benzophenone,55,0.01399656
benzophenone,50,0.00915326
benzophenone,45,0.00590629
benzophenone,40,0.00375806
benzophenone,35,0.00235629
benzophenone,30,0.00145478
benzophenone,25,0.00088376
benzothiazole,160,18.17490105
benzothiazole,155,15.58376086
benzothiazole,150,13.20232254
benzothiazole,145,11.04292839
benzothiazole,140,9.11404278
benzothiazole,135,7.41872418
benzothiazole,130,5.95425301
benzothiazole,125,4.71162193
benzothiazole,120,3.67632333
benzothiazole,115,2.82929930
benzothiazole,110,2.14848694
benzothiazole,105,1.61051010
benzothiazole,100,1.19222569
benzothiazole,95,0.87192986
benzothiazole,90,0.63017431
benzothiazole,85,0.45017189
benzothiazole,80,0.31788471
benzothiazole,75,0.22188197
benzothiazole,70,0.15306579
benzothiazole,65,0.10433724
benzothiazole,60,0.07025380
benzothiazole,55,0.04670897
benzothiazole,50,0.03065003
benzothiazole,45,0.01983967
benzothiazole,40,0.01266068
benzothiazole,35,0.00796013
benzothiazole,30,0.00492745
benzothiazole,25,0.00300078
(trichloromethyl)-benzene,160,5.57927618
(trichloromethyl)-benzene,155,4.38536012
(trichloromethyl)-benzene,150,3.41542259
(trichloromethyl)-benzene,145,2.63650930
(trichloromethyl)-benzene,140,2.01773205
(trichloromethyl)-benzene,135,1.53115262
(trichloromethyl)-benzene,130,1.15221578
(trichloromethyl)-benzene,125,0.85984168
(trichloromethyl)-benzene,120,0.63628765
(trichloromethyl)-benzene,115,0.46686804
(trichloromethyl)-benzene,110,0.33960393
(trichloromethyl)-benzene,105,0.24485036
(trichloromethyl)-benzene,100,0.17493273
(trichloromethyl)-benzene,95,0.12381107
(trichloromethyl)-benzene,90,0.08678127
(trichloromethyl)-benzene,85,0.06021656
(trichloromethyl)-benzene,80,0.04134857
(trichloromethyl)-benzene,75,0.02808516
(trichloromethyl)-benzene,70,0.01886118
(trichloromethyl)-benzene,65,0.01251775
(trichloromethyl)-benzene,60,0.00820587
(trichloromethyl)-benzene,55,0.00531037
(trichloromethyl)-benzene,50,0.00339056
(trichloromethyl)-benzene,45,0.00213449
(trichloromethyl)-benzene,40,0.00132405
(trichloromethyl)-benzene,35,0.00080872
(trichloromethyl)-benzene,30,0.00048601
(trichloromethyl)-benzene,25,0.00028714
benzoylchloride,160,13.53594175
benzoylchloride,155,11.22679619
benzoylchloride,150,9.19245374
benzoylchloride,145,7.42969032
benzoylchloride,140,5.92794562
benzoylchloride,135,4.67009290
benzoylchloride,130,3.63391523
benzoylchloride,125,2.79396538
benzoylchloride,120,2.12346288
benzoylchloride,115,1.59593758
benzoylchloride,110,1.18653756
benzoylchloride,105,0.87288192
benzoylchloride,100,0.63549618
benzoylchloride,95,0.45791905
benzoylchloride,90,0.32657125
benzoylchloride,85,0.23048271
benzoylchloride,80,0.16095076
benzoylchloride,75,0.11118185
benzoylchloride,70,0.07594941
benzoylchloride,65,0.05128641
benzoylchloride,60,0.03422012
benzoylchloride,55,0.02255037
benzoylchloride,50,0.01466861
benzoylchloride,45,0.00941320
benzoylchloride,40,0.00595562
benzoylchloride,35,0.00371249
benzoylchloride,30,0.00227844
benzoylchloride,25,0.00137565
aceticacidphenylmethylester,160,11.07263646
aceticacidphenylmethylester,155,9.04791317
aceticacidphenylmethylester,150,7.30534745
aceticacidphenylmethylester,145,5.82924159
aceticacidphenylmethylester,140,4.59817180
aceticacidphenylmethylester,135,3.58680988
aceticacidphenylmethylester,130,2.76783938
aceticacidphenylmethylester,125,2.11366166
aceticacidphenylmethylester,120,1.59781712
aceticacidphenylmethylester,115,1.19598218
aceticacidphenylmethylester,110,0.88655398
aceticacidphenylmethylester,105,0.65089593
aceticacidphenylmethylester,100,0.47331767
aceticacidphenylmethylester,95,0.34088246
aceticacidphenylmethylester,90,0.24311555
aceticacidphenylmethylester,85,0.17166981
aceticacidphenylmethylester,80,0.11998850
aceticacidphenylmethylester,75,0.08298843
aceticacidphenylmethylester,70,0.05677719
aceticacidphenylmethylester,65,0.03840913
aceticacidphenylmethylester,60,0.02568067
aceticacidphenylmethylester,55,0.01696202
aceticacidphenylmethylester,50,0.01106161
aceticacidphenylmethylester,45,0.00711838
aceticacidphenylmethylester,40,0.00451750
aceticacidphenylmethylester,35,0.00282543
aceticacidphenylmethylester,30,0.00174034
aceticacidphenylmethylester,25,0.00105492
benzylalcohol,160,13.47003235
benzylalcohol,155,10.82049587
benzylalcohol,150,8.54948918
benzylalcohol,145,6.64685041
benzylalcohol,140,5.08783270
benzylalcohol,135,3.83711214
benzylalcohol,130,2.85336269
benzylalcohol,125,2.09362521
benzylalcohol,120,1.51668840
benzylalcohol,115,1.08532880
benzylalcohol,110,0.76744443
benzylalcohol,105,0.53635117
benzylalcohol,100,0.37052066
benzylalcohol,95,0.25300925
benzylalcohol,90,0.17075904
benzylalcohol,85,0.11389022
benzylalcohol,80,0.07505019
benzylalcohol,75,0.04885025
benzylalcohol,70,0.03139794
benzylalcohol,65,0.01992094
benzylalcohol,60,0.01247193
benzylalcohol,55,0.00770196
benzylalcohol,50,0.00468949
benzylalcohol,45,0.00281389
benzylalcohol,40,0.00166313
benzylalcohol,35,0.00096773
benzylalcohol,30,0.00055403
benzylalcohol,25,0.00031187
benzylamine,160,26.58904808
benzylamine,155,23.59123410
benzylamine,150,20.71856281
benzylamine,145,17.99247265
benzylamine,140,15.43452588
benzylamine,135,13.06532301
benzylamine,130,10.90332085
benzylamine,125,8.96262629
benzylamine,120,7.25214068
benzylamine,115,5.77383467
benzylamine,110,4.52231562
benzylamine,105,3.48491384
benzylamine,100,2.64298817
benzylamine,95,1.97364166
benzylamine,90,1.45191417
benzylamine,85,1.05279124
benzylamine,80,0.75278295
benzylamine,75,0.53097341
benzylamine,70,0.36952214
benzylamine,65,0.25374645
benzylamine,60,0.17191649
benzylamine,55,0.11489546
benzylamine,50,0.07572070
benzylamine,45,0.04918882
benzylamine,40,0.03147975
benzylamine,35,0.01983565
benzylamine,30,0.01229748
benzylamine,25,0.00749572
benzoicacidphenylmethylester,160,6.83801594
benzoicacidphenylmethylester,155,5.49728943
benzoicacidphenylmethylester,150,4.37631372
benzoicacidphenylmethylester,145,3.45068724
benzoicacidphenylmethylester,140,2.69548400
benzoicacidphenylmethylester,135,2.08637121
benzoicacidphenylmethylester,130,1.60046586
benzoicacidphenylmethylester,125,1.21690647
benzoicacidphenylmethylester,120,0.91718647
benzoicacidphenylmethylester,115,0.68526254
benzoicacidphenylmethylester,110,0.50750426
benzoicacidphenylmethylester,105,0.37253397
benzoicacidphenylmethylester,100,0.27100202
benzoicacidphenylmethylester,95,0.19533254
benzoicacidphenylmethylester,90,0.13946546
benzoicacidphenylmethylester,85,0.09861070
benzoicacidphenylmethylester,80,0.06902461
benzoicacidphenylmethylester,75,0.04781306
benzoicacidphenylmethylester,70,0.03276235
benzoicacidphenylmethylester,65,0.02219712
benzoicacidphenylmethylester,60,0.01486286
benzoicacidphenylmethylester,55,0.00983031
benzoicacidphenylmethylester,50,0.00641872
benzoicacidphenylmethylester,45,0.00413511
benzoicacidphenylmethylester,40,0.00262667
benzoicacidphenylmethylester,35,0.00164402
benzoicacidphenylmethylester,30,0.00101315
benzoicacidphenylmethylester,25,0.00061428
butylbenzylphthalate,160,3.49037852
butylbenzylphthalate,155,2.75598618
butylbenzylphthalate,150,2.15977538
butylbenzylphthalate,145,1.67992948
butylbenzylphthalate,140,1.29697867
butylbenzylphthalate,135,0.99386166
butylbenzylphthalate,130,0.75586751
butylbenzylphthalate,125,0.57049379
butylbenzylphthalate,120,0.42725224
butylbenzylphthalate,115,0.31744861
butylbenzylphthalate,110,0.23395422
butylbenzylphthalate,105,0.17098397
butylbenzylphthalate,100,0.12388885
butylbenzylphthalate,95,0.08896797
butylbenzylphthalate,90,0.06330229
butylbenzylphthalate,85,0.04461047
butylbenzylphthalate,80,0.03112580
butylbenzylphthalate,75,0.02149281
butylbenzylphthalate,70,0.01468129
butylbenzylphthalate,65,0.00991585
butylbenzylphthalate,60,0.00661871
butylbenzylphthalate,55,0.00436378
butylbenzylphthalate,50,0.00284021
butylbenzylphthalate,45,0.00182379
butylbenzylphthalate,40,0.00115466
butylbenzylphthalate,35,0.00072026
butylbenzylphthalate,30,0.00044234
butylbenzylphthalate,25,0.00026726
(chloromethyl)-benzene,160,19.48464005
(chloromethyl)-benzene,155,16.77256841
(chloromethyl)-benzene,150,14.26550863
(chloromethyl)-benzene,145,11.97946210
(chloromethyl)-benzene,140,9.92582429
(chloromethyl)-benzene,135,8.11062561
(chloromethyl)-benzene,130,6.53391176
(chloromethyl)-benzene,125,5.18882900
(chloromethyl)-benzene,120,4.06242085
(chloromethyl)-benzene,115,3.13641420
(chloromethyl)-benzene,110,2.38879252
(chloromethyl)-benzene,105,1.79560533
(chloromethyl)-benzene,100,1.33268074
(chloromethyl)-benzene,95,0.97700928
(chloromethyl)-benzene,90,0.70773269
(chloromethyl)-benzene,85,0.50667893
(chloromethyl)-benzene,80,0.35853896
(chloromethyl)-benzene,75,0.25077110
(chloromethyl)-benzene,70,0.17334329
(chloromethyl)-benzene,65,0.11839475
(chloromethyl)-benzene,60,0.07987696
(chloromethyl)-benzene,55,0.05321162
(chloromethyl)-benzene,50,0.03498541
(chloromethyl)-benzene,45,0.02268990
(chloromethyl)-benzene,40,0.01450724
(chloromethyl)-benzene,35,0.00913814
(chloromethyl)-benzene,30,0.00566683
(chloromethyl)-benzene,25,0.00345694
(ethoxymethyl)-benzene,160,14.00428026
(ethoxymethyl)-benzene,155,11.65132873
(ethoxymethyl)-benzene,150,9.57429583
(ethoxymethyl)-benzene,145,7.77008970
(ethoxymethyl)-benzene,140,6.22829371
(ethoxymethyl)-benzene,135,4.93203208
(ethoxymethyl)-benzene,130,3.85944847
(ethoxymethyl)-benzene,125,2.98551419
(ethoxymethyl)-benzene,120,2.28385399
(ethoxymethyl)-benzene,115,1.72831813
(ethoxymethyl)-benzene,110,1.29424068
(ethoxymethyl)-benzene,105,0.95927532
(ethoxymethyl)-benzene,100,0.70384061
(ethoxymethyl)-benzene,95,0.51125569
(ethoxymethyl)-benzene,90,0.36764506
(ethoxymethyl)-benzene,85,0.26170113
(ethoxymethyl)-benzene,80,0.18437261
(ethoxymethyl)-benzene,75,0.12852847
(ethoxymethyl)-benzene,70,0.08863106
(ethoxymethyl)-benzene,65,0.06043702
(ethoxymethyl)-benzene,60,0.04073567
(ethoxymethyl)-benzene,55,0.02712715
(ethoxymethyl)-benzene,50,0.01783913
(ethoxymethyl)-benzene,45,0.01157832
(ethoxymethyl)-benzene,40,0.00741246
(ethoxymethyl)-benzene,35,0.00467786
(ethoxymethyl)-benzene,30,0.00290805
(ethoxymethyl)-benzene,25,0.00177954
bicyclohexyl,160,0.19422948
bicyclohexyl,155,0.14001692
bicyclohexyl,150,0.10016137
bicyclohexyl,145,0.07106846
bicyclohexyl,140,0.04999410
bicyclohexyl,135,0.03485274
bicyclohexyl,130,0.02406814
bicyclohexyl,125,0.01645680
bicyclohexyl,120,0.01113657
bicyclohexyl,115,0.00745524
bicyclohexyl,110,0.00493479
bicyclohexyl,105,0.00322819
bicyclohexyl,100,0.00208597
bicyclohexyl,95,0.00133071
bicyclohexyl,90,0.00083760
bicyclohexyl,85,0.00051988
bicyclohexyl,80,0.00031799
bicyclohexyl,75,0.00019155
bicyclohexyl,70,0.00011355
bicyclohexyl,65,0.00006620
bicyclohexyl,60,0.00003792
bicyclohexyl,55,0.00002132
bicyclohexyl,50,0.00001176
bicyclohexyl,45,0.00000636
bicyclohexyl,40,0.00000336
bicyclohexyl,35,0.00000174
bicyclohexyl,30,0.00000088
bicyclohexyl,25,0.00000043
biphenyl,160,12.76025104
biphenyl,155,10.60350565
biphenyl,150,8.70597847
biphenyl,145,7.06190009
biphenyl,140,5.65952730
biphenyl,135,4.48190489
biphenyl,130,3.50812580
biphenyl,125,2.71485474
biphenyl,120,2.07785651
biphenyl,115,1.57330232
biphenyl,110,1.17882047
biphenyl,105,0.87419100
biphenyl,100,0.64171104
biphenyl,95,0.46629873
biphenyl,90,0.33539975
biphenyl,85,0.23877221
biphenyl,80,0.16820722
biphenyl,75,0.11722855
biphenyl,70,0.08079998
biphenyl,65,0.05505724
biphenyl,60,0.03707285
biphenyl,55,0.02465622
biphenyl,50,0.01618808
biphenyl,45,0.01048603
biphenyl,40,0.00669731
biphenyl,35,0.00421473
biphenyl,30,0.00261157
biphenyl,25,0.00159204
oxybischloromethane,160,24.22234793
oxybischloromethane,155,21.42164401
oxybischloromethane,150,18.76923490
oxybischloromethane,145,16.28026684
oxybischloromethane,140,13.96894645
oxybischloromethane,135,11.84737259
oxybischloromethane,130,9.92516258
oxybischloromethane,125,8.20856276
oxybischloromethane,120,6.69917938
oxybischloromethane,115,5.39374245
oxybischloromethane,110,4.28408594
oxybischloromethane,105,3.35726322
oxybischloromethane,100,2.59664690
oxybischloromethane,95,1.98305430
oxybischloromethane,90,1.49614421
oxybischloromethane,85,1.11572883
oxybischloromethane,80,0.82282251
oxybischloromethane,75,0.60034439
oxybischloromethane,70,0.43349748
oxybischloromethane,65,0.30985896
oxybischloromethane,60,0.21927427
oxybischloromethane,55,0.15362752
oxybischloromethane,50,0.10655655
oxybischloromethane,45,0.07315727
oxybischloromethane,40,0.04970567
oxybischloromethane,35,0.03341199
oxybischloromethane,30,0.02221258
oxybischloromethane,25,0.01459906
"4,4'-(1-methylethylidene)bisphenol",160,9.52515144
"4,4'-(1-methylethylidene)bisphenol",155,8.05839728
"4,4'-(1-methylethylidene)bisphenol",150,6.77496746
"4,4'-(1-methylethylidene)bisphenol",145,5.66119059
"4,4'-(1-methylethylidene)bisphenol",140,4.70258971
"4,4'-(1-methylethylidene)bisphenol",135,3.88416867
"4,4'-(1-methylethylidene)bisphenol",130,3.19089788
"4,4'-(1-methylethylidene)bisphenol",125,2.60804251
"4,4'-(1-methylethylidene)bisphenol",120,2.12153148
"4,4'-(1-methylethylidene)bisphenol",115,1.71818288
"4,4'-(1-methylethylidene)bisphenol",110,1.38591095
"4,4'-(1-methylethylidene)bisphenol",105,1.11381065
"4,4'-(1-methylethylidene)bisphenol",100,0.89220586
"4,4'-(1-methylethylidene)bisphenol",95,0.71263490
"4,4'-(1-methylethylidene)bisphenol",90,0.56779446
"4,4'-(1-methylethylidene)bisphenol",85,0.45145607
"4,4'-(1-methylethylidene)bisphenol",80,0.35836247
"4,4'-(1-methylethylidene)bisphenol",75,0.28411955
"4,4'-(1-methylethylidene)bisphenol",70,0.22508572
"4,4'-(1-methylethylidene)bisphenol",65,0.17826619
"4,4'-(1-methylethylidene)bisphenol",60,0.14121515
"4,4'-(1-methylethylidene)bisphenol",55,0.11194764
"4,4'-(1-methylethylidene)bisphenol",50,0.08886175
"4,4'-(1-methylethylidene)bisphenol",45,0.07067127
"4,4'-(1-methylethylidene)bisphenol",40,0.05634819
"4,4'-(1-methylethylidene)bisphenol",35,0.04507420
"4,4'-(1-methylethylidene)bisphenol",30,0.03620038
"4,4'-(1-methylethylidene)bisphenol",25,0.02921378
imidodicarbonicdiamide,160,0.00009287
imidodicarbonicdiamide,155,0.00006197
imidodicarbonicdiamide,150,0.00004104
imidodicarbonicdiamide,145,0.00002698
imidodicarbonicdiamide,140,0.00001760
imidodicarbonicdiamide,135,0.00001139
imidodicarbonicdiamide,130,0.00000731
imidodicarbonicdiamide,125,0.00000466
imidodicarbonicdiamide,120,0.00000294
imidodicarbonicdiamide,115,0.00000184
imidodicarbonicdiamide,110,0.00000115
imidodicarbonicdiamide,105,0.00000071
imidodicarbonicdiamide,100,0.00000043
imidodicarbonicdiamide,95,0.00000026
imidodicarbonicdiamide,90,0.00000016
imidodicarbonicdiamide,85,0.00000009
imidodicarbonicdiamide,80,0.00000006
imidodicarbonicdiamide,75,0.00000003
imidodicarbonicdiamide,70,0.00000002
imidodicarbonicdiamide,65,0.00000001
imidodicarbonicdiamide,60,0.00000001
imidodicarbonicdiamide,55,0.00000000
imidodicarbonicdiamide,50,0.00000000
imidodicarbonicdiamide,45,0.00000000
imidodicarbonicdiamide,40,0.00000000
imidodicarbonicdiamide,35,0.00000000
imidodicarbonicdiamide,30,0.00000000
imidodicarbonicdiamide,25,0.00000000
bcl3,160,1.54439606
bcl3,155,1.10436239
bcl3,150,0.78620642
bcl3,145,0.55661004
bcl3,140,0.39150888
bcl3,135,0.27336815
bcl3,130,0.18934280
bcl3,125,0.13000286
bcl3,120,0.08842809
bcl3,115,0.05955326
bcl3,110,0.03968743
bcl3,105,0.02615720
bcl3,100,0.01704043
bcl3,95,0.01096675
bcl3,90,0.00696846
bcl3,85,0.00436921
bcl3,80,0.00270153
bcl3,75,0.00164620
bcl3,70,0.00098795
bcl3,65,0.00058352
bcl3,60,0.00033894
bcl3,55,0.00019347
bcl3,50,0.00010843
bcl3,45,0.00005961
bcl3,40,0.00003212
bcl3,35,0.00001695
bcl3,30,0.00000874
bcl3,25,0.00000441
br2,160,14.47679330
br2,155,11.88887435
br2,150,9.55836467
br2,145,7.51768138
br2,140,5.78627028
br2,135,4.36442832
br2,130,3.23265023
br2,125,2.35642018
br2,120,1.69380376
br2,115,1.20238662
br2,110,0.84379075
br2,105,0.58571386
br2,100,0.40225352
br2,95,0.27332135
br2,90,0.18370713
br2,85,0.12210211
br2,80,0.08022189
br2,75,0.05207574
br2,70,0.03338333
br2,65,0.02112208
br2,60,0.01318262
br2,55,0.00811065
br2,50,0.00491600
br2,45,0.00293340
br2,40,0.00172192
br2,35,0.00099358
br2,30,0.00056309
br2,25,0.00031316
bromobenzene,160,15.56278800
bromobenzene,155,13.27043599
bromobenzene,150,11.18699897
bromobenzene,145,9.31732465
bromobenzene,140,7.66285815
bromobenzene,135,6.22074344
bromobenzene,130,4.98374967
bromobenzene,125,3.94013937
bromobenzene,120,3.07443960
bromobenzene,115,2.36829027
bromobenzene,110,1.80165781
bromobenzene,105,1.35409697
bromobenzene,100,1.00586026
bromobenzene,95,0.73872859
bromobenzene,90,0.53654840
bromobenzene,85,0.38546637
bromobenzene,80,0.27393821
bromobenzene,75,0.19257501
bromobenzene,70,0.13390016
bromobenzene,65,0.09206866
bromobenzene,60,0.06258558
bromobenzene,55,0.04204559
bromobenzene,50,0.02790453
bromobenzene,45,0.01828672
bromobenzene,40,0.01182713
bromobenzene,35,0.00754497
bromobenzene,30,0.00474460
bromobenzene,25,0.00293910
ch2clbr,160,31.65887762
ch2clbr,155,29.45476100
ch2clbr,150,27.33046775
ch2clbr,145,25.28742213
ch2clbr,140,23.32360217
ch2clbr,135,21.44016153
ch2clbr,130,19.63887121
ch2clbr,125,17.91776809
ch2clbr,120,16.27802742
ch2clbr,115,14.71981137
ch2clbr,110,13.24390639
ch2clbr,105,11.85032022
ch2clbr,100,10.53917619
ch2clbr,95,9.31179381
ch2clbr,90,8.16784753
ch2clbr,85,7.10826394
ch2clbr,80,6.13357311
ch2clbr,75,5.24326557
ch2clbr,70,4.43754453
ch2clbr,65,3.71556974
ch2clbr,60,3.07590046
ch2clbr,55,2.51626913
ch2clbr,50,2.03333477
ch2clbr,45,1.62267875
ch2clbr,40,1.27883143
ch2clbr,35,0.99549009
ch2clbr,30,0.76568411
ch2clbr,25,0.58219205
bromoethene,160,32.31783836
bromoethene,155,29.70967206
bromoethene,150,27.17465613
bromoethene,145,24.72044656
bromoethene,140,22.35094453
bromoethene,135,20.07404047
bromoethene,130,17.89480371
bromoethene,125,15.82003524
bromoethene,120,13.85818147
bromoethene,115,12.01570730
bromoethene,110,10.29986240
bromoethene,105,8.71904407
bromoethene,100,7.27963098
bromoethene,95,5.98699505
bromoethene,90,4.84477772
bromoethene,85,3.85389671
bromoethene,80,3.01148706
bromoethene,75,2.31079655
bromoethene,70,1.74124249
bromoethene,65,1.28892739
bromoethene,60,0.93787955
bromoethene,55,0.67135333
bromoethene,50,0.47314060
bromoethene,45,0.32853615
bromoethene,40,0.22489800
bromoethene,35,0.15183636
bromoethene,30,0.10112294
bromoethene,25,0.06643936
chbr3,160,12.74513081
chbr3,155,11.19186362
chbr3,150,9.77722726
chbr3,145,8.49508153
chbr3,140,7.33882492
chbr3,135,6.30195871
chbr3,130,5.37803141
chbr3,125,4.55998903
chbr3,120,3.84091351
chbr3,115,3.21362897
chbr3,110,2.67072894
chbr3,105,2.20478032
chbr3,100,1.80825453
chbr3,95,1.47374746
chbr3,90,1.19396895
chbr3,85,0.96192655
chbr3,80,0.77103652
chbr3,75,0.61520755
chbr3,70,0.48890644
chbr3,65,0.38720991
chbr3,60,0.30580877
chbr3,55,0.24099658
chbr3,50,0.18963026
chbr3,45,0.14908128
chbr3,40,0.11717780
chbr3,35,0.09214458
chbr3,30,0.07254372
chbr3,25,0.05722032
bromomethylmethylether,160,25.02280994
bromomethylmethylether,155,22.32291782
bromomethylmethylether,150,19.73771490
bromomethylmethylether,145,17.28073869
bromomethylmethylether,140,14.96465303
bromomethylmethylether,135,12.80296576
bromomethylmethylether,130,10.80850844
bromomethylmethylether,125,8.99291851
bromomethylmethylether,120,7.36615537
bromomethylmethylether,115,5.93434066
bromomethylmethylether,110,4.69886066
bromomethylmethylether,105,3.65542443
bromomethylmethylether,100,2.79385236
bromomethylmethylether,95,2.09856532
bromomethylmethylether,90,1.55004713
bromomethylmethylether,85,1.12663249
bromomethylmethylether,80,0.80642258
bromomethylmethylether,75,0.56883745
bromomethylmethylether,70,0.39564242
bromomethylmethylether,65,0.27144235
bromomethylmethylether,60,0.18374035
bromomethylmethylether,55,0.12271566
bromomethylmethylether,50,0.08085580
bromomethylmethylether,45,0.05254415
bromomethylmethylether,40,0.03366458
bromomethylmethylether,35,0.02125425
bromomethylmethylether,30,0.01321570
bromomethylmethylether,25,0.00808757
bromotrichloromethane,160,1.33399457
bromotrichloromethane,155,0.97335731
bromotrichloromethane,150,0.70698454
bromotrichloromethane,145,0.51073279
bromotrichloromethane,140,0.36668192
bromotrichloromethane,135,0.26145291
bromotrichloromethane,130,0.18502419
bromotrichloromethane,125,0.12987854
bromotrichloromethane,120,0.09038115
bromotrichloromethane,115,0.06231867
bromotrichloromethane,110,0.04255331
bromotrichloromethane,105,0.02876082
bromotrichloromethane,100,0.01923094
bromotrichloromethane,95,0.01271473
bromotrichloromethane,90,0.00830793
bromotrichloromethane,85,0.00536194
bromotrichloromethane,80,0.00341626
bromotrichloromethane,75,0.00214747
bromotrichloromethane,70,0.00133101
bromotrichloromethane,65,0.00081290
bromotrichloromethane,60,0.00048888
bromotrichloromethane,55,0.00028930
bromotrichloromethane,50,0.00016833
bromotrichloromethane,45,0.00009623
bromotrichloromethane,40,0.00005400
bromotrichloromethane,35,0.00002972
bromotrichloromethane,30,0.00001602
bromotrichloromethane,25,0.00000846
bromotrichloromethane,160,1.33399457
bromotrichloromethane,155,0.97335731
bromotrichloromethane,150,0.70698454
bromotrichloromethane,145,0.51073279
bromotrichloromethane,140,0.36668192
bromotrichloromethane,135,0.26145291
bromotrichloromethane,130,0.18502419
bromotrichloromethane,125,0.12987854
bromotrichloromethane,120,0.09038115
bromotrichloromethane,115,0.06231867
bromotrichloromethane,110,0.04255331
bromotrichloromethane,105,0.02876082
bromotrichloromethane,100,0.01923094
bromotrichloromethane,95,0.01271473
bromotrichloromethane,90,0.00830793
bromotrichloromethane,85,0.00536194
bromotrichloromethane,80,0.00341626
bromotrichloromethane,75,0.00214747
bromotrichloromethane,70,0.00133101
bromotrichloromethane,65,0.00081290
bromotrichloromethane,60,0.00048888
bromotrichloromethane,55,0.00028930
bromotrichloromethane,50,0.00016833
bromotrichloromethane,45,0.00009623
bromotrichloromethane,40,0.00005400
bromotrichloromethane,35,0.00002972
bromotrichloromethane,30,0.00001602
bromotrichloromethane,25,0.00000846
bromotrichloromethane,160,1.33399457
bromotrichloromethane,155,0.97335731
bromotrichloromethane,150,0.70698454
bromotrichloromethane,145,0.51073279
bromotrichloromethane,140,0.36668192
bromotrichloromethane,135,0.26145291
bromotrichloromethane,130,0.18502419
bromotrichloromethane,125,0.12987854
bromotrichloromethane,120,0.09038115
bromotrichloromethane,115,0.06231867
bromotrichloromethane,110,0.04255331
bromotrichloromethane,105,0.02876082
bromotrichloromethane,100,0.01923094
bromotrichloromethane,95,0.01271473
bromotrichloromethane,90,0.00830793
bromotrichloromethane,85,0.00536194
bromotrichloromethane,80,0.00341626
bromotrichloromethane,75,0.00214747
bromotrichloromethane,70,0.00133101
bromotrichloromethane,65,0.00081290
bromotrichloromethane,60,0.00048888
bromotrichloromethane,55,0.00028930
bromotrichloromethane,50,0.00016833
bromotrichloromethane,45,0.00009623
bromotrichloromethane,40,0.00005400
bromotrichloromethane,35,0.00002972
bromotrichloromethane,30,0.00001602
bromotrichloromethane,25,0.00000846
cf3br,160,11.04260940
cf3br,155,8.75498389
cf3br,150,6.82511491
cf3br,145,5.23848318
cf3br,140,3.96438117
cf3br,135,2.96217965
cf3br,130,2.18775491
cf3br,125,1.59841986
cf3br,120,1.15588331
cf3br,115,0.82753104
cf3br,110,0.58658359
cf3br,105,0.41163354
cf3br,100,0.28591365
cf3br,95,0.19650357
cf3br,90,0.13358407
cf3br,85,0.08978418
cf3br,80,0.05963447
cf3br,75,0.03912191
cf3br,70,0.02533516
cf3br,65,0.01618630
cf3br,60,0.01019562
cf3br,55,0.00632743
cf3br,50,0.00386612
cf3br,45,0.00232394
cf3br,40,0.00137316
cf3br,35,0.00079688
cf3br,30,0.00045377
cf3br,25,0.00025329
"2,4-pentadienenitrile",160,32.96385642
"2,4-pentadienenitrile",155,29.52655182
"2,4-pentadienenitrile",150,26.16371083
"2,4-pentadienenitrile",145,22.90687783
"2,4-pentadienenitrile",140,19.79141133
"2,4-pentadienenitrile",135,16.85334788
"2,4-pentadienenitrile",130,14.12817040
"2,4-pentadienenitrile",125,11.64727587
"2,4-pentadienenitrile",120,9.43520544
"2,4-pentadienenitrile",115,7.50670073
"2,4-pentadienenitrile",110,5.86491936
"2,4-pentadienenitrile",105,4.50069199
"2,4-pentadienenitrile",100,3.39413605
"2,4-pentadienenitrile",95,2.51723645
"2,4-pentadienenitrile",90,1.83746015
"2,4-pentadienenitrile",85,1.32117973
"2,4-pentadienenitrile",80,0.93640404
"2,4-pentadienenitrile",75,0.65458292
"2,4-pentadienenitrile",70,0.45147276
"2,4-pentadienenitrile",65,0.30729245
"2,4-pentadienenitrile",60,0.20641449
"2,4-pentadienenitrile",55,0.13681855
"2,4-pentadienenitrile",50,0.08946582
"2,4-pentadienenitrile",45,0.05769231
"2,4-pentadienenitrile",40,0.03667124
"2,4-pentadienenitrile",35,0.02296362
"2,4-pentadienenitrile",30,0.01415757
"2,4-pentadienenitrile",25,0.00858749
"1,3-butadienediepoxide",160,16.94906548
"1,3-butadienediepoxide",155,13.87408116
"1,3-butadienediepoxide",150,11.18662738
"1,3-butadienediepoxide",145,8.88736352
"1,3-butadienediepoxide",140,6.96058825
"1,3-butadienediepoxide",135,5.37772054
"1,3-butadienediepoxide",130,4.10146342
"1,3-butadienediepoxide",125,3.09015541
"1,3-butadienediepoxide",120,2.30151356
"1,3-butadienediepoxide",115,1.69547711
"1,3-butadienediepoxide",110,1.23600414
"1,3-butadienediepoxide",105,0.89196929
"1,3-butadienediepoxide",100,0.63735617
"1,3-butadienediepoxide",95,0.45099169
"1,3-butadienediepoxide",90,0.31602175
"1,3-butadienediepoxide",85,0.21927908
"1,3-butadienediepoxide",80,0.15064194
"1,3-butadienediepoxide",75,0.10244040
"1,3-butadienediepoxide",70,0.06893770
"1,3-butadienediepoxide",65,0.04589490
"1,3-butadienediepoxide",60,0.03021600
"1,3-butadienediepoxide",55,0.01966526
"1,3-butadienediepoxide",50,0.01264622
"1,3-butadienediepoxide",45,0.00803180
"1,3-butadienediepoxide",40,0.00503539
"1,3-butadienediepoxide",35,0.00311445
"1,3-butadienediepoxide",30,0.00189933
"1,3-butadienediepoxide",25,0.00114135
butadione,160,20.46565679
butadione,155,17.14951748
butadione,150,14.15069507
butadione,145,11.49473053
butadione,140,9.19242400
butadione,135,7.23937909
butadione,130,5.61740296
butadione,125,4.29754063
butadione,120,3.24394691
butadione,115,2.41778272
butadione,110,1.78050718
butadione,105,1.29629048
butadione,100,0.93344125
butadione,95,0.66501936
butadione,90,0.46884007
butadione,85,0.32710505
butadione,80,0.22584210
butadione,75,0.15428409
butadione,70,0.10426656
butadione,65,0.06968773
butadione,60,0.04604781
butadione,55,0.03007006
butadione,50,0.01939738
butadione,45,0.01235456
butadione,40,0.00776533
butadione,35,0.00481389
butadione,30,0.00294154
butadione,25,0.00177056
butane,160,2.83703433
butane,155,2.04009961
butane,150,1.45901805
butane,145,1.03686498
butane,140,0.73165302
butane,135,0.51228240
butane,130,0.35567835
butane,125,0.24473085
butane,120,0.16678403
butane,115,0.11251570
butane,110,0.07509772
butane,105,0.04956301
butane,100,0.03232701
butane,95,0.02082596
butane,90,0.01324412
butane,85,0.00830918
butane,80,0.00513969
butane,75,0.00313236
butane,70,0.00187958
butane,65,0.00110965
butane,60,0.00064403
butane,55,0.00036717
butane,50,0.00020545
butane,45,0.00011271
butane,40,0.00006057
butane,35,0.00003185
butane,30,0.00001637
butane,25,0.00000822
benzoicacidbutylester,160,6.66037180
benzoicacidbutylester,155,5.29762513
benzoicacidbutylester,150,4.17375105
benzoicacidbutylester,145,3.25806334
benzoicacidbutylester,140,2.52052005
benzoicacidbutylester,135,1.93288753
benzoicacidbutylester,130,1.46950960
benzoicacidbutylester,125,1.10770679
benzoicacidbutylester,120,0.82789299
benzoicacidbutylester,115,0.61348672
benzoicacidbutylester,110,0.45068965
benzoicacidbutylester,105,0.32819254
benzoicacidbutylester,100,0.23685063
benzoicacidbutylester,95,0.16936030
benzoicacidbutylester,90,0.11995502
benzoicacidbutylester,85,0.08413110
benzoicacidbutylester,80,0.05840792
benzoicacidbutylester,75,0.04012308
benzoicacidbutylester,70,0.02726086
benzoicacidbutylester,65,0.01831083
benzoicacidbutylester,60,0.01215305
benzoicacidbutylester,55,0.00796603
benzoicacidbutylester,50,0.00515385
benzoicacidbutylester,45,0.00328922
benzoicacidbutylester,40,0.00206941
benzoicacidbutylester,35,0.00128260
benzoicacidbutylester,30,0.00078255
benzoicacidbutylester,25,0.00046964
butylformate,160,18.11139554
butylformate,155,15.14519748
butylformate,150,12.48229393
butylformate,145,10.13732377
butylformate,140,8.11305891
butylformate,135,6.40019347
butylformate,130,4.97891873
butylformate,125,3.82159490
butylformate,120,2.89586725
butylformate,115,2.16763155
butylformate,110,1.60356325
butylformate,105,1.17289847
butylformate,100,0.84847441
butylformate,95,0.60715595
butylformate,90,0.42980755
butylformate,85,0.30098354
butylformate,80,0.20847159
butylformate,75,0.14278736
butylformate,70,0.09668110
butylformate,65,0.06469092
butylformate,60,0.04275721
butylformate,55,0.02790167
butylformate,50,0.01796690
butylformate,45,0.01140997
butylformate,40,0.00714148
butylformate,35,0.00440237
butylformate,30,0.00267092
butylformate,25,0.00159356
butyllactate,160,7.61626829
butyllactate,155,6.01196967
butyllactate,150,4.69469483
butyllactate,145,3.62822428
butyllactate,140,2.77607977
butyllactate,135,2.10350459
butyllactate,130,1.57875526
butyllactate,125,1.17380107
butyllactate,120,0.86455816
butyllactate,115,0.63079962
butyllactate,110,0.45586052
butyllactate,105,0.32623712
butyllactate,100,0.23114675
butyllactate,95,0.16209325
butyllactate,90,0.11246427
butyllactate,85,0.07717356
butyllactate,80,0.05235315
butyllactate,75,0.03509446
butyllactate,70,0.02323507
butyllactate,65,0.01518569
butyllactate,60,0.00979207
butyllactate,55,0.00622610
butyllactate,50,0.00390124
butyllactate,45,0.00240749
butyllactate,40,0.00146225
butyllactate,35,0.00087354
butyllactate,30,0.00051292
butyllactate,25,0.00029580
octadecanoicacidbutylester,160,0.33370729
octadecanoicacidbutylester,155,0.25042705
octadecanoicacidbutylester,150,0.18670749
octadecanoicacidbutylester,145,0.13825114
octadecanoicacidbutylester,140,0.10163995
octadecanoicacidbutylester,135,0.07416697
octadecanoicacidbutylester,130,0.05369911
octadecanoicacidbutylester,125,0.03856482
octadecanoicacidbutylester,120,0.02746231
octadecanoicacidbutylester,115,0.01938446
octadecanoicacidbutylester,110,0.01355767
octadecanoicacidbutylester,105,0.00939224
octadecanoicacidbutylester,100,0.00644225
octadecanoicacidbutylester,95,0.00437334
octadecanoicacidbutylester,90,0.00293705
octadecanoicacidbutylester,85,0.00195047
octadecanoicacidbutylester,80,0.00128024
octadecanoicacidbutylester,75,0.00083015
octadecanoicacidbutylester,70,0.00053150
octadecanoicacidbutylester,65,0.00033581
octadecanoicacidbutylester,60,0.00020926
octadecanoicacidbutylester,55,0.00012853
octadecanoicacidbutylester,50,0.00007777
octadecanoicacidbutylester,45,0.00004631
octadecanoicacidbutylester,40,0.00002713
octadecanoicacidbutylester,35,0.00001562
octadecanoicacidbutylester,30,0.00000883
octadecanoicacidbutylester,25,0.00000490
butoxide,160,35.06057677
butoxide,155,31.61885400
butoxide,150,28.23829104
butoxide,145,24.94845276
butoxide,140,21.78035869
butoxide,135,18.76753136
butoxide,130,15.94300582
butoxide,125,13.33812005
butoxide,120,10.97935866
butoxide,115,8.88606976
butoxide,110,7.06816780
butoxide,105,5.52499090
butoxide,100,4.24497992
butoxide,95,3.20744001
butoxide,90,2.38491990
butoxide,85,1.74644095
butoxide,80,1.26046259
butoxide,75,0.89720943
butoxide,70,0.63020103
butoxide,65,0.43696673
butoxide,60,0.29915238
butoxide,55,0.20222428
butoxide,50,0.13496785
butoxide,45,0.08891760
butoxide,40,0.05780454
butoxide,35,0.03706529
butoxide,30,0.02343052
butoxide,25,0.01459318
butanal,160,34.29286688
butanal,155,30.78534169
butanal,150,27.34753710
butanal,145,24.01204822
butanal,140,20.81465722
butanal,135,17.79235580
butanal,130,14.98061745
butanal,125,12.41159805
butanal,120,10.11074868
butanal,115,8.09411474
butanal,110,6.36667802
butanal,105,4.92123197
butanal,100,3.73980309
butanal,95,2.79592997
butanal,90,2.05799581
butanal,85,1.49261405
butanal,80,1.06745388
butanal,75,0.75319421
butanal,70,0.52457483
butanal,65,0.36071434
butanal,60,0.24491530
butanal,55,0.16418762
butanal,50,0.10865606
butanal,45,0.07096156
butanal,40,0.04571623
butanal,35,0.02903884
butanal,30,0.01817602
butanal,25,0.01120329
butyricacid,160,7.83597622
butyricacid,155,5.86933578
butyricacid,150,4.34204480
butyricacid,145,3.17588149
butyricacid,140,2.29841938
butyricacid,135,1.64668885
butyricacid,130,1.16827523
butyricacid,125,0.82090895
butyricacid,120,0.57131142
butyricacid,115,0.39377783
butyricacid,110,0.26876497
butyricacid,105,0.18161761
butyricacid,100,0.12148187
butyricacid,95,0.08041275
butyricacid,90,0.05265986
butyricacid,85,0.03410739
butyricacid,80,0.02184215
butyricacid,75,0.01382536
butyricacid,70,0.00864646
butyricacid,65,0.00534095
butyricacid,60,0.00325719
butyricacid,55,0.00196032
butyricacid,50,0.00116377
butyricacid,45,0.00068117
butyricacid,40,0.00039287
butyricacid,35,0.00022315
butyricacid,30,0.00012475
butyricacid,25,0.00006859
"butanoicacid,anhydride",160,8.11232026
"butanoicacid,anhydride",155,6.48650522
"butanoicacid,anhydride",150,5.13251445
"butanoicacid,anhydride",145,4.02034650
"butanoicacid,anhydride",140,3.11862998
"butanoicacid,anhydride",135,2.39644811
"butanoicacid,anhydride",130,1.82468443
"butanoicacid,anhydride",125,1.37691335
"butanoicacid,anhydride",120,1.02985859
"butanoicacid,anhydride",115,0.76352480
"butanoicacid,anhydride",110,0.56109488
"butanoicacid,anhydride",105,0.40867905
"butanoicacid,anhydride",100,0.29498605
"butanoicacid,anhydride",95,0.21096502
"butanoicacid,anhydride",90,0.14945313
"butanoicacid,anhydride",85,0.10484834
"butanoicacid,anhydride",80,0.07281796
"butanoicacid,anhydride",75,0.05004695
"butanoicacid,anhydride",70,0.03402550
"butanoicacid,anhydride",65,0.02287333
"butanoicacid,anhydride",60,0.01519661
"butanoicacid,anhydride",55,0.00997323
"butanoicacid,anhydride",50,0.00646189
"butanoicacid,anhydride",45,0.00413110
"butanoicacid,anhydride",40,0.00260425
"butanoicacid,anhydride",35,0.00161779
"butanoicacid,anhydride",30,0.00098963
"butanoicacid,anhydride",25,0.00059568
butyronitrile,160,43.39567949
butyronitrile,155,40.36528820
butyronitrile,150,37.32302385
butyronitrile,145,34.28064694
butyronitrile,140,31.25123991
butyronitrile,135,28.25095245
butyronitrile,130,25.29830403
butyronitrile,125,22.41544880
butyronitrile,120,19.62438709
butyronitrile,115,16.95349542
butyronitrile,110,14.43045113
butyronitrile,105,12.08426416
butyronitrile,100,9.94145912
butyronitrile,95,8.02470726
butyronitrile,90,6.34966637
butyronitrile,85,4.92227348
butyronitrile,80,3.73796082
butyronitrile,75,2.78160827
butyronitrile,70,2.02978081
butyronitrile,65,1.45371403
butyronitrile,60,1.02281535
butyronitrile,55,0.70759452
butyronitrile,50,0.48166706
butyronitrile,45,0.32277249
butyronitrile,40,0.21298228
butyronitrile,35,0.13838893
butyronitrile,30,0.08853112
butyronitrile,25,0.05574120
butyrylchloride,160,17.49142727
butyrylchloride,155,14.60138354
butyrylchloride,150,12.01322607
butyrylchloride,145,9.73952134
butyrylchloride,140,7.78133968
butyrylchloride,135,6.12814077
butyrylchloride,130,4.75938857
butyrylchloride,125,3.64720028
butyrylchloride,120,2.75939229
butyrylchloride,115,2.06235080
butyrylchloride,110,1.52344958
butyrylchloride,105,1.11272807
butyrylchloride,100,0.80384822
butyrylchloride,95,0.57446042
butyrylchloride,90,0.40613831
butyrylchloride,85,0.28405070
butyrylchloride,80,0.19650071
butyrylchloride,75,0.13442502
butyrylchloride,70,0.09091013
butyrylchloride,65,0.06075752
butyrylchloride,60,0.04011037
butyrylchloride,55,0.02614396
butyrylchloride,50,0.01681553
butyrylchloride,45,0.01066644
butyrylchloride,40,0.00666840
butyrylchloride,35,0.00410600
butyrylchloride,30,0.00248822
butyrylchloride,25,0.00148283
caffeine,160,4.67283312
caffeine,155,3.67311906
caffeine,150,2.86394635
caffeine,145,2.21530785
caffeine,140,1.70014953
caffeine,135,1.29463654
caffeine,130,0.97818163
caffeine,125,0.73330581
caffeine,120,0.54539170
caffeine,115,0.40237928
caffeine,110,0.29443910
caffeine,105,0.21364941
caffeine,100,0.15369276
caffeine,95,0.10958127
caffeine,90,0.07741469
caffeine,85,0.05417208
caffeine,80,0.03753547
caffeine,75,0.02574306
caffeine,70,0.01746853
caffeine,65,0.01172317
caffeine,60,0.00777731
caffeine,55,0.00509799
caffeine,50,0.00330013
caffeine,45,0.00210858
caffeine,40,0.00132900
caffeine,35,0.00082579
caffeine,30,0.00050552
caffeine,25,0.00030468
camphene,160,1.60595597
camphene,155,1.19516014
camphene,150,0.88424529
camphene,145,0.65006057
camphene,140,0.47463491
camphene,135,0.34402467
camphene,130,0.24742808
camphene,125,0.17650106
camphene,120,0.12482336
camphene,115,0.08747947
camphene,110,0.06072781
camphene,105,0.04173944
camphene,100,0.02839124
camphene,95,0.01910275
camphene,90,0.01270774
camphene,85,0.00835372
camphene,80,0.00542373
camphene,75,0.00347600
camphene,70,0.00219770
camphene,65,0.00136991
camphene,60,0.00084133
camphene,55,0.00050873
camphene,50,0.00030265
camphene,45,0.00017700
camphene,40,0.00010168
camphene,35,0.00005732
camphene,30,0.00003168
camphene,25,0.00001715
2-oxepanone,160,18.49266260
2-oxepanone,155,15.80382296
2-oxepanone,150,13.35387479
2-oxepanone,145,11.15175262
2-oxepanone,140,9.20080564
2-oxepanone,135,7.49856310
2-oxepanone,130,6.03633516
2-oxepanone,125,4.80016524
2-oxepanone,120,3.77159026
2-oxepanone,115,2.92896011
2-oxepanone,110,2.24898029
2-oxepanone,105,1.70808786
2-oxepanone,100,1.28365835
2-oxepanone,95,0.95487020
2-oxepanone,90,0.70324615
2-oxepanone,85,0.51288010
2-oxepanone,80,0.37043447
2-oxepanone,75,0.26497177
2-oxepanone,70,0.18769466
2-oxepanone,65,0.13164608
2-oxepanone,60,0.09140672
2-oxepanone,55,0.06281257
2-oxepanone,50,0.04270442
2-oxepanone,45,0.02871404
2-oxepanone,40,0.01908652
2-oxepanone,35,0.01253621
2-oxepanone,30,0.00813184
2-oxepanone,25,0.00520655
carbazole,160,20.22136151
carbazole,155,17.98385002
carbazole,150,15.88719317
carbazole,145,13.93525315
carbazole,140,12.13064897
carbazole,135,10.47529344
carbazole,130,8.97004834
carbazole,125,7.61412045
carbazole,120,6.40482527
carbazole,115,5.33790514
carbazole,110,4.40710272
carbazole,105,3.60457365
carbazole,100,2.92081722
carbazole,95,2.34518636
carbazole,90,1.86630002
carbazole,85,1.47248259
carbazole,80,1.15220902
carbazole,75,0.89449636
carbazole,70,0.68920369
carbazole,65,0.52721200
carbazole,60,0.40052281
carbazole,55,0.30227090
carbazole,50,0.22667321
carbazole,45,0.16894037
carbazole,40,0.12516380
carbazole,35,0.09219534
carbazole,30,0.06752893
carbazole,25,0.04919069
co2,160,100.00000000
co2,155,100.00000000
co2,150,100.00000000
co2,145,100.00000000
co2,140,100.00000000
co2,135,100.00000000
co2,130,100.00000000
co2,125,100.00000000
co2,120,100.00000000
co2,115,100.00000000
co2,110,100.00000000
co2,105,100.00000000
co2,100,100.00000000
co2,95,34.22218249
co2,90,31.98310437
co2,85,29.74739938
co2,80,27.52129190
co2,75,25.30839868
co2,70,23.11423789
co2,65,20.94696418
co2,60,18.81379864
co2,55,16.72423029
co2,50,14.69116360
co2,45,12.72610317
co2,40,10.84632272
co2,35,9.06971116
co2,30,7.41668547
co2,25,5.90976265
cs2,160,23.05985092
cs2,155,18.89227109
cs2,150,15.09489678
cs2,145,11.76772084
cs2,140,8.96623685
cs2,135,6.69348886
cs2,130,4.90855130
cs2,125,3.54412949
cs2,120,2.52397521
cs2,115,1.77500330
cs2,110,1.23355774
cs2,105,0.84743768
cs2,100,0.57552263
cs2,95,0.38632461
cs2,90,0.25623719
cs2,85,0.16786082
cs2,80,0.10855651
cs2,75,0.06926534
cs2,70,0.04357731
cs2,65,0.02701464
cs2,60,0.01649006
cs2,55,0.00990375
cs2,50,0.00584765
cs2,45,0.00339152
cs2,40,0.00193038
cs2,35,0.00107722
cs2,30,0.00058874
cs2,25,0.00031480
cs2,160,23.05985092
cs2,155,18.89227109
cs2,150,15.09489678
cs2,145,11.76772084
cs2,140,8.96623685
cs2,135,6.69348886
cs2,130,4.90855130
cs2,125,3.54412949
cs2,120,2.52397521
cs2,115,1.77500330
cs2,110,1.23355774
cs2,105,0.84743768
cs2,100,0.57552263
cs2,95,0.38632461
cs2,90,0.25623719
cs2,85,0.16786082
cs2,80,0.10855651
cs2,75,0.06926534
cs2,70,0.04357731
cs2,65,0.02701464
cs2,60,0.01649006
cs2,55,0.00990375
cs2,50,0.00584765
cs2,45,0.00339152
cs2,40,0.00193038
cs2,35,0.00107722
cs2,30,0.00058874
cs2,25,0.00031480
ccl4,160,0.81713494
ccl4,155,0.58766909
ccl4,150,0.42033443
ccl4,145,0.29874183
ccl4,140,0.21081424
ccl4,135,0.14760717
ccl4,130,0.10248164
ccl4,125,0.07051188
ccl4,120,0.04805246
ccl4,115,0.03241708
ccl4,110,0.02163757
ccl4,105,0.01428208
ccl4,100,0.00931736
ccl4,95,0.00600451
ccl4,90,0.00382035
ccl4,85,0.00239838
ccl4,80,0.00148477
ccl4,75,0.00090584
ccl4,70,0.00054426
ccl4,65,0.00032183
ccl4,60,0.00018714
ccl4,55,0.00010693
ccl4,50,0.00005999
ccl4,45,0.00003301
ccl4,40,0.00001780
ccl4,35,0.00000940
ccl4,30,0.00000485
ccl4,25,0.00000245
ccl4,160,0.81713494
ccl4,155,0.58766909
ccl4,150,0.42033443
ccl4,145,0.29874183
ccl4,140,0.21081424
ccl4,135,0.14760717
ccl4,130,0.10248164
ccl4,125,0.07051188
ccl4,120,0.04805246
ccl4,115,0.03241708
ccl4,110,0.02163757
ccl4,105,0.01428208
ccl4,100,0.00931736
ccl4,95,0.00600451
ccl4,90,0.00382035
ccl4,85,0.00239838
ccl4,80,0.00148477
ccl4,75,0.00090584
ccl4,70,0.00054426
ccl4,65,0.00032183
ccl4,60,0.00018714
ccl4,55,0.00010693
ccl4,50,0.00005999
ccl4,45,0.00003301
ccl4,40,0.00001780
ccl4,35,0.00000940
ccl4,30,0.00000485
ccl4,25,0.00000245
cos,160,39.42704526
cos,155,35.59663987
cos,150,31.74377446
cos,145,27.90699209
cos,140,24.13797733
cos,135,20.49744494
cos,130,17.05395004
cos,125,13.87785391
cos,120,11.03220382
cos,115,8.56347069
cos,110,6.49279652
cos,105,4.81366935
cos,100,3.49506039
cos,95,2.48954063
cos,90,1.74255658
cos,85,1.20022540
cos,80,0.81433771
cos,75,0.54465171
cos,70,0.35923217
cos,65,0.23368289
cos,60,0.14991090
cos,55,0.09481531
cos,50,0.05910004
cos,45,0.03628595
cos,40,0.02193151
cos,35,0.01304013
cos,30,0.00762172
cos,25,0.00437549
1-hexadecanol,160,0.55329699
1-hexadecanol,155,0.40608717
1-hexadecanol,150,0.29552921
1-hexadecanol,145,0.21315554
1-hexadecanol,140,0.15230124
1-hexadecanol,135,0.10774983
1-hexadecanol,130,0.07544516
1-hexadecanol,125,0.05225675
1-hexadecanol,120,0.03578850
1-hexadecanol,115,0.02422296
1-hexadecanol,110,0.01619516
1-hexadecanol,105,0.01069073
1-hexadecanol,100,0.00696438
1-hexadecanol,95,0.00447503
1-hexadecanol,90,0.00283486
1-hexadecanol,85,0.00176958
1-hexadecanol,80,0.00108789
1-hexadecanol,75,0.00065834
1-hexadecanol,70,0.00039194
1-hexadecanol,65,0.00022943
1-hexadecanol,60,0.00013197
1-hexadecanol,55,0.00007455
1-hexadecanol,50,0.00004133
1-hexadecanol,45,0.00002247
1-hexadecanol,40,0.00001197
1-hexadecanol,35,0.00000624
1-hexadecanol,30,0.00000319
1-hexadecanol,25,0.00000159
trichloroacetaldehyde,160,9.90703359
trichloroacetaldehyde,155,7.95928062
trichloroacetaldehyde,150,6.31807883
trichloroacetaldehyde,145,4.95793547
trichloroacetaldehyde,140,3.84822677
trichloroacetaldehyde,135,2.95594799
trichloroacetaldehyde,130,2.24812276
trichloroacetaldehyde,125,1.69359461
trichloroacetaldehyde,120,1.26417169
trichloroacetaldehyde,115,0.93521520
trichloroacetaldehyde,110,0.68578692
trichloroacetaldehyde,105,0.49850136
trichloroacetaldehyde,100,0.35920142
trichloroacetaldehyde,95,0.25654911
trichloroacetaldehyde,90,0.18159545
trichloroacetaldehyde,85,0.12736806
trichloroacetaldehyde,80,0.08849872
trichloroacetaldehyde,75,0.06089996
trichloroacetaldehyde,70,0.04149231
trichloroacetaldehyde,65,0.02797961
trichloroacetaldehyde,60,0.01866718
trichloroacetaldehyde,55,0.01231699
trichloroacetaldehyde,50,0.00803403
trichloroacetaldehyde,45,0.00517805
trichloroacetaldehyde,40,0.00329602
trichloroacetaldehyde,35,0.00207099
trichloroacetaldehyde,30,0.00128378
trichloroacetaldehyde,25,0.00078465
cl2,160,21.60550081
cl2,155,17.06244622
cl2,150,13.07244510
cl2,145,9.74999799
cl2,140,7.11215416
cl2,135,5.09645667
cl2,130,3.59979696
cl2,125,2.51183091
cl2,120,1.73358210
cl2,115,1.18408401
cl2,110,0.80048275
cl2,105,0.53552489
cl2,100,0.35442000
cl2,95,0.23193960
cl2,90,0.15001286
cl2,85,0.09583829
cl2,80,0.06044392
cl2,75,0.03761002
cl2,70,0.02307358
cl2,65,0.01394755
cl2,60,0.00830140
cl2,55,0.00486137
cl2,50,0.00279890
cl2,45,0.00158302
cl2,40,0.00087879
cl2,35,0.00047840
cl2,30,0.00025514
cl2,25,0.00013318
chloroacetaldehyde,160,2.56378091
chloroacetaldehyde,155,1.83181664
chloroacetaldehyde,150,1.30360195
chloroacetaldehyde,145,0.92317803
chloroacetaldehyde,140,0.65008566
chloroacetaldehyde,135,0.45489448
chloroacetaldehyde,130,0.31611857
chloroacetaldehyde,125,0.21805217
chloroacetaldehyde,120,0.14922266
chloroacetaldehyde,115,0.10127023
chloroacetaldehyde,110,0.06812739
chloroacetaldehyde,105,0.04541326
chloroacetaldehyde,100,0.02998453
chloroacetaldehyde,95,0.01960201
chloroacetaldehyde,90,0.01268316
chloroacetaldehyde,85,0.00811916
chloroacetaldehyde,80,0.00514022
chloroacetaldehyde,75,0.00321709
chloroacetaldehyde,70,0.00198964
chloroacetaldehyde,65,0.00121542
chloroacetaldehyde,60,0.00073303
chloroacetaldehyde,55,0.00043628
chloroacetaldehyde,50,0.00025611
chloroacetaldehyde,45,0.00014821
chloroacetaldehyde,40,0.00008451
chloroacetaldehyde,35,0.00004745
chloroacetaldehyde,30,0.00002622
chloroacetaldehyde,25,0.00001425
chloroaceticacid,160,2.52741045
chloroaceticacid,155,1.89037308
chloroaceticacid,150,1.40997922
chloroaceticacid,145,1.04835898
chloroaceticacid,140,0.77679595
chloroaceticacid,135,0.57344967
chloroaceticacid,130,0.42168591
chloroaceticacid,125,0.30883105
chloroaceticacid,120,0.22523682
chloroaceticacid,115,0.16357094
chloroaceticacid,110,0.11827533
chloroaceticacid,105,0.08515011
chloroaceticacid,100,0.06103350
chloroaceticacid,95,0.04355498
chloroaceticacid,90,0.03094512
chloroaceticacid,85,0.02188929
chloroaceticacid,80,0.01541551
chloroaceticacid,75,0.01080865
chloroaceticacid,70,0.00754520
chloroaceticacid,65,0.00524386
chloroaceticacid,60,0.00362829
chloroaceticacid,55,0.00249924
chloroaceticacid,50,0.00171373
chloroaceticacid,45,0.00116971
chloroaceticacid,40,0.00079463
chloroaceticacid,35,0.00053722
chloroaceticacid,30,0.00036139
chloroaceticacid,25,0.00024185
"3-chloro-2,5-furandione",160,11.32495906
"3-chloro-2,5-furandione",155,9.10268149
"3-chloro-2,5-furandione",150,7.21831281
"3-chloro-2,5-furandione",145,5.65076482
"3-chloro-2,5-furandione",140,4.37009132
"3-chloro-2,5-furandione",135,3.34112391
"3-chloro-2,5-furandione",130,2.52695638
"3-chloro-2,5-furandione",125,1.89168520
"3-chloro-2,5-furandione",120,1.40229632
"3-chloro-2,5-furandione",115,1.02970351
"3-chloro-2,5-furandione",110,0.74913016
"3-chloro-2,5-furandione",105,0.54003276
"3-chloro-2,5-furandione",100,0.38574901
"3-chloro-2,5-furandione",95,0.27301110
"3-chloro-2,5-furandione",90,0.19141907
"3-chloro-2,5-furandione",85,0.13293284
"3-chloro-2,5-furandione",80,0.09141390
"3-chloro-2,5-furandione",75,0.06222953
"3-chloro-2,5-furandione",70,0.04192175
"3-chloro-2,5-furandione",65,0.02793700
"3-chloro-2,5-furandione",60,0.01840950
"3-chloro-2,5-furandione",55,0.01199049
"3-chloro-2,5-furandione",50,0.00771545
"3-chloro-2,5-furandione",45,0.00490229
"3-chloro-2,5-furandione",40,0.00307411
"3-chloro-2,5-furandione",35,0.00190142
"3-chloro-2,5-furandione",30,0.00115935
"3-chloro-2,5-furandione",25,0.00069640
chloroacetone,160,6.40546010
chloroacetone,155,4.78281697
chloroacetone,150,3.54036966
chloroacetone,145,2.59936081
chloroacetone,140,1.89340569
chloroacetone,135,1.36837427
chloroacetone,130,0.98111053
chloroacetone,125,0.69776837
chloroacetone,120,0.49213666
chloroacetone,115,0.34412974
chloroacetone,110,0.23849924
chloroacetone,105,0.16377028
chloroacetone,100,0.11138118
chloroacetone,95,0.07499879
chloroacetone,90,0.04997945
chloroacetone,85,0.03294919
chloroacetone,80,0.02147963
chloroacetone,75,0.01384018
chloroacetone,70,0.00881017
chloroacetone,65,0.00553782
chloroacetone,60,0.00343541
chloroacetone,55,0.00210215
chloroacetone,50,0.00126807
chloroacetone,45,0.00075361
chloroacetone,40,0.00044096
chloroacetone,35,0.00025386
chloroacetone,30,0.00014369
chloroacetone,25,0.00007990
chloroacetonitrile,160,30.47717012
chloroacetonitrile,155,26.93968165
chloroacetonitrile,150,23.53803067
chloroacetonitrile,145,20.31014790
chloroacetonitrile,140,17.29172640
chloroacetonitrile,135,14.51399293
chloroacetonitrile,130,12.00277261
chloroacetonitrile,125,9.77502350
chloroacetonitrile,120,7.83783546
chloroacetonitrile,115,6.18791680
chloroacetonitrile,110,4.81171009
chloroacetonitrile,105,3.68729389
chloroacetonitrile,100,2.78670016
chloroacetonitrile,95,2.07877614
chloroacetonitrile,90,1.53188976
chloroacetonitrile,85,1.11608003
chloroacetonitrile,80,0.80447605
chloroacetonitrile,75,0.57402296
chloroacetonitrile,70,0.40563393
chloroacetonitrile,65,0.28396430
chloroacetonitrile,60,0.19697152
chloroacetonitrile,55,0.13539291
chloroacetonitrile,50,0.09222473
chloroacetonitrile,45,0.06224930
chloroacetonitrile,40,0.04163026
chloroacetonitrile,35,0.02758061
chloroacetonitrile,30,0.01809817
chloroacetonitrile,25,0.01175992
chloroacetylchloride,160,27.81172474
chloroacetylchloride,155,25.14821039
chloroacetylchloride,150,22.59772773
chloroacetylchloride,145,20.16719610
chloroacetylchloride,140,17.86610224
chloroacetylchloride,135,15.70328186
chloroacetylchloride,130,13.68529660
chloroacetylchloride,125,11.81880895
chloroacetylchloride,120,10.10887247
chloroacetylchloride,115,8.55873826
chloroacetylchloride,110,7.16974628
chloroacetylchloride,105,5.94061872
chloroacetylchloride,100,4.86738572
chloroacetylchloride,95,3.94325319
chloroacetylchloride,90,3.15899817
chloroacetylchloride,85,2.50306553
chloroacetylchloride,80,1.96233049
chloroacetylchloride,75,1.52280400
chloroacetylchloride,70,1.17030912
chloroacetylchloride,65,0.89117880
chloroacetylchloride,60,0.67274630
chloroacetylchloride,55,0.50368275
chloroacetylchloride,50,0.37415569
chloroacetylchloride,45,0.27585329
chloroacetylchloride,40,0.20190344
chloroacetylchloride,35,0.14673327
chloroacetylchloride,30,0.10589724
chloroacetylchloride,25,0.07589948
chloroethyne,160,48.52812221
chloroethyne,155,45.85642681
chloroethyne,150,43.19381043
chloroethyne,145,40.54465403
chloroethyne,140,37.91802136
chloroethyne,135,35.32321404
chloroethyne,130,32.76684320
chloroethyne,125,30.25870761
chloroethyne,120,27.80599503
chloroethyne,115,25.41937214
chloroethyne,110,23.10741873
chloroethyne,105,20.87864909
chloroethyne,100,18.74090739
chloroethyne,95,16.70400839
chloroethyne,90,14.77559164
chloroethyne,85,12.96336605
chloroethyne,80,11.27339920
chloroethyne,75,9.71295351
chloroethyne,70,8.28518736
chloroethyne,65,6.99378866
chloroethyne,60,5.83940689
chloroethyne,55,4.82106118
chloroethyne,50,3.93513341
chloroethyne,45,3.17567794
chloroethyne,40,2.53442723
chloroethyne,35,2.00117729
chloroethyne,30,1.56439782
chloroethyne,25,1.21175581
chlorobenzene,160,21.23126187
chlorobenzene,155,18.33409038
chlorobenzene,150,15.64000098
chlorobenzene,145,13.16950547
chlorobenzene,140,10.93836805
chlorobenzene,135,8.95659886
chlorobenzene,130,7.22768670
chlorobenzene,125,5.74726561
chlorobenzene,120,4.50366500
chlorobenzene,115,3.47887307
chlorobenzene,110,2.65008385
chlorobenzene,105,1.99179333
chlorobenzene,100,1.47780423
chlorobenzene,95,1.08288565
chlorobenzene,90,0.78399124
chlorobenzene,85,0.56095329
chlorobenzene,80,0.39673585
chlorobenzene,75,0.27736806
chlorobenzene,70,0.19167414
chlorobenzene,65,0.13090294
chlorobenzene,60,0.08832832
chlorobenzene,55,0.05886606
chlorobenzene,50,0.03873122
chlorobenzene,45,0.02514640
chlorobenzene,40,0.01610159
chlorobenzene,35,0.01016186
chlorobenzene,30,0.00631681
chlorobenzene,25,0.00386479
chf2cl,160,100.00000000
chf2cl,155,100.00000000
chf2cl,150,100.00000000
chf2cl,145,100.00000000
chf2cl,140,33.83156370
chf2cl,135,31.79981776
chf2cl,130,29.83329292
chf2cl,125,27.93583883
chf2cl,120,26.10833190
chf2cl,115,24.35160892
chf2cl,110,22.66675443
chf2cl,105,21.05441354
chf2cl,100,19.51599307
chf2cl,95,18.05097817
chf2cl,90,16.65995818
chf2cl,85,15.34175883
chf2cl,80,14.09640387
chf2cl,75,12.92386958
chf2cl,70,11.82255370
chf2cl,65,10.79109800
chf2cl,60,9.82922259
chf2cl,55,8.93422446
chf2cl,50,8.10449749
chf2cl,45,7.33888256
chf2cl,40,6.63412947
chf2cl,35,5.98879250
chf2cl,30,5.39951301
chf2cl,25,4.86420541
chcl3,160,24.60410523
chcl3,155,22.14186787
chcl3,150,19.82799248
chcl3,145,17.66442310
chcl3,140,15.65289673
chcl3,135,13.79388209
chcl3,130,12.08584353
chcl3,125,10.52647854
chcl3,120,9.11231195
chcl3,115,7.83870597
chcl3,110,6.70037813
chcl3,105,5.69061836
chcl3,100,4.80220346
chcl3,95,4.02706727
chcl3,90,3.35645923
chcl3,85,2.78126228
chcl3,80,2.29206425
chcl3,75,1.87948419
chcl3,70,1.53428313
chcl3,65,1.24762284
chcl3,60,1.01123576
chcl3,55,0.81754182
chcl3,50,0.65972204
chcl3,45,0.53176509
chcl3,40,0.42845295
chcl3,35,0.34532886
chcl3,30,0.27863280
chcl3,25,0.22523059
chloronitromethane,160,26.40112314
chloronitromethane,155,23.41952503
chloronitromethane,150,20.60412238
chloronitromethane,145,17.97135705
chloronitromethane,140,15.53398208
chloronitromethane,135,13.30075387
chloronitromethane,130,11.27750446
chloronitromethane,125,9.46589347
chloronitromethane,120,7.86341293
chloronitromethane,115,6.46401335
chloronitromethane,110,5.25793400
chloronitromethane,105,4.23248740
chloronitromethane,100,3.37235613
chloronitromethane,95,2.66053274
chloronitromethane,90,2.07913518
chloronitromethane,85,1.61021359
chloronitromethane,80,1.23648820
chloronitromethane,75,0.94193338
chloronitromethane,70,0.71216789
chloronitromethane,65,0.53464355
chloronitromethane,60,0.39868451
chloronitromethane,55,0.29540300
chloronitromethane,50,0.21753611
chloronitromethane,45,0.15924454
chloronitromethane,40,0.11589848
chloronitromethane,35,0.08387150
chloronitromethane,30,0.06035333
chloronitromethane,25,0.04318674
trichloronitromethane,160,3.46325263
trichloronitromethane,155,2.59648714
trichloronitromethane,150,1.93457645
trichloronitromethane,145,1.43227214
trichloronitromethane,140,1.05341195
trichloronitromethane,135,0.76942821
trichloronitromethane,130,0.55793216
trichloronitromethane,125,0.40148961
trichloronitromethane,120,0.28660030
trichloronitromethane,115,0.20286803
trichloronitromethane,110,0.14233333
trichloronitromethane,105,0.09894028
trichloronitromethane,100,0.06811240
trichloronitromethane,95,0.04641660
trichloronitromethane,90,0.03129796
trichloronitromethane,85,0.02087124
trichloronitromethane,80,0.01375800
trichloronitromethane,75,0.00896011
trichloronitromethane,70,0.00576218
trichloronitromethane,65,0.00365703
trichloronitromethane,60,0.00228917
trichloronitromethane,55,0.00141241
trichloronitromethane,50,0.00085838
trichloronitromethane,45,0.00051349
trichloronitromethane,40,0.00030213
trichloronitromethane,35,0.00017470
trichloronitromethane,30,0.00009919
trichloronitromethane,25,0.00005525
"2-chloro-1,3-butadiene",160,27.80925188
"2-chloro-1,3-butadiene",155,24.52800226
"2-chloro-1,3-butadiene",150,21.38818853
"2-chloro-1,3-butadiene",145,18.41942887
"2-chloro-1,3-butadiene",140,15.65096258
"2-chloro-1,3-butadiene",135,13.10894776
"2-chloro-1,3-butadiene",130,10.81457962
"2-chloro-1,3-butadiene",125,8.78220764
"2-chloro-1,3-butadiene",120,7.01793805
"2-chloro-1,3-butadiene",115,5.51811760
"2-chloro-1,3-butadiene",110,4.27002568
"2-chloro-1,3-butadiene",105,3.25320487
"2-chloro-1,3-butadiene",100,2.44162371
"2-chloro-1,3-butadiene",95,1.80637789
"2-chloro-1,3-butadiene",90,1.31818314
"2-chloro-1,3-butadiene",85,0.94934114
"2-chloro-1,3-butadiene",80,0.67505855
"2-chloro-1,3-butadiene",75,0.47409556
"2-chloro-1,3-butadiene",70,0.32890193
"2-chloro-1,3-butadiene",65,0.22539972
"2-chloro-1,3-butadiene",60,0.15257432
"2-chloro-1,3-butadiene",55,0.10198946
"2-chloro-1,3-butadiene",50,0.06730319
"2-chloro-1,3-butadiene",45,0.04382725
"2-chloro-1,3-butadiene",40,0.02814933
"2-chloro-1,3-butadiene",35,0.01782226
"2-chloro-1,3-butadiene",30,0.01111614
"2-chloro-1,3-butadiene",25,0.00682560
chlorotrifluoroethene,160,1.77411742
chlorotrifluoroethene,155,1.27323070
chlorotrifluoroethene,150,0.91011193
chlorotrifluoroethene,145,0.64721900
chlorotrifluoroethene,140,0.45745998
chlorotrifluoroethene,135,0.32109402
chlorotrifluoroethene,130,0.22364633
chlorotrifluoroethene,125,0.15447099
chlorotrifluoroethene,120,0.10573435
chlorotrifluoroethene,115,0.07168265
chlorotrifluoroethene,110,0.04810569
chlorotrifluoroethene,105,0.03193928
chlorotrifluoroethene,100,0.02096835
chlorotrifluoroethene,95,0.01360431
chlorotrifluoroethene,90,0.00871808
chlorotrifluoroethene,85,0.00551506
chlorotrifluoroethene,80,0.00344198
chlorotrifluoroethene,75,0.00211801
chlorotrifluoroethene,70,0.00128420
chlorotrifluoroethene,65,0.00076670
chlorotrifluoroethene,60,0.00045040
chlorotrifluoroethene,55,0.00026015
chlorotrifluoroethene,50,0.00014762
chlorotrifluoroethene,45,0.00008223
chlorotrifluoroethene,40,0.00004492
chlorotrifluoroethene,35,0.00002404
chlorotrifluoroethene,30,0.00001259
chlorotrifluoroethene,25,0.00000645
cis-decalin,160,0.32675345
cis-decalin,155,0.23578698
cis-decalin,150,0.16890682
cis-decalin,145,0.12005343
cis-decalin,140,0.08462271
cis-decalin,135,0.05912582
cis-decalin,130,0.04093013
cis-decalin,125,0.02805976
cis-decalin,120,0.01904136
cis-decalin,115,0.01278440
cis-decalin,110,0.00848831
cis-decalin,105,0.00557063
cis-decalin,100,0.00361163
cis-decalin,95,0.00231199
cis-decalin,90,0.00146051
cis-decalin,85,0.00090991
cis-decalin,80,0.00055873
cis-decalin,75,0.00033792
cis-decalin,70,0.00020116
cis-decalin,65,0.00011778
cis-decalin,60,0.00006777
cis-decalin,55,0.00003829
cis-decalin,50,0.00002122
cis-decalin,45,0.00001153
cis-decalin,40,0.00000613
cis-decalin,35,0.00000319
cis-decalin,30,0.00000162
cis-decalin,25,0.00000080
methyl-maleic-anhydride,160,6.71392240
methyl-maleic-anhydride,155,5.09131075
methyl-maleic-anhydride,150,3.82417560
methyl-maleic-anhydride,145,2.84701035
methyl-maleic-anhydride,140,2.10165670
methyl-maleic-anhydride,135,1.53868459
methyl-maleic-anhydride,130,1.11732920
methyl-maleic-anhydride,125,0.80470424
methyl-maleic-anhydride,120,0.57472283
methyl-maleic-anhydride,115,0.40697112
methyl-maleic-anhydride,110,0.28565832
methyl-maleic-anhydride,105,0.19869499
methyl-maleic-anhydride,100,0.13691439
methyl-maleic-anhydride,95,0.09343028
methyl-maleic-anhydride,90,0.06311707
methyl-maleic-anhydride,85,0.04219506
methyl-maleic-anhydride,80,0.02790346
methyl-maleic-anhydride,75,0.01824541
methyl-maleic-anhydride,70,0.01179114
methyl-maleic-anhydride,65,0.00752772
methyl-maleic-anhydride,60,0.00474531
methyl-maleic-anhydride,55,0.00295214
methyl-maleic-anhydride,50,0.00181153
methyl-maleic-anhydride,45,0.00109583
methyl-maleic-anhydride,40,0.00065309
methyl-maleic-anhydride,35,0.00038323
methyl-maleic-anhydride,30,0.00022127
methyl-maleic-anhydride,25,0.00012561
2h-1-benzopyran-2-one,160,8.80247946
2h-1-benzopyran-2-one,155,7.02166401
2h-1-benzopyran-2-one,150,5.53742851
2h-1-benzopyran-2-one,145,4.31921336
2h-1-benzopyran-2-one,140,3.33366543
2h-1-benzopyran-2-one,135,2.54704572
2h-1-benzopyran-2-one,130,1.92706942
2h-1-benzopyran-2-one,125,1.44417342
2h-1-benzopyran-2-one,120,1.07221452
2h-1-benzopyran-2-one,115,0.78872676
2h-1-benzopyran-2-one,110,0.57485857
2h-1-benzopyran-2-one,105,0.41510612
2h-1-benzopyran-2-one,100,0.29693781
2h-1-benzopyran-2-one,95,0.21037680
2h-1-benzopyran-2-one,90,0.14758759
2h-1-benzopyran-2-one,85,0.10249286
2h-1-benzopyran-2-one,80,0.07043387
2h-1-benzopyran-2-one,75,0.04787931
2h-1-benzopyran-2-one,70,0.03218175
2h-1-benzopyran-2-one,65,0.02137801
2h-1-benzopyran-2-one,60,0.01402830
2h-1-benzopyran-2-one,55,0.00908847
2h-1-benzopyran-2-one,50,0.00581000
2h-1-benzopyran-2-one,45,0.00366265
2h-1-benzopyran-2-one,40,0.00227543
2h-1-benzopyran-2-one,35,0.00139213
2h-1-benzopyran-2-one,30,0.00083814
2h-1-benzopyran-2-one,25,0.00049617
trans-crotonaldehyde,160,36.88665612
trans-crotonaldehyde,155,33.53997881
trans-crotonaldehyde,150,30.23958984
trans-crotonaldehyde,145,27.00884679
trans-crotonaldehyde,140,23.87531089
trans-crotonaldehyde,135,20.86528893
trans-crotonaldehyde,130,18.00772490
trans-crotonaldehyde,125,15.33091889
trans-crotonaldehyde,120,12.86136741
trans-crotonaldehyde,115,10.62170531
trans-crotonaldehyde,110,8.62897887
trans-crotonaldehyde,105,6.89194812
trans-crotonaldehyde,100,5.41071179
trans-crotonaldehyde,95,4.17571030
trans-crotonaldehyde,90,3.16907651
trans-crotonaldehyde,85,2.36658623
trans-crotonaldehyde,80,1.74024828
trans-crotonaldehyde,75,1.26102715
trans-crotonaldehyde,70,0.90108200
trans-crotonaldehyde,65,0.63530431
trans-crotonaldehyde,60,0.44214305
trans-crotonaldehyde,55,0.30382365
trans-crotonaldehyde,50,0.20615915
trans-crotonaldehyde,45,0.13812919
trans-crotonaldehyde,40,0.09136747
trans-crotonaldehyde,35,0.05964736
trans-crotonaldehyde,30,0.03841581
trans-crotonaldehyde,25,0.02439686
trans-crotonic-acid,160,7.05983605
trans-crotonic-acid,155,5.25937835
trans-crotonic-acid,150,3.87224879
trans-crotonic-acid,145,2.82013865
trans-crotonic-acid,140,2.03297341
trans-crotonic-acid,135,1.45119789
trans-crotonic-acid,130,1.02602435
trans-crotonic-acid,125,0.71856645
trans-crotonic-acid,120,0.49848337
trans-crotonic-acid,115,0.34250801
trans-crotonic-acid,110,0.23305752
trans-crotonic-acid,105,0.15701627
trans-crotonic-acid,100,0.10471707
trans-crotonic-acid,95,0.06911497
trans-crotonic-acid,90,0.04513252
trans-crotonic-acid,85,0.02915023
trans-crotonic-acid,80,0.01861629
trans-crotonic-acid,75,0.01175164
trans-crotonic-acid,70,0.00733000
trans-crotonic-acid,65,0.00451591
trans-crotonic-acid,60,0.00274692
trans-crotonic-acid,55,0.00164899
trans-crotonic-acid,50,0.00097647
trans-crotonic-acid,45,0.00057010
trans-crotonic-acid,40,0.00032798
trans-crotonic-acid,35,0.00018582
trans-crotonic-acid,30,0.00010362
trans-crotonic-acid,25,0.00005682
2(5h)-furanone,160,2.12843984
2(5h)-furanone,155,1.56615486
2(5h)-furanone,150,1.14606537
2(5h)-furanone,145,0.83369098
2(5h)-furanone,140,0.60263784
2(5h)-furanone,135,0.43272160
2(5h)-furanone,130,0.30854239
2(5h)-furanone,125,0.21839057
2(5h)-furanone,120,0.15340091
2(5h)-furanone,115,0.10689586
2(5h)-furanone,110,0.07387489
2(5h)-furanone,105,0.05061729
2(5h)-furanone,100,0.03437382
2(5h)-furanone,95,0.02312815
2(5h)-furanone,90,0.01541315
2(5h)-furanone,85,0.01017015
2(5h)-furanone,80,0.00664187
2(5h)-furanone,75,0.00429156
2(5h)-furanone,70,0.00274239
2(5h)-furanone,65,0.00173241
2(5h)-furanone,60,0.00108141
2(5h)-furanone,55,0.00066672
2(5h)-furanone,50,0.00040579
2(5h)-furanone,45,0.00024369
2(5h)-furanone,40,0.00014431
2(5h)-furanone,35,0.00008423
2(5h)-furanone,30,0.00004842
2(5h)-furanone,25,0.00002740
cyanamide,160,0.00032974
cyanamide,155,0.00022264
cyanamide,150,0.00014935
cyanamide,145,0.00009953
cyanamide,140,0.00006589
cyanamide,135,0.00004333
cyanamide,130,0.00002829
cyanamide,125,0.00001835
cyanamide,120,0.00001182
cyanamide,115,0.00000756
cyanamide,110,0.00000480
cyanamide,105,0.00000302
cyanamide,100,0.00000189
cyanamide,95,0.00000118
cyanamide,90,0.00000072
cyanamide,85,0.00000044
cyanamide,80,0.00000027
cyanamide,75,0.00000016
cyanamide,70,0.00000010
cyanamide,65,0.00000006
cyanamide,60,0.00000003
cyanamide,55,0.00000002
cyanamide,50,0.00000001
cyanamide,45,0.00000001
cyanamide,40,0.00000000
cyanamide,35,0.00000000
cyanamide,30,0.00000000
cyanamide,25,0.00000000
cyanogen,160,100.00000000
cyanogen,155,100.00000000
cyanogen,150,100.00000000
cyanogen,145,100.00000000
cyanogen,140,45.75014040
cyanogen,135,43.09857767
cyanogen,130,40.41337324
cyanogen,125,37.69683828
cyanogen,120,34.95624194
cyanogen,115,32.19815895
cyanogen,110,29.43083132
cyanogen,105,26.66856881
cyanogen,100,23.92390144
cyanogen,95,21.21318050
cyanogen,90,18.55895566
cyanogen,85,15.98632245
cyanogen,80,13.52415802
cyanogen,75,11.20554813
cyanogen,70,9.06637767
cyanogen,65,7.14141432
cyanogen,60,5.46096523
cyanogen,55,4.04546178
cyanogen,50,2.89984192
cyanogen,45,2.01154206
cyanogen,40,1.35194893
cyanogen,35,0.88211953
cyanogen,30,0.55999734
cyanogen,25,0.34657446
cyanogenbromide,160,33.59825366
cyanogenbromide,155,30.93547550
cyanogenbromide,150,28.32704754
cyanogenbromide,145,25.77572151
cyanogenbromide,140,23.28901063
cyanogenbromide,135,20.87398874
cyanogenbromide,130,18.53951391
cyanogenbromide,125,16.29653548
cyanogenbromide,120,14.15506275
cyanogenbromide,115,12.13084258
cyanogenbromide,110,10.23654354
cyanogenbromide,105,8.48926068
cyanogenbromide,100,6.90450219
cyanogenbromide,95,5.49659562
cyanogenbromide,90,4.27572612
cyanogenbromide,85,3.24628215
cyanogenbromide,80,2.40439305
cyanogenbromide,75,1.73776370
cyanogenbromide,70,1.22671468
cyanogenbromide,65,0.84694195
cyanogenbromide,60,0.57275271
cyanogenbromide,55,0.37991207
cyanogenbromide,50,0.24744494
cyanogenbromide,45,0.15837144
cyanogenbromide,40,0.09964325
cyanogenbromide,35,0.06163441
cyanogenbromide,30,0.03747294
cyanogenbromide,25,0.02238473
cyanogenchloride,160,47.03349817
cyanogenchloride,155,44.04960417
cyanogenchloride,150,41.02933076
cyanogenchloride,145,37.97821655
cyanogenchloride,140,34.90657387
cyanogenchloride,135,31.82583113
cyanogenchloride,130,28.74845331
cyanogenchloride,125,25.69291272
cyanogenchloride,120,22.68160822
cyanogenchloride,115,19.74096070
cyanogenchloride,110,16.90277354
cyanogenchloride,105,14.20295911
cyanogenchloride,100,11.68284768
cyanogenchloride,95,9.38283134
cyanogenchloride,90,7.34096407
cyanogenchloride,85,5.58540009
cyanogenchloride,80,4.12913866
cyanogenchloride,75,2.96657208
cyanogenchloride,70,2.07363708
cyanogenchloride,65,1.41280233
cyanogenchloride,60,0.94014452
cyanogenchloride,55,0.61223202
cyanogenchloride,50,0.39077559
cyanogenchloride,45,0.24473920
cyanogenchloride,40,0.15049259
cyanogenchloride,35,0.09087688
cyanogenchloride,30,0.05388445
cyanogenchloride,25,0.03135995
cyclobutanone,160,37.98839503
cyclobutanone,155,34.70475948
cyclobutanone,150,31.45564528
cyclobutanone,145,28.26403803
cyclobutanone,140,25.14949405
cyclobutanone,135,22.13941289
cyclobutanone,130,19.26017658
cyclobutanone,125,16.53823595
cyclobutanone,120,14.00064835
cyclobutanone,115,11.67208092
cyclobutanone,110,9.57308263
cyclobutanone,105,7.71832869
cyclobutanone,100,6.11407633
cyclobutanone,95,4.75784002
cyclobutanone,90,3.63767609
cyclobutanone,85,2.73389061
cyclobutanone,80,2.02106378
cyclobutanone,75,1.47084480
cyclobutanone,70,1.05460739
cyclobutanone,65,0.74553283
cyclobutanone,60,0.51993403
cyclobutanone,55,0.35786183
cyclobutanone,50,0.24314822
cyclobutanone,45,0.16309664
cyclobutanone,40,0.10799408
cyclobutanone,35,0.07057318
cyclobutanone,30,0.04550060
cyclobutanone,25,0.02892946
cyclodecanone,160,6.75886191
cyclodecanone,155,5.34561494
cyclodecanone,150,4.18883112
cyclodecanone,145,3.25311967
cyclodecanone,140,2.50458475
cyclodecanone,135,1.91200374
cyclodecanone,130,1.44750189
cyclodecanone,125,1.08682265
cyclodecanone,120,0.80930475
cyclodecanone,115,0.59766637
cyclodecanone,110,0.43767861
cyclodecanone,105,0.31778763
cyclodecanone,100,0.22872839
cyclodecanone,95,0.16315617
cyclodecanone,90,0.11531086
cyclodecanone,85,0.08072133
cyclodecanone,80,0.05595154
cyclodecanone,75,0.03838682
cyclodecanone,70,0.02605713
cyclodecanone,65,0.01749282
cyclodecanone,60,0.01160872
cyclodecanone,55,0.00761181
cyclodecanone,50,0.00492885
cyclodecanone,45,0.00315006
cyclodecanone,40,0.00198587
cyclodecanone,35,0.00123416
cyclodecanone,30,0.00075560
cyclodecanone,25,0.00045542
cyclododecane,160,0.24433311
cyclododecane,155,0.17715748
cyclododecane,150,0.12749661
cyclododecane,145,0.09103329
cyclododecane,140,0.06445722
cyclododecane,135,0.04524009
cyclododecane,130,0.03146068
cyclododecane,125,0.02166787
cyclododecane,120,0.01477324
cyclododecane,115,0.00996666
cyclododecane,110,0.00665021
cyclododecane,105,0.00438654
cyclododecane,100,0.00285884
cyclododecane,95,0.00183996
cyclododecane,90,0.00116879
cyclododecane,85,0.00073235
cyclododecane,80,0.00045236
cyclododecane,75,0.00027527
cyclododecane,70,0.00016491
cyclododecane,65,0.00009718
cyclododecane,60,0.00005630
cyclododecane,55,0.00003203
cyclododecane,50,0.00001789
cyclododecane,45,0.00000979
cyclododecane,40,0.00000525
cyclododecane,35,0.00000275
cyclododecane,30,0.00000141
cyclododecane,25,0.00000071
cycloheptane,160,0.62816049
cycloheptane,155,0.45175010
cycloheptane,150,0.32265947
cycloheptane,145,0.22873568
cycloheptane,140,0.16084764
cycloheptane,135,0.11213751
cycloheptane,130,0.07746714
cycloheptane,125,0.05300247
cycloheptane,120,0.03589807
cycloheptane,115,0.02405619
cycloheptane,110,0.01594208
cycloheptane,105,0.01044244
cycloheptane,100,0.00675722
cycloheptane,95,0.00431722
cycloheptane,90,0.00272183
cycloheptane,85,0.00169230
cycloheptane,80,0.00103700
cycloheptane,75,0.00062585
cycloheptane,70,0.00037176
cycloheptane,65,0.00021717
cycloheptane,60,0.00012467
cycloheptane,55,0.00007027
cycloheptane,50,0.00003886
cycloheptane,45,0.00002106
cycloheptane,40,0.00001117
cycloheptane,35,0.00000580
cycloheptane,30,0.00000294
cycloheptane,25,0.00000145
cycloheptanone,160,19.57718089
cycloheptanone,155,16.76376021
cycloheptanone,150,14.18419071
cycloheptanone,145,11.85315204
cycloheptanone,140,9.77901732
cycloheptanone,135,7.96346584
cycloheptanone,130,6.40072257
cycloheptanone,125,5.07843405
cycloheptanone,120,3.97849094
cycloheptanone,115,3.07857801
cycloheptanone,110,2.35401323
cycloheptanone,105,1.77944122
cycloheptanone,100,1.33031143
cycloheptanone,95,0.98394680
cycloheptanone,90,0.72021027
cycloheptanone,85,0.52179302
cycloheptanone,80,0.37422354
cycloheptanone,75,0.26568178
cycloheptanone,70,0.18670589
cycloheptanone,65,0.12985374
cycloheptanone,60,0.08936260
cycloheptanone,55,0.06083308
cycloheptanone,50,0.04095058
cycloheptanone,45,0.02724884
cycloheptanone,40,0.01791490
cycloheptanone,35,0.01163190
cycloheptanone,30,0.00745468
cycloheptanone,25,0.00471307
cyclohexane,160,1.09525762
cyclohexane,155,0.78667973
cyclohexane,150,0.56156169
cyclohexane,145,0.39808641
cyclohexane,140,0.28005072
cyclohexane,135,0.19538982
cyclohexane,130,0.13511970
cyclohexane,125,0.09256470
cyclohexane,120,0.06278400
cyclohexane,115,0.04214052
cyclohexane,110,0.02797496
cyclohexane,105,0.01835805
cyclohexane,100,0.01190242
cyclohexane,95,0.00761996
cyclohexane,90,0.00481422
cyclohexane,85,0.00299980
cyclohexane,80,0.00184237
cyclohexane,75,0.00111452
cyclohexane,70,0.00066362
cyclohexane,65,0.00038864
cyclohexane,60,0.00022368
cyclohexane,55,0.00012641
cyclohexane,50,0.00007009
cyclohexane,45,0.00003809
cyclohexane,40,0.00002027
cyclohexane,35,0.00001055
cyclohexane,30,0.00000536
cyclohexane,25,0.00000266
cyclohexanol,160,5.01645599
cyclohexanol,155,3.61274754
cyclohexanol,150,2.57156881
cyclohexanol,145,1.81002701
cyclohexanol,140,1.26002572
cyclohexanol,135,0.86750828
cyclohexanol,130,0.59060992
cyclohexanol,125,0.39751600
cyclohexanol,120,0.26442616
cyclohexanol,115,0.17378191
cyclohexanol,110,0.11279798
cyclohexanol,105,0.07228312
cyclohexanol,100,0.04571428
cyclohexanol,95,0.02852244
cyclohexanol,90,0.01755016
cyclohexanol,85,0.01064570
cyclohexanol,80,0.00636361
cyclohexanol,75,0.00374716
cyclohexanol,70,0.00217270
cyclohexanol,65,0.00124000
cyclohexanol,60,0.00069626
cyclohexanol,55,0.00038447
cyclohexanol,50,0.00020868
cyclohexanol,45,0.00011127
cyclohexanol,40,0.00005826
cyclohexanol,35,0.00002993
cyclohexanol,30,0.00001508
cyclohexanol,25,0.00000745
cyclohexanone,160,25.94002025
cyclohexanone,155,22.86598658
cyclohexanone,150,19.94591344
cyclohexanone,145,17.20270634
cyclohexanone,140,14.65787992
cyclohexanone,135,12.32972817
cyclohexanone,130,10.23198332
cyclohexanone,125,8.37300783
cyclohexanone,120,6.75441038
cyclohexanone,115,5.37085830
cyclohexanone,110,4.21016397
cyclohexanone,105,3.25450679
cyclohexanone,100,2.48193597
cyclohexanone,95,1.86824894
cyclohexanone,90,1.38881278
cyclohexanone,85,1.02006671
cyclohexanone,80,0.74057142
cyclohexanone,75,0.53161074
cyclohexanone,70,0.37739417
cyclohexanone,65,0.26497756
cyclohexanone,60,0.18400378
cyclohexanone,55,0.12635619
cyclohexanone,50,0.08578830
cyclohexanone,45,0.05757006
cyclohexanone,40,0.03817216
cyclohexanone,35,0.02499738
cyclohexanone,30,0.01615963
cyclohexanone,25,0.01030680
cyclohexene,160,8.68540751
cyclohexene,155,6.59624637
cyclohexene,150,4.96063314
cyclohexene,145,3.69690615
cyclohexene,140,2.73140915
cyclohexene,135,2.00107886
cyclohexene,130,1.45370380
cyclohexene,125,1.04706369
cyclohexene,120,0.74759665
cyclohexene,115,0.52898225
cyclohexene,110,0.37081266
cyclohexene,105,0.25742472
cyclohexene,100,0.17691151
cyclohexene,95,0.12030589
cyclohexene,90,0.08091807
cyclohexene,85,0.05380505
cyclohexene,80,0.03535076
cyclohexene,75,0.02293715
cyclohexene,70,0.01468924
cyclohexene,65,0.00927937
cyclohexene,60,0.00577859
cyclohexene,55,0.00354503
cyclohexene,50,0.00214093
cyclohexene,45,0.00127187
cyclohexene,40,0.00074267
cyclohexene,35,0.00042588
cyclohexene,30,0.00023963
cyclohexene,25,0.00013216
cyclohexylbenzene,160,4.40720326
cyclohexylbenzene,155,3.40330541
cyclohexylbenzene,150,2.60782160
cyclohexylbenzene,145,1.98304617
cyclohexylbenzene,140,1.49647133
cyclohexylbenzene,135,1.12061598
cyclohexylbenzene,130,0.83261586
cyclohexylbenzene,125,0.61370145
cyclohexylbenzene,120,0.44864276
cyclohexylbenzene,115,0.32521123
cyclohexylbenzene,110,0.23368330
cyclohexylbenzene,105,0.16639866
cyclohexylbenzene,100,0.11737683
cyclohexylbenzene,95,0.08199057
cyclohexylbenzene,90,0.05669195
cyclohexylbenzene,85,0.03878557
cyclohexylbenzene,80,0.02624302
cyclohexylbenzene,75,0.01755269
cyclohexylbenzene,70,0.01159946
cyclohexylbenzene,65,0.00756940
cyclohexylbenzene,60,0.00487490
cyclohexylbenzene,55,0.00309660
cyclohexylbenzene,50,0.00193883
cyclohexylbenzene,45,0.00119572
cyclohexylbenzene,40,0.00072583
cyclohexylbenzene,35,0.00043334
cyclohexylbenzene,30,0.00025423
cyclohexylbenzene,25,0.00014645
cyclohexylamine,160,23.15442241
cyclohexylamine,155,20.04123978
cyclohexylamine,150,17.12397698
cyclohexylamine,145,14.42883031
cyclohexylamine,140,11.97797729
cyclohexylamine,135,9.78837638
cyclohexylamine,130,7.86940635
cyclohexylamine,125,6.22187905
cyclohexylamine,120,4.83729158
cyclohexylamine,115,3.69873808
cyclohexylamine,110,2.78248692
cyclohexylamine,105,2.06041427
cyclohexylamine,100,1.50262901
cyclohexylamine,95,1.07980505
cyclohexylamine,90,0.76492018
cyclohexylamine,85,0.53430183
cyclohexylamine,80,0.36805728
cyclohexylamine,75,0.25003154
cyclohexylamine,70,0.16747676
cyclohexylamine,65,0.11057763
cyclohexylamine,60,0.07193742
cyclohexylamine,55,0.04608870
cyclohexylamine,50,0.02906187
cyclohexylamine,45,0.01802373
cyclohexylamine,40,0.01098569
cyclohexylamine,35,0.00657525
cyclohexylamine,30,0.00386110
cyclohexylamine,25,0.00222231
chlorocyclohexane,160,8.24415961
chlorocyclohexane,155,6.41674115
chlorocyclohexane,150,4.94083182
chlorocyclohexane,145,3.76616576
chlorocyclohexane,140,2.84339261
chlorocyclohexane,135,2.12699953
chlorocyclohexane,130,1.57682772
chlorocyclohexane,125,1.15858266
chlorocyclohexane,120,0.84370448
chlorocyclohexane,115,0.60887911
chlorocyclohexane,110,0.43538618
chlorocyclohexane,105,0.30840405
chlorocyclohexane,100,0.21634352
chlorocyclohexane,95,0.15024603
chlorocyclohexane,90,0.10326114
chlorocyclohexane,85,0.07020516
chlorocyclohexane,80,0.04719629
chlorocyclohexane,75,0.03135791
chlorocyclohexane,70,0.02058098
chlorocyclohexane,65,0.01333610
chlorocyclohexane,60,0.00852677
chlorocyclohexane,55,0.00537609
chlorocyclohexane,50,0.00334034
chlorocyclohexane,45,0.00204388
chlorocyclohexane,40,0.00123066
chlorocyclohexane,35,0.00072862
chlorocyclohexane,30,0.00042381
chlorocyclohexane,25,0.00024197
cyclooctanone,160,14.02498514
cyclooctanone,155,11.64021123
cyclooctanone,150,9.54414157
cyclooctanone,145,7.73110676
cyclooctanone,140,6.18789844
cyclooctanone,135,4.89499048
cyclooctanone,130,3.82837263
cyclooctanone,125,2.96137166
cyclooctanone,120,2.26649350
cyclooctanone,115,1.71693215
cyclooctanone,110,1.28771964
cyclooctanone,105,0.95645184
cyclooctanone,100,0.70363838
cyclooctanone,95,0.51276462
cyclooctanone,90,0.37014601
cyclooctanone,85,0.26465959
cyclooctanone,80,0.18741570
cyclooctanone,75,0.13141530
cyclooctanone,70,0.09122244
cyclooctanone,65,0.06266798
cyclooctanone,60,0.04259227
cyclooctanone,55,0.02862802
cyclooctanone,50,0.01902149
cyclooctanone,45,0.01248794
cyclooctanone,40,0.00809681
cyclooctanone,35,0.00518182
cyclooctanone,30,0.00327151
cyclooctanone,25,0.00203631
cyclopentadiene,160,38.13596150
cyclopentadiene,155,34.64284323
cyclopentadiene,150,31.17080460
cyclopentadiene,145,27.75064618
cyclopentadiene,140,24.41442072
cyclopentadiene,135,21.19753918
cyclopentadiene,130,18.13777083
cyclopentadiene,125,15.27399212
cyclopentadiene,120,12.64259928
cyclopentadiene,115,10.27494020
cyclopentadiene,110,8.19299070
cyclopentadiene,105,6.40711141
cyclopentadiene,100,4.91414714
cyclopentadiene,95,3.69810879
cyclopentadiene,90,2.73254691
cyclopentadiene,85,1.98423750
cyclopentadiene,80,1.41728036
cyclopentadiene,75,0.99659539
cyclopentadiene,70,0.69036746
cyclopentadiene,65,0.47135753
cyclopentadiene,60,0.31728502
cyclopentadiene,55,0.21057698
cyclopentadiene,50,0.13778090
cyclopentadiene,45,0.08885249
cyclopentadiene,40,0.05645200
cyclopentadiene,35,0.03531779
cyclopentadiene,30,0.02174419
cyclopentadiene,25,0.01316495
cyclopentane,160,2.20482941
cyclopentane,155,1.58457235
cyclopentane,150,1.13273534
cyclopentane,145,0.80469602
cyclopentane,140,0.56764556
cyclopentane,135,0.39733219
cyclopentane,130,0.27578934
cyclopentane,125,0.18970711
cyclopentane,120,0.12924704
cyclopentane,115,0.08716562
cyclopentane,110,0.05815923
cyclopentane,105,0.03837095
cyclopentane,100,0.02501824
cyclopentane,95,0.01611150
cyclopentane,90,0.01024206
cyclopentane,85,0.00642317
cyclopentane,80,0.00397145
cyclopentane,75,0.00241935
cyclopentane,70,0.00145110
cyclopentane,65,0.00085630
cyclopentane,60,0.00049677
cyclopentane,55,0.00028308
cyclopentane,50,0.00015832
cyclopentane,45,0.00008682
cyclopentane,40,0.00004663
cyclopentane,35,0.00002451
cyclopentane,30,0.00001259
cyclopentane,25,0.00000632
cyclopentanone,160,31.80279217
cyclopentanone,155,28.58965641
cyclopentanone,150,25.46866852
cyclopentanone,145,22.46257628
cyclopentanone,140,19.59503488
cyclopentanone,135,16.89058771
cyclopentanone,130,14.37237354
cyclopentanone,125,12.06162441
cyclopentanone,120,9.97529689
cyclopentanone,115,8.12479498
cyclopentanone,110,6.51450076
cyclopentanone,105,5.14131222
cyclopentanone,100,3.99421538
cyclopentanone,95,3.05566206
cyclopentanone,90,2.30314165
cyclopentanone,85,1.71137110
cyclopentanone,80,1.25444655
cyclopentanone,75,0.90761541
cyclopentanone,70,0.64849719
cyclopentanone,65,0.45775368
cyclopentanone,60,0.31928153
cyclopentanone,55,0.22007746
cyclopentanone,50,0.14990730
cyclopentanone,45,0.10089055
cyclopentanone,40,0.06707313
cyclopentanone,35,0.04403188
cyclopentanone,30,0.02853129
cyclopentanone,25,0.01823870
cyclopentene,160,18.10777013
cyclopentene,155,14.44895825
cyclopentene,150,11.32581102
cyclopentene,145,8.73437519
cyclopentene,140,6.63729815
cyclopentene,135,4.97669183
cyclopentene,130,3.68605576
cyclopentene,125,2.69908229
cyclopentene,120,1.95502180
cyclopentene,115,1.40125806
cyclopentene,110,0.99399360
cyclopentene,105,0.69782998
cyclopentene,100,0.48480194
cyclopentene,95,0.33322156
cyclopentene,90,0.22653037
cyclopentene,85,0.15226013
cyclopentene,80,0.10114160
cyclopentene,75,0.06636719
cyclopentene,70,0.04299655
cyclopentene,65,0.02748709
cyclopentene,60,0.01732922
cyclopentene,55,0.01076730
cyclopentene,50,0.00658896
cyclopentene,45,0.00396819
cyclopentene,40,0.00235017
cyclopentene,35,0.00136766
cyclopentene,30,0.00078135
cyclopentene,25,0.00043782
cyclopentyl-methyl-ether,160,11.98537716
cyclopentyl-methyl-ether,155,9.58589209
cyclopentyl-methyl-ether,150,7.57164982
cyclopentyl-methyl-ether,145,5.91038212
cyclopentyl-methyl-ether,140,4.56233168
cyclopentyl-methyl-ether,135,3.48461071
cyclopentyl-methyl-ether,130,2.63468355
cyclopentyl-methyl-ether,125,1.97276368
cyclopentyl-methyl-ether,120,1.46323299
cyclopentyl-methyl-ether,115,1.07527270
cyclopentyl-methyl-ether,110,0.78293208
cyclopentyl-methyl-ether,105,0.56484152
cyclopentyl-methyl-ether,100,0.40372920
cyclopentyl-methyl-ether,95,0.28585781
cyclopentyl-methyl-ether,90,0.20045488
cyclopentyl-methyl-ether,85,0.13918045
cyclopentyl-methyl-ether,80,0.09565415
cyclopentyl-methyl-ether,75,0.06504963
cyclopentyl-methyl-ether,70,0.04375591
cyclopentyl-methyl-ether,65,0.02910045
cyclopentyl-methyl-ether,60,0.01912670
cyclopentyl-methyl-ether,55,0.01241793
cyclopentyl-methyl-ether,50,0.00795985
cyclopentyl-methyl-ether,45,0.00503467
cyclopentyl-methyl-ether,40,0.00314049
cyclopentyl-methyl-ether,35,0.00193070
cyclopentyl-methyl-ether,30,0.00116907
cyclopentyl-methyl-ether,25,0.00069676
cyclopropane,160,45.85127261
cyclopropane,155,41.58239872
cyclopropane,150,37.20444031
cyclopropane,145,32.77502333
cyclopropane,140,28.36922172
cyclopropane,135,24.07784558
cyclopropane,130,20.00194339
cyclopropane,125,16.24090713
cyclopropane,120,12.88016178
cyclopropane,115,9.97707153
cyclopropane,110,7.55388068
cyclopropane,105,5.59712446
cyclopropane,100,4.06500592
cyclopropane,95,2.89837460
cyclopropane,90,2.03178170
cyclopropane,85,1.40198802
cyclopropane,80,0.95309579
cyclopropane,75,0.63870292
cyclopropane,70,0.42204103
cyclopropane,65,0.27499411
cyclopropane,60,0.17666038
cyclopropane,55,0.11185789
cyclopropane,50,0.06977726
cyclopropane,45,0.04285907
cyclopropane,40,0.02590449
cyclopropane,35,0.01539565
cyclopropane,30,0.00899015
cyclopropane,25,0.00515356
1-cyclopropylethanone,160,31.13110482
1-cyclopropylethanone,155,27.86233203
1-cyclopropylethanone,150,24.69292358
1-cyclopropylethanone,145,21.64861140
1-cyclopropylethanone,140,18.75658086
1-cyclopropylethanone,135,16.04396188
1-cyclopropylethanone,130,13.53565227
1-cyclopropylethanone,125,11.25335326
1-cyclopropylethanone,120,9.21322019
1-cyclopropylethanone,115,7.42414481
1-cyclopropylethanone,110,5.88700727
1-cyclopropylethanone,105,4.59376297
1-cyclopropylethanone,100,3.52852178
1-cyclopropylethanone,95,2.66919195
1-cyclopropylethanone,90,1.98971658
1-cyclopropylethanone,85,1.46253471
1-cyclopropylethanone,80,1.06069556
1-cyclopropylethanone,75,0.75940095
1-cyclopropylethanone,70,0.53693328
1-cyclopropylethanone,65,0.37501600
1-cyclopropylethanone,60,0.25876752
1-cyclopropylethanone,55,0.17639726
1-cyclopropylethanone,50,0.11877753
1-cyclopropylethanone,45,0.07898192
1-cyclopropylethanone,40,0.05184664
1-cyclopropylethanone,35,0.03358338
1-cyclopropylethanone,30,0.02145441
1-cyclopropylethanone,25,0.01350965
cyclopropanecarbonitrile,160,39.64357655
cyclopropanecarbonitrile,155,36.28874670
cyclopropanecarbonitrile,150,32.94455466
cyclopropanecarbonitrile,145,29.63394301
cyclopropanecarbonitrile,140,26.38022449
cyclopropanecarbonitrile,135,23.21325088
cyclopropanecarbonitrile,130,20.16521418
cyclopropanecarbonitrile,125,17.26888247
cyclopropanecarbonitrile,120,14.55877040
cyclopropanecarbonitrile,115,12.06722907
cyclopropanecarbonitrile,110,9.82255445
cyclopropanecarbonitrile,105,7.84492982
cyclopropanecarbonitrile,100,6.14433220
cyclopropanecarbonitrile,95,4.71899016
cyclopropanecarbonitrile,90,3.55505607
cyclopropanecarbonitrile,85,2.62881220
cyclopropanecarbonitrile,80,1.90971856
cyclopropanecarbonitrile,75,1.36424866
cyclopropanecarbonitrile,70,0.95924973
cyclopropanecarbonitrile,65,0.66438830
cyclopropanecarbonitrile,60,0.45354442
cyclopropanecarbonitrile,55,0.30527309
cyclopropanecarbonitrile,50,0.20262921
cyclopropanecarbonitrile,45,0.13263335
cyclopropanecarbonitrile,40,0.08559754
cyclopropanecarbonitrile,35,0.05444868
cyclopropanecarbonitrile,30,0.03412231
cyclopropanecarbonitrile,25,0.02105604
ddt,160,3.01165529
ddt,155,2.38047846
ddt,150,1.86843655
ddt,145,1.45632605
ddt,140,1.12720719
ddt,135,0.86636189
ddt,130,0.66117679
ddt,125,0.50097661
ddt,120,0.37682947
ddt,115,0.28134110
ddt,110,0.20845094
ddt,105,0.15323810
ddt,100,0.11174309
ddt,95,0.08080789
ddt,90,0.05793534
ddt,85,0.04116779
ddt,80,0.02898364
ddt,75,0.02021047
ddt,70,0.01395290
ddt,65,0.00953329
ddt,60,0.00644356
ddt,55,0.00430643
ddt,50,0.00284451
ddt,45,0.00185598
ddt,40,0.00119559
ddt,35,0.00075994
ddt,30,0.00047632
ddt,25,0.00029422
decamethylcyclopentasiloxane,160,0.47242496
decamethylcyclopentasiloxane,155,0.35694876
decamethylcyclopentasiloxane,150,0.26807252
decamethylcyclopentasiloxane,145,0.20003796
decamethylcyclopentasiloxane,140,0.14826244
decamethylcyclopentasiloxane,135,0.10910786
decamethylcyclopentasiloxane,130,0.07969588
decamethylcyclopentasiloxane,125,0.05775888
decamethylcyclopentasiloxane,120,0.04151941
decamethylcyclopentasiloxane,115,0.02959216
decamethylcyclopentasiloxane,110,0.02090426
decamethylcyclopentasiloxane,105,0.01463051
decamethylcyclopentasiloxane,100,0.01014096
decamethylcyclopentasiloxane,95,0.00695849
decamethylcyclopentasiloxane,90,0.00472476
decamethylcyclopentasiloxane,85,0.00317306
decamethylcyclopentasiloxane,80,0.00210670
decamethylcyclopentasiloxane,75,0.00138210
decamethylcyclopentasiloxane,70,0.00089549
decamethylcyclopentasiloxane,65,0.00057269
decamethylcyclopentasiloxane,60,0.00036130
decamethylcyclopentasiloxane,55,0.00022472
decamethylcyclopentasiloxane,50,0.00013770
decamethylcyclopentasiloxane,45,0.00008307
decamethylcyclopentasiloxane,40,0.00004931
decamethylcyclopentasiloxane,35,0.00002877
decamethylcyclopentasiloxane,30,0.00001648
decamethylcyclopentasiloxane,25,0.00000927
n-decane,160,0.22776657
n-decane,155,0.16476006
n-decane,150,0.11827230
n-decane,145,0.08421659
n-decane,140,0.05945851
n-decane,135,0.04160555
n-decane,130,0.02884217
n-decane,125,0.01979976
n-decane,120,0.01345422
n-decane,115,0.00904543
n-decane,110,0.00601410
n-decane,105,0.00395252
n-decane,100,0.00256637
n-decane,95,0.00164542
n-decane,90,0.00104112
n-decane,85,0.00064975
n-decane,80,0.00039970
n-decane,75,0.00024220
n-decane,70,0.00014447
n-decane,65,0.00008477
n-decane,60,0.00004889
n-decane,55,0.00002769
n-decane,50,0.00001539
n-decane,45,0.00000838
n-decane,40,0.00000447
n-decane,35,0.00000233
n-decane,30,0.00000119
n-decane,25,0.00000059
bis(4-methylphenyl)sulfoxide,160,6.89104058
bis(4-methylphenyl)sulfoxide,155,5.57321990
bis(4-methylphenyl)sulfoxide,150,4.46401485
bis(4-methylphenyl)sulfoxide,145,3.54172018
bis(4-methylphenyl)sulfoxide,140,2.78390419
bis(4-methylphenyl)sulfoxide,135,2.16833619
bis(4-methylphenyl)sulfoxide,130,1.67380157
bis(4-methylphenyl)sulfoxide,125,1.28069462
bis(4-methylphenyl)sulfoxide,120,0.97138388
bis(4-methylphenyl)sulfoxide,115,0.73039562
bis(4-methylphenyl)sulfoxide,110,0.54443072
bis(4-methylphenyl)sulfoxide,105,0.40226864
bis(4-methylphenyl)sulfoxide,100,0.29459672
bis(4-methylphenyl)sulfoxide,95,0.21379869
bis(4-methylphenyl)sulfoxide,90,0.15372834
bis(4-methylphenyl)sulfoxide,85,0.10948677
bis(4-methylphenyl)sulfoxide,80,0.07721408
bis(4-methylphenyl)sulfoxide,75,0.05390258
bis(4-methylphenyl)sulfoxide,70,0.03723358
bis(4-methylphenyl)sulfoxide,65,0.02543841
bis(4-methylphenyl)sulfoxide,60,0.01718212
bis(4-methylphenyl)sulfoxide,55,0.01146780
bis(4-methylphenyl)sulfoxide,50,0.00755908
bis(4-methylphenyl)sulfoxide,45,0.00491808
bis(4-methylphenyl)sulfoxide,40,0.00315641
bis(4-methylphenyl)sulfoxide,35,0.00199700
bis(4-methylphenyl)sulfoxide,30,0.00124465
bis(4-methylphenyl)sulfoxide,25,0.00076361
dcip,160,7.46312050
dcip,155,5.92901430
dcip,150,4.65965400
dcip,145,3.62414869
dcip,140,2.79062675
dcip,135,2.12804134
dcip,130,1.60750162
dcip,125,1.20307589
dcip,120,0.89216988
dcip,115,0.65557733
dcip,110,0.47730829
dcip,105,0.34428676
dcip,100,0.24598505
dcip,95,0.17404466
dcip,90,0.12191324
dcip,85,0.08451499
dcip,80,0.05796224
dcip,75,0.03931003
dcip,70,0.02635177
dcip,65,0.01745216
dcip,60,0.01141273
dcip,55,0.00736517
dcip,50,0.00468772
dcip,45,0.00294064
dcip,40,0.00181686
dcip,35,0.00110477
dcip,30,0.00066062
dcip,25,0.00038814
di-(2-chloroethoxy)methane,160,4.59195412
di-(2-chloroethoxy)methane,155,3.52406313
di-(2-chloroethoxy)methane,150,2.68094550
di-(2-chloroethoxy)methane,145,2.02229809
di-(2-chloroethoxy)methane,140,1.51279223
di-(2-chloroethoxy)methane,135,1.12230340
di-(2-chloroethoxy)methane,130,0.82569666
di-(2-chloroethoxy)methane,125,0.60236660
di-(2-chloroethoxy)methane,120,0.43566782
di-(2-chloroethoxy)methane,115,0.31232446
di-(2-chloroethoxy)methane,110,0.22186809
di-(2-chloroethoxy)methane,105,0.15613043
di-(2-chloroethoxy)methane,100,0.10880144
di-(2-chloroethoxy)methane,95,0.07505380
di-(2-chloroethoxy)methane,90,0.05123011
di-(2-chloroethoxy)methane,85,0.03458622
di-(2-chloroethoxy)methane,80,0.02308363
di-(2-chloroethoxy)methane,75,0.01522347
di-(2-chloroethoxy)methane,70,0.00991525
di-(2-chloroethoxy)methane,65,0.00637428
di-(2-chloroethoxy)methane,60,0.00404241
di-(2-chloroethoxy)methane,55,0.00252731
di-(2-chloroethoxy)methane,50,0.00155666
di-(2-chloroethoxy)methane,45,0.00094393
di-(2-chloroethoxy)methane,40,0.00056308
di-(2-chloroethoxy)methane,35,0.00033017
di-(2-chloroethoxy)methane,30,0.00019014
di-(2-chloroethoxy)methane,25,0.00010744
bis(2-chloroethyl)ether,160,7.95104342
bis(2-chloroethyl)ether,155,6.20726862
bis(2-chloroethyl)ether,150,4.78780472
bis(2-chloroethyl)ether,145,3.65128145
bis(2-chloroethyl)ether,140,2.75484101
bis(2-chloroethyl)ether,135,2.05732544
bis(2-chloroethyl)ether,130,1.52131051
bis(2-chloroethyl)ether,125,1.11413072
bis(2-chloroethyl)ether,120,0.80816457
bis(2-chloroethyl)ether,115,0.58063617
bis(2-chloroethyl)ether,110,0.41314637
bis(2-chloroethyl)ether,105,0.29108508
bis(2-chloroethyl)ether,100,0.20302212
bis(2-chloroethyl)ether,95,0.14013294
bis(2-chloroethyl)ether,90,0.09568739
bis(2-chloroethyl)ether,85,0.06461170
bis(2-chloroethyl)ether,80,0.04312371
bis(2-chloroethyl)ether,75,0.02843538
bis(2-chloroethyl)ether,70,0.01851455
bis(2-chloroethyl)ether,65,0.01189693
bis(2-chloroethyl)ether,60,0.00753988
bis(2-chloroethyl)ether,55,0.00471004
bis(2-chloroethyl)ether,50,0.00289815
bis(2-chloroethyl)ether,45,0.00175525
bis(2-chloroethyl)ether,40,0.00104554
bis(2-chloroethyl)ether,35,0.00061203
bis(2-chloroethyl)ether,30,0.00035177
bis(2-chloroethyl)ether,25,0.00019833
diglyme,160,17.88085604
diglyme,155,15.35449127
diglyme,150,13.04541029
diglyme,145,10.96166223
diglyme,140,9.10647282
diglyme,135,7.47827262
diglyme,130,6.07015667
diglyme,125,4.87049329
diglyme,120,3.86365335
diglyme,115,3.03103348
diglyme,110,2.35227858
diglyme,105,1.80650548
diglyme,100,1.37336842
diglyme,95,1.03385720
diglyme,90,0.77084096
diglyme,85,0.56934637
diglyme,80,0.41662102
diglyme,75,0.30204577
diglyme,70,0.21694763
diglyme,65,0.15436279
diglyme,60,0.10878385
diglyme,55,0.07591447
diglyme,50,0.05244512
diglyme,45,0.03585649
diglyme,40,0.02425244
diglyme,35,0.01622156
diglyme,30,0.01072475
diglyme,25,0.00700535
2-ethyl-n-(2-ethylhexyl)-1-hexanamine,160,0.32112181
2-ethyl-n-(2-ethylhexyl)-1-hexanamine,155,0.23837259
2-ethyl-n-(2-ethylhexyl)-1-hexanamine,150,0.17574482
2-ethyl-n-(2-ethylhexyl)-1-hexanamine,145,0.12864411
2-ethyl-n-(2-ethylhexyl)-1-hexanamine,140,0.09345929
2-ethyl-n-(2-ethylhexyl)-1-hexanamine,135,0.06736351
2-ethyl-n-(2-ethylhexyl)-1-hexanamine,130,0.04815489
2-ethyl-n-(2-ethylhexyl)-1-hexanamine,125,0.03412801
2-ethyl-n-(2-ethylhexyl)-1-hexanamine,120,0.02397037
2-ethyl-n-(2-ethylhexyl)-1-hexanamine,115,0.01667881
2-ethyl-n-(2-ethylhexyl)-1-hexanamine,110,0.01149239
2-ethyl-n-(2-ethylhexyl)-1-hexanamine,105,0.00783847
2-ethyl-n-(2-ethylhexyl)-1-hexanamine,100,0.00528984
2-ethyl-n-(2-ethylhexyl)-1-hexanamine,95,0.00353060
2-ethyl-n-(2-ethylhexyl)-1-hexanamine,90,0.00232941
2-ethyl-n-(2-ethylhexyl)-1-hexanamine,85,0.00151852
2-ethyl-n-(2-ethylhexyl)-1-hexanamine,80,0.00097757
2-ethyl-n-(2-ethylhexyl)-1-hexanamine,75,0.00062114
2-ethyl-n-(2-ethylhexyl)-1-hexanamine,70,0.00038931
2-ethyl-n-(2-ethylhexyl)-1-hexanamine,65,0.00024055
2-ethyl-n-(2-ethylhexyl)-1-hexanamine,60,0.00014643
2-ethyl-n-(2-ethylhexyl)-1-hexanamine,55,0.00008775
2-ethyl-n-(2-ethylhexyl)-1-hexanamine,50,0.00005174
2-ethyl-n-(2-ethylhexyl)-1-hexanamine,45,0.00002999
2-ethyl-n-(2-ethylhexyl)-1-hexanamine,40,0.00001707
2-ethyl-n-(2-ethylhexyl)-1-hexanamine,35,0.00000954
2-ethyl-n-(2-ethylhexyl)-1-hexanamine,30,0.00000523
2-ethyl-n-(2-ethylhexyl)-1-hexanamine,25,0.00000280
"2,6-dimethyl-4-heptanol",160,2.32559306
"2,6-dimethyl-4-heptanol",155,1.72037916
"2,6-dimethyl-4-heptanol",150,1.26185260
"2,6-dimethyl-4-heptanol",145,0.91736002
"2,6-dimethyl-4-heptanol",140,0.66077444
"2,6-dimethyl-4-heptanol",135,0.47138052
"2,6-dimethyl-4-heptanol",130,0.33289587
"2,6-dimethyl-4-heptanol",125,0.23263236
"2,6-dimethyl-4-heptanol",120,0.16078982
"2,6-dimethyl-4-heptanol",115,0.10986811
"2,6-dimethyl-4-heptanol",110,0.07418309
"2,6-dimethyl-4-heptanol",105,0.04947113
"2,6-dimethyl-4-heptanol",100,0.03256900
"2,6-dimethyl-4-heptanol",95,0.02115695
"2,6-dimethyl-4-heptanol",90,0.01355460
"2,6-dimethyl-4-heptanol",85,0.00856036
"2,6-dimethyl-4-heptanol",80,0.00532664
"2,6-dimethyl-4-heptanol",75,0.00326400
"2,6-dimethyl-4-heptanol",70,0.00196861
"2,6-dimethyl-4-heptanol",65,0.00116801
"2,6-dimethyl-4-heptanol",60,0.00068136
"2,6-dimethyl-4-heptanol",55,0.00039056
"2,6-dimethyl-4-heptanol",50,0.00021985
"2,6-dimethyl-4-heptanol",45,0.00012145
"2,6-dimethyl-4-heptanol",40,0.00006580
"2,6-dimethyl-4-heptanol",35,0.00003494
"2,6-dimethyl-4-heptanol",30,0.00001816
"2,6-dimethyl-4-heptanol",25,0.00000924
"2,6-dimethyl-4-heptanone",160,5.00955695
"2,6-dimethyl-4-heptanone",155,3.89476581
"2,6-dimethyl-4-heptanone",150,3.00446904
"2,6-dimethyl-4-heptanone",145,2.29996444
"2,6-dimethyl-4-heptanone",140,1.74731741
"2,6-dimethyl-4-heptanone",135,1.31741118
"2,6-dimethyl-4-heptanone",130,0.98570379
"2,6-dimethyl-4-heptanone",125,0.73181606
"2,6-dimethyl-4-heptanone",120,0.53904331
"2,6-dimethyl-4-heptanone",115,0.39384967
"2,6-dimethyl-4-heptanone",110,0.28538177
"2,6-dimethyl-4-heptanone",105,0.20502226
"2,6-dimethyl-4-heptanone",100,0.14599312
"2,6-dimethyl-4-heptanone",95,0.10301158
"2,6-dimethyl-4-heptanone",90,0.07199732
"2,6-dimethyl-4-heptanone",85,0.04982721
"2,6-dimethyl-4-heptanone",80,0.03413258
"2,6-dimethyl-4-heptanone",75,0.02313371
"2,6-dimethyl-4-heptanone",70,0.01550618
"2,6-dimethyl-4-heptanone",65,0.01027416
"2,6-dimethyl-4-heptanone",60,0.00672598
"2,6-dimethyl-4-heptanone",55,0.00434816
"2,6-dimethyl-4-heptanone",50,0.00277431
"2,6-dimethyl-4-heptanone",45,0.00174603
"2,6-dimethyl-4-heptanone",40,0.00108323
"2,6-dimethyl-4-heptanone",35,0.00066203
"2,6-dimethyl-4-heptanone",30,0.00039831
"2,6-dimethyl-4-heptanone",25,0.00023573
diisodecyl-phthalate,160,0.68937949
diisodecyl-phthalate,155,0.52718125
diisodecyl-phthalate,150,0.40069942
diisodecyl-phthalate,145,0.30263014
diisodecyl-phthalate,140,0.22704760
diisodecyl-phthalate,135,0.16916376
diisodecyl-phthalate,130,0.12512822
diisodecyl-phthalate,125,0.09186057
diisodecyl-phthalate,120,0.06691036
diisodecyl-phthalate,115,0.04834009
diisodecyl-phthalate,110,0.03462786
diisodecyl-phthalate,105,0.02458646
diisodecyl-phthalate,100,0.01729656
diisodecyl-phthalate,95,0.01205176
diisodecyl-phthalate,90,0.00831370
diisodecyl-phthalate,85,0.00567555
diisodecyl-phthalate,80,0.00383264
diisodecyl-phthalate,75,0.00255894
diisodecyl-phthalate,70,0.00168843
diisodecyl-phthalate,65,0.00110036
diisodecyl-phthalate,60,0.00070791
diisodecyl-phthalate,55,0.00044933
diisodecyl-phthalate,50,0.00028120
diisodecyl-phthalate,45,0.00017340
diisodecyl-phthalate,40,0.00010528
diisodecyl-phthalate,35,0.00006290
diisodecyl-phthalate,30,0.00003694
diisodecyl-phthalate,25,0.00002131
"1,2-benzenedicarboxylicaciddiisononylester",160,0.84956336
"1,2-benzenedicarboxylicaciddiisononylester",155,0.65141245
"1,2-benzenedicarboxylicaciddiisononylester",150,0.49646322
"1,2-benzenedicarboxylicaciddiisononylester",145,0.37598622
"1,2-benzenedicarboxylicaciddiisononylester",140,0.28287321
"1,2-benzenedicarboxylicaciddiisononylester",135,0.21136114
"1,2-benzenedicarboxylicaciddiisononylester",130,0.15680043
"1,2-benzenedicarboxylicaciddiisononylester",125,0.11545950
"1,2-benzenedicarboxylicaciddiisononylester",120,0.08436059
"1,2-benzenedicarboxylicaciddiisononylester",115,0.06114193
"1,2-benzenedicarboxylicaciddiisononylester",110,0.04394253
"1,2-benzenedicarboxylicaciddiisononylester",105,0.03130600
"1,2-benzenedicarboxylicaciddiisononylester",100,0.02210093
"1,2-benzenedicarboxylicaciddiisononylester",95,0.01545502
"1,2-benzenedicarboxylicaciddiisononylester",90,0.01070122
"1,2-benzenedicarboxylicaciddiisononylester",85,0.00733365
"1,2-benzenedicarboxylicaciddiisononylester",80,0.00497210
"1,2-benzenedicarboxylicaciddiisononylester",75,0.00333343
"1,2-benzenedicarboxylicaciddiisononylester",70,0.00220883
"1,2-benzenedicarboxylicaciddiisononylester",65,0.00144587
"1,2-benzenedicarboxylicaciddiisononylester",60,0.00093445
"1,2-benzenedicarboxylicaciddiisononylester",55,0.00059592
"1,2-benzenedicarboxylicaciddiisononylester",50,0.00037477
"1,2-benzenedicarboxylicaciddiisononylester",45,0.00023227
"1,2-benzenedicarboxylicaciddiisononylester",40,0.00014177
"1,2-benzenedicarboxylicaciddiisononylester",35,0.00008515
"1,2-benzenedicarboxylicaciddiisononylester",30,0.00005030
"1,2-benzenedicarboxylicaciddiisononylester",25,0.00002919
diisopropylsulfoxide,160,22.00560516
diisopropylsulfoxide,155,19.42388546
diisopropylsulfoxide,150,16.99552137
diisopropylsulfoxide,145,14.73119483
diisopropylsulfoxide,140,12.64003590
diisopropylsulfoxide,135,10.72994893
diisopropylsulfoxide,130,9.00611285
diisopropylsulfoxide,125,7.47063989
diisopropylsulfoxide,120,6.12196452
diisopropylsulfoxide,115,4.95504197
diisopropylsulfoxide,110,3.96084295
diisopropylsulfoxide,105,3.12706795
diisopropylsulfoxide,100,2.43880903
diisopropylsulfoxide,95,1.87944324
diisopropylsulfoxide,90,1.43163831
diisopropylsulfoxide,85,1.07829381
diisopropylsulfoxide,80,0.80330248
diisopropylsulfoxide,75,0.59207237
diisopropylsulfoxide,70,0.43182738
diisopropylsulfoxide,65,0.31169898
diisopropylsulfoxide,60,0.22267136
diisopropylsulfoxide,55,0.15742539
diisopropylsulfoxide,50,0.11013102
diisopropylsulfoxide,45,0.07622193
diisopropylsulfoxide,40,0.05217551
diisopropylsulfoxide,35,0.03531213
diisopropylsulfoxide,30,0.02362001
diisopropylsulfoxide,25,0.01560775
di-n-butylether,160,2.80713839
di-n-butylether,155,2.13417756
di-n-butylether,150,1.61231357
di-n-butylether,145,1.21013505
di-n-butylether,140,0.90216373
di-n-butylether,135,0.66787763
di-n-butylether,130,0.49085577
di-n-butylether,125,0.35804319
di-n-butylether,120,0.25912827
di-n-butylether,115,0.18601996
di-n-butylether,110,0.13241330
di-n-butylether,105,0.09343014
di-n-butylether,100,0.06532443
di-n-butylether,95,0.04524191
di-n-butylether,90,0.03102554
di-n-butylether,85,0.02105910
di-n-butylether,80,0.01414240
di-n-butylether,75,0.00939252
di-n-butylether,70,0.00616623
di-n-butylether,65,0.00399972
di-n-butylether,60,0.00256209
di-n-butylether,55,0.00161989
di-n-butylether,50,0.00101033
di-n-butylether,45,0.00062126
di-n-butylether,40,0.00037640
di-n-butylether,35,0.00022455
di-n-butylether,30,0.00013182
di-n-butylether,25,0.00007609
"1,1'-sulfinylbisbutane",160,13.86818844
"1,1'-sulfinylbisbutane",155,11.68688093
"1,1'-sulfinylbisbutane",150,9.73956349
"1,1'-sulfinylbisbutane",145,8.02493388
"1,1'-sulfinylbisbutane",140,6.53655883
"1,1'-sulfinylbisbutane",135,5.26330988
"1,1'-sulfinylbisbutane",130,4.19005626
"1,1'-sulfinylbisbutane",125,3.29846764
"1,1'-sulfinylbisbutane",120,2.56829432
"1,1'-sulfinylbisbutane",115,1.97850194
"1,1'-sulfinylbisbutane",110,1.50836519
"1,1'-sulfinylbisbutane",105,1.13830992
"1,1'-sulfinylbisbutane",100,0.85051695
"1,1'-sulfinylbisbutane",95,0.62926231
"1,1'-sulfinylbisbutane",90,0.46103518
"1,1'-sulfinylbisbutane",85,0.33449248
"1,1'-sulfinylbisbutane",80,0.24030022
"1,1'-sulfinylbisbutane",75,0.17091241
"1,1'-sulfinylbisbutane",70,0.12032424
"1,1'-sulfinylbisbutane",65,0.08382537
"1,1'-sulfinylbisbutane",60,0.05776961
"1,1'-sulfinylbisbutane",55,0.03936965
"1,1'-sulfinylbisbutane",50,0.02652022
"1,1'-sulfinylbisbutane",45,0.01764986
"1,1'-sulfinylbisbutane",40,0.01159923
"1,1'-sulfinylbisbutane",35,0.00752311
"1,1'-sulfinylbisbutane",30,0.00481261
"1,1'-sulfinylbisbutane",25,0.00303456
di-n-pentylether,160,1.28089998
di-n-pentylether,155,0.96449969
di-n-pentylether,150,0.72184793
di-n-pentylether,145,0.53678104
di-n-pentylether,140,0.39646979
di-n-pentylether,135,0.29076336
di-n-pentylether,130,0.21166127
di-n-pentylether,125,0.15288688
di-n-pentylether,120,0.10954166
di-n-pentylether,115,0.07782503
di-n-pentylether,110,0.05480717
di-n-pentylether,105,0.03824513
di-n-pentylether,100,0.02643464
di-n-pentylether,95,0.01809092
di-n-pentylether,90,0.01225357
di-n-pentylether,85,0.00821101
di-n-pentylether,80,0.00544091
di-n-pentylether,75,0.00356360
di-n-pentylether,70,0.00230588
di-n-pentylether,65,0.00147332
di-n-pentylether,60,0.00092905
di-n-pentylether,55,0.00057785
di-n-pentylether,50,0.00035430
di-n-pentylether,45,0.00021401
di-n-pentylether,40,0.00012727
di-n-pentylether,35,0.00007447
di-n-pentylether,30,0.00004283
di-n-pentylether,25,0.00002420
di-n-propylether,160,7.41044439
di-n-propylether,155,5.76528460
di-n-propylether,150,4.44472394
di-n-propylether,145,3.39698009
di-n-propylether,140,2.57448227
di-n-propylether,135,1.93514647
di-n-propylether,130,1.44279040
di-n-propylether,125,1.06699424
di-n-propylether,120,0.78264562
di-n-propylether,115,0.56932785
di-n-propylether,110,0.41066012
di-n-propylether,105,0.29365389
di-n-propylether,100,0.20812122
di-n-propylether,95,0.14615186
di-n-propylether,90,0.10166391
di-n-propylether,85,0.07002593
di-n-propylether,80,0.04774462
di-n-propylether,75,0.03221043
di-n-propylether,70,0.02149300
di-n-propylether,65,0.01417875
di-n-propylether,60,0.00924313
di-n-propylether,55,0.00595155
di-n-propylether,50,0.00378310
di-n-propylether,45,0.00237268
di-n-propylether,40,0.00146742
di-n-propylether,35,0.00089441
di-n-propylether,30,0.00053691
di-n-propylether,25,0.00031723
"1,1'-sulfinylbispropane",160,20.33531623
"1,1'-sulfinylbispropane",155,17.71117202
"1,1'-sulfinylbispropane",150,15.26790261
"1,1'-sulfinylbispropane",145,13.01792935
"1,1'-sulfinylbispropane",140,10.97183499
"1,1'-sulfinylbispropane",135,9.13612396
"1,1'-sulfinylbispropane",130,7.51291839
"1,1'-sulfinylbispropane",125,6.09980268
"1,1'-sulfinylbispropane",120,4.88918041
"1,1'-sulfinylbispropane",115,3.86892301
"1,1'-sulfinylbispropane",110,3.02316536
"1,1'-sulfinylbispropane",105,2.33330544
"1,1'-sulfinylbispropane",100,1.77937391
"1,1'-sulfinylbispropane",95,1.34122589
"1,1'-sulfinylbispropane",90,0.99958488
"1,1'-sulfinylbispropane",85,0.73678393
"1,1'-sulfinylbispropane",80,0.53721892
"1,1'-sulfinylbispropane",75,0.38752786
"1,1'-sulfinylbispropane",70,0.27657061
"1,1'-sulfinylbispropane",65,0.19526877
"1,1'-sulfinylbispropane",60,0.13636989
"1,1'-sulfinylbispropane",55,0.09418117
"1,1'-sulfinylbispropane",50,0.06430412
"1,1'-sulfinylbispropane",45,0.04338932
"1,1'-sulfinylbispropane",40,0.02892075
"1,1'-sulfinylbispropane",35,0.01903298
"1,1'-sulfinylbispropane",30,0.01236057
"1,1'-sulfinylbispropane",25,0.00791673
"2,2'-oxybis-butane",160,2.50171377
"2,2'-oxybis-butane",155,1.89372562
"2,2'-oxybis-butane",150,1.42481560
"2,2'-oxybis-butane",145,1.06522025
"2,2'-oxybis-butane",140,0.79109941
"2,2'-oxybis-butane",135,0.58344678
"2,2'-oxybis-butane",130,0.42718332
"2,2'-oxybis-butane",125,0.31040692
"2,2'-oxybis-butane",120,0.22377444
"2,2'-oxybis-butane",115,0.15999483
"2,2'-oxybis-butane",110,0.11341436
"2,2'-oxybis-butane",105,0.07967871
"2,2'-oxybis-butane",100,0.05545861
"2,2'-oxybis-butane",95,0.03822808
"2,2'-oxybis-butane",90,0.02608618
"2,2'-oxybis-butane",85,0.01761463
"2,2'-oxybis-butane",80,0.01176477
"2,2'-oxybis-butane",75,0.00776863
"2,2'-oxybis-butane",70,0.00506932
"2,2'-oxybis-butane",65,0.00326727
"2,2'-oxybis-butane",60,0.00207884
"2,2'-oxybis-butane",55,0.00130503
"2,2'-oxybis-butane",50,0.00080785
"2,2'-oxybis-butane",45,0.00049282
"2,2'-oxybis-butane",40,0.00029608
"2,2'-oxybis-butane",35,0.00017507
"2,2'-oxybis-butane",30,0.00010180
"2,2'-oxybis-butane",25,0.00005817
4-oh-4-me-2-pentanone,160,14.31837041
4-oh-4-me-2-pentanone,155,11.78839555
4-oh-4-me-2-pentanone,150,9.57783497
4-oh-4-me-2-pentanone,145,7.68087854
4-oh-4-me-2-pentanone,140,6.08169590
4-oh-4-me-2-pentanone,135,4.75659720
4-oh-4-me-2-pentanone,130,3.67652070
4-oh-4-me-2-pentanone,125,2.80971852
4-oh-4-me-2-pentanone,120,2.12410016
4-oh-4-me-2-pentanone,115,1.58908852
4-oh-4-me-2-pentanone,110,1.17684586
4-oh-4-me-2-pentanone,105,0.86295288
4-oh-4-me-2-pentanone,100,0.62662384
4-oh-4-me-2-pentanone,95,0.45060456
4-oh-4-me-2-pentanone,90,0.32087257
4-oh-4-me-2-pentanone,85,0.22623701
4-oh-4-me-2-pentanone,80,0.15790812
4-oh-4-me-2-pentanone,75,0.10907962
4-oh-4-me-2-pentanone,70,0.07454961
4-oh-4-me-2-pentanone,65,0.05039089
4-oh-4-me-2-pentanone,60,0.03367328
4-oh-4-me-2-pentanone,55,0.02223556
4-oh-4-me-2-pentanone,50,0.01450187
4-oh-4-me-2-pentanone,45,0.00933639
4-oh-4-me-2-pentanone,40,0.00593008
4-oh-4-me-2-pentanone,35,0.00371362
4-oh-4-me-2-pentanone,30,0.00229138
4-oh-4-me-2-pentanone,25,0.00139203
n-2-propenyl-2-propen-1-amine,160,23.69486879
n-2-propenyl-2-propen-1-amine,155,20.54804891
n-2-propenyl-2-propen-1-amine,150,17.60061991
n-2-propenyl-2-propen-1-amine,145,14.87912859
n-2-propenyl-2-propen-1-amine,140,12.40593781
n-2-propenyl-2-propen-1-amine,135,10.19655770
n-2-propenyl-2-propen-1-amine,130,8.25874627
n-2-propenyl-2-propen-1-amine,125,6.59102102
n-2-propenyl-2-propen-1-amine,120,5.18334988
n-2-propenyl-2-propen-1-amine,115,4.01794597
n-2-propenyl-2-propen-1-amine,110,3.07116827
n-2-propenyl-2-propen-1-amine,105,2.31584646
n-2-propenyl-2-propen-1-amine,100,1.72357426
n-2-propenyl-2-propen-1-amine,95,1.26663580
n-2-propenyl-2-propen-1-amine,90,0.91945042
n-2-propenyl-2-propen-1-amine,85,0.65942541
n-2-propenyl-2-propen-1-amine,80,0.46732544
n-2-propenyl-2-propen-1-amine,75,0.32726012
n-2-propenyl-2-propen-1-amine,70,0.22643320
n-2-propenyl-2-propen-1-amine,65,0.15476306
n-2-propenyl-2-propen-1-amine,60,0.10445732
n-2-propenyl-2-propen-1-amine,55,0.06959536
n-2-propenyl-2-propen-1-amine,50,0.04574902
n-2-propenyl-2-propen-1-amine,45,0.02965522
n-2-propenyl-2-propen-1-amine,40,0.01894373
n-2-propenyl-2-propen-1-amine,35,0.01191716
n-2-propenyl-2-propen-1-amine,30,0.00737721
n-2-propenyl-2-propen-1-amine,25,0.00449020
diallylether,160,23.38078786
diallylether,155,20.23777291
diallylether,150,17.29956752
diallylether,145,14.59304646
diallylether,140,12.14027919
diallylether,135,9.95602338
diallylether,130,8.04669286
diallylether,125,6.40924240
diallylether,120,5.03191502
diallylether,115,3.89537054
diallylether,110,2.97476863
diallylether,105,2.24217972
diallylether,100,1.66887795
diallylether,95,1.22720151
diallylether,90,0.89188302
diallylether,85,0.64079173
diallylether,80,0.45520807
diallylether,75,0.31974564
diallylether,70,0.22206074
diallylether,65,0.15245425
diallylether,60,0.10344211
diallylether,55,0.06934264
diallylether,50,0.04590634
diallylether,45,0.02999923
diallylether,40,0.01934116
diallylether,35,0.01229518
diallylether,30,0.00770173
diallylether,25,0.00475051
diazomethane,160,100.00000000
diazomethane,155,100.00000000
diazomethane,150,100.00000000
diazomethane,145,100.00000000
diazomethane,140,100.00000000
diazomethane,135,100.00000000
diazomethane,130,100.00000000
diazomethane,125,100.00000000
diazomethane,120,100.00000000
diazomethane,115,100.00000000
diazomethane,110,100.00000000
diazomethane,105,100.00000000
diazomethane,100,100.00000000
diazomethane,95,100.00000000
diazomethane,90,100.00000000
diazomethane,85,100.00000000
diazomethane,80,100.00000000
diazomethane,75,34.05867347
diazomethane,70,32.04485486
diazomethane,65,30.02759466
diazomethane,60,28.00742029
diazomethane,55,25.98809478
diazomethane,50,23.97393211
diazomethane,45,21.96854563
diazomethane,40,19.97775833
diazomethane,35,18.00850715
diazomethane,30,16.06881320
diazomethane,25,14.16972055
dibenzylether,160,8.79527164
dibenzylether,155,7.17716084
dibenzylether,150,5.79501981
dibenzylether,145,4.63036373
dibenzylether,140,3.66200155
dibenzylether,135,2.86723064
dibenzylether,130,2.22304623
dibenzylether,125,1.70713898
dibenzylether,120,1.29867628
dibenzylether,115,0.97881533
dibenzylether,110,0.73096946
dibenzylether,105,0.54087971
dibenzylether,100,0.39653591
dibenzylether,95,0.28800219
dibenzylether,90,0.20718889
dibenzylether,85,0.14760355
dibenzylether,80,0.10410392
dibenzylether,75,0.07266693
dibenzylether,70,0.05018175
dibenzylether,65,0.03427010
dibenzylether,60,0.02313388
dibenzylether,55,0.01542874
dibenzylether,50,0.01016081
dibenzylether,45,0.00660377
dibenzylether,40,0.00423303
dibenzylether,35,0.00267435
dibenzylether,30,0.00166411
dibenzylether,25,0.00101909
ch2br2,160,25.32020066
ch2br2,155,23.37688670
ch2br2,150,21.52681767
ch2br2,145,19.76882364
ch2br2,140,18.10023289
ch2br2,135,16.51763320
ch2br2,130,15.02143148
ch2br2,125,13.60747359
ch2br2,120,12.27551636
ch2br2,115,11.02333422
ch2br2,110,9.84916737
ch2br2,105,8.75262466
ch2br2,100,7.73200688
ch2br2,95,6.78605274
ch2br2,90,5.91386126
ch2br2,85,5.11464557
ch2br2,80,4.38669421
ch2br2,75,3.72895625
ch2br2,70,3.13987293
ch2br2,65,2.61733611
ch2br2,60,2.15888954
ch2br2,55,1.76143379
ch2br2,50,1.42128486
ch2br2,45,1.13409331
ch2br2,40,0.89498667
ch2br2,35,0.69872160
ch2br2,30,0.53985897
ch2br2,25,0.41301066
dibutylamine,160,4.49051698
dibutylamine,155,3.46891113
dibutylamine,150,2.65876459
dibutylamine,145,2.02200846
dibutylamine,140,1.52581381
dibutylamine,135,1.14237801
dibutylamine,130,0.84851571
dibutylamine,125,0.62514915
dibutylamine,120,0.45676711
dibutylamine,115,0.33089518
dibutylamine,110,0.23760306
dibutylamine,105,0.16906223
dibutylamine,100,0.11915912
dibutylamine,95,0.08316367
dibutylamine,90,0.05745027
dibutylamine,85,0.03926589
dibutylamine,80,0.02654013
dibutylamine,75,0.01773129
dibutylamine,70,0.01170302
dibutylamine,65,0.00762660
dibutylamine,60,0.00490433
dibutylamine,55,0.00311003
dibutylamine,50,0.00194353
dibutylamine,45,0.00119604
dibutylamine,40,0.00072425
dibutylamine,35,0.00043118
dibutylamine,30,0.00025217
dibutylamine,25,0.00014473
5-nonanone,160,6.64474624
5-nonanone,155,5.24135214
5-nonanone,150,4.09709328
5-nonanone,145,3.17473799
5-nonanone,140,2.43917936
5-nonanone,135,1.85848284
5-nonanone,130,1.40442484
5-nonanone,125,1.05264437
5-nonanone,120,0.78252858
5-nonanone,115,0.57692866
5-nonanone,110,0.42178726
5-nonanone,105,0.30573169
5-nonanone,100,0.21967025
5-nonanone,95,0.15641467
5-nonanone,90,0.11034066
5-nonanone,85,0.07709174
5-nonanone,80,0.05332647
5-nonanone,75,0.03650702
5-nonanone,70,0.02472471
5-nonanone,65,0.01655836
5-nonanone,60,0.01096054
5-nonanone,55,0.00716735
5-nonanone,50,0.00462771
5-nonanone,45,0.00294857
5-nonanone,40,0.00185282
5-nonanone,35,0.00114751
5-nonanone,30,0.00069997
5-nonanone,25,0.00042024
(z)-2-butenedioicaciddibutylester,160,4.00476632
(z)-2-butenedioicaciddibutylester,155,3.13967877
(z)-2-butenedioicaciddibutylester,150,2.44241106
(z)-2-butenedioicaciddibutylester,145,1.88547018
(z)-2-butenedioicaciddibutylester,140,1.44446692
(z)-2-butenedioicaciddibutylester,135,1.09819712
(z)-2-butenedioicaciddibutylester,130,0.82854275
(z)-2-butenedioicaciddibutylester,125,0.62025320
(z)-2-butenedioicaciddibutylester,120,0.46066157
(z)-2-butenedioicaciddibutylester,115,0.33937230
(z)-2-butenedioicaciddibutylester,110,0.24794718
(z)-2-butenedioicaciddibutylester,105,0.17960676
(z)-2-butenedioicaciddibutylester,100,0.12895717
(z)-2-butenedioicaciddibutylester,95,0.09174727
(z)-2-butenedioicaciddibutylester,90,0.06465743
(z)-2-butenedioicaciddibutylester,85,0.04511924
(z)-2-butenedioicaciddibutylester,80,0.03116385
(z)-2-butenedioicaciddibutylester,75,0.02129620
(z)-2-butenedioicaciddibutylester,70,0.01439188
(z)-2-butenedioicaciddibutylester,65,0.00961362
(z)-2-butenedioicaciddibutylester,60,0.00634433
(z)-2-butenedioicaciddibutylester,55,0.00413405
(z)-2-butenedioicaciddibutylester,50,0.00265829
(z)-2-butenedioicaciddibutylester,45,0.00168575
(z)-2-butenedioicaciddibutylester,40,0.00105357
(z)-2-butenedioicaciddibutylester,35,0.00064849
(z)-2-butenedioicaciddibutylester,30,0.00039281
(z)-2-butenedioicaciddibutylester,25,0.00023397
dibutylphthalate,160,3.12226596
dibutylphthalate,155,2.44599382
dibutylphthalate,150,1.90260947
dibutylphthalate,145,1.46944830
dibutylphthalate,140,1.12681711
dibutylphthalate,135,0.85785655
dibutylphthalate,130,0.64832072
dibutylphthalate,125,0.48631336
dibutylphthalate,120,0.36200682
dibutylphthalate,115,0.26736320
dibutylphthalate,110,0.19587028
dibutylphthalate,105,0.14229949
dibutylphthalate,100,0.10248977
dibutylphthalate,95,0.07315825
dibutylphthalate,90,0.05173732
dibutylphthalate,85,0.03623629
dibutylphthalate,80,0.02512537
dibutylphthalate,75,0.01723966
dibutylphthalate,70,0.01170036
dibutylphthalate,65,0.00785087
dibutylphthalate,60,0.00520553
dibutylphthalate,55,0.00340886
dibutylphthalate,50,0.00220344
dibutylphthalate,45,0.00140501
dibutylphthalate,40,0.00088320
dibutylphthalate,35,0.00054695
dibutylphthalate,30,0.00033344
dibutylphthalate,25,0.00019996
decanedioicaciddibutylester,160,1.54764220
decanedioicaciddibutylester,155,1.19591358
decanedioicaciddibutylester,150,0.91852910
decanedioicaciddibutylester,145,0.70107949
decanedioicaciddibutylester,140,0.53165986
decanedioicaciddibutylester,135,0.40049545
decanedioicaciddibutylester,130,0.29961073
decanedioicaciddibutylester,125,0.22253906
decanedioicaciddibutylester,120,0.16407084
decanedioicaciddibutylester,115,0.12003663
decanedioicaciddibutylester,110,0.08712206
decanedioicaciddibutylester,105,0.06271084
decanedioicaciddibutylester,100,0.04475261
decanedioicaciddibutylester,95,0.03165261
decanedioicaciddibutylester,90,0.02218003
decanedioicaciddibutylester,85,0.01539268
decanedioicaciddibutylester,80,0.01057537
decanedioicaciddibutylester,75,0.00718995
decanedioicaciddibutylester,70,0.00483521
decanedioicaciddibutylester,65,0.00321487
decanedioicaciddibutylester,60,0.00211231
decanedioicaciddibutylester,55,0.00137081
decanedioicaciddibutylester,50,0.00087817
decanedioicaciddibutylester,45,0.00055503
decanedioicaciddibutylester,40,0.00034588
decanedioicaciddibutylester,35,0.00021238
decanedioicaciddibutylester,30,0.00012841
decanedioicaciddibutylester,25,0.00007639
dichloroacetaldehyde,160,21.30393906
dichloroacetaldehyde,155,18.42101411
dichloroacetaldehyde,150,15.73949851
dichloroacetaldehyde,145,13.27879413
dichloroacetaldehyde,140,11.05397575
dichloroacetaldehyde,135,9.07504991
dichloroacetaldehyde,130,7.34526720
dichloroacetaldehyde,125,5.86080629
dichloroacetaldehyde,120,4.61052984
dichloroacetaldehyde,115,3.57714119
dichloroacetaldehyde,110,2.73859580
dichloroacetaldehyde,105,2.07005037
dichloroacetaldehyde,100,1.54583172
dichloroacetaldehyde,95,1.14111114
dichloroacetaldehyde,90,0.83310883
dichloroacetaldehyde,85,0.60181714
dichloroacetaldehyde,80,0.43027659
dichloroacetaldehyde,75,0.30453240
dichloroacetaldehyde,70,0.21338172
dichloroacetaldehyde,65,0.14801697
dichloroacetaldehyde,60,0.10163684
dichloroacetaldehyde,55,0.06907135
dichloroacetaldehyde,50,0.04644563
dichloroacetaldehyde,45,0.03089297
dichloroacetaldehyde,40,0.02031831
dichloroacetaldehyde,35,0.01320850
dichloroacetaldehyde,30,0.00848327
dichloroacetaldehyde,25,0.00538028
dichloroaceticacid,160,30.16428954
dichloroaceticacid,155,28.13890331
dichloroaceticacid,150,26.23263735
dichloroaceticacid,145,24.44685673
dichloroaceticacid,140,22.77947735
dichloroaceticacid,135,21.22991686
dichloroaceticacid,130,19.79446220
dichloroaceticacid,125,18.47149220
dichloroaceticacid,120,17.25852426
dichloroaceticacid,115,16.15152495
dichloroaceticacid,110,15.14747010
dichloroaceticacid,105,14.24137722
dichloroaceticacid,100,13.43002271
dichloroaceticacid,95,12.70983680
dichloroaceticacid,90,12.07570075
dichloroaceticacid,85,11.52512253
dichloroaceticacid,80,11.05284931
dichloroaceticacid,75,10.65689397
dichloroaceticacid,70,10.33281850
dichloroaceticacid,65,10.07808237
dichloroaceticacid,60,9.89020242
dichloroaceticacid,55,9.76622965
dichloroaceticacid,50,9.70392460
dichloroaceticacid,45,9.70128335
dichloroaceticacid,40,9.75624925
dichloroaceticacid,35,9.86564006
dichloroaceticacid,30,10.02795920
dichloroaceticacid,25,10.24065098
dichloroacetonitrile,160,32.81359618
dichloroacetonitrile,155,30.28258987
dichloroacetonitrile,150,27.82569458
dichloroacetonitrile,145,25.45030742
dichloroacetonitrile,140,23.15915423
dichloroacetonitrile,135,20.95961555
dichloroacetonitrile,130,18.85684981
dichloroacetonitrile,125,16.85560501
dichloroacetonitrile,120,14.96212575
dichloroacetonitrile,115,13.18159494
dichloroacetonitrile,110,11.51817762
dichloroacetonitrile,105,9.97694392
dichloroacetonitrile,100,8.56150166
dichloroacetonitrile,95,7.27398518
dichloroacetonitrile,90,6.11587077
dichloroacetonitrile,85,5.08637865
dichloroacetonitrile,80,4.18304210
dichloroacetonitrile,75,3.40133425
dichloroacetonitrile,70,2.73455059
dichloroacetonitrile,65,2.17412949
dichloroacetonitrile,60,1.71004592
dichloroacetonitrile,55,1.33126693
dichloroacetonitrile,50,1.02641074
dichloroacetonitrile,45,0.78425273
dichloroacetonitrile,40,0.59423663
dichloroacetonitrile,35,0.44679776
dichloroacetonitrile,30,0.33355861
dichloroacetonitrile,25,0.24738737
dichlorodifluoromethane,160,1.22554963
dichlorodifluoromethane,155,0.87084244
dichlorodifluoromethane,150,0.61621559
dichlorodifluoromethane,145,0.43366481
dichlorodifluoromethane,140,0.30320762
dichlorodifluoromethane,135,0.21042329
dichlorodifluoromethane,130,0.14483295
dichlorodifluoromethane,125,0.09879814
dichlorodifluoromethane,120,0.06675000
dichlorodifluoromethane,115,0.04463808
dichlorodifluoromethane,110,0.02952930
dichlorodifluoromethane,105,0.01931261
dichlorodifluoromethane,100,0.01248009
dichlorodifluoromethane,95,0.00796397
dichlorodifluoromethane,90,0.00501553
dichlorodifluoromethane,85,0.00311540
dichlorodifluoromethane,80,0.00190739
dichlorodifluoromethane,75,0.00115029
dichlorodifluoromethane,70,0.00068282
dichlorodifluoromethane,65,0.00039868
dichlorodifluoromethane,60,0.00022878
dichlorodifluoromethane,55,0.00012892
dichlorodifluoromethane,50,0.00007128
dichlorodifluoromethane,45,0.00003863
dichlorodifluoromethane,40,0.00002050
dichlorodifluoromethane,35,0.00001064
dichlorodifluoromethane,30,0.00000540
dichlorodifluoromethane,25,0.00000267
"trans-1,2-dichloroethene",160,29.30416521
"trans-1,2-dichloroethene",155,26.39889427
"trans-1,2-dichloroethene",150,23.60614758
"trans-1,2-dichloroethene",145,20.94081185
"trans-1,2-dichloroethene",140,18.41702734
"trans-1,2-dichloroethene",135,16.04702976
"trans-1,2-dichloroethene",130,13.84200959
"trans-1,2-dichloroethene",125,11.81208899
"trans-1,2-dichloroethene",120,9.96490927
"trans-1,2-dichloroethene",115,8.30567585
"trans-1,2-dichloroethene",110,6.83604345
"trans-1,2-dichloroethene",105,5.55391006
"trans-1,2-dichloroethene",100,4.45309162
"trans-1,2-dichloroethene",95,3.52369958
"trans-1,2-dichloroethene",90,2.75223979
"trans-1,2-dichloroethene",85,2.12263608
"trans-1,2-dichloroethene",80,1.61725378
"trans-1,2-dichloroethene",75,1.21796314
"trans-1,2-dichloroethene",70,0.90717997
"trans-1,2-dichloroethene",65,0.66864928
"trans-1,2-dichloroethene",60,0.48793731
"trans-1,2-dichloroethene",55,0.35267136
"trans-1,2-dichloroethene",50,0.25255567
"trans-1,2-dichloroethene",45,0.17923548
"trans-1,2-dichloroethene",40,0.12607576
"trans-1,2-dichloroethene",35,0.08790339
"trans-1,2-dichloroethene",30,0.06074924
"trans-1,2-dichloroethene",25,0.04161071
dichloromethylmethylether,160,23.92414331
dichloromethylmethylether,155,21.16330609
dichloromethylmethylether,150,18.55535073
dichloromethylmethylether,145,16.11346093
dichloromethylmethylether,140,13.84970203
dichloromethylmethylether,135,11.77372475
dichloromethylmethylether,130,9.89330070
dichloromethylmethylether,125,8.21267971
dichloromethylmethylether,120,6.73227733
dichloromethylmethylether,115,5.44817503
dichloromethylmethylether,110,4.35235595
dichloromethylmethylether,105,3.43258743
dichloromethylmethylether,100,2.67335890
dichloromethylmethylether,95,2.05688057
dichloromethylmethylether,90,1.56418197
dichloromethylmethylether,85,1.17630878
dichloromethylmethylether,80,0.87525867
dichloromethylmethylether,75,0.64467253
dichloromethylmethylether,70,0.47022454
dichloromethylmethylether,65,0.33976197
dichloromethylmethylether,60,0.24324776
dichloromethylmethylether,55,0.17258062
dichloromethylmethylether,50,0.12134854
dichloromethylmethylether,45,0.08456218
dichloromethylmethylether,40,0.05839695
dichloromethylmethylether,35,0.03996018
dichloromethylmethylether,30,0.02709066
dichloromethylmethylether,25,0.01819209
chfcl2,160,35.54696510
chfcl2,155,33.21174659
chfcl2,150,30.96041495
chfcl2,145,28.79382529
chfcl2,140,26.71420348
chfcl2,135,24.72408149
chfcl2,130,22.82430094
chfcl2,125,21.01556540
chfcl2,120,19.29812944
chfcl2,115,17.67281195
chfcl2,110,16.13846257
chfcl2,105,14.69470951
chfcl2,100,13.34089241
chfcl2,95,12.07616842
chfcl2,90,10.89725517
chfcl2,85,9.80424566
chfcl2,80,8.79358674
chfcl2,75,7.86343107
chfcl2,70,7.01093554
chfcl2,65,6.23289069
chfcl2,60,5.52656881
chfcl2,55,4.88762354
chfcl2,50,4.31287456
chfcl2,45,3.79840431
chfcl2,40,3.34013519
chfcl2,35,2.93396261
chfcl2,30,2.57578219
chfcl2,25,2.26138373
diethanolamine,160,7.16067894
diethanolamine,155,5.50394649
diethanolamine,150,4.18228951
diethanolamine,145,3.14349172
diethanolamine,140,2.33809827
diethanolamine,135,1.72151509
diethanolamine,130,1.25502948
diethanolamine,125,0.90603371
diethanolamine,120,0.64773017
diethanolamine,115,0.45854323
diethanolamine,110,0.32140325
diethanolamine,105,0.22301131
diethanolamine,100,0.15314846
diethanolamine,95,0.10406230
diethanolamine,90,0.06994255
diethanolamine,85,0.04648552
diethanolamine,80,0.03054031
diethanolamine,75,0.01982678
diethanolamine,70,0.01271422
diethanolamine,65,0.00805036
diethanolamine,60,0.00503096
diethanolamine,55,0.00310179
diethanolamine,50,0.00188586
diethanolamine,45,0.00113016
diethanolamine,40,0.00066727
diethanolamine,35,0.00038795
diethanolamine,30,0.00022199
diethanolamine,25,0.00012495
adipinsaeurediethylester,160,5.89300554
adipinsaeurediethylester,155,4.69232921
adipinsaeurediethylester,150,3.70370942
adipinsaeurediethylester,145,2.89858942
adipinsaeurediethylester,140,2.24971660
adipinsaeurediethylester,135,1.73193068
adipinsaeurediethylester,130,1.32264638
adipinsaeurediethylester,125,1.00206037
adipinsaeurediethylester,120,0.75315552
adipinsaeurediethylester,115,0.56156232
adipinsaeurediethylester,110,0.41533162
adipinsaeurediethylester,105,0.30466149
adipinsaeurediethylester,100,0.22161016
adipinsaeurediethylester,95,0.15981541
adipinsaeurediethylester,90,0.11423426
adipinsaeurediethylester,85,0.08090965
adipinsaeurediethylester,80,0.05676675
adipinsaeurediethylester,75,0.03943919
adipinsaeurediethylester,70,0.02712313
adipinsaeurediethylester,65,0.01845669
adipinsaeurediethylester,60,0.01242173
adipinsaeurediethylester,55,0.00826462
adipinsaeurediethylester,50,0.00543327
adipinsaeurediethylester,45,0.00352751
adipinsaeurediethylester,40,0.00226047
adipinsaeurediethylester,35,0.00142887
adipinsaeurediethylester,30,0.00089038
adipinsaeurediethylester,25,0.00054657
diethylamine,160,28.76372627
diethylamine,155,25.17462864
diethylamine,150,21.75188636
diethylamine,145,18.53526115
diethylamine,140,15.56187553
diethylamine,135,12.86251451
diethylamine,130,10.45946217
diethylamine,125,8.36470110
diethylamine,120,6.57793945
diethylamine,115,5.08740040
diethylamine,110,3.87109822
diethylamine,105,2.89960281
diethylamine,100,2.13932737
diethylamine,95,1.55567594
diethylamine,90,1.11558040
diethylamine,85,0.78923911
diethylamine,80,0.55101723
diethylamine,75,0.37968878
diethylamine,70,0.25821947
diethylamine,65,0.17329330
diethylamine,60,0.11473221
diethylamine,55,0.07490860
diethylamine,50,0.04820709
diethylamine,45,0.03056161
diethylamine,40,0.01907425
diethylamine,35,0.01171154
diethylamine,30,0.00706865
diethylamine,25,0.00419033
diethylcarbonate,160,16.71206463
diethylcarbonate,155,14.03139124
diethylcarbonate,150,11.62698101
diethylcarbonate,145,9.50669113
diethylcarbonate,140,7.66942621
diethylcarbonate,135,6.10556872
diethylcarbonate,130,4.79782504
diethylcarbonate,125,3.72298029
diethylcarbonate,120,2.85407899
diethylcarbonate,115,2.16261823
diethylcarbonate,110,1.62042223
diethylcarbonate,105,1.20110168
diethylcarbonate,100,0.88098251
diethylcarbonate,95,0.63956046
diethylcarbonate,90,0.45959090
diethylcarbonate,85,0.32692213
diethylcarbonate,80,0.23018110
diethylcarbonate,75,0.16039170
diethylcarbonate,70,0.11058201
diethylcarbonate,65,0.07541415
diethylcarbonate,60,0.05085543
diethylcarbonate,55,0.03389731
diethylcarbonate,50,0.02232250
diethylcarbonate,45,0.01451630
diethylcarbonate,40,0.00931690
diethylcarbonate,35,0.00589843
diethylcarbonate,30,0.00368111
diethylcarbonate,25,0.00226311
diethylether,160,25.15946684
diethylether,155,21.55005222
diethylether,150,18.19359684
diethylether,145,15.13075673
diethylether,140,12.39167789
diethylether,135,9.99259818
diethylether,130,7.93551539
diethylether,125,6.20847827
diethylether,120,4.78789405
diethylether,115,3.64194501
diethylether,110,2.73431382
diethylether,105,2.02754715
diethylether,100,1.48576027
diethylether,95,1.07642206
diethylether,90,0.77129351
diethylether,85,0.54670534
diethylether,80,0.38337635
diethylether,75,0.26596879
diethylether,70,0.18252515
diethylether,65,0.12388502
diethylether,60,0.08313900
diethylether,55,0.05514924
diethylether,50,0.03614579
diethylether,45,0.02339769
diethylether,40,0.01495131
diethylether,35,0.00942654
diethylether,30,0.00586072
diethylether,25,0.00359100
3-pentanone,160,27.74915329
3-pentanone,155,24.41958686
3-pentanone,150,21.24165052
3-pentanone,145,18.24712546
3-pentanone,140,15.46546597
3-pentanone,135,12.92304557
3-pentanone,130,10.63969340
3-pentanone,125,8.62727605
3-pentanone,120,6.88856714
3-pentanone,115,5.41654008
3-pentanone,110,4.19549389
3-pentanone,105,3.20269488
3-pentanone,100,2.41083074
3-pentanone,95,1.79059907
3-pentanone,90,1.31298603
3-pentanone,85,0.95096849
3-pentanone,80,0.68058599
3-pentanone,75,0.48141764
3-pentanone,70,0.33661924
3-pentanone,65,0.23266776
3-pentanone,60,0.15895243
3-pentanone,55,0.10731024
3-pentanone,50,0.07156959
3-pentanone,45,0.04713735
3-pentanone,40,0.03064472
3-pentanone,35,0.01965515
3-pentanone,30,0.01243018
3-pentanone,25,0.00774611
diethylmalonate,160,7.19867325
diethylmalonate,155,5.70334360
diethylmalonate,150,4.47318920
diethylmalonate,145,3.47446810
diethylmalonate,140,2.67360203
diethylmalonate,135,2.03877747
diethylmalonate,130,1.54100664
diethylmalonate,125,1.15469079
diethylmalonate,120,0.85780092
diethylmalonate,115,0.63178577
diethylmalonate,110,0.46130757
diethylmalonate,105,0.33388606
diethylmalonate,100,0.23950773
diethylmalonate,95,0.17023948
diethylmalonate,90,0.11986925
diethylmalonate,85,0.08358576
diethylmalonate,80,0.05770165
diethylmalonate,75,0.03941986
diethylmalonate,70,0.02664024
diethylmalonate,65,0.01780199
diethylmalonate,60,0.01175718
diethylmalonate,55,0.00767052
diethylmalonate,50,0.00494085
diethylmalonate,45,0.00314041
diethylmalonate,40,0.00196841
diethylmalonate,35,0.00121593
diethylmalonate,30,0.00073972
diethylmalonate,25,0.00044286
ethyloxalat,160,9.73508375
ethyloxalat,155,7.85584494
ethyloxalat,150,6.26745457
ethyloxalat,145,4.94526047
ethyloxalat,140,3.86065484
ethyloxalat,135,2.98319153
ethyloxalat,130,2.28250974
ethyloxalat,125,1.72980683
ethyloxalat,120,1.29882015
ethyloxalat,115,0.96638098
ethyloxalat,110,0.71259731
ethyloxalat,105,0.52077804
ethyloxalat,100,0.37718959
ethyloxalat,95,0.27072170
ethyloxalat,90,0.19251979
ethyloxalat,85,0.13562079
ethyloxalat,80,0.09461603
ethyloxalat,75,0.06535231
ethyloxalat,70,0.04467534
ethyloxalat,65,0.03021495
ethyloxalat,60,0.02020897
ethyloxalat,55,0.01336105
ethyloxalat,50,0.00872774
ethyloxalat,45,0.00562994
ethyloxalat,40,0.00358430
ethyloxalat,35,0.00225086
ethyloxalat,30,0.00139335
ethyloxalat,25,0.00084967
diethylphthalate,160,5.48612232
diethylphthalate,155,4.36180256
diethylphthalate,150,3.43721482
diethylphthalate,145,2.68522491
diethylphthalate,140,2.08002345
diethylphthalate,135,1.59783102
diethylphthalate,130,1.21733276
diethylphthalate,125,0.91986036
diethylphthalate,120,0.68938864
diethylphthalate,115,0.51240004
diethylphthalate,110,0.37766689
diethylphthalate,105,0.27599117
diethylphthalate,100,0.19993146
diethylphthalate,95,0.14353652
diethylphthalate,90,0.10209825
diethylphthalate,85,0.07193042
diethylphthalate,80,0.05017580
diethylphthalate,75,0.03464161
diethylphthalate,70,0.02366161
diethylphthalate,65,0.01598231
diethylphthalate,60,0.01067028
diethylphthalate,55,0.00703769
diethylphthalate,50,0.00458316
diethylphthalate,45,0.00294527
diethylphthalate,40,0.00186656
diethylphthalate,35,0.00116580
diethylphthalate,30,0.00071707
diethylphthalate,25,0.00043404
ethylsuccinate,160,6.62536233
ethylsuccinate,155,5.25406089
ethylsuccinate,150,4.12696151
ethylsuccinate,145,3.21190142
ethylsuccinate,140,2.47751998
ethylsuccinate,135,1.89451505
ethylsuccinate,130,1.43641545
ethylsuccinate,125,1.07996510
ethylsuccinate,120,0.80520286
ethylsuccinate,115,0.59533068
ethylsuccinate,110,0.43645044
ethylsuccinate,105,0.31723340
ethylsuccinate,100,0.22856663
ethylsuccinate,95,0.16320762
ethylsuccinate,90,0.11546439
ethylsuccinate,85,0.08091072
ethylsuccinate,80,0.05613966
ethylsuccinate,75,0.03855495
ethylsuccinate,70,0.02619778
ethylsuccinate,65,0.01760500
ethylsuccinate,60,0.01169484
ethylsuccinate,55,0.00767583
ethylsuccinate,50,0.00497507
ethylsuccinate,45,0.00318254
ethylsuccinate,40,0.00200810
ethylsuccinate,35,0.00124900
ethylsuccinate,30,0.00076525
ethylsuccinate,25,0.00046152
diethylsulfate,160,8.34020690
diethylsulfate,155,6.62294009
diethylsulfate,150,5.19860639
diethylsulfate,145,4.03552863
diethylsulfate,140,3.09955970
diethylsulfate,135,2.35653027
diethylsulfate,130,1.77408390
diethylsulfate,125,1.32288023
diethylsulfate,120,0.97721350
diethylsulfate,115,0.71518652
diethylsulfate,110,0.51857522
diethylsulfate,105,0.37250781
diethylsulfate,100,0.26505072
diethylsulfate,95,0.18676910
diethylsulfate,90,0.13030248
diethylsulfate,85,0.08997882
diethylsulfate,80,0.06147769
diethylsulfate,75,0.04154481
diethylsulfate,70,0.02775583
diethylsulfate,65,0.01832444
diethylsulfate,60,0.01194900
diethylsulfate,55,0.00769178
diethylsulfate,50,0.00488508
diethylsulfate,45,0.00305917
diethylsulfate,40,0.00188775
diethylsulfate,35,0.00114709
diethylsulfate,30,0.00068588
diethylsulfate,25,0.00040324
diethylsulfide,160,26.68776240
diethylsulfide,155,23.43738970
diethylsulfide,150,20.34608239
diethylsulfide,145,17.44288051
diethylsulfide,140,14.75513827
diethylsulfide,135,12.30575777
diethylsulfide,130,10.11211921
diethylsulfide,125,8.18379444
diethylsulfide,120,6.52175259
diethylsulfide,115,5.11781898
diethylsulfide,110,3.95576627
diethylsulfide,105,3.01291836
diethylsulfide,100,2.26247859
diethylsulfide,95,1.67596671
diethylsulfide,90,1.22535278
diethylsulfide,85,0.88464187
diethylsulfide,80,0.63085949
diethylsulfide,75,0.44447733
diethylsulfide,70,0.30942535
diethylsulfide,65,0.21283122
diethylsulfide,60,0.14461805
diethylsulfide,55,0.09705266
diethylsulfide,50,0.06430441
diethylsulfide,45,0.04204726
diethylsulfide,40,0.02711951
diethylsulfide,35,0.01724357
diethylsulfide,30,0.01080192
diethylsulfide,25,0.00666198
diethyldisulfide,160,18.35265125
diethyldisulfide,155,15.65477488
diethyldisulfide,150,13.19060440
diethyldisulfide,145,10.97266898
diethyldisulfide,140,9.00786914
diethyldisulfide,135,7.29619067
diethyldisulfide,130,5.83052474
diethyldisulfide,125,4.59734593
diethyldisulfide,120,3.57770877
diethyldisulfide,115,2.74885520
diethyldisulfide,110,2.08602515
diethyldisulfide,105,1.56416282
diethyldisulfide,100,1.15929670
diethyldisulfide,95,0.84953964
diethyldisulfide,90,0.61565265
diethyldisulfide,85,0.44126125
diethyldisulfide,80,0.31279918
diethyldisulfide,75,0.21928329
diethyldisulfide,70,0.15199780
diethyldisulfide,65,0.10414706
diethyldisulfide,60,0.07051614
diethyldisulfide,55,0.04716134
diethyldisulfide,50,0.03114133
diethyldisulfide,45,0.02029145
diethyldisulfide,40,0.01303952
diethyldisulfide,35,0.00825859
diethyldisulfide,30,0.00515164
diethyldisulfide,25,0.00316270
diethyleneglycol,160,4.80909450
diethyleneglycol,155,3.54835814
diethyleneglycol,150,2.59013204
diethyleneglycol,145,1.87125140
diethyleneglycol,140,1.33834726
diethyleneglycol,135,0.94772600
diethyleneglycol,130,0.66447520
diethyleneglycol,125,0.46123997
diethyleneglycol,120,0.31693677
diethyleneglycol,115,0.21554789
diethyleneglycol,110,0.14506309
diethyleneglycol,105,0.09658766
diethyleneglycol,100,0.06361270
diethyleneglycol,95,0.04143122
diethyleneglycol,90,0.02667951
diethyleneglycol,85,0.01698240
diethyleneglycol,80,0.01068311
diethyleneglycol,75,0.00664020
diethyleneglycol,70,0.00407715
diethyleneglycol,65,0.00247247
diethyleneglycol,60,0.00148050
diethyleneglycol,55,0.00087517
diethyleneglycol,50,0.00051059
diethyleneglycol,45,0.00029393
diethyleneglycol,40,0.00016692
diethyleneglycol,35,0.00009347
diethyleneglycol,30,0.00005160
diethyleneglycol,25,0.00002807
2-(2-butoxyethoxy)ethanolacetate,160,5.98281314
2-(2-butoxyethoxy)ethanolacetate,155,4.76990193
2-(2-butoxyethoxy)ethanolacetate,150,3.76949686
2-(2-butoxyethoxy)ethanolacetate,145,2.95345933
2-(2-butoxyethoxy)ethanolacetate,140,2.29478856
2-(2-butoxyethoxy)ethanolacetate,135,1.76843777
2-(2-butoxyethoxy)ethanolacetate,130,1.35183248
2-(2-butoxyethoxy)ethanolacetate,125,1.02510904
2-(2-butoxyethoxy)ethanolacetate,120,0.77114631
2-(2-butoxyethoxy)ethanolacetate,115,0.57544841
2-(2-butoxyethoxy)ethanolacetate,110,0.42593297
2-(2-butoxyethoxy)ethanolacetate,105,0.31266835
2-(2-butoxyethoxy)ethanolacetate,100,0.22759290
2-(2-butoxyethoxy)ethanolacetate,95,0.16423769
2-(2-butoxyethoxy)ethanolacetate,90,0.11746747
2-(2-butoxyethoxy)ethanolacetate,85,0.08324716
2-(2-butoxyethoxy)ethanolacetate,80,0.05843734
2-(2-butoxyethoxy)ethanolacetate,75,0.04061899
2-(2-butoxyethoxy)ethanolacetate,70,0.02794607
2-(2-butoxyethoxy)ethanolacetate,65,0.01902336
2-(2-butoxyethoxy)ethanolacetate,60,0.01280669
2-(2-butoxyethoxy)ethanolacetate,55,0.00852245
2-(2-butoxyethoxy)ethanolacetate,50,0.00560339
2-(2-butoxyethoxy)ethanolacetate,45,0.00363800
2-(2-butoxyethoxy)ethanolacetate,40,0.00233104
2-(2-butoxyethoxy)ethanolacetate,35,0.00147314
2-(2-butoxyethoxy)ethanolacetate,30,0.00091763
2-(2-butoxyethoxy)ethanolacetate,25,0.00056300
diethyleneglycoldibutylether,160,4.40421806
diethyleneglycoldibutylether,155,3.48555963
diethyleneglycoldibutylether,150,2.73790201
diethyleneglycoldibutylether,145,2.13478319
diethyleneglycoldibutylether,140,1.65239081
diethyleneglycoldibutylether,135,1.26972793
diethyleneglycoldibutylether,130,0.96860425
diethyleneglycoldibutylether,125,0.73350358
diethyleneglycoldibutylether,120,0.55137223
diethyleneglycoldibutylether,115,0.41136362
diethyleneglycoldibutylether,110,0.30456702
diethyleneglycoldibutylether,105,0.22373832
diethyleneglycoldibutylether,100,0.16304615
diethyleneglycoldibutylether,95,0.11784036
diethyleneglycoldibutylether,90,0.08444630
diethyleneglycoldibutylether,85,0.05998594
diethyleneglycoldibutylether,80,0.04222500
diethyleneglycoldibutylether,75,0.02944423
diethyleneglycoldibutylether,70,0.02033249
diethyleneglycoldibutylether,65,0.01389888
diethyleneglycoldibutylether,60,0.00940151
diethyleneglycoldibutylether,55,0.00629017
diethyleneglycoldibutylether,50,0.00416086
diethyleneglycoldibutylether,45,0.00271992
diethyleneglycoldibutylether,40,0.00175618
diethyleneglycoldibutylether,35,0.00111942
diethyleneglycoldibutylether,30,0.00070403
diethyleneglycoldibutylether,25,0.00043662
"1,1'-oxybis-2-ethoxy-ethane",160,11.67990846
"1,1'-oxybis-2-ethoxy-ethane",155,9.68819561
"1,1'-oxybis-2-ethoxy-ethane",150,7.95037221
"1,1'-oxybis-2-ethoxy-ethane",145,6.45505354
"1,1'-oxybis-2-ethoxy-ethane",140,5.18616195
"1,1'-oxybis-2-ethoxy-ethane",135,4.12401050
"1,1'-oxybis-2-ethoxy-ethane",130,3.24665247
"1,1'-oxybis-2-ethoxy-ethane",125,2.53114056
"1,1'-oxybis-2-ethoxy-ethane",120,1.95470833
"1,1'-oxybis-2-ethoxy-ethane",115,1.49568917
"1,1'-oxybis-2-ethoxy-ethane",110,1.13418940
"1,1'-oxybis-2-ethoxy-ethane",105,0.85247513
"1,1'-oxybis-2-ethoxy-ethane",100,0.63514375
"1,1'-oxybis-2-ethoxy-ethane",95,0.46910770
"1,1'-oxybis-2-ethoxy-ethane",90,0.34345789
"1,1'-oxybis-2-ethoxy-ethane",85,0.24925295
"1,1'-oxybis-2-ethoxy-ethane",80,0.17927321
"1,1'-oxybis-2-ethoxy-ethane",75,0.12776729
"1,1'-oxybis-2-ethoxy-ethane",70,0.09020996
"1,1'-oxybis-2-ethoxy-ethane",65,0.06308163
"1,1'-oxybis-2-ethoxy-ethane",60,0.04367481
"1,1'-oxybis-2-ethoxy-ethane",55,0.02992879
"1,1'-oxybis-2-ethoxy-ethane",50,0.02029142
"1,1'-oxybis-2-ethoxy-ethane",45,0.01360571
"1,1'-oxybis-2-ethoxy-ethane",40,0.00901823
"1,1'-oxybis-2-ethoxy-ethane",35,0.00590614
"1,1'-oxybis-2-ethoxy-ethane",30,0.00381985
"1,1'-oxybis-2-ethoxy-ethane",25,0.00243842
2-2-(hexyloxy)ethoxyethanol,160,4.03577228
2-2-(hexyloxy)ethoxyethanol,155,3.11595389
2-2-(hexyloxy)ethoxyethanol,150,2.38488775
2-2-(hexyloxy)ethoxyethanol,145,1.80967082
2-2-(hexyloxy)ethoxyethanol,140,1.36143929
2-2-(hexyloxy)ethoxyethanol,135,1.01542750
2-2-(hexyloxy)ethoxyethanol,130,0.75077837
2-2-(hexyloxy)ethoxyethanol,125,0.55020603
2-2-(hexyloxy)ethoxyethanol,120,0.39958529
2-2-(hexyloxy)ethoxyethanol,115,0.28751989
2-2-(hexyloxy)ethoxyethanol,110,0.20492300
2-2-(hexyloxy)ethoxyethanol,105,0.14462939
2-2-(hexyloxy)ethoxyethanol,100,0.10104960
2-2-(hexyloxy)ethoxyethanol,95,0.06986923
2-2-(hexyloxy)ethoxyethanol,90,0.04779310
2-2-(hexyloxy)ethoxyethanol,85,0.03233114
2-2-(hexyloxy)ethoxyethanol,80,0.02162207
2-2-(hexyloxy)ethoxyethanol,75,0.01429004
2-2-(hexyloxy)ethoxyethanol,70,0.00932964
2-2-(hexyloxy)ethoxyethanol,65,0.00601480
2-2-(hexyloxy)ethoxyethanol,60,0.00382762
2-2-(hexyloxy)ethoxyethanol,55,0.00240330
2-2-(hexyloxy)ethoxyethanol,50,0.00148824
2-2-(hexyloxy)ethoxyethanol,45,0.00090851
2-2-(hexyloxy)ethoxyethanol,40,0.00054648
2-2-(hexyloxy)ethoxyethanol,35,0.00032373
2-2-(hexyloxy)ethoxyethanol,30,0.00018878
2-2-(hexyloxy)ethoxyethanol,25,0.00010830
diethyleneglycolmonobutylether,160,6.10427632
diethyleneglycolmonobutylether,155,4.75807893
diethyleneglycolmonobutylether,150,3.67011638
diethyleneglycolmonobutylether,145,2.80244159
diethyleneglycolmonobutylether,140,2.11898738
diethyleneglycolmonobutylether,135,1.58689140
diethyleneglycolmonobutylether,130,1.17719974
diethyleneglycolmonobutylether,125,0.86508952
diethyleneglycolmonobutylether,120,0.62975782
diethyleneglycolmonobutylether,115,0.45410335
diethyleneglycolmonobutylether,110,0.32430117
diethyleneglycolmonobutylether,105,0.22933997
diethyleneglycolmonobutylether,100,0.16056726
diethyleneglycolmonobutylether,95,0.11126935
diethyleneglycolmonobutylether,90,0.07629918
diethyleneglycolmonobutylether,85,0.05175653
diethyleneglycolmonobutylether,80,0.03471994
diethyleneglycolmonobutylether,75,0.02302621
diethyleneglycolmonobutylether,70,0.01509212
diethyleneglycolmonobutylether,65,0.00977263
diethyleneglycolmonobutylether,60,0.00624956
diethyleneglycolmonobutylether,55,0.00394549
diethyleneglycolmonobutylether,50,0.00245808
diethyleneglycolmonobutylether,45,0.00151062
diethyleneglycolmonobutylether,40,0.00091536
diethyleneglycolmonobutylether,35,0.00054665
diethyleneglycolmonobutylether,30,0.00032159
diethyleneglycolmonobutylether,25,0.00018627
diethyleneglycolmonoethylether,160,15.45321386
diethyleneglycolmonoethylether,155,13.02937225
diethyleneglycolmonoethylether,150,10.85864693
diethyleneglycolmonoethylether,145,8.94300454
diethyleneglycolmonoethylether,140,7.27793176
diethyleneglycolmonoethylether,135,5.85287996
diethyleneglycolmonoethylether,130,4.65208376
diethyleneglycolmonoethylether,125,3.65558494
diethyleneglycolmonoethylether,120,2.84081942
diethyleneglycolmonoethylether,115,2.18405946
diethyleneglycolmonoethylether,110,1.66178563
diethyleneglycolmonoethylether,105,1.25174201
diethyleneglycolmonoethylether,100,0.93368532
diethyleneglycolmonoethylether,95,0.68979127
diethyleneglycolmonoethylether,90,0.50480073
diethyleneglycolmonoethylether,85,0.36595518
diethyleneglycolmonoethylether,80,0.26280280
diethyleneglycolmonoethylether,75,0.18693248
diethyleneglycolmonoethylether,70,0.13168094
diethyleneglycolmonoethylether,65,0.09184387
diethyleneglycolmonoethylether,60,0.06340876
diethyleneglycolmonoethylether,55,0.04331935
diethyleneglycolmonoethylether,50,0.02927457
diethyleneglycolmonoethylether,45,0.01956136
diethyleneglycolmonoethylether,40,0.01291857
diethyleneglycolmonoethylether,35,0.00842803
diethyleneglycolmonoethylether,30,0.00542884
diethyleneglycolmonoethylether,25,0.00345075
2-(2-ethoxyethoxy)-ethanolacetate,160,8.44421836
2-(2-ethoxyethoxy)-ethanolacetate,155,6.84611383
2-(2-ethoxyethoxy)-ethanolacetate,150,5.49553723
2-(2-ethoxyethoxy)-ethanolacetate,145,4.36884928
2-(2-ethoxyethoxy)-ethanolacetate,140,3.44061214
2-(2-ethoxyethoxy)-ethanolacetate,135,2.68494215
2-(2-ethoxyethoxy)-ethanolacetate,130,2.07670082
2-(2-ethoxyethoxy)-ethanolacetate,125,1.59237993
2-(2-ethoxyethoxy)-ethanolacetate,120,1.21066890
2-(2-ethoxyethoxy)-ethanolacetate,115,0.91276552
2-(2-ethoxyethoxy)-ethanolacetate,110,0.68245306
2-(2-ethoxyethoxy)-ethanolacetate,105,0.50601817
2-(2-ethoxyethoxy)-ethanolacetate,100,0.37206222
2-(2-ethoxyethoxy)-ethanolacetate,95,0.27125342
2-(2-ethoxyethoxy)-ethanolacetate,90,0.19605515
2-(2-ethoxyethoxy)-ethanolacetate,85,0.14045549
2-(2-ethoxyethoxy)-ethanolacetate,80,0.09971324
2-(2-ethoxyethoxy)-ethanolacetate,75,0.07012940
2-(2-ethoxyethoxy)-ethanolacetate,70,0.04884775
2-(2-ethoxyethoxy)-ethanolacetate,65,0.03368489
2-(2-ethoxyethoxy)-ethanolacetate,60,0.02298829
2-(2-ethoxyethoxy)-ethanolacetate,55,0.01551956
2-(2-ethoxyethoxy)-ethanolacetate,50,0.01036000
2-(2-ethoxyethoxy)-ethanolacetate,45,0.00683501
2-(2-ethoxyethoxy)-ethanolacetate,40,0.00445446
2-(2-ethoxyethoxy)-ethanolacetate,35,0.00286608
2-(2-ethoxyethoxy)-ethanolacetate,30,0.00181955
2-(2-ethoxyethoxy)-ethanolacetate,25,0.00113907
2-(2-methoxyethoxy)ethanol,160,18.28593064
2-(2-methoxyethoxy)ethanol,155,15.61883461
2-(2-methoxyethoxy)ethanol,150,13.18758568
2-(2-methoxyethoxy)ethanol,145,11.00202724
2-(2-methoxyethoxy)ethanol,140,9.06658942
2-(2-methoxyethoxy)ethanol,135,7.37927196
2-(2-methoxyethoxy)ethanol,130,5.93164884
2-(2-methoxyethoxy)ethanol,125,4.70970512
2-(2-methoxyethoxy)ethanol,120,3.69474827
2-(2-methoxyethoxy)ethanol,115,2.86484603
2-(2-methoxyethoxy)ethanol,110,2.19642128
2-(2-methoxyethoxy)ethanol,105,1.66573842
2-(2-methoxyethoxy)ethanol,100,1.25008667
2-(2-methoxyethoxy)ethanol,95,0.92866147
2-(2-methoxyethoxy)ethanol,90,0.68307742
2-(2-methoxyethoxy)ethanol,85,0.49756863
2-(2-methoxyethoxy)ethanol,80,0.35895996
2-(2-methoxyethoxy)ethanol,75,0.25647970
2-(2-methoxyethoxy)ethanol,70,0.18148666
2-(2-methoxyethoxy)ethanol,65,0.12716322
2-(2-methoxyethoxy)ethanol,60,0.08820964
2-(2-methoxyethoxy)ethanol,55,0.06056143
2-(2-methoxyethoxy)ethanol,50,0.04114026
2-(2-methoxyethoxy)ethanol,45,0.02764225
2-(2-methoxyethoxy)ethanol,40,0.01836286
2-(2-methoxyethoxy)ethanol,35,0.01205522
2-(2-methoxyethoxy)ethanol,30,0.00781749
2-(2-methoxyethoxy)ethanol,25,0.00500482
2-(2-propoxyethoxy)ethanol,160,7.61722697
2-(2-propoxyethoxy)ethanol,155,5.98469210
2-(2-propoxyethoxy)ethanol,150,4.64750739
2-(2-propoxyethoxy)ethanol,145,3.56894891
2-(2-propoxyethoxy)ethanol,140,2.71138306
2-(2-propoxyethoxy)ethanol,135,2.03859355
2-(2-propoxyethoxy)ethanol,130,1.51733956
2-(2-propoxyethoxy)ethanol,125,1.11823431
2-(2-propoxyethoxy)ethanol,120,0.81607430
2-(2-propoxyethoxy)ethanol,115,0.58977802
2-(2-propoxyethoxy)ethanol,110,0.42208005
2-(2-propoxyethoxy)ethanol,105,0.29909420
2-(2-propoxyethoxy)ethanol,100,0.20982928
2-(2-propoxyethoxy)ethanol,95,0.14570993
2-(2-propoxyethoxy)ethanol,90,0.10013423
2-(2-propoxyethoxy)ethanol,85,0.06808316
2-(2-propoxyethoxy)ethanol,80,0.04578719
2-(2-propoxyethoxy)ethanol,75,0.03044882
2-(2-propoxyethoxy)ethanol,70,0.02001645
2-(2-propoxyethoxy)ethanol,65,0.01300333
2-(2-propoxyethoxy)ethanol,60,0.00834503
2-(2-propoxyethoxy)ethanol,55,0.00528877
2-(2-propoxyethoxy)ethanol,50,0.00330884
2-(2-propoxyethoxy)ethanol,45,0.00204279
2-(2-propoxyethoxy)ethanol,40,0.00124401
2-(2-propoxyethoxy)ethanol,35,0.00074694
2-(2-propoxyethoxy)ethanol,30,0.00044199
2-(2-propoxyethoxy)ethanol,25,0.00025763
"n-(2-aminoethyl)-1,2-ethanediamine",160,27.91845155
"n-(2-aminoethyl)-1,2-ethanediamine",155,24.77508697
"n-(2-aminoethyl)-1,2-ethanediamine",150,21.74098663
"n-(2-aminoethyl)-1,2-ethanediamine",145,18.84372149
"n-(2-aminoethyl)-1,2-ethanediamine",140,16.11115554
"n-(2-aminoethyl)-1,2-ethanediamine",135,13.57086193
"n-(2-aminoethyl)-1,2-ethanediamine",130,11.24859353
"n-(2-aminoethyl)-1,2-ethanediamine",125,9.16571493
"n-(2-aminoethyl)-1,2-ethanediamine",120,7.33614842
"n-(2-aminoethyl)-1,2-ethanediamine",115,5.76525981
"n-(2-aminoethyl)-1,2-ethanediamine",110,4.44800704
"n-(2-aminoethyl)-1,2-ethanediamine",105,3.36986758
"n-(2-aminoethyl)-1,2-ethanediamine",100,2.50829517
"n-(2-aminoethyl)-1,2-ethanediamine",95,1.83549092
"n-(2-aminoethyl)-1,2-ethanediamine",90,1.32144342
"n-(2-aminoethyl)-1,2-ethanediamine",85,0.93662406
"n-(2-aminoethyl)-1,2-ethanediamine",80,0.65395967
"n-(2-aminoethyl)-1,2-ethanediamine",75,0.44997126
"n-(2-aminoethyl)-1,2-ethanediamine",70,0.30519101
"n-(2-aminoethyl)-1,2-ethanediamine",65,0.20405296
"n-(2-aminoethyl)-1,2-ethanediamine",60,0.13448120
"n-(2-aminoethyl)-1,2-ethanediamine",55,0.08734362
"n-(2-aminoethyl)-1,2-ethanediamine",50,0.05588614
"n-(2-aminoethyl)-1,2-ethanediamine",45,0.03521184
"n-(2-aminoethyl)-1,2-ethanediamine",40,0.02183516
"n-(2-aminoethyl)-1,2-ethanediamine",35,0.01331820
"n-(2-aminoethyl)-1,2-ethanediamine",30,0.00798484
"n-(2-aminoethyl)-1,2-ethanediamine",25,0.00470220
di-2-ethylhexylphthalate,160,1.26777507
di-2-ethylhexylphthalate,155,0.97891896
di-2-ethylhexylphthalate,150,0.75130446
di-2-ethylhexylphthalate,145,0.57299693
di-2-ethylhexylphthalate,140,0.43416346
di-2-ethylhexylphthalate,135,0.32674677
di-2-ethylhexylphthalate,130,0.24418205
di-2-ethylhexylphthalate,125,0.18115178
di-2-ethylhexylphthalate,120,0.13337494
di-2-ethylhexylphthalate,115,0.09742695
di-2-ethylhexylphthalate,110,0.07058643
di-2-ethylhexylphthalate,105,0.05070583
di-2-ethylhexylphthalate,100,0.03610265
di-2-ethylhexylphthalate,95,0.02546872
di-2-ethylhexylphthalate,90,0.01779491
di-2-ethylhexylphthalate,85,0.01230921
di-2-ethylhexylphthalate,80,0.00842609
di-2-ethylhexylphthalate,75,0.00570542
di-2-ethylhexylphthalate,70,0.00381952
di-2-ethylhexylphthalate,65,0.00252681
di-2-ethylhexylphthalate,60,0.00165101
di-2-ethylhexylphthalate,55,0.00106486
di-2-ethylhexylphthalate,50,0.00067755
di-2-ethylhexylphthalate,45,0.00042503
di-2-ethylhexylphthalate,40,0.00026269
di-2-ethylhexylphthalate,35,0.00015984
di-2-ethylhexylphthalate,30,0.00009569
di-2-ethylhexylphthalate,25,0.00005630
di-n-hexylether,160,0.74167835
di-n-hexylether,155,0.55573990
di-n-hexylether,150,0.41380684
di-n-hexylether,145,0.30608283
di-n-hexylether,140,0.22482492
di-n-hexylether,135,0.16393255
di-n-hexylether,130,0.11861871
di-n-hexylether,125,0.08514508
di-n-hexylether,120,0.06060853
di-n-hexylether,115,0.04276834
di-n-hexylether,110,0.02990667
di-n-hexylether,105,0.02071613
di-n-hexylether,100,0.01420943
di-n-hexylether,95,0.00964711
di-n-hexylether,90,0.00648021
di-n-hexylether,85,0.00430490
di-n-hexylether,80,0.00282696
di-n-hexylether,75,0.00183422
di-n-hexylether,70,0.00117527
di-n-hexylether,65,0.00074328
di-n-hexylether,60,0.00046371
di-n-hexylether,55,0.00028522
di-n-hexylether,50,0.00017285
di-n-hexylether,45,0.00010314
di-n-hexylether,40,0.00006056
di-n-hexylether,35,0.00003496
di-n-hexylether,30,0.00001983
di-n-hexylether,25,0.00001104
dihexylphthalate,160,1.70008735
dihexylphthalate,155,1.31603017
dihexylphthalate,150,1.01238239
dihexylphthalate,145,0.77380396
dihexylphthalate,140,0.58754320
dihexylphthalate,135,0.44307593
dihexylphthalate,130,0.33177635
dihexylphthalate,125,0.24662306
dihexylphthalate,120,0.18193977
dihexylphthalate,115,0.13316948
dihexylphthalate,110,0.09667961
dihexylphthalate,105,0.06959538
dihexylphthalate,100,0.04965873
dihexylphthalate,95,0.03510964
dihexylphthalate,90,0.02458726
dihexylphthalate,85,0.01704804
dihexylphthalate,80,0.01169871
dihexylphthalate,75,0.00794160
dihexylphthalate,70,0.00533066
dihexylphthalate,65,0.00353623
dihexylphthalate,60,0.00231718
dihexylphthalate,55,0.00149898
dihexylphthalate,50,0.00095674
dihexylphthalate,45,0.00060211
dihexylphthalate,40,0.00037338
dihexylphthalate,35,0.00022799
dihexylphthalate,30,0.00013698
dihexylphthalate,25,0.00008091
"2,3-dihydropyran",160,27.20396541
"2,3-dihydropyran",155,23.77500142
"2,3-dihydropyran",150,20.51102855
"2,3-dihydropyran",145,17.44917187
"2,3-dihydropyran",140,14.62435291
"2,3-dihydropyran",135,12.06550853
"2,3-dihydropyran",130,9.79336308
"2,3-dihydropyran",125,7.81839552
"2,3-dihydropyran",120,6.13907035
"2,3-dihydropyran",115,4.74260056
"2,3-dihydropyran",110,3.60649125
"2,3-dihydropyran",105,2.70143156
"2,3-dihydropyran",100,1.99458983
"2,3-dihydropyran",95,1.45265433
"2,3-dihydropyran",90,1.04418632
"2,3-dihydropyran",85,0.74114365
"2,3-dihydropyran",80,0.51960329
"2,3-dihydropyran",75,0.35987993
"2,3-dihydropyran",70,0.24624571
"2,3-dihydropyran",65,0.16644011
"2,3-dihydropyran",60,0.11110380
"2,3-dihydropyran",55,0.07322200
"2,3-dihydropyran",50,0.04762316
"2,3-dihydropyran",45,0.03055255
"2,3-dihydropyran",40,0.01932360
"2,3-dihydropyran",35,0.01204122
"2,3-dihydropyran",30,0.00738753
"2,3-dihydropyran",25,0.00445914
rhodiasolv-dib1_cas_141_04_8,160,2.94632350
rhodiasolv-dib1_cas_141_04_8,155,2.30280957
rhodiasolv-dib1_cas_141_04_8,150,1.78768643
rhodiasolv-dib1_cas_141_04_8,145,1.37838075
rhodiasolv-dib1_cas_141_04_8,140,1.05551518
rhodiasolv-dib1_cas_141_04_8,135,0.80266681
rhodiasolv-dib1_cas_141_04_8,130,0.60607456
rhodiasolv-dib1_cas_141_04_8,125,0.45432684
rhodiasolv-dib1_cas_141_04_8,120,0.33805092
rhodiasolv-dib1_cas_141_04_8,115,0.24961800
rhodiasolv-dib1_cas_141_04_8,110,0.18287226
rhodiasolv-dib1_cas_141_04_8,105,0.13288804
rhodiasolv-dib1_cas_141_04_8,100,0.09575650
rhodiasolv-dib1_cas_141_04_8,95,0.06840115
rhodiasolv-dib1_cas_141_04_8,90,0.04842062
rhodiasolv-dib1_cas_141_04_8,85,0.03395612
rhodiasolv-dib1_cas_141_04_8,80,0.02358121
rhodiasolv-dib1_cas_141_04_8,75,0.01621076
rhodiasolv-dib1_cas_141_04_8,70,0.01102678
rhodiasolv-dib1_cas_141_04_8,65,0.00741838
rhodiasolv-dib1_cas_141_04_8,60,0.00493379
rhodiasolv-dib1_cas_141_04_8,55,0.00324225
rhodiasolv-dib1_cas_141_04_8,50,0.00210416
rhodiasolv-dib1_cas_141_04_8,45,0.00134781
rhodiasolv-dib1_cas_141_04_8,40,0.00085162
rhodiasolv-dib1_cas_141_04_8,35,0.00053045
rhodiasolv-dib1_cas_141_04_8,30,0.00032549
rhodiasolv-dib1_cas_141_04_8,25,0.00019662
diisopropylamine,160,10.64362209
diisopropylamine,155,8.50169622
diisopropylamine,150,6.71373560
diisopropylamine,145,5.24402625
diisopropylamine,140,4.05319743
diisopropylamine,135,3.10123107
diisopropylamine,130,2.34972691
diisopropylamine,125,1.76343382
diisopropylamine,120,1.31110257
diisopropylamine,115,0.96581173
diisopropylamine,110,0.70491334
diisopropylamine,105,0.50973452
diisopropylamine,100,0.36514581
diisopropylamine,95,0.25907475
diisopropylamine,90,0.18201997
diisopropylamine,85,0.12659751
diisopropylamine,80,0.08713659
diisopropylamine,75,0.05933130
diisopropylamine,70,0.03994811
diisopropylamine,65,0.02658532
diisopropylamine,60,0.01747869
diisopropylamine,55,0.01134668
diisopropylamine,50,0.00726902
diisopropylamine,45,0.00459270
diisopropylamine,40,0.00285999
diisopropylamine,35,0.00175415
diisopropylamine,30,0.00105890
diisopropylamine,25,0.00062862
4-methylene-2-oxetanone,160,17.08175377
4-methylene-2-oxetanone,155,13.75473097
4-methylene-2-oxetanone,150,10.87553618
4-methylene-2-oxetanone,145,8.45137621
4-methylene-2-oxetanone,140,6.46241334
4-methylene-2-oxetanone,135,4.86858104
4-methylene-2-oxetanone,130,3.61804008
4-methylene-2-oxetanone,125,2.65498927
4-methylene-2-oxetanone,120,1.92546451
4-methylene-2-oxetanone,115,1.38089627
4-methylene-2-oxetanone,110,0.97975817
4-methylene-2-oxetanone,105,0.68787404
4-methylene-2-oxetanone,100,0.47792946
4-methylene-2-oxetanone,95,0.32859487
4-methylene-2-oxetanone,90,0.22352800
4-methylene-2-oxetanone,85,0.15040861
4-methylene-2-oxetanone,80,0.10008026
4-methylene-2-oxetanone,75,0.06582628
4-methylene-2-oxetanone,70,0.04278032
4-methylene-2-oxetanone,65,0.02745883
4-methylene-2-oxetanone,60,0.01739783
4-methylene-2-oxetanone,55,0.01087547
4-methylene-2-oxetanone,50,0.00670331
4-methylene-2-oxetanone,45,0.00407146
4-methylene-2-oxetanone,40,0.00243525
4-methylene-2-oxetanone,35,0.00143339
4-methylene-2-oxetanone,30,0.00082964
4-methylene-2-oxetanone,25,0.00047182
dimethoxymethane,160,33.77100621
dimethoxymethane,155,30.39460701
dimethoxymethane,150,27.09276716
dimethoxymethane,145,23.89281060
dimethoxymethane,140,20.82397706
dimethoxymethane,135,17.91710275
dimethoxymethane,130,15.20206429
dimethoxymethane,125,12.70667760
dimethoxymethane,120,10.45383800
dimethoxymethane,115,8.45954047
dimethoxymethane,110,6.73092656
dimethoxymethane,105,5.26542317
dimethoxymethane,100,4.05058914
dimethoxymethane,95,3.06579943
dimethoxymethane,90,2.28454891
dimethoxymethane,85,1.67730406
dimethoxymethane,80,1.21423198
dimethoxymethane,75,0.86727503
dimethoxymethane,70,0.61151779
dimethoxymethane,65,0.42581665
dimethoxymethane,60,0.29288251
dimethoxymethane,55,0.19899936
dimethoxymethane,50,0.13355736
dimethoxymethane,45,0.08852368
dimethoxymethane,40,0.05792933
dimethoxymethane,35,0.03741252
dimethoxymethane,30,0.02383481
dimethoxymethane,25,0.01497091
dimethylisosorbide,160,6.97186102
dimethylisosorbide,155,5.56501706
dimethylisosorbide,150,4.40054193
dimethylisosorbide,145,3.44830117
dimethylisosorbide,140,2.67848965
dimethylisosorbide,135,2.06286057
dimethylisosorbide,130,1.57554814
dimethylisosorbide,125,1.19354285
dimethylisosorbide,120,0.89686316
dimethylisosorbide,115,0.66851090
dimethylisosorbide,110,0.49428036
dimethylisosorbide,105,0.36248238
dimethylisosorbide,100,0.26362989
dimethylisosorbide,95,0.19011805
dimethylisosorbide,90,0.13591972
dimethylisosorbide,85,0.09630872
dimethylisosorbide,80,0.06761633
dimethylisosorbide,75,0.04702247
dimethylisosorbide,70,0.03238015
dimethylisosorbide,65,0.02207042
dimethylisosorbide,60,0.01488424
dimethylisosorbide,55,0.00992750
dimethylisosorbide,50,0.00654562
dimethylisosorbide,45,0.00426428
dimethylisosorbide,40,0.00274345
dimethylisosorbide,35,0.00174206
dimethylisosorbide,30,0.00109114
dimethylisosorbide,25,0.00067372
2-butyne,160,45.75082298
2-butyne,155,42.34102730
2-butyne,150,38.88503349
2-butyne,145,35.40230970
2-butyne,140,31.91674798
2-butyne,135,28.45587788
2-butyne,130,25.05528791
2-butyne,125,21.75431045
2-butyne,120,18.59544394
2-butyne,115,15.62448568
2-butyne,110,12.88529812
2-butyne,105,10.41668908
2-butyne,100,8.24743032
2-butyne,95,6.39244384
2-butyne,90,4.85068248
2-butyne,85,3.60537128
2-butyne,80,2.62716720
2-butyne,75,1.87876974
2-butyne,70,1.32000430
2-butyne,65,0.91203655
2-butyne,60,0.62017799
2-butyne,55,0.41525412
2-butyne,50,0.27385751
2-butyne,45,0.17789677
2-butyne,40,0.11380871
2-butyne,35,0.07168073
2-butyne,30,0.04442628
2-butyne,25,0.02707847
dimethyl_adipate,160,6.84201586
dimethyl_adipate,155,5.44982388
dimethyl_adipate,150,4.30015630
dimethyl_adipate,145,3.36223756
dimethyl_adipate,140,2.60579806
dimethyl_adipate,135,2.00228622
dimethyl_adipate,130,1.52568859
dimethyl_adipate,125,1.15296291
dimethyl_adipate,120,0.86417865
dimethyl_adipate,115,0.64244208
dimethyl_adipate,110,0.47368109
dimethyl_adipate,105,0.34635111
dimethyl_adipate,100,0.25110887
dimethyl_adipate,95,0.18048457
dimethyl_adipate,90,0.12857338
dimethyl_adipate,85,0.09075690
dimethyl_adipate,80,0.06345935
dimethyl_adipate,75,0.04393949
dimethyl_adipate,70,0.03011619
dimethyl_adipate,65,0.02042492
dimethyl_adipate,60,0.01370099
dimethyl_adipate,55,0.00908611
dimethyl_adipate,50,0.00595426
dimethyl_adipate,45,0.00385370
dimethyl_adipate,40,0.00246200
dimethyl_adipate,35,0.00155168
dimethyl_adipate,30,0.00096416
dimethyl_adipate,25,0.00059026
dimethylamine,160,55.52608622
dimethylamine,155,52.61831184
dimethylamine,150,49.61822616
dimethylamine,145,46.52978145
dimethylamine,140,43.35673920
dimethylamine,135,40.10449268
dimethylamine,130,36.78427819
dimethylamine,125,33.41238499
dimethylamine,120,30.00713035
dimethylamine,115,26.59591020
dimethylamine,110,23.21393990
dimethylamine,105,19.90570119
dimethylamine,100,16.72194706
dimethylamine,95,13.72311961
dimethylamine,90,10.97032192
dimethylamine,85,8.52121168
dimethylamine,80,6.41951097
dimethylamine,75,4.68662370
dimethylamine,70,3.31680794
dimethylamine,65,2.27856935
dimethylamine,60,1.52246968
dimethylamine,55,0.99156059
dimethylamine,50,0.63070303
dimethylamine,45,0.39239563
dimethylamine,40,0.23902812
dimethylamine,35,0.14263200
dimethylamine,30,0.08338028
dimethylamine,25,0.04773959
dimethylcarbonate,160,21.57191466
dimethylcarbonate,155,18.29558765
dimethylcarbonate,150,15.29036723
dimethylcarbonate,145,12.58504142
dimethylcarbonate,140,10.19812019
dimethylcarbonate,135,8.13545385
dimethylcarbonate,130,6.39032508
dimethylcarbonate,125,4.94461768
dimethylcarbonate,120,3.77113020
dimethylcarbonate,115,2.83689471
dimethylcarbonate,110,2.10651220
dimethylcarbonate,105,1.54500103
dimethylcarbonate,100,1.11993603
dimethylcarbonate,95,0.80270984
dimethylcarbonate,90,0.56907422
dimethylcarbonate,85,0.39912667
dimethylcarbonate,80,0.27696018
dimethylcarbonate,75,0.19014033
dimethylcarbonate,70,0.12912951
dimethylcarbonate,65,0.08673203
dimethylcarbonate,60,0.05759886
dimethylcarbonate,55,0.03780765
dimethylcarbonate,50,0.02451909
dimethylcarbonate,45,0.01570343
dimethylcarbonate,40,0.00992743
dimethylcarbonate,35,0.00619155
dimethylcarbonate,30,0.00380743
dimethylcarbonate,25,0.00230709
"1,2-dimethoxyethane",160,30.86457885
"1,2-dimethoxyethane",155,27.75498307
"1,2-dimethoxyethane",150,24.74372852
"1,2-dimethoxyethane",145,21.85117094
"1,2-dimethoxyethane",140,19.09814776
"1,2-dimethoxyethane",135,16.50594939
"1,2-dimethoxyethane",130,14.09432190
"1,2-dimethoxyethane",125,11.88113648
"1,2-dimethoxyethane",120,9.88035136
"1,2-dimethoxyethane",115,8.10105423
"1,2-dimethoxyethane",110,6.54627140
"1,2-dimethoxyethane",105,5.21277143
"1,2-dimethoxyethane",100,4.09061146
"1,2-dimethoxyethane",95,3.16421425
"1,2-dimethoxyethane",90,2.41372269
"1,2-dimethoxyethane",85,1.81667586
"1,2-dimethoxyethane",80,1.34982154
"1,2-dimethoxyethane",75,0.99064151
"1,2-dimethoxyethane",70,0.71845457
"1,2-dimethoxyethane",65,0.51509171
"1,2-dimethoxyethane",60,0.36515893
"1,2-dimethoxyethane",55,0.25600644
"1,2-dimethoxyethane",50,0.17750145
"1,2-dimethoxyethane",45,0.12170265
"1,2-dimethoxyethane",40,0.08250297
"1,2-dimethoxyethane",35,0.05528387
"1,2-dimethoxyethane",30,0.03660516
"1,2-dimethoxyethane",25,0.02394023
dimethyldisulfide,160,33.26408902
dimethyldisulfide,155,30.35157231
dimethyldisulfide,150,27.50378941
dimethyldisulfide,145,24.73374756
dimethyldisulfide,140,22.05568752
dimethyldisulfide,135,19.48277682
dimethyldisulfide,130,17.03191661
dimethyldisulfide,125,14.71952615
dimethyldisulfide,120,12.56126812
dimethyldisulfide,115,10.57283191
dimethyldisulfide,110,8.76763255
dimethyldisulfide,105,7.15633086
dimethyldisulfide,100,5.74453656
dimethyldisulfide,95,4.53244915
dimethyldisulfide,90,3.51417329
dimethyldisulfide,85,2.67756952
dimethyldisulfide,80,2.00552540
dimethyldisulfide,75,1.47743779
dimethyldisulfide,70,1.07114811
dimethyldisulfide,65,0.76474489
dimethyldisulfide,60,0.53795415
dimethyldisulfide,55,0.37300446
dimethyldisulfide,50,0.25499446
dimethyldisulfide,45,0.17188209
dimethyldisulfide,40,0.11422932
dimethyldisulfide,35,0.07482896
dimethyldisulfide,30,0.04829983
dimethyldisulfide,25,0.03070374
2-(dimethylamino)-ethanol,160,28.22322947
2-(dimethylamino)-ethanol,155,25.02799448
2-(dimethylamino)-ethanol,150,21.96924113
2-(dimethylamino)-ethanol,145,19.07172243
2-(dimethylamino)-ethanol,140,16.35962246
2-(dimethylamino)-ethanol,135,13.85508245
2-(dimethylamino)-ethanol,130,11.57636578
2-(dimethylamino)-ethanol,125,9.53659621
2-(dimethylamino)-ethanol,120,7.74232096
2-(dimethylamino)-ethanol,115,6.19313735
2-(dimethylamino)-ethanol,110,4.88090551
2-(dimethylamino)-ethanol,105,3.79072405
2-(dimethylamino)-ethanol,100,2.90226642
2-(dimethylamino)-ethanol,95,2.19155902
2-(dimethylamino)-ethanol,90,1.63305420
2-(dimethylamino)-ethanol,85,1.20146020
2-(dimethylamino)-ethanol,80,0.87313723
2-(dimethylamino)-ethanol,75,0.62702345
2-(dimethylamino)-ethanol,70,0.44506872
2-(dimethylamino)-ethanol,65,0.31230221
2-(dimethylamino)-ethanol,60,0.21664035
2-(dimethylamino)-ethanol,55,0.14855381
2-(dimethylamino)-ethanol,50,0.10067667
2-(dimethylamino)-ethanol,45,0.06741490
2-(dimethylamino)-ethanol,40,0.04458738
2-(dimethylamino)-ethanol,35,0.02911475
2-(dimethylamino)-ethanol,30,0.01876063
2-(dimethylamino)-ethanol,25,0.01192277
dimethylether,160,55.36716440
dimethylether,155,52.60964059
dimethylether,150,49.79506994
dimethylether,145,46.93006657
dimethylether,140,44.01648778
dimethylether,135,41.06433540
dimethylether,130,38.08325781
dimethylether,125,35.08231618
dimethylether,120,32.07584476
dimethylether,115,29.07968104
dimethylether,110,26.11181611
dimethylether,105,23.19534587
dimethylether,100,20.35344842
dimethylether,95,17.61668823
dimethylether,90,15.01319621
dimethylether,85,12.57641106
dimethylether,80,10.33726697
dimethylether,75,8.32395994
dimethylether,70,6.55759012
dimethylether,65,5.04996482
dimethylether,60,3.80035662
dimethylether,55,2.79571506
dimethylether,50,2.01211657
dimethylether,45,1.41848179
dimethylether,40,0.98080252
dimethylether,35,0.66600958
dimethylether,30,0.44462034
dimethylether,25,0.29205090
dimethylformamide,160,39.83106639
dimethylformamide,155,36.94702609
dimethylformamide,150,34.10709517
dimethylformamide,145,31.31764783
dimethylformamide,140,28.59092222
dimethylformamide,135,25.93725541
dimethylformamide,130,23.36647481
dimethylformamide,125,20.89048601
dimethylformamide,120,18.52086789
dimethylformamide,115,16.26926947
dimethylformamide,110,14.14751849
dimethylformamide,105,12.16783596
dimethylformamide,100,10.34035522
dimethylformamide,95,8.67456551
dimethylformamide,90,7.17738722
dimethylformamide,85,5.85300758
dimethylformamide,80,4.70138165
dimethylformamide,75,3.71832580
dimethylformamide,70,2.89538691
dimethylformamide,65,2.21999362
dimethylformamide,60,1.67661124
dimethylformamide,55,1.24783628
dimethylformamide,50,0.91572590
dimethylformamide,45,0.66296914
dimethylformamide,40,0.47375307
dimethylformamide,35,0.33427649
dimethylformamide,30,0.23295010
dimethylformamide,25,0.16035057
pentanedioicaciddimethylester,160,6.61739193
pentanedioicaciddimethylester,155,5.23197815
pentanedioicaciddimethylester,150,4.09817532
pentanedioicaciddimethylester,145,3.18136712
pentanedioicaciddimethylester,140,2.44830587
pentanedioicaciddimethylester,135,1.86831343
pentanedioicaciddimethylester,130,1.41397225
pentanedioicaciddimethylester,125,1.06141509
pentanedioicaciddimethylester,120,0.79031692
pentanedioicaciddimethylester,115,0.58368870
pentanedioicaciddimethylester,110,0.42755698
pentanedioicaciddimethylester,105,0.31058930
pentanedioicaciddimethylester,100,0.22371048
pentanedioicaciddimethylester,95,0.15973628
pentanedioicaciddimethylester,90,0.11304001
pentanedioicaciddimethylester,85,0.07925955
pentanedioicaciddimethylester,80,0.05504622
pentanedioicaciddimethylester,75,0.03785406
pentanedioicaciddimethylester,70,0.02576599
pentanedioicaciddimethylester,65,0.01735235
pentanedioicaciddimethylester,60,0.01155745
pentanedioicaciddimethylester,55,0.00760959
pentanedioicaciddimethylester,50,0.00495046
pentanedioicaciddimethylester,45,0.00318048
pentanedioicaciddimethylester,40,0.00201679
pentanedioicaciddimethylester,35,0.00126154
pentanedioicaciddimethylester,30,0.00077794
pentanedioicaciddimethylester,25,0.00047261
2-methyl-1-propen-1-one(dimethylketene),160,27.05933150
2-methyl-1-propen-1-one(dimethylketene),155,23.19202177
2-methyl-1-propen-1-one(dimethylketene),150,19.55662550
2-methyl-1-propen-1-one(dimethylketene),145,16.21167319
2-methyl-1-propen-1-one(dimethylketene),140,13.20485330
2-methyl-1-propen-1-one(dimethylketene),135,10.56710162
2-methyl-1-propen-1-one(dimethylketene),130,8.31008130
2-methyl-1-propen-1-one(dimethylketene),125,6.42579837
2-methyl-1-propen-1-one(dimethylketene),120,4.88946447
2-methyl-1-propen-1-one(dimethylketene),115,3.66433546
2-methyl-1-propen-1-one(dimethylketene),110,2.70718565
2-methyl-1-propen-1-one(dimethylketene),105,1.97325042
2-methyl-1-propen-1-one(dimethylketene),100,1.41997395
2-methyl-1-propen-1-one(dimethylketene),95,1.00932840
2-methyl-1-propen-1-one(dimethylketene),90,0.70889805
2-methyl-1-propen-1-one(dimethylketene),85,0.49204865
2-methyl-1-propen-1-one(dimethylketene),80,0.33753170
2-methyl-1-propen-1-one(dimethylketene),75,0.22880005
2-methyl-1-propen-1-one(dimethylketene),70,0.15322761
2-methyl-1-propen-1-one(dimethylketene),65,0.10134913
2-methyl-1-propen-1-one(dimethylketene),60,0.06618081
2-methyl-1-propen-1-one(dimethylketene),55,0.04264509
2-methyl-1-propen-1-one(dimethylketene),50,0.02710184
2-methyl-1-propen-1-one(dimethylketene),45,0.01697709
2-methyl-1-propen-1-one(dimethylketene),40,0.01047563
2-methyl-1-propen-1-one(dimethylketene),35,0.00636272
2-methyl-1-propen-1-one(dimethylketene),30,0.00380121
2-methyl-1-propen-1-one(dimethylketene),25,0.00223183
dimethylmaleate,160,5.45787668
dimethylmaleate,155,4.21366995
dimethylmaleate,150,3.22456844
dimethylmaleate,145,2.44681851
dimethylmaleate,140,1.84140102
dimethylmaleate,135,1.37456857
dimethylmaleate,130,1.01782649
dimethylmaleate,125,0.74757791
dimethylmaleate,120,0.54459472
dimethylmaleate,115,0.39342363
dimethylmaleate,110,0.28179511
dimethylmaleate,105,0.20007430
dimethylmaleate,100,0.14077249
dimethylmaleate,95,0.09812578
dimethylmaleate,90,0.06774000
dimethylmaleate,85,0.04629671
dimethylmaleate,80,0.03131358
dimethylmaleate,75,0.02095157
dimethylmaleate,70,0.01386163
dimethylmaleate,65,0.00906413
dimethylmaleate,60,0.00585520
dimethylmaleate,55,0.00373453
dimethylmaleate,50,0.00235056
dimethylmaleate,45,0.00145914
dimethylmaleate,40,0.00089278
dimethylmaleate,35,0.00053806
dimethylmaleate,30,0.00031920
dimethylmaleate,25,0.00018625
dimethylphthalate,160,5.59762943
dimethylphthalate,155,4.41504921
dimethylphthalate,150,3.45083548
dimethylphthalate,145,2.67355371
dimethylphthalate,140,2.05364851
dimethylphthalate,135,1.56425150
dimethylphthalate,130,1.18160913
dimethylphthalate,125,0.88520593
dimethylphthalate,120,0.65767063
dimethylphthalate,115,0.48454290
dimethylphthalate,110,0.35396418
dimethylphthalate,105,0.25633784
dimethylphthalate,100,0.18399104
dimethylphthalate,95,0.13085737
dimethylphthalate,90,0.09219095
dimethylphthalate,85,0.06431658
dimethylphthalate,80,0.04441645
dimethylphthalate,75,0.03035141
dimethylphthalate,70,0.02051360
dimethylphthalate,65,0.01370672
dimethylphthalate,60,0.00904981
dimethylphthalate,55,0.00590109
dimethylphthalate,50,0.00379811
dimethylphthalate,45,0.00241149
dimethylphthalate,40,0.00150942
dimethylphthalate,35,0.00093078
dimethylphthalate,30,0.00056504
dimethylphthalate,25,0.00033743
dimethylsuccinate,160,6.60436289
dimethylsuccinate,155,5.17168448
dimethylsuccinate,150,4.01115153
dimethylsuccinate,145,3.08266358
dimethylsuccinate,140,2.34828834
dimethylsuccinate,135,1.77359961
dimethylsuccinate,130,1.32834963
dimethylsuccinate,125,0.98664501
dimethylsuccinate,120,0.72678961
dimethylsuccinate,115,0.53092726
dimethylsuccinate,110,0.38458662
dimethylsuccinate,105,0.27619672
dimethylsuccinate,100,0.19661702
dimethylsuccinate,95,0.13870682
dimethylsuccinate,90,0.09694583
dimethylsuccinate,85,0.06710911
dimethylsuccinate,80,0.04599473
dimethylsuccinate,75,0.03119965
dimethylsuccinate,70,0.02093799
dimethylsuccinate,65,0.01389571
dimethylsuccinate,60,0.00911572
dimethylsuccinate,55,0.00590823
dimethylsuccinate,50,0.00378146
dimethylsuccinate,45,0.00238870
dimethylsuccinate,40,0.00148839
dimethylsuccinate,35,0.00091423
dimethylsuccinate,30,0.00055323
dimethylsuccinate,25,0.00032958
dimethylsulfate,160,8.00233606
dimethylsulfate,155,6.14667549
dimethylsulfate,150,4.66349318
dimethylsulfate,145,3.49840003
dimethylsulfate,140,2.59690634
dimethylsulfate,135,1.90860079
dimethylsulfate,130,1.38931344
dimethylsulfate,125,1.00182156
dimethylsulfate,120,0.71565247
dimethylsulfate,115,0.50641059
dimethylsulfate,110,0.35491111
dimethylsulfate,105,0.24629104
dimethylsulfate,100,0.16918446
dimethylsulfate,95,0.11500184
dimethylsulfate,90,0.07732386
dimethylsulfate,85,0.05140472
dimethylsulfate,80,0.03377343
dimethylsulfate,75,0.02191889
dimethylsulfate,70,0.01404456
dimethylsulfate,65,0.00887985
dimethylsulfate,60,0.00553680
dimethylsulfate,55,0.00340252
dimethylsulfate,50,0.00205944
dimethylsulfate,45,0.00122689
dimethylsulfate,40,0.00071887
dimethylsulfate,35,0.00041396
dimethylsulfate,30,0.00023408
dimethylsulfate,25,0.00012986
dimethylsulfide,160,46.23050773
dimethylsulfide,155,43.27883506
dimethylsulfide,150,40.30864370
dimethylsulfide,145,37.32942109
dimethylsulfide,140,34.35354693
dimethylsulfide,135,31.39119691
dimethylsulfide,130,28.45755666
dimethylsulfide,125,25.56763864
dimethylsulfide,120,22.74214344
dimethylsulfide,115,20.00166492
dimethylsulfide,110,17.36951282
dimethylsulfide,105,14.87111292
dimethylsulfide,100,12.53277849
dimethylsulfide,95,10.38068296
dimethylsulfide,90,8.43758738
dimethylsulfide,85,6.72192726
dimethylsulfide,80,5.24380600
dimethylsulfide,75,4.00380936
dimethylsulfide,70,2.99223805
dimethylsulfide,65,2.18991074
dimethylsulfide,60,1.57083202
dimethylsulfide,55,1.10546048
dimethylsulfide,50,0.76402567
dimethylsulfide,45,0.51905108
dimethylsulfide,40,0.34685150
dimethylsulfide,35,0.22808304
dimethylsulfide,30,0.14761629
dimethylsulfide,25,0.09402479
dimethylsulfone,160,0.04995006
dimethylsulfone,155,0.03698662
dimethylsulfone,150,0.02726811
dimethylsulfone,145,0.02001396
dimethylsulfone,140,0.01462335
dimethylsulfone,135,0.01063573
dimethylsulfone,130,0.00769957
dimethylsulfone,125,0.00554776
dimethylsulfone,120,0.00397829
dimethylsulfone,115,0.00283909
dimethylsulfone,110,0.00201624
dimethylsulfone,105,0.00142483
dimethylsulfone,100,0.00100189
dimethylsulfone,95,0.00070096
dimethylsulfone,90,0.00048794
dimethylsulfone,85,0.00033792
dimethylsulfone,80,0.00023282
dimethylsulfone,75,0.00015957
dimethylsulfone,70,0.00010880
dimethylsulfone,65,0.00007378
dimethylsulfone,60,0.00004977
dimethylsulfone,55,0.00003340
dimethylsulfone,50,0.00002228
dimethylsulfone,45,0.00001479
dimethylsulfone,40,0.00000976
dimethylsulfone,35,0.00000640
dimethylsulfone,30,0.00000418
dimethylsulfone,25,0.00000271
dimethylsulfoxide,160,24.69679228
dimethylsulfoxide,155,22.09077936
dimethylsulfoxide,150,19.64976552
dimethylsulfoxide,145,17.37223841
dimethylsulfoxide,140,15.25619905
dimethylsulfoxide,135,13.29994861
dimethylsulfoxide,130,11.50223789
dimethylsulfoxide,125,9.86127996
dimethylsulfoxide,120,8.37524572
dimethylsulfoxide,115,7.04151497
dimethylsulfoxide,110,5.85670576
dimethylsulfoxide,105,4.81636770
dimethylsulfoxide,100,3.91435604
dimethylsulfoxide,95,3.14288471
dimethylsulfoxide,90,2.49262911
dimethylsulfoxide,85,1.95269270
dimethylsulfoxide,80,1.51117628
dimethylsulfoxide,75,1.15559498
dimethylsulfoxide,70,0.87345101
dimethylsulfoxide,65,0.65276883
dimethylsulfoxide,60,0.48251568
dimethylsulfoxide,55,0.35287208
dimethylsulfoxide,50,0.25537042
dimethylsulfoxide,45,0.18290686
dimethylsulfoxide,40,0.12966294
dimethylsulfoxide,35,0.09097260
dimethylsulfoxide,30,0.06316259
dimethylsulfoxide,25,0.04338854
hexanedioicacid-dioctylester,160,0.90070753
hexanedioicacid-dioctylester,155,0.69052315
hexanedioicacid-dioctylester,150,0.52621932
hexanedioicacid-dioctylester,145,0.39850840
hexanedioicacid-dioctylester,140,0.29983102
hexanedioicacid-dioctylester,135,0.22406168
hexanedioicacid-dioctylester,130,0.16626129
hexanedioicacid-dioctylester,125,0.12246848
hexanedioicacid-dioctylester,120,0.08952411
hexanedioicacid-dioctylester,115,0.06492419
hexanedioicacid-dioctylester,110,0.04669679
hexanedioicacid-dioctylester,105,0.03329958
hexanedioicacid-dioctylester,100,0.02353492
hexanedioicacid-dioctylester,95,0.01647984
hexanedioicacid-dioctylester,90,0.01142868
hexanedioicacid-dioctylester,85,0.00784639
hexanedioicacid-dioctylester,80,0.00533083
hexanedioicacid-dioctylester,75,0.00358245
hexanedioicacid-dioctylester,70,0.00238027
hexanedioicacid-dioctylester,65,0.00156286
hexanedioicacid-dioctylester,60,0.00101354
hexanedioicacid-dioctylester,55,0.00064886
hexanedioicacid-dioctylester,50,0.00040983
hexanedioicacid-dioctylester,45,0.00025523
hexanedioicacid-dioctylester,40,0.00015662
hexanedioicacid-dioctylester,35,0.00009464
hexanedioicacid-dioctylester,30,0.00005627
hexanedioicacid-dioctylester,25,0.00003290
dipentene,160,3.24588710
dipentene,155,2.46354069
dipentene,150,1.85743773
dipentene,145,1.39096647
dipentene,140,1.03434531
dipentene,135,0.76356286
dipentene,130,0.55940541
dipentene,125,0.40660622
dipentene,120,0.29311734
dipentene,115,0.20949632
dipentene,110,0.14839470
dipentene,105,0.10413574
dipentene,100,0.07236777
dipentene,95,0.04978181
dipentene,90,0.03388314
dipentene,85,0.02280772
dipentene,80,0.01517582
dipentene,75,0.00997633
dipentene,70,0.00647592
dipentene,65,0.00414853
dipentene,60,0.00262111
dipentene,55,0.00163228
dipentene,50,0.00100121
dipentene,45,0.00060445
dipentene,40,0.00035890
dipentene,35,0.00020941
dipentene,30,0.00011997
dipentene,25,0.00006741
"1,1'-(1,2-ethynediyl)bisbenzene",160,10.19961205
"1,1'-(1,2-ethynediyl)bisbenzene",155,8.37753236
"1,1'-(1,2-ethynediyl)bisbenzene",150,6.80483094
"1,1'-(1,2-ethynediyl)bisbenzene",145,5.46670171
"1,1'-(1,2-ethynediyl)bisbenzene",140,4.34421778
"1,1'-(1,2-ethynediyl)bisbenzene",135,3.41565847
"1,1'-(1,2-ethynediyl)bisbenzene",130,2.65781121
"1,1'-(1,2-ethynediyl)bisbenzene",125,2.04725834
"1,1'-(1,2-ethynediyl)bisbenzene",120,1.56142445
"1,1'-(1,2-ethynediyl)bisbenzene",115,1.17937656
"1,1'-(1,2-ethynediyl)bisbenzene",110,0.88231790
"1,1'-(1,2-ethynediyl)bisbenzene",105,0.65383695
"1,1'-(1,2-ethynediyl)bisbenzene",100,0.47994010
"1,1'-(1,2-ethynediyl)bisbenzene",95,0.34893947
"1,1'-(1,2-ethynediyl)bisbenzene",90,0.25124811
"1,1'-(1,2-ethynediyl)bisbenzene",85,0.17912763
"1,1'-(1,2-ethynediyl)bisbenzene",80,0.12642185
"1,1'-(1,2-ethynediyl)bisbenzene",75,0.08829803
"1,1'-(1,2-ethynediyl)bisbenzene",70,0.06100942
"1,1'-(1,2-ethynediyl)bisbenzene",65,0.04168571
"1,1'-(1,2-ethynediyl)bisbenzene",60,0.02815333
"1,1'-(1,2-ethynediyl)bisbenzene",55,0.01878508
"1,1'-(1,2-ethynediyl)bisbenzene",50,0.01237677
"1,1'-(1,2-ethynediyl)bisbenzene",45,0.00804754
"1,1'-(1,2-ethynediyl)bisbenzene",40,0.00516074
"1,1'-(1,2-ethynediyl)bisbenzene",35,0.00326186
"1,1'-(1,2-ethynediyl)bisbenzene",30,0.00203055
"1,1'-(1,2-ethynediyl)bisbenzene",25,0.00124402
"1,1'-(1,2-ethynediyl)bisbenzene",160,10.19961205
"1,1'-(1,2-ethynediyl)bisbenzene",155,8.37753236
"1,1'-(1,2-ethynediyl)bisbenzene",150,6.80483094
"1,1'-(1,2-ethynediyl)bisbenzene",145,5.46670171
"1,1'-(1,2-ethynediyl)bisbenzene",140,4.34421778
"1,1'-(1,2-ethynediyl)bisbenzene",135,3.41565847
"1,1'-(1,2-ethynediyl)bisbenzene",130,2.65781121
"1,1'-(1,2-ethynediyl)bisbenzene",125,2.04725834
"1,1'-(1,2-ethynediyl)bisbenzene",120,1.56142445
"1,1'-(1,2-ethynediyl)bisbenzene",115,1.17937656
"1,1'-(1,2-ethynediyl)bisbenzene",110,0.88231790
"1,1'-(1,2-ethynediyl)bisbenzene",105,0.65383695
"1,1'-(1,2-ethynediyl)bisbenzene",100,0.47994010
"1,1'-(1,2-ethynediyl)bisbenzene",95,0.34893947
"1,1'-(1,2-ethynediyl)bisbenzene",90,0.25124811
"1,1'-(1,2-ethynediyl)bisbenzene",85,0.17912763
"1,1'-(1,2-ethynediyl)bisbenzene",80,0.12642185
"1,1'-(1,2-ethynediyl)bisbenzene",75,0.08829803
"1,1'-(1,2-ethynediyl)bisbenzene",70,0.06100942
"1,1'-(1,2-ethynediyl)bisbenzene",65,0.04168571
"1,1'-(1,2-ethynediyl)bisbenzene",60,0.02815333
"1,1'-(1,2-ethynediyl)bisbenzene",55,0.01878508
"1,1'-(1,2-ethynediyl)bisbenzene",50,0.01237677
"1,1'-(1,2-ethynediyl)bisbenzene",45,0.00804754
"1,1'-(1,2-ethynediyl)bisbenzene",40,0.00516074
"1,1'-(1,2-ethynediyl)bisbenzene",35,0.00326186
"1,1'-(1,2-ethynediyl)bisbenzene",30,0.00203055
"1,1'-(1,2-ethynediyl)bisbenzene",25,0.00124402
diphenylether,160,9.88174847
diphenylether,155,8.06824618
diphenylether,150,6.51372286
diphenylether,145,5.20055199
diphenylether,140,4.10713805
diphenylether,135,3.20934359
diphenylether,130,2.48201885
diphenylether,125,1.90030636
diphenylether,120,1.44069931
diphenylether,115,1.08176461
diphenylether,110,0.80454804
diphenylether,105,0.59272233
diphenylether,100,0.43253432
diphenylether,95,0.31262242
diphenylether,90,0.22375991
diphenylether,85,0.15856713
diphenylether,80,0.11122307
diphenylether,75,0.07719459
diphenylether,70,0.05299413
diphenylether,65,0.03596965
diphenylether,60,0.02412746
diphenylether,55,0.01598583
diphenylether,50,0.01045608
diphenylether,45,0.00674771
diphenylether,40,0.00429360
diphenylether,35,0.00269196
diphenylether,30,0.00166180
diphenylether,25,0.00100928
diphenylsulfone,160,4.97439361
diphenylsulfone,155,3.92751297
diphenylsulfone,150,3.07445945
diphenylsulfone,145,2.38659693
diphenylsulfone,140,1.83744530
diphenylsulfone,135,1.40319563
diphenylsulfone,130,1.06294433
diphenylsulfone,125,0.79870795
diphenylsulfone,120,0.59528497
diphenylsulfone,115,0.44002169
diphenylsulfone,110,0.32252887
diphenylsulfone,105,0.23438133
diphenylsulfone,100,0.16882424
diphenylsulfone,95,0.12049954
diphenylsulfone,90,0.08520031
diphenylsulfone,85,0.05965600
diphenylsulfone,80,0.04134875
diphenylsulfone,75,0.02835896
diphenylsulfone,70,0.01923750
diphenylsulfone,65,0.01290132
diphenylsulfone,60,0.00854928
diphenylsulfone,55,0.00559504
diphenylsulfone,50,0.00361415
diphenylsulfone,45,0.00230291
diphenylsulfone,40,0.00144654
diphenylsulfone,35,0.00089510
diphenylsulfone,30,0.00054522
diphenylsulfone,25,0.00032666
n-phenyl-benzeneamine,160,16.63785164
n-phenyl-benzeneamine,155,14.41555029
n-phenyl-benzeneamine,150,12.37614909
n-phenyl-benzeneamine,145,10.52373072
n-phenyl-benzeneamine,140,8.85936462
n-phenyl-benzeneamine,135,7.38141609
n-phenyl-benzeneamine,130,6.08525229
n-phenyl-benzeneamine,125,4.96330965
n-phenyl-benzeneamine,120,4.00503941
n-phenyl-benzeneamine,115,3.19762025
n-phenyl-benzeneamine,110,2.52645117
n-phenyl-benzeneamine,105,1.97588662
n-phenyl-benzeneamine,100,1.53003772
n-phenyl-benzeneamine,95,1.17342819
n-phenyl-benzeneamine,90,0.89155069
n-phenyl-benzeneamine,85,0.67123820
n-phenyl-benzeneamine,80,0.50088229
n-phenyl-benzeneamine,75,0.37049824
n-phenyl-benzeneamine,70,0.27168609
n-phenyl-benzeneamine,65,0.19751248
n-phenyl-benzeneamine,60,0.14235072
n-phenyl-benzeneamine,55,0.10170300
n-phenyl-benzeneamine,50,0.07202263
n-phenyl-benzeneamine,45,0.05054760
n-phenyl-benzeneamine,40,0.03515193
n-phenyl-benzeneamine,35,0.02421717
n-phenyl-benzeneamine,30,0.01652420
n-phenyl-benzeneamine,25,0.01116423
diphenylmethane,160,10.77229045
diphenylmethane,155,8.85605316
diphenylmethane,150,7.19748205
diphenylmethane,145,5.78310420
diphenylmethane,140,4.59463474
diphenylmethane,135,3.61037443
diphenylmethane,130,2.80660767
diphenylmethane,125,2.15904012
diphenylmethane,120,1.64399492
diphenylmethane,115,1.23935171
diphenylmethane,110,0.92514530
diphenylmethane,105,0.68388766
diphenylmethane,100,0.50064052
diphenylmethane,95,0.36291876
diphenylmethane,90,0.26048381
diphenylmethane,85,0.18507896
diphenylmethane,80,0.13014552
diphenylmethane,75,0.09054477
diphenylmethane,70,0.06230210
diphenylmethane,65,0.04238076
diphenylmethane,60,0.02848805
diphenylmethane,55,0.01891323
diphenylmethane,50,0.01239478
diphenylmethane,45,0.00801354
diphenylmethane,40,0.00510791
diphenylmethane,35,0.00320771
diphenylmethane,30,0.00198317
diphenylmethane,25,0.00120613
dipropylamine,160,11.17722218
dipropylamine,155,8.95744549
dipropylamine,150,7.09199575
dipropylamine,145,5.54968878
dipropylamine,140,4.29408878
dipropylamine,135,3.28664413
dipropylamine,130,2.48925888
dipropylamine,125,1.86616236
dipropylamine,120,1.38510395
dipropylamine,115,1.01794226
dipropylamine,110,0.74077875
dipropylamine,105,0.53377613
dipropylamine,100,0.38078670
dipropylamine,95,0.26888838
dipropylamine,90,0.18789577
dipropylamine,85,0.12989056
dipropylamine,80,0.08879546
dipropylamine,75,0.06000273
dipropylamine,70,0.04006007
dipropylamine,65,0.02641106
dipropylamine,60,0.01718488
dipropylamine,55,0.01102876
dipropylamine,50,0.00697654
dipropylamine,45,0.00434688
dipropylamine,40,0.00266570
dipropylamine,35,0.00160765
dipropylamine,30,0.00095266
dipropylamine,25,0.00055419
4-heptanone,160,13.79789996
4-heptanone,155,11.34063902
4-heptanone,150,9.20439286
4-heptanone,145,7.37870281
4-heptanone,140,5.84430281
4-heptanone,135,4.57535220
4-heptanone,130,3.54195612
4-heptanone,125,2.71251763
4-heptanone,120,2.05579721
4-heptanone,115,1.54243900
4-heptanone,110,1.14594544
4-heptanone,105,0.84318097
4-heptanone,100,0.61449009
4-heptanone,95,0.44355495
4-heptanone,90,0.31709321
4-heptanone,85,0.22447696
4-heptanone,80,0.15733065
4-heptanone,75,0.10914362
4-heptanone,70,0.07491889
4-heptanone,65,0.05086705
4-heptanone,60,0.03414751
4-heptanone,55,0.02265510
4-heptanone,50,0.01484730
4-heptanone,45,0.00960674
4-heptanone,40,0.00613348
4-heptanone,35,0.00386169
4-heptanone,30,0.00239612
4-heptanone,25,0.00146420
dipropyleneglycoln-butylether,160,5.54551752
dipropyleneglycoln-butylether,155,4.40262013
dipropyleneglycoln-butylether,150,3.46648871
dipropyleneglycoln-butylether,145,2.70748022
dipropyleneglycoln-butylether,140,2.09801351
dipropyleneglycoln-butylether,135,1.61313156
dipropyleneglycoln-butylether,130,1.23077977
dipropyleneglycoln-butylether,125,0.93185840
dipropyleneglycoln-butylether,120,0.70011348
dipropyleneglycoln-butylether,115,0.52192347
dipropyleneglycoln-butylether,110,0.38602732
dipropyleneglycoln-butylether,105,0.28322957
dipropyleneglycoln-butylether,100,0.20610549
dipropyleneglycoln-butylether,95,0.14872288
dipropyleneglycoln-butylether,90,0.10638901
dipropyleneglycoln-butylether,85,0.07542712
dipropyleneglycoln-butylether,80,0.05298333
dipropyleneglycoln-butylether,75,0.03686290
dipropyleneglycoln-butylether,70,0.02539363
dipropyleneglycoln-butylether,65,0.01731331
dipropyleneglycoln-butylether,60,0.01167831
dipropyleneglycoln-butylether,55,0.00778998
dipropyleneglycoln-butylether,50,0.00513631
dipropyleneglycoln-butylether,45,0.00334589
dipropyleneglycoln-butylether,40,0.00215226
dipropyleneglycoln-butylether,35,0.00136636
dipropyleneglycoln-butylether,30,0.00085559
dipropyleneglycoln-butylether,25,0.00052812
1-(1-methyl-2-propoxyethoxy)-2-propanol,160,8.24241844
1-(1-methyl-2-propoxyethoxy)-2-propanol,155,6.67830738
1-(1-methyl-2-propoxyethoxy)-2-propanol,150,5.35847047
1-(1-methyl-2-propoxyethoxy)-2-propanol,145,4.25874366
1-(1-methyl-2-propoxyethoxy)-2-propanol,140,3.35351802
1-(1-methyl-2-propoxyethoxy)-2-propanol,135,2.61702298
1-(1-methyl-2-propoxyethoxy)-2-propanol,130,2.02442437
1-(1-methyl-2-propoxyethoxy)-2-propanol,125,1.55262708
1-(1-methyl-2-propoxyethoxy)-2-propanol,120,1.18077743
1-(1-methyl-2-propoxyethoxy)-2-propanol,115,0.89052509
1-(1-methyl-2-propoxyethoxy)-2-propanol,110,0.66607054
1-(1-methyl-2-propoxyethoxy)-2-propanol,105,0.49406698
1-(1-methyl-2-propoxyethoxy)-2-propanol,100,0.36342625
1-(1-methyl-2-propoxyethoxy)-2-propanol,95,0.26507203
1-(1-methyl-2-propoxyethoxy)-2-propanol,90,0.19167314
1-(1-methyl-2-propoxyethoxy)-2-propanol,85,0.13737982
1-(1-methyl-2-propoxyethoxy)-2-propanol,80,0.09757682
1-(1-methyl-2-propoxyethoxy)-2-propanol,75,0.06866170
1-(1-methyl-2-propoxyethoxy)-2-propanol,70,0.04785132
1-(1-methyl-2-propoxyethoxy)-2-propanol,65,0.03301706
1-(1-methyl-2-propoxyethoxy)-2-propanol,60,0.02254695
1-(1-methyl-2-propoxyethoxy)-2-propanol,55,0.01523244
1-(1-methyl-2-propoxyethoxy)-2-propanol,50,0.01017646
1-(1-methyl-2-propoxyethoxy)-2-propanol,45,0.00672002
1-(1-methyl-2-propoxyethoxy)-2-propanol,40,0.00438407
1-(1-methyl-2-propoxyethoxy)-2-propanol,35,0.00282418
1-(1-methyl-2-propoxyethoxy)-2-propanol,30,0.00179544
1-(1-methyl-2-propoxyethoxy)-2-propanol,25,0.00112580
dpg-monomethyl-ether-acetate,160,8.08424866
dpg-monomethyl-ether-acetate,155,6.56217080
dpg-monomethyl-ether-acetate,150,5.27518587
dpg-monomethyl-ether-acetate,145,4.20055320
dpg-monomethyl-ether-acetate,140,3.31406926
dpg-monomethyl-ether-acetate,135,2.59125098
dpg-monomethyl-ether-acetate,130,2.00839112
dpg-monomethyl-ether-acetate,125,1.54334349
dpg-monomethyl-ether-acetate,120,1.17602537
dpg-monomethyl-ether-acetate,115,0.88869689
dpg-monomethyl-ether-acetate,110,0.66602947
dpg-monomethyl-ether-acetate,105,0.49503139
dpg-monomethyl-ether-acetate,100,0.36487630
dpg-monomethyl-ether-acetate,95,0.26667658
dpg-monomethyl-ether-acetate,90,0.19323371
dpg-monomethyl-ether-acetate,85,0.13878853
dpg-monomethyl-ether-acetate,80,0.09878554
dpg-monomethyl-ether-acetate,75,0.06965983
dpg-monomethyl-ether-acetate,70,0.04865029
dpg-monomethyl-ether-acetate,65,0.03363974
dpg-monomethyl-ether-acetate,60,0.02302076
dpg-monomethyl-ether-acetate,55,0.01558506
dpg-monomethyl-ether-acetate,50,0.01043342
dpg-monomethyl-ether-acetate,45,0.00690348
dpg-monomethyl-ether-acetate,40,0.00451244
dpg-monomethyl-ether-acetate,35,0.00291219
dpg-monomethyl-ether-acetate,30,0.00185457
dpg-monomethyl-ether-acetate,25,0.00116469
"1,1'-thiobisethene",160,30.45124909
"1,1'-thiobisethene",155,27.21849768
"1,1'-thiobisethene",150,24.09081852
"1,1'-thiobisethene",145,21.09378865
"1,1'-thiobisethene",140,18.25324008
"1,1'-thiobisethene",135,15.59437259
"1,1'-thiobisethene",130,13.14097576
"1,1'-thiobisethene",125,10.91295766
"1,1'-thiobisethene",120,8.92490822
"1,1'-thiobisethene",115,7.18436711
"1,1'-thiobisethene",110,5.69114174
"1,1'-thiobisethene",105,4.43646498
"1,1'-thiobisethene",100,3.40423143
"1,1'-thiobisethene",95,2.57242862
"1,1'-thiobisethene",90,1.91538938
"1,1'-thiobisethene",85,1.40612652
"1,1'-thiobisethene",80,1.01834788
"1,1'-thiobisethene",75,0.72792029
"1,1'-thiobisethene",70,0.51374316
"1,1'-thiobisethene",65,0.35808036
"1,1'-thiobisethene",60,0.24650392
"1,1'-thiobisethene",55,0.16759237
"1,1'-thiobisethene",50,0.11251137
"1,1'-thiobisethene",45,0.07456362
"1,1'-thiobisethene",40,0.04876183
"1,1'-thiobisethene",35,0.03145223
"1,1'-thiobisethene",30,0.01999875
"1,1'-thiobisethene",25,0.01252748
dodecane,160,0.15861315
dodecane,155,0.11471854
dodecane,150,0.08232527
dodecane,145,0.05859545
dodecane,140,0.04134786
dodecane,135,0.02891524
dodecane,130,0.02003131
dodecane,125,0.01374107
dodecane,120,0.00932985
dodecane,115,0.00626730
dodecane,110,0.00416330
dodecane,105,0.00273361
dodecane,100,0.00177321
dodecane,95,0.00113574
dodecane,90,0.00071788
dodecane,85,0.00044753
dodecane,80,0.00027499
dodecane,75,0.00016644
dodecane,70,0.00009916
dodecane,65,0.00005811
dodecane,60,0.00003347
dodecane,55,0.00001893
dodecane,50,0.00001050
dodecane,45,0.00000571
dodecane,40,0.00000304
dodecane,35,0.00000159
dodecane,30,0.00000081
dodecane,25,0.00000040
dodecanol,160,1.05133750
dodecanol,155,0.76935693
dodecanol,150,0.55817030
dodecanol,145,0.40129322
dodecanol,140,0.28576895
dodecanol,135,0.20147796
dodecanol,130,0.14057248
dodecanol,125,0.09701391
dodecanol,120,0.06619566
dodecanol,115,0.04463623
dodecanol,110,0.02973097
dodecanol,105,0.01955215
dodecanol,100,0.01268948
dodecanol,95,0.00812373
dodecanol,90,0.00512775
dodecanol,85,0.00318971
dodecanol,80,0.00195442
dodecanol,75,0.00117900
dodecanol,70,0.00069986
dodecanol,65,0.00040858
dodecanol,60,0.00023446
dodecanol,55,0.00013217
dodecanol,50,0.00007315
dodecanol,45,0.00003971
dodecanol,40,0.00002114
dodecanol,35,0.00001102
dodecanol,30,0.00000562
dodecanol,25,0.00000281
dopamine,160,1.17136719
dopamine,155,0.87392787
dopamine,150,0.64879282
dopamine,145,0.47924798
dopamine,140,0.35222255
dopamine,135,0.25754794
dopamine,130,0.18735534
dopamine,125,0.13558917
dopamine,120,0.09761543
dopamine,115,0.06990826
dopamine,110,0.04980057
dopamine,105,0.03528670
dopamine,100,0.02486730
dopamine,95,0.01742810
dopamine,90,0.01214593
dopamine,85,0.00841622
dopamine,80,0.00579757
dopamine,75,0.00396956
dopamine,70,0.00270099
dopamine,65,0.00182594
dopamine,60,0.00122611
dopamine,55,0.00081757
dopamine,50,0.00054117
dopamine,45,0.00035549
dopamine,40,0.00023164
dopamine,35,0.00014967
dopamine,30,0.00009585
dopamine,25,0.00006082
eicosane,160,0.06982859
eicosane,155,0.05047661
eicosane,150,0.03619528
eicosane,145,0.02573723
eicosane,140,0.01814099
eicosane,135,0.01267029
eicosane,130,0.00876538
eicosane,125,0.00600398
eicosane,120,0.00407017
eicosane,115,0.00272961
eicosane,110,0.00181012
eicosane,105,0.00118638
eicosane,100,0.00076813
eicosane,95,0.00049103
eicosane,90,0.00030975
eicosane,85,0.00019269
eicosane,80,0.00011815
eicosane,75,0.00007135
eicosane,70,0.00004241
eicosane,65,0.00002479
eicosane,60,0.00001424
eicosane,55,0.00000804
eicosane,50,0.00000445
eicosane,45,0.00000241
eicosane,40,0.00000128
eicosane,35,0.00000067
eicosane,30,0.00000034
eicosane,25,0.00000017
(chloromethyl)-oxirane,160,16.07995859
(chloromethyl)-oxirane,155,12.94461707
(chloromethyl)-oxirane,150,10.23529838
(chloromethyl)-oxirane,145,7.95556320
(chloromethyl)-oxirane,140,6.08510369
(chloromethyl)-oxirane,135,4.58565507
(chloromethyl)-oxirane,130,3.40850195
(chloromethyl)-oxirane,125,2.50141439
(chloromethyl)-oxirane,120,1.81390659
(chloromethyl)-oxirane,115,1.30049075
(chloromethyl)-oxirane,110,0.92221202
(chloromethyl)-oxirane,105,0.64695658
(chloromethyl)-oxirane,100,0.44901715
(chloromethyl)-oxirane,95,0.30829108
(chloromethyl)-oxirane,90,0.20935829
(chloromethyl)-oxirane,85,0.14058336
(chloromethyl)-oxirane,80,0.09331352
(chloromethyl)-oxirane,75,0.06119953
(chloromethyl)-oxirane,70,0.03964130
(chloromethyl)-oxirane,65,0.02534701
(chloromethyl)-oxirane,60,0.01599001
(chloromethyl)-oxirane,55,0.00994625
(chloromethyl)-oxirane,50,0.00609658
(chloromethyl)-oxirane,45,0.00367992
(chloromethyl)-oxirane,40,0.00218577
(chloromethyl)-oxirane,35,0.00127660
(chloromethyl)-oxirane,30,0.00073255
(chloromethyl)-oxirane,25,0.00041265
caprolactam,160,12.75498571
caprolactam,155,10.35265710
caprolactam,150,8.28573591
caprolactam,145,6.54068039
caprolactam,140,5.09445729
caprolactam,135,3.91716066
caprolactam,130,2.97496223
caprolactam,125,2.23286798
caprolactam,120,1.65702971
caprolactam,115,1.21636539
caprolactam,110,0.88349478
caprolactam,105,0.63510699
caprolactam,100,0.45190549
caprolactam,95,0.31828955
caprolactam,90,0.22189778
caprolactam,85,0.15310578
caprolactam,80,0.10453580
caprolactam,75,0.07061200
caprolactam,70,0.04717576
caprolactam,65,0.03116429
caprolactam,60,0.02034936
caprolactam,55,0.01312936
caprolactam,50,0.00836698
caprolactam,45,0.00526438
caprolactam,40,0.00326880
caprolactam,35,0.00200212
caprolactam,30,0.00120903
caprolactam,25,0.00071945
ethane,160,37.85380399
ethane,155,30.71808883
ethane,150,23.98142684
ethane,145,18.08803549
ethane,140,13.26558644
ethane,135,9.51768745
ethane,130,6.71114814
ethane,125,4.66461326
ethane,120,3.20137081
ethane,115,2.17137796
ethane,110,1.45596731
ethane,105,0.96509024
ethane,100,0.63222392
ethane,95,0.40915174
ethane,90,0.26145101
ethane,85,0.16487000
ethane,80,0.10253425
ethane,75,0.06284703
ethane,70,0.03793888
ethane,65,0.02253962
ethane,60,0.01316841
ethane,55,0.00755938
ethane,50,0.00426016
ethane,45,0.00235479
ethane,40,0.00127538
ethane,35,0.00067613
ethane,30,0.00035047
ethane,25,0.00017740
ethane,160,37.85380399
ethane,155,30.71808883
ethane,150,23.98142684
ethane,145,18.08803549
ethane,140,13.26558644
ethane,135,9.51768745
ethane,130,6.71114814
ethane,125,4.66461326
ethane,120,3.20137081
ethane,115,2.17137796
ethane,110,1.45596731
ethane,105,0.96509024
ethane,100,0.63222392
ethane,95,0.40915174
ethane,90,0.26145101
ethane,85,0.16487000
ethane,80,0.10253425
ethane,75,0.06284703
ethane,70,0.03793888
ethane,65,0.02253962
ethane,60,0.01316841
ethane,55,0.00755938
ethane,50,0.00426016
ethane,45,0.00235479
ethane,40,0.00127538
ethane,35,0.00067613
ethane,30,0.00035047
ethane,25,0.00017740
ethanesulfonylchloride,160,12.30892792
ethanesulfonylchloride,155,9.97807907
ethanesulfonylchloride,150,7.98112011
ethanesulfonylchloride,145,6.30239192
ethanesulfonylchloride,140,4.91645972
ethanesulfonylchloride,135,3.79143404
ethanesulfonylchloride,130,2.89231571
ethanesulfonylchloride,125,2.18392221
ethanesulfonylchloride,120,1.63302606
ethanesulfonylchloride,115,1.20971075
ethanesulfonylchloride,110,0.88801859
ethanesulfonylchloride,105,0.64608321
ethanesulfonylchloride,100,0.46592178
ethanesulfonylchloride,95,0.33303612
ethanesulfonylchloride,90,0.23593231
ethanesulfonylchloride,85,0.16562959
ethanesulfonylchloride,80,0.11520094
ethanesulfonylchloride,75,0.07936603
ethanesulfonylchloride,70,0.05414380
ethanesulfonylchloride,65,0.03656429
ethanesulfonylchloride,60,0.02443453
ethanesulfonylchloride,55,0.01615176
ethanesulfonylchloride,50,0.01055653
ethanesulfonylchloride,45,0.00681887
ethanesulfonylchloride,40,0.00435094
ethanesulfonylchloride,35,0.00274101
ethanesulfonylchloride,30,0.00170396
ethanesulfonylchloride,25,0.00104466
ethanethiol,160,47.34301858
ethanethiol,155,44.49723314
ethanethiol,150,41.63601017
ethanethiol,145,38.76336557
ethanethiol,140,35.89033918
ethanethiol,135,33.02582371
ethanethiol,130,30.17969396
ethanethiol,125,27.36714917
ethanethiol,120,24.60097962
ethanethiol,115,21.89883683
ethanethiol,110,19.28014335
ethanethiol,105,16.76549377
ethanethiol,100,14.37712293
ethanethiol,95,12.13979507
ethanethiol,90,10.07674933
ethanethiol,85,8.20977813
ethanethiol,80,6.55604727
ethanethiol,75,5.12622665
ethanethiol,70,3.92213412
ethanethiol,65,2.93613777
ethanethiol,60,2.15137376
ethanethiol,55,1.54410405
ethanethiol,50,1.08663532
ethanethiol,45,0.75055983
ethanethiol,40,0.50931302
ethanethiol,35,0.33977973
ethanethiol,30,0.22296033
ethanethiol,25,0.14393503
ethanol,160,18.81544909
ethanol,155,14.20000211
ethanol,150,10.40609608
ethanol,145,7.42707288
ethanol,140,5.17982686
ethanol,135,3.54093545
ethanol,130,2.37865362
ethanol,125,1.57321803
ethanol,120,1.02582826
ethanol,115,0.66003647
ethanol,110,0.41927107
ethanol,105,0.26301019
ethanol,100,0.16294586
ethanol,95,0.09970106
ethanol,90,0.06024234
ethanol,85,0.03594081
ethanol,80,0.02116807
ethanol,75,0.01230535
ethanol,70,0.00705877
ethanol,65,0.00399465
ethanol,60,0.00222960
ethanol,55,0.00122699
ethanol,50,0.00066556
ethanol,45,0.00035572
ethanol,40,0.00018725
ethanol,35,0.00009704
ethanol,30,0.00004948
ethanol,25,0.00002482
ethanolamine,160,28.50680694
ethanolamine,155,24.43598102
ethanolamine,150,20.59094932
ethanolamine,145,17.03577887
ethanolamine,140,13.82513152
ethanolamine,135,10.99901612
ethanolamine,130,8.57724589
ethanolamine,125,6.55831400
ethanolamine,120,4.92038314
ethanolamine,115,3.62577772
ethanolamine,110,2.62718262
ethanolamine,105,1.87392908
ethanolamine,100,1.31711532
ethanolamine,95,0.91296107
ethanolamine,90,0.62444621
ethanolamine,85,0.42161437
ethanolamine,80,0.28105561
ethanolamine,75,0.18498302
ethanolamine,70,0.12019335
ethanolamine,65,0.07707880
ethanolamine,60,0.04876996
ethanolamine,55,0.03043386
ethanolamine,50,0.01872170
ethanolamine,45,0.01134724
ethanolamine,40,0.00677241
ethanolamine,35,0.00397772
ethanolamine,30,0.00229760
ethanolamine,25,0.00130424
ethylacetate,160,27.98521113
ethylacetate,155,24.70500018
ethylacetate,150,21.56565441
ethylacetate,145,18.59705496
ethylacetate,140,15.82752197
ethylacetate,135,13.28293336
ethylacetate,130,10.98394961
ethylacetate,125,8.94477254
ethylacetate,120,7.17112495
ethylacetate,115,5.65968004
ethylacetate,110,4.39811017
ethylacetate,105,3.36661800
ethylacetate,100,2.53991165
ethylacetate,95,1.88980280
ethylacetate,90,1.38760520
ethylacetate,85,1.00604295
ethylacetate,80,0.72056597
ethylacetate,75,0.51001912
ethylacetate,70,0.35681696
ethylacetate,65,0.24676543
ethylacetate,60,0.16868768
ethylacetate,55,0.11396602
ethylacetate,50,0.07607660
ethylacetate,45,0.05016077
ethylacetate,40,0.03265394
ethylacetate,35,0.02097766
ethylacetate,30,0.01329208
ethylacetate,25,0.00830200
ethylacetoacetate,160,6.73675732
ethylacetoacetate,155,5.26820001
ethylacetoacetate,150,4.08152095
ethylacetoacetate,145,3.13405404
ethylacetoacetate,140,2.38591717
ethylacetoacetate,135,1.80123973
ethylacetoacetate,130,1.34872103
ethylacetoacetate,125,1.00170870
ethylacetoacetate,120,0.73796143
ethylacetoacetate,115,0.53923271
ethylacetoacetate,110,0.39077153
ethylacetoacetate,105,0.28080616
ethylacetoacetate,100,0.20005150
ethylacetoacetate,95,0.14126234
ethylacetoacetate,90,0.09884245
ethylacetoacetate,85,0.06851134
ethylacetoacetate,80,0.04702619
ethylacetoacetate,75,0.03195359
ethylacetoacetate,70,0.02148494
ethylacetoacetate,65,0.01428904
ethylacetoacetate,60,0.00939580
ethylacetoacetate,55,0.00610551
ethylacetoacetate,50,0.00391876
ethylacetoacetate,45,0.00248303
ethylacetoacetate,40,0.00155229
ethylacetoacetate,35,0.00095689
ethylacetoacetate,30,0.00058125
ethylacetoacetate,25,0.00034768
butyne,160,47.72552944
butyne,155,44.56032686
butyne,150,41.35803270
butyne,145,38.13016509
butyne,140,34.89341955
butyne,135,31.66606028
butyne,130,28.47057213
butyne,125,25.33322766
butyne,120,22.28001216
butyne,115,19.34451710
butyne,110,16.55884515
butyne,105,13.95592863
butyne,100,11.56645335
butyne,95,9.41653353
butyne,90,7.52477415
butyne,85,5.89935977
butyne,80,4.53749795
butyne,75,3.42509716
butyne,70,2.53904048
butyne,65,1.85008344
butyne,60,1.32634062
butyne,55,0.93641101
butyne,50,0.65159170
butyne,45,0.44715362
butyne,40,0.30276041
butyne,35,0.20230583
butyne,30,0.13341791
butyne,25,0.08683183
2-propenoicacidethylester,160,21.57828360
2-propenoicacidethylester,155,18.48066851
2-propenoicacidethylester,150,15.61706502
2-propenoicacidethylester,145,13.01298676
2-propenoicacidethylester,140,10.68650746
2-propenoicacidethylester,135,8.64695313
2-propenoicacidethylester,130,6.89344159
2-propenoicacidethylester,125,5.41547046
2-propenoicacidethylester,120,4.19396246
2-propenoicacidethylester,115,3.20344554
2-propenoicacidethylester,110,2.41467731
2-propenoicacidethylester,105,1.79720077
2-propenoicacidethylester,100,1.32145590
2-propenoicacidethylester,95,0.96031116
2-propenoicacidethylester,90,0.68993725
2-propenoicacidethylester,85,0.49014983
2-propenoicacidethylester,80,0.34435097
2-propenoicacidethylester,75,0.23922682
2-propenoicacidethylester,70,0.16432106
2-propenoicacidethylester,65,0.11157079
2-propenoicacidethylester,60,0.07485933
2-propenoicacidethylester,55,0.04961493
2-propenoicacidethylester,50,0.03246793
2-propenoicacidethylester,45,0.02096773
2-propenoicacidethylester,40,0.01335542
2-propenoicacidethylester,35,0.00838502
2-propenoicacidethylester,30,0.00518560
2-propenoicacidethylester,25,0.00315665
ethylamine,160,100.00000000
ethylamine,155,54.58348671
ethylamine,150,51.77867224
ethylamine,145,48.88839505
ethylamine,140,45.91472747
ethylamine,135,42.86084745
ethylamine,130,39.73255339
ethylamine,125,36.53657585
ethylamine,120,33.28455506
ethylamine,115,29.99592238
ethylamine,110,26.69125654
ethylamine,105,23.40317785
ethylamine,100,20.16877614
ethylamine,95,17.03680480
ethylamine,90,14.06331738
ethylamine,85,11.30880178
ethylamine,80,8.83313002
ethylamine,75,6.68645358
ethylamine,70,4.89873609
ethylamine,65,3.47344604
ethylamine,60,2.38630874
ethylamine,55,1.59172101
ethylamine,50,1.03327003
ethylamine,45,0.65425559
ethylamine,40,0.40481316
ethylamine,35,0.24506113
ethylamine,30,0.14524595
ethylamine,25,0.08430089
3-octanone,160,9.51937757
3-octanone,155,7.63402185
3-octanone,150,6.05608392
3-octanone,145,4.75445657
3-octanone,140,3.69531790
3-octanone,135,2.84446462
3-octanone,130,2.16909239
3-octanone,125,1.63902926
3-octanone,120,1.22743201
3-octanone,115,0.91106512
3-octanone,110,0.67027194
3-octanone,105,0.48874446
3-octanone,100,0.35317888
3-octanone,95,0.25288228
3-octanone,90,0.17937404
3-octanone,85,0.12601001
3-octanone,80,0.08764421
3-octanone,75,0.06033448
3-octanone,70,0.04109296
3-octanone,65,0.02767892
3-octanone,60,0.01842959
3-octanone,55,0.01212431
3-octanone,50,0.00787678
3-octanone,45,0.00505068
3-octanone,40,0.00319450
3-octanone,35,0.00199176
3-octanone,30,0.00122337
3-octanone,25,0.00073970
ethylbenzene,160,15.65152966
ethylbenzene,155,12.90841403
ethylbenzene,150,10.49828813
ethylbenzene,145,8.42105345
ethylbenzene,140,6.66437544
ethylbenzene,135,5.20588358
ethylbenzene,130,4.01601422
ethylbenzene,125,3.06119210
ethylbenzene,120,2.30670668
ethylbenzene,115,1.71902379
ethylbenzene,110,1.26735770
ethylbenzene,105,0.92456991
ethylbenzene,100,0.66750300
ethylbenzene,95,0.47691987
ethylbenzene,90,0.33719529
ethylbenzene,85,0.23587925
ethylbenzene,80,0.16321705
ethylbenzene,75,0.11167980
ethylbenzene,70,0.07553640
ethylbenzene,65,0.05048072
ethylbenzene,60,0.03331769
ethylbenzene,55,0.02170580
ethylbenzene,50,0.01395014
ethylbenzene,45,0.00883920
ethylbenzene,40,0.00551809
ethylbenzene,35,0.00339152
ethylbenzene,30,0.00205066
ethylbenzene,25,0.00121879
ethylbenzoate,160,11.36888774
ethylbenzoate,155,9.31676971
ethylbenzoate,150,7.54376788
ethylbenzoate,145,6.03600485
ethylbenzoate,140,4.77369060
ethylbenzoate,135,3.73284418
ethylbenzoate,130,2.88707247
ethylbenzoate,125,2.20932352
ethylbenzoate,120,1.67333070
ethylbenzoate,115,1.25469756
ethylbenzoate,110,0.93156708
ethylbenzoate,105,0.68494697
ethylbenzoate,100,0.49875019
ethylbenzoate,95,0.35964543
ethylbenzoate,90,0.25679218
ethylbenzoate,85,0.18152058
ethylbenzoate,80,0.12699926
ethylbenzoate,75,0.08791793
ethylbenzoate,70,0.06020075
ethylbenzoate,65,0.04075685
ethylbenzoate,60,0.02726968
ethylbenzoate,55,0.01802302
ethylbenzoate,50,0.01176011
ethylbenzoate,45,0.00757148
ethylbenzoate,40,0.00480693
ethylbenzoate,35,0.00300733
ethylbenzoate,30,0.00185273
ethylbenzoate,25,0.00112313
bromoethane,160,34.25997440
bromoethane,155,31.76109094
bromoethane,150,29.32132655
bromoethane,145,26.94296287
bromoethane,140,24.63132723
bromoethane,135,22.39009988
bromoethane,130,20.22276968
bromoethane,125,18.13586966
bromoethane,120,16.13365444
bromoethane,115,14.22416319
bromoethane,110,12.41397103
bromoethane,105,10.71080462
bromoethane,100,9.12322262
bromoethane,95,7.65984432
bromoethane,90,6.32916337
bromoethane,85,5.13851851
bromoethane,80,4.09315773
bromoethane,75,3.19515175
bromoethane,70,2.44214767
bromoethane,65,1.82703286
bromoethane,60,1.33804835
bromoethane,55,0.95982201
bromoethane,50,0.67493435
bromoethane,45,0.46567537
bromoethane,40,0.31552358
bromoethane,35,0.21008978
bromoethane,30,0.13752986
bromoethane,25,0.08852990
1-ethoxybutane,160,7.92142514
1-ethoxybutane,155,6.18690362
1-ethoxybutane,150,4.78653705
1-ethoxybutane,145,3.66983252
1-ethoxybutane,140,2.78930617
1-ethoxybutane,135,2.10219529
1-ethoxybutane,130,1.57121978
1-ethoxybutane,125,1.16469247
1-ethoxybutane,120,0.85622466
1-ethoxybutane,115,0.62420989
1-ethoxybutane,110,0.45121210
1-ethoxybutane,105,0.32333921
1-ethoxybutane,100,0.22964983
1-ethoxybutane,95,0.16161843
1-ethoxybutane,90,0.11266926
1-ethoxybutane,85,0.07778031
1-ethoxybutane,80,0.05315345
1-ethoxybutane,75,0.03594406
1-ethoxybutane,70,0.02404262
1-ethoxybutane,65,0.01590045
1-ethoxybutane,60,0.01039233
1-ethoxybutane,55,0.00670940
1-ethoxybutane,50,0.00427663
1-ethoxybutane,45,0.00268988
1-ethoxybutane,40,0.00166853
1-ethoxybutane,35,0.00102010
1-ethoxybutane,30,0.00061431
1-ethoxybutane,25,0.00036415
3-heptanone,160,14.10335879
3-heptanone,155,11.61567154
3-heptanone,150,9.44623580
3-heptanone,145,7.58656684
3-heptanone,140,6.01911318
3-heptanone,135,4.71940457
3-heptanone,130,3.65842233
3-heptanone,125,2.80504155
3-heptanone,120,2.12812075
3-heptanone,115,1.59813525
3-heptanone,110,1.18824748
3-heptanone,105,0.87489677
3-heptanone,100,0.63797957
3-heptanone,95,0.46074895
3-heptanone,90,0.32953640
3-heptanone,85,0.23338158
3-heptanone,80,0.16363215
3-heptanone,75,0.11355304
3-heptanone,70,0.07796923
3-heptanone,65,0.05295258
3-heptanone,60,0.03555625
3-heptanone,55,0.02359484
3-heptanone,50,0.01546605
3-heptanone,45,0.01000864
3-heptanone,40,0.00639084
3-heptanone,35,0.00402406
3-heptanone,30,0.00249696
3-heptanone,25,0.00152580
ethylbutyrate,160,14.48649863
ethylbutyrate,155,11.96303723
ethylbutyrate,150,9.75210404
ethylbutyrate,145,7.84853956
ethylbutyrate,140,6.23776735
ethylbutyrate,135,4.89756647
ethylbutyrate,130,3.80040883
ethylbutyrate,125,2.91593067
ethylbutyrate,120,2.21314149
ethylbutyrate,115,1.66223371
ethylbutyrate,110,1.23583498
ethylbutyrate,105,0.90972817
ethylbutyrate,100,0.66313876
ethylbutyrate,95,0.47869573
ethylbutyrate,90,0.34218568
ethylbutyrate,85,0.24219376
ethylbutyrate,80,0.16970107
ethylbutyrate,75,0.11768513
ethylbutyrate,70,0.08075036
ethylbutyrate,65,0.05480267
ethylbutyrate,60,0.03677237
ethylbutyrate,55,0.02438446
ethylbutyrate,50,0.01597229
ethylbutyrate,45,0.01032897
ethylbutyrate,40,0.00659080
ethylbutyrate,35,0.00414713
ethylbutyrate,30,0.00257160
ethylbutyrate,25,0.00157038
ethylhexanoate,160,6.90896435
ethylhexanoate,155,5.45592390
ethylhexanoate,150,4.26846906
ethylhexanoate,145,3.30957321
ethylhexanoate,140,2.54382792
ethylhexanoate,135,1.93869318
ethylhexanoate,130,1.46519410
ethylhexanoate,125,1.09818463
ethylhexanoate,120,0.81630217
ethylhexanoate,115,0.60172421
ethylhexanoate,110,0.43981186
ethylhexanoate,105,0.31870581
ethylhexanoate,100,0.22891701
ethylhexanoate,95,0.16293903
ethylhexanoate,90,0.11489710
ethylhexanoate,85,0.08024036
ethylhexanoate,80,0.05547859
ethylhexanoate,75,0.03796140
ethylhexanoate,70,0.02569599
ethylhexanoate,65,0.01719903
ethylhexanoate,60,0.01137767
ethylhexanoate,55,0.00743526
ethylhexanoate,50,0.00479733
ethylhexanoate,45,0.00305433
ethylhexanoate,40,0.00191772
ethylhexanoate,35,0.00118666
ethylhexanoate,30,0.00072317
ethylhexanoate,25,0.00043372
urethane,160,3.43964034
urethane,155,2.52734122
urethane,150,1.84256461
urethane,145,1.33280218
urethane,140,0.95638932
urethane,135,0.68068596
urethane,130,0.48039772
urethane,125,0.33611119
urethane,120,0.23306071
urethane,115,0.16011337
urethane,110,0.10894841
urethane,105,0.07340168
urethane,100,0.04894800
urethane,95,0.03229648
urethane,90,0.02107701
urethane,85,0.01359983
urethane,80,0.00867281
urethane,75,0.00546403
urethane,70,0.00339947
urethane,65,0.00208768
urethane,60,0.00126495
urethane,55,0.00075584
urethane,50,0.00044516
urethane,45,0.00025828
urethane,40,0.00014755
urethane,35,0.00008294
urethane,30,0.00004584
urethane,25,0.00002490
chloroethane,160,40.43914319
chloroethane,155,37.01750611
chloroethane,150,33.59244429
chloroethane,145,30.18460334
chloroethane,140,26.82104057
chloroethane,135,23.53318017
chloroethane,130,20.35713275
chloroethane,125,17.33194308
chloroethane,120,14.49874151
chloroethane,115,11.89780555
chloroethane,110,9.56423209
chloroethane,105,7.52379910
chloroethane,100,5.78902812
chloroethane,95,4.35697775
chloroethane,90,3.20944570
chloroethane,85,2.31616714
chloroethane,80,1.63953787
chloroethane,75,1.13974313
chloroethane,70,0.77891008
chloroethane,65,0.52374589
chloroethane,60,0.34669302
chloroethane,55,0.22598568
chloroethane,50,0.14505769
chloroethane,45,0.09167362
chloroethane,40,0.05702087
chloroethane,35,0.03488878
chloroethane,30,0.02098565
chloroethane,25,0.01239990
carbonochloridicacidethylester,160,18.82743580
carbonochloridicacidethylester,155,15.86428733
carbonochloridicacidethylester,150,13.17056618
carbonochloridicacidethylester,145,10.76753869
carbonochloridicacidethylester,140,8.66635480
carbonochloridicacidethylester,135,6.86687217
carbonochloridicacidethylester,130,5.35791671
carbonochloridicacidethylester,125,4.11860833
carbonochloridicacidethylester,120,3.12093899
carbonochloridicacidethylester,115,2.33285799
carbonochloridicacidethylester,110,1.72123734
carbonochloridicacidethylester,105,1.25426629
carbonochloridicacidethylester,100,0.90309325
carbonochloridicacidethylester,95,0.64269917
carbonochloridicacidethylester,90,0.45216166
carbonochloridicacidethylester,85,0.31449354
carbonochloridicacidethylester,80,0.21623723
carbonochloridicacidethylester,75,0.14695091
carbonochloridicacidethylester,70,0.09867765
carbonochloridicacidethylester,65,0.06545100
carbonochloridicacidethylester,60,0.04286271
carbonochloridicacidethylester,55,0.02770101
carbonochloridicacidethylester,50,0.01765735
carbonochloridicacidethylester,45,0.01109446
carbonochloridicacidethylester,40,0.00686674
carbonochloridicacidethylester,35,0.00418359
carbonochloridicacidethylester,30,0.00250708
carbonochloridicacidethylester,25,0.00147655
cyanoaceticacidethylester,160,4.17744670
cyanoaceticacidethylester,155,3.14874183
cyanoaceticacidethylester,150,2.35628490
cyanoaceticacidethylester,145,1.75066046
cyanoaceticacidethylester,140,1.29132791
cyanoaceticacidethylester,135,0.94553733
cyanoaceticacidethylester,130,0.68715194
cyanoaceticacidethylester,125,0.49552557
cyanoaceticacidethylester,120,0.35449686
cyanoaceticacidethylester,115,0.25152135
cyanoaceticacidethylester,110,0.17694051
cyanoaceticacidethylester,105,0.12337737
cyanoaceticacidethylester,100,0.08524281
cyanoaceticacidethylester,95,0.05833713
cyanoaceticacidethylester,90,0.03953129
cyanoaceticacidethylester,85,0.02651439
cyanoaceticacidethylester,80,0.01759524
cyanoaceticacidethylester,75,0.01154785
cyanoaceticacidethylester,70,0.00749222
cyanoaceticacidethylester,65,0.00480312
cyanoaceticacidethylester,60,0.00304110
cyanoaceticacidethylester,55,0.00190068
cyanoaceticacidethylester,50,0.00117200
cyanoaceticacidethylester,45,0.00071259
cyanoaceticacidethylester,40,0.00042695
cyanoaceticacidethylester,35,0.00025193
cyanoaceticacidethylester,30,0.00014630
cyanoaceticacidethylester,25,0.00008355
ethoxyacetylene,160,36.78293431
ethoxyacetylene,155,33.35140049
ethoxyacetylene,150,29.95838900
ethoxyacetylene,145,26.63281584
ethoxyacetylene,140,23.40539039
ethoxyacetylene,135,20.30857417
ethoxyacetylene,130,17.37712279
ethoxyacetylene,125,14.64504977
ethoxyacetylene,120,12.14340060
ethoxyacetylene,115,9.89788533
ethoxyacetylene,110,7.92537954
ethoxyacetylene,105,6.23234415
ethoxyacetylene,100,4.81352619
ethoxyacetylene,95,3.65282462
ethoxyacetylene,90,2.72542831
ethoxyacetylene,85,2.00092016
ethoxyacetylene,80,1.44670416
ethoxyacetylene,75,1.03092380
ethoxyacetylene,70,0.72452967
ethoxyacetylene,65,0.50243869
ethoxyacetylene,60,0.34390920
ethoxyacetylene,55,0.23238045
ethoxyacetylene,50,0.15500389
ethoxyacetylene,45,0.10204786
ethoxyacetylene,40,0.06629216
ethoxyacetylene,35,0.04247673
ethoxyacetylene,30,0.02683275
ethoxyacetylene,25,0.01670188
fluoroethane,160,52.80504069
fluoroethane,155,49.81167477
fluoroethane,150,46.74512135
fluoroethane,145,43.61432313
fluoroethane,140,40.42655595
fluoroethane,135,37.19163040
fluoroethane,130,33.92539792
fluoroethane,125,30.64468790
fluoroethane,120,27.37434705
fluoroethane,115,24.13931700
fluoroethane,110,20.97733712
fluoroethane,105,17.92510552
fluoroethane,100,15.02891663
fluoroethane,95,12.33552633
fluoroethane,90,9.89056003
fluoroethane,85,7.73297226
fluoroethane,80,5.88889656
fluoroethane,75,4.36631442
fluoroethane,70,3.15349177
fluoroethane,65,2.22115288
fluoroethane,60,1.52818656
fluoroethane,55,1.02881029
fluoroethane,50,0.67879476
fluoroethane,45,0.43946659
fluoroethane,40,0.27942391
fluoroethane,35,0.17456108
fluoroethane,30,0.10715725
fluoroethane,25,0.06462540
ethylformate,160,31.12152056
ethylformate,155,27.50866889
ethylformate,150,24.01111536
ethylformate,145,20.67033018
ethylformate,140,17.52835485
ethylformate,135,14.62534361
ethylformate,130,11.99561962
ethylformate,125,9.66468965
ethylformate,120,7.64646566
ethylformate,115,5.94086032
ethylformate,110,4.53441274
ethylformate,105,3.40228492
ethylformate,100,2.51170063
ethylformate,95,1.82603593
ethylformate,90,1.30849874
ethylformate,85,0.92487715
ethylformate,80,0.64519857
ethylformate,75,0.44439875
ethylformate,70,0.30228434
ethylformate,65,0.20306886
ethylformate,60,0.13471441
ethylformate,55,0.08823323
ethylformate,50,0.05703688
ethylformate,45,0.03637506
ethylformate,40,0.02287498
ethylformate,35,0.01417689
ethylformate,30,0.00865348
ethylformate,25,0.00519864
iodoethane,160,21.74502307
iodoethane,155,19.41014316
iodoethane,150,17.19585642
iodoethane,145,15.10754346
iodoethane,140,13.14825803
iodoethane,135,11.32478908
iodoethane,130,9.64201607
iodoethane,125,8.10549242
iodoethane,120,6.71950977
iodoethane,115,5.48714636
iodoethane,110,4.40932725
iodoethane,105,3.48394957
iodoethane,100,2.70537358
iodoethane,95,2.06431257
iodoethane,90,1.54805160
iodoethane,85,1.14143707
iodoethane,80,0.82801669
iodoethane,75,0.59134317
iodoethane,70,0.41603662
iodoethane,65,0.28849811
iodoethane,60,0.19725773
iodoethane,55,0.13301127
iodoethane,50,0.08845346
iodoethane,45,0.05800320
iodoethane,40,0.03749521
iodoethane,35,0.02388403
iodoethane,30,0.01498376
iodoethane,25,0.00925221
ethylisocyanate,160,35.98779209
ethylisocyanate,155,32.53583854
ethylisocyanate,150,29.12855518
ethylisocyanate,145,25.79607721
ethylisocyanate,140,22.56894805
ethylisocyanate,135,19.48175581
ethylisocyanate,130,16.57056169
ethylisocyanate,125,13.86964019
ethylisocyanate,120,11.41099282
ethylisocyanate,115,9.21939974
ethylisocyanate,110,7.31021284
ethylisocyanate,105,5.68740534
ethylisocyanate,100,4.34230307
ethylisocyanate,95,3.25516618
ethylisocyanate,90,2.39775656
ethylisocyanate,85,1.73699397
ethylisocyanate,80,1.23862342
ethylisocyanate,75,0.87010014
ethylisocyanate,70,0.60250286
ethylisocyanate,65,0.41142877
ethylisocyanate,60,0.27712506
ethylisocyanate,55,0.18412859
ethylisocyanate,50,0.12066381
ethylisocyanate,45,0.07796976
ethylisocyanate,40,0.04965897
ethylisocyanate,35,0.03115830
ethylisocyanate,30,0.01924845
ethylisocyanate,25,0.01169953
ethylisothiocyanate,160,36.53083830
ethylisothiocyanate,155,33.60906137
ethylisothiocyanate,150,30.72802459
ethylisothiocyanate,145,27.90037326
ethylisothiocyanate,140,25.13861807
ethylisothiocyanate,135,22.45612966
ethylisothiocyanate,130,19.87009757
ethylisothiocyanate,125,17.39499602
ethylisothiocyanate,120,15.05042138
ethylisothiocyanate,115,12.85393831
ethylisothiocyanate,110,10.82310948
ethylisothiocyanate,105,8.97367979
ethylisothiocyanate,100,7.31846656
ethylisothiocyanate,95,5.86572242
ethylisothiocyanate,90,4.61742510
ethylisothiocyanate,85,3.56888714
ethylisothiocyanate,80,2.70852250
ethylisothiocyanate,75,2.01907440
ethylisothiocyanate,70,1.47923268
ethylisothiocyanate,65,1.06580075
ethylisothiocyanate,60,0.75572547
ethylisothiocyanate,55,0.52766394
ethylisothiocyanate,50,0.36295291
ethylisothiocyanate,45,0.24601371
ethylisothiocyanate,40,0.16433183
ethylisothiocyanate,35,0.10816766
ethylisothiocyanate,30,0.07014161
ethylisothiocyanate,25,0.04479013
2-hydroxypropanoicacidethylester,160,13.94267184
2-hydroxypropanoicacidethylester,155,11.39773703
2-hydroxypropanoicacidethylester,150,9.18316888
2-hydroxypropanoicacidethylester,145,7.29368103
2-hydroxypropanoicacidethylester,140,5.71262487
2-hydroxypropanoicacidethylester,135,4.41435848
2-hydroxypropanoicacidethylester,130,3.36728423
2-hydroxypropanoicacidethylester,125,2.53692911
2-hydroxypropanoicacidethylester,120,1.88872090
2-hydroxypropanoicacidethylester,115,1.39006785
2-hydroxypropanoicacidethylester,110,1.01168320
2-hydroxypropanoicacidethylester,105,0.72824252
2-hydroxypropanoicacidethylester,100,0.51851902
2-hydroxypropanoicacidethylester,95,0.36517388
2-hydroxypropanoicacidethylester,90,0.25434884
2-hydroxypropanoicacidethylester,85,0.17517348
2-hydroxypropanoicacidethylester,80,0.11926104
2-hydroxypropanoicacidethylester,75,0.08023755
2-hydroxypropanoicacidethylester,70,0.05332621
2-hydroxypropanoicacidethylester,65,0.03499485
2-hydroxypropanoicacidethylester,60,0.02266562
2-hydroxypropanoicacidethylester,55,0.01448161
2-hydroxypropanoicacidethylester,50,0.00912272
2-hydroxypropanoicacidethylester,45,0.00566304
2-hydroxypropanoicacidethylester,40,0.00346212
2-hydroxypropanoicacidethylester,35,0.00208323
2-hydroxypropanoicacidethylester,30,0.00123299
2-hydroxypropanoicacidethylester,25,0.00071733
ethylmethacrylate,160,16.68498769
ethylmethacrylate,155,13.98207750
ethylmethacrylate,150,11.56412323
ethylmethacrylate,145,9.43774535
ethylmethacrylate,140,7.60039767
ethylmethacrylate,135,6.04073216
ethylmethacrylate,130,4.73980807
ethylmethacrylate,125,3.67302333
ethylmethacrylate,120,2.81237585
ethylmethacrylate,115,2.12866537
ethylmethacrylate,110,1.59333163
ethylmethacrylate,105,1.17983699
ethylmethacrylate,100,0.86450813
ethylmethacrylate,95,0.62693317
ethylmethacrylate,90,0.44999823
ethylmethacrylate,85,0.31969078
ethylmethacrylate,80,0.22476798
ethylmethacrylate,75,0.15636701
ethylmethacrylate,70,0.10761016
ethylmethacrylate,65,0.07323563
ethylmethacrylate,60,0.04927098
ethylmethacrylate,55,0.03275485
ethylmethacrylate,50,0.02150651
ethylmethacrylate,45,0.01393954
ethylmethacrylate,40,0.00891384
ethylmethacrylate,35,0.00562022
ethylmethacrylate,30,0.00349163
ethylmethacrylate,25,0.00213591
(methylthio)-ethane,160,35.87932672
(methylthio)-ethane,155,32.62420222
(methylthio)-ethane,150,29.41989355
(methylthio)-ethane,145,26.28411250
(methylthio)-ethane,140,23.24263781
(methylthio)-ethane,135,20.32094390
(methylthio)-ethane,130,17.54498903
(methylthio)-ethane,125,14.94191368
(methylthio)-ethane,120,12.53726814
(methylthio)-ethane,115,10.35333561
(methylthio)-ethane,110,8.40741544
(methylthio)-ethane,105,6.70917628
(methylthio)-ethane,100,5.25972571
(methylthio)-ethane,95,4.05081591
(methylthio)-ethane,90,3.06578017
(methylthio)-ethane,85,2.28138504
(methylthio)-ethane,80,1.67037209
(methylthio)-ethane,75,1.20420478
(methylthio)-ethane,70,0.85536990
(methylthio)-ethane,65,0.59898479
(methylthio)-ethane,60,0.41367557
(methylthio)-ethane,55,0.28182873
(methylthio)-ethane,50,0.18941644
(methylthio)-ethane,45,0.12557828
(methylthio)-ethane,40,0.08210544
(methylthio)-ethane,35,0.05292154
(methylthio)-ethane,30,0.03361178
(methylthio)-ethane,25,0.02102340
ethyl-oleate,160,0.68066444
ethyl-oleate,155,0.51648911
ethyl-oleate,150,0.38949358
ethyl-oleate,145,0.29182254
ethyl-oleate,140,0.21716271
ethyl-oleate,135,0.16046020
ethyl-oleate,130,0.11768765
ethyl-oleate,125,0.08565235
ethyl-oleate,120,0.06183755
ethyl-oleate,115,0.04427164
ethyl-oleate,110,0.03142026
ethyl-oleate,105,0.02209784
ethyl-oleate,100,0.01539516
ethyl-oleate,95,0.01062048
ethyl-oleate,90,0.00725192
ethyl-oleate,85,0.00489921
ethyl-oleate,80,0.00327317
ethyl-oleate,75,0.00216160
ethyl-oleate,70,0.00141037
ethyl-oleate,65,0.00090868
ethyl-oleate,60,0.00057779
ethyl-oleate,55,0.00036238
ethyl-oleate,50,0.00022403
ethyl-oleate,45,0.00013644
ethyl-oleate,40,0.00008179
ethyl-oleate,35,0.00004824
ethyl-oleate,30,0.00002796
ethyl-oleate,25,0.00001592
ethylpropionate,160,20.55192112
ethylpropionate,155,17.53375098
ethylpropionate,150,14.76332002
ethylpropionate,145,12.26156617
ethylpropionate,140,10.04194801
ethylpropionate,135,8.10838000
ethylpropionate,130,6.45536082
ethylpropionate,125,5.06859008
ethylpropionate,120,3.92651899
ethylpropionate,115,3.00258907
ethylpropionate,110,2.26767802
ethylpropionate,105,1.69234080
ethylpropionate,100,1.24856867
ethylpropionate,95,0.91099288
ethylpropionate,90,0.65752093
ethylpropionate,85,0.46953023
ethylpropionate,80,0.33174022
ethylpropionate,75,0.23189500
ethylpropionate,70,0.16035493
ethylpropionate,65,0.10966671
ethylpropionate,60,0.07415521
ethylpropionate,55,0.04955959
ethylpropionate,50,0.03272297
ethylpropionate,45,0.02133601
ethylpropionate,40,0.01373041
ethylpropionate,35,0.00871600
ethylpropionate,30,0.00545441
ethylpropionate,25,0.00336269
ethylthiocyanate,160,37.29120117
ethylthiocyanate,155,34.37824334
ethylthiocyanate,150,31.49822460
ethylthiocyanate,145,28.66054368
ethylthiocyanate,140,25.87805495
ethylthiocyanate,135,23.16490621
ethylthiocyanate,130,20.53658496
ethylthiocyanate,125,18.01060107
ethylthiocyanate,120,15.60500270
ethylthiocyanate,115,13.34072676
ethylthiocyanate,110,11.23698095
ethylthiocyanate,105,9.31305070
ethylthiocyanate,100,7.58490796
ethylthiocyanate,95,6.06408796
ethylthiocyanate,90,4.75562046
ethylthiocyanate,85,3.65687761
ethylthiocyanate,80,2.75734829
ethylthiocyanate,75,2.03948757
ethylthiocyanate,70,1.48077960
ethylthiocyanate,65,1.05620577
ethylthiocyanate,60,0.74070906
ethylthiocyanate,55,0.51108896
ethylthiocyanate,50,0.34715970
ethylthiocyanate,45,0.23221485
ethylthiocyanate,40,0.15297879
ethylthiocyanate,35,0.09924733
ethylthiocyanate,30,0.06339293
ethylthiocyanate,25,0.03984895
ethoxy-ethene,160,31.57097389
ethoxy-ethene,155,27.92587602
ethoxy-ethene,150,24.39479631
ethoxy-ethene,145,21.02028997
ethoxy-ethene,140,17.84571011
ethoxy-ethene,135,14.91231830
ethoxy-ethene,130,12.25481321
ethoxy-ethene,125,9.89845879
ethoxy-ethene,120,7.85642289
ethoxy-ethene,115,6.12788487
ethoxy-ethene,110,4.69889364
ethoxy-ethene,105,3.54445946
ethoxy-ethene,100,2.63209673
ethoxy-ethene,95,1.92572449
ethoxy-ethene,90,1.38914352
ethoxy-ethene,85,0.98862259
ethoxy-ethene,80,0.69445835
ethoxy-ethene,75,0.48164169
ethoxy-ethene,70,0.32985456
ethoxy-ethene,65,0.22306618
ethoxy-ethene,60,0.14893298
ethoxy-ethene,55,0.09814671
ethoxy-ethene,50,0.06381536
ethoxy-ethene,45,0.04092015
ethoxy-ethene,40,0.02586276
ethoxy-ethene,35,0.01610163
ethoxy-ethene,30,0.00986789
ethoxy-ethene,25,0.00594856
1-penten-3-one,160,29.36286277
1-penten-3-one,155,26.00464375
1-penten-3-one,150,22.77275575
1-penten-3-one,145,19.69884802
1-penten-3-one,140,16.81473633
1-penten-3-one,135,14.14949057
1-penten-3-one,130,11.72857716
1-penten-3-one,125,9.57033628
1-penten-3-one,120,7.68449607
1-penten-3-one,115,6.07104774
1-penten-3-one,110,4.71993126
1-penten-3-one,105,3.61247812
1-penten-3-one,100,2.72340674
1-penten-3-one,95,2.02365305
1-penten-3-one,90,1.48306418
1-penten-3-one,85,1.07260495
1-penten-3-one,80,0.76592365
1-penten-3-one,75,0.54019095
1-penten-3-one,70,0.37636899
1-penten-3-one,65,0.25906714
1-penten-3-one,60,0.17616238
1-penten-3-one,55,0.11831377
1-penten-3-one,50,0.07846075
1-penten-3-one,45,0.05135682
1-penten-3-one,40,0.03316426
1-penten-3-one,35,0.02111712
1-penten-3-one,30,0.01325035
1-penten-3-one,25,0.00818758
ethene,160,100.00000000
ethene,155,64.57854609
ethene,150,61.93423480
ethene,145,59.15808955
ethene,140,56.24515910
ethene,135,53.19397758
ethene,130,50.00282742
ethene,125,46.67415438
ethene,120,43.21428626
ethene,115,39.63440579
ethene,110,35.95270301
ethene,105,32.19430446
ethene,100,28.39673899
ethene,95,24.61129994
ethene,90,20.89786478
ethene,85,17.33462745
ethene,80,14.00411160
ethene,75,10.98890051
ethene,70,8.35918240
ethene,65,6.15853530
ethene,60,4.39586933
ethene,55,3.04434031
ethene,50,2.05011305
ethene,45,1.34571509
ethene,40,0.86295741
ethene,35,0.54156583
ethene,30,0.33300799
ethene,25,0.20075952
"1,3-dioxolan-2-one",160,0.23819296
"1,3-dioxolan-2-one",155,0.16748302
"1,3-dioxolan-2-one",150,0.11697938
"1,3-dioxolan-2-one",145,0.08112399
"1,3-dioxolan-2-one",140,0.05583622
"1,3-dioxolan-2-one",135,0.03812847
"1,3-dioxolan-2-one",130,0.02582256
"1,3-dioxolan-2-one",125,0.01733894
"1,3-dioxolan-2-one",120,0.01153930
"1,3-dioxolan-2-one",115,0.00760908
"1,3-dioxolan-2-one",110,0.00496984
"1,3-dioxolan-2-one",105,0.00321418
"1,3-dioxolan-2-one",100,0.00205766
"1,3-dioxolan-2-one",95,0.00130349
"1,3-dioxolan-2-one",90,0.00081680
"1,3-dioxolan-2-one",85,0.00050612
"1,3-dioxolan-2-one",80,0.00030999
"1,3-dioxolan-2-one",75,0.00018760
"1,3-dioxolan-2-one",70,0.00011213
"1,3-dioxolan-2-one",65,0.00006617
"1,3-dioxolan-2-one",60,0.00003853
"1,3-dioxolan-2-one",55,0.00002213
"1,3-dioxolan-2-one",50,0.00001253
"1,3-dioxolan-2-one",45,0.00000699
"1,3-dioxolan-2-one",40,0.00000384
"1,3-dioxolan-2-one",35,0.00000208
"1,3-dioxolan-2-one",30,0.00000111
"1,3-dioxolan-2-one",25,0.00000058
2-chloroethanol,160,12.53641322
2-chloroethanol,155,9.54974353
2-chloroethanol,150,7.14161984
2-chloroethanol,145,5.25373332
2-chloroethanol,140,3.80863809
2-chloroethanol,135,2.72461052
2-chloroethanol,130,1.92534619
2-chloroethanol,125,1.34484318
2-chloroethanol,120,0.92888171
2-chloroethanol,115,0.63452452
2-chloroethanol,110,0.42868511
2-chloroethanol,105,0.28640537
2-chloroethanol,100,0.18918648
2-chloroethanol,95,0.12352413
2-chloroethanol,90,0.07969541
2-chloroethanol,85,0.05079105
2-chloroethanol,80,0.03196352
2-chloroethanol,75,0.01985487
2-chloroethanol,70,0.01216879
2-chloroethanol,65,0.00735544
2-chloroethanol,60,0.00438284
2-chloroethanol,55,0.00257324
2-chloroethanol,50,0.00148786
2-chloroethanol,45,0.00084678
2-chloroethanol,40,0.00047408
2-chloroethanol,35,0.00026093
2-chloroethanol,30,0.00014110
2-chloroethanol,25,0.00007491
ethylenecyanohydrin,160,0.02065948
ethylenecyanohydrin,155,0.01406004
ethylenecyanohydrin,150,0.00949236
ethylenecyanohydrin,145,0.00635597
ethylenecyanohydrin,140,0.00422000
ethylenecyanohydrin,135,0.00277761
ethylenecyanohydrin,130,0.00181201
ethylenecyanohydrin,125,0.00117136
ethylenecyanohydrin,120,0.00075018
ethylenecyanohydrin,115,0.00047587
ethylenecyanohydrin,110,0.00029893
ethylenecyanohydrin,105,0.00018591
ethylenecyanohydrin,100,0.00011444
ethylenecyanohydrin,95,0.00006971
ethylenecyanohydrin,90,0.00004201
ethylenecyanohydrin,85,0.00002504
ethylenecyanohydrin,80,0.00001476
ethylenecyanohydrin,75,0.00000860
ethylenecyanohydrin,70,0.00000495
ethylenecyanohydrin,65,0.00000282
ethylenecyanohydrin,60,0.00000158
ethylenecyanohydrin,55,0.00000088
ethylenecyanohydrin,50,0.00000048
ethylenecyanohydrin,45,0.00000026
ethylenecyanohydrin,40,0.00000014
ethylenecyanohydrin,35,0.00000007
ethylenecyanohydrin,30,0.00000004
ethylenecyanohydrin,25,0.00000002
"1,2-dibromoethane",160,23.21617866
"1,2-dibromoethane",155,21.26022637
"1,2-dibromoethane",150,19.39799695
"1,2-dibromoethane",145,17.62727909
"1,2-dibromoethane",140,15.94789658
"1,2-dibromoethane",135,14.35776370
"1,2-dibromoethane",130,12.85593942
"1,2-dibromoethane",125,11.44203715
"1,2-dibromoethane",120,10.11571706
"1,2-dibromoethane",115,8.87697505
"1,2-dibromoethane",110,7.72631707
"1,2-dibromoethane",105,6.66365710
"1,2-dibromoethane",100,5.68983160
"1,2-dibromoethane",95,4.80508277
"1,2-dibromoethane",90,4.00965400
"1,2-dibromoethane",85,3.30294884
"1,2-dibromoethane",80,2.68358291
"1,2-dibromoethane",75,2.14901732
"1,2-dibromoethane",70,1.69531737
"1,2-dibromoethane",65,1.31710812
"1,2-dibromoethane",60,1.00770751
"1,2-dibromoethane",55,0.75938183
"1,2-dibromoethane",50,0.56382900
"1,2-dibromoethane",45,0.41264998
"1,2-dibromoethane",40,0.29782425
"1,2-dibromoethane",35,0.21206181
"1,2-dibromoethane",30,0.14901467
"1,2-dibromoethane",25,0.10335898
"1,2-dichloroethane",160,26.30214140
"1,2-dichloroethane",155,23.14416320
"1,2-dichloroethane",150,20.12961767
"1,2-dichloroethane",145,17.28641966
"1,2-dichloroethane",140,14.64138013
"1,2-dichloroethane",135,12.21909320
"1,2-dichloroethane",130,10.03972662
"1,2-dichloroethane",125,8.11641376
"1,2-dichloroethane",120,6.45389704
"1,2-dichloroethane",115,5.04767969
"1,2-dichloroethane",110,3.88412551
"1,2-dichloroethane",105,2.94212191
"1,2-dichloroethane",100,2.19530434
"1,2-dichloroethane",95,1.61483137
"1,2-dichloroethane",90,1.17188065
"1,2-dichloroethane",85,0.83955491
"1,2-dichloroethane",80,0.59409204
"1,2-dichloroethane",75,0.41539384
"1,2-dichloroethane",70,0.28705459
"1,2-dichloroethane",65,0.19606527
"1,2-dichloroethane",60,0.13235670
"1,2-dichloroethane",55,0.08829346
"1,2-dichloroethane",50,0.05818819
"1,2-dichloroethane",45,0.03787172
"1,2-dichloroethane",40,0.02433259
"1,2-dichloroethane",35,0.01542574
"1,2-dichloroethane",30,0.00964397
"1,2-dichloroethane",25,0.00594239
"1,2-ethanedioldinitrate",160,21.86040775
"1,2-ethanedioldinitrate",155,19.62858809
"1,2-ethanedioldinitrate",150,17.53301492
"1,2-ethanedioldinitrate",145,15.57277160
"1,2-ethanedioldinitrate",140,13.74899144
"1,2-ethanedioldinitrate",135,12.06153559
"1,2-ethanedioldinitrate",130,10.50951322
"1,2-ethanedioldinitrate",125,9.09118481
"1,2-ethanedioldinitrate",120,7.80423260
"1,2-ethanedioldinitrate",115,6.64563070
"1,2-ethanedioldinitrate",110,5.61125793
"1,2-ethanedioldinitrate",105,4.69637993
"1,2-ethanedioldinitrate",100,3.89518293
"1,2-ethanedioldinitrate",95,3.20091222
"1,2-ethanedioldinitrate",90,2.60588382
"1,2-ethanedioldinitrate",85,2.10176103
"1,2-ethanedioldinitrate",80,1.67962648
"1,2-ethanedioldinitrate",75,1.33025121
"1,2-ethanedioldinitrate",70,1.04442427
"1,2-ethanedioldinitrate",65,0.81320279
"1,2-ethanedioldinitrate",60,0.62815941
"1,2-ethanedioldinitrate",55,0.48157753
"1,2-ethanedioldinitrate",50,0.36657712
"1,2-ethanedioldinitrate",45,0.27716320
"1,2-ethanedioldinitrate",40,0.20822524
"1,2-ethanedioldinitrate",35,0.15549004
"1,2-ethanedioldinitrate",30,0.11544425
"1,2-ethanedioldinitrate",25,0.08524312
glycol,160,0.15267809
glycol,155,0.10127440
glycol,150,0.06655404
glycol,145,0.04331653
glycol,140,0.02791321
glycol,135,0.01780454
glycol,130,0.01123873
glycol,125,0.00701911
glycol,120,0.00433656
glycol,115,0.00264995
glycol,110,0.00160138
glycol,105,0.00095689
glycol,100,0.00056530
glycol,95,0.00033014
glycol,90,0.00019059
glycol,85,0.00010874
glycol,80,0.00006131
glycol,75,0.00003416
glycol,70,0.00001881
glycol,65,0.00001023
glycol,60,0.00000550
glycol,55,0.00000292
glycol,50,0.00000153
glycol,45,0.00000079
glycol,40,0.00000040
glycol,35,0.00000020
glycol,30,0.00000010
glycol,25,0.00000005
2-butoxyethanolacetate,160,8.49033705
2-butoxyethanolacetate,155,6.82686624
2-butoxyethanolacetate,150,5.43232299
2-butoxyethanolacetate,145,4.27922300
2-butoxyethanolacetate,140,3.33815202
2-butoxyethanolacetate,135,2.57955709
2-butoxyethanolacetate,130,1.97514800
2-butoxyethanolacetate,125,1.49886301
2-butoxyethanolacetate,120,1.12744915
2-butoxyethanolacetate,115,0.84069924
2-butoxyethanolacetate,110,0.62144162
2-butoxyethanolacetate,105,0.45536115
2-butoxyethanolacetate,100,0.33072107
2-butoxyethanolacetate,95,0.23803942
2-butoxyethanolacetate,90,0.16975643
2-butoxyethanolacetate,85,0.11991772
2-butoxyethanolacetate,80,0.08388637
2-butoxyethanolacetate,75,0.05809040
2-butoxyethanolacetate,70,0.03980707
2-butoxyethanolacetate,65,0.02698244
2-butoxyethanolacetate,60,0.01808317
2-butoxyethanolacetate,55,0.01197655
2-butoxyethanolacetate,50,0.00783482
2-butoxyethanolacetate,45,0.00505973
2-butoxyethanolacetate,40,0.00322381
2-butoxyethanolacetate,35,0.00202527
2-butoxyethanolacetate,30,0.00125364
2-butoxyethanolacetate,25,0.00076407
"1,2-ethanedioldiacetate",160,6.05670831
"1,2-ethanedioldiacetate",155,4.74299139
"1,2-ethanedioldiacetate",150,3.68131189
"1,2-ethanedioldiacetate",145,2.83290369
"1,2-ethanedioldiacetate",140,2.16198885
"1,2-ethanedioldiacetate",135,1.63662652
"1,2-ethanedioldiacetate",130,1.22905594
"1,2-ethanedioldiacetate",125,0.91567665
"1,2-ethanedioldiacetate",120,0.67679508
"1,2-ethanedioldiacetate",115,0.49623679
"1,2-ethanedioldiacetate",110,0.36090107
"1,2-ethanedioldiacetate",105,0.26030736
"1,2-ethanedioldiacetate",100,0.18616513
"1,2-ethanedioldiacetate",95,0.13198450
"1,2-ethanedioldiacetate",90,0.09273535
"1,2-ethanedioldiacetate",85,0.06455613
"1,2-ethanedioldiacetate",80,0.04451016
"1,2-ethanedioldiacetate",75,0.03038492
"1,2-ethanedioldiacetate",70,0.02052913
"1,2-ethanedioldiacetate",65,0.01372211
"1,2-ethanedioldiacetate",60,0.00907030
"1,2-ethanedioldiacetate",55,0.00592616
"1,2-ethanedioldiacetate",50,0.00382528
"1,2-ethanedioldiacetate",45,0.00243818
"1,2-ethanedioldiacetate",40,0.00153370
"1,2-ethanedioldiacetate",35,0.00095155
"1,2-ethanedioldiacetate",30,0.00058192
"1,2-ethanedioldiacetate",25,0.00035055
"1,2-dibutoxyethane",160,4.45097301
"1,2-dibutoxyethane",155,3.48893030
"1,2-dibutoxyethane",150,2.71445957
"1,2-dibutoxyethane",145,2.09640051
"1,2-dibutoxyethane",140,1.60727098
"1,2-dibutoxyethane",135,1.22329531
"1,2-dibutoxyethane",130,0.92424054
"1,2-dibutoxyethane",125,0.69313310
"1,2-dibutoxyethane",120,0.51591292
"1,2-dibutoxyethane",115,0.38106558
"1,2-dibutoxyethane",110,0.27925982
"1,2-dibutoxyethane",105,0.20300746
"1,2-dibutoxyethane",100,0.14635520
"1,2-dibutoxyethane",95,0.10461257
"1,2-dibutoxyethane",90,0.07411665
"1,2-dibutoxyethane",85,0.05203199
"1,2-dibutoxyethane",80,0.03618302
"1,2-dibutoxyethane",75,0.02491531
"1,2-dibutoxyethane",70,0.01698213
"1,2-dibutoxyethane",65,0.01145276
"1,2-dibutoxyethane",60,0.00763903
"1,2-dibutoxyethane",55,0.00503713
"1,2-dibutoxyethane",50,0.00328202
"1,2-dibutoxyethane",45,0.00211202
"1,2-dibutoxyethane",40,0.00134161
"1,2-dibutoxyethane",35,0.00084078
"1,2-dibutoxyethane",30,0.00051954
"1,2-dibutoxyethane",25,0.00031635
"3,6-dioxaoctane",160,17.28944706
"3,6-dioxaoctane",155,14.63680299
"3,6-dioxaoctane",150,12.24371695
"3,6-dioxaoctane",145,10.11752099
"3,6-dioxaoctane",140,8.25799780
"3,6-dioxaoctane",135,6.65772696
"3,6-dioxaoctane",130,5.30272830
"3,6-dioxaoctane",125,4.17363367
"3,6-dioxaoctane",120,3.24729820
"3,6-dioxaoctane",115,2.49856420
"3,6-dioxaoctane",110,1.90190872
"3,6-dioxaoctane",105,1.43276781
"3,6-dioxaoctane",100,1.06851751
"3,6-dioxaoctane",95,0.78906007
"3,6-dioxaoctane",90,0.57707166
"3,6-dioxaoctane",85,0.41799881
"3,6-dioxaoctane",80,0.29987940
"3,6-dioxaoctane",75,0.21306575
"3,6-dioxaoctane",70,0.14990503
"3,6-dioxaoctane",65,0.10441628
"3,6-dioxaoctane",60,0.07198796
"3,6-dioxaoctane",55,0.04910889
"3,6-dioxaoctane",50,0.03313738
"3,6-dioxaoctane",45,0.02210880
"3,6-dioxaoctane",40,0.01457860
"3,6-dioxaoctane",35,0.00949659
"3,6-dioxaoctane",30,0.00610805
"3,6-dioxaoctane",25,0.00387692
"1,2-dimethoxyethane",160,30.86457885
"1,2-dimethoxyethane",155,27.75498307
"1,2-dimethoxyethane",150,24.74372852
"1,2-dimethoxyethane",145,21.85117094
"1,2-dimethoxyethane",140,19.09814776
"1,2-dimethoxyethane",135,16.50594939
"1,2-dimethoxyethane",130,14.09432190
"1,2-dimethoxyethane",125,11.88113648
"1,2-dimethoxyethane",120,9.88035136
"1,2-dimethoxyethane",115,8.10105423
"1,2-dimethoxyethane",110,6.54627140
"1,2-dimethoxyethane",105,5.21277143
"1,2-dimethoxyethane",100,4.09061146
"1,2-dimethoxyethane",95,3.16421425
"1,2-dimethoxyethane",90,2.41372269
"1,2-dimethoxyethane",85,1.81667586
"1,2-dimethoxyethane",80,1.34982154
"1,2-dimethoxyethane",75,0.99064151
"1,2-dimethoxyethane",70,0.71845457
"1,2-dimethoxyethane",65,0.51509171
"1,2-dimethoxyethane",60,0.36515893
"1,2-dimethoxyethane",55,0.25600644
"1,2-dimethoxyethane",50,0.17750145
"1,2-dimethoxyethane",45,0.12170265
"1,2-dimethoxyethane",40,0.08250297
"1,2-dimethoxyethane",35,0.05528387
"1,2-dimethoxyethane",30,0.03660516
"1,2-dimethoxyethane",25,0.02394023
2-(2-ethylhexyl)oxyethanol,160,2.75181277
2-(2-ethylhexyl)oxyethanol,155,2.09526543
2-(2-ethylhexyl)oxyethanol,150,1.58332173
2-(2-ethylhexyl)oxyethanol,145,1.18721948
2-(2-ethylhexyl)oxyethanol,140,0.88313104
2-(2-ethylhexyl)oxyethanol,135,0.65152948
2-(2-ethylhexyl)oxyethanol,130,0.47656755
2-(2-ethylhexyl)oxyethanol,125,0.34550096
2-(2-ethylhexyl)oxyethanol,120,0.24816963
2-(2-ethylhexyl)oxyethanol,115,0.17654338
2-(2-ethylhexyl)oxyethanol,110,0.12432999
2-(2-ethylhexyl)oxyethanol,105,0.08664238
2-(2-ethylhexyl)oxyethanol,100,0.05971919
2-(2-ethylhexyl)oxyethanol,95,0.04069272
2-(2-ethylhexyl)oxyethanol,90,0.02739812
2-(2-ethylhexyl)oxyethanol,85,0.01821796
2-(2-ethylhexyl)oxyethanol,80,0.01195694
2-(2-ethylhexyl)oxyethanol,75,0.00774177
2-(2-ethylhexyl)oxyethanol,70,0.00494210
2-(2-ethylhexyl)oxyethanol,65,0.00310870
2-(2-ethylhexyl)oxyethanol,60,0.00192565
2-(2-ethylhexyl)oxyethanol,55,0.00117392
2-(2-ethylhexyl)oxyethanol,50,0.00070386
2-(2-ethylhexyl)oxyethanol,45,0.00041479
2-(2-ethylhexyl)oxyethanol,40,0.00024008
2-(2-ethylhexyl)oxyethanol,35,0.00013639
2-(2-ethylhexyl)oxyethanol,30,0.00007600
2-(2-ethylhexyl)oxyethanol,25,0.00004150
ethylenglycolmonobenzylether,160,9.75042317
ethylenglycolmonobenzylether,155,7.84060234
ethylenglycolmonobenzylether,150,6.22521716
ethylenglycolmonobenzylether,145,4.88166003
ethylenglycolmonobenzylether,140,3.78222285
ethylenglycolmonobenzylether,135,2.89639774
ethylenglycolmonobenzylether,130,2.19309060
ethylenglycolmonobenzylether,125,1.64238936
ethylenglycolmonobenzylether,120,1.21679862
ethylenglycolmonobenzylether,115,0.89197036
ethylenglycolmonobenzylether,110,0.64699345
ethylenglycolmonobenzylether,105,0.46436490
ethylenglycolmonobenzylether,100,0.32975220
ethylenglycolmonobenzylether,95,0.23163995
ethylenglycolmonobenzylether,90,0.16093079
ethylenglycolmonobenzylether,85,0.11054641
ethylenglycolmonobenzylether,80,0.07505687
ethylenglycolmonobenzylether,75,0.05035247
ethylenglycolmonobenzylether,70,0.03336304
ethylenglycolmonobenzylether,65,0.02182441
ethylenglycolmonobenzylether,60,0.01408827
ethylenglycolmonobenzylether,55,0.00897029
ethylenglycolmonobenzylether,50,0.00563086
ethylenglycolmonobenzylether,45,0.00348285
ethylenglycolmonobenzylether,40,0.00212154
ethylenglycolmonobenzylether,35,0.00127196
ethylenglycolmonobenzylether,30,0.00075012
ethylenglycolmonobenzylether,25,0.00043486
2-ethoxyethylacrylate,160,11.17865298
2-ethoxyethylacrylate,155,9.12162346
2-ethoxyethylacrylate,150,7.35496220
2-ethoxyethylacrylate,145,5.86162803
2-ethoxyethylacrylate,140,4.61878285
2-ethoxyethylacrylate,135,3.59972444
2-ethoxyethylacrylate,130,2.77593820
2-ethoxyethylacrylate,125,2.11887208
2-ethoxyethylacrylate,120,1.60136293
2-ethoxyethylacrylate,115,1.19859124
2-ethoxyethylacrylate,110,0.88863412
2-ethoxyethylacrylate,105,0.65265785
2-ethoxyethylacrylate,100,0.47485973
2-ethoxyethylacrylate,95,0.34224480
2-ethoxyethylacrylate,90,0.24431203
2-ethoxyethylacrylate,85,0.17270589
2-ethoxyethylacrylate,80,0.12086951
2-ethoxyethylacrylate,75,0.08372289
2-ethoxyethylacrylate,70,0.05737719
2-ethoxyethylacrylate,65,0.03888951
2-ethoxyethylacrylate,60,0.02605770
2-ethoxyethylacrylate,55,0.01725220
2-ethoxyethylacrylate,50,0.01128066
2-ethoxyethylacrylate,45,0.00728058
2-ethoxyethylacrylate,40,0.00463533
2-ethoxyethylacrylate,35,0.00290938
2-ethoxyethylacrylate,30,0.00179899
2-ethoxyethylacrylate,25,0.00109509
2-hexyloxyethanol,160,4.42919531
2-hexyloxyethanol,155,3.38169723
2-hexyloxyethanol,150,2.55834224
2-hexyloxyethanol,145,1.91794933
2-hexyloxyethanol,140,1.42485039
2-hexyloxyethanol,135,1.04886174
2-hexyloxyethanol,130,0.76492112
2-hexyloxyethanol,125,0.55254976
2-hexyloxyethanol,120,0.39524619
2-hexyloxyethanol,115,0.27988071
2-hexyloxyethanol,110,0.19612811
2-hexyloxyethanol,105,0.13595929
2-hexyloxyethanol,100,0.09319890
2-hexyloxyethanol,95,0.06314925
2-hexyloxyethanol,90,0.04227634
2-hexyloxyethanol,85,0.02795176
2-hexyloxyethanol,80,0.01824358
2-hexyloxyethanol,75,0.01174905
2-hexyloxyethanol,70,0.00746253
2-hexyloxyethanol,65,0.00467258
2-hexyloxyethanol,60,0.00288273
2-hexyloxyethanol,55,0.00175153
2-hexyloxyethanol,50,0.00104756
2-hexyloxyethanol,45,0.00061640
2-hexyloxyethanol,40,0.00035665
2-hexyloxyethanol,35,0.00020280
2-hexyloxyethanol,30,0.00011326
2-hexyloxyethanol,25,0.00006209
2-propoxyethanol,160,12.95877294
2-propoxyethanol,155,10.33110853
2-propoxyethanol,150,8.10431151
2-propoxyethanol,145,6.25956613
2-propoxyethanol,140,4.76381228
2-propoxyethanol,135,3.57502961
2-propoxyethanol,130,2.64745276
2-propoxyethanol,125,1.93581008
2-propoxyethanol,120,1.39825870
2-propoxyethanol,115,0.99803378
2-propoxyethanol,110,0.70407595
2-propoxyethanol,105,0.49095466
2-propoxyethanol,100,0.33837394
2-propoxyethanol,95,0.23048103
2-propoxyethanol,90,0.15512287
2-propoxyethanol,85,0.10313722
2-propoxyethanol,80,0.06772248
2-propoxyethanol,75,0.04390291
2-propoxyethanol,70,0.02808999
2-propoxyethanol,65,0.01773185
2-propoxyethanol,60,0.01103926
2-propoxyethanol,55,0.00677551
2-propoxyethanol,50,0.00409812
2-propoxyethanol,45,0.00244168
2-propoxyethanol,40,0.00143238
2-propoxyethanol,35,0.00082699
2-propoxyethanol,30,0.00046967
2-propoxyethanol,25,0.00026225
ethyleneglycoltert-butylether,160,11.49750224
ethyleneglycoltert-butylether,155,9.22244840
ethyleneglycoltert-butylether,150,7.29756130
ethyleneglycoltert-butylether,145,5.69902979
ethyleneglycoltert-butylether,140,4.39483852
ethyleneglycoltert-butylether,135,3.34834137
ethyleneglycoltert-butylether,130,2.52155123
ethyleneglycoltert-butylether,125,1.87771231
ethyleneglycoltert-butylether,120,1.38306929
ethyleneglycoltert-butylether,115,1.00785490
ethyleneglycoltert-butylether,110,0.72666247
ethyleneglycoltert-butylether,105,0.51838013
ethyleneglycoltert-butylether,100,0.36585471
ethyleneglycoltert-butylether,95,0.25541455
ethyleneglycoltert-butylether,90,0.17634551
ethyleneglycoltert-butylether,85,0.12037817
ethyleneglycoltert-butylether,80,0.08121944
ethyleneglycoltert-butylether,75,0.05414403
ethyleneglycoltert-butylether,70,0.03564975
ethyleneglycoltert-butylether,65,0.02317420
ethyleneglycoltert-butylether,60,0.01486666
ethyleneglycoltert-butylether,55,0.00940791
ethyleneglycoltert-butylether,50,0.00587012
ethyleneglycoltert-butylether,45,0.00360971
ethyleneglycoltert-butylether,40,0.00218654
ethyleneglycoltert-butylether,35,0.00130401
ethyleneglycoltert-butylether,30,0.00076526
ethyleneglycoltert-butylether,25,0.00044168
2-butoxyethanol,160,8.94915166
2-butoxyethanol,155,6.98333519
2-butoxyethanol,150,5.37780539
2-butoxyethanol,145,4.08967647
2-butoxyethanol,140,3.07299830
2-butoxyethanol,135,2.28257992
2-butoxyethanol,130,1.67659143
2-butoxyethanol,125,1.21803438
2-butoxyethanol,120,0.87531763
2-butoxyethanol,115,0.62221909
2-butoxyethanol,110,0.43747328
2-butoxyethanol,105,0.30417052
2-butoxyethanol,100,0.20909366
2-butoxyethanol,95,0.14207010
2-butoxyethanol,90,0.09538200
2-butoxyethanol,85,0.06325332
2-butoxyethanol,80,0.04141858
2-butoxyethanol,75,0.02676927
2-butoxyethanol,70,0.01707011
2-butoxyethanol,65,0.01073540
2-butoxyethanol,60,0.00665583
2-butoxyethanol,55,0.00406634
2-butoxyethanol,50,0.00244699
2-butoxyethanol,45,0.00144974
2-butoxyethanol,40,0.00084523
2-butoxyethanol,35,0.00048470
2-butoxyethanol,30,0.00027325
2-butoxyethanol,25,0.00015136
ethoxyethanol,160,19.18354077
ethoxyethanol,155,15.83887811
ethoxyethanol,150,12.84084702
ethoxyethanol,145,10.21963358
ethoxyethanol,140,7.98600155
ethoxyethanol,135,6.13059871
ethoxyethanol,130,4.62695103
ethoxyethanol,125,3.43641721
ethoxyethanol,120,2.51386739
ethoxyethanol,115,1.81292088
ethoxyethanol,110,1.28982264
ethoxyethanol,105,0.90581535
ethoxyethanol,100,0.62817273
ethoxyethanol,95,0.43028116
ethoxyethanol,90,0.29114243
ethoxyethanol,85,0.19459739
ethoxyethanol,80,0.12847159
ethoxyethanol,75,0.08376187
ethoxyethanol,70,0.05392157
ethoxyethanol,65,0.03426460
ethoxyethanol,60,0.02148681
ethoxyethanol,55,0.01329247
ethoxyethanol,50,0.00810964
ethoxyethanol,45,0.00487756
ethoxyethanol,40,0.00289097
ethoxyethanol,35,0.00168789
ethoxyethanol,30,0.00097032
ethoxyethanol,25,0.00054897
2-ethoxyethanolacetate,160,13.43363309
2-ethoxyethanolacetate,155,11.11226651
2-ethoxyethanolacetate,150,9.07985346
2-ethoxyethanolacetate,145,7.32919969
2-ethoxyethanolacetate,140,5.84557590
2-ethoxyethanolacetate,135,4.60812852
2-ethoxyethanolacetate,130,3.59180200
2-ethoxyethanolacetate,125,2.76927202
2-ethoxyethanolacetate,120,2.11278864
2-ethoxyethanolacetate,115,1.59565019
2-ethoxyethanolacetate,110,1.19326994
2-ethoxyethanolacetate,105,0.88380038
2-ethoxyethanolacetate,100,0.64840267
2-ethoxyethanolacetate,95,0.47123339
2-ethoxyethanolacetate,90,0.33924995
2-ethoxyethanolacetate,85,0.24191144
2-ethoxyethanolacetate,80,0.17083523
2-ethoxyethanolacetate,75,0.11945064
2-ethoxyethanolacetate,70,0.08267448
2-ethoxyethanolacetate,65,0.05662218
2-ethoxyethanolacetate,60,0.03835962
2-ethoxyethanolacetate,55,0.02569545
2-ethoxyethanolacetate,50,0.01701124
2-ethoxyethanolacetate,45,0.01112500
2-ethoxyethanolacetate,40,0.00718318
2-ethoxyethanolacetate,35,0.00457654
2-ethoxyethanolacetate,30,0.00287538
2-ethoxyethanolacetate,25,0.00178034
2-isopropoxyethanol,160,15.60922530
2-isopropoxyethanol,155,12.76753493
2-isopropoxyethanol,150,10.27868404
2-isopropoxyethanol,145,8.14586511
2-isopropoxyethanol,140,6.35724545
2-isopropoxyethanol,135,4.88841499
2-isopropoxyethanol,130,3.70604332
2-isopropoxyethanol,125,2.77189003
2-isopropoxyethanol,120,2.04655297
2-isopropoxyethanol,115,1.49233837
2-isopropoxyethanol,110,1.07516022
2-isopropoxyethanol,105,0.76550697
2-isopropoxyethanol,100,0.53870337
2-isopropoxyethanol,95,0.37469676
2-isopropoxyethanol,90,0.25757411
2-isopropoxyethanol,85,0.17496149
2-isopropoxyethanol,80,0.11740770
2-isopropoxyethanol,75,0.07781010
2-isopropoxyethanol,70,0.05091106
2-isopropoxyethanol,65,0.03287460
2-isopropoxyethanol,60,0.02094127
2-isopropoxyethanol,55,0.01315377
2-isopropoxyethanol,50,0.00814333
2-isopropoxyethanol,45,0.00496649
2-isopropoxyethanol,40,0.00298246
2-isopropoxyethanol,35,0.00176257
2-isopropoxyethanol,30,0.00102454
2-isopropoxyethanol,25,0.00058541
2-methoxyethanol,160,21.09488568
2-methoxyethanol,155,17.32706419
2-methoxyethanol,150,13.93923621
2-methoxyethanol,145,10.98030767
2-methoxyethanol,140,8.47223293
2-methoxyethanol,135,6.40830767
2-methoxyethanol,130,4.75725856
2-methoxyethanol,125,3.47070384
2-methoxyethanol,120,2.49173584
2-methoxyethanol,115,1.76250359
2-methoxyethanol,110,1.22951236
2-methoxyethanol,105,0.84653212
2-methoxyethanol,100,0.57557163
2-methoxyethanol,95,0.38659389
2-methoxyethanol,90,0.25656414
2-methoxyethanol,85,0.16824943
2-methoxyethanol,80,0.10902286
2-methoxyethanol,75,0.06979850
2-methoxyethanol,70,0.04414417
2-methoxyethanol,65,0.02757499
2-methoxyethanol,60,0.01700877
2-methoxyethanol,55,0.01035701
2-methoxyethanol,50,0.00622408
2-methoxyethanol,45,0.00369027
2-methoxyethanol,40,0.00215792
2-methoxyethanol,35,0.00124405
2-methoxyethanol,30,0.00070679
2-methoxyethanol,25,0.00039553
ethyleneglycolmonomethyletheracetate,160,15.53835185
ethyleneglycolmonomethyletheracetate,155,12.97856377
ethyleneglycolmonomethyletheracetate,150,10.70567232
ethyleneglycolmonomethyletheracetate,145,8.72014856
ethyleneglycolmonomethyletheracetate,140,7.01437500
ethyleneglycolmonomethyletheracetate,135,5.57318198
ethyleneglycolmonomethyletheracetate,130,4.37528153
ethyleneglycolmonomethyletheracetate,125,3.39525592
ethyleneglycolmonomethyletheracetate,120,2.60550355
ethyleneglycolmonomethyletheracetate,115,1.97811467
ethyleneglycolmonomethyletheracetate,110,1.48635389
ethyleneglycolmonomethyletheracetate,105,1.10572719
ethyleneglycolmonomethyletheracetate,100,0.81458805
ethyleneglycolmonomethyletheracetate,95,0.59438189
ethyleneglycolmonomethyletheracetate,90,0.42960253
ethyleneglycolmonomethyletheracetate,85,0.30756905
ethyleneglycolmonomethyletheracetate,80,0.21810268
ethyleneglycolmonomethyletheracetate,75,0.15316512
ethyleneglycolmonomethyletheracetate,70,0.10650020
ethyleneglycolmonomethyletheracetate,65,0.07330262
ethyleneglycolmonomethyletheracetate,60,0.04992660
ethyleneglycolmonomethyletheracetate,55,0.03363819
ethyleneglycolmonomethyletheracetate,50,0.02241028
ethyleneglycolmonomethyletheracetate,45,0.01475653
ethyleneglycolmonomethyletheracetate,40,0.00959917
ethyleneglycolmonomethyletheracetate,35,0.00616552
ethyleneglycolmonomethyletheracetate,30,0.00390794
ethyleneglycolmonomethyletheracetate,25,0.00244290
ethylenesulfite,160,7.78762975
ethylenesulfite,155,5.91872681
ethylenesulfite,150,4.45043350
ethylenesulfite,145,3.31388148
ethylenesulfite,140,2.44518229
ethylenesulfite,135,1.78853231
ethylenesulfite,130,1.29712362
ethylenesulfite,125,0.93280059
ethylenesulfite,120,0.66511211
ethylenesulfite,115,0.47015285
ethylenesulfite,110,0.32940778
ethylenesulfite,105,0.22870220
ethylenesulfite,100,0.15729801
ethylenesulfite,95,0.10714048
ethylenesulfite,90,0.07224553
ethylenesulfite,85,0.04820971
ethylenesulfite,80,0.03182392
ethylenesulfite,75,0.02077248
ethylenesulfite,70,0.01340137
ethylenesulfite,65,0.00854154
ethylenesulfite,60,0.00537577
ethylenesulfite,55,0.00333918
ethylenesulfite,50,0.00204599
ethylenesulfite,45,0.00123591
ethylenesulfite,40,0.00073558
ethylenesulfite,35,0.00043108
ethylenesulfite,30,0.00024859
ethylenesulfite,25,0.00014097
ethyleneoxide,160,55.56812388
ethyleneoxide,155,52.74209819
ethyleneoxide,150,49.85306554
ethyleneoxide,145,46.90869327
ethyleneoxide,140,43.91509004
ethyleneoxide,135,40.88127357
ethyleneoxide,130,37.82080401
ethyleneoxide,125,34.74199969
ethyleneoxide,120,31.66211751
ethyleneoxide,115,28.59812263
ethyleneoxide,110,25.57110185
ethyleneoxide,105,22.60463091
ethyleneoxide,100,19.72416171
ethyleneoxide,95,16.96195337
ethyleneoxide,90,14.34713136
ethyleneoxide,85,11.91432750
ethyleneoxide,80,9.69505766
ethyleneoxide,75,7.71692407
ethyleneoxide,70,5.99991524
ethyleneoxide,65,4.55293680
ethyleneoxide,60,3.37132512
ethyleneoxide,55,2.43726156
ethyleneoxide,50,1.72213953
ethyleneoxide,45,1.19103718
ethyleneoxide,40,0.80748208
ethyleneoxide,35,0.53739773
ethyleneoxide,30,0.35147754
ethyleneoxide,25,0.22608695
thiirane,160,48.22907500
thiirane,155,45.37419208
thiirane,150,42.49391237
thiirane,145,39.59648917
thiirane,140,36.68797746
thiirane,135,33.77854455
thiirane,130,30.87836535
thiirane,125,28.00181223
thiirane,120,25.16231169
thiirane,115,22.37835187
thiirane,110,19.66995362
thiirane,105,17.06192282
thiirane,100,14.57828332
thiirane,95,12.24771143
thiirane,90,10.09785804
thiirane,85,8.15506028
thiirane,80,6.44079118
thiirane,75,4.96866998
thiirane,70,3.74147534
thiirane,65,2.75015493
thiirane,60,1.97444766
thiirane,55,1.38603512
thiirane,50,0.95257462
thiirane,45,0.64175824
thiirane,40,0.42428783
thiirane,35,0.27549151
thiirane,30,0.17575743
thiirane,25,0.11018933
"1,2-diaminoethane",160,31.73316852
"1,2-diaminoethane",155,28.02764546
"1,2-diaminoethane",150,24.45397866
"1,2-diaminoethane",145,21.04931643
"1,2-diaminoethane",140,17.85148238
"1,2-diaminoethane",135,14.89609458
"1,2-diaminoethane",130,12.21499418
"1,2-diaminoethane",125,9.83282550
"1,2-diaminoethane",120,7.76415483
"1,2-diaminoethane",115,6.01166503
"1,2-diaminoethane",110,4.56461167
"1,2-diaminoethane",105,3.40040953
"1,2-diaminoethane",100,2.48725170
"1,2-diaminoethane",95,1.78809202
"1,2-diaminoethane",90,1.26468045
"1,2-diaminoethane",85,0.88084546
"1,2-diaminoethane",80,0.60462692
"1,2-diaminoethane",75,0.40926133
"1,2-diaminoethane",70,0.27328143
"1,2-diaminoethane",65,0.18005513
"1,2-diaminoethane",60,0.11705927
"1,2-diaminoethane",55,0.07508797
"1,2-diaminoethane",50,0.04751267
"1,2-diaminoethane",45,0.02964787
"1,2-diaminoethane",40,0.01823726
"1,2-diaminoethane",35,0.01105396
"1,2-diaminoethane",30,0.00659863
"1,2-diaminoethane",25,0.00387732
aziridine,160,55.93237192
aziridine,155,53.01431542
aziridine,150,50.00976732
aziridine,145,46.92186772
aziridine,140,43.75613193
aziridine,135,40.52034610
aziridine,130,37.22484503
aziridine,125,33.88491263
aziridine,120,30.52078455
aziridine,115,27.15660334
aziridine,110,23.82348488
aziridine,105,20.56133813
aziridine,100,17.41509655
aziridine,95,14.43710685
aziridine,90,11.68188251
aziridine,85,9.20310647
aziridine,80,7.04442547
aziridine,75,5.23278474
aziridine,70,3.77175785
aziridine,65,2.64054208
aziridine,60,1.79876168
aziridine,55,1.19496325
aziridine,50,0.77589836
aziridine,45,0.49334991
aziridine,40,0.30763081
aziridine,35,0.18829415
aziridine,30,0.11318514
aziridine,25,0.06682526
eugenol,160,10.69470168
eugenol,155,8.82479858
eugenol,150,7.20712142
eugenol,145,5.82633916
eugenol,140,4.66326427
eugenol,135,3.69617933
eugenol,130,2.90204100
eugenol,125,2.25768963
eugenol,120,1.74080253
eugenol,115,1.33063521
eugenol,110,1.00849357
eugenol,105,0.75796307
eugenol,100,0.56495682
eugenol,95,0.41761944
eugenol,90,0.30614363
eugenol,85,0.22253867
eugenol,80,0.16038183
eugenol,75,0.11457398
eugenol,70,0.08111273
eugenol,65,0.05688990
eugenol,60,0.03951627
eugenol,55,0.02717337
eugenol,50,0.01849059
eugenol,45,0.01244487
eugenol,40,0.00828010
eugenol,35,0.00544299
eugenol,30,0.00353284
eugenol,25,0.00226257
ferulic_acid,160,2.42263224
ferulic_acid,155,1.83504818
ferulic_acid,150,1.38021554
ferulic_acid,145,1.03072828
ferulic_acid,140,0.76415354
ferulic_acid,135,0.56232108
ferulic_acid,130,0.41065137
ferulic_acid,125,0.29754818
ferulic_acid,120,0.21386505
ferulic_acid,115,0.15244703
ferulic_acid,110,0.10774283
ferulic_acid,105,0.07548100
ferulic_acid,100,0.05240255
ferulic_acid,95,0.03604247
ferulic_acid,90,0.02455282
ferulic_acid,85,0.01656099
ferulic_acid,80,0.01105698
ferulic_acid,75,0.00730490
ferulic_acid,70,0.00477391
ferulic_acid,65,0.00308505
ferulic_acid,60,0.00197069
ferulic_acid,55,0.00124384
ferulic_acid,50,0.00077539
ferulic_acid,45,0.00047718
ferulic_acid,40,0.00028976
ferulic_acid,35,0.00017352
ferulic_acid,30,0.00010242
ferulic_acid,25,0.00005955
fluorene,160,11.66071658
fluorene,155,9.65259593
fluorene,150,7.89706370
fluorene,145,6.38515030
fluorene,140,5.10263094
fluorene,135,4.03095270
fluorene,130,3.14860905
fluorene,125,2.43248154
fluorene,120,1.85919978
fluorene,115,1.40624954
fluorene,110,1.05281721
fluorene,105,0.78030328
fluorene,100,0.57256987
fluorene,95,0.41595832
fluorene,90,0.29915503
fluorene,85,0.21296365
fluorene,80,0.15003246
fluorene,75,0.10457221
fluorene,70,0.07208649
fluorene,65,0.04912807
fluorene,60,0.03308668
fluorene,55,0.02200961
fluorene,50,0.01445356
fluorene,45,0.00936456
fluorene,40,0.00598241
fluorene,35,0.00376570
fluorene,30,0.00233388
fluorene,25,0.00142310
fluorobenzene,160,27.93433737
fluorobenzene,155,24.81302102
fluorobenzene,150,21.81435681
fluorobenzene,145,18.96168246
fluorobenzene,140,16.27903024
fluorobenzene,135,13.78907287
fluorobenzene,130,11.51242465
fluorobenzene,125,9.46578693
fluorobenzene,120,7.65966183
fluorobenzene,115,6.09730838
fluorobenzene,110,4.77401264
fluorobenzene,105,3.67705075
fluorobenzene,100,2.78709694
fluorobenzene,95,2.08004715
fluorobenzene,90,1.52943671
fluorobenzene,85,1.10865614
fluorobenzene,80,0.79269507
fluorobenzene,75,0.55930105
fluorobenzene,70,0.38952753
fluorobenzene,65,0.26781901
fluorobenzene,60,0.18178134
fluorobenzene,55,0.12178587
fluorobenzene,50,0.08051306
fluorobenzene,45,0.05250409
fluorobenzene,40,0.03375756
fluorobenzene,35,0.02138733
fluorobenzene,30,0.01334357
fluorobenzene,25,0.00819233
fluoroethene,160,100.00000000
fluoroethene,155,100.00000000
fluoroethene,150,51.25631541
fluoroethene,145,48.51505822
fluoroethene,140,45.72406663
fluoroethene,135,42.88886315
fluoroethene,130,40.01796520
fluoroethene,125,37.11530242
fluoroethene,120,34.19047774
fluoroethene,115,31.25638708
fluoroethene,110,28.32530707
fluoroethene,105,25.41526304
fluoroethene,100,22.54454235
fluoroethene,95,19.73928496
fluoroethene,90,17.02546015
fluoroethene,85,14.43600440
fluoroethene,80,12.00475461
fluoroethene,75,9.76776491
fluoroethene,70,7.75844363
fluoroethene,65,6.00418262
fluoroethene,60,4.52117321
fluoroethene,55,3.31086309
fluoroethene,50,2.35885136
fluoroethene,45,1.63694491
fluoroethene,40,1.10831058
fluoroethene,35,0.73342428
fluoroethene,30,0.47513395
fluoroethene,25,0.30170820
ch3f,160,100.00000000
ch3f,155,100.00000000
ch3f,150,100.00000000
ch3f,145,100.00000000
ch3f,140,100.00000000
ch3f,135,100.00000000
ch3f,130,50.05795834
ch3f,125,47.21672154
ch3f,120,44.28993743
ch3f,115,41.28242939
ch3f,110,38.19959768
ch3f,105,35.05117242
ch3f,100,31.84738548
ch3f,95,28.60750475
ch3f,90,25.35470752
ch3f,85,22.11784414
ch3f,80,18.93726781
ch3f,75,15.86110027
ch3f,70,12.94734203
ch3f,65,10.25945964
ch3f,60,7.86118807
ch3f,55,5.80634779
ch3f,50,4.12657908
ch3f,45,2.82208890
ch3f,40,1.86063137
ch3f,35,1.18637564
ch3f,30,0.73414743
ch3f,25,0.44230129
"2-fluoro-1,3-butadiene",160,36.57342192
"2-fluoro-1,3-butadiene",155,33.21263840
"2-fluoro-1,3-butadiene",150,29.89180331
"2-fluoro-1,3-butadiene",145,26.63567143
"2-fluoro-1,3-butadiene",140,23.47290349
"2-fluoro-1,3-butadiene",135,20.43225927
"2-fluoro-1,3-butadiene",130,17.54584243
"2-fluoro-1,3-butadiene",125,14.84511044
"2-fluoro-1,3-butadiene",120,12.36000201
"2-fluoro-1,3-butadiene",115,10.11627902
"2-fluoro-1,3-butadiene",110,8.13261427
"2-fluoro-1,3-butadiene",105,6.41831732
"2-fluoro-1,3-butadiene",100,4.97206603
"2-fluoro-1,3-butadiene",95,3.78151995
"2-fluoro-1,3-butadiene",90,2.82515275
"2-fluoro-1,3-butadiene",85,2.07481057
"2-fluoro-1,3-butadiene",80,1.49910122
"2-fluoro-1,3-butadiene",75,1.06646519
"2-fluoro-1,3-butadiene",70,0.74752187
"2-fluoro-1,3-butadiene",65,0.51652420
"2-fluoro-1,3-butadiene",60,0.35195977
"2-fluoro-1,3-butadiene",55,0.23653488
"2-fluoro-1,3-butadiene",50,0.15677771
"2-fluoro-1,3-butadiene",45,0.10246571
"2-fluoro-1,3-butadiene",40,0.06601392
"2-fluoro-1,3-butadiene",35,0.04190448
"2-fluoro-1,3-butadiene",30,0.02619464
"2-fluoro-1,3-butadiene",25,0.01611424
formaldehyde,160,57.43814295
formaldehyde,155,53.63189583
formaldehyde,150,49.64324492
formaldehyde,145,45.50362653
formaldehyde,140,41.26032295
formaldehyde,135,36.96556611
formaldehyde,130,32.68365490
formaldehyde,125,28.47913724
formaldehyde,120,24.42231127
formaldehyde,115,20.58044403
formaldehyde,110,17.01433795
formaldehyde,105,13.77753363
formaldehyde,100,10.91106409
formaldehyde,95,8.44092897
formaldehyde,90,6.37423078
formaldehyde,85,4.69850602
formaldehyde,80,3.38290710
formaldehyde,75,2.38228783
formaldehyde,70,1.64375825
formaldehyde,65,1.11339504
formaldehyde,60,0.74167625
formaldehyde,55,0.48663568
formaldehyde,50,0.31487640
formaldehyde,45,0.20109152
formaldehyde,40,0.12682394
formaldehyde,35,0.07901094
formaldehyde,30,0.04862813
formaldehyde,25,0.02956447
formamide,160,0.00068839
formamide,155,0.00045872
formamide,150,0.00030345
formamide,145,0.00019925
formamide,140,0.00012984
formamide,135,0.00008396
formamide,130,0.00005387
formamide,125,0.00003429
formamide,120,0.00002165
formamide,115,0.00001355
formamide,110,0.00000842
formamide,105,0.00000518
formamide,100,0.00000316
formamide,95,0.00000191
formamide,90,0.00000115
formamide,85,0.00000068
formamide,80,0.00000040
formamide,75,0.00000023
formamide,70,0.00000014
formamide,65,0.00000008
formamide,60,0.00000004
formamide,55,0.00000002
formamide,50,0.00000001
formamide,45,0.00000001
formamide,40,0.00000000
formamide,35,0.00000000
formamide,30,0.00000000
formamide,25,0.00000000
formicacid,160,0.70751541
formicacid,155,0.49111579
formicacid,150,0.33917593
formicacid,145,0.23295612
formicacid,140,0.15906976
formicacid,135,0.10795773
formicacid,130,0.07280907
formicacid,125,0.04878819
formicacid,120,0.03247792
formicacid,115,0.02147654
formicacid,110,0.01410618
formicacid,105,0.00920230
formicacid,100,0.00596213
formicacid,95,0.00383623
formicacid,90,0.00245123
formicacid,85,0.00155532
formicacid,80,0.00097991
formicacid,75,0.00061299
formicacid,70,0.00038071
formicacid,65,0.00023472
formicacid,60,0.00014364
formicacid,55,0.00008724
formicacid,50,0.00005258
formicacid,45,0.00003144
formicacid,40,0.00001864
formicacid,35,0.00001096
formicacid,30,0.00000639
formicacid,25,0.00000369
formylfluoride,160,50.43865248
formylfluoride,155,47.18452124
formylfluoride,150,43.86070420
formylfluoride,145,40.47948750
formylfluoride,140,37.05795145
formylfluoride,135,33.61983105
formylfluoride,130,30.19106815
formylfluoride,125,26.80101363
formylfluoride,120,23.48699393
formylfluoride,115,20.28644515
formylfluoride,110,17.24296658
formylfluoride,105,14.39891186
formylfluoride,100,11.79524143
formylfluoride,95,9.46620936
formylfluoride,90,7.43621938
formylfluoride,85,5.71585356
formylfluoride,80,4.30020559
formylfluoride,75,3.16924312
formylfluoride,70,2.29125814
formylfluoride,65,1.62761029
formylfluoride,60,1.13790942
formylfluoride,55,0.78417416
formylfluoride,50,0.53336359
formylfluoride,45,0.35840438
formylfluoride,40,0.23810664
formylfluoride,35,0.15646519
formylfluoride,30,0.10172337
formylfluoride,25,0.06543596
(e)-2-butenedinitrile,160,4.73492810
(e)-2-butenedinitrile,155,3.46602465
(e)-2-butenedinitrile,150,2.52122623
(e)-2-butenedinitrile,145,1.82215813
(e)-2-butenedinitrile,140,1.30809438
(e)-2-butenedinitrile,135,0.93246114
(e)-2-butenedinitrile,130,0.65979229
(e)-2-butenedinitrile,125,0.46324348
(e)-2-butenedinitrile,120,0.32260821
(e)-2-butenedinitrile,115,0.22276309
(e)-2-butenedinitrile,110,0.15245801
(e)-2-butenedinitrile,105,0.10337928
(e)-2-butenedinitrile,100,0.06942708
(e)-2-butenedinitrile,95,0.04616050
(e)-2-butenedinitrile,90,0.03037312
(e)-2-butenedinitrile,85,0.01977028
(e)-2-butenedinitrile,80,0.01272516
(e)-2-butenedinitrile,75,0.00809575
(e)-2-butenedinitrile,70,0.00508866
(e)-2-butenedinitrile,65,0.00315868
(e)-2-butenedinitrile,60,0.00193533
(e)-2-butenedinitrile,55,0.00116986
(e)-2-butenedinitrile,50,0.00069730
(e)-2-butenedinitrile,45,0.00040961
(e)-2-butenedinitrile,40,0.00023699
(e)-2-butenedinitrile,35,0.00013497
(e)-2-butenedinitrile,30,0.00007561
(e)-2-butenedinitrile,25,0.00004164
furane,160,40.50972138
furane,155,37.30855450
furane,150,34.11726476
furane,145,30.95352338
furane,140,27.83730351
furane,135,24.78827311
furane,130,21.83053026
furane,125,18.99027309
furane,120,16.29542604
furane,115,13.77353327
furane,110,11.45204570
furane,105,9.35462214
furane,100,7.49937622
furane,95,5.89614708
furane,90,4.54485820
furane,85,3.43509152
furane,80,2.54707827
furane,75,1.85429981
furane,70,1.32665549
furane,65,0.93365417
furane,60,0.64688320
furane,55,0.44153107
furane,50,0.29701709
furane,45,0.19696141
furane,40,0.12875560
furane,35,0.08295894
furane,30,0.05266603
furane,25,0.03292820
furfural,160,9.39248172
furfural,155,7.26264139
furfural,150,5.54749320
furfural,145,4.18968957
furfural,140,3.13090755
furfural,135,2.31635437
furfural,130,1.69728928
furfural,125,1.23204665
furfural,120,0.88606762
furfural,115,0.63135807
furfural,110,0.44567199
furfural,105,0.31161256
furfural,100,0.21576312
furfural,95,0.14790487
furfural,90,0.10034417
furfural,85,0.06735209
furfural,80,0.04470841
furfural,75,0.02933749
furfural,70,0.01902195
furfural,65,0.01218079
furfural,60,0.00769947
furfural,55,0.00480146
furfural,50,0.00295231
furfural,45,0.00178880
furfural,40,0.00106730
furfural,35,0.00062667
furfural,30,0.00036182
furfural,25,0.00020527
2-furanmethanol,160,8.14600267
2-furanmethanol,155,6.18895930
2-furanmethanol,150,4.64211705
2-furanmethanol,145,3.44076232
2-furanmethanol,140,2.52208580
2-furanmethanol,135,1.82924331
2-furanmethanol,130,1.31326200
2-furanmethanol,125,0.93345863
2-furanmethanol,120,0.65696738
2-furanmethanol,115,0.45782098
2-furanmethanol,110,0.31587496
2-furanmethanol,105,0.21574511
2-furanmethanol,100,0.14584508
2-furanmethanol,95,0.09755986
2-furanmethanol,90,0.06456106
2-furanmethanol,85,0.04225439
2-furanmethanol,80,0.02734310
2-furanmethanol,75,0.01748895
2-furanmethanol,70,0.01105292
2-furanmethanol,65,0.00689979
2-furanmethanol,60,0.00425284
2-furanmethanol,55,0.00258724
2-furanmethanol,50,0.00155283
2-furanmethanol,45,0.00091906
2-furanmethanol,40,0.00053615
2-furanmethanol,35,0.00030812
2-furanmethanol,30,0.00017434
2-furanmethanol,25,0.00009706
glycerol,160,0.20604582
glycerol,155,0.14042420
glycerol,150,0.09487057
glycerol,145,0.06351285
glycerol,140,0.04211933
glycerol,135,0.02766026
glycerol,130,0.01798308
glycerol,125,0.01157161
glycerol,120,0.00736788
glycerol,115,0.00464103
glycerol,110,0.00289147
glycerol,105,0.00178144
glycerol,100,0.00108514
glycerol,95,0.00065341
glycerol,90,0.00038886
glycerol,85,0.00022868
glycerol,80,0.00013286
glycerol,75,0.00007625
glycerol,70,0.00004322
glycerol,65,0.00002418
glycerol,60,0.00001336
glycerol,55,0.00000728
glycerol,50,0.00000392
glycerol,45,0.00000208
glycerol,40,0.00000109
glycerol,35,0.00000056
glycerol,30,0.00000028
glycerol,25,0.00000014
"4-hydroxymethyl-1,3-dioxolan-2-one",160,0.04375087
"4-hydroxymethyl-1,3-dioxolan-2-one",155,0.03033179
"4-hydroxymethyl-1,3-dioxolan-2-one",150,0.02086228
"4-hydroxymethyl-1,3-dioxolan-2-one",145,0.01423134
"4-hydroxymethyl-1,3-dioxolan-2-one",140,0.00962549
"4-hydroxymethyl-1,3-dioxolan-2-one",135,0.00645310
"4-hydroxymethyl-1,3-dioxolan-2-one",130,0.00428707
"4-hydroxymethyl-1,3-dioxolan-2-one",125,0.00282148
"4-hydroxymethyl-1,3-dioxolan-2-one",120,0.00183905
"4-hydroxymethyl-1,3-dioxolan-2-one",115,0.00118683
"4-hydroxymethyl-1,3-dioxolan-2-one",110,0.00075811
"4-hydroxymethyl-1,3-dioxolan-2-one",105,0.00047918
"4-hydroxymethyl-1,3-dioxolan-2-one",100,0.00029961
"4-hydroxymethyl-1,3-dioxolan-2-one",95,0.00018525
"4-hydroxymethyl-1,3-dioxolan-2-one",90,0.00011323
"4-hydroxymethyl-1,3-dioxolan-2-one",85,0.00006840
"4-hydroxymethyl-1,3-dioxolan-2-one",80,0.00004082
"4-hydroxymethyl-1,3-dioxolan-2-one",75,0.00002405
"4-hydroxymethyl-1,3-dioxolan-2-one",70,0.00001399
"4-hydroxymethyl-1,3-dioxolan-2-one",65,0.00000803
"4-hydroxymethyl-1,3-dioxolan-2-one",60,0.00000455
"4-hydroxymethyl-1,3-dioxolan-2-one",55,0.00000254
"4-hydroxymethyl-1,3-dioxolan-2-one",50,0.00000140
"4-hydroxymethyl-1,3-dioxolan-2-one",45,0.00000076
"4-hydroxymethyl-1,3-dioxolan-2-one",40,0.00000040
"4-hydroxymethyl-1,3-dioxolan-2-one",35,0.00000021
"4-hydroxymethyl-1,3-dioxolan-2-one",30,0.00000011
"4-hydroxymethyl-1,3-dioxolan-2-one",25,0.00000006
glycerol-triacetate,160,2.53558182
glycerol-triacetate,155,1.95626156
glycerol-triacetate,150,1.49964747
glycerol-triacetate,145,1.14216441
glycerol-triacetate,140,0.86416212
glycerol-triacetate,135,0.64942091
glycerol-triacetate,130,0.48467217
glycerol-triacetate,125,0.35915100
glycerol-triacetate,120,0.26419256
glycerol-triacetate,115,0.19287568
glycerol-triacetate,110,0.13971356
glycerol-triacetate,105,0.10038916
glycerol-triacetate,100,0.07153152
glycerol-triacetate,95,0.05052867
glycerol-triacetate,90,0.03537265
glycerol-triacetate,85,0.02453228
glycerol-triacetate,80,0.01684967
glycerol-triacetate,75,0.01145676
glycerol-triacetate,70,0.00770856
glycerol-triacetate,65,0.00513027
glycerol-triacetate,60,0.00337572
glycerol-triacetate,55,0.00219504
glycerol-triacetate,50,0.00140977
glycerol-triacetate,45,0.00089382
glycerol-triacetate,40,0.00055911
glycerol-triacetate,35,0.00034485
glycerol-triacetate,30,0.00020959
glycerol-triacetate,25,0.00012543
glycerol-tributyrate,160,2.52348488
glycerol-tributyrate,155,1.96632558
glycerol-tributyrate,150,1.52188744
glycerol-tributyrate,145,1.16992124
glycerol-tributyrate,140,0.89317620
glycerol-tributyrate,135,0.67712594
glycerol-tributyrate,130,0.50966622
glycerol-tributyrate,125,0.38080837
glycerol-tributyrate,120,0.28238402
glycerol-tributyrate,115,0.20777088
glycerol-tributyrate,110,0.15164489
glycerol-tributyrate,105,0.10976074
glycerol-tributyrate,100,0.07876079
glycerol-tributyrate,95,0.05601120
glycerol-tributyrate,90,0.03946294
glycerol-tributyrate,85,0.02753540
glycerol-tributyrate,80,0.01901991
glycerol-tributyrate,75,0.01300040
glycerol-tributyrate,70,0.00878904
glycerol-tributyrate,65,0.00587430
glycerol-tributyrate,60,0.00387954
glycerol-tributyrate,55,0.00253035
glycerol-tributyrate,50,0.00162895
glycerol-tributyrate,45,0.00103443
glycerol-tributyrate,40,0.00064756
glycerol-tributyrate,35,0.00039934
glycerol-tributyrate,30,0.00024242
glycerol-tributyrate,25,0.00014475
triolein,160,0.24392976
triolein,155,0.18526847
triolein,150,0.13982376
triolein,145,0.10482862
triolein,140,0.07805013
triolein,135,0.05769464
triolein,130,0.04232876
triolein,125,0.03081345
triolein,120,0.02224906
triolein,115,0.01592965
triolein,110,0.01130511
triolein,105,0.00794991
triolein,100,0.00553739
triolein,95,0.00381885
triolein,90,0.00260654
triolein,85,0.00176001
triolein,80,0.00117512
triolein,75,0.00077545
triolein,70,0.00050550
triolein,65,0.00032534
triolein,60,0.00020661
triolein,55,0.00012939
triolein,50,0.00007986
triolein,45,0.00004854
triolein,40,0.00002904
triolein,35,0.00001708
triolein,30,0.00000987
triolein,25,0.00000560
oxiranemethanol,160,4.80421019
oxiranemethanol,155,3.49166411
oxiranemethanol,150,2.51445870
oxiranemethanol,145,1.79468098
oxiranemethanol,140,1.26975731
oxiranemethanol,135,0.89054448
oxiranemethanol,130,0.61910958
oxiranemethanol,125,0.42658690
oxiranemethanol,120,0.29127970
oxiranemethanol,115,0.19706026
oxiranemethanol,110,0.13206581
oxiranemethanol,105,0.08765893
oxiranemethanol,100,0.05761364
oxiranemethanol,95,0.03748736
oxiranemethanol,90,0.02414239
oxiranemethanol,85,0.01538561
oxiranemethanol,80,0.00970039
oxiranemethanol,75,0.00604926
oxiranemethanol,70,0.00373033
oxiranemethanol,65,0.00227412
oxiranemethanol,60,0.00137020
oxiranemethanol,55,0.00081570
oxiranemethanol,50,0.00047965
oxiranemethanol,45,0.00027849
oxiranemethanol,40,0.00015961
oxiranemethanol,35,0.00009025
oxiranemethanol,30,0.00005033
oxiranemethanol,25,0.00002767
glycidylmethacrylate,160,10.55646435
glycidylmethacrylate,155,8.55573287
glycidylmethacrylate,150,6.85197212
glycidylmethacrylate,145,5.42416777
glycidylmethacrylate,140,4.24595917
glycidylmethacrylate,135,3.28792924
glycidylmethacrylate,130,2.51968484
glycidylmethacrylate,125,1.91162486
glycidylmethacrylate,120,1.43622012
glycidylmethacrylate,115,1.06880268
glycidylmethacrylate,110,0.78794141
glycidylmethacrylate,105,0.57548875
glycidylmethacrylate,100,0.41640828
glycidylmethacrylate,95,0.29847185
glycidylmethacrylate,90,0.21189573
glycidylmethacrylate,85,0.14896471
glycidylmethacrylate,80,0.10367431
glycidylmethacrylate,75,0.07140826
glycidylmethacrylate,70,0.04865848
glycidylmethacrylate,65,0.03278887
glycidylmethacrylate,60,0.02184035
glycidylmethacrylate,55,0.01437303
glycidylmethacrylate,50,0.00934042
glycidylmethacrylate,45,0.00599059
glycidylmethacrylate,40,0.00378963
glycidylmethacrylate,35,0.00236303
glycidylmethacrylate,30,0.00145139
glycidylmethacrylate,25,0.00087745
ethanedial,160,16.99428783
ethanedial,155,12.78069108
ethanedial,150,9.39977941
ethanedial,145,6.78921098
ethanedial,140,4.83144747
ethanedial,135,3.39518258
ethanedial,130,2.35925866
ethanedial,125,1.62233327
ethanedial,120,1.10431311
ethanedial,115,0.74411979
ethanedial,110,0.49627328
ethanedial,105,0.32749304
ethanedial,100,0.21376040
ethanedial,95,0.13794755
ethanedial,90,0.08797579
ethanedial,85,0.05541955
ethanedial,80,0.03446599
ethanedial,75,0.02115016
ethanedial,70,0.01279937
ethanedial,65,0.00763415
ethanedial,60,0.00448502
ethanedial,55,0.00259371
ethanedial,50,0.00147549
ethanedial,45,0.00082509
ethanedial,40,0.00045320
ethanedial,35,0.00024432
ethanedial,30,0.00012916
ethanedial,25,0.00006690
"1,1,1,2-tetrafluoroethane",160,18.02385071
"1,1,1,2-tetrafluoroethane",155,14.96775269
"1,1,1,2-tetrafluoroethane",150,12.23819274
"1,1,1,2-tetrafluoroethane",145,9.85401453
"1,1,1,2-tetrafluoroethane",140,7.81773234
"1,1,1,2-tetrafluoroethane",135,6.11600880
"1,1,1,2-tetrafluoroethane",130,4.72270654
"1,1,1,2-tetrafluoroethane",125,3.60317638
"1,1,1,2-tetrafluoroethane",120,2.71872364
"1,1,1,2-tetrafluoroethane",115,2.03046061
"1,1,1,2-tetrafluoroethane",110,1.50201825
"1,1,1,2-tetrafluoroethane",105,1.10113789
"1,1,1,2-tetrafluoroethane",100,0.80032235
"1,1,1,2-tetrafluoroethane",95,0.57684438
"1,1,1,2-tetrafluoroethane",90,0.41237022
"1,1,1,2-tetrafluoroethane",85,0.29239788
"1,1,1,2-tetrafluoroethane",80,0.20564046
"1,1,1,2-tetrafluoroethane",75,0.14343372
"1,1,1,2-tetrafluoroethane",70,0.09920645
"1,1,1,2-tetrafluoroethane",65,0.06802874
"1,1,1,2-tetrafluoroethane",60,0.04623917
"1,1,1,2-tetrafluoroethane",55,0.03114433
"1,1,1,2-tetrafluoroethane",50,0.02078128
"1,1,1,2-tetrafluoroethane",45,0.01373252
"1,1,1,2-tetrafluoroethane",40,0.00898382
"1,1,1,2-tetrafluoroethane",35,0.00581622
"1,1,1,2-tetrafluoroethane",30,0.00372489
"1,1,1,2-tetrafluoroethane",25,0.00235880
"1,1-dichloro-1-fluoroethane",160,17.06211307
"1,1-dichloro-1-fluoroethane",155,14.27815003
"1,1-dichloro-1-fluoroethane",150,11.77649979
"1,1-dichloro-1-fluoroethane",145,9.57057923
"1,1-dichloro-1-fluoroethane",140,7.66319890
"1,1-dichloro-1-fluoroethane",135,6.04665783
"1,1-dichloro-1-fluoroethane",130,4.70355060
"1,1-dichloro-1-fluoroethane",125,3.60890012
"1,1-dichloro-1-fluoroethane",120,2.73292842
"1,1-dichloro-1-fluoroethane",115,2.04387930
"1,1-dichloro-1-fluoroethane",110,1.51043171
"1,1-dichloro-1-fluoroethane",105,1.10349757
"1,1-dichloro-1-fluoroethane",100,0.79729795
"1,1-dichloro-1-fluoroethane",95,0.56983624
"1,1-dichloro-1-fluoroethane",90,0.40290994
"1,1-dichloro-1-fluoroethane",85,0.28183414
"1,1-dichloro-1-fluoroethane",80,0.19501222
"1,1-dichloro-1-fluoroethane",75,0.13345314
"1,1-dichloro-1-fluoroethane",70,0.09029763
"1,1-dichloro-1-fluoroethane",65,0.06038881
"1,1-dichloro-1-fluoroethane",60,0.03990199
"1,1-dichloro-1-fluoroethane",55,0.02603707
"1,1-dichloro-1-fluoroethane",50,0.01676980
"1,1-dichloro-1-fluoroethane",45,0.01065516
"1,1-dichloro-1-fluoroethane",40,0.00667461
"1,1-dichloro-1-fluoroethane",35,0.00411948
"1,1-dichloro-1-fluoroethane",30,0.00250325
"1,1-dichloro-1-fluoroethane",25,0.00149653
"1,1-dichloro-2,2,3,3,3-pentafluoropropane",160,2.71901656
"1,1-dichloro-2,2,3,3,3-pentafluoropropane",155,2.13631035
"1,1-dichloro-2,2,3,3,3-pentafluoropropane",150,1.67271631
"1,1-dichloro-2,2,3,3,3-pentafluoropropane",145,1.30511456
"1,1-dichloro-2,2,3,3,3-pentafluoropropane",140,1.01465052
"1,1-dichloro-2,2,3,3,3-pentafluoropropane",135,0.78597675
"1,1-dichloro-2,2,3,3,3-pentafluoropropane",130,0.60662882
"1,1-dichloro-2,2,3,3,3-pentafluoropropane",125,0.46651109
"1,1-dichloro-2,2,3,3,3-pentafluoropropane",120,0.35747236
"1,1-dichloro-2,2,3,3,3-pentafluoropropane",115,0.27295482
"1,1-dichloro-2,2,3,3,3-pentafluoropropane",110,0.20770326
"1,1-dichloro-2,2,3,3,3-pentafluoropropane",105,0.15752402
"1,1-dichloro-2,2,3,3,3-pentafluoropropane",100,0.11908533
"1,1-dichloro-2,2,3,3,3-pentafluoropropane",95,0.08975232
"1,1-dichloro-2,2,3,3,3-pentafluoropropane",90,0.06745096
"1,1-dichloro-2,2,3,3,3-pentafluoropropane",85,0.05055647
"1,1-dichloro-2,2,3,3,3-pentafluoropropane",80,0.03780203
"1,1-dichloro-2,2,3,3,3-pentafluoropropane",75,0.02820465
"1,1-dichloro-2,2,3,3,3-pentafluoropropane",70,0.02100512
"1,1-dichloro-2,2,3,3,3-pentafluoropropane",65,0.01561982
"1,1-dichloro-2,2,3,3,3-pentafluoropropane",60,0.01160212
"1,1-dichloro-2,2,3,3,3-pentafluoropropane",55,0.00861175
"1,1-dichloro-2,2,3,3,3-pentafluoropropane",50,0.00639058
"1,1-dichloro-2,2,3,3,3-pentafluoropropane",45,0.00474358
"1,1-dichloro-2,2,3,3,3-pentafluoropropane",40,0.00352398
"1,1-dichloro-2,2,3,3,3-pentafluoropropane",35,0.00262174
"1,1-dichloro-2,2,3,3,3-pentafluoropropane",30,0.00195465
"1,1-dichloro-2,2,3,3,3-pentafluoropropane",25,0.00146148
"1,3-dichloro-1,1,2,2,3-pentafluoropropane",160,3.89181842
"1,3-dichloro-1,1,2,2,3-pentafluoropropane",155,3.09596531
"1,3-dichloro-1,1,2,2,3-pentafluoropropane",150,2.45196383
"1,3-dichloro-1,1,2,2,3-pentafluoropropane",145,1.93343274
"1,3-dichloro-1,1,2,2,3-pentafluoropropane",140,1.51797437
"1,3-dichloro-1,1,2,2,3-pentafluoropropane",135,1.18671451
"1,3-dichloro-1,1,2,2,3-pentafluoropropane",130,0.92385632
"1,3-dichloro-1,1,2,2,3-pentafluoropropane",125,0.71626432
"1,3-dichloro-1,1,2,2,3-pentafluoropropane",120,0.55308515
"1,3-dichloro-1,1,2,2,3-pentafluoropropane",115,0.42540695
"1,3-dichloro-1,1,2,2,3-pentafluoropropane",110,0.32595715
"1,3-dichloro-1,1,2,2,3-pentafluoropropane",105,0.24883698
"1,3-dichloro-1,1,2,2,3-pentafluoropropane",100,0.18929066
"1,3-dichloro-1,1,2,2,3-pentafluoropropane",95,0.14350645
"1,3-dichloro-1,1,2,2,3-pentafluoropropane",90,0.10844695
"1,3-dichloro-1,1,2,2,3-pentafluoropropane",85,0.08170542
"1,3-dichloro-1,1,2,2,3-pentafluoropropane",80,0.06138544
"1,3-dichloro-1,1,2,2,3-pentafluoropropane",75,0.04600069
"1,3-dichloro-1,1,2,2,3-pentafluoropropane",70,0.03439242
"1,3-dichloro-1,1,2,2,3-pentafluoropropane",65,0.02566184
"1,3-dichloro-1,1,2,2,3-pentafluoropropane",60,0.01911528
"1,3-dichloro-1,1,2,2,3-pentafluoropropane",55,0.01421992
"1,3-dichloro-1,1,2,2,3-pentafluoropropane",50,0.01056842
"1,3-dichloro-1,1,2,2,3-pentafluoropropane",45,0.00785071
"1,3-dichloro-1,1,2,2,3-pentafluoropropane",40,0.00583182
"1,3-dichloro-1,1,2,2,3-pentafluoropropane",35,0.00433435
"1,3-dichloro-1,1,2,2,3-pentafluoropropane",30,0.00322494
"1,3-dichloro-1,1,2,2,3-pentafluoropropane",25,0.00240365
"3-chloro-1,1,1-trifluoropropane",160,14.71153895
"3-chloro-1,1,1-trifluoropropane",155,12.23691523
"3-chloro-1,1,1-trifluoropropane",150,10.04237076
"3-chloro-1,1,1-trifluoropropane",145,8.13003037
"3-chloro-1,1,1-trifluoropropane",140,6.49337116
"3-chloro-1,1,1-trifluoropropane",135,5.11783438
"3-chloro-1,1,1-trifluoropropane",130,3.98211551
"3-chloro-1,1,1-trifluoropropane",125,3.06033791
"3-chloro-1,1,1-trifluoropropane",120,2.32425274
"3-chloro-1,1,1-trifluoropropane",115,1.74533882
"3-chloro-1,1,1-trifluoropropane",110,1.29645253
"3-chloro-1,1,1-trifluoropropane",105,0.95296144
"3-chloro-1,1,1-trifluoropropane",100,0.69335097
"3-chloro-1,1,1-trifluoropropane",95,0.49941577
"3-chloro-1,1,1-trifluoropropane",90,0.35614826
"3-chloro-1,1,1-trifluoropropane",85,0.25144678
"3-chloro-1,1,1-trifluoropropane",80,0.17573489
"3-chloro-1,1,1-trifluoropropane",75,0.12155809
"3-chloro-1,1,1-trifluoropropane",70,0.08319776
"3-chloro-1,1,1-trifluoropropane",65,0.05632526
"3-chloro-1,1,1-trifluoropropane",60,0.03770485
"3-chloro-1,1,1-trifluoropropane",55,0.02494655
"3-chloro-1,1,1-trifluoropropane",50,0.01630573
"3-chloro-1,1,1-trifluoropropane",45,0.01052359
"3-chloro-1,1,1-trifluoropropane",40,0.00670255
"3-chloro-1,1,1-trifluoropropane",35,0.00421026
"3-chloro-1,1,1-trifluoropropane",30,0.00260669
"3-chloro-1,1,1-trifluoropropane",25,0.00158958
"1,1-dichloro-2,2,2-trifluoroethane",160,18.21939586
"1,1-dichloro-2,2,2-trifluoroethane",155,16.21859247
"1,1-dichloro-2,2,2-trifluoroethane",150,14.38301345
"1,1-dichloro-2,2,2-trifluoroethane",145,12.70708993
"1,1-dichloro-2,2,2-trifluoroethane",140,11.18301591
"1,1-dichloro-2,2,2-trifluoroethane",135,9.80370857
"1,1-dichloro-2,2,2-trifluoroethane",130,8.56090244
"1,1-dichloro-2,2,2-trifluoroethane",125,7.44635709
"1,1-dichloro-2,2,2-trifluoroethane",120,6.45202192
"1,1-dichloro-2,2,2-trifluoroethane",115,5.56915702
"1,1-dichloro-2,2,2-trifluoroethane",110,4.78959044
"1,1-dichloro-2,2,2-trifluoroethane",105,4.10471249
"1,1-dichloro-2,2,2-trifluoroethane",100,3.50643029
"1,1-dichloro-2,2,2-trifluoroethane",95,2.98655917
"1,1-dichloro-2,2,2-trifluoroethane",90,2.53727895
"1,1-dichloro-2,2,2-trifluoroethane",85,2.15100191
"1,1-dichloro-2,2,2-trifluoroethane",80,1.82058634
"1,1-dichloro-2,2,2-trifluoroethane",75,1.53931834
"1,1-dichloro-2,2,2-trifluoroethane",70,1.30094735
"1,1-dichloro-2,2,2-trifluoroethane",65,1.09974486
"1,1-dichloro-2,2,2-trifluoroethane",60,0.93054613
"1,1-dichloro-2,2,2-trifluoroethane",55,0.78872271
"1,1-dichloro-2,2,2-trifluoroethane",50,0.67018214
"1,1-dichloro-2,2,2-trifluoroethane",45,0.57134902
"1,1-dichloro-2,2,2-trifluoroethane",40,0.48912399
"1,1-dichloro-2,2,2-trifluoroethane",35,0.42085084
"1,1-dichloro-2,2,2-trifluoroethane",30,0.36427138
"1,1-dichloro-2,2,2-trifluoroethane",25,0.31748215
n-heptane,160,0.51976130
n-heptane,155,0.37577059
n-heptane,150,0.26972090
n-heptane,145,0.19211154
n-heptane,140,0.13571433
n-heptane,135,0.09504422
n-heptane,130,0.06595572
n-heptane,125,0.04533218
n-heptane,120,0.03084521
n-heptane,115,0.02076792
n-heptane,110,0.01382974
n-heptane,105,0.00910409
n-heptane,100,0.00592158
n-heptane,95,0.00380352
n-heptane,90,0.00241122
n-heptane,85,0.00150777
n-heptane,80,0.00092942
n-heptane,75,0.00056439
n-heptane,70,0.00033740
n-heptane,65,0.00019842
n-heptane,60,0.00011470
n-heptane,55,0.00006512
n-heptane,50,0.00003628
n-heptane,45,0.00001982
n-heptane,40,0.00001060
n-heptane,35,0.00000555
n-heptane,30,0.00000284
n-heptane,25,0.00000142
hexachlorobenzene,160,0.58211781
hexachlorobenzene,155,0.42969986
hexachlorobenzene,150,0.31521965
hexachlorobenzene,145,0.22967987
hexachlorobenzene,140,0.16614080
hexachlorobenzene,135,0.11925211
hexachlorobenzene,130,0.08489694
hexachlorobenzene,125,0.05991816
hexachlorobenzene,120,0.04190554
hexachlorobenzene,115,0.02902932
hexachlorobenzene,110,0.01990938
hexachlorobenzene,105,0.01351245
hexachlorobenzene,100,0.00907108
hexachlorobenzene,95,0.00602031
hexachlorobenzene,90,0.00394813
hexachlorobenzene,85,0.00255709
hexachlorobenzene,80,0.00163469
hexachlorobenzene,75,0.00103088
hexachlorobenzene,70,0.00064090
hexachlorobenzene,65,0.00039255
hexachlorobenzene,60,0.00023672
hexachlorobenzene,55,0.00014043
hexachlorobenzene,50,0.00008190
hexachlorobenzene,45,0.00004691
hexachlorobenzene,40,0.00002637
hexachlorobenzene,35,0.00001453
hexachlorobenzene,30,0.00000784
hexachlorobenzene,25,0.00000414
hexachloroethane,160,0.38860074
hexachloroethane,155,0.28255899
hexachloroethane,150,0.20414589
hexachloroethane,145,0.14646318
hexachloroethane,140,0.10428609
hexachloroethane,135,0.07365549
hexachloroethane,130,0.05157596
hexachloroethane,125,0.03578848
hexachloroethane,120,0.02459730
hexachloroethane,115,0.01673691
hexachloroethane,110,0.01126942
hexachloroethane,105,0.00750510
hexachloroethane,100,0.00494112
hexachloroethane,95,0.00321430
hexachloroethane,90,0.00206495
hexachloroethane,85,0.00130934
hexachloroethane,80,0.00081896
hexachloroethane,75,0.00050498
hexachloroethane,70,0.00030676
hexachloroethane,65,0.00018347
hexachloroethane,60,0.00010795
hexachloroethane,55,0.00006244
hexachloroethane,50,0.00003548
hexachloroethane,45,0.00001978
hexachloroethane,40,0.00001082
hexachloroethane,35,0.00000579
hexachloroethane,30,0.00000304
hexachloroethane,25,0.00000155
n-hexadecane,160,0.09853836
n-hexadecane,155,0.07127517
n-hexadecane,150,0.05114649
n-hexadecane,145,0.03639787
n-hexadecane,140,0.02567764
n-hexadecane,135,0.01795094
n-hexadecane,130,0.01243087
n-hexadecane,125,0.00852359
n-hexadecane,120,0.00578454
n-hexadecane,115,0.00388374
n-hexadecane,110,0.00257851
n-hexadecane,105,0.00169207
n-hexadecane,100,0.00109693
n-hexadecane,95,0.00070214
n-hexadecane,90,0.00044352
n-hexadecane,85,0.00027630
n-hexadecane,80,0.00016966
n-hexadecane,75,0.00010261
n-hexadecane,70,0.00006109
n-hexadecane,65,0.00003577
n-hexadecane,60,0.00002059
n-hexadecane,55,0.00001163
n-hexadecane,50,0.00000645
n-hexadecane,45,0.00000351
n-hexadecane,40,0.00000187
n-hexadecane,35,0.00000097
n-hexadecane,30,0.00000049
n-hexadecane,25,0.00000025
hexafluoro-i-propanol,160,25.77267582
hexafluoro-i-propanol,155,24.23759935
hexafluoro-i-propanol,150,22.83170571
hexafluoro-i-propanol,145,21.54841689
hexafluoro-i-propanol,140,20.38464854
hexafluoro-i-propanol,135,19.33393175
hexafluoro-i-propanol,130,18.39104331
hexafluoro-i-propanol,125,17.55124648
hexafluoro-i-propanol,120,16.81049878
hexafluoro-i-propanol,115,16.16298069
hexafluoro-i-propanol,110,15.60533225
hexafluoro-i-propanol,105,15.13331500
hexafluoro-i-propanol,100,14.74314499
hexafluoro-i-propanol,95,14.43132624
hexafluoro-i-propanol,90,14.19415585
hexafluoro-i-propanol,85,14.02905431
hexafluoro-i-propanol,80,13.93189862
hexafluoro-i-propanol,75,13.90045685
hexafluoro-i-propanol,70,13.93105526
hexafluoro-i-propanol,65,14.02015863
hexafluoro-i-propanol,60,14.16542108
hexafluoro-i-propanol,55,14.36241262
hexafluoro-i-propanol,50,100.00000000
hexafluoro-i-propanol,45,100.00000000
hexafluoro-i-propanol,40,100.00000000
hexafluoro-i-propanol,35,100.00000000
hexafluoro-i-propanol,30,100.00000000
hexafluoro-i-propanol,25,100.00000000
"hexafluoro-1,3-butadiene",160,0.13953710
"hexafluoro-1,3-butadiene",155,0.09884954
"hexafluoro-1,3-butadiene",150,0.06949629
"hexafluoro-1,3-butadiene",145,0.04846547
"hexafluoro-1,3-butadiene",140,0.03351066
"hexafluoro-1,3-butadiene",135,0.02296249
"hexafluoro-1,3-butadiene",130,0.01558661
"hexafluoro-1,3-butadiene",125,0.01047598
"hexafluoro-1,3-butadiene",120,0.00696885
"hexafluoro-1,3-butadiene",115,0.00458630
"hexafluoro-1,3-butadiene",110,0.00298474
"hexafluoro-1,3-butadiene",105,0.00191997
"hexafluoro-1,3-butadiene",100,0.00122016
"hexafluoro-1,3-butadiene",95,0.00076571
"hexafluoro-1,3-butadiene",90,0.00047426
"hexafluoro-1,3-butadiene",85,0.00028975
"hexafluoro-1,3-butadiene",80,0.00017452
"hexafluoro-1,3-butadiene",75,0.00010357
"hexafluoro-1,3-butadiene",70,0.00006052
"hexafluoro-1,3-butadiene",65,0.00003480
"hexafluoro-1,3-butadiene",60,0.00001968
"hexafluoro-1,3-butadiene",55,0.00001093
"hexafluoro-1,3-butadiene",50,0.00000596
"hexafluoro-1,3-butadiene",45,0.00000319
"hexafluoro-1,3-butadiene",40,0.00000167
"hexafluoro-1,3-butadiene",35,0.00000086
"hexafluoro-1,3-butadiene",30,0.00000043
"hexafluoro-1,3-butadiene",25,0.00000021
hexafluorobenzene,160,0.47744941
hexafluorobenzene,155,0.34811533
hexafluorobenzene,150,0.25229059
hexafluorobenzene,145,0.18163787
hexafluorobenzene,140,0.12984011
hexafluorobenzene,135,0.09210773
hexafluorobenzene,130,0.06481394
hexafluorobenzene,125,0.04522046
hexafluorobenzene,120,0.03126871
hexafluorobenzene,115,0.02141955
hexafluorobenzene,110,0.01452956
hexafluorobenzene,105,0.00975554
hexafluorobenzene,100,0.00648064
hexafluorobenzene,95,0.00425752
hexafluorobenzene,90,0.00276483
hexafluorobenzene,85,0.00177395
hexafluorobenzene,80,0.00112397
hexafluorobenzene,75,0.00070289
hexafluorobenzene,70,0.00043360
hexafluorobenzene,65,0.00026370
hexafluorobenzene,60,0.00015801
hexafluorobenzene,55,0.00009322
hexafluorobenzene,50,0.00005411
hexafluorobenzene,45,0.00003089
hexafluorobenzene,40,0.00001732
hexafluorobenzene,35,0.00000953
hexafluorobenzene,30,0.00000515
hexafluorobenzene,25,0.00000272
hexamethylbenzene,160,3.34557667
hexamethylbenzene,155,2.56302031
hexamethylbenzene,150,1.95003201
hexamethylbenzene,145,1.47332173
hexamethylbenzene,140,1.10523142
hexamethylbenzene,135,0.82304447
hexamethylbenzene,130,0.60828498
hexamethylbenzene,125,0.44605754
hexamethylbenzene,120,0.32445155
hexamethylbenzene,115,0.23401775
hexamethylbenzene,110,0.16731816
hexamethylbenzene,105,0.11854378
hexamethylbenzene,100,0.08319416
hexamethylbenzene,95,0.05781130
hexamethylbenzene,90,0.03976091
hexamethylbenzene,85,0.02705399
hexamethylbenzene,80,0.01820265
hexamethylbenzene,75,0.01210463
hexamethylbenzene,70,0.00795162
hexamethylbenzene,65,0.00515712
hexamethylbenzene,60,0.00330029
hexamethylbenzene,55,0.00208267
hexamethylbenzene,50,0.00129518
hexamethylbenzene,45,0.00079318
hexamethylbenzene,40,0.00047801
hexamethylbenzene,35,0.00028325
hexamethylbenzene,30,0.00016489
hexamethylbenzene,25,0.00009422
methenamine,160,21.45066321
methenamine,155,18.94719843
methenamine,150,16.59177884
methenamine,145,14.39381279
methenamine,140,12.36149168
methenamine,135,10.50161748
methenamine,130,8.81925392
methenamine,125,7.31714831
methenamine,120,5.99473106
methenamine,115,4.84797567
methenamine,110,3.86938418
methenamine,105,3.04791407
methenamine,100,2.36977534
methenamine,95,1.81915793
methenamine,90,1.37923870
methenamine,85,1.03317608
methenamine,80,0.76494628
methenamine,75,0.55994041
methenamine,70,0.40532907
methenamine,65,0.29019465
methenamine,60,0.20549744
methenamine,55,0.14392527
methenamine,50,0.09968282
methenamine,45,0.06825880
methenamine,40,0.04619778
methenamine,35,0.03089202
methenamine,30,0.02040069
methenamine,25,0.01329845
hexamethylphosphoramide,160,15.31338099
hexamethylphosphoramide,155,13.25596901
hexamethylphosphoramide,150,11.37785966
hexamethylphosphoramide,145,9.67896007
hexamethylphosphoramide,140,8.15710394
hexamethylphosphoramide,135,6.80829346
hexamethylphosphoramide,130,5.62621580
hexamethylphosphoramide,125,4.60259752
hexamethylphosphoramide,120,3.72702810
hexamethylphosphoramide,115,2.98746347
hexamethylphosphoramide,110,2.37066088
hexamethylphosphoramide,105,1.86268337
hexamethylphosphoramide,100,1.44945832
hexamethylphosphoramide,95,1.11730803
hexamethylphosphoramide,90,0.85338843
hexamethylphosphoramide,85,0.64598708
hexamethylphosphoramide,80,0.48471468
hexamethylphosphoramide,75,0.36057668
hexamethylphosphoramide,70,0.26595006
hexamethylphosphoramide,65,0.19449741
hexamethylphosphoramide,60,0.14103844
hexamethylphosphoramide,55,0.10140264
hexamethylphosphoramide,50,0.07227841
hexamethylphosphoramide,45,0.05106902
hexamethylphosphoramide,40,0.03576213
hexamethylphosphoramide,35,0.02481530
hexamethylphosphoramide,30,0.01705877
hexamethylphosphoramide,25,0.01161445
hexanal,160,18.35874837
hexanal,155,15.39246699
hexanal,150,12.72679018
hexanal,145,10.37525139
hexanal,140,8.34005527
hexanal,135,6.61200047
hexanal,130,5.17197271
hexanal,125,3.99347366
hexanal,120,3.04541703
hexanal,115,2.29493951
hexanal,110,1.70973224
hexanal,105,1.25975464
hexanal,100,0.91826787
hexanal,95,0.66230324
hexanal,90,0.47269495
hexanal,85,0.33383414
hexanal,80,0.23326823
hexanal,75,0.16123861
hexanal,70,0.11021804
hexanal,65,0.07448339
hexanal,60,0.04974121
hexanal,55,0.03281153
hexanal,50,0.02136834
hexanal,45,0.01373121
hexanal,40,0.00870119
hexanal,35,0.00543372
hexanal,30,0.00334164
hexanal,25,0.00202228
hexane,160,0.78480694
hexane,155,0.56697054
hexane,150,0.40679193
hexane,145,0.28969672
hexane,140,0.20466234
hexane,135,0.14336130
hexane,130,0.09952002
hexane,125,0.06843262
hexane,120,0.04658878
hexane,115,0.03138739
hexane,110,0.02091566
hexane,105,0.01377883
hexane,100,0.00896915
hexane,95,0.00576574
hexane,90,0.00365830
hexane,85,0.00228964
hexane,80,0.00141269
hexane,75,0.00085869
hexane,70,0.00051385
hexane,65,0.00030250
hexane,60,0.00017505
hexane,55,0.00009949
hexane,50,0.00005549
hexane,45,0.00003035
hexane,40,0.00001625
hexane,35,0.00000852
hexane,30,0.00000436
hexane,25,0.00000218
"1,6-hexanediol",160,0.62466666
"1,6-hexanediol",155,0.43278751
"1,6-hexanediol",150,0.29707249
"1,6-hexanediol",145,0.20194076
"1,6-hexanediol",140,0.13588946
"1,6-hexanediol",135,0.09048714
"1,6-hexanediol",130,0.05960427
"1,6-hexanediol",125,0.03882553
"1,6-hexanediol",120,0.02500206
"1,6-hexanediol",115,0.01591215
"1,6-hexanediol",110,0.01000596
"1,6-hexanediol",105,0.00621518
"1,6-hexanediol",100,0.00381245
"1,6-hexanediol",95,0.00230889
"1,6-hexanediol",90,0.00138022
"1,6-hexanediol",85,0.00081420
"1,6-hexanediol",80,0.00047386
"1,6-hexanediol",75,0.00027201
"1,6-hexanediol",70,0.00015397
"1,6-hexanediol",65,0.00008591
"1,6-hexanediol",60,0.00004724
"1,6-hexanediol",55,0.00002559
"1,6-hexanediol",50,0.00001365
"1,6-hexanediol",45,0.00000717
"1,6-hexanediol",40,0.00000371
"1,6-hexanediol",35,0.00000188
"1,6-hexanediol",30,0.00000094
"1,6-hexanediol",25,0.00000046
n-hexanoicacid,160,5.97277828
n-hexanoicacid,155,4.50763447
n-hexanoicacid,150,3.36565275
n-hexanoicacid,145,2.48756929
n-hexanoicacid,140,1.82063866
n-hexanoicacid,135,1.31978911
n-hexanoicacid,130,0.94765699
n-hexanoicacid,125,0.67398835
n-hexanoicacid,120,0.47474640
n-hexanoicacid,115,0.33113461
n-hexanoicacid,110,0.22865728
n-hexanoicacid,105,0.15627515
n-hexanoicacid,100,0.10567990
n-hexanoicacid,95,0.07068941
n-hexanoicacid,90,0.04675498
n-hexanoicacid,85,0.03056725
n-hexanoicacid,80,0.01974578
n-hexanoicacid,75,0.01259818
n-hexanoicacid,70,0.00793550
n-hexanoicacid,65,0.00493265
n-hexanoicacid,60,0.00302427
n-hexanoicacid,55,0.00182802
n-hexanoicacid,50,0.00108876
n-hexanoicacid,45,0.00063860
n-hexanoicacid,40,0.00036864
n-hexanoicacid,35,0.00020931
n-hexanoicacid,30,0.00011681
n-hexanoicacid,25,0.00006402
n-hexylacetate,160,7.54747722
n-hexylacetate,155,5.99250740
n-hexylacetate,150,4.71162180
n-hexylacetate,145,3.66983289
n-hexylacetate,140,2.83252399
n-hexylacetate,135,2.16702479
n-hexylacetate,130,1.64361307
n-hexylacetate,125,1.23604200
n-hexylacetate,120,0.92169653
n-hexylacetate,115,0.68148938
n-hexylacetate,110,0.49959265
n-hexylacetate,105,0.36308195
n-hexylacetate,100,0.26154671
n-hexylacetate,95,0.18670445
n-hexylacetate,90,0.13204070
n-hexylacetate,85,0.09248670
n-hexylacetate,80,0.06413931
n-hexylacetate,75,0.04402338
n-hexylacetate,70,0.02989394
n-hexylacetate,65,0.02007411
n-hexylacetate,60,0.01332422
n-hexylacetate,55,0.00873743
n-hexylacetate,50,0.00565761
n-hexylacetate,45,0.00361530
n-hexylacetate,40,0.00227854
n-hexylacetate,35,0.00141544
n-hexylacetate,30,0.00086608
n-hexylacetate,25,0.00052159
"1,1,1,3,3-pentafluoropropane",160,7.55869403
"1,1,1,3,3-pentafluoropropane",155,5.87131597
"1,1,1,3,3-pentafluoropropane",150,4.52032736
"1,1,1,3,3-pentafluoropropane",145,3.45255775
"1,1,1,3,3-pentafluoropropane",140,2.61774674
"1,1,1,3,3-pentafluoropropane",135,1.97112611
"1,1,1,3,3-pentafluoropropane",130,1.47438599
"1,1,1,3,3-pentafluoropropane",125,1.09564873
"1,1,1,3,3-pentafluoropropane",120,0.80892144
"1,1,1,3,3-pentafluoropropane",115,0.59333102
"1,1,1,3,3-pentafluoropropane",110,0.43231645
"1,1,1,3,3-pentafluoropropane",105,0.31286873
"1,1,1,3,3-pentafluoropropane",100,0.22485731
"1,1,1,3,3-pentafluoropropane",95,0.16045567
"1,1,1,3,3-pentafluoropropane",90,0.11366237
"1,1,1,3,3-pentafluoropropane",85,0.07990885
"1,1,1,3,3-pentafluoropropane",80,0.05574243
"1,1,1,3,3-pentafluoropropane",75,0.03857262
"1,1,1,3,3-pentafluoropropane",70,0.02647023
"1,1,1,3,3-pentafluoropropane",65,0.01800934
"1,1,1,3,3-pentafluoropropane",60,0.01214418
"1,1,1,3,3-pentafluoropropane",55,0.00811391
"1,1,1,3,3-pentafluoropropane",50,0.00536953
"1,1,1,3,3-pentafluoropropane",45,0.00351829
"1,1,1,3,3-pentafluoropropane",40,0.00228166
"1,1,1,3,3-pentafluoropropane",35,0.00146393
"1,1,1,3,3-pentafluoropropane",30,0.00092886
"1,1,1,3,3-pentafluoropropane",25,0.00058257
"1,1,2,2,3,3,4,4-octafluorobutane",160,2.06887841
"1,1,2,2,3,3,4,4-octafluorobutane",155,1.61313889
"1,1,2,2,3,3,4,4-octafluorobutane",150,1.25450192
"1,1,2,2,3,3,4,4-octafluorobutane",145,0.97288613
"1,1,2,2,3,3,4,4-octafluorobutane",140,0.75229032
"1,1,2,2,3,3,4,4-octafluorobutane",135,0.57995752
"1,1,2,2,3,3,4,4-octafluorobutane",130,0.44571862
"1,1,2,2,3,3,4,4-octafluorobutane",125,0.34147359
"1,1,2,2,3,3,4,4-octafluorobutane",120,0.26077958
"1,1,2,2,3,3,4,4-octafluorobutane",115,0.19852167
"1,1,2,2,3,3,4,4-octafluorobutane",110,0.15064915
"1,1,2,2,3,3,4,4-octafluorobutane",105,0.11396315
"1,1,2,2,3,3,4,4-octafluorobutane",100,0.08594552
"1,1,2,2,3,3,4,4-octafluorobutane",95,0.06462077
"1,1,2,2,3,3,4,4-octafluorobutane",90,0.04844476
"1,1,2,2,3,3,4,4-octafluorobutane",85,0.03621506
"1,1,2,2,3,3,4,4-octafluorobutane",80,0.02699901
"1,1,2,2,3,3,4,4-octafluorobutane",75,0.02007597
"1,1,2,2,3,3,4,4-octafluorobutane",70,0.01489141
"1,1,2,2,3,3,4,4-octafluorobutane",65,0.01102026
"1,1,2,2,3,3,4,4-octafluorobutane",60,0.00813799
"1,1,2,2,3,3,4,4-octafluorobutane",55,0.00599778
"1,1,2,2,3,3,4,4-octafluorobutane",50,0.00441261
"1,1,2,2,3,3,4,4-octafluorobutane",45,0.00324134
"1,1,2,2,3,3,4,4-octafluorobutane",40,0.00237780
"1,1,2,2,3,3,4,4-octafluorobutane",35,0.00174242
"1,1,2,2,3,3,4,4-octafluorobutane",30,0.00127576
"1,1,2,2,3,3,4,4-octafluorobutane",25,0.00093357
"1,1,1,3,3-pentafluorobutane",160,7.21258411
"1,1,1,3,3-pentafluorobutane",155,5.62124805
"1,1,1,3,3-pentafluorobutane",150,4.33790007
"1,1,1,3,3-pentafluorobutane",145,3.31704628
"1,1,1,3,3-pentafluorobutane",140,2.51474500
"1,1,1,3,3-pentafluorobutane",135,1.89095266
"1,1,1,3,3-pentafluorobutane",130,1.41066111
"1,1,1,3,3-pentafluorobutane",125,1.04418717
"1,1,1,3,3-pentafluorobutane",120,0.76694276
"1,1,1,3,3-pentafluorobutane",115,0.55892942
"1,1,1,3,3-pentafluorobutane",110,0.40412253
"1,1,1,3,3-pentafluorobutane",105,0.28984201
"1,1,1,3,3-pentafluorobutane",100,0.20616427
"1,1,1,3,3-pentafluorobutane",95,0.14540033
"1,1,1,3,3-pentafluorobutane",90,0.10164829
"1,1,1,3,3-pentafluorobutane",85,0.07041875
"1,1,1,3,3-pentafluorobutane",80,0.04832702
"1,1,1,3,3-pentafluorobutane",75,0.03284389
"1,1,1,3,3-pentafluorobutane",70,0.02209638
"1,1,1,3,3-pentafluorobutane",65,0.01471021
"1,1,1,3,3-pentafluorobutane",60,0.00968648
"1,1,1,3,3-pentafluorobutane",55,0.00630623
"1,1,1,3,3-pentafluorobutane",50,0.00405719
"1,1,1,3,3-pentafluorobutane",45,0.00257821
"1,1,1,3,3-pentafluorobutane",40,0.00161740
"1,1,1,3,3-pentafluorobutane",35,0.00100111
"1,1,1,3,3-pentafluorobutane",30,0.00061101
"1,1,1,3,3-pentafluorobutane",25,0.00036750
"1,1,1,2,2,3,4,5,5,5-decafluoropentane",160,0.16194607
"1,1,1,2,2,3,4,5,5,5-decafluoropentane",155,0.12185985
"1,1,1,2,2,3,4,5,5,5-decafluoropentane",150,0.09135872
"1,1,1,2,2,3,4,5,5,5-decafluoropentane",145,0.06823150
"1,1,1,2,2,3,4,5,5,5-decafluoropentane",140,0.05076084
"1,1,1,2,2,3,4,5,5,5-decafluoropentane",135,0.03761491
"1,1,1,2,2,3,4,5,5,5-decafluoropentane",130,0.02776322
"1,1,1,2,2,3,4,5,5,5-decafluoropentane",125,0.02041090
"1,1,1,2,2,3,4,5,5,5-decafluoropentane",120,0.01494692
"1,1,1,2,2,3,4,5,5,5-decafluoropentane",115,0.01090345
"1,1,1,2,2,3,4,5,5,5-decafluoropentane",110,0.00792381
"1,1,1,2,2,3,4,5,5,5-decafluoropentane",105,0.00573732
"1,1,1,2,2,3,4,5,5,5-decafluoropentane",100,0.00413946
"1,1,1,2,2,3,4,5,5,5-decafluoropentane",95,0.00297649
"1,1,1,2,2,3,4,5,5,5-decafluoropentane",90,0.00213339
"1,1,1,2,2,3,4,5,5,5-decafluoropentane",85,0.00152449
"1,1,1,2,2,3,4,5,5,5-decafluoropentane",80,0.00108635
"1,1,1,2,2,3,4,5,5,5-decafluoropentane",75,0.00077218
"1,1,1,2,2,3,4,5,5,5-decafluoropentane",70,0.00054763
"1,1,1,2,2,3,4,5,5,5-decafluoropentane",65,0.00038763
"1,1,1,2,2,3,4,5,5,5-decafluoropentane",60,0.00027394
"1,1,1,2,2,3,4,5,5,5-decafluoropentane",55,0.00019336
"1,1,1,2,2,3,4,5,5,5-decafluoropentane",50,0.00013637
"1,1,1,2,2,3,4,5,5,5-decafluoropentane",45,0.00009615
"1,1,1,2,2,3,4,5,5,5-decafluoropentane",40,0.00006780
"1,1,1,2,2,3,4,5,5,5-decafluoropentane",35,0.00004784
"1,1,1,2,2,3,4,5,5,5-decafluoropentane",30,0.00003380
"1,1,1,2,2,3,4,5,5,5-decafluoropentane",25,0.00002392
heptafluoro-1-methoxypropane,160,0.19744111
heptafluoro-1-methoxypropane,155,0.14287403
heptafluoro-1-methoxypropane,150,0.10269780
heptafluoro-1-methoxypropane,145,0.07329213
heptafluoro-1-methoxypropane,140,0.05191024
heptafluoro-1-methoxypropane,135,0.03647287
heptafluoro-1-methoxypropane,130,0.02541188
heptafluoro-1-methoxypropane,125,0.01755035
heptafluoro-1-methoxypropane,120,0.01201023
heptafluoro-1-methoxypropane,115,0.00814079
heptafluoro-1-methoxypropane,110,0.00546340
heptafluoro-1-methoxypropane,105,0.00362884
heptafluoro-1-methoxypropane,100,0.00238454
heptafluoro-1-methoxypropane,95,0.00154948
heptafluoro-1-methoxypropane,90,0.00099523
heptafluoro-1-methoxypropane,85,0.00063157
heptafluoro-1-methoxypropane,80,0.00039578
heptafluoro-1-methoxypropane,75,0.00024481
heptafluoro-1-methoxypropane,70,0.00014938
heptafluoro-1-methoxypropane,65,0.00008987
heptafluoro-1-methoxypropane,60,0.00005327
heptafluoro-1-methoxypropane,55,0.00003110
heptafluoro-1-methoxypropane,50,0.00001786
heptafluoro-1-methoxypropane,45,0.00001009
heptafluoro-1-methoxypropane,40,0.00000560
heptafluoro-1-methoxypropane,35,0.00000305
heptafluoro-1-methoxypropane,30,0.00000163
heptafluoro-1-methoxypropane,25,0.00000086
"1,1,1,2,2,3,3,4,4-nonafluoro-5-oxahexane",160,0.05942774
"1,1,1,2,2,3,3,4,4-nonafluoro-5-oxahexane",155,0.04249213
"1,1,1,2,2,3,3,4,4-nonafluoro-5-oxahexane",150,0.03015282
"1,1,1,2,2,3,3,4,4-nonafluoro-5-oxahexane",145,0.02122680
"1,1,1,2,2,3,3,4,4-nonafluoro-5-oxahexane",140,0.01481901
"1,1,1,2,2,3,3,4,4-nonafluoro-5-oxahexane",135,0.01025595
"1,1,1,2,2,3,3,4,4-nonafluoro-5-oxahexane",130,0.00703393
"1,1,1,2,2,3,3,4,4-nonafluoro-5-oxahexane",125,0.00477891
"1,1,1,2,2,3,3,4,4-nonafluoro-5-oxahexane",120,0.00321520
"1,1,1,2,2,3,3,4,4-nonafluoro-5-oxahexane",115,0.00214127
"1,1,1,2,2,3,3,4,4-nonafluoro-5-oxahexane",110,0.00141107
"1,1,1,2,2,3,3,4,4-nonafluoro-5-oxahexane",105,0.00091974
"1,1,1,2,2,3,3,4,4-nonafluoro-5-oxahexane",100,0.00059270
"1,1,1,2,2,3,3,4,4-nonafluoro-5-oxahexane",95,0.00037746
"1,1,1,2,2,3,3,4,4-nonafluoro-5-oxahexane",90,0.00023745
"1,1,1,2,2,3,3,4,4-nonafluoro-5-oxahexane",85,0.00014748
"1,1,1,2,2,3,3,4,4-nonafluoro-5-oxahexane",80,0.00009039
"1,1,1,2,2,3,3,4,4-nonafluoro-5-oxahexane",75,0.00005464
"1,1,1,2,2,3,3,4,4-nonafluoro-5-oxahexane",70,0.00003256
"1,1,1,2,2,3,3,4,4-nonafluoro-5-oxahexane",65,0.00001911
"1,1,1,2,2,3,3,4,4-nonafluoro-5-oxahexane",60,0.00001105
"1,1,1,2,2,3,3,4,4-nonafluoro-5-oxahexane",55,0.00000628
"1,1,1,2,2,3,3,4,4-nonafluoro-5-oxahexane",50,0.00000351
"1,1,1,2,2,3,3,4,4-nonafluoro-5-oxahexane",45,0.00000193
"1,1,1,2,2,3,3,4,4-nonafluoro-5-oxahexane",40,0.00000104
"1,1,1,2,2,3,3,4,4-nonafluoro-5-oxahexane",35,0.00000055
"1,1,1,2,2,3,3,4,4-nonafluoro-5-oxahexane",30,0.00000029
"1,1,1,2,2,3,3,4,4-nonafluoro-5-oxahexane",25,0.00000014
hydrazine,160,24.50577170
hydrazine,155,22.53143307
hydrazine,150,20.69349975
hydrazine,145,18.98168972
hydrazine,140,17.38531590
hydrazine,135,15.89638680
hydrazine,130,14.50785388
hydrazine,125,13.21312061
hydrazine,120,12.00703618
hydrazine,115,10.88467979
hydrazine,110,9.84246592
hydrazine,105,8.87551036
hydrazine,100,7.98141227
hydrazine,95,7.15588907
hydrazine,90,6.39626239
hydrazine,85,5.69972987
hydrazine,80,5.06311198
hydrazine,75,4.48338435
hydrazine,70,3.95830362
hydrazine,65,3.48419529
hydrazine,60,3.05854769
hydrazine,55,2.67832257
hydrazine,50,2.34033832
hydrazine,45,2.04149833
hydrazine,40,1.77872210
hydrazine,35,1.54883507
hydrazine,30,1.34874112
hydrazine,25,1.17548995
hcn,160,45.14274328
hcn,155,39.63190995
hcn,150,34.22142663
hcn,145,29.05247124
hcn,140,24.23926047
hcn,135,19.86566712
hcn,130,15.98562397
hcn,125,12.62563537
hcn,120,9.78685094
hcn,115,7.44767783
hcn,110,5.56788711
hcn,105,4.09365197
hcn,100,2.96379430
hcn,95,2.11598163
hcn,90,1.49175387
hcn,85,1.03976797
hcn,80,0.71725989
hcn,75,0.49008410
hcn,70,0.33188193
hcn,65,0.22284523
hcn,60,0.14840686
hcn,55,0.09804124
hcn,50,0.06425421
hcn,45,0.04177686
hcn,40,0.02694581
hcn,35,0.01723970
hcn,30,0.01093953
hcn,25,0.00688388
h2o2,160,0.00611279
h2o2,155,0.00427440
h2o2,150,0.00298228
h2o2,145,0.00207688
h2o2,140,0.00144421
h2o2,135,0.00100322
h2o2,130,0.00069650
h2o2,125,0.00048354
h2o2,120,0.00033587
h2o2,115,0.00023358
h2o2,110,0.00016274
h2o2,105,0.00011368
h2o2,100,0.00007968
h2o2,95,0.00005608
h2o2,90,0.00003967
h2o2,85,0.00002824
h2o2,80,0.00002024
h2o2,75,0.00001462
h2o2,70,0.00001066
h2o2,65,0.00000785
h2o2,60,0.00000585
h2o2,55,0.00000441
h2o2,50,0.00000338
h2o2,45,0.00000262
h2o2,40,0.00000207
h2o2,35,0.00000166
h2o2,30,0.00000136
h2o2,25,0.00000113
h2s,160,100.00000000
h2s,155,100.00000000
h2s,150,100.00000000
h2s,145,100.00000000
h2s,140,100.00000000
h2s,135,100.00000000
h2s,130,100.00000000
h2s,125,100.00000000
h2s,120,100.00000000
h2s,115,100.00000000
h2s,110,100.00000000
h2s,105,100.00000000
h2s,100,100.00000000
h2s,95,100.00000000
h2s,90,100.00000000
h2s,85,100.00000000
h2s,80,37.30662191
h2s,75,35.17079273
h2s,70,33.03259185
h2s,65,30.89428244
h2s,60,28.76099158
h2s,55,26.63756786
h2s,50,24.53033313
h2s,45,22.44396353
h2s,40,20.38747620
h2s,35,18.36760165
h2s,30,16.39433304
h2s,25,14.47849278
2-propenoicacid-2-hydroxyethylester,160,5.70015348
2-propenoicacid-2-hydroxyethylester,155,4.31143772
2-propenoicacid-2-hydroxyethylester,150,3.22743613
2-propenoicacid-2-hydroxyethylester,145,2.39223608
2-propenoicacid-2-hydroxyethylester,140,1.75633024
2-propenoicacid-2-hydroxyethylester,135,1.27747164
2-propenoicacid-2-hydroxyethylester,130,0.92061441
2-propenoicacid-2-hydroxyethylester,125,0.65733124
2-propenoicacid-2-hydroxyethylester,120,0.46498304
2-propenoicacid-2-hydroxyethylester,115,0.32581956
2-propenoicacid-2-hydroxyethylester,110,0.22611281
2-propenoicacid-2-hydroxyethylester,105,0.15537679
2-propenoicacid-2-hydroxyethylester,100,0.10569454
2-propenoicacid-2-hydroxyethylester,95,0.07115524
2-propenoicacid-2-hydroxyethylester,90,0.04739397
2-propenoicacid-2-hydroxyethylester,85,0.03122252
2-propenoicacid-2-hydroxyethylester,80,0.02033769
2-propenoicacid-2-hydroxyethylester,75,0.01309414
2-propenoicacid-2-hydroxyethylester,70,0.00832993
2-propenoicacid-2-hydroxyethylester,65,0.00523398
2-propenoicacid-2-hydroxyethylester,60,0.00324700
2-propenoicacid-2-hydroxyethylester,55,0.00198797
2-propenoicacid-2-hydroxyethylester,50,0.00120068
2-propenoicacid-2-hydroxyethylester,45,0.00071505
2-propenoicacid-2-hydroxyethylester,40,0.00041967
2-propenoicacid-2-hydroxyethylester,35,0.00024262
2-propenoicacid-2-hydroxyethylester,30,0.00013808
2-propenoicacid-2-hydroxyethylester,25,0.00007732
1h-indene,160,19.48680235
1h-indene,155,16.66469132
1h-indene,150,14.07188358
1h-indene,145,11.72562330
1h-indene,140,9.63689253
1h-indene,135,7.80966344
1h-indene,130,6.23983753
1h-indene,125,4.91590493
1h-indene,120,3.81976877
1h-indene,115,2.92845429
1h-indene,110,2.21615544
1h-indene,105,1.65623269
1h-indene,100,1.22287629
1h-indene,95,0.89234565
1h-indene,90,0.64369348
1h-indene,85,0.45907148
1h-indene,80,0.32370460
1h-indene,75,0.22565821
1h-indene,70,0.15549306
1h-indene,65,0.10587992
1h-indene,60,0.07122117
1h-indene,55,0.04730597
1h-indene,50,0.03101154
1h-indene,45,0.02005366
1h-indene,40,0.01278389
1h-indene,35,0.00802865
1h-indene,30,0.00496385
1h-indene,25,0.00301892
indole,160,28.87877567
indole,155,26.27162268
indole,150,23.76381370
indole,145,21.36463095
indole,140,19.08008953
indole,135,16.91943449
indole,130,14.88926282
indole,125,12.99648689
indole,120,11.24646884
indole,115,9.64354118
indole,110,8.19013906
indole,105,6.88683572
indole,100,5.73207192
indole,95,4.72167042
indole,90,3.84904477
indole,85,3.10551219
indole,80,2.48041487
indole,75,1.96186782
indole,70,1.53725515
indole,65,1.19384292
indole,60,0.91934650
indole,55,0.70233535
indole,50,0.53252015
indole,45,0.40089380
indole,40,0.29976533
indole,35,0.22270395
indole,30,0.16443187
indole,25,0.12068568
iodobenzene,160,9.67594104
iodobenzene,155,7.95621348
iodobenzene,150,6.46390232
iodobenzene,145,5.18812110
iodobenzene,140,4.11407455
iodobenzene,135,3.22371778
iodobenzene,130,2.49678943
iodobenzene,125,1.91200519
iodobenzene,120,1.44820444
iodobenzene,115,1.08528870
iodobenzene,110,0.80492280
iodobenzene,105,0.59094291
iodobenzene,100,0.42950917
iodobenzene,95,0.30906651
iodobenzene,90,0.22017362
iodobenzene,85,0.15526020
iodobenzene,80,0.10835605
iodobenzene,75,0.07482267
iodobenzene,70,0.05110501
iodobenzene,65,0.03451312
iodobenzene,60,0.02303637
iodobenzene,55,0.01518978
iodobenzene,50,0.00988954
iodobenzene,45,0.00635400
iodobenzene,40,0.00402631
iodobenzene,35,0.00251465
iodobenzene,30,0.00154688
iodobenzene,25,0.00093655
triiodomethane,160,1.84533735
triiodomethane,155,1.40716443
triiodomethane,150,1.06795282
triiodomethane,145,0.80659245
triiodomethane,140,0.60614889
triiodomethane,135,0.45314894
triiodomethane,130,0.33693473
triiodomethane,125,0.24911439
triiodomethane,120,0.18310764
triiodomethane,115,0.13377603
triiodomethane,110,0.09712421
triiodomethane,105,0.07006017
triiodomethane,100,0.05020309
triiodomethane,95,0.03572977
triiodomethane,90,0.02525217
triiodomethane,85,0.01772016
triiodomethane,80,0.01234445
triiodomethane,75,0.00853589
triiodomethane,70,0.00585788
triiodomethane,65,0.00398925
triiodomethane,60,0.00269556
triiodomethane,55,0.00180703
triiodomethane,50,0.00120170
triiodomethane,45,0.00079270
triiodomethane,40,0.00051863
triiodomethane,35,0.00033654
triiodomethane,30,0.00021657
triiodomethane,25,0.00013822
isoamylacetate,160,11.01092946
isoamylacetate,155,8.93073213
isoamylacetate,150,7.15940864
isoamylacetate,145,5.67467348
isoamylacetate,140,4.44885241
isoamylacetate,135,3.45121171
isoamylacetate,130,2.65018244
isoamylacetate,125,2.01514224
isoamylacetate,120,1.51767355
isoamylacetate,115,1.13234723
isoamylacetate,110,0.83707037
isoamylacetate,105,0.61311903
isoamylacetate,100,0.44495479
isoamylacetate,95,0.31991431
isoamylacetate,90,0.22783980
isoamylacetate,85,0.16069813
isoamylacetate,80,0.11221794
isoamylacetate,75,0.07756194
isoamylacetate,70,0.05304151
isoamylacetate,65,0.03587503
isoamylacetate,60,0.02398774
isoamylacetate,55,0.01584901
isoamylacetate,50,0.01034213
isoamylacetate,45,0.00666154
isoamylacetate,40,0.00423294
isoamylacetate,35,0.00265180
isoamylacetate,30,0.00163673
isoamylacetate,25,0.00099459
isopentanol,160,6.78936451
isopentanol,155,4.95057774
isopentanol,150,3.56087341
isopentanol,145,2.52904402
isopentanol,140,1.77470114
isopentanol,135,1.23086521
isopentanol,130,0.84385371
isopentanol,125,0.57185113
isopentanol,120,0.38299958
isopentanol,115,0.25346671
isopentanol,110,0.16570552
isopentanol,105,0.10698389
isopentanol,100,0.06819113
isopentanol,95,0.04289655
isopentanol,90,0.02662283
isopentanol,85,0.01629568
isopentanol,80,0.00983381
isopentanol,75,0.00584847
isopentanol,70,0.00342664
isopentanol,65,0.00197709
isopentanol,60,0.00112288
isopentanol,55,0.00062747
isopentanol,50,0.00034483
isopentanol,45,0.00018627
isopentanol,40,0.00009885
isopentanol,35,0.00005150
isopentanol,30,0.00002633
isopentanol,25,0.00001320
1-butanol-3-methylpropanoate,160,6.88273211
1-butanol-3-methylpropanoate,155,5.43589370
1-butanol-3-methylpropanoate,150,4.25362941
1-butanol-3-methylpropanoate,145,3.29891354
1-butanol-3-methylpropanoate,140,2.53641951
1-butanol-3-methylpropanoate,135,1.93373305
1-butanol-3-methylpropanoate,130,1.46202046
1-butanol-3-methylpropanoate,125,1.09627334
1-butanol-3-methylpropanoate,120,0.81525244
1-butanol-3-methylpropanoate,115,0.60123926
1-butanol-3-methylpropanoate,110,0.43967874
1-butanol-3-methylpropanoate,105,0.31877669
1-butanol-3-methylpropanoate,100,0.22909291
1-butanol-3-methylpropanoate,95,0.16315659
1-butanol-3-methylpropanoate,90,0.11511805
1-butanol-3-methylpropanoate,85,0.08044357
1-butanol-3-methylpropanoate,80,0.05565417
1-butanol-3-methylpropanoate,75,0.03810645
1-butanol-3-methylpropanoate,70,0.02581169
1-butanol-3-methylpropanoate,65,0.01728866
1-butanol-3-methylpropanoate,60,0.01144537
1-butanol-3-methylpropanoate,55,0.00748522
1-butanol-3-methylpropanoate,50,0.00483343
1-butanol-3-methylpropanoate,45,0.00307989
1-butanol-3-methylpropanoate,40,0.00193545
1-butanol-3-methylpropanoate,35,0.00119873
1-butanol-3-methylpropanoate,30,0.00073123
1-butanol-3-methylpropanoate,25,0.00043900
aceticacid-2-methylpropylester,160,15.15527771
aceticacid-2-methylpropylester,155,12.58423684
aceticacid-2-methylpropylester,150,10.31537717
aceticacid-2-methylpropylester,145,8.34738705
aceticacid-2-methylpropylester,140,6.66962776
aceticacid-2-methylpropylester,135,5.26341440
aceticacid-2-methylpropylester,130,4.10410358
aceticacid-2-methylpropylester,125,3.16330981
aceticacid-2-methylpropylester,120,2.41117009
aceticacid-2-methylpropylester,115,1.81823911
aceticacid-2-methylpropylester,110,1.35693754
aceticacid-2-methylpropylester,105,1.00246245
aceticacid-2-methylpropylester,100,0.73325030
aceticacid-2-methylpropylester,95,0.53106808
aceticacid-2-methylpropylester,90,0.38085761
aceticacid-2-methylpropylester,85,0.27043035
aceticacid-2-methylpropylester,80,0.19009141
aceticacid-2-methylpropylester,75,0.13224798
aceticacid-2-methylpropylester,70,0.09103624
aceticacid-2-methylpropylester,65,0.06198604
aceticacid-2-methylpropylester,60,0.04173131
aceticacid-2-methylpropylester,55,0.02776722
aceticacid-2-methylpropylester,50,0.01825157
aceticacid-2-methylpropylester,45,0.01184518
aceticacid-2-methylpropylester,40,0.00758603
aceticacid-2-methylpropylester,35,0.00479135
aceticacid-2-methylpropylester,30,0.00298259
aceticacid-2-methylpropylester,25,0.00182860
2-propenoicacid-2-methylpropylester,160,11.69634152
2-propenoicacid-2-methylpropylester,155,9.51693361
2-propenoicacid-2-methylpropylester,150,7.65009185
2-propenoicacid-2-methylpropylester,145,6.07706689
2-propenoicacid-2-methylpropylester,140,4.77246809
2-propenoicacid-2-methylpropylester,135,3.70674406
2-propenoicacid-2-methylpropylester,130,2.84851061
2-propenoicacid-2-methylpropylester,125,2.16659468
2-propenoicacid-2-methylpropylester,120,1.63156925
2-propenoicacid-2-methylpropylester,115,1.21675206
2-propenoicacid-2-methylpropylester,110,0.89873846
2-propenoicacid-2-methylpropylester,105,0.65755107
2-propenoicacid-2-methylpropylester,100,0.47652578
2-propenoicacid-2-methylpropylester,95,0.34203270
2-propenoicacid-2-methylpropylester,90,0.24311234
2-propenoicacid-2-methylpropylester,85,0.17108482
2-propenoicacid-2-methylpropylester,80,0.11916905
2-propenoicacid-2-methylpropylester,75,0.08213403
2-propenoicacid-2-methylpropylester,70,0.05599251
2-propenoicacid-2-methylpropylester,65,0.03774019
2-propenoicacid-2-methylpropylester,60,0.02513897
2-propenoicacid-2-methylpropylester,55,0.01654032
2-propenoicacid-2-methylpropylester,50,0.01074384
2-propenoicacid-2-methylpropylester,45,0.00688562
2-propenoicacid-2-methylpropylester,40,0.00435135
2-propenoicacid-2-methylpropylester,35,0.00270965
2-propenoicacid-2-methylpropylester,30,0.00166150
2-propenoicacid-2-methylpropylester,25,0.00100243
isobutanol,160,10.66519579
isobutanol,155,7.88703620
isobutanol,150,5.72637959
isobutanol,145,4.09019318
isobutanol,140,2.87861802
isobutanol,135,1.99840699
isobutanol,130,1.36948501
isobutanol,125,0.92679391
isobutanol,120,0.61949730
isobutanol,115,0.40900689
isobutanol,110,0.26669224
isobutanol,105,0.17171066
isobutanol,100,0.10914071
isobutanol,95,0.06846351
isobutanol,90,0.04237253
isobutanol,85,0.02586576
isobutanol,80,0.01556821
isobutanol,75,0.00923581
isobutanol,70,0.00539858
isobutanol,65,0.00310805
isobutanol,60,0.00176168
isobutanol,55,0.00098268
isobutanol,50,0.00053920
isobutanol,45,0.00029088
isobutanol,40,0.00015420
isobutanol,35,0.00008028
isobutanol,30,0.00004102
isobutanol,25,0.00002056
isobutylformate,160,18.16226278
isobutylformate,155,15.19645449
isobutylformate,150,12.53229166
isobutylformate,145,10.18465242
isobutylformate,140,8.15646455
isobutylformate,135,6.43883906
isobutylformate,130,5.01236401
isobutylformate,125,3.84979958
isobutylformate,120,2.91907524
isobutylformate,115,2.18630539
isobutylformate,110,1.61828324
isobutylformate,105,1.18428437
isobutylformate,100,0.85712810
isobutylformate,95,0.61362550
isobutylformate,90,0.43456890
isobutylformate,85,0.30443494
isobutylformate,80,0.21093647
isobutylformate,75,0.14452182
isobutylformate,70,0.09788353
isobutylformate,65,0.06551195
isobutylformate,60,0.04330915
isobutylformate,55,0.02826677
isobutylformate,50,0.01820440
isobutylformate,45,0.01156176
isobutylformate,40,0.00723672
isobutylformate,35,0.00446098
isobutylformate,30,0.00270625
isobutylformate,25,0.00161439
isobutylisobutyrate,160,6.22149890
isobutylisobutyrate,155,4.88955083
isobutylisobutyrate,150,3.80949935
isobutylisobutyrate,145,2.94315670
isobutylisobutyrate,140,2.25525527
isobutylisobutyrate,135,1.71425068
isobutylisobutyrate,130,1.29264633
isobutylisobutyrate,125,0.96697507
isobutylisobutyrate,120,0.71756264
isobutylisobutyrate,115,0.52816542
isobutylisobutyrate,110,0.38555146
isobutylisobutyrate,105,0.27907161
isobutylisobutyrate,100,0.20024990
isobutylisobutyrate,95,0.14240980
isobutylisobutyrate,90,0.10034419
isobutylisobutyrate,85,0.07003099
isobutylisobutyrate,80,0.04839300
isobutylisobutyrate,75,0.03309830
isobutylisobutyrate,70,0.02239672
isobutylisobutyrate,65,0.01498759
isobutylisobutyrate,60,0.00991398
isobutylisobutyrate,55,0.00647920
isobutylisobutyrate,50,0.00418145
isobutylisobutyrate,45,0.00266334
isobutylisobutyrate,40,0.00167327
isobutylisobutyrate,35,0.00103628
isobutylisobutyrate,30,0.00063223
isobutylisobutyrate,25,0.00037972
isobutene,160,29.21366471
isobutene,155,24.82068586
isobutene,150,20.69724413
isobutene,145,16.93047447
isobutene,140,13.58621307
isobutene,135,10.70077129
isobutene,130,8.27931662
isobutene,125,6.29955300
isobutene,120,4.71912451
isobutene,115,3.48437601
isobutene,110,2.53811658
isobutene,105,1.82536190
isobutene,100,1.29680708
isobutene,95,0.91042110
isobutene,90,0.63171763
isobutene,85,0.43323409
isobutene,80,0.29362194
isobutene,75,0.19661622
isobutene,70,0.13003882
isobutene,65,0.08491269
isobutene,60,0.05471559
isobutene,55,0.03477401
isobutene,50,0.02178438
isobutene,45,0.01344314
isobutene,40,0.00816615
isobutene,35,0.00487940
isobutene,30,0.00286549
isobutene,25,0.00165248
"2,2-dimethyl-oxirane",160,36.59394327
"2,2-dimethyl-oxirane",155,33.26225356
"2,2-dimethyl-oxirane",150,29.97513909
"2,2-dimethyl-oxirane",145,26.75650022
"2,2-dimethyl-oxirane",140,23.63382673
"2,2-dimethyl-oxirane",135,20.63395601
"2,2-dimethyl-oxirane",130,17.78678314
"2,2-dimethyl-oxirane",125,15.12103507
"2,2-dimethyl-oxirane",120,12.66385724
"2,2-dimethyl-oxirane",115,10.43854252
"2,2-dimethyl-oxirane",110,8.46200836
"2,2-dimethyl-oxirane",105,6.74289481
"2,2-dimethyl-oxirane",100,5.28069699
"2,2-dimethyl-oxirane",95,4.06500603
"2,2-dimethyl-oxirane",90,3.07710702
"2,2-dimethyl-oxirane",85,2.29196874
"2,2-dimethyl-oxirane",80,1.68104534
"2,2-dimethyl-oxirane",75,1.21501319
"2,2-dimethyl-oxirane",70,0.86598637
"2,2-dimethyl-oxirane",65,0.60899342
"2,2-dimethyl-oxirane",60,0.42272865
"2,2-dimethyl-oxirane",55,0.28970938
"2,2-dimethyl-oxirane",50,0.19604259
"2,2-dimethyl-oxirane",45,0.13097757
"2,2-dimethyl-oxirane",40,0.08638077
"2,2-dimethyl-oxirane",35,0.05621818
"2,2-dimethyl-oxirane",30,0.03609099
"2,2-dimethyl-oxirane",25,0.02284378
isobutyricacid,160,7.91924314
isobutyricacid,155,5.91761485
isobutyricacid,150,4.36644699
isobutyricacid,145,3.18497457
isobutyricacid,140,2.29837862
isobutyricacid,135,1.64172426
isobutyricacid,130,1.16111043
isobutyricacid,125,0.81320623
isobutyricacid,120,0.56400938
isobutyricacid,115,0.38734191
isobutyricacid,110,0.26336597
isobutyricacid,105,0.17725333
isobutyricacid,100,0.11805792
isobutyricacid,95,0.07779396
isobutyricacid,90,0.05070150
isobutyricacid,85,0.03267273
isobutyricacid,80,0.02081121
isobutyricacid,75,0.01309802
isobutyricacid,70,0.00814237
isobutyricacid,65,0.00499764
isobutyricacid,60,0.00302738
isobutyricacid,55,0.00180911
isobutyricacid,50,0.00106599
isobutyricacid,45,0.00061903
isobutyricacid,40,0.00035408
isobutyricacid,35,0.00019937
isobutyricacid,30,0.00011044
isobutyricacid,25,0.00006014
isocyanicacid,160,100.00000000
isocyanicacid,155,100.00000000
isocyanicacid,150,100.00000000
isocyanicacid,145,100.00000000
isocyanicacid,140,48.96971855
isocyanicacid,135,46.43562373
isocyanicacid,130,43.89099473
isocyanicacid,125,41.34715440
isocyanicacid,120,38.80957350
isocyanicacid,115,36.28643602
isocyanicacid,110,33.78553613
isocyanicacid,105,31.31753899
isocyanicacid,100,28.89124134
isocyanicacid,95,26.51525134
isocyanicacid,90,24.20220286
isocyanicacid,85,21.95841977
isocyanicacid,80,19.79560232
isocyanicacid,75,17.72227416
isocyanicacid,70,15.74917990
isocyanicacid,65,13.88439963
isocyanicacid,60,12.13649817
isocyanicacid,55,10.51246299
isocyanicacid,50,9.01786549
isocyanicacid,45,7.65773404
isocyanicacid,40,6.43462582
isocyanicacid,35,5.34857628
isocyanicacid,30,4.39736534
isocyanicacid,25,3.57625963
isooctanol,160,2.66500459
isooctanol,155,1.94059629
isooctanol,150,1.39973429
isooctanol,145,0.99986651
isooctanol,140,0.70714193
isooctanol,135,0.49499390
isooctanol,130,0.34282124
isooctanol,125,0.23482618
isooctanol,120,0.15902544
isooctanol,115,0.10642768
isooctanol,110,0.07036151
isooctanol,105,0.04593373
isooctanol,100,0.02959833
isooctanol,95,0.01881755
isooctanol,90,0.01179884
isooctanol,85,0.00729313
isooctanol,80,0.00444223
isooctanol,75,0.00266506
isooctanol,70,0.00157412
isooctanol,65,0.00091491
isooctanol,60,0.00052302
isooctanol,55,0.00029392
isooctanol,50,0.00016227
isooctanol,45,0.00008797
isooctanol,40,0.00004679
isooctanol,35,0.00002440
isooctanol,30,0.00001247
isooctanol,25,0.00000624
methylbutane,160,1.49562131
methylbutane,155,1.07993599
methylbutane,150,0.77505211
methylbutane,145,0.55246076
methylbutane,140,0.39086096
methylbutane,135,0.27430292
methylbutane,130,0.19084453
methylbutane,125,0.13156355
methylbutane,120,0.08981950
methylbutane,115,0.06069613
methylbutane,110,0.04057728
methylbutane,105,0.02682319
methylbutane,100,0.01752318
methylbutane,95,0.01130713
methylbutane,90,0.00720250
methylbutane,85,0.00452634
methylbutane,80,0.00280464
methylbutane,75,0.00171233
methylbutane,70,0.00102939
methylbutane,65,0.00060889
methylbutane,60,0.00035411
methylbutane,55,0.00020231
methylbutane,50,0.00011344
methylbutane,45,0.00006238
methylbutane,40,0.00003360
methylbutane,35,0.00001772
methylbutane,30,0.00000913
methylbutane,25,0.00000459
isophorone,160,15.77096473
isophorone,155,13.36122476
isophorone,150,11.19182701
isophorone,145,9.26601720
isophorone,140,7.58135621
isophorone,135,6.12968459
isophorone,130,4.89782608
isophorone,125,3.86835269
isophorone,120,3.02079987
isophorone,115,2.33307710
isophorone,110,1.78274879
isophorone,105,1.34815785
isophorone,100,1.00924586
isophorone,95,0.74808203
isophorone,90,0.54910601
isophorone,85,0.39915749
isophorone,80,0.28734732
isophorone,75,0.20483638
isophorone,70,0.14456963
isophorone,65,0.10100035
isophorone,60,0.06982735
isophorone,55,0.04775767
isophorone,50,0.03230075
isophorone,45,0.02159488
isophorone,40,0.01426446
isophorone,35,0.00930476
isophorone,30,0.00599047
isophorone,25,0.00380421
isoprene,160,29.10002662
isoprene,155,25.24407336
isoprene,150,21.57474417
isoprene,145,18.14859264
isoprene,140,15.01533825
isoprene,135,12.21355458
isoprene,130,9.76597813
isoprene,125,7.67811774
isoprene,120,5.93847141
isoprene,115,4.52139885
isoprene,110,3.39147164
isoprene,105,2.50820053
isoprene,100,1.83022412
isoprene,95,1.31847128
isoprene,90,0.93810648
isoprene,85,0.65943353
isoprene,80,0.45801872
isoprene,75,0.31432836
isoprene,70,0.21311426
isoprene,65,0.14271287
isoprene,60,0.09435985
isoprene,55,0.06157444
isoprene,50,0.03963569
isoprene,45,0.02515358
isoprene,40,0.01572780
isoprene,35,0.00968262
isoprene,30,0.00586475
isoprene,25,0.00349212
isopropylacetate,160,20.85962570
isopropylacetate,155,17.83812151
isopropylacetate,150,15.05772726
isopropylacetate,145,12.53972714
isopropylacetate,140,10.29842338
isopropylacetate,135,8.33921435
isopropylacetate,130,6.65813620
isopropylacetate,125,5.24256402
isopropylacetate,120,4.07245485
isopropylacetate,115,3.12243415
isopropylacetate,110,2.36417389
isopropylacetate,105,1.76863865
isopropylacetate,100,1.30789890
isopropylacetate,95,0.95642735
isopropylacetate,90,0.69182378
isopropylacetate,85,0.49508697
isopropylacetate,80,0.35054231
isopropylacetate,75,0.24556079
isopropylacetate,70,0.17017035
isopropylacetate,65,0.11663415
isopropylacetate,60,0.07904296
isopropylacetate,55,0.05294760
isopropylacetate,50,0.03504283
isopropylacetate,45,0.02290457
isopropylacetate,40,0.01477724
isopropylacetate,35,0.00940523
isopropylacetate,30,0.00590182
isopropylacetate,25,0.00364887
isopropylamine,160,44.98741326
isopropylamine,155,41.67133799
isopropylamine,150,38.30988358
isopropylamine,145,34.91659102
isopropylamine,140,31.51291944
isopropylamine,135,28.12301421
isopropylamine,130,24.77740326
isopropylamine,125,21.51174581
isopropylamine,120,18.36913429
isopropylamine,115,15.39586881
isopropylamine,110,12.63951354
isopropylamine,105,10.14537835
isopropylamine,100,7.95038502
isopropylamine,95,6.07703161
isopropylamine,90,4.52991528
isopropylamine,85,3.29443569
isopropylamine,80,2.33992729
isopropylamine,75,1.62525282
isopropylamine,70,1.10542218
isopropylamine,65,0.73713992
isopropylamine,60,0.48238182
isopropylamine,55,0.30996486
isopropylamine,50,0.19562983
isopropylamine,45,0.12126999
isopropylamine,40,0.07381686
isopropylamine,35,0.04410049
isopropylamine,30,0.02584333
isopropylamine,25,0.01484382
isopropylbenzene,160,10.46134988
isopropylbenzene,155,8.36915841
isopropylbenzene,150,6.61647511
isopropylbenzene,145,5.17192728
isopropylbenzene,140,3.99926659
isopropylbenzene,135,3.06060132
isopropylbenzene,130,2.31896519
isopropylbenzene,125,1.74006700
isopropylbenzene,120,1.29331452
isopropylbenzene,115,0.95224964
isopropylbenzene,110,0.69456060
isopropylbenzene,105,0.50182454
isopropylbenzene,100,0.35909935
isopropylbenzene,95,0.25445385
isopropylbenzene,90,0.17849286
isopropylbenzene,85,0.12391201
isopropylbenzene,80,0.08509999
isopropylbenzene,75,0.05779535
isopropylbenzene,70,0.03879802
isopropylbenzene,65,0.02573166
isopropylbenzene,60,0.01685153
isopropylbenzene,55,0.01089125
isopropylbenzene,50,0.00694257
isopropylbenzene,45,0.00436199
isopropylbenzene,40,0.00269942
isopropylbenzene,35,0.00164420
isopropylbenzene,30,0.00098491
isopropylbenzene,25,0.00057973
2-chloropropane,160,28.67892659
2-chloropropane,155,25.07640306
2-chloropropane,150,21.62375619
2-chloropropane,145,18.36632457
2-chloropropane,140,15.34824060
2-chloropropane,135,12.60771726
2-chloropropane,130,10.17365977
2-chloropropane,125,8.06237219
2-chloropropane,120,6.27519821
2-chloropropane,115,4.79912391
2-chloropropane,110,3.60879281
2-chloropropane,105,2.67046962
2-chloropropane,100,1.94632439
2-chloropropane,95,1.39826711
2-chloropropane,90,0.99083262
2-chloropropane,85,0.69288052
2-chloropropane,80,0.47829758
2-chloropropane,75,0.32596952
2-chloropropane,70,0.21932200
2-chloropropane,65,0.14565984
2-chloropropane,60,0.09546038
2-chloropropane,55,0.06171062
2-chloropropane,50,0.03933132
2-chloropropane,45,0.02470089
2-chloropropane,40,0.01527583
2-chloropropane,35,0.00929624
2-chloropropane,30,0.00556270
2-chloropropane,25,0.00327021
diisopropylether,160,8.73110910
diisopropylether,155,6.85962030
diisopropylether,150,5.33566987
diisopropylether,145,4.11111319
diisopropylether,140,3.13898000
diisopropylether,135,2.37578839
diisopropylether,130,1.78281302
diisopropylether,125,1.32657744
diisopropylether,120,0.97882172
diisopropylether,115,0.71614981
diisopropylether,110,0.51950790
diisopropylether,105,0.37359767
diisopropylether,100,0.26629042
diisopropylether,95,0.18808074
diisopropylether,90,0.13159908
diisopropylether,85,0.09119042
diisopropylether,80,0.06255881
diisopropylether,75,0.04247305
diisopropylether,70,0.02852692
diisopropylether,65,0.01894666
diisopropylether,60,0.01243811
diisopropylether,55,0.00806708
diisopropylether,50,0.00516659
diisopropylether,45,0.00326580
diisopropylether,40,0.00203625
diisopropylether,35,0.00125163
diisopropylether,30,0.00075798
diisopropylether,25,0.00045195
hexadecanoicacidisopropylester,160,0.46907032
hexadecanoicacidisopropylester,155,0.35311838
hexadecanoicacidisopropylester,150,0.26414210
hexadecanoicacidisopropylester,145,0.19626802
hexadecanoicacidisopropylester,140,0.14481617
hexadecanoicacidisopropylester,135,0.10607213
hexadecanoicacidisopropylester,130,0.07710136
hexadecanoicacidisopropylester,125,0.05559774
hexadecanoicacidisopropylester,120,0.03975953
hexadecanoicacidisopropylester,115,0.02818803
hexadecanoicacidisopropylester,110,0.01980494
hexadecanoicacidisopropylester,105,0.01378502
hexadecanoicacidisopropylester,100,0.00950167
hexadecanoicacidisopropylester,95,0.00648302
hexadecanoicacidisopropylester,90,0.00437681
hexadecanoicacidisopropylester,85,0.00292248
hexadecanoicacidisopropylester,80,0.00192911
hexadecanoicacidisopropylester,75,0.00125824
hexadecanoicacidisopropylester,70,0.00081050
hexadecanoicacidisopropylester,65,0.00051533
hexadecanoicacidisopropylester,60,0.00032324
hexadecanoicacidisopropylester,55,0.00019990
hexadecanoicacidisopropylester,50,0.00012180
hexadecanoicacidisopropylester,45,0.00007307
hexadecanoicacidisopropylester,40,0.00004314
hexadecanoicacidisopropylester,35,0.00002504
hexadecanoicacidisopropylester,30,0.00001427
hexadecanoicacidisopropylester,25,0.00000799
3-methylbutanal,160,25.50558262
3-methylbutanal,155,22.13509438
3-methylbutanal,150,18.96171541
3-methylbutanal,145,16.01982944
3-methylbutanal,140,13.33912593
3-methylbutanal,135,10.94125483
3-methylbutanal,130,8.83830258
3-methylbutanal,125,7.03104609
3-methylbutanal,120,5.50958325
3-methylbutanal,115,4.25448529
3-methylbutanal,110,3.23923901
3-methylbutanal,105,2.43317037
3-methylbutanal,100,1.80426954
3-methylbutanal,95,1.32150332
3-methylbutanal,90,0.95646662
3-methylbutanal,85,0.68430532
3-methylbutanal,80,0.48405827
3-methylbutanal,75,0.33856953
3-methylbutanal,70,0.23414500
3-methylbutanal,65,0.16008378
3-methylbutanal,60,0.10817656
3-methylbutanal,55,0.07222782
3-methylbutanal,50,0.04763120
3-methylbutanal,45,0.03100957
3-methylbutanal,40,0.01992014
3-methylbutanal,35,0.01261919
3-methylbutanal,30,0.00787843
3-methylbutanal,25,0.00484417
isovalericacid,160,7.13736995
isovalericacid,155,5.37389973
isovalericacid,150,3.99857834
isovalericacid,145,2.94273232
isovalericacid,140,2.14330692
isovalericacid,135,1.54551951
isovalericacid,130,1.10360578
isovalericacid,125,0.78043325
isovalericacid,120,0.54654546
isovalericacid,115,0.37899755
isovalericacid,110,0.26018944
isovalericacid,105,0.17680274
isovalericacid,100,0.11888343
isovalericacid,95,0.07907894
isovalericacid,90,0.05202009
isovalericacid,85,0.03383033
isovalericacid,80,0.02174262
isovalericacid,75,0.01380462
isovalericacid,70,0.00865508
isovalericacid,65,0.00535635
isovalericacid,60,0.00327058
isovalericacid,55,0.00196938
isovalericacid,50,0.00116887
isovalericacid,45,0.00068343
isovalericacid,40,0.00039342
isovalericacid,35,0.00022284
isovalericacid,30,0.00012411
isovalericacid,25,0.00006791
iso-oxazole,160,26.63592338
iso-oxazole,155,22.56881853
iso-oxazole,150,18.75751428
iso-oxazole,145,15.27832112
iso-oxazole,140,12.19085933
iso-oxazole,135,9.53110249
iso-oxazole,130,7.30676718
iso-oxazole,125,5.49891581
iso-oxazole,120,4.06806160
iso-oxazole,115,2.96248793
iso-oxazole,110,2.12633333
iso-oxazole,105,1.50579664
iso-oxazole,100,1.05295321
iso-oxazole,95,0.72744542
iso-oxazole,90,0.49668900
iso-oxazole,85,0.33521519
iso-oxazole,80,0.22362094
iso-oxazole,75,0.14743181
iso-oxazole,70,0.09604104
iso-oxazole,65,0.06179761
iso-oxazole,60,0.03926174
iso-oxazole,55,0.02461845
iso-oxazole,50,0.01522771
iso-oxazole,45,0.00928672
iso-oxazole,40,0.00558081
iso-oxazole,35,0.00330275
iso-oxazole,30,0.00192360
iso-oxazole,25,0.00110183
ethenone,160,100.00000000
ethenone,155,54.87509062
ethenone,150,52.06100298
ethenone,145,49.17861838
ethenone,140,46.23118749
ethenone,135,43.22407991
ethenone,130,40.16636263
ethenone,125,37.06721783
ethenone,120,33.93929524
ethenone,115,30.79967009
ethenone,110,27.66597036
ethenone,105,24.56312245
ethenone,100,21.51930035
ethenone,95,18.56716683
ethenone,90,15.74472229
ethenone,85,13.09229482
ethenone,80,10.65122734
ethenone,75,8.46036297
ethenone,70,6.54982797
ethenone,65,4.93719796
ethenone,60,3.62273399
ethenone,55,2.58926913
ethenone,50,1.80500413
ethenone,45,1.22939322
ethenone,40,0.81958267
ethenone,35,0.53564448
ethenone,30,0.34362010
ethenone,25,0.21654776
tyrosine,160,0.00000194
tyrosine,155,0.00000129
tyrosine,150,0.00000086
tyrosine,145,0.00000056
tyrosine,140,0.00000037
tyrosine,135,0.00000024
tyrosine,130,0.00000015
tyrosine,125,0.00000010
tyrosine,120,0.00000006
tyrosine,115,0.00000004
tyrosine,110,0.00000002
tyrosine,105,0.00000001
tyrosine,100,0.00000001
tyrosine,95,0.00000001
tyrosine,90,0.00000000
tyrosine,85,0.00000000
tyrosine,80,0.00000000
tyrosine,75,0.00000000
tyrosine,70,0.00000000
tyrosine,65,0.00000000
tyrosine,60,0.00000000
tyrosine,55,0.00000000
tyrosine,50,0.00000000
tyrosine,45,0.00000000
tyrosine,40,0.00000000
tyrosine,35,0.00000000
tyrosine,30,0.00000000
tyrosine,25,0.00000000
lacticacid,160,0.03257175
lacticacid,155,0.02236893
lacticacid,150,0.01524348
lacticacid,145,0.01030538
lacticacid,140,0.00691030
lacticacid,135,0.00459515
lacticacid,130,0.00302966
lacticacid,125,0.00198017
lacticacid,120,0.00128278
lacticacid,115,0.00082351
lacticacid,110,0.00052382
lacticacid,105,0.00033008
lacticacid,100,0.00020602
lacticacid,95,0.00012734
lacticacid,90,0.00007793
lacticacid,85,0.00004722
lacticacid,80,0.00002832
lacticacid,75,0.00001680
lacticacid,70,0.00000986
lacticacid,65,0.00000573
lacticacid,60,0.00000329
lacticacid,55,0.00000187
lacticacid,50,0.00000105
lacticacid,45,0.00000058
lacticacid,40,0.00000032
lacticacid,35,0.00000017
lacticacid,30,0.00000009
lacticacid,25,0.00000005
3-chlorobenzeneamine,160,27.60268842
3-chlorobenzeneamine,155,25.07045596
3-chlorobenzeneamine,150,22.63781449
3-chlorobenzeneamine,145,20.31143184
3-chlorobenzeneamine,140,18.09778763
3-chlorobenzeneamine,135,16.00376302
3-chlorobenzeneamine,130,14.03706420
3-chlorobenzeneamine,125,12.20326975
3-chlorobenzeneamine,120,10.50859002
3-chlorobenzeneamine,115,8.95759723
3-chlorobenzeneamine,110,7.55333622
3-chlorobenzeneamine,105,6.29715410
3-chlorobenzeneamine,100,5.18822686
3-chlorobenzeneamine,95,4.22298049
3-chlorobenzeneamine,90,3.39520804
3-chlorobenzeneamine,85,2.69625779
3-chlorobenzeneamine,80,2.11524209
3-chlorobenzeneamine,75,1.63976499
3-chlorobenzeneamine,70,1.25656342
3-chlorobenzeneamine,65,0.95224344
3-chlorobenzeneamine,60,0.71393160
3-chlorobenzeneamine,55,0.52976812
3-chlorobenzeneamine,50,0.38921357
3-chlorobenzeneamine,45,0.28319595
3-chlorobenzeneamine,40,0.20411414
3-chlorobenzeneamine,35,0.14574826
3-chlorobenzeneamine,30,0.10311058
3-chlorobenzeneamine,25,0.07227182
3-hydroxytoluene,160,27.97422210
3-hydroxytoluene,155,25.29721947
3-hydroxytoluene,150,22.74637158
3-hydroxytoluene,145,20.33088831
3-hydroxytoluene,140,18.05912662
3-hydroxytoluene,135,15.93788598
3-hydroxytoluene,130,13.97206256
3-hydroxytoluene,125,12.16513725
3-hydroxytoluene,120,10.51869024
3-hydroxytoluene,115,9.03198629
3-hydroxytoluene,110,7.70173344
3-hydroxytoluene,105,6.52304678
3-hydroxytoluene,100,5.48868470
3-hydroxytoluene,95,4.58971214
3-hydroxytoluene,90,3.81580116
3-hydroxytoluene,85,3.15572665
3-hydroxytoluene,80,2.59766835
3-hydroxytoluene,75,2.12973281
3-hydroxytoluene,70,1.74034777
3-hydroxytoluene,65,1.41856159
3-hydroxytoluene,60,1.15425894
3-hydroxytoluene,55,0.93832945
3-hydroxytoluene,50,0.76272430
3-hydroxytoluene,45,0.62045420
3-hydroxytoluene,40,0.50554715
3-hydroxytoluene,35,0.41296440
3-hydroxytoluene,30,0.33850433
3-hydroxytoluene,25,0.27869784
"1,3-dichlorobenzene",160,12.50301866
"1,3-dichlorobenzene",155,10.33471842
"1,3-dichlorobenzene",150,8.43893909
"1,3-dichlorobenzene",145,6.80751794
"1,3-dichlorobenzene",140,5.42583556
"1,3-dichlorobenzene",135,4.27396393
"1,3-dichlorobenzene",130,3.32834101
"1,3-dichlorobenzene",125,2.56342031
"1,3-dichlorobenzene",120,1.95331169
"1,3-dichlorobenzene",115,1.47310423
"1,3-dichlorobenzene",110,1.09984960
"1,3-dichlorobenzene",105,0.81314303
"1,3-dichlorobenzene",100,0.59538352
"1,3-dichlorobenzene",95,0.43176784
"1,3-dichlorobenzene",90,0.31011363
"1,3-dichlorobenzene",85,0.22058204
"1,3-dichlorobenzene",80,0.15535688
"1,3-dichlorobenzene",75,0.10831980
"1,3-dichlorobenzene",70,0.07474535
"1,3-dichlorobenzene",65,0.05102930
"1,3-dichlorobenzene",60,0.03445517
"1,3-dichlorobenzene",55,0.02299905
"1,3-dichlorobenzene",50,0.01517015
"1,3-dichlorobenzene",45,0.00988282
"1,3-dichlorobenzene",40,0.00635553
"1,3-dichlorobenzene",35,0.00403233
"1,3-dichlorobenzene",30,0.00252247
"1,3-dichlorobenzene",25,0.00155482
maleicanhydride,160,2.71405102
maleicanhydride,155,1.96412590
maleicanhydride,150,1.41502005
maleicanhydride,145,1.01412400
maleicanhydride,140,0.72255477
maleicanhydride,135,0.51149544
maleicanhydride,130,0.35955464
maleicanhydride,125,0.25085316
maleicanhydride,120,0.17362001
maleicanhydride,115,0.11915456
maleicanhydride,110,0.08105233
maleicanhydride,105,0.05462388
maleicanhydride,100,0.03645715
maleicanhydride,95,0.02408726
maleicanhydride,90,0.01574767
maleicanhydride,85,0.01018324
maleicanhydride,80,0.00651041
maleicanhydride,75,0.00411327
maleicanhydride,70,0.00256698
maleicanhydride,65,0.00158162
maleicanhydride,60,0.00096162
maleicanhydride,55,0.00057663
maleicanhydride,50,0.00034083
maleicanhydride,45,0.00019846
maleicanhydride,40,0.00011377
maleicanhydride,35,0.00006417
maleicanhydride,30,0.00003558
maleicanhydride,25,0.00001939
dicyanomethane,160,0.37301475
dicyanomethane,155,0.26962908
dicyanomethane,150,0.19379974
dicyanomethane,145,0.13846975
dicyanomethane,140,0.09832299
dicyanomethane,135,0.06936602
dicyanomethane,130,0.04861054
dicyanomethane,125,0.03383075
dicyanomethane,120,0.02337757
dicyanomethane,115,0.01603631
dicyanomethane,110,0.01091791
dicyanomethane,105,0.00737592
dicyanomethane,100,0.00494363
dicyanomethane,95,0.00328655
dicyanomethane,90,0.00216674
dicyanomethane,85,0.00141629
dicyanomethane,80,0.00091765
dicyanomethane,75,0.00058923
dicyanomethane,70,0.00037487
dicyanomethane,65,0.00023623
dicyanomethane,60,0.00014742
dicyanomethane,55,0.00009108
dicyanomethane,50,0.00005570
dicyanomethane,45,0.00003370
dicyanomethane,40,0.00002017
dicyanomethane,35,0.00001194
dicyanomethane,30,0.00000698
dicyanomethane,25,0.00000404
"4,5,6,7-tetrahydro-3,6-dimethylbenzofuran",160,4.39888282
"4,5,6,7-tetrahydro-3,6-dimethylbenzofuran",155,3.38629571
"4,5,6,7-tetrahydro-3,6-dimethylbenzofuran",150,2.58738790
"4,5,6,7-tetrahydro-3,6-dimethylbenzofuran",145,1.96237724
"4,5,6,7-tetrahydro-3,6-dimethylbenzofuran",140,1.47733967
"4,5,6,7-tetrahydro-3,6-dimethylbenzofuran",135,1.10386899
"4,5,6,7-tetrahydro-3,6-dimethylbenzofuran",130,0.81852493
"4,5,6,7-tetrahydro-3,6-dimethylbenzofuran",125,0.60220062
"4,5,6,7-tetrahydro-3,6-dimethylbenzofuran",120,0.43948731
"4,5,6,7-tetrahydro-3,6-dimethylbenzofuran",115,0.31807792
"4,5,6,7-tetrahydro-3,6-dimethylbenzofuran",110,0.22823180
"4,5,6,7-tetrahydro-3,6-dimethylbenzofuran",105,0.16230649
"4,5,6,7-tetrahydro-3,6-dimethylbenzofuran",100,0.11435715
"4,5,6,7-tetrahydro-3,6-dimethylbenzofuran",95,0.07979918
"4,5,6,7-tetrahydro-3,6-dimethylbenzofuran",90,0.05512779
"4,5,6,7-tetrahydro-3,6-dimethylbenzofuran",85,0.03768759
"4,5,6,7-tetrahydro-3,6-dimethylbenzofuran",80,0.02548530
"4,5,6,7-tetrahydro-3,6-dimethylbenzofuran",75,0.01703886
"4,5,6,7-tetrahydro-3,6-dimethylbenzofuran",70,0.01125733
"4,5,6,7-tetrahydro-3,6-dimethylbenzofuran",65,0.00734591
"4,5,6,7-tetrahydro-3,6-dimethylbenzofuran",60,0.00473183
"4,5,6,7-tetrahydro-3,6-dimethylbenzofuran",55,0.00300697
"4,5,6,7-tetrahydro-3,6-dimethylbenzofuran",50,0.00188397
"4,5,6,7-tetrahydro-3,6-dimethylbenzofuran",45,0.00116298
"4,5,6,7-tetrahydro-3,6-dimethylbenzofuran",40,0.00070684
"4,5,6,7-tetrahydro-3,6-dimethylbenzofuran",35,0.00042266
"4,5,6,7-tetrahydro-3,6-dimethylbenzofuran",30,0.00024844
"4,5,6,7-tetrahydro-3,6-dimethylbenzofuran",25,0.00014344
4-methyl-3-penten-2-one,160,25.32268499
4-methyl-3-penten-2-one,155,22.21330238
4-methyl-3-penten-2-one,150,19.26993972
4-methyl-3-penten-2-one,145,16.51789104
4-methyl-3-penten-2-one,140,13.97974261
4-methyl-3-penten-2-one,135,11.67378441
4-methyl-3-penten-2-one,130,9.61304225
4-methyl-3-penten-2-one,125,7.80349229
4-methyl-3-penten-2-one,120,6.24360009
4-methyl-3-penten-2-one,115,4.92402657
4-methyl-3-penten-2-one,110,3.82872084
4-methyl-3-penten-2-one,105,2.93633541
4-methyl-3-penten-2-one,100,2.22220585
4-methyl-3-penten-2-one,95,1.66039083
4-methyl-3-penten-2-one,90,1.22544878
4-methyl-3-penten-2-one,85,0.89375851
4-methyl-3-penten-2-one,80,0.64435665
4-methyl-3-penten-2-one,75,0.45931033
4-methyl-3-penten-2-one,70,0.32374552
4-methyl-3-penten-2-one,65,0.22563946
4-methyl-3-penten-2-one,60,0.15548613
4-methyl-3-penten-2-one,55,0.10591184
4-methyl-3-penten-2-one,50,0.07129327
4-methyl-3-penten-2-one,45,0.04740736
4-methyl-3-penten-2-one,40,0.03112783
4-methyl-3-penten-2-one,35,0.02017174
4-methyl-3-penten-2-one,30,0.01289405
4-methyl-3-penten-2-one,25,0.00812500
"1,3,5-trimethylbenzene",160,9.50406807
"1,3,5-trimethylbenzene",155,7.54286126
"1,3,5-trimethylbenzene",150,5.91908698
"1,3,5-trimethylbenzene",145,4.59521392
"1,3,5-trimethylbenzene",140,3.53103694
"1,3,5-trimethylbenzene",135,2.68670496
"1,3,5-trimethylbenzene",130,2.02484815
"1,3,5-trimethylbenzene",125,1.51185544
"1,3,5-trimethylbenzene",120,1.11846495
"1,3,5-trimethylbenzene",115,0.81985933
"1,3,5-trimethylbenzene",110,0.59543828
"1,3,5-trimethylbenzene",105,0.42840942
"1,3,5-trimethylbenzene",100,0.30529723
"1,3,5-trimethylbenzene",95,0.21543706
"1,3,5-trimethylbenzene",90,0.15049489
"1,3,5-trimethylbenzene",85,0.10403442
"1,3,5-trimethylbenzene",80,0.07114067
"1,3,5-trimethylbenzene",75,0.04810154
"1,3,5-trimethylbenzene",70,0.03214384
"1,3,5-trimethylbenzene",65,0.02121856
"1,3,5-trimethylbenzene",60,0.01382861
"1,3,5-trimethylbenzene",55,0.00889270
"1,3,5-trimethylbenzene",50,0.00563914
"1,3,5-trimethylbenzene",45,0.00352395
"1,3,5-trimethylbenzene",40,0.00216859
"1,3,5-trimethylbenzene",35,0.00131319
"1,3,5-trimethylbenzene",30,0.00078187
"1,3,5-trimethylbenzene",25,0.00045733
alpha-methylacrolein,160,36.66604060
alpha-methylacrolein,155,33.24615892
alpha-methylacrolein,150,29.86704535
alpha-methylacrolein,145,26.55735402
alpha-methylacrolein,140,23.34679591
alpha-methylacrolein,135,20.26728651
alpha-methylacrolein,130,17.35190240
alpha-methylacrolein,125,14.63374156
alpha-methylacrolein,120,12.14334320
alpha-methylacrolein,115,9.90567203
alpha-methylacrolein,110,7.93769204
alpha-methylacrolein,105,6.24615278
alpha-methylacrolein,100,4.82663269
alpha-methylacrolein,95,3.66383111
alpha-methylacrolein,90,2.73373309
alpha-methylacrolein,85,2.00652287
alpha-methylacrolein,80,1.44997723
alpha-methylacrolein,75,1.03240352
alpha-methylacrolein,70,0.72476433
alpha-methylacrolein,65,0.50190252
alpha-methylacrolein,60,0.34296794
alpha-methylacrolein,55,0.23129042
alpha-methylacrolein,50,0.15392803
alpha-methylacrolein,45,0.10107773
alpha-methylacrolein,40,0.06546912
alpha-methylacrolein,35,0.04180977
alpha-methylacrolein,30,0.02631200
alpha-methylacrolein,25,0.01630801
2-methyl-2-propenamide,160,3.22191971
2-methyl-2-propenamide,155,2.38810572
2-methyl-2-propenamide,150,1.75664231
2-methyl-2-propenamide,145,1.28226679
2-methyl-2-propenamide,140,0.92872829
2-methyl-2-propenamide,135,0.66733705
2-methyl-2-propenamide,130,0.47562465
2-methyl-2-propenamide,125,0.33616373
2-methyl-2-propenamide,120,0.23555919
2-methyl-2-propenamide,115,0.16360619
2-methyl-2-propenamide,110,0.11259816
2-methyl-2-propenamide,105,0.07676628
2-methyl-2-propenamide,100,0.05183081
2-methyl-2-propenamide,95,0.03464570
2-methyl-2-propenamide,90,0.02292004
2-methyl-2-propenamide,85,0.01500175
2-methyl-2-propenamide,80,0.00971133
2-methyl-2-propenamide,75,0.00621543
2-methyl-2-propenamide,70,0.00393148
2-methyl-2-propenamide,65,0.00245677
2-methyl-2-propenamide,60,0.00151608
2-methyl-2-propenamide,55,0.00092350
2-methyl-2-propenamide,50,0.00055504
2-methyl-2-propenamide,45,0.00032898
2-methyl-2-propenamide,40,0.00019220
2-methyl-2-propenamide,35,0.00011062
2-methyl-2-propenamide,30,0.00006269
2-methyl-2-propenamide,25,0.00003496
methacrylicacid,160,12.06681605
methacrylicacid,155,9.35362215
methacrylicacid,150,7.13170388
methacrylicacid,145,5.35564031
methacrylicacid,140,3.96629118
methacrylicacid,135,2.89996782
methacrylicacid,130,2.09520597
methacrylicacid,125,1.49685590
methacrylicacid,120,1.05793527
methacrylicacid,115,0.73993400
methacrylicacid,110,0.51220813
methacrylicacid,105,0.35093983
methacrylicacid,100,0.23797082
methacrylicacid,95,0.15968332
methacrylicacid,90,0.10601190
methacrylicacid,85,0.06961498
methacrylicacid,80,0.04520437
methacrylicacid,75,0.02901678
methacrylicacid,70,0.01840588
methacrylicacid,65,0.01153285
methacrylicacid,60,0.00713526
methacrylicacid,55,0.00435694
methacrylicacid,50,0.00262447
methacrylicacid,45,0.00155871
methacrylicacid,40,0.00091224
methacrylicacid,35,0.00052578
methacrylicacid,30,0.00029824
methacrylicacid,25,0.00016638
2-methyl-2-propenenitrile,160,43.79082540
2-methyl-2-propenenitrile,155,40.73460888
2-methyl-2-propenenitrile,150,37.66486472
2-methyl-2-propenenitrile,145,34.59200191
2-methyl-2-propenenitrile,140,31.53009415
2-methyl-2-propenenitrile,135,28.49479771
2-methyl-2-propenenitrile,130,25.50584633
2-methyl-2-propenenitrile,125,22.58611368
2-methyl-2-propenenitrile,120,19.75848289
2-methyl-2-propenenitrile,115,17.05232671
2-methyl-2-propenenitrile,110,14.49642366
2-methyl-2-propenenitrile,105,12.12086965
2-methyl-2-propenenitrile,100,9.95319981
2-methyl-2-propenenitrile,95,8.01680228
2-methyl-2-propenenitrile,90,6.32774473
2-methyl-2-propenenitrile,85,4.89175785
2-methyl-2-propenenitrile,80,3.70365816
2-methyl-2-propenenitrile,75,2.74733240
2-methyl-2-propenenitrile,70,1.99817148
2-methyl-2-propenenitrile,65,1.42628451
2-methyl-2-propenenitrile,60,1.00014799
2-methyl-2-propenenitrile,55,0.68960881
2-methyl-2-propenenitrile,50,0.46788399
2-methyl-2-propenenitrile,45,0.31252759
2-methyl-2-propenenitrile,40,0.20557366
2-methyl-2-propenenitrile,35,0.13316552
2-methyl-2-propenenitrile,30,0.08493561
2-methyl-2-propenenitrile,25,0.05332294
methane,160,75.94947014
methane,155,73.45244773
methane,150,70.67969539
methane,145,67.59243961
methane,140,64.14765945
methane,135,60.29702066
methane,130,55.99602037
methane,125,51.20859633
methane,120,45.92241607
methane,115,40.17553867
methane,110,34.08193743
methane,105,27.86058069
methane,100,21.82849123
methane,95,16.34318364
methane,90,11.69773889
methane,85,8.03257601
methane,80,5.31985084
methane,75,3.41677822
methane,70,2.13794820
methane,65,1.30758863
methane,60,0.78331332
methane,55,0.46010709
methane,50,0.26509192
methane,45,0.14979046
methane,40,0.08296731
methane,35,0.04501372
methane,30,0.02390035
methane,25,0.01240594
methanol,160,11.05063520
methanol,155,7.72346823
methanol,150,5.27589995
methanol,145,3.53419596
methanol,140,2.32806274
methanol,135,1.51118108
methanol,130,0.96804463
methanol,125,0.61256883
methanol,120,0.38314256
methanol,115,0.23695614
methanol,110,0.14493120
methanol,105,0.08767604
methanol,100,0.05246093
methanol,95,0.03104710
methanol,90,0.01817270
methanol,85,0.01051980
methanol,80,0.00602220
methanol,75,0.00340900
methanol,70,0.00190801
methanol,65,0.00105575
methanol,60,0.00057745
methanol,55,0.00031215
methanol,50,0.00016673
methanol,45,0.00008797
methanol,40,0.00004584
methanol,35,0.00002359
methanol,30,0.00001197
methanol,25,0.00000600
methanol,160,11.05063520
methanol,155,7.72346823
methanol,150,5.27589995
methanol,145,3.53419596
methanol,140,2.32806274
methanol,135,1.51118108
methanol,130,0.96804463
methanol,125,0.61256883
methanol,120,0.38314256
methanol,115,0.23695614
methanol,110,0.14493120
methanol,105,0.08767604
methanol,100,0.05246093
methanol,95,0.03104710
methanol,90,0.01817270
methanol,85,0.01051980
methanol,80,0.00602220
methanol,75,0.00340900
methanol,70,0.00190801
methanol,65,0.00105575
methanol,60,0.00057745
methanol,55,0.00031215
methanol,50,0.00016673
methanol,45,0.00008797
methanol,40,0.00004584
methanol,35,0.00002359
methanol,30,0.00001197
methanol,25,0.00000600
4-methoxy-4-methyl-pentan-2-one,160,14.65916224
4-methoxy-4-methyl-pentan-2-one,155,12.24859628
4-methoxy-4-methyl-pentan-2-one,150,10.11186182
4-methoxy-4-methyl-pentan-2-one,145,8.24714778
4-methoxy-4-methyl-pentan-2-one,140,6.64555695
4-methoxy-4-methyl-pentan-2-one,135,5.29170199
4-methoxy-4-methyl-pentan-2-one,130,4.16501625
4-methoxy-4-methyl-pentan-2-one,125,3.24150259
4-methoxy-4-methyl-pentan-2-one,120,2.49543402
4-methoxy-4-methyl-pentan-2-one,115,1.90097014
4-methoxy-4-methyl-pentan-2-one,110,1.43343009
4-methoxy-4-methyl-pentan-2-one,105,1.07020711
4-methoxy-4-methyl-pentan-2-one,100,0.79128925
4-methoxy-4-methyl-pentan-2-one,95,0.57947074
4-methoxy-4-methyl-pentan-2-one,90,0.42031506
4-methoxy-4-methyl-pentan-2-one,85,0.30196098
4-methoxy-4-methyl-pentan-2-one,80,0.21483909
4-methoxy-4-methyl-pentan-2-one,75,0.15135189
4-methoxy-4-methyl-pentan-2-one,70,0.10555380
4-methoxy-4-methyl-pentan-2-one,65,0.07285293
4-methoxy-4-methyl-pentan-2-one,60,0.04974630
4-methoxy-4-methyl-pentan-2-one,55,0.03359299
4-methoxy-4-methyl-pentan-2-one,50,0.02242459
4-methoxy-4-methyl-pentan-2-one,45,0.01479054
4-methoxy-4-methyl-pentan-2-one,40,0.00963396
4-methoxy-4-methyl-pentan-2-one,35,0.00619364
4-methoxy-4-methyl-pentan-2-one,30,0.00392779
4-methoxy-4-methyl-pentan-2-one,25,0.00245547
methylacetate,160,33.28483329
methylacetate,155,29.83730875
methylacetate,150,26.47420314
methylacetate,145,23.22689376
methylacetate,140,20.12708724
methylacetate,135,17.20722649
methylacetate,130,14.49785720
methylacetate,125,12.02627412
methylacetate,120,9.81399032
methylacetate,115,7.87404507
methylacetate,110,6.20970515
methylacetate,105,4.81386990
methylacetate,100,3.66965121
methylacetate,95,2.75251976
methylacetate,90,2.03301545
methylacetate,85,1.47981382
methylacetate,80,1.06234396
methylacetate,75,0.75266631
methylacetate,70,0.52655429
methylacetate,65,0.36386448
methylacetate,60,0.24841304
methylacetate,55,0.16755771
methylacetate,50,0.11165258
methylacetate,45,0.07348451
methylacetate,40,0.04775410
methylacetate,35,0.03062956
methylacetate,30,0.01938119
methylacetate,25,0.01209189
methylacetoacetate,160,4.52794896
methylacetoacetate,155,3.46127954
methylacetoacetate,150,2.62694917
methylacetoacetate,145,1.97966594
methylacetoacetate,140,1.48139635
methylacetoacetate,135,1.10072289
methylacetoacetate,130,0.81204346
methylacetoacetate,125,0.59473688
methylacetoacetate,120,0.43236423
methylacetoacetate,115,0.31194378
methylacetoacetate,110,0.22331403
methylacetoacetate,105,0.15858803
methylacetoacetate,100,0.11169459
methylacetoacetate,95,0.07799837
methylacetoacetate,90,0.05398917
methylacetoacetate,85,0.03703086
methylacetoacetate,80,0.02516038
methylacetoacetate,75,0.01692851
methylacetoacetate,70,0.01127488
methylacetoacetate,65,0.00743073
methylacetoacetate,60,0.00484399
methylacetoacetate,55,0.00312206
methylacetoacetate,50,0.00198862
methylacetoacetate,45,0.00125120
methylacetoacetate,40,0.00077723
methylacetoacetate,35,0.00047641
methylacetoacetate,30,0.00028799
methylacetoacetate,25,0.00017159
propyne,160,58.90186333
propyne,155,56.17329737
propyne,150,53.36192540
propyne,145,50.46737700
propyne,140,47.49494252
propyne,135,44.45041780
propyne,130,41.34183533
propyne,125,38.17809244
propyne,120,34.97266021
propyne,115,31.74379853
propyne,110,28.51338258
propyne,105,25.30696363
propyne,100,22.15763730
propyne,95,19.10408804
propyne,90,16.18682641
propyne,85,13.45132197
propyne,80,10.94185499
propyne,75,8.69796118
propyne,70,6.74859271
propyne,65,5.10756437
propyne,60,3.77125898
propyne,55,2.71877761
propyne,50,1.91621612
propyne,45,1.32241114
propyne,40,0.89496276
propyne,35,0.59475562
propyne,30,0.38851895
propyne,25,0.24964440
methylacrylate,160,26.63302957
methylacrylate,155,23.23393217
methylacrylate,150,20.00560133
methylacrylate,145,16.98443165
methylacrylate,140,14.20427779
methylacrylate,135,11.69273576
methylacrylate,130,9.46897678
methylacrylate,125,7.54181112
methylacrylate,120,5.90812382
methylacrylate,115,4.55376691
methylacrylate,110,3.45525357
methylacrylate,105,2.58271416
methylacrylate,100,1.90317992
methylacrylate,95,1.38355306
methylacrylate,90,0.99285686
methylacrylate,85,0.70364977
methylacrylate,80,0.49265583
methylacrylate,75,0.34081631
methylacrylate,70,0.23296866
methylacrylate,65,0.15733675
methylacrylate,60,0.10496023
methylacrylate,55,0.06914253
methylacrylate,50,0.04495921
methylacrylate,45,0.02884293
methylacrylate,40,0.01824621
methylacrylate,35,0.01137512
methylacrylate,30,0.00698396
methylacrylate,25,0.00421985
methylamine,160,100.00000000
methylamine,155,100.00000000
methylamine,150,100.00000000
methylamine,145,100.00000000
methylamine,140,100.00000000
methylamine,135,54.98090913
methylamine,130,52.18713659
methylamine,125,49.27790902
methylamine,120,46.25719710
methylamine,115,43.12513088
methylamine,110,39.88439034
methylamine,105,36.54477347
methylamine,100,33.11843570
methylamine,95,29.62561425
methylamine,90,26.09531949
methylamine,85,22.56603845
methylamine,80,19.09262596
methylamine,75,15.74037283
methylamine,70,12.58892441
methylamine,65,9.72470879
methylamine,60,7.22731856
methylamine,55,5.15489703
methylamine,50,3.52696849
methylamine,45,2.31892420
methylamine,40,1.47015855
methylamine,35,0.90240543
methylamine,30,0.53833296
methylamine,25,0.31303963
4-methyl-2-pentylacetate,160,7.38016100
4-methyl-2-pentylacetate,155,5.85338008
4-methyl-2-pentylacetate,150,4.59818836
4-methyl-2-pentylacetate,145,3.57897450
4-methyl-2-pentylacetate,140,2.76091029
4-methyl-2-pentylacetate,135,2.11140012
4-methyl-2-pentylacetate,130,1.60098325
4-methyl-2-pentylacetate,125,1.20377404
4-methyl-2-pentylacetate,120,0.89755390
4-methyl-2-pentylacetate,115,0.66362379
4-methyl-2-pentylacetate,110,0.48651142
4-methyl-2-pentylacetate,105,0.35360222
4-methyl-2-pentylacetate,100,0.25474659
4-methyl-2-pentylacetate,95,0.18187589
4-methyl-2-pentylacetate,90,0.12864711
4-methyl-2-pentylacetate,85,0.09012641
4-methyl-2-pentylacetate,80,0.06251517
4-methyl-2-pentylacetate,75,0.04291806
4-methyl-2-pentylacetate,70,0.02915025
4-methyl-2-pentylacetate,65,0.01957965
4-methyl-2-pentylacetate,60,0.01299951
4-methyl-2-pentylacetate,55,0.00852695
4-methyl-2-pentylacetate,50,0.00552301
4-methyl-2-pentylacetate,45,0.00353045
4-methyl-2-pentylacetate,40,0.00222585
4-methyl-2-pentylacetate,35,0.00138325
4-methyl-2-pentylacetate,30,0.00084673
4-methyl-2-pentylacetate,25,0.00051017
methylbenzoate,160,13.40022316
methylbenzoate,155,11.07638390
methylbenzoate,150,9.03832406
methylbenzoate,145,7.28088879
methylbenzoate,140,5.79104345
methylbenzoate,135,4.54910429
methylbenzoate,130,3.53063222
methylbenzoate,125,2.70841156
methylbenzoate,120,2.05442838
methylbenzoate,115,1.54149735
methylbenzoate,110,1.14446812
methylbenzoate,105,0.84095182
methylbenzoate,100,0.61165115
methylbenzoate,95,0.44037332
methylbenzoate,90,0.31383685
methylbenzoate,85,0.22135962
methylbenzoate,80,0.15449617
methylbenzoate,75,0.10667092
methylbenzoate,70,0.07283511
methylbenzoate,65,0.04916262
methylbenzoate,60,0.03278986
methylbenzoate,55,0.02159950
methylbenzoate,50,0.01404483
methylbenzoate,45,0.00900962
methylbenzoate,40,0.00569827
methylbenzoate,35,0.00355086
methylbenzoate,30,0.00217853
methylbenzoate,25,0.00131492
ch3br,160,100.00000000
ch3br,155,100.00000000
ch3br,150,100.00000000
ch3br,145,32.71404498
ch3br,140,30.42785379
ch3br,135,28.18883432
ch3br,130,25.99988182
ch3br,125,23.86461816
ch3br,120,21.78490933
ch3br,115,19.76395577
ch3br,110,17.80852265
ch3br,105,15.91993944
ch3br,100,14.10630072
ch3br,95,12.37249976
ch3br,90,10.72648373
ch3br,85,9.17638761
ch3br,80,7.73166404
ch3br,75,6.40275001
ch3br,70,5.19928580
ch3br,65,4.13068019
ch3br,60,3.20400962
ch3br,55,2.42233202
ch3br,50,1.78313442
ch3br,45,1.27777842
ch3br,40,0.89185142
ch3br,35,0.60703469
ch3br,30,0.40351268
ch3br,25,0.26233439
2-hexanone,160,20.78558048
2-hexanone,155,17.74187207
2-hexanone,150,14.94764640
2-hexanone,145,12.42411690
2-hexanone,140,10.18467382
2-hexanone,135,8.23309344
2-hexanone,130,6.56363574
2-hexanone,125,5.16183348
2-hexanone,120,4.00596677
2-hexanone,115,3.06944609
2-hexanone,110,2.32316347
2-hexanone,105,1.73771002
2-hexanone,100,1.28510112
2-hexanone,95,0.93995741
2-hexanone,90,0.68013381
2-hexanone,85,0.48691731
2-hexanone,80,0.34490974
2-hexanone,75,0.24172297
2-hexanone,70,0.16758194
2-hexanone,65,0.11490351
2-hexanone,60,0.07789425
2-hexanone,55,0.05218970
2-hexanone,50,0.03454516
2-hexanone,45,0.02257902
2-hexanone,40,0.01456493
2-hexanone,35,0.00926713
2-hexanone,30,0.00581223
2-hexanone,25,0.00359093
ch3cl,160,52.56082424
ch3cl,155,49.66748112
ch3cl,150,46.71430150
ch3cl,145,43.70332966
ch3cl,140,40.64240413
ch3cl,135,37.53937671
ch3cl,130,34.40599736
ch3cl,125,31.25321294
ch3cl,120,28.10070924
ch3cl,115,24.96812029
ch3cl,110,21.88350806
ch3cl,105,18.87854239
ch3cl,100,15.99256668
ch3cl,95,13.26757277
ch3cl,90,10.75033176
ch3cl,85,8.48561636
ch3cl,80,6.51075432
ch3cl,75,4.84935730
ch3cl,70,3.50505348
ch3cl,65,2.46031872
ch3cl,60,1.67989614
ch3cl,55,1.11805945
ch3cl,50,0.72684890
ch3cl,45,0.46236860
ch3cl,40,0.28817381
ch3cl,35,0.17610573
ch3cl,30,0.10555297
ch3cl,25,0.06204381
carbonochloridicacidmethylester,160,25.50283838
carbonochloridicacidmethylester,155,22.20943447
carbonochloridicacidmethylester,150,19.08192231
carbonochloridicacidmethylester,145,16.15472672
carbonochloridicacidmethylester,140,13.46079198
carbonochloridicacidmethylester,135,11.02824382
carbonochloridicacidmethylester,130,8.87739970
carbonochloridicacidmethylester,125,7.01866154
carbonochloridicacidmethylester,120,5.45008814
carbonochloridicacidmethylester,115,4.15808890
carbonochloridicacidmethylester,110,3.11894710
carbonochloridicacidmethylester,105,2.30200271
carbonochloridicacidmethylester,100,1.67329406
carbonochloridicacidmethylester,95,1.19886744
carbonochloridicacidmethylester,90,0.84724927
carbonochloridicacidmethylester,85,0.59091534
carbonochloridicacidmethylester,80,0.40687957
carbonochloridicacidmethylester,75,0.27663466
carbonochloridicacidmethylester,70,0.18571588
carbonochloridicacidmethylester,65,0.12309257
carbonochloridicacidmethylester,60,0.08052671
carbonochloridicacidmethylester,55,0.05197714
carbonochloridicacidmethylester,50,0.03308635
carbonochloridicacidmethylester,45,0.02075939
carbonochloridicacidmethylester,40,0.01283053
carbonochloridicacidmethylester,35,0.00780630
carbonochloridicacidmethylester,30,0.00467192
carbonochloridicacidmethylester,25,0.00274819
cyanoaceticacidmethylester,160,0.94123545
cyanoaceticacidmethylester,155,0.68152370
cyanoaceticacidmethylester,150,0.49062925
cyanoaceticacidmethylester,145,0.35097807
cyanoaceticacidmethylester,140,0.24937332
cyanoaceticacidmethylester,135,0.17590231
cyanoaceticacidmethylester,130,0.12313078
cyanoaceticacidmethylester,125,0.08550022
cyanoaceticacidmethylester,120,0.05887246
cyanoaceticacidmethylester,115,0.04018320
cyanoaceticacidmethylester,110,0.02717749
cyanoaceticacidmethylester,105,0.01820756
cyanoaceticacidmethylester,100,0.01207857
cyanoaceticacidmethylester,95,0.00793124
cyanoaceticacidmethylester,90,0.00515307
cyanoaceticacidmethylester,85,0.00331147
cyanoaceticacidmethylester,80,0.00210394
cyanoaceticacidmethylester,75,0.00132105
cyanoaceticacidmethylester,70,0.00081938
cyanoaceticacidmethylester,65,0.00050182
cyanoaceticacidmethylester,60,0.00030330
cyanoaceticacidmethylester,55,0.00018083
cyanoaceticacidmethylester,50,0.00010629
cyanoaceticacidmethylester,45,0.00006156
cyanoaceticacidmethylester,40,0.00003511
cyanoaceticacidmethylester,35,0.00001971
cyanoaceticacidmethylester,30,0.00001088
cyanoaceticacidmethylester,25,0.00000590
methylcyclohexane,160,0.67590813
methylcyclohexane,155,0.48701896
methylcyclohexane,150,0.34854358
methylcyclohexane,145,0.24759764
methylcyclohexane,140,0.17448678
methylcyclohexane,135,0.12191857
methylcyclohexane,130,0.08441973
methylcyclohexane,125,0.05789847
methylcyclohexane,120,0.03931193
methylcyclohexane,115,0.02641198
methylcyclohexane,110,0.01755010
methylcyclohexane,105,0.01152758
methylcyclohexane,100,0.00748080
methylcyclohexane,95,0.00479371
methylcyclohexane,90,0.00303152
methylcyclohexane,85,0.00189085
methylcyclohexane,80,0.00116248
methylcyclohexane,75,0.00070398
methylcyclohexane,70,0.00041964
methylcyclohexane,65,0.00024605
methylcyclohexane,60,0.00014179
methylcyclohexane,55,0.00008024
methylcyclohexane,50,0.00004455
methylcyclohexane,45,0.00002425
methylcyclohexane,40,0.00001292
methylcyclohexane,35,0.00000674
methylcyclohexane,30,0.00000343
methylcyclohexane,25,0.00000171
methylcyclopentane,160,1.06689597
methylcyclopentane,155,0.76872575
methylcyclopentane,150,0.55038725
methylcyclopentane,145,0.39129463
methylcyclopentane,140,0.27605730
methylcyclopentane,135,0.19315153
methylcyclopentane,130,0.13395531
methylcyclopentane,125,0.09203526
methylcyclopentane,120,0.06261191
methylcyclopentane,115,0.04215474
methylcyclopentane,110,0.02807374
methylcyclopentane,105,0.01848389
methylcyclopentane,100,0.01202528
methylcyclopentane,95,0.00772622
methylcyclopentane,90,0.00489962
methylcyclopentane,85,0.00306494
methylcyclopentane,80,0.00189006
methylcyclopentane,75,0.00114825
methylcyclopentane,70,0.00068676
methylcyclopentane,65,0.00040408
methylcyclopentane,60,0.00023371
methylcyclopentane,55,0.00013276
methylcyclopentane,50,0.00007401
methylcyclopentane,45,0.00004045
methylcyclopentane,40,0.00002165
methylcyclopentane,35,0.00001134
methylcyclopentane,30,0.00000580
methylcyclopentane,25,0.00000290
methylethylether,160,40.69089240
methylethylether,155,37.19934607
methylethylether,150,33.71847773
methylethylether,145,30.27050361
methylethylether,140,26.88779916
methylethylether,135,23.60359472
methylethylether,130,20.45258212
methylethylether,125,17.47178030
methylethylether,120,14.69695809
methylethylether,115,12.16033105
methylethylether,110,9.88816761
methylethylether,105,7.89719831
methylethylether,100,6.19300947
methylethylether,95,4.76924040
methylethylether,90,3.60829661
methylethylether,85,2.68389151
methylethylether,80,1.96427866
methylethylether,75,1.41579240
methylethylether,70,1.00580293
methylethylether,65,0.70476585
methylethylether,60,0.48733249
methylethylether,55,0.33266422
methylethylether,50,0.22421439
methylethylether,45,0.14921252
methylethylether,40,0.09803453
methylethylether,35,0.06357419
methylethylether,30,0.04067831
methylethylether,25,0.02567085
butanone,160,36.48129622
butanone,155,33.13520278
butanone,150,29.83343570
butanone,145,26.60217923
butanone,140,23.46807003
butanone,135,20.46046618
butanone,130,17.60894946
butanone,125,14.94315777
butanone,120,12.49056891
butanone,115,10.27438992
butanone,110,8.31104106
butanone,105,6.60827886
butanone,100,5.16430295
butanone,95,3.96740191
butanone,90,2.99762092
butanone,85,2.22898782
butanone,80,1.63238258
butanone,75,1.17825860
butanone,70,0.83878394
butanone,65,0.58922310
butanone,60,0.40859115
butanone,55,0.27974736
butanone,50,0.18911691
butanone,45,0.12622307
butanone,40,0.08315567
butanone,35,0.05405576
butanone,30,0.03465757
butanone,25,0.02190441
2-butanoneoxime,160,16.94696400
2-butanoneoxime,155,13.59600063
2-butanoneoxime,150,10.68496737
2-butanoneoxime,145,8.23002787
2-butanoneoxime,140,6.21890347
2-butanoneoxime,135,4.61589720
2-butanoneoxime,130,3.36994797
2-butanoneoxime,125,2.42321476
2-butanoneoxime,120,1.71819957
2-butanoneoxime,115,1.20251853
2-butanoneoxime,110,0.83133460
2-butanoneoxime,105,0.56802500
2-butanoneoxime,100,0.38373577
2-butanoneoxime,95,0.25637400
2-butanoneoxime,90,0.16941293
2-butanoneoxime,85,0.11072994
2-butanoneoxime,80,0.07158362
2-butanoneoxime,75,0.04576685
2-butanoneoxime,70,0.02893436
2-butanoneoxime,65,0.01808503
2-butanoneoxime,60,0.01117285
2-butanoneoxime,55,0.00682063
2-butanoneoxime,50,0.00411297
2-butanoneoxime,45,0.00244901
2-butanoneoxime,40,0.00143924
2-butanoneoxime,35,0.00083438
2-butanoneoxime,30,0.00047691
2-butanoneoxime,25,0.00026857
methylformate,160,33.64475201
methylformate,155,29.60003671
methylformate,150,25.66638978
methylformate,145,21.90411741
methylformate,140,18.37382242
methylformate,135,15.13177951
methylformate,130,12.22379910
methylformate,125,9.68094326
methylformate,120,7.51609321
methylformate,115,5.72250521
methylformate,110,4.27599141
methylformate,105,3.13903724
methylformate,100,2.26660194
methylformate,95,1.61168028
methylformate,90,1.12968382
methylformate,85,0.78122312
methylformate,80,0.53333807
methylformate,75,0.35959525
methylformate,70,0.23949561
methylformate,65,0.15756784
methylformate,60,0.10239442
methylformate,55,0.06570904
methylformate,50,0.04162687
methylformate,45,0.02602238
methylformate,40,0.01604503
methylformate,35,0.00975268
methylformate,30,0.00584040
methylformate,25,0.00344366
methyl2-furancarboxylate,160,11.76623175
methyl2-furancarboxylate,155,9.49773399
methyl2-furancarboxylate,150,7.56314273
methyl2-furancarboxylate,145,5.94384999
methyl2-furancarboxylate,140,4.61257872
methyl2-furancarboxylate,135,3.53652494
methyl2-furancarboxylate,130,2.68044221
methyl2-furancarboxylate,125,2.00931888
methyl2-furancarboxylate,120,1.49032653
methyl2-furancarboxylate,115,1.09405111
methyl2-furancarboxylate,110,0.79506767
methyl2-furancarboxylate,105,0.57203421
methyl2-furancarboxylate,100,0.40746479
methyl2-furancarboxylate,95,0.28732193
methyl2-furancarboxylate,90,0.20053246
methyl2-furancarboxylate,85,0.13849515
methyl2-furancarboxylate,80,0.09462129
methyl2-furancarboxylate,75,0.06392853
methyl2-furancarboxylate,70,0.04269510
methyl2-furancarboxylate,65,0.02817380
methyl2-furancarboxylate,60,0.01836052
methyl2-furancarboxylate,55,0.01181046
methyl2-furancarboxylate,50,0.00749451
methyl2-furancarboxylate,45,0.00468867
methyl2-furancarboxylate,40,0.00289002
methyl2-furancarboxylate,35,0.00175386
methyl2-furancarboxylate,30,0.00104715
methyl2-furancarboxylate,25,0.00061460
methylglyoxal,160,19.30234217
methylglyoxal,155,15.60118373
methylglyoxal,150,12.37097923
methylglyoxal,145,9.63223192
methylglyoxal,140,7.37284771
methylglyoxal,135,5.55517510
methylglyoxal,130,4.12550560
methylglyoxal,125,3.02329873
methylglyoxal,120,2.18843915
methylglyoxal,115,1.56591512
methylglyoxal,110,1.10820453
methylglyoxal,105,0.77596538
methylglyoxal,100,0.53766918
methylglyoxal,95,0.36868624
methylglyoxal,90,0.25017077
methylglyoxal,85,0.16795105
methylglyoxal,80,0.11152999
methylglyoxal,75,0.07323744
methylglyoxal,70,0.04753953
methylglyoxal,65,0.03049199
methylglyoxal,60,0.01931692
methylglyoxal,55,0.01208114
methylglyoxal,50,0.00745552
methylglyoxal,45,0.00453749
methylglyoxal,40,0.00272190
methylglyoxal,35,0.00160838
methylglyoxal,30,0.00093558
methylglyoxal,25,0.00053538
methylhydrazine,160,44.79990680
methylhydrazine,155,41.16191529
methylhydrazine,150,37.50014929
methylhydrazine,145,33.84095193
methylhydrazine,140,30.21249607
methylhydrazine,135,26.64761681
methylhydrazine,130,23.17999410
methylhydrazine,125,19.85221223
methylhydrazine,120,16.70644100
methylhydrazine,115,13.78731216
methylhydrazine,110,11.13638145
methylhydrazine,105,8.78917610
methylhydrazine,100,6.76976828
methylhydrazine,95,5.08589847
methylhydrazine,90,3.72749804
methylhydrazine,85,2.66751415
methylhydrazine,80,1.86658997
methylhydrazine,75,1.27926145
methylhydrazine,70,0.86010706
methylhydrazine,65,0.56813508
methylhydrazine,60,0.36910203
methylhydrazine,55,0.23603757
methylhydrazine,50,0.14864991
methylhydrazine,45,0.09221261
methylhydrazine,40,0.05634532
methylhydrazine,35,0.03390732
methylhydrazine,30,0.02008935
methylhydrazine,25,0.01171384
methylhydroperoxide,160,5.54425735
methylhydroperoxide,155,3.90332686
methylhydroperoxide,150,2.72883814
methylhydroperoxide,145,1.89456289
methylhydroperoxide,140,1.30612827
methylhydroperoxide,135,0.89397267
methylhydroperoxide,130,0.60732386
methylhydroperoxide,125,0.40941498
methylhydroperoxide,120,0.27380656
methylhydroperoxide,115,0.18161568
methylhydroperoxide,110,0.11945091
methylhydroperoxide,105,0.07788499
methylhydroperoxide,100,0.05033285
methylhydroperoxide,95,0.03223225
methylhydroperoxide,90,0.02044936
methylhydroperoxide,85,0.01285071
methylhydroperoxide,80,0.00799722
methylhydroperoxide,75,0.00492738
methylhydroperoxide,70,0.00300508
methylhydroperoxide,65,0.00181362
methylhydroperoxide,60,0.00108284
methylhydroperoxide,55,0.00063941
methylhydroperoxide,50,0.00037329
methylhydroperoxide,45,0.00021538
methylhydroperoxide,40,0.00012276
methylhydroperoxide,35,0.00006910
methylhydroperoxide,30,0.00003838
methylhydroperoxide,25,0.00002103
ch3i,160,25.48231028
ch3i,155,23.09460021
ch3i,150,20.80354226
ch3i,145,18.61455587
ch3i,140,16.53021753
ch3i,135,14.55469298
ch3i,130,12.69366012
ch3i,125,10.95188712
ch3i,120,9.33492818
ch3i,115,7.84984168
ch3i,110,6.50221983
ch3i,105,5.29709865
ch3i,100,4.23807361
ch3i,95,3.32610991
ch3i,90,2.55838095
ch3i,85,1.92788505
ch3i,80,1.42341356
ch3i,75,1.03026047
ch3i,70,0.73164311
ch3i,65,0.51028434
ch3i,60,0.34986662
ch3i,55,0.23600356
ch3i,50,0.15671583
ch3i,45,0.10247789
ch3i,40,0.06599505
ch3i,35,0.04185076
ch3i,30,0.02612594
ch3i,25,0.01604776
5-methyl-2-hexanone,160,15.32697740
5-methyl-2-hexanone,155,12.73104208
5-methyl-2-hexanone,150,10.43946805
5-methyl-2-hexanone,145,8.45114560
5-methyl-2-hexanone,140,6.75548313
5-methyl-2-hexanone,135,5.33373319
5-methyl-2-hexanone,130,4.16110945
5-methyl-2-hexanone,125,3.20904345
5-methyl-2-hexanone,120,2.44746945
5-methyl-2-hexanone,115,1.84673512
5-methyl-2-hexanone,110,1.37905670
5-methyl-2-hexanone,105,1.01943494
5-methyl-2-hexanone,100,0.74612140
5-methyl-2-hexanone,95,0.54071268
5-methyl-2-hexanone,90,0.38799681
5-methyl-2-hexanone,85,0.27564950
5-methyl-2-hexanone,80,0.19385846
5-methyl-2-hexanone,75,0.13493148
5-methyl-2-hexanone,70,0.09292212
5-methyl-2-hexanone,65,0.06329289
5-methyl-2-hexanone,60,0.04262374
5-methyl-2-hexanone,55,0.02836741
5-methyl-2-hexanone,50,0.01864877
5-methyl-2-hexanone,45,0.01210362
5-methyl-2-hexanone,40,0.00775119
5-methyl-2-hexanone,35,0.00489490
5-methyl-2-hexanone,30,0.00304618
5-methyl-2-hexanone,25,0.00186680
4-methyl-2-pentanol,160,6.06484049
4-methyl-2-pentanol,155,4.48530348
4-methyl-2-pentanol,150,3.27691937
4-methyl-2-pentanol,145,2.36643573
4-methyl-2-pentanol,140,1.68974634
4-methyl-2-pentanol,135,1.19316752
4-methyl-2-pentanol,130,0.83314823
4-methyl-2-pentanol,125,0.57520354
4-methyl-2-pentanol,120,0.39255452
4-methyl-2-pentanol,115,0.26474759
4-methyl-2-pentanol,110,0.17638994
4-methyl-2-pentanol,105,0.11605632
4-methyl-2-pentanol,100,0.07537924
4-methyl-2-pentanol,95,0.04831161
4-methyl-2-pentanol,90,0.03054165
4-methyl-2-pentanol,85,0.01903685
4-methyl-2-pentanol,80,0.01169436
4-methyl-2-pentanol,75,0.00707698
4-methyl-2-pentanol,70,0.00421713
4-methyl-2-pentanol,65,0.00247333
4-methyl-2-pentanol,60,0.00142703
4-methyl-2-pentanol,55,0.00080956
4-methyl-2-pentanol,50,0.00045133
4-methyl-2-pentanol,45,0.00024713
4-methyl-2-pentanol,40,0.00013282
4-methyl-2-pentanol,35,0.00007002
4-methyl-2-pentanol,30,0.00003618
4-methyl-2-pentanol,25,0.00001831
4-methyl-2-pentanone,160,19.78077519
4-methyl-2-pentanone,155,16.77329148
4-methyl-2-pentanone,150,14.03467674
4-methyl-2-pentanone,145,11.58356843
4-methyl-2-pentanone,140,9.42879401
4-methyl-2-pentanone,135,7.56917501
4-methyl-2-pentanone,130,5.99385112
4-methyl-2-pentanone,125,4.68359501
4-methyl-2-pentanone,120,3.61295982
4-methyl-2-pentanone,115,2.75279004
4-methyl-2-pentanone,110,2.07264907
4-methyl-2-pentanone,105,1.54282765
4-methyl-2-pentanone,100,1.13582742
4-methyl-2-pentanone,95,0.82724287
4-methyl-2-pentanone,90,0.59615339
4-methyl-2-pentanone,85,0.42512945
4-methyl-2-pentanone,80,0.29999497
4-methyl-2-pentanone,75,0.20945397
4-methyl-2-pentanone,70,0.14466445
4-methyl-2-pentanone,65,0.09881404
4-methyl-2-pentanone,60,0.06672916
4-methyl-2-pentanone,55,0.04453316
4-methyl-2-pentanone,50,0.02935818
4-methyl-2-pentanone,45,0.01910898
4-methyl-2-pentanone,40,0.01227359
4-methyl-2-pentanone,35,0.00777454
4-methyl-2-pentanone,30,0.00485364
4-methyl-2-pentanone,25,0.00298436
isocyanatomethane,160,45.58268243
isocyanatomethane,155,42.30250893
isocyanatomethane,150,38.98434489
isocyanatomethane,145,35.64241510
isocyanatomethane,140,32.29564291
isocyanatomethane,135,28.96610554
isocyanatomethane,130,25.68070663
isocyanatomethane,125,22.47093066
isocyanatomethane,120,19.37261656
isocyanatomethane,115,16.42528278
isocyanatomethane,110,13.67098843
isocyanatomethane,105,11.14969660
isocyanatomethane,100,8.89681232
isocyanatomethane,95,6.93804402
isocyanatomethane,90,5.28473905
isocyanatomethane,85,3.93227276
isocyanatomethane,80,2.86022445
isocyanatomethane,75,2.03608183
isocyanatomethane,70,1.42044123
isocyanatomethane,65,0.97247266
isocyanatomethane,60,0.65414466
isocyanatomethane,55,0.43272091
isocyanatomethane,50,0.28166879
isocyanatomethane,45,0.18046564
isocyanatomethane,40,0.11381170
isocyanatomethane,35,0.07063645
isocyanatomethane,30,0.04312728
isocyanatomethane,25,0.02588935
3-methyl-3-buten-2-one,160,30.11882232
3-methyl-3-buten-2-one,155,26.80137158
3-methyl-3-buten-2-one,150,23.59793600
3-methyl-3-buten-2-one,145,20.53758757
3-methyl-3-buten-2-one,140,17.65016882
3-methyl-3-buten-2-one,135,14.96381300
3-methyl-3-buten-2-one,130,12.50387350
3-methyl-3-buten-2-one,125,10.29038696
3-methyl-3-buten-2-one,120,8.33606283
3-methyl-3-buten-2-one,115,6.64534659
3-methyl-3-buten-2-one,110,5.21302870
3-methyl-3-buten-2-one,105,4.02514340
3-methyl-3-buten-2-one,100,3.06047215
3-methyl-3-buten-2-one,95,2.29278646
3-methyl-3-buten-2-one,90,1.69349435
3-methyl-3-buten-2-one,85,1.23401110
3-methyl-3-buten-2-one,80,0.88757318
3-methyl-3-buten-2-one,75,0.63041027
3-methyl-3-buten-2-one,70,0.44228286
3-methyl-3-buten-2-one,65,0.30654705
3-methyl-3-buten-2-one,60,0.20990246
3-methyl-3-buten-2-one,55,0.14197437
3-methyl-3-buten-2-one,50,0.09483620
3-methyl-3-buten-2-one,45,0.06254128
3-methyl-3-buten-2-one,40,0.04070109
3-methyl-3-buten-2-one,35,0.02612618
3-methyl-3-buten-2-one,30,0.01653214
3-methyl-3-buten-2-one,25,0.01030596
methylisothiocyanate,160,43.17892008
methylisothiocyanate,155,40.33554785
methylisothiocyanate,150,37.49427800
methylisothiocyanate,145,34.66401678
methylisothiocyanate,140,31.85341696
methylisothiocyanate,135,29.07367137
methylisothiocyanate,130,26.33601183
methylisothiocyanate,125,23.65268292
methylisothiocyanate,120,21.03908581
methylisothiocyanate,115,18.51345168
methylisothiocyanate,110,16.09369560
methylisothiocyanate,105,13.80029198
methylisothiocyanate,100,11.65513114
methylisothiocyanate,95,9.67908108
methylisothiocyanate,90,7.89172274
methylisothiocyanate,85,6.30847125
methylisothiocyanate,80,4.93885532
methylisothiocyanate,75,3.78430686
methylisothiocyanate,70,2.83755768
methylisothiocyanate,65,2.08274147
methylisothiocyanate,60,1.49752058
methylisothiocyanate,55,1.05575549
methylisothiocyanate,50,0.73053188
methylisothiocyanate,45,0.49658298
methylisothiocyanate,40,0.33183876
methylisothiocyanate,35,0.21809293
methylisothiocyanate,30,0.14100030
methylisothiocyanate,25,0.08966872
methanethiol,160,100.00000000
methanethiol,155,100.00000000
methanethiol,150,100.00000000
methanethiol,145,100.00000000
methanethiol,140,47.16979060
methanethiol,135,44.56322310
methanethiol,130,41.92953480
methanethiol,125,39.26959932
methanethiol,120,36.59007175
methanethiol,115,33.89843019
methanethiol,110,31.20124234
methanethiol,105,28.50896940
methanethiol,100,25.83257061
methanethiol,95,23.18560274
methanethiol,90,20.58522708
methanethiol,85,18.04955157
methanethiol,80,15.60195687
methanethiol,75,13.26724895
methanethiol,70,11.07398167
methanethiol,65,9.05089417
methanethiol,60,7.22606697
methanethiol,55,5.62338456
methanethiol,50,4.25867724
methanethiol,45,3.13567336
methanethiol,40,2.24476299
methanethiol,35,1.56371823
methanethiol,30,1.06153676
methanethiol,25,0.70347642
methylmethacrylate,160,21.80071932
methylmethacrylate,155,18.70577428
methylmethacrylate,150,15.83938454
methylmethacrylate,145,13.22706143
methylmethacrylate,140,10.88726342
methylmethacrylate,135,8.83024657
methylmethacrylate,130,7.05641490
methylmethacrylate,125,5.55661250
methylmethacrylate,120,4.31317466
methylmethacrylate,115,3.30178646
methylmethacrylate,110,2.49404407
methylmethacrylate,105,1.85998361
methylmethacrylate,100,1.37022110
methylmethacrylate,95,0.99756350
methylmethacrylate,90,0.71796375
methylmethacrylate,85,0.51093930
methylmethacrylate,80,0.35956858
methylmethacrylate,75,0.25022541
methylmethacrylate,70,0.17217294
methylmethacrylate,65,0.11710850
methylmethacrylate,60,0.07871769
methylmethacrylate,55,0.05227033
methylmethacrylate,50,0.03427260
methylmethacrylate,45,0.02217844
methylmethacrylate,40,0.01415685
methylmethacrylate,35,0.00890818
methylmethacrylate,30,0.00552218
methylmethacrylate,25,0.00336993
2-heptanone,160,14.88470555
2-heptanone,155,12.32604569
2-heptanone,150,10.07725142
2-heptanone,145,8.13457956
2-heptanone,140,6.48490280
2-heptanone,135,5.10732324
2-heptanone,130,3.97539182
2-heptanone,125,3.05951274
2-heptanone,120,2.32912386
2-heptanone,115,1.75454262
2-heptanone,110,1.30828044
2-heptanone,105,0.96583381
2-heptanone,100,0.70604205
2-heptanone,95,0.51110467
2-heptanone,90,0.36637762
2-heptanone,85,0.26004189
2-heptanone,80,0.18271660
2-heptanone,75,0.12706638
2-heptanone,70,0.08743274
2-heptanone,65,0.05950568
2-heptanone,60,0.04004173
2-heptanone,55,0.02662851
2-heptanone,50,0.01749248
2-heptanone,45,0.01134485
2-heptanone,40,0.00726010
2-heptanone,35,0.00458162
2-heptanone,30,0.00284934
2-heptanone,25,0.00174507
2-pentanone,160,28.27753866
2-pentanone,155,24.95631503
2-pentanone,150,21.77741025
2-pentanone,145,18.77143209
2-pentanone,140,15.96858458
2-pentanone,135,13.39545876
2-pentanone,130,11.07330404
2-pentanone,125,9.01592120
2-pentanone,120,7.22864892
2-pentanone,115,5.70703020
2-pentanone,110,4.43785908
2-pentanone,105,3.40041064
2-pentanone,100,2.56874238
2-pentanone,95,1.91426300
2-pentanone,90,1.40809252
2-pentanone,85,1.02290495
2-pentanone,80,0.73416809
2-pentanone,75,0.52076147
2-pentanone,70,0.36512077
2-pentanone,65,0.25304926
2-pentanone,60,0.17334454
2-pentanone,55,0.11734690
2-pentanone,50,0.07848175
2-pentanone,45,0.05183752
2-pentanone,40,0.03379940
2-pentanone,35,0.02174423
2-pentanone,30,0.01379442
2-pentanone,25,0.00862412
methylnitrate,160,36.15191196
methylnitrate,155,32.87728469
methylnitrate,150,29.63952639
methylnitrate,145,26.45934409
methylnitrate,140,23.36217736
methylnitrate,135,20.37138798
methylnitrate,130,17.51825207
methylnitrate,125,14.83282120
methylnitrate,120,12.34519912
methylnitrate,115,10.08406680
methylnitrate,110,8.07286912
methylnitrate,105,6.32739021
methylnitrate,100,4.85238451
methylnitrate,95,3.64085195
methylnitrate,90,2.67405172
methylnitrate,85,1.92419615
methylnitrate,80,1.35811702
methylnitrate,75,0.94135597
methylnitrate,70,0.64146605
methylnitrate,65,0.43010846
methylnitrate,60,0.28394447
methylnitrate,55,0.18462546
methylnitrate,50,0.11824913
methylnitrate,45,0.07459447
methylnitrate,40,0.04633352
methylnitrate,35,0.02832561
methylnitrate,30,0.01703421
methylnitrate,25,0.01007035
methyloleate,160,0.85058728
methyloleate,155,0.64727353
methyloleate,150,0.48954037
methyloleate,145,0.36786914
methyloleate,140,0.27458333
methyloleate,135,0.20351734
methyloleate,130,0.14974184
methyloleate,125,0.10933636
methyloleate,120,0.07920038
methyloleate,115,0.05689684
methyloleate,110,0.04052277
methyloleate,105,0.02860266
methyloleate,100,0.02000089
methyloleate,95,0.01385034
methyloleate,90,0.00949433
methyloleate,85,0.00643985
methyloleate,80,0.00432018
methyloleate,75,0.00286509
methyloleate,70,0.00187746
methyloleate,65,0.00121499
methyloleate,60,0.00077607
methyloleate,55,0.00048900
methyloleate,50,0.00030375
methyloleate,45,0.00018589
methyloleate,40,0.00011200
methyloleate,35,0.00006638
methyloleate,30,0.00003868
methyloleate,25,0.00002213
methylthiobenzene,160,19.92621980
methylthiobenzene,155,17.20134264
methylthiobenzene,150,14.67765740
methylthiobenzene,145,12.37095991
methylthiobenzene,140,10.29259825
methylthiobenzene,135,8.44885543
methylthiobenzene,130,6.84047307
methylthiobenzene,125,5.46164233
methylthiobenzene,120,4.30056564
methylthiobenzene,115,3.34030579
methylthiobenzene,110,2.56003511
methylthiobenzene,105,1.93677682
methylthiobenzene,100,1.44700207
methylthiobenzene,95,1.06803301
methylthiobenzene,90,0.77905239
methylthiobenzene,85,0.56171577
methylthiobenzene,80,0.40039678
methylthiobenzene,75,0.28216191
methylthiobenzene,70,0.19656431
methylthiobenzene,65,0.13534168
methylthiobenzene,60,0.09207934
methylthiobenzene,55,0.06187914
methylthiobenzene,50,0.04105755
methylthiobenzene,45,0.02688400
methylthiobenzene,40,0.01736217
methylthiobenzene,35,0.01105234
methylthiobenzene,30,0.00693026
methylthiobenzene,25,0.00427727
methylphenylsulfone,160,2.92980158
methylphenylsulfone,155,2.22616571
methylphenylsulfone,150,1.68072875
methylphenylsulfone,145,1.26065218
methylphenylsulfone,140,0.93922424
methylphenylsulfone,135,0.69490439
methylphenylsulfone,130,0.51045507
methylphenylsulfone,125,0.37218009
methylphenylsulfone,120,0.26927200
methylphenylsulfone,115,0.19326100
methylphenylsulfone,110,0.13755566
methylphenylsulfone,105,0.09706305
methylphenylsulfone,100,0.06787722
methylphenylsulfone,95,0.04702573
methylphenylsulfone,90,0.03226473
methylphenylsulfone,85,0.02191458
methylphenylsulfone,80,0.01472904
methylphenylsulfone,75,0.00979189
methylphenylsulfone,70,0.00643597
methylphenylsulfone,65,0.00418034
methylphenylsulfone,60,0.00268190
methylphenylsulfone,55,0.00169854
methylphenylsulfone,50,0.00106138
methylphenylsulfone,45,0.00065399
methylphenylsulfone,40,0.00039710
methylphenylsulfone,35,0.00023745
methylphenylsulfone,30,0.00013973
methylphenylsulfone,25,0.00008086
methylpropionate,160,26.66932871
methylpropionate,155,23.34610812
methylpropionate,150,20.18789584
methylpropionate,145,17.22761824
methylpropionate,140,14.49535543
methylpropionate,135,12.01634563
methylpropionate,130,9.80848048
methylpropionate,125,7.88109711
methylpropionate,120,6.23302397
methylpropionate,115,4.85317600
methylpropionate,110,3.72183218
methylpropionate,105,2.81281875
methylpropionate,100,2.09635583
methylpropionate,95,1.54174561
methylpropionate,90,1.11954613
methylpropionate,85,0.80309091
methylpropionate,80,0.56929227
methylpropionate,75,0.39888621
methylpropionate,70,0.27627591
methylpropionate,65,0.18914752
methylpropionate,60,0.12798439
methylpropionate,55,0.08556674
methylpropionate,50,0.05650673
methylpropionate,45,0.03684389
methylpropionate,40,0.02370797
methylpropionate,35,0.01504713
methylpropionate,30,0.00941423
methylpropionate,25,0.00580236
2-hydroxy-benzoicacidmethylester,160,10.18057874
2-hydroxy-benzoicacidmethylester,155,8.24823796
2-hydroxy-benzoicacidmethylester,150,6.60272247
2-hydroxy-benzoicacidmethylester,145,5.22374648
2-hydroxy-benzoicacidmethylester,140,4.08594647
2-hydroxy-benzoicacidmethylester,135,3.16100136
2-hydroxy-benzoicacidmethylester,130,2.41960313
2-hydroxy-benzoicacidmethylester,125,1.83316095
2-hydroxy-benzoicacidmethylester,120,1.37504750
2-hydroxy-benzoicacidmethylester,115,1.02137685
2-hydroxy-benzoicacidmethylester,110,0.75138229
2-hydroxy-benzoicacidmethylester,105,0.54747228
2-hydroxy-benzoicacidmethylester,100,0.39507055
2-hydroxy-benzoicacidmethylester,95,0.28232639
2-hydroxy-benzoicacidmethylester,90,0.19976339
2-hydroxy-benzoicacidmethylester,85,0.13991509
2-hydroxy-benzoicacidmethylester,80,0.09697720
2-hydroxy-benzoicacidmethylester,75,0.06649379
2-hydroxy-benzoicacidmethylester,70,0.04508460
2-hydroxy-benzoicacidmethylester,65,0.03021490
2-hydroxy-benzoicacidmethylester,60,0.02000557
2-hydroxy-benzoicacidmethylester,55,0.01307949
2-hydroxy-benzoicacidmethylester,50,0.00843909
2-hydroxy-benzoicacidmethylester,45,0.00537034
2-hydroxy-benzoicacidmethylester,40,0.00336842
2-hydroxy-benzoicacidmethylester,35,0.00208097
2-hydroxy-benzoicacidmethylester,30,0.00126531
2-hydroxy-benzoicacidmethylester,25,0.00075661
methylsilane,160,24.70013273
methylsilane,155,19.48371820
methylsilane,150,14.98695985
methylsilane,145,11.28362772
methylsilane,140,8.34514031
methylsilane,135,6.08019636
methylsilane,130,4.37309598
methylsilane,125,3.10899265
methylsilane,120,2.18644275
methylsilane,115,1.52159117
methylsilane,110,1.04792494
methylsilane,105,0.71413651
methylsilane,100,0.48143630
methylsilane,95,0.32095849
methylsilane,90,0.21150803
methylsilane,85,0.13770972
methylsilane,80,0.08853903
methylsilane,75,0.05618149
methylsilane,70,0.03516252
methylsilane,65,0.02169299
methylsilane,60,0.01318317
methylsilane,55,0.00788629
methylsilane,50,0.00464036
methylsilane,45,0.00268354
methylsilane,40,0.00152397
methylsilane,35,0.00084911
methylsilane,30,0.00046372
methylsilane,25,0.00024797
"3-methyl-tetrahydrothiophene-1,1-dioxide",160,4.12642328
"3-methyl-tetrahydrothiophene-1,1-dioxide",155,3.21311938
"3-methyl-tetrahydrothiophene-1,1-dioxide",150,2.48596099
"3-methyl-tetrahydrothiophene-1,1-dioxide",145,1.91108357
"3-methyl-tetrahydrothiophene-1,1-dioxide",140,1.45973750
"3-methyl-tetrahydrothiophene-1,1-dioxide",135,1.10779702
"3-methyl-tetrahydrothiophene-1,1-dioxide",130,0.83522947
"3-methyl-tetrahydrothiophene-1,1-dioxide",125,0.62556302
"3-methyl-tetrahydrothiophene-1,1-dioxide",120,0.46537751
"3-methyl-tetrahydrothiophene-1,1-dioxide",115,0.34383381
"3-methyl-tetrahydrothiophene-1,1-dioxide",110,0.25224998
"3-methyl-tetrahydrothiophene-1,1-dioxide",105,0.18372772
"3-methyl-tetrahydrothiophene-1,1-dioxide",100,0.13282879
"3-methyl-tetrahydrothiophene-1,1-dioxide",95,0.09529898
"3-methyl-tetrahydrothiophene-1,1-dioxide",90,0.06783581
"3-methyl-tetrahydrothiophene-1,1-dioxide",85,0.04789526
"3-methyl-tetrahydrothiophene-1,1-dioxide",80,0.03353269
"3-methyl-tetrahydrothiophene-1,1-dioxide",75,0.02327329
"3-methyl-tetrahydrothiophene-1,1-dioxide",70,0.01600748
"3-methyl-tetrahydrothiophene-1,1-dioxide",65,0.01090731
"3-methyl-tetrahydrothiophene-1,1-dioxide",60,0.00736013
"3-methyl-tetrahydrothiophene-1,1-dioxide",55,0.00491655
"3-methyl-tetrahydrothiophene-1,1-dioxide",50,0.00324986
"3-methyl-tetrahydrothiophene-1,1-dioxide",45,0.00212477
"3-methyl-tetrahydrothiophene-1,1-dioxide",40,0.00137341
"3-methyl-tetrahydrothiophene-1,1-dioxide",35,0.00087724
"3-methyl-tetrahydrothiophene-1,1-dioxide",30,0.00055339
"3-methyl-tetrahydrothiophene-1,1-dioxide",25,0.00034459
methylthiocyanate,160,38.76126289
methylthiocyanate,155,35.52671082
methylthiocyanate,150,32.30432930
methylthiocyanate,145,29.11413666
methylthiocyanate,140,25.97691826
methylthiocyanate,135,22.91676632
methylthiocyanate,130,19.96130041
methylthiocyanate,125,17.14166454
methylthiocyanate,120,14.48917184
methylthiocyanate,115,12.03630745
methylthiocyanate,110,9.81230073
methylthiocyanate,105,7.84079833
methylthiocyanate,100,6.13628095
methylthiocyanate,95,4.70182223
methylthiocyanate,90,3.52785431
methylthiocyanate,85,2.59366562
methylthiocyanate,80,1.87019015
methylthiocyanate,75,1.32402489
methylthiocyanate,70,0.92132165
methylthiocyanate,65,0.63071378
methylthiocyanate,60,0.42507518
methylthiocyanate,55,0.28216936
methylthiocyanate,50,0.18452604
methylthiocyanate,45,0.11887937
methylthiocyanate,40,0.07543463
methylthiocyanate,35,0.04712976
methylthiocyanate,30,0.02897784
methylthiocyanate,25,0.01752344
methylvinylether,160,43.18830624
methylvinylether,155,39.74251139
methylvinylether,150,36.27095374
methylvinylether,145,32.79651736
methylvinylether,140,29.34616553
methylvinylether,135,25.94837300
methylvinylether,130,22.64125093
methylvinylether,125,19.46443529
methylvinylether,120,16.46001979
methylvinylether,115,13.67096560
methylvinylether,110,11.13637161
methylvinylether,105,8.88789912
methylvinylether,100,6.94492699
methylvinylether,95,5.31232720
methylvinylether,90,3.97915299
methylvinylether,85,2.92091793
methylvinylether,80,2.10336977
methylvinylether,75,1.48753971
methylvinylether,70,1.03429193
methylvinylether,65,0.70766625
methylvinylether,60,0.47677431
methylvinylether,55,0.31642777
methylvinylether,50,0.20691273
methylvinylether,45,0.13329996
methylvinylether,40,0.08458650
methylvinylether,35,0.05284816
methylvinylether,30,0.03249287
methylvinylether,25,0.01964707
1-buten-3-one,160,35.39939393
1-buten-3-one,155,31.93729082
1-buten-3-one,150,28.53635208
1-buten-3-one,145,25.22600985
1-buten-3-one,140,22.03752246
1-buten-3-one,135,19.00386318
1-buten-3-one,130,16.15795449
1-buten-3-one,125,13.53073457
1-buten-3-one,120,11.14889681
1-buten-3-one,115,9.03211939
1-buten-3-one,110,7.19089604
1-buten-3-one,105,5.62540716
1-buten-3-one,100,4.32488181
1-buten-3-one,95,3.26925550
1-buten-3-one,90,2.43147945
1-buten-3-one,85,1.78064458
1-buten-3-one,80,1.28501753
1-buten-3-one,75,0.91447760
1-buten-3-one,70,0.64212363
1-buten-3-one,65,0.44506472
1-buten-3-one,60,0.30457239
1-buten-3-one,55,0.20580378
1-buten-3-one,50,0.13730280
1-buten-3-one,45,0.09042299
1-buten-3-one,40,0.05876411
1-buten-3-one,35,0.03767005
1-buten-3-one,30,0.02380726
1-buten-3-one,25,0.01482503
4-methyl-benzoicacidmethylester,160,11.08427047
4-methyl-benzoicacidmethylester,155,9.06207279
4-methyl-benzoicacidmethylester,150,7.32087237
4-methyl-benzoicacidmethylester,145,5.84509509
4-methyl-benzoicacidmethylester,140,4.61351211
4-methyl-benzoicacidmethylester,135,3.60102343
4-methyl-benzoicacidmethylester,130,2.78054004
4-methyl-benzoicacidmethylester,125,2.12466293
4-methyl-benzoicacidmethylester,120,1.60709073
4-methyl-benzoicacidmethylester,115,1.20361285
4-methyl-benzoicacidmethylester,110,0.89269738
4-methyl-benzoicacidmethylester,105,0.65574415
4-methyl-benzoicacidmethylester,100,0.47707331
4-methyl-benzoicacidmethylester,95,0.34374111
4-methyl-benzoicacidmethylester,90,0.24525507
4-methyl-benzoicacidmethylester,85,0.17324506
4-methyl-benzoicacidmethylester,80,0.12112967
4-methyl-benzoicacidmethylester,75,0.08380187
4-methyl-benzoicacidmethylester,70,0.05734762
4-methyl-benzoicacidmethylester,65,0.03880254
4-methyl-benzoicacidmethylester,60,0.02594737
4-methyl-benzoicacidmethylester,55,0.01713964
4-methyl-benzoicacidmethylester,50,0.01117772
4-methyl-benzoicacidmethylester,45,0.00719280
4-methyl-benzoicacidmethylester,40,0.00456423
4-methyl-benzoicacidmethylester,35,0.00285412
4-methyl-benzoicacidmethylester,30,0.00175753
4-methyl-benzoicacidmethylester,25,0.00106495
methyl-t-butylether,160,17.97421585
methyl-t-butylether,155,14.92106506
methyl-t-butylether,150,12.21465947
methyl-t-butylether,145,9.86172836
methyl-t-butylether,140,7.85503516
methyl-t-butylether,135,6.17528082
methyl-t-butylether,130,4.79408047
methyl-t-butylether,125,3.67737282
methyl-t-butylether,120,2.78862803
methyl-t-butylether,115,2.09160063
methyl-t-butylether,110,1.55232855
methyl-t-butylether,105,1.14036973
methyl-t-butylether,100,0.82939745
methyl-t-butylether,95,0.59729662
methyl-t-butylether,90,0.42593485
methyl-t-butylether,85,0.30074683
methyl-t-butylether,80,0.21023748
methyl-t-butylether,75,0.14547494
methyl-t-butylether,70,0.09961569
methyl-t-butylether,65,0.06748370
methyl-t-butylether,60,0.04521182
methyl-t-butylether,55,0.02994463
methyl-t-butylether,50,0.01959817
methyl-t-butylether,45,0.01266896
methyl-t-butylether,40,0.00808501
methyl-t-butylether,35,0.00509099
methyl-t-butylether,30,0.00316128
methyl-t-butylether,25,0.00193463
dimethoxymethane,160,33.77100621
dimethoxymethane,155,30.39460701
dimethoxymethane,150,27.09276716
dimethoxymethane,145,23.89281060
dimethoxymethane,140,20.82397706
dimethoxymethane,135,17.91710275
dimethoxymethane,130,15.20206429
dimethoxymethane,125,12.70667760
dimethoxymethane,120,10.45383800
dimethoxymethane,115,8.45954047
dimethoxymethane,110,6.73092656
dimethoxymethane,105,5.26542317
dimethoxymethane,100,4.05058914
dimethoxymethane,95,3.06579943
dimethoxymethane,90,2.28454891
dimethoxymethane,85,1.67730406
dimethoxymethane,80,1.21423198
dimethoxymethane,75,0.86727503
dimethoxymethane,70,0.61151779
dimethoxymethane,65,0.42581665
dimethoxymethane,60,0.29288251
dimethoxymethane,55,0.19899936
dimethoxymethane,50,0.13355736
dimethoxymethane,45,0.08852368
dimethoxymethane,40,0.05792933
dimethoxymethane,35,0.03741252
dimethoxymethane,30,0.02383481
dimethoxymethane,25,0.01497091
ch2cl2,160,39.53828097
ch2cl2,155,36.89978856
ch2cl2,150,34.30480308
ch2cl2,145,31.76064861
ch2cl2,140,29.27310272
ch2cl2,135,26.84979551
ch2cl2,130,24.49656682
ch2cl2,125,22.22005575
ch2cl2,120,20.02673143
ch2cl2,115,17.92394091
ch2cl2,110,15.92058899
ch2cl2,105,14.02161681
ch2cl2,100,12.23687558
ch2cl2,95,10.57200373
ch2cl2,90,9.03430286
ch2cl2,85,7.62934472
ch2cl2,80,6.36180828
ch2cl2,75,5.23390791
ch2cl2,70,4.24587040
ch2cl2,65,3.39482921
ch2cl2,60,2.67484286
ch2cl2,55,2.07704257
ch2cl2,50,1.58999274
ch2cl2,45,1.20052866
ch2cl2,40,0.89467114
ch2cl2,35,0.65852887
ch2cl2,30,0.47908074
ch2cl2,25,0.34469835
diiodomethane,160,8.76520871
diiodomethane,155,7.31626222
diiodomethane,150,6.04423002
diiodomethane,145,4.94053887
diiodomethane,140,3.99497285
diiodomethane,135,3.19546241
diiodomethane,130,2.52853311
diiodomethane,125,1.97973482
diiodomethane,120,1.53418016
diiodomethane,115,1.17713875
diiodomethane,110,0.89458331
diiodomethane,105,0.67361647
diiodomethane,100,0.50274023
diiodomethane,95,0.37199067
diiodomethane,90,0.27294058
diiodomethane,85,0.19861603
diiodomethane,80,0.14335250
diiodomethane,75,0.10262416
diiodomethane,70,0.07286723
diiodomethane,65,0.05131179
diiodomethane,60,0.03583024
diiodomethane,55,0.02480613
diiodomethane,50,0.01702392
diiodomethane,45,0.01157853
diiodomethane,40,0.00780245
diiodomethane,35,0.00520800
diiodomethane,30,0.00344226
diiodomethane,25,0.00225221
morpholine,160,28.07800697
morpholine,155,24.70859213
morpholine,150,21.47482151
morpholine,145,18.41132174
morpholine,140,15.55196201
morpholine,135,12.92846461
morpholine,130,10.56715649
morpholine,125,8.48617201
morpholine,120,6.69358261
morpholine,115,5.18544746
morpholine,110,3.94674042
morpholine,105,2.95306010
morpholine,100,2.17377306
morpholine,95,1.57548568
morpholine,90,1.12513311
morpholine,85,0.79225090
morpholine,80,0.55030178
morpholine,75,0.37718443
morpholine,70,0.25514245
morpholine,65,0.17032637
morpholine,60,0.11219828
morpholine,55,0.07290885
morpholine,50,0.04672033
morpholine,45,0.02950999
morpholine,40,0.01836302
morpholine,35,0.01125067
morpholine,30,0.00678258
morpholine,25,0.00402062
tetramethylthiourea,160,21.73967678
tetramethylthiourea,155,19.12854969
tetramethylthiourea,150,16.67561947
tetramethylthiourea,145,14.39286449
tetramethylthiourea,140,12.29058958
tetramethylthiourea,135,10.37666453
tetramethylthiourea,130,8.65675359
tetramethylthiourea,125,7.13266535
tetramethylthiourea,120,5.80220171
tetramethylthiourea,115,4.65910213
tetramethylthiourea,110,3.69285029
tetramethylthiourea,105,2.88953118
tetramethylthiourea,100,2.23257834
tetramethylthiourea,95,1.70388568
tetramethylthiourea,90,1.28494754
tetramethylthiourea,85,0.95785151
tetramethylthiourea,80,0.70601834
tetramethylthiourea,75,0.51469096
tetramethylthiourea,70,0.37116040
tetramethylthiourea,65,0.26478479
tetramethylthiourea,60,0.18686709
tetramethylthiourea,55,0.13044717
tetramethylthiourea,50,0.09005677
tetramethylthiourea,45,0.06146993
tetramethylthiourea,40,0.04146945
tetramethylthiourea,35,0.02764013
tetramethylthiourea,30,0.01819279
tetramethylthiourea,25,0.01181906
"n,n-dibutylformamide",160,11.61943186
"n,n-dibutylformamide",155,9.62681978
"n,n-dibutylformamide",150,7.89007344
"n,n-dibutylformamide",145,6.39726923
"n,n-dibutylformamide",140,5.13189867
"n,n-dibutylformamide",135,4.07393443
"n,n-dibutylformamide",130,3.20116267
"n,n-dibutylformamide",125,2.49042191
"n,n-dibutylformamide",120,1.91877241
"n,n-dibutylformamide",115,1.46440804
"n,n-dibutylformamide",110,1.10732191
"n,n-dibutylformamide",105,0.82970105
"n,n-dibutylformamide",100,0.61608721
"n,n-dibutylformamide",95,0.45336296
"n,n-dibutylformamide",90,0.33061093
"n,n-dibutylformamide",85,0.23889897
"n,n-dibutylformamide",80,0.17102984
"n,n-dibutylformamide",75,0.12128365
"n,n-dibutylformamide",70,0.08517205
"n,n-dibutylformamide",65,0.05921459
"n,n-dibutylformamide",60,0.04074287
"n,n-dibutylformamide",55,0.02773340
"n,n-dibutylformamide",50,0.01866828
"n,n-dibutylformamide",45,0.01242110
"n,n-dibutylformamide",40,0.00816506
"n,n-dibutylformamide",35,0.00530000
"n,n-dibutylformamide",30,0.00339520
"n,n-dibutylformamide",25,0.00214520
2-chloro-n-(2-chloroethyl)ethanamine,160,13.12038061
2-chloro-n-(2-chloroethyl)ethanamine,155,10.80262332
2-chloro-n-(2-chloroethyl)ethanamine,150,8.77283512
2-chloro-n-(2-chloroethyl)ethanamine,145,7.02714584
2-chloro-n-(2-chloroethyl)ethanamine,140,5.55299287
2-chloro-n-(2-chloroethyl)ethanamine,135,4.33040782
2-chloro-n-(2-chloroethyl)ethanamine,130,3.33404961
2-chloro-n-(2-chloroethyl)ethanamine,125,2.53551954
2-chloro-n-(2-chloroethyl)ethanamine,120,1.90553920
2-chloro-n-(2-chloroethyl)ethanamine,115,1.41581443
2-chloro-n-(2-chloroethyl)ethanamine,110,1.04034692
2-chloro-n-(2-chloroethyl)ethanamine,105,0.75619773
2-chloro-n-(2-chloroethyl)ethanamine,100,0.54379335
2-chloro-n-(2-chloroethyl)ethanamine,95,0.38688703
2-chloro-n-(2-chloroethyl)ethanamine,90,0.27230386
2-chloro-n-(2-chloroethyl)ethanamine,85,0.18957066
2-chloro-n-(2-chloroethyl)ethanamine,80,0.13050570
2-chloro-n-(2-chloroethyl)ethanamine,75,0.08881587
2-chloro-n-(2-chloroethyl)ethanamine,70,0.05972936
2-chloro-n-(2-chloroethyl)ethanamine,65,0.03967611
2-chloro-n-(2-chloroethyl)ethanamine,60,0.02601946
2-chloro-n-(2-chloroethyl)ethanamine,55,0.01683669
2-chloro-n-(2-chloroethyl)ethanamine,50,0.01074346
2-chloro-n-(2-chloroethyl)ethanamine,45,0.00675582
2-chloro-n-(2-chloroethyl)ethanamine,40,0.00418364
2-chloro-n-(2-chloroethyl)ethanamine,35,0.00254945
2-chloro-n-(2-chloroethyl)ethanamine,30,0.00152758
2-chloro-n-(2-chloroethyl)ethanamine,25,0.00089919
diethylacetamide,160,25.86534853
diethylacetamide,155,23.07187770
diethylacetamide,150,20.40744536
diethylacetamide,145,17.88649077
diethylacetamide,140,15.52279984
diethylacetamide,135,13.32943828
diethylacetamide,130,11.31726213
diethylacetamide,125,9.49480185
diethylacetamide,120,7.86688284
diethylacetamide,115,6.43450483
diethylacetamide,110,5.19408562
diethylacetamide,105,4.13762026
diethylacetamide,100,3.25288942
diethylacetamide,95,2.52442246
diethylacetamide,90,1.93450731
diethylacetamide,85,1.46440288
diethylacetamide,80,1.09548050
diethylacetamide,75,0.81014736
diethylacetamide,70,0.59247943
diethylacetamide,65,0.42858088
diethylacetamide,60,0.30669182
diethylacetamide,55,0.21712022
diethylacetamide,50,0.15205663
diethylacetamide,45,0.10533135
diethylacetamide,40,0.07215430
diethylacetamide,35,0.04886433
diethylacetamide,30,0.03270323
diethylacetamide,25,0.02162095
"n,n-diethylformamide",160,29.31240940
"n,n-diethylformamide",155,26.37062728
"n,n-diethylformamide",150,23.53192038
"n,n-diethylformamide",145,20.81296406
"n,n-diethylformamide",140,18.23034667
"n,n-diethylformamide",135,15.80079348
"n,n-diethylformamide",130,13.54014341
"n,n-diethylformamide",125,11.46262548
"n,n-diethylformamide",120,9.57925492
"n,n-diethylformamide",115,7.89782063
"n,n-diethylformamide",110,6.42106892
"n,n-diethylformamide",105,5.14647901
"n,n-diethylformamide",100,4.06620045
"n,n-diethylformamide",95,3.16732897
"n,n-diethylformamide",90,2.43304329
"n,n-diethylformamide",85,1.84388690
"n,n-diethylformamide",80,1.37926048
"n,n-diethylformamide",75,1.01879396
"n,n-diethylformamide",70,0.74342264
"n,n-diethylformamide",65,0.53609260
"n,n-diethylformamide",60,0.38211989
"n,n-diethylformamide",55,0.26925719
"n,n-diethylformamide",50,0.18756258
"n,n-diethylformamide",45,0.12914959
"n,n-diethylformamide",40,0.08788630
"n,n-diethylformamide",35,0.05908871
"n,n-diethylformamide",30,0.03923567
"n,n-diethylformamide",25,0.02571914
"n,n-dimethylacetamide",160,36.69976425
"n,n-dimethylacetamide",155,33.87986943
"n,n-dimethylacetamide",150,31.11223315
"n,n-dimethylacetamide",145,28.40370624
"n,n-dimethylacetamide",140,25.76689671
"n,n-dimethylacetamide",135,23.21119089
"n,n-dimethylacetamide",130,20.74925653
"n,n-dimethylacetamide",125,18.39323999
"n,n-dimethylacetamide",120,16.15353018
"n,n-dimethylacetamide",115,14.04404561
"n,n-dimethylacetamide",110,12.07637959
"n,n-dimethylacetamide",105,10.26144257
"n,n-dimethylacetamide",100,8.60858802
"n,n-dimethylacetamide",95,7.12468351
"n,n-dimethylacetamide",90,5.81334800
"n,n-dimethylacetamide",85,4.67416760
"n,n-dimethylacetamide",80,3.70235984
"n,n-dimethylacetamide",75,2.88892794
"n,n-dimethylacetamide",70,2.22099909
"n,n-dimethylacetamide",65,1.68293013
"n,n-dimethylacetamide",60,1.25745117
"n,n-dimethylacetamide",55,0.92692680
"n,n-dimethylacetamide",50,0.67444296
"n,n-dimethylacetamide",45,0.48459558
"n,n-dimethylacetamide",40,0.34394818
"n,n-dimethylacetamide",35,0.24120112
"n,n-dimethylacetamide",30,0.16713852
"n,n-dimethylacetamide",25,0.11443777
"n,n-dimethylbutanamide",160,24.26773559
"n,n-dimethylbutanamide",155,21.44013356
"n,n-dimethylbutanamide",150,18.76354694
"n,n-dimethylbutanamide",145,16.25487432
"n,n-dimethylbutanamide",140,13.92870071
"n,n-dimethylbutanamide",135,11.79769957
"n,n-dimethylbutanamide",130,9.87164155
"n,n-dimethylbutanamide",125,8.15586161
"n,n-dimethylbutanamide",120,6.65090574
"n,n-dimethylbutanamide",115,5.35239126
"n,n-dimethylbutanamide",110,4.25070534
"n,n-dimethylbutanamide",105,3.33181513
"n,n-dimethylbutanamide",100,2.57827415
"n,n-dimethylbutanamide",95,1.97043235
"n,n-dimethylbutanamide",90,1.48782682
"n,n-dimethylbutanamide",85,1.11039495
"n,n-dimethylbutanamide",80,0.81939503
"n,n-dimethylbutanamide",75,0.59803522
"n,n-dimethylbutanamide",70,0.43178538
"n,n-dimethylbutanamide",65,0.30843660
"n,n-dimethylbutanamide",60,0.21798624
"n,n-dimethylbutanamide",55,0.15241454
"n,n-dimethylbutanamide",50,0.10541207
"n,n-dimethylbutanamide",45,0.07209739
"n,n-dimethylbutanamide",40,0.04875088
"n,n-dimethylbutanamide",35,0.03257765
"n,n-dimethylbutanamide",30,0.02150535
"n,n-dimethylbutanamide",25,0.01401697
1-(2-hydroxyethyl)-2-pyrrolidinone,160,14.35034279
1-(2-hydroxyethyl)-2-pyrrolidinone,155,12.07772992
1-(2-hydroxyethyl)-2-pyrrolidinone,150,10.05949315
1-(2-hydroxyethyl)-2-pyrrolidinone,145,8.29022749
1-(2-hydroxyethyl)-2-pyrrolidinone,140,6.75962817
1-(2-hydroxyethyl)-2-pyrrolidinone,135,5.45335178
1-(2-hydroxyethyl)-2-pyrrolidinone,130,4.35355083
1-(2-hydroxyethyl)-2-pyrrolidinone,125,3.43995779
1-(2-hydroxyethyl)-2-pyrrolidinone,120,2.69094252
1-(2-hydroxyethyl)-2-pyrrolidinone,115,2.08459403
1-(2-hydroxyethyl)-2-pyrrolidinone,110,1.59967398
1-(2-hydroxyethyl)-2-pyrrolidinone,105,1.21633035
1-(2-hydroxyethyl)-2-pyrrolidinone,100,0.91660460
1-(2-hydroxyethyl)-2-pyrrolidinone,95,0.68470221
1-(2-hydroxyethyl)-2-pyrrolidinone,90,0.50706459
1-(2-hydroxyethyl)-2-pyrrolidinone,85,0.37229998
1-(2-hydroxyethyl)-2-pyrrolidinone,80,0.27101331
1-(2-hydroxyethyl)-2-pyrrolidinone,75,0.19558261
1-(2-hydroxyethyl)-2-pyrrolidinone,70,0.13991424
1-(2-hydroxyethyl)-2-pyrrolidinone,65,0.09920039
1-(2-hydroxyethyl)-2-pyrrolidinone,60,0.06969343
1-(2-hydroxyethyl)-2-pyrrolidinone,55,0.04850488
1-(2-hydroxyethyl)-2-pyrrolidinone,50,0.03343216
1-(2-hydroxyethyl)-2-pyrrolidinone,45,0.02281301
1-(2-hydroxyethyl)-2-pyrrolidinone,40,0.01540556
1-(2-hydroxyethyl)-2-pyrrolidinone,35,0.01029132
1-(2-hydroxyethyl)-2-pyrrolidinone,30,0.00679782
1-(2-hydroxyethyl)-2-pyrrolidinone,25,0.00443776
1-acetylpiperidine,160,22.84626191
1-acetylpiperidine,155,20.19974450
1-acetylpiperidine,150,17.70448345
1-acetylpiperidine,145,15.37188309
1-acetylpiperidine,140,13.21247385
1-acetylpiperidine,135,11.23515966
1-acetylpiperidine,130,9.44620686
1-acetylpiperidine,125,7.84862252
1-acetylpiperidine,120,6.44199591
1-acetylpiperidine,115,5.22188049
1-acetylpiperidine,110,4.17997879
1-acetylpiperidine,105,3.30430091
1-acetylpiperidine,100,2.58002672
1-acetylpiperidine,95,1.99035850
1-acetylpiperidine,90,1.51757239
1-acetylpiperidine,85,1.14402533
1-acetylpiperidine,80,0.85298501
1-acetylpiperidine,75,0.62921099
1-acetylpiperidine,70,0.45930519
1-acetylpiperidine,65,0.33183451
1-acetylpiperidine,60,0.23729336
1-acetylpiperidine,55,0.16795210
1-acetylpiperidine,50,0.11764625
1-acetylpiperidine,45,0.08154327
1-acetylpiperidine,40,0.05591266
1-acetylpiperidine,35,0.03791508
1-acetylpiperidine,30,0.02541770
1-acetylpiperidine,25,0.01683846
4-acetylmorpholine,160,14.19296710
4-acetylmorpholine,155,11.93613305
4-acetylmorpholine,150,9.93372861
4-acetylmorpholine,145,8.17978993
4-acetylmorpholine,140,6.66375595
4-acetylmorpholine,135,5.37102296
4-acetylmorpholine,130,4.28361725
4-acetylmorpholine,125,3.38114195
4-acetylmorpholine,120,2.64195018
4-acetylmorpholine,115,2.04415491
4-acetylmorpholine,110,1.56658085
4-acetylmorpholine,105,1.18946874
4-acetylmorpholine,100,0.89496997
4-acetylmorpholine,95,0.66740723
4-acetylmorpholine,90,0.49333917
4-acetylmorpholine,85,0.36148551
4-acetylmorpholine,80,0.26255364
4-acetylmorpholine,75,0.18901322
4-acetylmorpholine,70,0.13485092
4-acetylmorpholine,65,0.09532808
4-acetylmorpholine,60,0.06675589
4-acetylmorpholine,55,0.04629530
4-acetylmorpholine,50,0.03178492
4-acetylmorpholine,45,0.02159647
4-acetylmorpholine,40,0.01451596
4-acetylmorpholine,35,0.00964755
4-acetylmorpholine,30,0.00633705
4-acetylmorpholine,25,0.00411177
n-butylacetate,160,15.12105062
n-butylacetate,155,12.54627031
n-butylacetate,150,10.27552492
n-butylacetate,145,8.30745399
n-butylacetate,140,6.63119404
n-butylacetate,135,5.22771939
n-butylacetate,130,4.07198526
n-butylacetate,125,3.13521424
n-butylacetate,120,2.38720432
n-butylacetate,115,1.79825149
n-butylacetate,110,1.34060165
n-butylacetate,105,0.98935364
n-butylacetate,100,0.72290591
n-butylacetate,95,0.52303078
n-butylacetate,90,0.37470306
n-butylacetate,85,0.26578231
n-butylacetate,80,0.18662771
n-butylacetate,75,0.12970035
n-butylacetate,70,0.08918647
n-butylacetate,65,0.06066022
n-butylacetate,60,0.04079333
n-butylacetate,55,0.02711237
n-butylacetate,50,0.01780053
n-butylacetate,45,0.01153880
n-butylacetate,40,0.00738088
n-butylacetate,35,0.00465601
n-butylacetate,30,0.00289466
n-butylacetate,25,0.00177239
3-oxobutanoicacidbutylester,160,6.78122710
3-oxobutanoicacidbutylester,155,5.35434289
3-oxobutanoicacidbutylester,150,4.18696483
3-oxobutanoicacidbutylester,145,3.24376095
3-oxobutanoicacidbutylester,140,2.49052557
3-oxobutanoicacidbutylester,135,1.89553627
3-oxobutanoicacidbutylester,130,1.43036403
3-oxobutanoicacidbutylester,125,1.07023001
3-oxobutanoicacidbutylester,120,0.79402836
3-oxobutanoicacidbutylester,115,0.58412686
3-oxobutanoicacidbutylester,110,0.42603845
3-oxobutanoicacidbutylester,105,0.30803187
3-oxobutanoicacidbutylester,100,0.22073004
3-oxobutanoicacidbutylester,95,0.15672592
3-oxobutanoicacidbutylester,90,0.11023286
3-oxobutanoicacidbutylester,85,0.07677738
3-oxobutanoicacidbutylester,80,0.05293630
3-oxobutanoicacidbutylester,75,0.03611631
3-oxobutanoicacidbutylester,70,0.02437251
3-oxobutanoicacidbutylester,65,0.01626100
3-oxobutanoicacidbutylester,60,0.01072096
3-oxobutanoicacidbutylester,55,0.00698125
3-oxobutanoicacidbutylester,50,0.00448751
3-oxobutanoicacidbutylester,45,0.00284573
3-oxobutanoicacidbutylester,40,0.00177919
3-oxobutanoicacidbutylester,35,0.00109598
3-oxobutanoicacidbutylester,30,0.00066468
3-oxobutanoicacidbutylester,25,0.00039658
2-propenoicacidbutylester,160,11.45730373
2-propenoicacidbutylester,155,9.30199545
2-propenoicacidbutylester,150,7.46125687
2-propenoicacidbutylester,145,5.91477390
2-propenoicacidbutylester,140,4.63583470
2-propenoicacidbutylester,135,3.59389159
2-propenoicacidbutylester,130,2.75692701
2-propenoicacidbutylester,125,2.09346893
2-propenoicacidbutylester,120,1.57404487
2-propenoicacidbutylester,115,1.17212123
2-propenoicacidbutylester,110,0.86455484
2-propenoicacidbutylester,105,0.63168598
2-propenoicacidbutylester,100,0.45718149
2-propenoicacidbutylester,95,0.32772752
2-propenoicacidbutylester,90,0.23265020
2-propenoicacidbutylester,85,0.16351711
2-propenoicacidbutylester,80,0.11375524
2-propenoicacidbutylester,75,0.07830428
2-propenoicacidbutylester,70,0.05331419
2-propenoicacidbutylester,65,0.03588905
2-propenoicacidbutylester,60,0.02387500
2-propenoicacidbutylester,55,0.01568809
2-propenoicacidbutylester,50,0.01017672
2-propenoicacidbutylester,45,0.00651334
2-propenoicacidbutylester,40,0.00411043
2-propenoicacidbutylester,35,0.00255605
2-propenoicacidbutylester,30,0.00156509
2-propenoicacidbutylester,25,0.00094290
1-butylamine,160,36.25999427
1-butylamine,155,32.81399328
1-butylamine,150,29.39764657
1-butylamine,145,26.04021782
1-butylamine,140,22.77415696
1-butylamine,135,19.63443884
1-butylamine,130,16.66008477
1-butylamine,125,13.89044644
1-butylamine,120,11.36255147
1-butylamine,115,9.10767091
1-butylamine,110,7.14665763
1-butylamine,105,5.48745630
1-butylamine,100,4.12306533
1-butylamine,95,3.03294582
1-butylamine,90,2.18599795
1-butylamine,85,1.54522060
1-butylamine,80,1.07225990
1-butylamine,75,0.73102432
1-butylamine,70,0.48994501
1-butylamine,65,0.32292529
1-butylamine,60,0.20933740
1-butylamine,55,0.13345570
1-butylamine,50,0.08364611
1-butylamine,45,0.05152004
1-butylamine,40,0.03116549
1-butylamine,35,0.01850275
1-butylamine,30,0.01077257
1-butylamine,25,0.00614528
butylbutyrate,160,6.67203432
butylbutyrate,155,5.26035677
butylbutyrate,150,4.10972581
butylbutyrate,145,3.18266623
butylbutyrate,140,2.44377175
butylbutyrate,135,1.86080812
butylbutyrate,130,1.40528289
butylbutyrate,125,1.05261088
butylbutyrate,120,0.78200183
butylbutyrate,115,0.57617266
butylbutyrate,110,0.42096818
butylbutyrate,105,0.30494690
butylbutyrate,100,0.21897064
butylbutyrate,95,0.15582100
butylbutyrate,90,0.10985531
butylbutyrate,85,0.07670671
butylbutyrate,80,0.05302879
butylbutyrate,75,0.03628206
butylbutyrate,70,0.02455823
butylbutyrate,65,0.01643756
butylbutyrate,60,0.01087452
butylbutyrate,55,0.00710722
butylbutyrate,50,0.00458644
butylbutyrate,45,0.00292075
butylbutyrate,40,0.00183441
butylbutyrate,35,0.00113555
butylbutyrate,30,0.00069236
butylbutyrate,25,0.00041549
butylcyclohexane,160,0.26502496
butylcyclohexane,155,0.19143041
butylcyclohexane,150,0.13723206
butylcyclohexane,145,0.09759297
butylcyclohexane,140,0.06881839
butylcyclohexane,135,0.04809746
butylcyclohexane,130,0.03330284
butylcyclohexane,125,0.02283446
butylcyclohexane,120,0.01549730
butylcyclohexane,115,0.01040587
butylcyclohexane,110,0.00690959
butylcyclohexane,105,0.00453487
butylcyclohexane,100,0.00294031
butylcyclohexane,95,0.00188237
butylcyclohexane,90,0.00118920
butylcyclohexane,85,0.00074095
butylcyclohexane,80,0.00045502
butylcyclohexane,75,0.00027523
butylcyclohexane,70,0.00016386
butylcyclohexane,65,0.00009595
butylcyclohexane,60,0.00005522
butylcyclohexane,55,0.00003120
butylcyclohexane,50,0.00001730
butylcyclohexane,45,0.00000940
butylcyclohexane,40,0.00000500
butylcyclohexane,35,0.00000260
butylcyclohexane,30,0.00000132
butylcyclohexane,25,0.00000066
butylcyclopentane,160,0.32397841
butylcyclopentane,155,0.23400829
butylcyclopentane,150,0.16776836
butylcyclopentane,145,0.11932824
butylcyclopentane,140,0.08416473
butylcyclopentane,135,0.05884038
butylcyclopentane,130,0.04075547
butylcyclopentane,125,0.02795555
butylcyclopentane,120,0.01898130
butylcyclopentane,115,0.01275146
butylcyclopentane,110,0.00847158
butylcyclopentane,105,0.00556320
butylcyclopentane,100,0.00360928
butylcyclopentane,95,0.00231217
butylcyclopentane,90,0.00146176
butylcyclopentane,85,0.00091146
butylcyclopentane,80,0.00056018
butylcyclopentane,75,0.00033913
butylcyclopentane,70,0.00020209
butylcyclopentane,65,0.00011845
butylcyclopentane,60,0.00006824
butylcyclopentane,55,0.00003861
butylcyclopentane,50,0.00002143
butylcyclopentane,45,0.00001166
butylcyclopentane,40,0.00000621
butylcyclopentane,35,0.00000324
butylcyclopentane,30,0.00000165
butylcyclopentane,25,0.00000082
2-methyl-2-propenoicacidbutylester,160,7.93696700
2-methyl-2-propenoicacidbutylester,155,6.31464607
2-methyl-2-propenoicacidbutylester,150,4.97382248
2-methyl-2-propenoicacidbutylester,145,3.88010431
2-methyl-2-propenoicacidbutylester,140,2.99884294
2-methyl-2-propenoicacidbutylester,135,2.29689961
2-methyl-2-propenoicacidbutylester,130,1.74381407
2-methyl-2-propenoicacidbutylester,125,1.31247102
2-methyl-2-propenoicacidbutylester,120,0.97935901
2-methyl-2-propenoicacidbutylester,115,0.72453456
2-methyl-2-propenoicacidbutylester,110,0.53139371
2-methyl-2-propenoicacidbutylester,105,0.38633520
2-methyl-2-propenoicacidbutylester,100,0.27837514
2-methyl-2-propenoicacidbutylester,95,0.19875685
2-methyl-2-propenoicacidbutylester,90,0.14058134
2-methyl-2-propenoicacidbutylester,85,0.09847328
2-methyl-2-propenoicacidbutylester,80,0.06828880
2-methyl-2-propenoicacidbutylester,75,0.04686634
2-methyl-2-propenoicacidbutylester,70,0.03181841
2-methyl-2-propenoicacidbutylester,65,0.02136059
2-methyl-2-propenoicacidbutylester,60,0.01417301
2-methyl-2-propenoicacidbutylester,55,0.00928983
2-methyl-2-propenoicacidbutylester,50,0.00601199
2-methyl-2-propenoicacidbutylester,45,0.00383925
2-methyl-2-propenoicacidbutylester,40,0.00241784
2-methyl-2-propenoicacidbutylester,35,0.00150066
2-methyl-2-propenoicacidbutylester,30,0.00091730
2-methyl-2-propenoicacidbutylester,25,0.00055182
n-butylpropionate,160,9.86587902
n-butylpropionate,155,7.92974189
n-butylpropionate,150,6.30294380
n-butylpropionate,145,4.95644069
n-butylpropionate,140,3.85761983
n-butylpropionate,135,2.97276556
n-butylpropionate,130,2.26903313
n-butylpropionate,125,1.71584567
n-butylpropionate,120,1.28575868
n-butylpropionate,115,0.95485674
n-butylpropionate,110,0.70280656
n-butylpropionate,105,0.51267603
n-butylpropionate,100,0.37061441
n-butylpropionate,95,0.26546702
n-butylpropionate,90,0.18837422
n-butylpropionate,85,0.13238768
n-butylpropionate,80,0.09212180
n-butylpropionate,75,0.06344857
n-butylpropionate,70,0.04323798
n-butylpropionate,65,0.02914183
n-butylpropionate,60,0.01941712
n-butylpropionate,55,0.01278389
n-butylpropionate,50,0.00831247
n-butylpropionate,45,0.00533518
n-butylpropionate,40,0.00337806
n-butylpropionate,35,0.00210870
n-butylpropionate,30,0.00129690
n-butylpropionate,25,0.00078529
butylbenzene,160,6.59352844
butylbenzene,155,5.15215161
butylbenzene,150,3.98899244
butylbenzene,145,3.06119002
butylbenzene,140,2.32902679
butylbenzene,135,1.75702957
butylbenzene,130,1.31440663
butylbenzene,125,0.97503169
butylbenzene,120,0.71714802
butylbenzene,115,0.52292193
butylbenzene,110,0.37793495
butylbenzene,105,0.27067205
butylbenzene,100,0.19204006
butylbenzene,95,0.13493411
butylbenzene,90,0.09385929
butylbenzene,85,0.06460825
butylbenzene,80,0.04399157
butylbenzene,75,0.02961578
butylbenzene,70,0.01970319
butylbenzene,65,0.01294742
butylbenzene,60,0.00839887
butylbenzene,55,0.00537517
butylbenzene,50,0.00339175
butylbenzene,45,0.00210875
butylbenzene,40,0.00129087
butylbenzene,35,0.00077745
butylbenzene,30,0.00046029
butylbenzene,25,0.00026767
butanamide,160,2.94883805
butanamide,155,2.16084897
butanamide,150,1.57012259
butanamide,145,1.13124300
butanamide,140,0.80805016
butanamide,135,0.57214231
butanamide,130,0.40147468
butanamide,125,0.27912048
butanamide,120,0.19221383
butanamide,115,0.13107151
butanamide,110,0.08847630
butanamide,105,0.05910153
butanamide,100,0.03905498
butanamide,95,0.02552160
butanamide,90,0.01648678
butanamide,85,0.01052441
butanamide,80,0.00663630
butanamide,75,0.00413187
butanamide,70,0.00253909
butanamide,65,0.00153934
butanamide,60,0.00092028
butanamide,55,0.00054228
butanamide,50,0.00031480
butanamide,45,0.00017994
butanamide,40,0.00010122
butanamide,35,0.00005600
butanamide,30,0.00003045
butanamide,25,0.00001626
n-formylethylamine,160,7.38129899
n-formylethylamine,155,5.59705916
n-formylethylamine,150,4.19568665
n-formylethylamine,145,3.11141281
n-formylethylamine,140,2.28380894
n-formylethylamine,135,1.65991361
n-formylethylamine,130,1.19496256
n-formylethylamine,125,0.85218772
n-formylethylamine,120,0.60207988
n-formylethylamine,115,0.42140558
n-formylethylamine,110,0.29216858
n-formylethylamine,105,0.20062700
n-formylethylamine,100,0.13642187
n-formylethylamine,95,0.09183697
n-formylethylamine,90,0.06118952
n-formylethylamine,85,0.04034024
n-formylethylamine,80,0.02630680
n-formylethylamine,75,0.01696379
n-formylethylamine,70,0.01081314
n-formylethylamine,65,0.00681075
n-formylethylamine,60,0.00423725
n-formylethylamine,55,0.00260280
n-formylethylamine,50,0.00157789
n-formylethylamine,45,0.00094362
n-formylethylamine,40,0.00055639
n-formylethylamine,35,0.00032331
n-formylethylamine,30,0.00018503
n-formylethylamine,25,0.00010424
n-ethyl-2-pyrrolidinone,160,27.90264843
n-ethyl-2-pyrrolidinone,155,25.15568923
n-ethyl-2-pyrrolidinone,150,22.51550022
n-ethyl-2-pyrrolidinone,145,19.99456410
n-ethyl-2-pyrrolidinone,140,17.60473850
n-ethyl-2-pyrrolidinone,135,15.35736189
n-ethyl-2-pyrrolidinone,130,13.26335054
n-ethyl-2-pyrrolidinone,125,11.33241683
n-ethyl-2-pyrrolidinone,120,9.57243889
n-ethyl-2-pyrrolidinone,115,7.98893060
n-ethyl-2-pyrrolidinone,110,6.58398358
n-ethyl-2-pyrrolidinone,105,5.35625709
n-ethyl-2-pyrrolidinone,100,4.30041422
n-ethyl-2-pyrrolidinone,95,3.40737399
n-ethyl-2-pyrrolidinone,90,2.66463628
n-ethyl-2-pyrrolidinone,85,2.05720206
n-ethyl-2-pyrrolidinone,80,1.56851947
n-ethyl-2-pyrrolidinone,75,1.18154506
n-ethyl-2-pyrrolidinone,70,0.87969661
n-ethyl-2-pyrrolidinone,65,0.64758696
n-ethyl-2-pyrrolidinone,60,0.47149463
n-ethyl-2-pyrrolidinone,55,0.33959703
n-ethyl-2-pyrrolidinone,50,0.24199883
n-ethyl-2-pyrrolidinone,45,0.17062313
n-ethyl-2-pyrrolidinone,40,0.11901756
n-ethyl-2-pyrrolidinone,35,0.08212375
n-ethyl-2-pyrrolidinone,30,0.05604192
n-ethyl-2-pyrrolidinone,25,0.03781074
1-piperidinecarboxaldehyde,160,25.96366615
1-piperidinecarboxaldehyde,155,23.16886832
1-piperidinecarboxaldehyde,150,20.50246463
1-piperidinecarboxaldehyde,145,17.97849592
1-piperidinecarboxaldehyde,140,15.61058032
1-piperidinecarboxaldehyde,135,13.41136603
1-piperidinecarboxaldehyde,130,11.39201353
1-piperidinecarboxaldehyde,125,9.56077913
1-piperidinecarboxaldehyde,120,7.92330853
1-piperidinecarboxaldehyde,115,6.48095301
1-piperidinecarboxaldehyde,110,5.23066942
1-piperidinecarboxaldehyde,105,4.16500014
1-piperidinecarboxaldehyde,100,3.27213562
1-piperidinecarboxaldehyde,95,2.53688017
1-piperidinecarboxaldehyde,90,1.94162085
1-piperidinecarboxaldehyde,85,1.46756331
1-piperidinecarboxaldehyde,80,1.09591756
1-piperidinecarboxaldehyde,75,0.80887033
1-piperidinecarboxaldehyde,70,0.59026076
1-piperidinecarboxaldehyde,65,0.42597233
1-piperidinecarboxaldehyde,60,0.30405842
1-piperidinecarboxaldehyde,55,0.21468093
1-piperidinecarboxaldehyde,50,0.14992382
1-piperidinecarboxaldehyde,45,0.10354481
1-piperidinecarboxaldehyde,40,0.07070812
1-piperidinecarboxaldehyde,35,0.04772681
1-piperidinecarboxaldehyde,30,0.03183069
1-piperidinecarboxaldehyde,25,0.02096669
aceticacidheptylester,160,5.28161524
aceticacidheptylester,155,4.13588195
aceticacidheptylester,150,3.21217030
aceticacidheptylester,145,2.47482135
aceticacidheptylester,140,1.89173665
aceticacidheptylester,135,1.43475506
aceticacidheptylester,130,1.07968708
aceticacidheptylester,125,0.80612078
aceticacidheptylester,120,0.59709285
aceticacidheptylester,115,0.43869347
aceticacidheptylester,110,0.31965272
aceticacidheptylester,105,0.23093936
aceticacidheptylester,100,0.16539011
aceticacidheptylester,95,0.11737868
aceticacidheptylester,90,0.08252778
aceticacidheptylester,85,0.05746366
aceticacidheptylester,80,0.03961022
aceticacidheptylester,75,0.02701899
aceticacidheptylester,70,0.01823029
aceticacidheptylester,65,0.01216139
aceticacidheptylester,60,0.00801729
aceticacidheptylester,55,0.00522040
aceticacidheptylester,50,0.00335562
aceticacidheptylester,45,0.00212806
aceticacidheptylester,40,0.00133066
aceticacidheptylester,35,0.00081986
aceticacidheptylester,30,0.00049739
aceticacidheptylester,25,0.00029691
n-methylacetamide,160,10.28963392
n-methylacetamide,155,8.05971557
n-methylacetamide,150,6.22746101
n-methylacetamide,145,4.74946461
n-methylacetamide,140,3.57776383
n-methylacetamide,135,2.66378733
n-methylacetamide,130,1.96141435
n-methylacetamide,125,1.42903775
n-methylacetamide,120,1.03062136
n-methylacetamide,115,0.73597775
n-methylacetamide,110,0.52050429
n-methylacetamide,105,0.36460394
n-methylacetamide,100,0.25296729
n-methylacetamide,95,0.17383305
n-methylacetamide,90,0.11829869
n-methylacetamide,85,0.07971531
n-methylacetamide,80,0.05317846
n-methylacetamide,75,0.03511286
n-methylacetamide,70,0.02294168
n-methylacetamide,65,0.01482840
n-methylacetamide,60,0.00947862
n-methylacetamide,55,0.00599017
n-methylacetamide,50,0.00374136
n-methylacetamide,45,0.00230865
n-methylacetamide,40,0.00140687
n-methylacetamide,35,0.00084633
n-methylacetamide,30,0.00050236
n-methylacetamide,25,0.00029409
methylformamide,160,2.81371803
methylformamide,155,2.07805310
methylformamide,150,1.52316771
methylformamide,145,1.10805359
methylformamide,140,0.79999080
methylformamide,135,0.57318321
methylformamide,130,0.40751617
methylformamide,125,0.28746549
methylformamide,120,0.20116502
methylformamide,115,0.13962818
methylformamide,110,0.09611000
methylformamide,105,0.06559250
methylformamide,100,0.04437517
methylformamide,95,0.02975308
methylformamide,90,0.01976658
methylformamide,85,0.01300879
methylformamide,80,0.00847893
methylformamide,75,0.00547185
methylformamide,70,0.00349542
methylformamide,65,0.00220963
methylformamide,60,0.00138186
methylformamide,55,0.00085468
methylformamide,50,0.00052263
methylformamide,45,0.00031586
methylformamide,40,0.00018860
methylformamide,35,0.00011121
methylformamide,30,0.00006474
methylformamide,25,0.00003719
1-methyl-pyrrolidine,160,19.59659739
1-methyl-pyrrolidine,155,16.48920575
1-methyl-pyrrolidine,150,13.69359123
1-methyl-pyrrolidine,145,11.22141095
1-methyl-pyrrolidine,140,9.07315659
1-methyl-pyrrolidine,135,7.23923333
1-methyl-pyrrolidine,130,5.70098291
1-methyl-pyrrolidine,125,4.43284239
1-methyl-pyrrolidine,120,3.40469063
1-methyl-pyrrolidine,115,2.58428957
1-methyl-pyrrolidine,110,1.93945939
1-methyl-pyrrolidine,105,1.43975469
1-methyl-pyrrolidine,100,1.05762274
1-methyl-pyrrolidine,95,0.76902544
1-methyl-pyrrolidine,90,0.55362315
1-methyl-pyrrolidine,85,0.39464862
1-methyl-pyrrolidine,80,0.27858246
1-methyl-pyrrolidine,75,0.19473130
1-methyl-pyrrolidine,70,0.13477842
1-methyl-pyrrolidine,65,0.09235208
1-methyl-pyrrolidine,60,0.06263733
1-methyl-pyrrolidine,55,0.04204175
1-methyl-pyrrolidine,50,0.02791742
1-methyl-pyrrolidine,45,0.01833541
1-methyl-pyrrolidine,40,0.01190666
1-methyl-pyrrolidine,35,0.00764239
1-methyl-pyrrolidine,30,0.00484680
1-methyl-pyrrolidine,25,0.00303607
n-methyl-2-pyrrolidinone,160,33.01602907
n-methyl-2-pyrrolidinone,155,30.27211827
n-methyl-2-pyrrolidinone,150,27.60099752
n-methyl-2-pyrrolidinone,145,25.01270262
n-methyl-2-pyrrolidinone,140,22.51617312
n-methyl-2-pyrrolidinone,135,20.12195569
n-methyl-2-pyrrolidinone,130,17.83866223
n-methyl-2-pyrrolidinone,125,15.67737561
n-methyl-2-pyrrolidinone,120,13.64784665
n-methyl-2-pyrrolidinone,115,11.75979353
n-methyl-2-pyrrolidinone,110,10.02125339
n-methyl-2-pyrrolidinone,105,8.43917810
n-methyl-2-pyrrolidinone,100,7.01839540
n-methyl-2-pyrrolidinone,95,5.76075248
n-methyl-2-pyrrolidinone,90,4.66480423
n-methyl-2-pyrrolidinone,85,3.72548909
n-methyl-2-pyrrolidinone,80,2.93431306
n-methyl-2-pyrrolidinone,75,2.27954762
n-methyl-2-pyrrolidinone,70,1.74715587
n-methyl-2-pyrrolidinone,65,1.32167102
n-methyl-2-pyrrolidinone,60,0.98722266
n-methyl-2-pyrrolidinone,55,0.72845014
n-methyl-2-pyrrolidinone,50,0.53119454
n-methyl-2-pyrrolidinone,45,0.38292951
n-methyl-2-pyrrolidinone,40,0.27295870
n-methyl-2-pyrrolidinone,35,0.19241673
n-methyl-2-pyrrolidinone,30,0.13414229
n-methyl-2-pyrrolidinone,25,0.09247630
n-methylaniline,160,27.41280835
n-methylaniline,155,24.50077156
n-methylaniline,150,21.70669212
n-methylaniline,145,19.04744848
n-methylaniline,140,16.54022651
n-methylaniline,135,14.20167588
n-methylaniline,130,12.04657685
n-methylaniline,125,10.08738395
n-methylaniline,120,8.33307064
n-methylaniline,115,6.78766925
n-methylaniline,110,5.44985835
n-methylaniline,105,4.31278203
n-methylaniline,100,3.36416291
n-methylaniline,95,2.58741727
n-methylaniline,90,1.96292443
n-methylaniline,85,1.46958802
n-methylaniline,80,1.08631214
n-methylaniline,75,0.79318832
n-methylaniline,70,0.57229699
n-methylaniline,65,0.40813819
n-methylaniline,60,0.28774077
n-methylaniline,55,0.20055007
n-methylaniline,50,0.13817941
n-methylaniline,45,0.09410045
n-methylaniline,40,0.06332240
n-methylaniline,35,0.04209157
n-methylaniline,30,0.02762665
n-methylaniline,25,0.01789581
n-butyl-2-pyrrolidinone,160,18.37539309
n-butyl-2-pyrrolidinone,155,15.89815883
n-butyl-2-pyrrolidinone,150,13.61743161
n-butyl-2-pyrrolidinone,145,11.54158495
n-butyl-2-pyrrolidinone,140,9.67525847
n-butyl-2-pyrrolidinone,135,8.01912181
n-butyl-2-pyrrolidinone,130,6.57000598
n-butyl-2-pyrrolidinone,125,5.32020717
n-butyl-2-pyrrolidinone,120,4.25815751
n-butyl-2-pyrrolidinone,115,3.36902731
n-butyl-2-pyrrolidinone,110,2.63557485
n-butyl-2-pyrrolidinone,105,2.03918863
n-butyl-2-pyrrolidinone,100,1.56093723
n-butyl-2-pyrrolidinone,95,1.18248269
n-butyl-2-pyrrolidinone,90,0.88676013
n-butyl-2-pyrrolidinone,85,0.65844293
n-butyl-2-pyrrolidinone,80,0.48417467
n-butyl-2-pyrrolidinone,75,0.35261277
n-butyl-2-pyrrolidinone,70,0.25434023
n-butyl-2-pyrrolidinone,65,0.18169019
n-butyl-2-pyrrolidinone,60,0.12852766
n-butyl-2-pyrrolidinone,55,0.09001875
n-butyl-2-pyrrolidinone,50,0.06240772
n-butyl-2-pyrrolidinone,45,0.04281422
n-butyl-2-pyrrolidinone,40,0.02905604
n-butyl-2-pyrrolidinone,35,0.01949928
n-butyl-2-pyrrolidinone,30,0.01293455
n-butyl-2-pyrrolidinone,25,0.00847684
amylpropionate,160,6.74387973
amylpropionate,155,5.32030179
amylpropionate,150,4.15889572
amylpropionate,145,3.22237999
amylpropionate,140,2.47540099
amylpropionate,135,1.88567706
amylpropionate,130,1.42460563
amylpropionate,125,1.06745840
amylpropionate,120,0.79329113
amylpropionate,115,0.58467009
amylpropionate,110,0.42730153
amylpropionate,105,0.30962174
amylpropionate,100,0.22238808
amylpropionate,95,0.15829506
amylpropionate,90,0.11162882
amylpropionate,85,0.07796529
amylpropionate,80,0.05391274
amylpropionate,75,0.03689630
amylpropionate,70,0.02498035
amylpropionate,65,0.01672434
amylpropionate,60,0.01106704
amylpropionate,55,0.00723486
amylpropionate,50,0.00466997
amylpropionate,45,0.00297468
amylpropionate,40,0.00186873
amylpropionate,35,0.00115707
amylpropionate,30,0.00070564
amylpropionate,25,0.00042355
n-propylacetate,160,21.05159172
n-propylacetate,155,18.02112182
n-propylacetate,150,15.22825775
n-propylacetate,145,12.69524676
n-propylacetate,140,10.43693620
n-propylacetate,135,8.45973439
n-propylacetate,130,6.76058750
n-propylacetate,125,5.32770702
n-propylacetate,120,4.14169899
n-propylacetate,115,3.17761085
n-propylacetate,110,2.40731360
n-propylacetate,105,1.80178160
n-propylacetate,100,1.33295443
n-propylacetate,95,0.97508958
n-propylacetate,90,0.70553347
n-propylacetate,85,0.50502870
n-propylacetate,80,0.35766322
n-propylacetate,75,0.25060075
n-propylacetate,70,0.17369596
n-propylacetate,65,0.11907185
n-propylacetate,60,0.08070878
n-propylacetate,55,0.05407244
n-propylacetate,50,0.03579311
n-propylacetate,45,0.02339872
n-propylacetate,40,0.01509844
n-propylacetate,35,0.00961117
n-propylacetate,30,0.00603198
n-propylacetate,25,0.00372990
propylnitrate,160,17.26797110
propylnitrate,155,14.33308141
propylnitrate,150,11.71461829
propylnitrate,145,9.42631333
propylnitrate,140,7.46859036
propylnitrate,135,5.82880259
propylnitrate,130,4.48333446
propylnitrate,125,3.40083112
propylnitrate,120,2.54579246
propylnitrate,115,1.88185438
propylnitrate,110,1.37437299
propylnitrate,105,0.99209873
propylnitrate,100,0.70803464
propylnitrate,95,0.49964622
propylnitrate,90,0.34864522
propylnitrate,85,0.24053206
propylnitrate,80,0.16403715
propylnitrate,75,0.11055167
propylnitrate,70,0.07360085
propylnitrate,65,0.04838449
propylnitrate,60,0.03139208
propylnitrate,55,0.02009023
propylnitrate,50,0.01267471
propylnitrate,45,0.00787761
propylnitrate,40,0.00481999
propylnitrate,35,0.00290109
propylnitrate,30,0.00171627
propylnitrate,25,0.00099710
propylpropionate,160,14.38637884
propylpropionate,155,11.87479608
propylpropionate,150,9.67628492
propylpropionate,145,7.78502117
propylpropionate,140,6.18579310
propylpropionate,135,4.85599968
propylpropionate,130,3.76788161
propylpropionate,125,2.89099782
propylpropionate,120,2.19440262
propylpropionate,115,1.64841422
propylpropionate,110,1.22582981
propylpropionate,105,0.90261620
propylpropionate,100,0.65817680
propylpropionate,95,0.47530057
propylpropionate,90,0.33991069
propylpropionate,85,0.24070424
propylpropionate,80,0.16875144
propylpropionate,75,0.11709865
propylpropionate,70,0.08040239
propylpropionate,65,0.05460708
propylpropionate,60,0.03667096
propylpropionate,55,0.02433887
propylpropionate,50,0.01595796
propylpropionate,45,0.01033069
propylpropionate,40,0.00659956
propylpropionate,35,0.00415792
propylpropionate,30,0.00258187
propylpropionate,25,0.00157904
tetradecane,160,0.12001972
tetradecane,155,0.08678629
tetradecane,150,0.06226067
tetradecane,145,0.04429694
tetradecane,140,0.03124378
tetradecane,135,0.02183807
tetradecane,130,0.01512004
tetradecane,125,0.01036578
tetradecane,120,0.00703361
tetradecane,115,0.00472162
tetradecane,110,0.00313430
tetradecane,105,0.00205646
tetradecane,100,0.00133294
tetradecane,95,0.00085307
tetradecane,90,0.00053876
tetradecane,85,0.00033558
tetradecane,80,0.00020602
tetradecane,75,0.00012458
tetradecane,70,0.00007415
tetradecane,65,0.00004341
tetradecane,60,0.00002498
tetradecane,55,0.00001411
tetradecane,50,0.00000782
tetradecane,45,0.00000425
tetradecane,40,0.00000226
tetradecane,35,0.00000118
tetradecane,30,0.00000060
tetradecane,25,0.00000030
naphthalene,160,17.66602175
naphthalene,155,15.04082899
naphthalene,150,12.64929891
naphthalene,145,10.50237179
naphthalene,140,8.60541717
naphthalene,135,6.95709427
naphthalene,130,5.54925511
naphthalene,125,4.36765271
naphthalene,120,3.39298518
naphthalene,115,2.60248959
naphthalene,110,1.97169954
naphthalene,105,1.47607586
naphthalene,100,1.09230620
naphthalene,95,0.79922467
naphthalene,90,0.57831305
naphthalene,85,0.41387143
naphthalene,80,0.29293543
naphthalene,75,0.20503908
naphthalene,70,0.14189776
naphthalene,65,0.09706642
naphthalene,60,0.06560930
naphthalene,55,0.04380096
naphthalene,50,0.02886790
naphthalene,45,0.01877266
naphthalene,40,0.01203808
naphthalene,35,0.00760721
naphthalene,30,0.00473395
naphthalene,25,0.00289881
nicotine,160,14.00399354
nicotine,155,11.82555147
nicotine,150,9.87403762
nicotine,145,8.14933743
nicotine,140,6.64668690
nicotine,135,5.35666376
nicotine,130,4.26581809
nicotine,125,3.35729301
nicotine,120,2.61185403
nicotine,115,2.00908902
nicotine,110,1.52849503
nicotine,105,1.15043311
nicotine,100,0.85682118
nicotine,95,0.63157336
nicotine,90,0.46079063
nicotine,85,0.33276544
nicotine,80,0.23784968
nicotine,75,0.16824398
nicotine,70,0.11775018
nicotine,65,0.08151791
nicotine,60,0.05580491
nicotine,55,0.03776191
nicotine,50,0.02524699
nicotine,45,0.01666979
nicotine,40,0.01086389
nicotine,35,0.00698433
nicotine,30,0.00442668
nicotine,25,0.00276411
nitricacid,160,100.00000000
nitricacid,155,100.00000000
nitricacid,150,100.00000000
nitricacid,145,100.00000000
nitricacid,140,100.00000000
nitricacid,135,100.00000000
nitricacid,130,100.00000000
nitricacid,125,100.00000000
nitricacid,120,100.00000000
nitricacid,115,100.00000000
nitricacid,110,100.00000000
nitricacid,105,100.00000000
nitricacid,100,100.00000000
nitricacid,95,100.00000000
nitricacid,90,100.00000000
nitricacid,85,100.00000000
nitricacid,80,100.00000000
nitricacid,75,100.00000000
nitricacid,70,100.00000000
nitricacid,65,100.00000000
nitricacid,60,100.00000000
nitricacid,55,100.00000000
nitricacid,50,100.00000000
nitricacid,45,100.00000000
nitricacid,40,100.00000000
nitricacid,35,100.00000000
nitricacid,30,100.00000000
nitricacid,25,100.00000000
nitrobenzene,160,14.50122520
nitrobenzene,155,11.95319885
nitrobenzene,150,9.71374292
nitrobenzene,145,7.78264061
nitrobenzene,140,6.14905268
nitrobenzene,135,4.79294673
nitrobenzene,130,3.68747794
nitrobenzene,125,2.80175894
nitrobenzene,120,2.10349737
nitrobenzene,115,1.56125226
nitrobenzene,110,1.14602832
nitrobenzene,105,0.83220996
nitrobenzene,100,0.59794474
nitrobenzene,95,0.42511568
nitrobenzene,90,0.29905693
nitrobenzene,85,0.20813427
nitrobenzene,80,0.14327912
nitrobenzene,75,0.09753187
nitrobenzene,70,0.06562680
nitrobenzene,65,0.04363231
nitrobenzene,60,0.02865007
nitrobenzene,55,0.01856992
nitrobenzene,50,0.01187455
nitrobenzene,45,0.00748656
nitrobenzene,40,0.00465072
nitrobenzene,35,0.00284462
nitrobenzene,30,0.00171185
nitrobenzene,25,0.00101273
nitroethane,160,17.08354401
nitroethane,155,13.49071793
nitroethane,150,10.44175918
nitroethane,145,7.93516348
nitroethane,140,5.93193865
nitroethane,135,4.36973052
nitroethane,130,3.17663277
nitroethane,125,2.28152626
nitroethane,120,1.62024234
nitroethane,115,1.13829777
nitroethane,110,0.79136368
nitroethane,105,0.54448027
nitroethane,100,0.37072555
nitroethane,95,0.24975684
nitroethane,90,0.16644462
nitroethane,85,0.10969167
nitroethane,80,0.07146114
nitroethane,75,0.04600240
nitroethane,70,0.02924897
nitroethane,65,0.01835907
nitroethane,60,0.01137043
nitroethane,55,0.00694467
nitroethane,50,0.00418045
nitroethane,45,0.00247870
nitroethane,40,0.00144669
nitroethane,35,0.00083056
nitroethane,30,0.00046871
nitroethane,25,0.00025980
nitroethene,160,21.22850299
nitroethene,155,17.30378499
nitroethene,150,13.80774053
nitroethene,145,10.79275172
nitroethene,140,8.27363338
nitroethene,135,6.23011117
nitroethene,130,4.61587598
nitroethene,125,3.37013021
nitroethene,120,2.42798485
nitroethene,115,1.72781725
nitroethene,110,1.21540620
nitroethene,105,0.84551689
nitroethene,100,0.58184851
nitroethene,95,0.39611066
nitroethene,90,0.26675532
nitroethene,85,0.17767354
nitroethene,80,0.11701223
nitroethene,75,0.07617186
nitroethene,70,0.04899417
nitroethene,65,0.03112379
nitroethene,60,0.01951785
nitroethene,55,0.01207648
nitroethene,50,0.00736850
nitroethene,45,0.00443092
nitroethene,40,0.00262431
nitroethene,35,0.00152987
nitroethene,30,0.00087723
nitroethene,25,0.00049438
"1,2,3-propanetrioltrinitrate",160,21.52934701
"1,2,3-propanetrioltrinitrate",155,19.76246549
"1,2,3-propanetrioltrinitrate",150,18.09398023
"1,2,3-propanetrioltrinitrate",145,16.52069084
"1,2,3-propanetrioltrinitrate",140,15.03947057
"1,2,3-propanetrioltrinitrate",135,13.64911957
"1,2,3-propanetrioltrinitrate",130,12.34601197
"1,2,3-propanetrioltrinitrate",125,11.12749885
"1,2,3-propanetrioltrinitrate",120,9.99173830
"1,2,3-propanetrioltrinitrate",115,8.93636465
"1,2,3-propanetrioltrinitrate",110,7.95940188
"1,2,3-propanetrioltrinitrate",105,7.05719444
"1,2,3-propanetrioltrinitrate",100,6.22823298
"1,2,3-propanetrioltrinitrate",95,5.46969517
"1,2,3-propanetrioltrinitrate",90,4.77909751
"1,2,3-propanetrioltrinitrate",85,4.15359043
"1,2,3-propanetrioltrinitrate",80,3.59029777
"1,2,3-propanetrioltrinitrate",75,3.08601093
"1,2,3-propanetrioltrinitrate",70,2.63752150
"1,2,3-propanetrioltrinitrate",65,2.24136704
"1,2,3-propanetrioltrinitrate",60,1.89387437
"1,2,3-propanetrioltrinitrate",55,1.59128678
"1,2,3-propanetrioltrinitrate",50,1.32972121
"1,2,3-propanetrioltrinitrate",45,1.10530400
"1,2,3-propanetrioltrinitrate",40,0.91415751
"1,2,3-propanetrioltrinitrate",35,0.75250696
"1,2,3-propanetrioltrinitrate",30,0.61674397
"1,2,3-propanetrioltrinitrate",25,0.50347292
nitromethane,160,3.50365516
nitromethane,155,2.40143391
nitromethane,150,1.64049568
nitromethane,145,1.11533997
nitromethane,140,0.75375560
nitromethane,135,0.50581237
nitromethane,130,0.33673922
nitromethane,125,0.22223046
nitromethane,120,0.14528426
nitromethane,115,0.09403014
nitromethane,110,0.06021418
nitromethane,105,0.03813094
nitromethane,100,0.02386580
nitromethane,95,0.01475610
nitromethane,90,0.00900830
nitromethane,85,0.00542707
nitromethane,80,0.00322486
nitromethane,75,0.00188905
nitromethane,70,0.00109023
nitromethane,65,0.00061956
nitromethane,60,0.00034648
nitromethane,55,0.00019055
nitromethane,50,0.00010299
nitromethane,45,0.00005467
nitromethane,40,0.00002848
nitromethane,35,0.00001455
nitromethane,30,0.00000728
nitromethane,25,0.00000357
nitrosobenzene,160,21.57312329
nitrosobenzene,155,18.56880498
nitrosobenzene,150,15.77699267
nitrosobenzene,145,13.22121955
nitrosobenzene,140,10.92027976
nitrosobenzene,135,8.88576806
nitrosobenzene,130,7.12110678
nitrosobenzene,125,5.62056416
nitrosobenzene,120,4.37006486
nitrosobenzene,115,3.34847304
nitrosobenzene,110,2.52978784
nitrosobenzene,105,1.88559957
nitrosobenzene,100,1.38735266
nitrosobenzene,95,1.00811262
nitrosobenzene,90,0.72374170
nitrosobenzene,85,0.51348010
nitrosobenzene,80,0.36006968
nitrosobenzene,75,0.24956039
nitrosobenzene,70,0.17094016
nitrosobenzene,65,0.11569107
nitrosobenzene,60,0.07734122
nitrosobenzene,55,0.05105169
nitrosobenzene,50,0.03325813
nitrosobenzene,45,0.02137203
nitrosobenzene,40,0.01353939
nitrosobenzene,35,0.00845039
nitrosobenzene,30,0.00519246
nitrosobenzene,25,0.00313874
n-nonane,160,0.28061667
n-nonane,155,0.20292399
n-nonane,150,0.14563349
n-nonane,145,0.10368189
n-nonane,140,0.07319300
n-nonane,135,0.05121240
n-nonane,130,0.03550044
n-nonane,125,0.02437012
n-nonane,120,0.01655982
n-nonane,115,0.01113349
n-nonane,110,0.00740256
n-nonane,105,0.00486515
n-nonane,100,0.00315903
n-nonane,95,0.00202546
n-nonane,90,0.00128163
n-nonane,85,0.00079986
n-nonane,80,0.00049206
n-nonane,75,0.00029818
n-nonane,70,0.00017787
n-nonane,65,0.00010436
n-nonane,60,0.00006019
n-nonane,55,0.00003409
n-nonane,50,0.00001894
n-nonane,45,0.00001032
n-nonane,40,0.00000550
n-nonane,35,0.00000287
n-nonane,30,0.00000146
n-nonane,25,0.00000073
ephedrine,160,10.74760090
ephedrine,155,8.81599139
ephedrine,150,7.14701005
ephedrine,145,5.72676475
ephedrine,140,4.53632070
ephedrine,135,3.55318312
ephedrine,130,2.75280527
ephedrine,125,2.11010753
ephedrine,120,1.60073659
ephedrine,115,1.20203211
ephedrine,110,0.89363279
ephedrine,105,0.65778473
ephedrine,100,0.47939326
ephedrine,95,0.34590161
ephedrine,90,0.24706064
ephedrine,85,0.17464380
ephedrine,80,0.12214699
ephedrine,75,0.08449840
ephedrine,70,0.05779405
ephedrine,65,0.03906590
ephedrine,60,0.02608453
ephedrine,55,0.01719527
ephedrine,50,0.01118475
ephedrine,45,0.00717409
ephedrine,40,0.00453462
ephedrine,35,0.00282254
ephedrine,30,0.00172875
ephedrine,25,0.00104104
o-chlorofluorobenzene,160,18.37187944
o-chlorofluorobenzene,155,15.75875833
o-chlorofluorobenzene,150,13.35893504
o-chlorofluorobenzene,145,11.18422121
o-chlorofluorobenzene,140,9.24236711
o-chlorofluorobenzene,135,7.53568191
o-chlorofluorobenzene,130,6.06077071
o-chlorofluorobenzene,125,4.80811347
o-chlorofluorobenzene,120,3.76291027
o-chlorofluorobenzene,115,2.90602345
o-chlorofluorobenzene,110,2.21547483
o-chlorofluorobenzene,105,1.66807101
o-chlorofluorobenzene,100,1.24088232
o-chlorofluorobenzene,95,0.91239335
o-chlorofluorobenzene,90,0.66329059
o-chlorofluorobenzene,85,0.47685696
o-chlorofluorobenzene,80,0.33906521
o-chlorofluorobenzene,75,0.23844746
o-chlorofluorobenzene,70,0.16583555
o-chlorofluorobenzene,65,0.11404076
o-chlorofluorobenzene,60,0.07752229
o-chlorofluorobenzene,55,0.05207531
o-chlorofluorobenzene,50,0.03455426
o-chlorofluorobenzene,45,0.02263784
o-chlorofluorobenzene,40,0.01463547
o-chlorofluorobenzene,35,0.00933185
o-chlorofluorobenzene,30,0.00586471
o-chlorofluorobenzene,25,0.00363035
o-chlorostyrene,160,13.72590029
o-chlorostyrene,155,11.40405540
o-chlorostyrene,150,9.35668126
o-chlorostyrene,145,7.58038882
o-chlorostyrene,140,6.06457052
o-chlorostyrene,135,4.79221850
o-chlorostyrene,130,3.74138259
o-chlorostyrene,125,2.88697508
o-chlorostyrene,120,2.20260103
o-chlorostyrene,115,1.66213833
o-chlorostyrene,110,1.24100056
o-chlorostyrene,105,0.91696970
o-chlorostyrene,100,0.67063246
o-chlorostyrene,95,0.48550268
o-chlorostyrene,90,0.34791224
o-chlorostyrene,85,0.24676118
o-chlorostyrene,80,0.17319605
o-chlorostyrene,75,0.12026749
o-chlorostyrene,70,0.08259908
o-chlorostyrene,65,0.05608690
o-chlorostyrene,60,0.03763797
o-chlorostyrene,55,0.02494982
o-chlorostyrene,50,0.01632908
o-chlorostyrene,45,0.01054547
o-chlorostyrene,40,0.00671609
o-chlorostyrene,35,0.00421530
o-chlorostyrene,30,0.00260554
o-chlorostyrene,25,0.00158487
1-chloro-2-methylbenzene,160,14.22636395
1-chloro-2-methylbenzene,155,11.75865024
1-chloro-2-methylbenzene,150,9.58961071
1-chloro-2-methylbenzene,145,7.71678765
1-chloro-2-methylbenzene,140,6.12843506
1-chloro-2-methylbenzene,135,4.80487893
1-chloro-2-methylbenzene,130,3.72062704
1-chloro-2-methylbenzene,125,2.84676480
1-chloro-2-methylbenzene,120,2.15320091
1-chloro-2-methylbenzene,115,1.61060960
1-chloro-2-methylbenzene,110,1.19182352
1-chloro-2-methylbenzene,105,0.87267504
1-chloro-2-methylbenzene,100,0.63237233
1-chloro-2-methylbenzene,95,0.45351459
1-chloro-2-methylbenzene,90,0.32187405
1-chloro-2-methylbenzene,85,0.22604656
1-chloro-2-methylbenzene,80,0.15704883
1-chloro-2-methylbenzene,75,0.10791296
1-chloro-2-methylbenzene,70,0.07331025
1-chloro-2-methylbenzene,65,0.04921906
1-chloro-2-methylbenzene,60,0.03264238
1-chloro-2-methylbenzene,55,0.02137426
1-chloro-2-methylbenzene,50,0.01381088
1-chloro-2-methylbenzene,45,0.00880059
1-chloro-2-methylbenzene,40,0.00552691
1-chloro-2-methylbenzene,35,0.00341845
1-chloro-2-methylbenzene,30,0.00208080
1-chloro-2-methylbenzene,25,0.00124548
"1,2-dichlorobenzene",160,12.72731304
"1,2-dichlorobenzene",155,10.52570082
"1,2-dichlorobenzene",150,8.59650206
"1,2-dichlorobenzene",145,6.93319967
"1,2-dichlorobenzene",140,5.52254109
"1,2-dichlorobenzene",135,4.34554939
"1,2-dichlorobenzene",130,3.37906670
"1,2-dichlorobenzene",125,2.59754028
"1,2-dichlorobenzene",120,1.97475591
"1,2-dichlorobenzene",115,1.48528115
"1,2-dichlorobenzene",110,1.10556167
"1,2-dichlorobenzene",105,0.81458726
"1,2-dichlorobenzene",100,0.59420721
"1,2-dichlorobenzene",95,0.42915242
"1,2-dichlorobenzene",90,0.30686661
"1,2-dichlorobenzene",85,0.21722457
"1,2-dichlorobenzene",80,0.15220004
"1,2-dichlorobenzene",75,0.10552711
"1,2-dichlorobenzene",70,0.07238155
"1,2-dichlorobenzene",65,0.04909690
"1,2-dichlorobenzene",60,0.03292068
"1,2-dichlorobenzene",55,0.02181112
"1,2-dichlorobenzene",50,0.01427147
"1,2-dichlorobenzene",45,0.00921741
"1,2-dichlorobenzene",40,0.00587284
"1,2-dichlorobenzene",35,0.00368907
"1,2-dichlorobenzene",30,0.00228310
"1,2-dichlorobenzene",25,0.00139112
o-difluorobenzene,160,21.69801021
o-difluorobenzene,155,18.82519451
o-difluorobenzene,150,16.14286433
o-difluorobenzene,145,13.66985129
o-difluorobenzene,140,11.42264168
o-difluorobenzene,135,9.41255377
o-difluorobenzene,130,7.64500436
o-difluorobenzene,125,6.11887204
o-difluorobenzene,120,4.82575825
o-difluorobenzene,115,3.75093191
o-difluorobenzene,110,2.87438414
o-difluorobenzene,105,2.17262187
o-difluorobenzene,100,1.62062244
o-difluorobenzene,95,1.19360395
o-difluorobenzene,90,0.86838924
o-difluorobenzene,85,0.62430855
o-difluorobenzene,80,0.44362856
o-difluorobenzene,75,0.31162205
o-difluorobenzene,70,0.21638511
o-difluorobenzene,65,0.14851542
o-difluorobenzene,60,0.10073300
o-difluorobenzene,55,0.06749951
o-difluorobenzene,50,0.04466795
o-difluorobenzene,45,0.02917863
o-difluorobenzene,40,0.01880554
o-difluorobenzene,35,0.01195118
o-difluorobenzene,30,0.00748456
o-difluorobenzene,25,0.00461588
2-methoxyphenol,160,17.45004426
2-methoxyphenol,155,14.84117905
2-methoxyphenol,150,12.47557745
2-methoxyphenol,145,10.36125852
2-methoxyphenol,140,8.50033182
2-methoxyphenol,135,6.88809882
2-methoxyphenol,130,5.51365075
2-methoxyphenol,125,4.36066825
2-methoxyphenol,120,3.40866298
2-methoxyphenol,115,2.63453481
2-methoxyphenol,110,2.01416830
2-methoxyphenol,105,1.52384109
2-methoxyphenol,100,1.14129164
2-methoxyphenol,95,0.84644657
2-methoxyphenol,90,0.62179582
2-methoxyphenol,85,0.45248449
2-methoxyphenol,80,0.32620675
2-methoxyphenol,75,0.23297300
2-methoxyphenol,70,0.16481559
2-methoxyphenol,65,0.11547732
2-methoxyphenol,60,0.08011202
2-methoxyphenol,55,0.05501379
2-methoxyphenol,50,0.03738208
2-methoxyphenol,45,0.02512433
2-methoxyphenol,40,0.01669406
2-methoxyphenol,35,0.01096073
2-methoxyphenol,30,0.00710685
2-methoxyphenol,25,0.00454777
octadecane,160,0.08080956
octadecane,155,0.05841753
octadecane,150,0.04189302
octadecane,145,0.02979198
octadecane,140,0.02100174
octadecane,135,0.01467050
octadecane,130,0.01015078
octadecane,125,0.00695416
octadecane,120,0.00471518
octadecane,115,0.00316280
octadecane,110,0.00209781
octadecane,105,0.00137523
octadecane,100,0.00089060
octadecane,95,0.00056945
octadecane,90,0.00035930
octadecane,85,0.00022358
octadecane,80,0.00013712
octadecane,75,0.00008283
octadecane,70,0.00004925
octadecane,65,0.00002880
octadecane,60,0.00001655
octadecane,55,0.00000934
octadecane,50,0.00000517
octadecane,45,0.00000281
octadecane,40,0.00000149
octadecane,35,0.00000077
octadecane,30,0.00000039
octadecane,25,0.00000019
octamethylcyclotetrasiloxane,160,0.61135993
octamethylcyclotetrasiloxane,155,0.46164647
octamethylcyclotetrasiloxane,150,0.34651076
octamethylcyclotetrasiloxane,145,0.25843781
octamethylcyclotetrasiloxane,140,0.19145649
octamethylcyclotetrasiloxane,135,0.14083302
octamethylcyclotetrasiloxane,130,0.10282685
octamethylcyclotetrasiloxane,125,0.07449432
octamethylcyclotetrasiloxane,120,0.05353035
octamethylcyclotetrasiloxane,115,0.03813996
octamethylcyclotetrasiloxane,110,0.02693412
octamethylcyclotetrasiloxane,105,0.01884525
octamethylcyclotetrasiloxane,100,0.01305888
octamethylcyclotetrasiloxane,95,0.00895851
octamethylcyclotetrasiloxane,90,0.00608143
octamethylcyclotetrasiloxane,85,0.00408339
octamethylcyclotetrasiloxane,80,0.00271066
octamethylcyclotetrasiloxane,75,0.00177809
octamethylcyclotetrasiloxane,70,0.00115194
octamethylcyclotetrasiloxane,65,0.00073665
octamethylcyclotetrasiloxane,60,0.00046473
octamethylcyclotetrasiloxane,55,0.00028905
octamethylcyclotetrasiloxane,50,0.00017713
octamethylcyclotetrasiloxane,45,0.00010687
octamethylcyclotetrasiloxane,40,0.00006344
octamethylcyclotetrasiloxane,35,0.00003702
octamethylcyclotetrasiloxane,30,0.00002122
octamethylcyclotetrasiloxane,25,0.00001194
octane,160,0.37479579
octane,155,0.27108065
octane,150,0.19461817
octane,145,0.13862518
octane,140,0.09792100
octane,135,0.06856312
octane,130,0.04756576
octane,125,0.03268097
octane,120,0.02222786
octane,115,0.01495903
octane,110,0.00995652
octane,105,0.00655085
octane,100,0.00425847
octane,95,0.00273365
octane,90,0.00173191
octane,85,0.00108229
octane,80,0.00066670
octane,75,0.00040457
octane,70,0.00024168
octane,65,0.00014203
octane,60,0.00008204
octane,55,0.00004654
octane,50,0.00002591
octane,45,0.00001414
octane,40,0.00000756
octane,35,0.00000395
octane,30,0.00000202
octane,25,0.00000101
caprylicacid,160,4.07529109
caprylicacid,155,3.07589600
caprylicacid,150,2.30076045
caprylicacid,145,1.70574759
caprylicacid,140,1.25346386
caprylicacid,135,0.91292351
caprylicacid,130,0.65890594
caprylicacid,125,0.47118876
caprylicacid,120,0.33376822
caprylicacid,115,0.23412800
caprylicacid,110,0.16258726
caprylicacid,105,0.11173768
caprylicacid,100,0.07596935
caprylicacid,95,0.05107868
caprylicacid,90,0.03394940
caprylicacid,85,0.02229648
caprylicacid,80,0.01446323
caprylicacid,75,0.00926238
caprylicacid,70,0.00585334
caprylicacid,65,0.00364833
caprylicacid,60,0.00224164
caprylicacid,55,0.00135701
caprylicacid,50,0.00080889
caprylicacid,45,0.00047449
caprylicacid,40,0.00027372
caprylicacid,35,0.00015517
caprylicacid,30,0.00008639
caprylicacid,25,0.00004719
aceticacidoctylester,160,3.87974511
aceticacidoctylester,155,3.01277578
aceticacidoctylester,150,2.32257928
aceticacidoctylester,145,1.77758701
aceticacidoctylester,140,1.35064145
aceticacidoctylester,135,1.01875391
aceticacidoctylester,130,0.76272999
aceticacidoctylester,125,0.56673533
aceticacidoctylester,120,0.41784798
aceticacidoctylester,115,0.30562717
aceticacidoctylester,110,0.22171543
aceticacidoctylester,105,0.15948257
aceticacidoctylester,100,0.11371455
aceticacidoctylester,95,0.08034629
aceticacidoctylester,90,0.05623592
aceticacidoctylester,85,0.03897630
aceticacidoctylester,80,0.02673971
aceticacidoctylester,75,0.01815104
aceticacidoctylester,70,0.01218551
aceticacidoctylester,65,0.00808685
aceticacidoctylester,60,0.00530266
aceticacidoctylester,55,0.00343367
aceticacidoctylester,50,0.00219448
aceticacidoctylester,45,0.00138342
aceticacidoctylester,40,0.00085972
aceticacidoctylester,35,0.00052631
aceticacidoctylester,30,0.00031719
aceticacidoctylester,25,0.00018803
cis-9-octadecenoicacid,160,1.27040626
cis-9-octadecenoicacid,155,0.96840129
cis-9-octadecenoicacid,150,0.73321590
cis-9-octadecenoicacid,145,0.55124650
cis-9-octadecenoicacid,140,0.41140010
cis-9-octadecenoicacid,135,0.30468304
cis-9-octadecenoicacid,130,0.22384712
cis-9-octadecenoicacid,125,0.16308777
cis-9-octadecenoicacid,120,0.11778725
cis-9-octadecenoicacid,115,0.08429759
cis-9-octadecenoicacid,110,0.05975819
cis-9-octadecenoicacid,105,0.04194330
cis-9-octadecenoicacid,100,0.02913531
cis-9-octadecenoicacid,95,0.02002022
cis-9-octadecenoicacid,90,0.01360195
cis-9-octadecenoicacid,85,0.00913266
cis-9-octadecenoicacid,80,0.00605659
cis-9-octadecenoicacid,75,0.00396509
cis-9-octadecenoicacid,70,0.00256106
cis-9-octadecenoicacid,65,0.00163103
cis-9-octadecenoicacid,60,0.00102353
cis-9-octadecenoicacid,55,0.00063248
cis-9-octadecenoicacid,50,0.00038458
cis-9-octadecenoicacid,45,0.00022993
cis-9-octadecenoicacid,40,0.00013506
cis-9-octadecenoicacid,35,0.00007787
cis-9-octadecenoicacid,30,0.00004404
cis-9-octadecenoicacid,25,0.00002440
oleyl-alcohol,160,0.73718187
oleyl-alcohol,155,0.54934055
oleyl-alcohol,150,0.40616108
oleyl-alcohol,145,0.29782262
oleyl-alcohol,140,0.21648638
oleyl-alcohol,135,0.15592843
oleyl-alcohol,130,0.11123643
oleyl-alcohol,125,0.07855939
oleyl-alcohol,120,0.05490065
oleyl-alcohol,115,0.03794734
oleyl-alcohol,110,0.02592999
oleyl-alcohol,105,0.01750776
oleyl-alcohol,100,0.01167489
oleyl-alcohol,95,0.00768515
oleyl-alcohol,90,0.00499126
oleyl-alcohol,85,0.00319671
oleyl-alcohol,80,0.00201792
oleyl-alcohol,75,0.00125481
oleyl-alcohol,70,0.00076823
oleyl-alcohol,65,0.00046281
oleyl-alcohol,60,0.00027418
oleyl-alcohol,55,0.00015965
oleyl-alcohol,50,0.00009130
oleyl-alcohol,45,0.00005125
oleyl-alcohol,40,0.00002822
oleyl-alcohol,35,0.00001522
oleyl-alcohol,30,0.00000804
oleyl-alcohol,25,0.00000416
hexamethyldisiloxane,160,0.94262642
hexamethyldisiloxane,155,0.70423537
hexamethyldisiloxane,150,0.52297070
hexamethyldisiloxane,145,0.38585758
hexamethyldisiloxane,140,0.28273856
hexamethyldisiloxane,135,0.20567243
hexamethyldisiloxane,130,0.14846670
hexamethyldisiloxane,125,0.10631022
hexamethyldisiloxane,120,0.07548233
hexamethyldisiloxane,115,0.05312145
hexamethyldisiloxane,110,0.03704042
hexamethyldisiloxane,105,0.02557917
hexamethyldisiloxane,100,0.01748715
hexamethyldisiloxane,95,0.01183000
hexamethyldisiloxane,90,0.00791565
hexamethyldisiloxane,85,0.00523624
hexamethyldisiloxane,80,0.00342270
hexamethyldisiloxane,75,0.00220957
hexamethyldisiloxane,70,0.00140798
hexamethyldisiloxane,65,0.00088509
hexamethyldisiloxane,60,0.00054855
hexamethyldisiloxane,55,0.00033496
hexamethyldisiloxane,50,0.00020139
hexamethyldisiloxane,45,0.00011913
hexamethyldisiloxane,40,0.00006928
hexamethyldisiloxane,35,0.00003958
hexamethyldisiloxane,30,0.00002219
hexamethyldisiloxane,25,0.00001220
octamethyltrisiloxane,160,1.04626030
octamethyltrisiloxane,155,0.79509232
octamethyltrisiloxane,150,0.60067676
octamethyltrisiloxane,145,0.45099009
octamethyltrisiloxane,140,0.33639995
octamethyltrisiloxane,135,0.24921184
octamethyltrisiloxane,130,0.18330168
octamethyltrisiloxane,125,0.13381649
octamethyltrisiloxane,120,0.09692965
octamethyltrisiloxane,115,0.06964068
octamethyltrisiloxane,110,0.04961132
octamethyltrisiloxane,105,0.03503138
octamethyltrisiloxane,100,0.02450949
octamethyltrisiloxane,95,0.01698431
octamethyltrisiloxane,90,0.01165271
octamethyltrisiloxane,85,0.00791212
octamethyltrisiloxane,80,0.00531445
octamethyltrisiloxane,75,0.00352961
octamethyltrisiloxane,70,0.00231682
octamethyltrisiloxane,65,0.00150223
octamethyltrisiloxane,60,0.00096168
octamethyltrisiloxane,55,0.00060749
octamethyltrisiloxane,50,0.00037844
octamethyltrisiloxane,45,0.00023235
octamethyltrisiloxane,40,0.00014050
octamethyltrisiloxane,35,0.00008362
octamethyltrisiloxane,30,0.00004895
octamethyltrisiloxane,25,0.00002816
decamethyltetrasiloxane,160,0.63054360
decamethyltetrasiloxane,155,0.47805876
decamethyltetrasiloxane,150,0.36028270
decamethyltetrasiloxane,145,0.26980769
decamethyltetrasiloxane,140,0.20071045
decamethyltetrasiloxane,135,0.14826818
decamethyltetrasiloxane,130,0.10872919
decamethyltetrasiloxane,125,0.07912643
decamethyltetrasiloxane,120,0.05712536
decamethyltetrasiloxane,115,0.04089972
decamethyltetrasiloxane,110,0.02902975
decamethyltetrasiloxane,105,0.02041930
decamethyltetrasiloxane,100,0.01422820
decamethyltetrasiloxane,95,0.00981750
decamethyltetrasiloxane,90,0.00670528
decamethyltetrasiloxane,85,0.00453120
decamethyltetrasiloxane,80,0.00302827
decamethyltetrasiloxane,75,0.00200059
decamethyltetrasiloxane,70,0.00130583
decamethyltetrasiloxane,65,0.00084170
decamethyltetrasiloxane,60,0.00053546
decamethyltetrasiloxane,55,0.00033601
decamethyltetrasiloxane,50,0.00020785
decamethyltetrasiloxane,45,0.00012666
decamethyltetrasiloxane,40,0.00007599
decamethyltetrasiloxane,35,0.00004485
decamethyltetrasiloxane,30,0.00002602
decamethyltetrasiloxane,25,0.00001483
oxalicacid,160,17.48978811
oxalicacid,155,15.34166713
oxalicacid,150,13.44980235
oxalicacid,145,11.78919152
oxalicacid,140,10.33594530
oxalicacid,135,9.06774301
oxalicacid,130,7.96413302
oxalicacid,125,7.00639820
oxalicacid,120,6.17763538
oxalicacid,115,5.46263768
oxalicacid,110,4.84781743
oxalicacid,105,4.32102102
oxalicacid,100,3.87157827
oxalicacid,95,3.49010629
oxalicacid,90,3.16845910
oxalicacid,85,2.89965354
oxalicacid,80,2.67780435
oxalicacid,75,2.49807059
oxalicacid,70,2.35661621
oxalicacid,65,2.25058813
oxalicacid,60,2.17811575
oxalicacid,55,2.13833518
oxalicacid,50,2.13144091
oxalicacid,45,2.15874517
oxalicacid,40,2.22283300
oxalicacid,35,2.32760768
oxalicacid,30,2.47840780
oxalicacid,25,2.68192017
oxalylchloride,160,16.49642868
oxalylchloride,155,13.86675367
oxalylchloride,150,11.49684455
oxalylchloride,145,9.39697324
oxalylchloride,140,7.56984547
oxalylchloride,135,6.00964954
oxalylchloride,130,4.70273712
oxalylchloride,125,3.62867522
oxalylchloride,120,2.76218955
oxalylchloride,115,2.07542760
oxalylchloride,110,1.54011494
oxalylchloride,105,1.12929821
oxalylchloride,100,0.81856629
oxalylchloride,95,0.58670383
oxalylchloride,90,0.41589365
oxalylchloride,85,0.29158902
oxalylchloride,80,0.20219252
oxalylchloride,75,0.13864378
oxalylchloride,70,0.09398866
oxalylchloride,65,0.06297308
oxalylchloride,60,0.04168441
oxalylchloride,55,0.02724833
oxalylchloride,50,0.01758073
oxalylchloride,45,0.01118988
oxalylchloride,40,0.00702172
oxalylchloride,35,0.00434118
oxalylchloride,30,0.00264248
oxalylchloride,25,0.00158243
oxetane,160,49.12898395
oxetane,155,46.31706573
oxetane,150,43.48320340
oxetane,145,40.63568139
oxetane,140,37.78401608
oxetane,135,34.93534488
oxetane,130,32.10134225
oxetane,125,29.29287810
oxetane,120,26.52531636
oxetane,115,23.81087697
oxetane,110,21.16867813
oxetane,105,18.61724613
oxetane,100,16.17654261
oxetane,95,13.86714319
oxetane,90,11.71182123
oxetane,85,9.73104419
oxetane,80,7.94345890
oxetane,75,6.36292378
oxetane,70,4.99714425
oxetane,65,3.84588249
oxetane,60,2.90051504
oxetane,55,2.14454586
oxetane,50,1.55565790
oxetane,45,1.10824864
oxetane,40,0.77616294
oxetane,35,0.53490894
oxetane,30,0.36304661
oxetane,25,0.24280182
o3,160,100.00000000
o3,155,100.00000000
o3,150,100.00000000
o3,145,100.00000000
o3,140,100.00000000
o3,135,100.00000000
o3,130,100.00000000
o3,125,100.00000000
o3,120,100.00000000
o3,115,100.00000000
o3,110,100.00000000
o3,105,100.00000000
o3,100,100.00000000
o3,95,100.00000000
o3,90,100.00000000
o3,85,100.00000000
o3,80,100.00000000
o3,75,100.00000000
o3,70,100.00000000
o3,65,100.00000000
o3,60,100.00000000
o3,55,100.00000000
o3,50,100.00000000
o3,45,100.00000000
o3,40,100.00000000
o3,35,100.00000000
o3,30,100.00000000
o3,25,100.00000000
p-anisidine,160,15.49110247
p-anisidine,155,12.90205895
p-anisidine,150,10.60122617
p-anisidine,145,8.59234456
p-anisidine,140,6.86996991
p-anisidine,135,5.41987454
p-anisidine,130,4.22060970
p-anisidine,125,3.24571130
p-anisidine,120,2.46608050
p-anisidine,115,1.85213387
p-anisidine,110,1.37558139
p-anisidine,105,1.01063641
p-anisidine,100,0.73468629
p-anisidine,95,0.52852722
p-anisidine,90,0.37627765
p-anisidine,85,0.26509550
p-anisidine,80,0.18479486
p-anisidine,75,0.12743229
p-anisidine,70,0.08690621
p-anisidine,65,0.05859464
p-anisidine,60,0.03904198
p-anisidine,55,0.02569702
p-anisidine,50,0.01669942
p-anisidine,45,0.01070928
p-anisidine,40,0.00677349
p-anisidine,35,0.00422275
p-anisidine,30,0.00259313
p-anisidine,25,0.00156748
4-bromobenzonitrile,160,12.58639692
4-bromobenzonitrile,155,10.53654259
4-bromobenzonitrile,150,8.71172766
4-bromobenzonitrile,145,7.11142617
4-bromobenzonitrile,140,5.72995928
4-bromobenzonitrile,135,4.55685740
4-bromobenzonitrile,130,3.57725812
4-bromobenzonitrile,125,2.77278783
4-bromobenzonitrile,120,2.12282529
4-bromobenzonitrile,115,1.60587360
4-bromobenzonitrile,110,1.20081297
4-bromobenzonitrile,105,0.88787833
4-bromobenzonitrile,100,0.64932484
4-bromobenzonitrile,95,0.46976216
4-bromobenzonitrile,90,0.33623070
4-bromobenzonitrile,85,0.23808632
4-bromobenzonitrile,80,0.16677252
4-bromobenzonitrile,75,0.11553842
4-bromobenzonitrile,70,0.07914555
4-bromobenzonitrile,65,0.05358972
4-bromobenzonitrile,60,0.03585267
4-bromobenzonitrile,55,0.02368928
4-bromobenzonitrile,50,0.01545096
4-bromobenzonitrile,45,0.00994246
4-bromobenzonitrile,40,0.00630821
4-bromobenzonitrile,35,0.00394378
4-bromobenzonitrile,30,0.00242779
4-bromobenzonitrile,25,0.00147055
4-bromonitrobenzene,160,7.88375480
4-bromonitrobenzene,155,6.35894226
4-bromonitrobenzene,150,5.07220591
4-bromonitrobenzene,145,4.00200372
4-bromonitrobenzene,140,3.12434865
4-bromonitrobenzene,135,2.41427857
4-bromonitrobenzene,130,1.84714190
4-bromonitrobenzene,125,1.39965605
4-bromonitrobenzene,120,1.05063057
4-bromonitrobenzene,115,0.78136883
4-bromonitrobenzene,110,0.57580838
4-bromonitrobenzene,105,0.42045799
4-bromonitrobenzene,100,0.30420508
4-bromonitrobenzene,95,0.21805081
4-bromonitrobenzene,90,0.15481692
4-bromonitrobenzene,85,0.10885466
4-bromonitrobenzene,80,0.07577401
4-bromonitrobenzene,75,0.05220296
4-bromonitrobenzene,70,0.03558032
4-bromonitrobenzene,65,0.02398201
4-bromonitrobenzene,60,0.01597813
4-bromonitrobenzene,55,0.01051765
4-bromonitrobenzene,50,0.00683651
4-bromonitrobenzene,45,0.00438558
4-bromonitrobenzene,40,0.00277480
4-bromonitrobenzene,35,0.00173049
4-bromonitrobenzene,30,0.00106300
4-bromonitrobenzene,25,0.00064270
1-bromo-4-methylbenzene,160,12.65382547
1-bromo-4-methylbenzene,155,10.59441456
1-bromo-4-methylbenzene,150,8.76639618
1-bromo-4-methylbenzene,145,7.16681028
1-bromo-4-methylbenzene,140,5.78784954
1-bromo-4-methylbenzene,135,4.61726530
1-bromo-4-methylbenzene,130,3.63900450
1-bromo-4-methylbenzene,125,2.83403445
1-bromo-4-methylbenzene,120,2.18163168
1-bromo-4-methylbenzene,115,1.66055483
1-bromo-4-methylbenzene,110,1.25014623
1-bromo-4-methylbenzene,105,0.93116595
1-bromo-4-methylbenzene,100,0.68635535
1-bromo-4-methylbenzene,95,0.50071411
1-bromo-4-methylbenzene,90,0.36155755
1-bromo-4-methylbenzene,85,0.25840658
1-bromo-4-methylbenzene,80,0.18277853
1-bromo-4-methylbenzene,75,0.12792832
1-bromo-4-methylbenzene,70,0.08857730
1-bromo-4-methylbenzene,65,0.06065402
1-bromo-4-methylbenzene,60,0.04106010
1-bromo-4-methylbenzene,55,0.02746772
1-bromo-4-methylbenzene,50,0.01814948
1-bromo-4-methylbenzene,45,0.01183916
1-bromo-4-methylbenzene,40,0.00761989
1-bromo-4-methylbenzene,35,0.00483596
1-bromo-4-methylbenzene,30,0.00302439
1-bromo-4-methylbenzene,25,0.00186255
1-(4-chlorophenyl)ethanone,160,11.69396456
1-(4-chlorophenyl)ethanone,155,9.61377106
1-(4-chlorophenyl)ethanone,150,7.80587076
1-(4-chlorophenyl)ethanone,145,6.25988196
1-(4-chlorophenyl)ethanone,140,4.95915233
1-(4-chlorophenyl)ethanone,135,3.88210886
1-(4-chlorophenyl)ethanone,130,3.00397743
1-(4-chlorophenyl)ethanone,125,2.29856181
1-(4-chlorophenyl)ethanone,120,1.73980395
1-(4-chlorophenyl)ethanone,115,1.30305632
1-(4-chlorophenyl)ethanone,110,0.96593992
1-(4-chlorophenyl)ethanone,105,0.70881211
1-(4-chlorophenyl)ethanone,100,0.51491974
1-(4-chlorophenyl)ethanone,95,0.37031541
1-(4-chlorophenyl)ethanone,90,0.26362656
1-(4-chlorophenyl)ethanone,85,0.18574628
1-(4-chlorophenyl)ethanone,80,0.12949811
1-(4-chlorophenyl)ethanone,75,0.08930802
1-(4-chlorophenyl)ethanone,70,0.06090427
1-(4-chlorophenyl)ethanone,65,0.04105432
1-(4-chlorophenyl)ethanone,60,0.02734172
1-(4-chlorophenyl)ethanone,55,0.01798168
1-(4-chlorophenyl)ethanone,50,0.01167168
1-(4-chlorophenyl)ethanone,45,0.00747269
1-(4-chlorophenyl)ethanone,40,0.00471610
1-(4-chlorophenyl)ethanone,35,0.00293191
1-(4-chlorophenyl)ethanone,30,0.00179416
1-(4-chlorophenyl)ethanone,25,0.00107986
1-chloro-4-nitrobenzene,160,10.67550169
1-chloro-4-nitrobenzene,155,8.70679754
1-chloro-4-nitrobenzene,150,7.01515889
1-chloro-4-nitrobenzene,145,5.58484753
1-chloro-4-nitrobenzene,140,4.39450969
1-chloro-4-nitrobenzene,135,3.41896357
1-chloro-4-nitrobenzene,130,2.63109998
1-chloro-4-nitrobenzene,125,2.00358150
1-chloro-4-nitrobenzene,120,1.51026533
1-chloro-4-nitrobenzene,115,1.12719382
1-chloro-4-nitrobenzene,110,0.83316599
1-chloro-4-nitrobenzene,105,0.60996506
1-chloro-4-nitrobenzene,100,0.44231930
1-chloro-4-nitrobenzene,95,0.31769263
1-chloro-4-nitrobenzene,90,0.22597989
1-chloro-4-nitrobenzene,85,0.15916441
1-chloro-4-nitrobenzene,80,0.11097669
1-chloro-4-nitrobenzene,75,0.07657721
1-chloro-4-nitrobenzene,70,0.05227573
1-chloro-4-nitrobenzene,65,0.03529103
1-chloro-4-nitrobenzene,60,0.02355072
1-chloro-4-nitrobenzene,55,0.01552793
1-chloro-4-nitrobenzene,50,0.01011042
1-chloro-4-nitrobenzene,45,0.00649724
1-chloro-4-nitrobenzene,40,0.00411845
1-chloro-4-nitrobenzene,35,0.00257339
1-chloro-4-nitrobenzene,30,0.00158396
1-chloro-4-nitrobenzene,25,0.00095970
p-chlorostyrene,160,15.11083747
p-chlorostyrene,155,12.70718128
p-chlorostyrene,150,10.55615567
p-chlorostyrene,145,8.66042124
p-chlorostyrene,140,7.01589564
p-chlorostyrene,135,5.61238509
p-chlorostyrene,130,4.43404962
p-chlorostyrene,125,3.46062441
p-chlorostyrene,120,2.66903906
p-chlorostyrene,115,2.03497671
p-chlorostyrene,110,1.53434318
p-chlorostyrene,105,1.14440446
p-chlorostyrene,100,0.84457500
p-chlorostyrene,95,0.61683748
p-chlorostyrene,90,0.44587414
p-chlorostyrene,85,0.31897766
p-chlorostyrene,80,0.22582698
p-chlorostyrene,75,0.15819265
p-chlorostyrene,70,0.10961948
p-chlorostyrene,65,0.07511866
p-chlorostyrene,60,0.05088715
p-chlorostyrene,55,0.03406324
p-chlorostyrene,50,0.02252040
p-chlorostyrene,45,0.01469778
p-chlorostyrene,40,0.00946378
p-chlorostyrene,35,0.00600821
p-chlorostyrene,30,0.00375840
p-chlorostyrene,25,0.00231486
1-chloro-4-methylbenzene,160,14.59060319
1-chloro-4-methylbenzene,155,12.10302211
1-chloro-4-methylbenzene,150,9.90728619
1-chloro-4-methylbenzene,145,8.00270478
1-chloro-4-methylbenzene,140,6.37966417
1-chloro-4-methylbenzene,135,5.02063379
1-chloro-4-methylbenzene,130,3.90197230
1-chloro-4-methylbenzene,125,2.99615382
1-chloro-4-methylbenzene,120,2.27401141
1-chloro-4-methylbenzene,115,1.70666620
1-chloro-4-methylbenzene,110,1.26702009
1-chloro-4-methylbenzene,105,0.93070318
1-chloro-4-methylbenzene,100,0.67655786
1-chloro-4-methylbenzene,95,0.48673883
1-chloro-4-methylbenzene,90,0.34655727
1-chloro-4-methylbenzene,85,0.24417147
1-chloro-4-methylbenzene,80,0.17020566
1-chloro-4-methylbenzene,75,0.11735445
1-chloro-4-methylbenzene,70,0.08000751
1-chloro-4-methylbenzene,65,0.05391396
1-chloro-4-methylbenzene,60,0.03589395
1-chloro-4-methylbenzene,55,0.02359821
1-chloro-4-methylbenzene,50,0.01531235
1-chloro-4-methylbenzene,45,0.00980068
1-chloro-4-methylbenzene,40,0.00618370
1-chloro-4-methylbenzene,35,0.00384347
1-chloro-4-methylbenzene,30,0.00235161
1-chloro-4-methylbenzene,25,0.00141525
"1,4-dichlorobenzene",160,13.90257582
"1,4-dichlorobenzene",155,11.64408402
"1,4-dichlorobenzene",150,9.63730830
"1,4-dichlorobenzene",145,7.88050405
"1,4-dichlorobenzene",140,6.36593887
"1,4-dichlorobenzene",135,5.08055940
"1,4-dichlorobenzene",130,4.00668432
"1,4-dichlorobenzene",125,3.12324049
"1,4-dichlorobenzene",120,2.40725632
"1,4-dichlorobenzene",115,1.83524331
"1,4-dichlorobenzene",110,1.38443204
"1,4-dichlorobenzene",105,1.03368669
"1,4-dichlorobenzene",100,0.76410168
"1,4-dichlorobenzene",95,0.55928150
"1,4-dichlorobenzene",90,0.40538208
"1,4-dichlorobenzene",85,0.29097555
"1,4-dichlorobenzene",80,0.20681228
"1,4-dichlorobenzene",75,0.14553363
"1,4-dichlorobenzene",70,0.10137454
"1,4-dichlorobenzene",65,0.06988096
"1,4-dichlorobenzene",60,0.04765582
"1,4-dichlorobenzene",55,0.03213968
"1,4-dichlorobenzene",50,0.02142679
"1,4-dichlorobenzene",45,0.01411451
"1,4-dichlorobenzene",40,0.00918231
"1,4-dichlorobenzene",35,0.00589633
"1,4-dichlorobenzene",30,0.00373512
"1,4-dichlorobenzene",25,0.00233265
"1,4-diethylbenzene",160,5.90957649
"1,4-diethylbenzene",155,4.58924094
"1,4-diethylbenzene",150,3.53320838
"1,4-diethylbenzene",145,2.69747297
"1,4-diethylbenzene",140,2.04255467
"1,4-diethylbenzene",135,1.53407879
"1,4-diethylbenzene",130,1.14280613
"1,4-diethylbenzene",125,0.84432939
"1,4-diethylbenzene",120,0.61859054
"1,4-diethylbenzene",115,0.44932647
"1,4-diethylbenzene",110,0.32350718
"1,4-diethylbenzene",105,0.23080628
"1,4-diethylbenzene",100,0.16312333
"1,4-diethylbenzene",95,0.11416626
"1,4-diethylbenzene",90,0.07909474
"1,4-diethylbenzene",85,0.05422096
"1,4-diethylbenzene",80,0.03676252
"1,4-diethylbenzene",75,0.02464094
"1,4-diethylbenzene",70,0.01631944
"1,4-diethylbenzene",65,0.01067375
"1,4-diethylbenzene",60,0.00689043
"1,4-diethylbenzene",55,0.00438764
"1,4-diethylbenzene",50,0.00275418
"1,4-diethylbenzene",45,0.00170308
"1,4-diethylbenzene",40,0.00103667
"1,4-diethylbenzene",35,0.00062070
"1,4-diethylbenzene",30,0.00036525
"1,4-diethylbenzene",25,0.00021105
p-divinylbenzene,160,16.36843212
p-divinylbenzene,155,13.82604790
p-divinylbenzene,150,11.53605727
p-divinylbenzene,145,9.50495190
p-divinylbenzene,140,7.73210375
p-divinylbenzene,135,6.20999634
p-divinylbenzene,130,4.92476774
p-divinylbenzene,125,3.85732366
p-divinylbenzene,120,2.98490875
p-divinylbenzene,115,2.28284085
p-divinylbenzene,110,1.72613682
p-divinylbenzene,105,1.29082754
p-divinylbenzene,100,0.95491984
p-divinylbenzene,95,0.69895360
p-divinylbenzene,90,0.50623520
p-divinylbenzene,85,0.36281075
p-divinylbenzene,80,0.25727377
p-divinylbenzene,75,0.18047908
p-divinylbenzene,70,0.12521890
p-divinylbenzene,65,0.08589942
p-divinylbenzene,60,0.05824062
p-divinylbenzene,55,0.03901123
p-divinylbenzene,50,0.02580295
p-divinylbenzene,45,0.01684342
p-divinylbenzene,40,0.01084465
p-divinylbenzene,35,0.00688247
p-divinylbenzene,30,0.00430244
p-divinylbenzene,25,0.00264728
4-fluoroanisole,160,18.23411342
4-fluoroanisole,155,15.55530358
4-fluoroanisole,150,13.10471336
4-fluoroanisole,145,10.89596948
4-fluoroanisole,140,8.93684474
4-fluoroanisole,135,7.22871507
4-fluoroanisole,130,5.76564518
4-fluoroanisole,125,4.53510930
4-fluoroanisole,120,3.51879098
4-fluoroanisole,115,2.69418450
4-fluoroanisole,110,2.03647650
4-fluoroanisole,105,1.52035788
4-fluoroanisole,100,1.12151294
4-fluoroanisole,95,0.81771365
4-fluoroanisole,90,0.58944056
4-fluoroanisole,85,0.42012462
4-fluoroanisole,80,0.29609151
4-fluoroanisole,75,0.20632349
4-fluoroanisole,70,0.14212468
4-fluoroanisole,65,0.09675502
4-fluoroanisole,60,0.06507457
4-fluoroanisole,55,0.04322173
4-fluoroanisole,50,0.02833588
4-fluoroanisole,45,0.01832647
4-fluoroanisole,40,0.01168603
4-fluoroanisole,35,0.00734200
4-fluoroanisole,30,0.00454161
4-fluoroanisole,25,0.00276386
1-methyl-4-nitro-benzene,160,12.29534164
1-methyl-4-nitro-benzene,155,10.06008209
1-methyl-4-nitro-benzene,150,8.12462353
1-methyl-4-nitro-benzene,145,6.47771560
1-methyl-4-nitro-benzene,140,5.10022354
1-methyl-4-nitro-benzene,135,3.96715609
1-methyl-4-nitro-benzene,130,3.04989544
1-methyl-4-nitro-benzene,125,2.31846015
1-methyl-4-nitro-benzene,120,1.74340816
1-methyl-4-nitro-benzene,115,1.29726969
1-methyl-4-nitro-benzene,110,0.95543850
1-methyl-4-nitro-benzene,105,0.69660418
1-methyl-4-nitro-benzene,100,0.50281622
1-methyl-4-nitro-benzene,95,0.35930434
1-methyl-4-nitro-benzene,90,0.25415566
1-methyl-4-nitro-benzene,85,0.17792734
1-methyl-4-nitro-benzene,80,0.12324897
1-methyl-4-nitro-benzene,75,0.08444759
1-methyl-4-nitro-benzene,70,0.05721320
1-methyl-4-nitro-benzene,65,0.03831157
1-methyl-4-nitro-benzene,60,0.02534473
1-methyl-4-nitro-benzene,55,0.01655575
1-methyl-4-nitro-benzene,50,0.01067268
1-methyl-4-nitro-benzene,45,0.00678583
1-methyl-4-nitro-benzene,40,0.00425264
1-methyl-4-nitro-benzene,35,0.00262507
1-methyl-4-nitro-benzene,30,0.00159489
1-methyl-4-nitro-benzene,25,0.00095299
4-hydroxyacetanilide,160,0.76377787
4-hydroxyacetanilide,155,0.56200859
4-hydroxyacetanilide,150,0.41094883
4-hydroxyacetanilide,145,0.29851044
4-hydroxyacetanilide,140,0.21534132
4-hydroxyacetanilide,135,0.15423021
4-hydroxyacetanilide,130,0.10964059
4-hydroxyacetanilide,125,0.07734360
4-hydroxyacetanilide,120,0.05412828
4-hydroxyacetanilide,115,0.03757249
4-hydroxyacetanilide,110,0.02586204
4-hydroxyacetanilide,105,0.01764835
4-hydroxyacetanilide,100,0.01193702
4-hydroxyacetanilide,95,0.00800090
4-hydroxyacetanilide,90,0.00531288
4-hydroxyacetanilide,85,0.00349433
4-hydroxyacetanilide,80,0.00227577
4-hydroxyacetanilide,75,0.00146727
4-hydroxyacetanilide,70,0.00093622
4-hydroxyacetanilide,65,0.00059103
4-hydroxyacetanilide,60,0.00036902
4-hydroxyacetanilide,55,0.00022779
4-hydroxyacetanilide,50,0.00013897
4-hydroxyacetanilide,45,0.00008376
4-hydroxyacetanilide,40,0.00004984
4-hydroxyacetanilide,35,0.00002927
4-hydroxyacetanilide,30,0.00001696
4-hydroxyacetanilide,25,0.00000969
paraldehyde,160,12.00127023
paraldehyde,155,9.78745915
paraldehyde,150,7.88260074
paraldehyde,145,6.27118018
paraldehyde,140,4.93035462
paraldehyde,135,3.83220205
paraldehyde,130,2.94617808
paraldehyde,125,2.24128425
paraldehyde,120,1.68782071
paraldehyde,115,1.25857156
paraldehyde,110,0.92949359
paraldehyde,105,0.67996786
paraldehyde,100,0.49274636
paraldehyde,95,0.35370104
paraldehyde,90,0.25146644
paraldehyde,85,0.17704308
paraldehyde,80,0.12340471
paraldehyde,75,0.08513613
paraldehyde,70,0.05811390
paraldehyde,65,0.03923425
paraldehyde,60,0.02618707
paraldehyde,55,0.01727207
paraldehyde,50,0.01125177
paraldehyde,45,0.00723572
paraldehyde,40,0.00459066
paraldehyde,35,0.00287166
paraldehyde,30,0.00176997
paraldehyde,25,0.00107415
pentachloroethane,160,4.33920637
pentachloroethane,155,3.42896753
pentachloroethane,150,2.69464439
pentachloroethane,145,2.10613903
pentachloroethane,140,1.63745012
pentachloroethane,135,1.26643323
pentachloroethane,130,0.97445152
pentachloroethane,125,0.74598076
pentachloroethane,120,0.56820778
pentachloroethane,115,0.43064559
pentachloroethane,110,0.32477820
pentachloroethane,105,0.24374139
pentachloroethane,100,0.18204150
pentachloroethane,95,0.13531198
pentachloroethane,90,0.10010517
pentachloroethane,85,0.07371663
pentachloroethane,80,0.05403850
pentachloroethane,75,0.03943816
pentachloroethane,70,0.02865896
pentachloroethane,65,0.02073949
pentachloroethane,60,0.01494870
pentachloroethane,55,0.01073401
pentachloroethane,50,0.00768018
pentachloroethane,45,0.00547703
pentachloroethane,40,0.00389412
pentachloroethane,35,0.00276128
pentachloroethane,30,0.00195349
pentachloroethane,25,0.00137943
pentachlorophenol,160,5.10253265
pentachlorophenol,155,4.25909145
pentachlorophenol,150,3.54944429
pentachlorophenol,145,2.95471658
pentachlorophenol,140,2.45815027
pentachlorophenol,135,2.04498395
pentachlorophenol,130,1.70232005
pentachlorophenol,125,1.41897598
pentachlorophenol,120,1.18532908
pentachlorophenol,115,0.99315113
pentachlorophenol,110,0.83546552
pentachlorophenol,105,0.70638957
pentachlorophenol,100,0.60099860
pentachlorophenol,95,0.51519848
pentachlorophenol,90,0.44561109
pentachlorophenol,85,0.38947317
pentachlorophenol,80,0.34454926
pentachlorophenol,75,0.30905879
pentachlorophenol,70,0.28161780
pentachlorophenol,65,0.26119588
pentachlorophenol,60,0.24708959
pentachlorophenol,55,0.23891486
pentachlorophenol,50,0.23662248
pentachlorophenol,45,0.24054292
pentachlorophenol,40,0.25146937
pentachlorophenol,35,0.27079363
pentachlorophenol,30,0.30070088
pentachlorophenol,25,0.34443464
valeraldehyde,160,25.67284142
valeraldehyde,155,22.28683991
valeraldehyde,150,19.09403737
valeraldehyde,145,16.13072006
valeraldehyde,140,13.42760765
valeraldehyde,135,11.00772191
valeraldehyde,130,8.88444709
valeraldehyde,125,7.05955751
valeraldehyde,120,5.52376801
valeraldehyde,115,4.25783571
valeraldehyde,110,3.23506004
valeraldehyde,105,2.42431756
valeraldehyde,100,1.79301475
valeraldehyde,95,1.30951423
valeraldehyde,90,0.94486391
valeraldehyde,85,0.67376151
valeraldehyde,80,0.47490739
valeraldehyde,75,0.33090918
valeraldehyde,70,0.22792121
valeraldehyde,65,0.15515581
valeraldehyde,60,0.10436341
valeraldehyde,55,0.06933903
valeraldehyde,50,0.04548580
valeraldehyde,45,0.02944640
valeraldehyde,40,0.01880221
valeraldehyde,35,0.01183430
valeraldehyde,30,0.00733744
valeraldehyde,25,0.00447818
pentane,160,1.35829951
pentane,155,0.97991121
pentane,150,0.70247627
pentane,145,0.50006636
pentane,140,0.35326455
pentane,135,0.24751153
pentane,130,0.17189963
pentane,125,0.11827949
pentane,120,0.08058897
pentane,115,0.05434408
pentane,110,0.03625079
pentane,105,0.02390817
pentane,100,0.01558147
pentane,95,0.01002918
pentane,90,0.00637194
pentane,85,0.00399363
pentane,80,0.00246765
pentane,75,0.00150222
pentane,70,0.00090036
pentane,65,0.00053091
pentane,60,0.00030775
pentane,55,0.00017523
pentane,50,0.00009791
pentane,45,0.00005364
pentane,40,0.00002879
pentane,35,0.00001512
pentane,30,0.00000776
pentane,25,0.00000389
n-bucooh,160,7.05983324
n-bucooh,155,5.32117301
n-bucooh,150,3.96404204
n-bucooh,145,2.92104222
n-bucooh,140,2.13038276
n-bucooh,135,1.53837516
n-bucooh,130,1.10013026
n-bucooh,125,0.77917984
n-bucooh,120,0.54655288
n-bucooh,115,0.37964860
n-bucooh,110,0.26110421
n-bucooh,105,0.17776048
n-bucooh,100,0.11976686
n-bucooh,95,0.07983556
n-bucooh,90,0.05263588
n-bucooh,85,0.03431243
n-bucooh,80,0.02210826
n-bucooh,75,0.01407447
n-bucooh,70,0.00884943
n-bucooh,65,0.00549321
n-bucooh,60,0.00336493
n-bucooh,55,0.00203311
n-bucooh,50,0.00121107
n-bucooh,45,0.00071083
n-bucooh,40,0.00041087
n-bucooh,35,0.00023374
n-bucooh,30,0.00013078
n-bucooh,25,0.00007192
tetrafluoroethene,160,0.35959070
tetrafluoroethene,155,0.24989883
tetrafluoroethene,150,0.17248288
tetrafluoroethene,145,0.11813839
tetrafluoroethene,140,0.08023925
tetrafluoroethene,135,0.05400775
tetrafluoroethene,130,0.03600361
tetrafluoroethene,125,0.02375859
tetrafluoroethene,120,0.01551150
tetrafluoroethene,115,0.01001440
tetrafluoroethene,110,0.00639020
tetrafluoroethene,105,0.00402812
tetrafluoroethene,100,0.00250704
tetrafluoroethene,95,0.00153978
tetrafluoroethene,90,0.00093273
tetrafluoroethene,85,0.00055693
tetrafluoroethene,80,0.00032759
tetrafluoroethene,75,0.00018970
tetrafluoroethene,70,0.00010807
tetrafluoroethene,65,0.00006053
tetrafluoroethene,60,0.00003330
tetrafluoroethene,55,0.00001799
tetrafluoroethene,50,0.00000953
tetrafluoroethene,45,0.00000495
tetrafluoroethene,40,0.00000251
tetrafluoroethene,35,0.00000125
tetrafluoroethene,30,0.00000061
tetrafluoroethene,25,0.00000029
decafluorobutane,160,0.00032777
decafluorobutane,155,0.00020912
decafluorobutane,150,0.00013186
decafluorobutane,145,0.00008213
decafluorobutane,140,0.00005051
decafluorobutane,135,0.00003066
decafluorobutane,130,0.00001836
decafluorobutane,125,0.00001083
decafluorobutane,120,0.00000630
decafluorobutane,115,0.00000361
decafluorobutane,110,0.00000203
decafluorobutane,105,0.00000113
decafluorobutane,100,0.00000061
decafluorobutane,95,0.00000033
decafluorobutane,90,0.00000017
decafluorobutane,85,0.00000009
decafluorobutane,80,0.00000004
decafluorobutane,75,0.00000002
decafluorobutane,70,0.00000001
decafluorobutane,65,0.00000001
decafluorobutane,60,0.00000000
decafluorobutane,55,0.00000000
decafluorobutane,50,0.00000000
decafluorobutane,45,0.00000000
decafluorobutane,40,0.00000000
decafluorobutane,35,0.00000000
decafluorobutane,30,0.00000000
decafluorobutane,25,0.00000000
perfluoroheptane,160,0.00011788
perfluoroheptane,155,0.00007513
perfluoroheptane,150,0.00004731
perfluoroheptane,145,0.00002943
perfluoroheptane,140,0.00001808
perfluoroheptane,135,0.00001096
perfluoroheptane,130,0.00000655
perfluoroheptane,125,0.00000386
perfluoroheptane,120,0.00000224
perfluoroheptane,115,0.00000128
perfluoroheptane,110,0.00000072
perfluoroheptane,105,0.00000040
perfluoroheptane,100,0.00000022
perfluoroheptane,95,0.00000012
perfluoroheptane,90,0.00000006
perfluoroheptane,85,0.00000003
perfluoroheptane,80,0.00000002
perfluoroheptane,75,0.00000001
perfluoroheptane,70,0.00000000
perfluoroheptane,65,0.00000000
perfluoroheptane,60,0.00000000
perfluoroheptane,55,0.00000000
perfluoroheptane,50,0.00000000
perfluoroheptane,45,0.00000000
perfluoroheptane,40,0.00000000
perfluoroheptane,35,0.00000000
perfluoroheptane,30,0.00000000
perfluoroheptane,25,0.00000000
perfluoro-n-hexane,160,0.00015324
perfluoro-n-hexane,155,0.00009770
perfluoro-n-hexane,150,0.00006155
perfluoro-n-hexane,145,0.00003831
perfluoro-n-hexane,140,0.00002354
perfluoro-n-hexane,135,0.00001428
perfluoro-n-hexane,130,0.00000854
perfluoro-n-hexane,125,0.00000504
perfluoro-n-hexane,120,0.00000293
perfluoro-n-hexane,115,0.00000167
perfluoro-n-hexane,110,0.00000094
perfluoro-n-hexane,105,0.00000052
perfluoro-n-hexane,100,0.00000028
perfluoro-n-hexane,95,0.00000015
perfluoro-n-hexane,90,0.00000008
perfluoro-n-hexane,85,0.00000004
perfluoro-n-hexane,80,0.00000002
perfluoro-n-hexane,75,0.00000001
perfluoro-n-hexane,70,0.00000000
perfluoro-n-hexane,65,0.00000000
perfluoro-n-hexane,60,0.00000000
perfluoro-n-hexane,55,0.00000000
perfluoro-n-hexane,50,0.00000000
perfluoro-n-hexane,45,0.00000000
perfluoro-n-hexane,40,0.00000000
perfluoro-n-hexane,35,0.00000000
perfluoro-n-hexane,30,0.00000000
perfluoro-n-hexane,25,0.00000000
perfluoromethylcyclohexane,160,0.00015361
perfluoromethylcyclohexane,155,0.00009788
perfluoromethylcyclohexane,150,0.00006164
perfluoromethylcyclohexane,145,0.00003834
perfluoromethylcyclohexane,140,0.00002354
perfluoromethylcyclohexane,135,0.00001427
perfluoromethylcyclohexane,130,0.00000853
perfluoromethylcyclohexane,125,0.00000503
perfluoromethylcyclohexane,120,0.00000292
perfluoromethylcyclohexane,115,0.00000167
perfluoromethylcyclohexane,110,0.00000094
perfluoromethylcyclohexane,105,0.00000052
perfluoromethylcyclohexane,100,0.00000028
perfluoromethylcyclohexane,95,0.00000015
perfluoromethylcyclohexane,90,0.00000008
perfluoromethylcyclohexane,85,0.00000004
perfluoromethylcyclohexane,80,0.00000002
perfluoromethylcyclohexane,75,0.00000001
perfluoromethylcyclohexane,70,0.00000000
perfluoromethylcyclohexane,65,0.00000000
perfluoromethylcyclohexane,60,0.00000000
perfluoromethylcyclohexane,55,0.00000000
perfluoromethylcyclohexane,50,0.00000000
perfluoromethylcyclohexane,45,0.00000000
perfluoromethylcyclohexane,40,0.00000000
perfluoromethylcyclohexane,35,0.00000000
perfluoromethylcyclohexane,30,0.00000000
perfluoromethylcyclohexane,25,0.00000000
perfluoropentane,160,0.00021344
perfluoropentane,155,0.00013613
perfluoropentane,150,0.00008580
perfluoropentane,145,0.00005342
perfluoropentane,140,0.00003284
perfluoropentane,135,0.00001992
perfluoropentane,130,0.00001192
perfluoropentane,125,0.00000703
perfluoropentane,120,0.00000409
perfluoropentane,115,0.00000234
perfluoropentane,110,0.00000132
perfluoropentane,105,0.00000073
perfluoropentane,100,0.00000040
perfluoropentane,95,0.00000021
perfluoropentane,90,0.00000011
perfluoropentane,85,0.00000006
perfluoropentane,80,0.00000003
perfluoropentane,75,0.00000001
perfluoropentane,70,0.00000001
perfluoropentane,65,0.00000000
perfluoropentane,60,0.00000000
perfluoropentane,55,0.00000000
perfluoropentane,50,0.00000000
perfluoropentane,45,0.00000000
perfluoropentane,40,0.00000000
perfluoropentane,35,0.00000000
perfluoropentane,30,0.00000000
perfluoropentane,25,0.00000000
ethoxybenzene,160,15.90379473
ethoxybenzene,155,13.30109674
ethoxybenzene,150,10.97874699
ethoxybenzene,145,8.94155298
ethoxybenzene,140,7.18558041
ethoxybenzene,135,5.69863522
ethoxybenzene,130,4.46133141
ethoxybenzene,125,3.44913757
ethoxybenzene,120,2.63447978
ethoxybenzene,115,1.98885723
ethoxybenzene,110,1.48458063
ethoxybenzene,105,1.09605547
ethoxybenzene,100,0.80054875
ethoxybenzene,95,0.57853021
ethoxybenzene,90,0.41367712
ethoxybenzene,85,0.29266294
ethoxybenzene,80,0.20482391
ethoxybenzene,75,0.14177562
ethoxybenzene,70,0.09702880
ethoxybenzene,65,0.06563263
ethoxybenzene,60,0.04386062
ethoxybenzene,55,0.02894391
ethoxybenzene,50,0.01885106
ethoxybenzene,45,0.01211037
ethoxybenzene,40,0.00766913
ethoxybenzene,35,0.00478415
ethoxybenzene,30,0.00293774
ethoxybenzene,25,0.00177429
phenol,160,32.06416763
phenol,155,29.29646455
phenol,150,26.63175512
phenol,145,24.08346133
phenol,140,21.65871273
phenol,135,19.36726972
phenol,130,17.21741639
phenol,125,15.21470918
phenol,120,13.36344017
phenol,115,11.66595396
phenol,110,10.12266580
phenol,105,8.73139136
phenol,100,7.48840739
phenol,95,6.38782300
phenol,90,5.42182971
phenol,85,4.58137449
phenol,80,3.85619456
phenol,75,3.23548123
phenol,70,2.70813808
phenol,65,2.26315350
phenol,60,1.88994991
phenol,55,1.57864456
phenol,50,1.32018268
phenol,45,1.10645304
phenol,40,0.93030407
phenol,35,0.78553857
phenol,30,0.66685741
phenol,25,0.56978025
phenylacetate,160,12.35275384
phenylacetate,155,10.11509037
phenylacetate,150,8.17683344
phenylacetate,145,6.52657850
phenylacetate,140,5.14517093
phenylacetate,135,4.00771688
phenylacetate,130,3.08577511
phenylacetate,125,2.34957394
phenylacetate,120,1.76987294
phenylacetate,115,1.31936845
phenylacetate,110,0.97357128
phenylacetate,105,0.71123818
phenylacetate,100,0.51444208
phenylacetate,95,0.36840249
phenylacetate,90,0.26117318
phenylacetate,85,0.18326419
phenylacetate,80,0.12725177
phenylacetate,75,0.08740881
phenylacetate,70,0.05937395
phenylacetate,65,0.03986652
phenylacetate,60,0.02644809
phenylacetate,55,0.01732752
phenylacetate,50,0.01120462
phenylacetate,45,0.00714696
phenylacetate,40,0.00449400
phenylacetate,35,0.00278380
phenylacetate,30,0.00169753
phenylacetate,25,0.00101820
phenylacetonitrile,160,19.50951901
phenylacetonitrile,155,16.65074490
phenylacetonitrile,150,14.02527368
phenylacetonitrile,145,11.65226836
phenylacetonitrile,140,9.54417785
phenylacetonitrile,135,7.70544292
phenylacetonitrile,130,6.13164237
phenylacetonitrile,125,4.81015354
phenylacetonitrile,120,3.72132475
phenylacetonitrile,115,2.84048817
phenylacetonitrile,110,2.14026019
phenylacetonitrile,105,1.59271076
phenylacetonitrile,100,1.17110807
phenylacetonitrile,95,0.85114102
phenylacetonitrile,90,0.61158632
phenylacetonitrile,85,0.43453389
phenylacetonitrile,80,0.30528698
phenylacetonitrile,75,0.21206791
phenylacetonitrile,70,0.14562809
phenylacetonitrile,65,0.09883325
phenylacetonitrile,60,0.06626732
phenylacetonitrile,55,0.04387882
phenylacetonitrile,50,0.02867895
phenylacetonitrile,45,0.01849236
phenylacetonitrile,40,0.01175673
phenylacetonitrile,35,0.00736490
phenylacetonitrile,30,0.00454287
phenylacetonitrile,25,0.00275710
ethynylbenzene,160,27.45796845
ethynylbenzene,155,24.50934959
ethynylbenzene,150,21.68766357
ethynylbenzene,145,19.01056465
ethynylbenzene,140,16.49514284
ethynylbenzene,135,14.15702992
ethynylbenzene,130,12.01014429
ethynylbenzene,125,10.06505125
ethynylbenzene,120,8.32813831
ethynylbenzene,115,6.80124557
ethynylbenzene,110,5.48089559
ethynylbenzene,105,4.35849004
ethynylbenzene,100,3.42065605
ethynylbenzene,95,2.65037771
ethynylbenzene,90,2.02820747
ethynylbenzene,85,1.53365716
ethynylbenzene,80,1.14647510
ethynylbenzene,75,0.84765313
ethynylbenzene,70,0.62009460
ethynylbenzene,65,0.44897138
ethynylbenzene,60,0.32180693
ethynylbenzene,55,0.22837287
ethynylbenzene,50,0.16046681
ethynylbenzene,45,0.11163562
ethynylbenzene,40,0.07688694
ethynylbenzene,35,0.05241598
ethynylbenzene,30,0.03536251
ethynylbenzene,25,0.02360362
phenyl-hydrazine,160,23.31714633
phenyl-hydrazine,155,20.32330687
phenyl-hydrazine,150,17.50684744
phenyl-hydrazine,145,14.89135134
phenyl-hydrazine,140,12.49719380
phenyl-hydrazine,135,10.34034352
phenyl-hydrazine,130,8.43061311
phenyl-hydrazine,125,6.77102570
phenyl-hydrazine,120,5.35647226
phenyl-hydrazine,115,4.17440412
phenyl-hydrazine,110,3.20593846
phenyl-hydrazine,105,2.42757295
phenyl-hydrazine,100,1.81338788
phenyl-hydrazine,95,1.33709447
phenyl-hydrazine,90,0.97367965
phenyl-hydrazine,85,0.70056114
phenyl-hydrazine,80,0.49819198
phenyl-hydrazine,75,0.35023747
phenyl-hydrazine,70,0.24343771
phenyl-hydrazine,65,0.16729002
phenyl-hydrazine,60,0.11364883
phenyl-hydrazine,55,0.07631182
phenyl-hydrazine,50,0.05063352
phenyl-hydrazine,45,0.03318669
phenyl-hydrazine,40,0.02147854
phenyl-hydrazine,35,0.01372066
phenyl-hydrazine,30,0.00864706
phenyl-hydrazine,25,0.00537354
carbonicdichloride,160,13.80404441
carbonicdichloride,155,10.84063451
carbonicdichloride,150,8.36201256
carbonicdichloride,145,6.34711534
carbonicdichloride,140,4.74931548
carbonicdichloride,135,3.50864379
carbonicdichloride,130,2.56219035
carbonicdichloride,125,1.85098403
carbonicdichloride,120,1.32352763
carbonicdichloride,115,0.93694189
carbonicdichloride,110,0.65669965
carbonicdichloride,105,0.45567582
carbonicdichloride,100,0.31296242
carbonicdichloride,95,0.21269148
carbonicdichloride,90,0.14298009
carbonicdichloride,85,0.09503669
carbonicdichloride,80,0.06243104
carbonicdichloride,75,0.04051252
carbonicdichloride,70,0.02595539
carbonicdichloride,65,0.01640854
carbonicdichloride,60,0.01022953
carbonicdichloride,55,0.00628502
carbonicdichloride,50,0.00380302
carbonicdichloride,45,0.00226470
carbonicdichloride,40,0.00132622
carbonicdichloride,35,0.00076313
carbonicdichloride,30,0.00043109
carbonicdichloride,25,0.00023886
phosphoricacid,160,0.00094565
phosphoricacid,155,0.00074349
phosphoricacid,150,0.00058620
phosphoricacid,145,0.00046379
phosphoricacid,140,0.00036846
phosphoricacid,135,0.00029414
phosphoricacid,130,0.00023614
phosphoricacid,125,0.00019081
phosphoricacid,120,0.00015531
phosphoricacid,115,0.00012746
phosphoricacid,110,0.00010556
phosphoricacid,105,0.00008832
phosphoricacid,100,0.00007473
phosphoricacid,95,0.00006401
phosphoricacid,90,0.00005556
phosphoricacid,85,0.00004892
phosphoricacid,80,0.00004374
phosphoricacid,75,0.00003977
phosphoricacid,70,0.00003680
phosphoricacid,65,0.00003469
phosphoricacid,60,0.00003337
phosphoricacid,55,0.00003276
phosphoricacid,50,0.00003289
phosphoricacid,45,0.00003378
phosphoricacid,40,0.00003555
phosphoricacid,35,0.00003835
phosphoricacid,30,0.00004247
phosphoricacid,25,0.00004833
pocl3,160,6.12441546
pocl3,155,4.69291756
pocl3,150,3.56131130
pocl3,145,2.67827732
pocl3,140,1.99696120
pocl3,135,1.47658398
pocl3,130,1.08282945
pocl3,125,0.78752114
pocl3,120,0.56795182
pocl3,115,0.40609152
pocl3,110,0.28780056
pocl3,105,0.20210984
pocl3,100,0.14059454
pocl3,95,0.09684518
pocl3,90,0.06603091
pocl3,85,0.04454469
pocl3,80,0.02971887
pocl3,75,0.01959989
pocl3,70,0.01277160
pocl3,65,0.00821827
pocl3,60,0.00521938
pocl3,55,0.00326969
pocl3,50,0.00201919
pocl3,45,0.00122841
pocl3,40,0.00073571
pocl3,35,0.00043345
pocl3,30,0.00025102
pocl3,25,0.00014277
pcl3,160,1.40372124
pcl3,155,1.00796238
pcl3,150,0.72025505
pcl3,145,0.51166581
pcl3,140,0.36105820
pcl3,135,0.25288986
pcl3,130,0.17569277
pcl3,125,0.12099658
pcl3,120,0.08255335
pcl3,115,0.05576942
pcl3,110,0.03728395
pcl3,105,0.02465358
pcl3,100,0.01611530
pcl3,95,0.01040786
pcl3,90,0.00663758
pcl3,85,0.00417767
pcl3,80,0.00259345
pcl3,75,0.00158698
pcl3,70,0.00095661
pcl3,65,0.00056763
pcl3,60,0.00033133
pcl3,55,0.00019010
pcl3,50,0.00010712
pcl3,45,0.00005923
pcl3,40,0.00003211
pcl3,35,0.00001705
pcl3,30,0.00000886
pcl3,25,0.00000450
phthalicanhydride,160,6.23833099
phthalicanhydride,155,4.83525954
phthalicanhydride,150,3.71212291
phthalicanhydride,145,2.82413077
phthalicanhydride,140,2.12989437
phthalicanhydride,135,1.59272049
phthalicanhydride,130,1.18108040
phthalicanhydride,125,0.86853484
phthalicanhydride,120,0.63334154
phthalicanhydride,115,0.45790749
phthalicanhydride,110,0.32819219
phthalicanhydride,105,0.23312580
phthalicanhydride,100,0.16407673
phthalicanhydride,95,0.11438403
phthalicanhydride,90,0.07895842
phthalicanhydride,85,0.05394930
phthalicanhydride,80,0.03647158
phthalicanhydride,75,0.02438481
phthalicanhydride,70,0.01611694
phthalicanhydride,65,0.01052529
phthalicanhydride,60,0.00678813
phthalicanhydride,55,0.00432109
phthalicanhydride,50,0.00271340
phthalicanhydride,45,0.00167974
phthalicanhydride,40,0.00102446
phthalicanhydride,35,0.00061514
phthalicanhydride,30,0.00036338
phthalicanhydride,25,0.00021101
"2,4,6-trinitrophenol",160,7.64043507
"2,4,6-trinitrophenol",155,6.29899162
"2,4,6-trinitrophenol",150,5.14934883
"2,4,6-trinitrophenol",145,4.17423198
"2,4,6-trinitrophenol",140,3.35571101
"2,4,6-trinitrophenol",135,2.67568370
"2,4,6-trinitrophenol",130,2.11642333
"2,4,6-trinitrophenol",125,1.66100628
"2,4,6-trinitrophenol",120,1.29368851
"2,4,6-trinitrophenol",115,1.00014864
"2,4,6-trinitrophenol",110,0.76763896
"2,4,6-trinitrophenol",105,0.58503389
"2,4,6-trinitrophenol",100,0.44279233
"2,4,6-trinitrophenol",95,0.33286504
"2,4,6-trinitrophenol",90,0.24855918
"2,4,6-trinitrophenol",85,0.18438317
"2,4,6-trinitrophenol",80,0.13588533
"2,4,6-trinitrophenol",75,0.09949688
"2,4,6-trinitrophenol",70,0.07238622
"2,4,6-trinitrophenol",65,0.05232834
"2,4,6-trinitrophenol",60,0.03759079
"2,4,6-trinitrophenol",55,0.02683646
"2,4,6-trinitrophenol",50,0.01904207
"2,4,6-trinitrophenol",45,0.01343099
"2,4,6-trinitrophenol",40,0.00941856
"2,4,6-trinitrophenol",35,0.00656814
"2,4,6-trinitrophenol",30,0.00455626
"2,4,6-trinitrophenol",25,0.00314515
piperazine,160,28.91510634
piperazine,155,25.40716084
piperazine,150,22.01506806
piperazine,145,18.78092492
piperazine,140,15.74883101
piperazine,135,12.96183273
piperazine,130,10.45740582
piperazine,125,8.26292223
piperazine,120,6.39181828
piperazine,115,4.84101660
piperazine,110,3.59184443
piperazine,105,2.61307426
piperazine,100,1.86592638
piperazine,95,1.30918055
piperazine,90,0.90336493
piperazine,85,0.61346543
piperazine,80,0.41018743
piperazine,75,0.27011005
piperazine,70,0.17517607
piperazine,65,0.11187060
piperazine,60,0.07032851
piperazine,55,0.04350465
piperazine,50,0.02646674
piperazine,45,0.01582566
piperazine,40,0.00929448
piperazine,35,0.00535760
piperazine,30,0.00302865
piperazine,25,0.00167762
piperidine,160,24.47097572
piperidine,155,21.03878024
piperidine,150,17.82200714
piperidine,145,14.85870261
piperidine,140,12.18121398
piperidine,135,9.81250198
piperidine,130,7.76384091
piperidine,125,6.03314259
piperidine,120,4.60559482
piperidine,115,3.45549578
piperidine,110,2.54972528
piperidine,105,1.85154851
piperidine,100,1.32408184
piperidine,95,0.93295888
piperidine,90,0.64794540
piperidine,85,0.44363608
piperidine,80,0.29945816
piperidine,75,0.19925262
piperidine,70,0.13064876
piperidine,65,0.08438397
piperidine,60,0.05365877
piperidine,55,0.03357218
piperidine,50,0.02065248
piperidine,45,0.01248195
piperidine,40,0.00740534
piperidine,35,0.00430889
piperidine,30,0.00245654
piperidine,25,0.00137079
propane,160,8.64247720
propane,155,6.20666725
propane,150,4.43074674
propane,145,3.14340281
propane,140,2.21521791
propane,135,1.54976286
propane,130,1.07565231
propane,125,0.74022199
propane,120,0.50473673
propane,115,0.34081305
propane,110,0.22774875
propane,105,0.15053136
propane,100,0.09834955
propane,95,0.06347943
propane,90,0.04045251
propane,85,0.02543543
propane,80,0.01577008
propane,75,0.00963474
propane,70,0.00579631
propane,65,0.00343122
propane,60,0.00199708
propane,55,0.00114191
propane,50,0.00064089
propane,45,0.00035273
propane,40,0.00019019
propane,35,0.00010036
propane,30,0.00005177
propane,25,0.00002607
2-propynal,160,30.73151114
2-propynal,155,26.18023850
2-propynal,150,21.86023654
2-propynal,145,17.87411407
2-propynal,140,14.30636941
2-propynal,135,11.21254212
2-propynal,130,8.61262428
2-propynal,125,6.49221345
2-propynal,120,4.80997151
2-propynal,115,3.50796956
2-propynal,110,2.52199332
2-propynal,105,1.78944062
2-propynal,100,1.25421308
2-propynal,95,0.86893690
2-propynal,90,0.59531749
2-propynal,85,0.40341081
2-propynal,80,0.27040194
2-propynal,75,0.17926870
2-propynal,70,0.11753204
2-propynal,65,0.07618241
2-propynal,60,0.04880460
2-propynal,55,0.03088957
2-propynal,50,0.01930745
2-propynal,45,0.01191238
2-propynal,40,0.00725128
2-propynal,35,0.00435248
2-propynal,30,0.00257462
2-propynal,25,0.00149994
propanal,160,43.42088107
propanal,155,40.04796792
propanal,150,36.65624341
propanal,145,33.27032551
propanal,140,29.91178261
propanal,135,26.60810342
propanal,130,23.38921265
propanal,125,20.28946081
propanal,120,17.34499711
propanal,115,14.59154027
propanal,110,12.06338130
propanal,105,9.79011343
propanal,100,7.79247189
propanal,95,6.08023174
propanal,90,4.65067599
propanal,85,3.48843194
propanal,80,2.56798051
propanal,75,1.85701946
propanal,70,1.32054140
propanal,65,0.92431652
propanal,60,0.63734698
propanal,55,0.43319327
propanal,50,0.29033856
propanal,45,0.19191926
propanal,40,0.12511586
propanal,35,0.08042698
propanal,30,0.05096122
propanal,25,0.03181456
glycidylaldehyde,160,9.77204404
glycidylaldehyde,155,7.36330451
glycidylaldehyde,150,5.48505813
glycidylaldehyde,145,4.04395642
glycidylaldehyde,140,2.95318925
glycidylaldehyde,135,2.13725919
glycidylaldehyde,130,1.53332126
glycidylaldehyde,125,1.09063062
glycidylaldehyde,120,0.76912371
glycidylaldehyde,115,0.53771739
glycidylaldehyde,110,0.37263754
glycidylaldehyde,105,0.25592092
glycidylaldehyde,100,0.17414288
glycidylaldehyde,95,0.11737242
glycidylaldehyde,90,0.07833476
glycidylaldehyde,85,0.05175214
glycidylaldehyde,80,0.03383260
glycidylaldehyde,75,0.02187833
glycidylaldehyde,70,0.01398926
glycidylaldehyde,65,0.00884092
glycidylaldehyde,60,0.00551993
glycidylaldehyde,55,0.00340332
glycidylaldehyde,50,0.00207108
glycidylaldehyde,45,0.00124335
glycidylaldehyde,40,0.00073597
glycidylaldehyde,35,0.00042929
glycidylaldehyde,30,0.00024660
glycidylaldehyde,25,0.00013942
propanamide,160,1.71318291
propanamide,155,1.23967435
propanamide,150,0.89041070
propanamide,145,0.63464848
propanamide,140,0.44875961
propanamide,135,0.31470732
propanamide,130,0.21881923
propanamide,125,0.15080693
propanamide,120,0.10298748
propanamide,115,0.06966968
propanamide,110,0.04667312
propanamide,105,0.03095417
propanamide,100,0.02031723
propanamide,95,0.01319362
propanamide,90,0.00847376
propanamide,85,0.00538090
propanamide,80,0.00337716
propanamide,75,0.00209418
propanamide,70,0.00128256
propanamide,65,0.00077550
propanamide,60,0.00046276
propanamide,55,0.00027240
propanamide,50,0.00015811
propanamide,45,0.00009045
propanamide,40,0.00005097
propanamide,35,0.00002828
propanamide,30,0.00001544
propanamide,25,0.00000829
propionicacid,160,7.24032823
propionicacid,155,5.32507147
propionicacid,150,3.87230884
propionicacid,145,2.78686475
propionicacid,140,1.98627585
propionicacid,135,1.40250857
propionicacid,130,0.98128484
propionicacid,125,0.68034548
propionicacid,120,0.46739863
propionicacid,115,0.31813956
propionicacid,110,0.21451038
propionicacid,105,0.14324936
propionicacid,100,0.09472262
propionicacid,95,0.06200491
propionicacid,90,0.04016963
propionicacid,85,0.02574842
propionicacid,80,0.01632524
propionicacid,75,0.01023512
propionicacid,70,0.00634322
propionicacid,65,0.00388473
propionicacid,60,0.00235010
propionicacid,55,0.00140382
propionicacid,50,0.00082765
propionicacid,45,0.00048139
propionicacid,40,0.00027608
propionicacid,35,0.00015603
propionicacid,30,0.00008685
propionicacid,25,0.00004758
"propanoicacid,anhydride",160,12.62345885
"propanoicacid,anhydride",155,10.33540072
"propanoicacid,anhydride",150,8.35458856
"propanoicacid,anhydride",145,6.66909562
"propanoicacid,anhydride",140,5.25895550
"propanoicacid,anhydride",135,4.09829732
"propanoicacid,anhydride",130,3.15774724
"propanoicacid,anhydride",125,2.40666220
"propanoicacid,anhydride",120,1.81506568
"propanoicacid,anhydride",115,1.35505172
"propanoicacid,anhydride",110,1.00165053
"propanoicacid,anhydride",105,0.73323919
"propanoicacid,anhydride",100,0.53159123
"propanoicacid,anhydride",95,0.38168880
"propanoicacid,anhydride",90,0.27139586
"propanoicacid,anhydride",85,0.19106934
"propanoicacid,anhydride",80,0.13316093
"propanoicacid,anhydride",75,0.09184168
"propanoicacid,anhydride",70,0.06266666
"propanoicacid,anhydride",65,0.04228661
"propanoicacid,anhydride",60,0.02820689
"propanoicacid,anhydride",55,0.01859054
"propanoicacid,anhydride",50,0.01210023
"propanoicacid,anhydride",45,0.00777360
"propanoicacid,anhydride",40,0.00492632
"propanoicacid,anhydride",35,0.00307765
"propanoicacid,anhydride",30,0.00189418
"propanoicacid,anhydride",25,0.00114766
propionitrile,160,47.33877658
propionitrile,155,44.15636499
propionitrile,150,40.93313711
propionitrile,145,37.68080894
propionitrile,140,34.41868786
propionitrile,135,31.16215173
propionitrile,130,27.93589042
propionitrile,125,24.76675322
propionitrile,120,21.68268999
propionitrile,115,18.71806701
propionitrile,110,15.90794022
propionitrile,105,13.28895690
propionitrile,100,10.89475186
propionitrile,95,8.75434081
propionitrile,90,6.88800850
propionitrile,85,5.30390349
propionitrile,80,3.99704522
propionitrile,75,2.94942770
propionitrile,70,2.13296958
propionitrile,65,1.51343332
propionitrile,60,1.05481981
propionitrile,55,0.72291886
propionitrile,50,0.48760565
propionitrile,45,0.32387486
propionitrile,40,0.21191686
propionitrile,35,0.13660914
propionitrile,30,0.08675107
propionitrile,25,0.05425348
propionylchloride,160,25.10944830
propionylchloride,155,21.80774311
propionylchloride,150,18.68790601
propionylchloride,145,15.78376884
propionylchloride,140,13.12667747
propionylchloride,135,10.74132280
propionylchloride,130,8.64364772
propionylchloride,125,6.83896664
propionylchloride,120,5.32090530
propionylchloride,115,4.07251019
propionylchloride,110,3.06821586
propionylchloride,105,2.27705855
propionylchloride,100,1.66592756
propionylchloride,95,1.20235352
propionylchloride,90,0.85654921
propionylchloride,85,0.60255971
propionylchloride,80,0.41868727
propionylchloride,75,0.28738725
propionylchloride,70,0.19485749
propionylchloride,65,0.13048686
propionylchloride,60,0.08627734
propionylchloride,55,0.05630478
propionylchloride,50,0.03625049
propionylchloride,45,0.02301293
propionylchloride,40,0.01439657
propionylchloride,35,0.00886925
propionylchloride,30,0.00537701
propionylchloride,25,0.00320538
n-propylamine,160,46.44616590
n-propylamine,155,43.24937115
n-propylamine,150,40.00020396
n-propylamine,145,36.71320067
n-propylamine,140,33.39818704
n-propylamine,135,30.07815223
n-propylamine,130,26.77594478
n-propylamine,125,23.52264672
n-propylamine,120,20.35254640
n-propylamine,115,17.30854647
n-propylamine,110,14.43617361
n-propylamine,105,11.78302036
n-propylamine,100,9.39316600
n-propylamine,95,7.30204174
n-propylamine,90,5.53023706
n-propylamine,85,4.07979479
n-propylamine,80,2.93336937
n-propylamine,75,2.05788684
n-propylamine,70,1.41066124
n-propylamine,65,0.94624181
n-propylamine,60,0.62188129
n-propylamine,55,0.40081874
n-propylamine,50,0.25349887
n-propylamine,45,0.15735993
n-propylamine,40,0.09586809
n-propylamine,35,0.05730322
n-propylamine,30,0.03358808
n-propylamine,25,0.01929295
1-chloropropane,160,26.88845165
1-chloropropane,155,23.24751582
1-chloropropane,150,19.79973258
1-chloropropane,145,16.59383607
1-chloropropane,140,13.67296465
1-chloropropane,135,11.07065724
1-chloropropane,130,8.80610128
1-chloropropane,125,6.88269128
1-chloropropane,120,5.28816317
1-chloropropane,115,3.99695245
1-chloropropane,110,2.97435007
1-chloropropane,105,2.18104751
1-chloropropane,100,1.57719940
1-chloropropane,95,1.12547980
1-chloropropane,90,0.79291551
1-chloropropane,85,0.55167976
1-chloropropane,80,0.37912089
1-chloropropane,75,0.25733095
1-chloropropane,70,0.17249022
1-chloropropane,65,0.11415089
1-chloropropane,60,0.07455507
1-chloropropane,55,0.04803540
1-chloropropane,50,0.03051421
1-chloropropane,45,0.01910028
1-chloropropane,40,0.01177298
1-chloropropane,35,0.00714050
1-chloropropane,30,0.00425819
1-chloropropane,25,0.00249464
n-propylformate,160,24.63196006
n-propylformate,155,21.25108680
n-propylformate,150,18.07914748
n-propylformate,145,15.15276711
n-propylformate,140,12.50289218
n-propylformate,135,10.15126386
n-propylformate,130,8.10840846
n-propylformate,125,6.37222938
n-propylformate,120,4.92885928
n-propylformate,115,3.75440733
n-propylformate,110,2.81821226
n-propylformate,105,2.08619647
n-propylformate,100,1.52398507
n-propylformate,95,1.09926425
n-propylformate,90,0.78327535
n-propylformate,85,0.55150461
n-propylformate,80,0.38377307
n-propylformate,75,0.26393661
n-propylformate,70,0.17938265
n-propylformate,65,0.12045529
n-propylformate,60,0.07989218
n-propylformate,55,0.05231765
n-propylformate,50,0.03381109
n-propylformate,45,0.02155311
n-propylformate,40,0.01354402
n-propylformate,35,0.00838482
n-propylformate,30,0.00511030
n-propylformate,25,0.00306394
propylmethacrylate,160,11.56730336
propylmethacrylate,155,9.41139343
propylmethacrylate,150,7.56638702
propylmethacrylate,145,6.01272880
propylmethacrylate,140,4.72459895
propylmethacrylate,135,3.67234625
propylmethacrylate,130,2.82473865
propylmethacrylate,125,2.15091601
propylmethacrylate,120,1.62184373
propylmethacrylate,115,1.21124853
propylmethacrylate,110,0.89610958
propylmethacrylate,105,0.65678508
propylmethacrylate,100,0.47688907
propylmethacrylate,95,0.34301260
propylmethacrylate,90,0.24436530
propylmethacrylate,85,0.17239240
propylmethacrylate,80,0.12040227
propylmethacrylate,75,0.08322556
propylmethacrylate,70,0.05691570
propylmethacrylate,65,0.03849375
propylmethacrylate,60,0.02573614
propylmethacrylate,55,0.01700148
propylmethacrylate,50,0.01109171
propylmethacrylate,45,0.00714236
propylmethacrylate,40,0.00453691
propylmethacrylate,35,0.00284106
propylmethacrylate,30,0.00175272
propylmethacrylate,25,0.00106450
propene,160,48.16828275
propene,155,44.23038655
propene,150,40.18108482
propene,145,36.05578065
propene,140,31.90313997
propene,135,27.78281788
propene,130,23.76728249
propene,125,19.93698156
propene,120,16.37321487
propene,115,13.14935722
propene,110,10.32113833
propene,105,7.91823091
propene,100,5.94158396
propene,95,4.36557259
propene,90,3.14515167
propene,85,2.22494281
propene,80,1.54749102
propene,75,1.05930382
propene,70,0.71420393
propene,65,0.47449859
propene,60,0.31070367
propene,55,0.20051458
propene,50,0.12750907
propene,45,0.07986773
propene,40,0.04925161
propene,35,0.02988305
propene,30,0.01782710
propene,25,0.01044835
propylenecarbonate,160,3.51240731
propylenecarbonate,155,2.62076325
propylenecarbonate,150,1.94377733
propylenecarbonate,145,1.43278168
propylenecarbonate,140,1.04937399
propylenecarbonate,135,0.76346649
propylenecarbonate,130,0.55162697
propylenecarbonate,125,0.39571179
propylenecarbonate,120,0.28175354
propylenecarbonate,115,0.19906400
propylenecarbonate,110,0.13951535
propylenecarbonate,105,0.09696768
propylenecarbonate,100,0.06681499
propylenecarbonate,95,0.04562728
propylenecarbonate,90,0.03086997
propylenecarbonate,85,0.02068523
propylenecarbonate,80,0.01372280
propylenecarbonate,75,0.00900994
propylenecarbonate,70,0.00585234
propylenecarbonate,65,0.00375914
propylenecarbonate,60,0.00238678
propylenecarbonate,55,0.00149729
propylenecarbonate,50,0.00092761
propylenecarbonate,45,0.00056724
propylenecarbonate,40,0.00034220
propylenecarbonate,35,0.00020355
propylenecarbonate,30,0.00011931
propylenecarbonate,25,0.00006887
1-chloro-2-propanol,160,16.22789746
1-chloro-2-propanol,155,13.06470273
1-chloro-2-propanol,150,10.31618693
1-chloro-2-propanol,145,7.99331827
1-chloro-2-propanol,140,6.08260936
1-chloro-2-propanol,135,4.55061395
1-chloro-2-propanol,130,3.35083806
1-chloro-2-propanol,125,2.43105446
1-chloro-2-propanol,120,1.73931337
1-chloro-2-propanol,115,1.22800169
1-chloro-2-propanol,110,0.85597843
1-chloro-2-propanol,105,0.58923612
1-chloro-2-propanol,100,0.40061322
1-chloro-2-propanol,95,0.26900272
1-chloro-2-propanol,90,0.17836977
1-chloro-2-propanol,85,0.11676665
1-chloro-2-propanol,80,0.07544314
1-chloro-2-propanol,75,0.04809187
1-chloro-2-propanol,70,0.03023458
1-chloro-2-propanol,65,0.01873833
1-chloro-2-propanol,60,0.01144337
1-chloro-2-propanol,55,0.00688276
1-chloro-2-propanol,50,0.00407506
1-chloro-2-propanol,45,0.00237373
1-chloro-2-propanol,40,0.00135959
1-chloro-2-propanol,35,0.00076523
1-chloro-2-propanol,30,0.00042297
1-chloro-2-propanol,25,0.00022943
propyleneglycol,160,0.88928836
propyleneglycol,155,0.60870421
propyleneglycol,150,0.41310897
propyleneglycol,145,0.27784161
propyleneglycol,140,0.18510103
propyleneglycol,135,0.12210259
propyleneglycol,130,0.07972400
propyleneglycol,125,0.05150626
propyleneglycol,120,0.03291616
propyleneglycol,115,0.02080262
propyleneglycol,110,0.01299801
propyleneglycol,105,0.00802755
propyleneglycol,100,0.00489935
propyleneglycol,95,0.00295426
propyleneglycol,90,0.00175964
propyleneglycol,85,0.00103507
propyleneglycol,80,0.00060117
propyleneglycol,75,0.00034468
propyleneglycol,70,0.00019504
propyleneglycol,65,0.00010890
propyleneglycol,60,0.00005998
propyleneglycol,55,0.00003258
propyleneglycol,50,0.00001745
propyleneglycol,45,0.00000921
propyleneglycol,40,0.00000479
propyleneglycol,35,0.00000245
propyleneglycol,30,0.00000124
propyleneglycol,25,0.00000061
"1-(1,1-dimethylethoxy)-2-propanol",160,8.51425141
"1-(1,1-dimethylethoxy)-2-propanol",155,6.76128051
"1-(1,1-dimethylethoxy)-2-propanol",150,5.31131116
"1-(1,1-dimethylethoxy)-2-propanol",145,4.12897889
"1-(1,1-dimethylethoxy)-2-propanol",140,3.17767941
"1-(1,1-dimethylethoxy)-2-propanol",135,2.42178699
"1-(1,1-dimethylethoxy)-2-propanol",130,1.82818361
"1-(1,1-dimethylethoxy)-2-propanol",125,1.36718230
"1-(1,1-dimethylethoxy)-2-propanol",120,1.01294402
"1-(1,1-dimethylethoxy)-2-propanol",115,0.74352017
"1-(1,1-dimethylethoxy)-2-propanol",110,0.54064553
"1-(1,1-dimethylethoxy)-2-propanol",105,0.38938617
"1-(1,1-dimethylethoxy)-2-propanol",100,0.27771919
"1-(1,1-dimethylethoxy)-2-propanol",95,0.19609874
"1-(1,1-dimethylethoxy)-2-propanol",90,0.13704165
"1-(1,1-dimethylethoxy)-2-propanol",85,0.09475147
"1-(1,1-dimethylethoxy)-2-propanol",80,0.06478956
"1-(1,1-dimethylethoxy)-2-propanol",75,0.04379504
"1-(1,1-dimethylethoxy)-2-propanol",70,0.02925143
"1-(1,1-dimethylethoxy)-2-propanol",65,0.01929571
"1-(1,1-dimethylethoxy)-2-propanol",60,0.01256444
"1-(1,1-dimethylethoxy)-2-propanol",55,0.00807163
"1-(1,1-dimethylethoxy)-2-propanol",50,0.00511295
"1-(1,1-dimethylethoxy)-2-propanol",45,0.00319169
"1-(1,1-dimethylethoxy)-2-propanol",40,0.00196222
"1-(1,1-dimethylethoxy)-2-propanol",35,0.00118735
"1-(1,1-dimethylethoxy)-2-propanol",30,0.00070669
"1-(1,1-dimethylethoxy)-2-propanol",25,0.00041344
1-butoxy-2-propanol,160,6.88274455
1-butoxy-2-propanol,155,5.37156660
1-butoxy-2-propanol,150,4.14903814
1-butoxy-2-propanol,145,3.17290437
1-butoxy-2-propanol,140,2.40295750
1-butoxy-2-propanol,135,1.80256278
1-butoxy-2-propanol,130,1.33944667
1-butoxy-2-propanol,125,0.98593684
1-butoxy-2-propanol,120,0.71882816
1-butoxy-2-propanol,115,0.51902288
1-butoxy-2-propanol,110,0.37105614
1-butoxy-2-propanol,105,0.26258345
1-butoxy-2-propanol,100,0.18387914
1-butoxy-2-propanol,95,0.12737391
1-butoxy-2-propanol,90,0.08724533
1-butoxy-2-propanol,85,0.05906577
1-butoxy-2-propanol,80,0.03950657
1-butoxy-2-propanol,75,0.02609403
1-butoxy-2-propanol,70,0.01701151
1-butoxy-2-propanol,65,0.01094105
1-butoxy-2-propanol,60,0.00693856
1-butoxy-2-propanol,55,0.00433659
1-butoxy-2-propanol,50,0.00266972
1-butoxy-2-propanol,45,0.00161803
1-butoxy-2-propanol,40,0.00096487
1-butoxy-2-propanol,35,0.00056581
1-butoxy-2-propanol,30,0.00032609
1-butoxy-2-propanol,25,0.00018459
1-ethoxy-2-propanol,160,15.49209851
1-ethoxy-2-propanol,155,12.69344329
1-ethoxy-2-propanol,150,10.24243211
1-ethoxy-2-propanol,145,8.14029286
1-ethoxy-2-propanol,140,6.37435721
1-ethoxy-2-propanol,135,4.92042815
1-ethoxy-2-propanol,130,3.74617088
1-ethoxy-2-propanol,125,2.81476542
1-ethoxy-2-propanol,120,2.08833477
1-ethoxy-2-propanol,115,1.53058001
1-ethoxy-2-propanol,110,1.10855606
1-ethoxy-2-propanol,105,0.79359880
1-ethoxy-2-propanol,100,0.56160539
1-ethoxy-2-propanol,95,0.39286818
1-ethoxy-2-propanol,90,0.27164692
1-ethoxy-2-propanol,85,0.18562096
1-ethoxy-2-propanol,80,0.12531590
1-ethoxy-2-propanol,75,0.08356244
1-ethoxy-2-propanol,70,0.05501633
1-ethoxy-2-propanol,65,0.03575049
1-ethoxy-2-propanol,60,0.02291947
1-ethoxy-2-propanol,55,0.01449011
1-ethoxy-2-propanol,50,0.00902997
1-ethoxy-2-propanol,45,0.00554429
1-ethoxy-2-propanol,40,0.00335226
1-ethoxy-2-propanol,35,0.00199500
1-ethoxy-2-propanol,30,0.00116797
1-ethoxy-2-propanol,25,0.00067231
1-ethoxy-2-propanol-acetate,160,10.78397245
1-ethoxy-2-propanol-acetate,155,8.79633324
1-ethoxy-2-propanol-acetate,150,7.09377245
1-ethoxy-2-propanol-acetate,145,5.65739806
1-ethoxy-2-propanol-acetate,140,4.46332454
1-ethoxy-2-propanol-acetate,135,3.48463705
1-ethoxy-2-propanol-acetate,130,2.69319448
1-ethoxy-2-propanol-acetate,125,2.06125104
1-ethoxy-2-propanol-acetate,120,1.56267638
1-ethoxy-2-propanol-acetate,115,1.17375229
1-ethoxy-2-propanol-acetate,110,0.87361044
1-ethoxy-2-propanol-acetate,105,0.64435724
1-ethoxy-2-propanol-acetate,100,0.47098401
1-ethoxy-2-propanol-acetate,95,0.34113810
1-ethoxy-2-propanol-acetate,90,0.24481943
1-ethoxy-2-propanol-acetate,85,0.17405064
1-ethoxy-2-propanol-acetate,80,0.12255170
1-ethoxy-2-propanol-acetate,75,0.08543905
1-ethoxy-2-propanol-acetate,70,0.05895859
1-ethoxy-2-propanol-acetate,65,0.04025633
1-ethoxy-2-propanol-acetate,60,0.02718588
1-ethoxy-2-propanol-acetate,55,0.01815032
1-ethoxy-2-propanol-acetate,50,0.01197432
1-ethoxy-2-propanol-acetate,45,0.00780225
1-ethoxy-2-propanol-acetate,40,0.00501827
1-ethoxy-2-propanol-acetate,35,0.00318417
1-ethoxy-2-propanol-acetate,30,0.00199193
1-ethoxy-2-propanol-acetate,25,0.00122771
1-isopropoxy-2-propanol,160,11.93275294
1-isopropoxy-2-propanol,155,9.64824283
1-isopropoxy-2-propanol,150,7.70048625
1-isopropoxy-2-propanol,145,6.06891652
1-isopropoxy-2-propanol,140,4.72518639
1-isopropoxy-2-propanol,135,3.63613387
1-isopropoxy-2-propanol,130,2.76669958
1-isopropoxy-2-propanol,125,2.08232933
1-isopropoxy-2-propanol,120,1.55071246
1-isopropoxy-2-propanol,115,1.14287187
1-isopropoxy-2-propanol,110,0.83367520
1-isopropoxy-2-propanol,105,0.60191833
1-isopropoxy-2-propanol,100,0.43012042
1-isopropoxy-2-propanol,95,0.30415176
1-isopropoxy-2-propanol,90,0.21278634
1-isopropoxy-2-propanol,85,0.14724095
1-isopropoxy-2-propanol,80,0.10073946
1-isopropoxy-2-propanol,75,0.06812253
1-isopropoxy-2-propanol,70,0.04551118
1-isopropoxy-2-propanol,65,0.03002490
1-isopropoxy-2-propanol,60,0.01955091
1-isopropoxy-2-propanol,55,0.01255878
1-isopropoxy-2-propanol,50,0.00795397
1-isopropoxy-2-propanol,45,0.00496395
1-isopropoxy-2-propanol,40,0.00305082
1-isopropoxy-2-propanol,35,0.00184536
1-isopropoxy-2-propanol,30,0.00109785
1-isopropoxy-2-propanol,25,0.00064195
1-methoxy2-propanol,160,20.30311540
1-methoxy2-propanol,155,16.93829646
1-methoxy2-propanol,150,13.88692851
1-methoxy2-propanol,145,11.18330871
1-methoxy2-propanol,140,8.84550620
1-methoxy2-propanol,135,6.87359610
1-methoxy2-propanol,130,5.25049053
1-methoxy2-propanol,125,3.94551219
1-methoxy2-propanol,120,2.91922647
1-methoxy2-propanol,115,2.12842544
1-methoxy2-propanol,110,1.53038654
1-methoxy2-propanol,105,1.08582588
1-methoxy2-propanol,100,0.76055582
1-methoxy2-propanol,95,0.52606644
1-methoxy2-propanol,90,0.35937907
1-methoxy2-propanol,85,0.24248101
1-methoxy2-propanol,80,0.16157759
1-methoxy2-propanol,75,0.10631458
1-methoxy2-propanol,70,0.06905810
1-methoxy2-propanol,65,0.04427171
1-methoxy2-propanol,60,0.02800210
1-methoxy2-propanol,55,0.01746852
1-methoxy2-propanol,50,0.01074386
1-methoxy2-propanol,45,0.00651223
1-methoxy2-propanol,40,0.00388849
1-methoxy2-propanol,35,0.00228623
1-methoxy2-propanol,30,0.00132295
1-methoxy2-propanol,25,0.00075306
1-methoxy-2-acetoxypropane,160,13.50799369
1-methoxy-2-acetoxypropane,155,11.18382867
1-methoxy-2-acetoxypropane,150,9.14703315
1-methoxy-2-acetoxypropane,145,7.39076228
1-methoxy-2-acetoxypropane,140,5.90070128
1-methoxy-2-acetoxypropane,135,4.65641691
1-methoxy-2-acetoxypropane,130,3.63324043
1-methoxy-2-acetoxypropane,125,2.80416025
1-methoxy-2-acetoxypropane,120,2.14165119
1-methoxy-2-acetoxypropane,115,1.61914638
1-methoxy-2-acetoxypropane,110,1.21211713
1-methoxy-2-acetoxypropane,105,0.89871394
1-methoxy-2-acetoxypropane,100,0.66005530
1-methoxy-2-acetoxypropane,95,0.48023074
1-methoxy-2-acetoxypropane,90,0.34611925
1-methoxy-2-acetoxypropane,85,0.24709951
1-methoxy-2-acetoxypropane,80,0.17471239
1-methoxy-2-acetoxypropane,75,0.12231813
1-methoxy-2-acetoxypropane,70,0.08477332
1-methoxy-2-acetoxypropane,65,0.05814246
1-methoxy-2-acetoxypropane,60,0.03944919
1-methoxy-2-acetoxypropane,55,0.02646792
1-methoxy-2-acetoxypropane,50,0.01755282
1-methoxy-2-acetoxypropane,45,0.01150036
1-methoxy-2-acetoxypropane,40,0.00744025
1-methoxy-2-acetoxypropane,35,0.00475043
1-methoxy-2-acetoxypropane,30,0.00299149
1-methoxy-2-acetoxypropane,25,0.00185683
1-phenoxy-2-propanol,160,10.20101924
1-phenoxy-2-propanol,155,8.24004860
1-phenoxy-2-propanol,150,6.57114230
1-phenoxy-2-propanol,145,5.17461606
1-phenoxy-2-propanol,140,4.02510094
1-phenoxy-2-propanol,135,3.09377811
1-phenoxy-2-propanol,130,2.35052003
1-phenoxy-2-propanol,125,1.76576632
1-phenoxy-2-propanol,120,1.31189593
1-phenoxy-2-propanol,115,0.96411829
1-phenoxy-2-propanol,110,0.70089979
1-phenoxy-2-propanol,105,0.50404365
1-phenoxy-2-propanol,100,0.35852799
1-phenoxy-2-propanol,95,0.25219936
1-phenoxy-2-propanol,90,0.17539828
1-phenoxy-2-propanol,85,0.12056918
1-phenoxy-2-propanol,80,0.08188878
1-phenoxy-2-propanol,75,0.05493115
1-phenoxy-2-propanol,70,0.03637746
1-phenoxy-2-propanol,65,0.02377195
1-phenoxy-2-propanol,60,0.01532157
1-phenoxy-2-propanol,55,0.00973473
1-phenoxy-2-propanol,50,0.00609386
1-phenoxy-2-propanol,45,0.00375632
1-phenoxy-2-propanol,40,0.00227866
1-phenoxy-2-propanol,35,0.00135948
1-phenoxy-2-propanol,30,0.00079719
1-phenoxy-2-propanol,25,0.00045914
1-propoxy-2-propanol,160,10.25512922
1-propoxy-2-propanol,155,8.15541283
1-propoxy-2-propanol,150,6.40284610
1-propoxy-2-propanol,145,4.96525536
1-propoxy-2-propanol,140,3.80512058
1-propoxy-2-propanol,135,2.88302267
1-propoxy-2-propanol,130,2.16043660
1-propoxy-2-propanol,125,1.60165256
1-propoxy-2-propanol,120,1.17490690
1-propoxy-2-propanol,115,0.85286059
1-propoxy-2-propanol,110,0.61260686
1-propoxy-2-propanol,105,0.43537901
1-propoxy-2-propanol,100,0.30609396
1-propoxy-2-propanol,95,0.21283123
1-propoxy-2-propanol,90,0.14631103
1-propoxy-2-propanol,85,0.09940948
1-propoxy-2-propanol,80,0.06672968
1-propoxy-2-propanol,75,0.04423526
1-propoxy-2-propanol,70,0.02894566
1-propoxy-2-propanol,65,0.01868793
1-propoxy-2-propanol,60,0.01189851
1-propoxy-2-propanol,55,0.00746726
1-propoxy-2-propanol,50,0.00461684
1-propoxy-2-propanol,45,0.00281072
1-propoxy-2-propanol,40,0.00168402
1-propoxy-2-propanol,35,0.00099241
1-propoxy-2-propanol,30,0.00057492
1-propoxy-2-propanol,25,0.00032722
2-methylaziridine,160,48.06297058
2-methylaziridine,155,44.94805370
2-methylaziridine,150,41.77679474
2-methylaziridine,145,38.55922517
2-methylaziridine,140,35.30594593
2-methylaziridine,135,32.03393718
2-methylaziridine,130,28.76402317
2-methylaziridine,125,25.51817985
2-methylaziridine,120,22.33126255
2-methylaziridine,115,19.23628629
2-methylaziridine,110,16.27787861
2-methylaziridine,105,13.50044068
2-methylaziridine,100,10.95063823
2-methylaziridine,95,8.67019328
2-methylaziridine,90,6.69098129
2-methylaziridine,85,5.02908991
2-methylaziridine,80,3.68173996
2-methylaziridine,75,2.62739519
2-methylaziridine,70,1.83018981
2-methylaziridine,65,1.24641321
2-methylaziridine,60,0.83121400
2-methylaziridine,55,0.54354343
2-methylaziridine,50,0.34886967
2-methylaziridine,45,0.21992567
2-methylaziridine,40,0.13620714
2-methylaziridine,35,0.08287726
2-methylaziridine,30,0.04953128
2-methylaziridine,25,0.02906348
"1,2-epoxypropane",160,46.40143766
"1,2-epoxypropane",155,43.30224364
"1,2-epoxypropane",150,40.17662408
"1,2-epoxypropane",145,37.03687305
"1,2-epoxypropane",140,33.89673606
"1,2-epoxypropane",135,30.77445244
"1,2-epoxypropane",130,27.68809897
"1,2-epoxypropane",125,24.65857882
"1,2-epoxypropane",120,21.71253436
"1,2-epoxypropane",115,18.87521174
"1,2-epoxypropane",110,16.17790585
"1,2-epoxypropane",105,13.65041152
"1,2-epoxypropane",100,11.32179985
"1,2-epoxypropane",95,9.21851476
"1,2-epoxypropane",90,7.36044898
"1,2-epoxypropane",85,5.75869229
"1,2-epoxypropane",80,4.41358528
"1,2-epoxypropane",75,3.31428547
"1,2-epoxypropane",70,2.43992731
"1,2-epoxypropane",65,1.76256446
"1,2-epoxypropane",60,1.25067754
"1,2-epoxypropane",55,0.87262048
"1,2-epoxypropane",50,0.59920699
"1,2-epoxypropane",45,0.40523166
"1,2-epoxypropane",40,0.27002621
"1,2-epoxypropane",35,0.17733097
"1,2-epoxypropane",30,0.11477460
"1,2-epoxypropane",25,0.07320049
propiolonitrile,160,49.24983601
propiolonitrile,155,46.03122483
propiolonitrile,150,42.75229187
propiolonitrile,145,39.42403897
propiolonitrile,140,36.06591253
propiolonitrile,135,32.69591864
propiolonitrile,130,29.34013936
propiolonitrile,125,26.02731663
propiolonitrile,120,22.79120132
propiolonitrile,115,19.67222226
propiolonitrile,110,16.71121259
propiolonitrile,105,13.94997308
propiolonitrile,100,11.42802509
propiolonitrile,95,9.17822491
propiolonitrile,90,7.22206547
propiolonitrile,85,5.56711981
propiolonitrile,80,4.20585083
propiolonitrile,75,3.11681868
propiolonitrile,70,2.26844035
propiolonitrile,65,1.62361723
propiolonitrile,60,1.14433794
propiolonitrile,55,0.79515369
propiolonitrile,50,0.54524600
propiolonitrile,45,0.36922544
propiolonitrile,40,0.24703634
propiolonitrile,35,0.16335102
propiolonitrile,30,0.10676263
propiolonitrile,25,0.06896583
pulegone,160,9.76792297
pulegone,155,7.94654347
pulegone,150,6.39624925
pulegone,145,5.09501782
pulegone,140,4.01752146
pulegone,135,3.13682976
pulegone,130,2.42587178
pulegone,125,1.85866256
pulegone,120,1.41118029
pulegone,115,1.06189833
pulegone,110,0.79203733
pulegone,105,0.58558208
pulegone,100,0.42914126
pulegone,95,0.31170885
pulegone,90,0.22437634
pulegone,85,0.16003141
pulegone,80,0.11306681
pulegone,75,0.07911341
pulegone,70,0.05480456
pulegone,65,0.03757386
pulegone,60,0.02548551
pulegone,55,0.01709468
pulegone,50,0.01133434
pulegone,45,0.00742494
pulegone,40,0.00480319
pulegone,35,0.00306671
pulegone,30,0.00193140
pulegone,25,0.00119911
pyrazole,160,11.85109877
pyrazole,155,9.20488020
pyrazole,150,7.05194599
pyrazole,145,5.33454959
pyrazole,140,3.98846824
pyrazole,135,2.94981171
pyrazole,130,2.15950309
pyrazole,125,1.56569996
pyrazole,120,1.12465513
pyrazole,115,0.80055686
pyrazole,110,0.56478907
pyrazole,105,0.39493221
pyrazole,100,0.27371004
pyrazole,95,0.18799897
pyrazole,90,0.12795619
pyrazole,85,0.08628519
pyrazole,80,0.05763612
pyrazole,75,0.03812758
pyrazole,70,0.02497247
pyrazole,65,0.01618987
pyrazole,60,0.01038620
pyrazole,55,0.00659117
pyrazole,50,0.00413630
pyrazole,45,0.00256591
pyrazole,40,0.00157282
pyrazole,35,0.00095221
pyrazole,30,0.00056912
pyrazole,25,0.00033563
pyridazine,160,17.82881442
pyridazine,155,14.71623489
pyridazine,150,11.96840238
pyridazine,145,9.59000911
pyridazine,140,7.57202181
pyridazine,135,5.89333797
pyridazine,130,4.52352080
pyridazine,125,3.42615003
pyridazine,120,2.56221073
pyridazine,115,1.89301550
pyridazine,110,1.38244287
pyridazine,105,0.99832662
pyridazine,100,0.71311629
pyridazine,95,0.50395213
pyridazine,90,0.35236258
pyridazine,85,0.24375179
pyridazine,80,0.16680529
pyridazine,75,0.11289844
pyridazine,70,0.07555520
pyridazine,65,0.04997987
pyridazine,60,0.03266731
pyridazine,55,0.02108779
pyridazine,50,0.01343821
pyridazine,45,0.00844926
pyridazine,40,0.00523866
pyridazine,35,0.00320099
pyridazine,30,0.00192633
pyridazine,25,0.00114094
pyridine,160,36.40986961
pyridine,155,33.24507102
pyridine,150,30.11990996
pyridine,145,27.05144141
pyridine,140,24.06081678
pyridine,135,21.16930154
pyridine,130,18.40177472
pyridine,125,15.78424118
pyridine,120,13.34185809
pyridine,115,11.09921670
pyridine,110,9.07716584
pyridine,105,7.29115786
pyridine,100,5.74843966
pyridine,95,4.44746163
pyridine,90,3.37699959
pyridine,85,2.51774742
pyridine,80,1.84443038
pyridine,75,1.32873457
pyridine,70,0.94209861
pyridine,65,0.65788559
pyridine,60,0.45273490
pyridine,55,0.30714026
pyridine,50,0.20544880
pyridine,45,0.13549991
pyridine,40,0.08809784
pyridine,35,0.05644710
pyridine,30,0.03562646
pyridine,25,0.02213684
pyrimidine,160,31.18595697
pyrimidine,155,27.74603261
pyrimidine,150,24.40370075
pyrimidine,145,21.19216116
pyrimidine,140,18.14709281
pyrimidine,135,15.30316330
pyrimidine,130,12.69337635
pyrimidine,125,10.34567988
pyrimidine,120,8.27941511
pyrimidine,115,6.50330329
pyrimidine,110,5.01372048
pyrimidine,105,3.79524241
pyrimidine,100,2.82269582
pyrimidine,95,2.06443031
pyrimidine,90,1.48606585
pyrimidine,85,1.05376438
pyrimidine,80,0.73658686
pyrimidine,75,0.50781744
pyrimidine,70,0.34541361
pyrimidine,65,0.23183721
pyrimidine,60,0.15354252
pyrimidine,55,0.10032324
pyrimidine,50,0.06465060
pyrimidine,45,0.04107387
pyrimidine,40,0.02571370
pyrimidine,35,0.01585326
pyrimidine,30,0.00961932
pyrimidine,25,0.00574025
"1,2,3-trihydroxybenzene",160,27.20432821
"1,2,3-trihydroxybenzene",155,25.00235348
"1,2,3-trihydroxybenzene",150,22.93441197
"1,2,3-trihydroxybenzene",145,21.00338763
"1,2,3-trihydroxybenzene",140,19.20818124
"1,2,3-trihydroxybenzene",135,17.54656371
"1,2,3-trihydroxybenzene",130,16.01648096
"1,2,3-trihydroxybenzene",125,14.61488663
"1,2,3-trihydroxybenzene",120,13.33771572
"1,2,3-trihydroxybenzene",115,12.18054192
"1,2,3-trihydroxybenzene",110,11.13747939
"1,2,3-trihydroxybenzene",105,10.20346441
"1,2,3-trihydroxybenzene",100,9.37211681
"1,2,3-trihydroxybenzene",95,8.63787186
"1,2,3-trihydroxybenzene",90,7.99476765
"1,2,3-trihydroxybenzene",85,7.43699170
"1,2,3-trihydroxybenzene",80,6.95935397
"1,2,3-trihydroxybenzene",75,6.55698255
"1,2,3-trihydroxybenzene",70,6.22591067
"1,2,3-trihydroxybenzene",65,5.96245764
"1,2,3-trihydroxybenzene",60,5.76404564
"1,2,3-trihydroxybenzene",55,5.62880550
"1,2,3-trihydroxybenzene",50,5.55609163
"1,2,3-trihydroxybenzene",45,5.54600007
"1,2,3-trihydroxybenzene",40,5.59948160
"1,2,3-trihydroxybenzene",35,5.71859675
"1,2,3-trihydroxybenzene",30,5.90570395
"1,2,3-trihydroxybenzene",25,6.16434413
pyrrole,160,40.04838563
pyrrole,155,36.80708238
pyrrole,150,33.58723629
pyrrole,145,30.40883491
pyrrole,140,27.29434309
pyrrole,135,24.26409327
pyrrole,130,21.34505956
pyrrole,125,18.56228744
pyrrole,120,15.94160828
pyrrole,115,13.50778653
pyrrole,110,11.28231511
pyrrole,105,9.28234815
pyrrole,100,7.51855135
pyrrole,95,5.99386612
pyrrole,90,4.70328026
pyrrole,85,3.63367331
pyrrole,80,2.76558904
pyrrole,75,2.07511069
pyrrole,70,1.53622662
pyrrole,65,1.12299406
pyrrole,60,0.81119772
pyrrole,55,0.57939106
pyrrole,50,0.40937628
pyrrole,45,0.28623795
pyrrole,40,0.19809554
pyrrole,35,0.13570660
pyrrole,30,0.09202273
pyrrole,25,0.06175982
pyrrolidine,160,39.27057667
pyrrolidine,155,36.03528820
pyrrolidine,150,32.81332126
pyrrolidine,145,29.62199245
pyrrolidine,140,26.48183108
pyrrolidine,135,23.41752620
pyrrolidine,130,20.45304252
pyrrolidine,125,17.61838975
pyrrolidine,120,14.94449164
pyrrolidine,115,12.46174610
pyrrolidine,110,10.19929017
pyrrolidine,105,8.18181944
pyrrolidine,100,6.42581330
pyrrolidine,95,4.93744503
pyrrolidine,90,3.71104690
pyrrolidine,85,2.72921932
pyrrolidine,80,1.96532956
pyrrolidine,75,1.38705514
pyrrolidine,70,0.96039260
pyrrolidine,65,0.65297787
pyrrolidine,60,0.43627249
pyrrolidine,55,0.28657367
pyrrolidine,50,0.18511212
pyrrolidine,45,0.11758525
pyrrolidine,40,0.07343456
pyrrolidine,35,0.04507266
pyrrolidine,30,0.02717467
pyrrolidine,25,0.01608332
2-oxo-propanenitrile,160,22.78904010
2-oxo-propanenitrile,155,18.73702062
2-oxo-propanenitrile,150,15.08464716
2-oxo-propanenitrile,145,11.89492780
2-oxo-propanenitrile,140,9.19545109
2-oxo-propanenitrile,135,6.97828339
2-oxo-propanenitrile,130,5.20653971
2-oxo-propanenitrile,125,3.82496108
2-oxo-propanenitrile,120,2.77050899
2-oxo-propanenitrile,115,1.98068290
2-oxo-propanenitrile,110,1.39875370
2-oxo-propanenitrile,105,0.97627576
2-oxo-propanenitrile,100,0.67366254
2-oxo-propanenitrile,95,0.45962198
2-oxo-propanenitrile,90,0.31004845
2-oxo-propanenitrile,85,0.20675514
2-oxo-propanenitrile,80,0.13625903
2-oxo-propanenitrile,75,0.08871685
2-oxo-propanenitrile,70,0.05704265
2-oxo-propanenitrile,65,0.03620288
2-oxo-propanenitrile,60,0.02266793
2-oxo-propanenitrile,55,0.01399467
2-oxo-propanenitrile,50,0.00851400
2-oxo-propanenitrile,45,0.00510086
2-oxo-propanenitrile,40,0.00300743
2-oxo-propanenitrile,35,0.00174369
2-oxo-propanenitrile,30,0.00099341
2-oxo-propanenitrile,25,0.00055567
quinine,160,4.27419991
quinine,155,3.41598678
quinine,150,2.70790031
quinine,145,2.12934867
quinine,140,1.66109355
quinine,135,1.28558211
quinine,130,0.98713036
quinine,125,0.75199165
quinine,120,0.56832017
quinine,115,0.42606401
quinine,110,0.31681163
quinine,105,0.23361332
quinine,100,0.17079439
quinine,95,0.12377207
quinine,90,0.08888392
quinine,85,0.06323228
quinine,80,0.04454705
quinine,75,0.03106698
quinine,70,0.02143879
quinine,65,0.01463288
quinine,60,0.00987371
quinine,55,0.00658309
quinine,50,0.00433452
quinine,45,0.00281682
quinine,40,0.00180557
quinine,35,0.00114081
quinine,30,0.00070999
quinine,25,0.00043491
chinoline,160,20.15712687
chinoline,155,17.46887381
chinoline,150,14.96960201
chinoline,145,12.67442509
chinoline,140,10.59508077
chinoline,135,8.73947868
chinoline,130,7.11016918
chinoline,125,5.70407997
chinoline,120,4.51205290
chinoline,115,3.51969574
chinoline,110,2.70833006
chinoline,105,2.05650106
chinoline,100,1.54160197
chinoline,95,1.14133969
chinoline,90,0.83486536
chinoline,85,0.60353308
chinoline,80,0.43126891
chinoline,75,0.30464243
chinoline,70,0.21272260
chinoline,65,0.14681122
chinoline,60,0.10012158
chinoline,55,0.06745001
chinoline,50,0.04486954
chinoline,45,0.02946015
chinoline,40,0.01908104
chinoline,35,0.01218417
chinoline,30,0.00766538
chinoline,25,0.00474795
saccharin,160,0.48096748
saccharin,155,0.35772636
saccharin,150,0.26464972
saccharin,145,0.19466993
saccharin,140,0.14232159
saccharin,135,0.10338004
saccharin,130,0.07458556
saccharin,125,0.05343052
saccharin,120,0.03799345
saccharin,115,0.02680915
saccharin,110,0.01876649
saccharin,105,0.01302802
saccharin,100,0.00896679
saccharin,95,0.00611679
saccharin,90,0.00413425
saccharin,85,0.00276766
saccharin,80,0.00183451
saccharin,75,0.00120354
saccharin,70,0.00078121
saccharin,65,0.00050150
saccharin,60,0.00031826
saccharin,55,0.00019957
saccharin,50,0.00012361
saccharin,45,0.00007557
saccharin,40,0.00004559
saccharin,35,0.00002712
saccharin,30,0.00001590
saccharin,25,0.00000918
salicylicaldehyde,160,15.25881077
salicylicaldehyde,155,12.66380369
salicylicaldehyde,150,10.36448134
salicylicaldehyde,145,8.36413767
salicylicaldehyde,140,6.65626510
salicylicaldehyde,135,5.22516517
salicylicaldehyde,130,4.04773186
salicylicaldehyde,125,3.09587322
salicylicaldehyde,120,2.33907149
salicylicaldehyde,115,1.74665764
salicylicaldehyde,110,1.28962125
salicylicaldehyde,105,0.94178266
salicylicaldehyde,100,0.68041126
salicylicaldehyde,95,0.48637938
salicylicaldehyde,90,0.34400637
salicylicaldehyde,85,0.24071771
salicylicaldehyde,80,0.16661885
salicylicaldehyde,75,0.11405261
salicylicaldehyde,70,0.07718118
salicylicaldehyde,65,0.05161497
salicylicaldehyde,60,0.03409624
salicylicaldehyde,55,0.02223767
salicylicaldehyde,50,0.01431159
salicylicaldehyde,45,0.00908332
salicylicaldehyde,40,0.00568175
salicylicaldehyde,35,0.00350025
salicylicaldehyde,30,0.00212214
salicylicaldehyde,25,0.00126521
salicylicacid,160,19.04582961
salicylicacid,155,16.64481091
salicylicacid,150,14.43070374
salicylicacid,145,12.40791955
salicylicacid,140,10.57812102
salicylicacid,135,8.93988724
salicylicacid,130,7.48910839
salicylicacid,125,6.21860311
salicylicacid,120,5.11877183
salicylicacid,115,4.17756210
salicylicacid,110,3.38123436
salicylicacid,105,2.71497969
salicylicacid,100,2.16352426
salicylicacid,95,1.71172507
salicylicacid,90,1.34512191
salicylicacid,85,1.05030712
salicylicacid,80,0.81519170
salicylicacid,75,0.62912390
salicylicacid,70,0.48291382
salicylicacid,65,0.36877613
salicylicacid,60,0.28021682
salicylicacid,55,0.21189423
salicylicacid,50,0.15946639
salicylicacid,45,0.11944070
salicylicacid,40,0.08903348
salicylicacid,35,0.06604405
salicylicacid,30,0.04874519
salicylicacid,25,0.03579009
decanedioicacid,160,0.79755133
decanedioicacid,155,0.58470185
decanedioicacid,150,0.42559159
decanedioicacid,145,0.30745828
decanedioicacid,140,0.22037914
decanedioicacid,135,0.15667742
decanedioicacid,130,0.11044803
decanedioicacid,125,0.07717766
decanedioicacid,120,0.05344112
decanedioicacid,115,0.03665888
decanedioicacid,110,0.02490419
decanedioicacid,105,0.01675036
decanedioicacid,100,0.01115070
decanedioicacid,95,0.00734467
decanedioicacid,90,0.00478516
decanedioicacid,85,0.00308272
decanedioicacid,80,0.00196307
decanedioicacid,75,0.00123523
decanedioicacid,70,0.00076773
decanedioicacid,65,0.00047114
decanedioicacid,60,0.00028535
decanedioicacid,55,0.00017050
decanedioicacid,50,0.00010045
decanedioicacid,45,0.00005832
decanedioicacid,40,0.00003336
decanedioicacid,35,0.00001878
decanedioicacid,30,0.00001040
decanedioicacid,25,0.00000566
sec-butylacetate,160,15.00321103
sec-butylacetate,155,12.44689610
sec-butylacetate,150,10.19431114
sec-butylacetate,145,8.24317765
sec-butylacetate,140,6.58197092
sec-butylacetate,135,5.19129234
sec-butylacetate,130,4.04598921
sec-butylacetate,125,3.11739010
sec-butylacetate,120,2.37554130
sec-butylacetate,115,1.79106000
sec-butylacetate,110,1.33652990
sec-butylacetate,105,0.98736596
sec-butylacetate,100,0.72224000
sec-butylacetate,95,0.52314707
sec-butylacetate,90,0.37523492
sec-butylacetate,85,0.26649192
sec-butylacetate,80,0.18736954
sec-butylacetate,75,0.13039257
sec-butylacetate,70,0.08978934
sec-butylacetate,65,0.06116049
sec-butylacetate,60,0.04119327
sec-butylacetate,55,0.02742244
sec-butylacetate,50,0.01803460
sec-butylacetate,45,0.01171133
sec-butylacetate,40,0.00750525
sec-butylacetate,35,0.00474379
sec-butylacetate,30,0.00295535
sec-butylacetate,25,0.00181352
methylindole,160,26.36575986
methylindole,155,23.86295457
methylindole,150,21.47076753
methylindole,145,19.19607220
methylindole,140,17.04615252
methylindole,135,15.02722033
methylindole,130,13.14459310
methylindole,125,11.40295010
methylindole,120,9.80589530
methylindole,115,8.35530648
methylindole,110,7.05144187
methylindole,105,5.89272533
methylindole,100,4.87518394
methylindole,95,3.99265299
methylindole,90,3.23708052
methylindole,85,2.59855034
methylindole,80,2.06588339
methylindole,75,1.62714601
methylindole,70,1.27018335
methylindole,65,0.98312848
methylindole,60,0.75482199
methylindole,55,0.57510991
methylindole,50,0.43500761
methylindole,45,0.32676339
methylindole,40,0.24383354
methylindole,35,0.18079702
methylindole,30,0.13323697
methylindole,25,0.09760622
octadecanoicacid,160,0.82752123
octadecanoicacid,155,0.62434414
octadecanoicacid,150,0.46778577
octadecanoicacid,145,0.34793033
octadecanoicacid,140,0.25680353
octadecanoicacid,135,0.18802279
octadecanoicacid,130,0.13650656
octadecanoicacid,125,0.09823307
octadecanoicacid,120,0.07003980
octadecanoicacid,115,0.04945731
octadecanoicacid,110,0.03457189
octadecanoicacid,105,0.02391242
octadecanoicacid,100,0.01635779
octadecanoicacid,95,0.01106142
octadecanoicacid,90,0.00739021
octadecanoicacid,85,0.00487560
octadecanoicacid,80,0.00317452
octadecanoicacid,75,0.00203868
octadecanoicacid,70,0.00129055
octadecanoicacid,65,0.00080477
octadecanoicacid,60,0.00049402
octadecanoicacid,55,0.00029832
octadecanoicacid,50,0.00017707
octadecanoicacid,45,0.00010323
octadecanoicacid,40,0.00005906
octadecanoicacid,35,0.00003313
octadecanoicacid,30,0.00001821
octadecanoicacid,25,0.00000979
styrene,160,22.53383162
styrene,155,19.49916652
styrene,150,16.66650640
styrene,145,14.06019153
styrene,140,11.69944829
styrene,135,9.59715113
styrene,130,7.75879902
styrene,125,6.18119690
styrene,120,4.85319463
styrene,115,3.75652515
styrene,110,2.86766193
styrene,105,2.16003924
styrene,100,1.60620814
styrene,95,1.17961996
styrene,90,0.85593643
styrene,85,0.61377907
styrene,80,0.43502700
styrene,75,0.30476535
styrene,70,0.21101995
styrene,65,0.14438053
styrene,60,0.09758858
styrene,55,0.06513827
styrene,50,0.04291696
styrene,45,0.02789687
styrene,40,0.01787992
styrene,35,0.01129231
styrene,30,0.00702268
styrene,25,0.00429731
styreneoxide,160,17.92353117
styreneoxide,155,15.19163378
styreneoxide,150,12.70917043
styreneoxide,145,10.48928386
styreneoxide,140,8.53809041
styreneoxide,135,6.85337614
styreneoxide,130,5.42516558
styreneoxide,125,4.23637351
styreneoxide,120,3.26444713
styreneoxide,115,2.48343496
styreneoxide,110,1.86607179
styreneoxide,105,1.38556390
styreneoxide,100,1.01697084
styreneoxide,95,0.73806698
styreneoxide,90,0.52974184
styreneoxide,85,0.37604823
styreneoxide,80,0.26400856
styreneoxide,75,0.18328633
styreneoxide,70,0.12580090
styreneoxide,65,0.08533922
styreneoxide,60,0.05719567
styreneoxide,55,0.03785624
styreneoxide,50,0.02473178
styreneoxide,45,0.01593956
styreneoxide,40,0.01012828
styreneoxide,35,0.00634083
styreneoxide,30,0.00390837
styreneoxide,25,0.00237000
"dihydro-2,5-furandione",160,0.04595766
"dihydro-2,5-furandione",155,0.03134310
"dihydro-2,5-furandione",150,0.02119628
"dihydro-2,5-furandione",145,0.01420858
"dihydro-2,5-furandione",140,0.00943759
"dihydro-2,5-furandione",135,0.00620927
"dihydro-2,5-furandione",130,0.00404519
"dihydro-2,5-furandione",125,0.00260858
"dihydro-2,5-furandione",120,0.00166451
"dihydro-2,5-furandione",115,0.00105058
"dihydro-2,5-furandione",110,0.00065564
"dihydro-2,5-furandione",105,0.00040443
"dihydro-2,5-furandione",100,0.00024648
"dihydro-2,5-furandione",95,0.00014835
"dihydro-2,5-furandione",90,0.00008815
"dihydro-2,5-furandione",85,0.00005168
"dihydro-2,5-furandione",80,0.00002988
"dihydro-2,5-furandione",75,0.00001704
"dihydro-2,5-furandione",70,0.00000957
"dihydro-2,5-furandione",65,0.00000529
"dihydro-2,5-furandione",60,0.00000288
"dihydro-2,5-furandione",55,0.00000154
"dihydro-2,5-furandione",50,0.00000081
"dihydro-2,5-furandione",45,0.00000042
"dihydro-2,5-furandione",40,0.00000021
"dihydro-2,5-furandione",35,0.00000011
"dihydro-2,5-furandione",30,0.00000005
"dihydro-2,5-furandione",25,0.00000002
butanedinitrile,160,0.02709103
butanedinitrile,155,0.01836221
butanedinitrile,150,0.01233670
butanedinitrile,145,0.00821304
butanedinitrile,140,0.00541624
butanedinitrile,135,0.00353702
butanedinitrile,130,0.00228655
butanedinitrile,125,0.00146278
butanedinitrile,120,0.00092573
butanedinitrile,115,0.00057935
butanedinitrile,110,0.00035842
butanedinitrile,105,0.00021911
butanedinitrile,100,0.00013231
butanedinitrile,95,0.00007889
butanedinitrile,90,0.00004642
butanedinitrile,85,0.00002695
butanedinitrile,80,0.00001543
butanedinitrile,75,0.00000870
butanedinitrile,70,0.00000484
butanedinitrile,65,0.00000265
butanedinitrile,60,0.00000143
butanedinitrile,55,0.00000076
butanedinitrile,50,0.00000039
butanedinitrile,45,0.00000020
butanedinitrile,40,0.00000010
butanedinitrile,35,0.00000005
butanedinitrile,30,0.00000002
butanedinitrile,25,0.00000001
sulfanilamide,160,0.03314903
sulfanilamide,155,0.02385282
sulfanilamide,150,0.01704691
sulfanilamide,145,0.01209719
sulfanilamide,140,0.00852223
sulfanilamide,135,0.00595870
sulfanilamide,130,0.00413406
sulfanilamide,125,0.00284530
sulfanilamide,120,0.00194224
sulfanilamide,115,0.00131460
sulfanilamide,110,0.00088206
sulfanilamide,105,0.00058655
sulfanilamide,100,0.00038645
sulfanilamide,95,0.00025221
sulfanilamide,90,0.00016300
sulfanilamide,85,0.00010429
sulfanilamide,80,0.00006604
sulfanilamide,75,0.00004138
sulfanilamide,70,0.00002564
sulfanilamide,65,0.00001571
sulfanilamide,60,0.00000951
sulfanilamide,55,0.00000569
sulfanilamide,50,0.00000336
sulfanilamide,45,0.00000196
sulfanilamide,40,0.00000113
sulfanilamide,35,0.00000064
sulfanilamide,30,0.00000036
sulfanilamide,25,0.00000020
"tetrahydrothiophene-1,1-dioxide",160,2.46276502
"tetrahydrothiophene-1,1-dioxide",155,1.91751469
"tetrahydrothiophene-1,1-dioxide",150,1.48581888
"tetrahydrothiophene-1,1-dioxide",145,1.14562969
"tetrahydrothiophene-1,1-dioxide",140,0.87886466
"tetrahydrothiophene-1,1-dioxide",135,0.67073695
"tetrahydrothiophene-1,1-dioxide",130,0.50920246
"tetrahydrothiophene-1,1-dioxide",125,0.38449685
"tetrahydrothiophene-1,1-dioxide",120,0.28874478
"tetrahydrothiophene-1,1-dioxide",115,0.21562920
"tetrahydrothiophene-1,1-dioxide",110,0.16011180
"tetrahydrothiophene-1,1-dioxide",105,0.11819752
"tetrahydrothiophene-1,1-dioxide",100,0.08673730
"tetrahydrothiophene-1,1-dioxide",95,0.06326378
"tetrahydrothiophene-1,1-dioxide",90,0.04585545
"tetrahydrothiophene-1,1-dioxide",85,0.03302507
"tetrahydrothiophene-1,1-dioxide",80,0.02362867
"tetrahydrothiophene-1,1-dioxide",75,0.01679184
"tetrahydrothiophene-1,1-dioxide",70,0.01185049
"tetrahydrothiophene-1,1-dioxide",65,0.00830354
"tetrahydrothiophene-1,1-dioxide",60,0.00577543
"tetrahydrothiophene-1,1-dioxide",55,0.00398654
"tetrahydrothiophene-1,1-dioxide",50,0.00273018
"tetrahydrothiophene-1,1-dioxide",45,0.00185462
"tetrahydrothiophene-1,1-dioxide",40,0.00124928
"tetrahydrothiophene-1,1-dioxide",35,0.00083422
"tetrahydrothiophene-1,1-dioxide",30,0.00055204
"tetrahydrothiophene-1,1-dioxide",25,0.00036190
sulfurcyanide,160,32.94588721
sulfurcyanide,155,29.62477546
sulfurcyanide,150,26.36195441
sulfurcyanide,145,23.18640242
sulfurcyanide,140,20.12804024
sulfurcyanide,135,17.21890659
sulfurcyanide,130,14.49365006
sulfurcyanide,125,11.98541832
sulfurcyanide,120,9.72398419
sulfurcyanide,115,7.73185593
sulfurcyanide,110,6.02116597
sulfurcyanide,105,4.59158306
sulfurcyanide,100,3.42971848
sulfurcyanide,95,2.51118358
sulfurcyanide,90,1.80400239
sulfurcyanide,85,1.27287531
sulfurcyanide,80,0.88297150
sulfurcyanide,75,0.60265008
sulfurcyanide,70,0.40493493
sulfurcyanide,65,0.26794393
sulfurcyanide,60,0.17461291
sulfurcyanide,55,0.11205389
sulfurcyanide,50,0.07078843
sulfurcyanide,45,0.04400311
sulfurcyanide,40,0.02689898
sulfurcyanide,35,0.01615913
sulfurcyanide,30,0.00953205
sulfurcyanide,25,0.00551644
so2,160,100.00000000
so2,155,44.03509707
so2,150,41.22597282
so2,145,38.41444202
so2,140,35.61004166
so2,135,32.81923732
so2,130,30.05385965
so2,125,27.32289634
so2,120,24.64064041
so2,115,22.01744005
so2,110,19.47171521
so2,105,17.01851133
so2,100,14.67684892
so2,95,12.46609549
so2,90,10.40820098
so2,85,8.52281752
so2,80,6.82985876
so2,75,5.34507723
so2,70,4.07811399
so2,65,3.03008734
so2,60,2.19182622
so2,55,1.54440321
so2,50,1.06137279
so2,45,0.71262518
so2,40,0.46828039
so2,35,0.30163856
so2,30,0.19069302
so2,25,0.11841408
sulfurylchloride,160,8.03362135
sulfurylchloride,155,6.18144295
sulfurylchloride,150,4.70041961
sulfurylchloride,145,3.53634291
sulfurylchloride,140,2.63459912
sulfurylchloride,135,1.94475475
sulfurylchloride,130,1.42281410
sulfurylchloride,125,1.03186762
sulfurylchloride,120,0.74180144
sulfurylchloride,115,0.52854997
sulfurylchloride,110,0.37318929
sulfurylchloride,105,0.26103521
sulfurylchloride,100,0.18082380
sulfurylchloride,95,0.12400537
sulfurylchloride,90,0.08415508
sulfurylchloride,85,0.05649211
sulfurylchloride,80,0.03749409
sulfurylchloride,75,0.02459192
sulfurylchloride,70,0.01593130
sulfurylchloride,65,0.01018826
sulfurylchloride,60,0.00642815
sulfurylchloride,55,0.00399890
sulfurylchloride,50,0.00245121
sulfurylchloride,45,0.00147946
sulfurylchloride,40,0.00087859
sulfurylchloride,35,0.00051297
sulfurylchloride,30,0.00029421
sulfurylchloride,25,0.00016561
tert-butylacetate,160,13.93438670
tert-butylacetate,155,11.45699292
tert-butylacetate,150,9.29933828
tert-butylacetate,145,7.45279316
tert-butylacetate,140,5.89944054
tert-butylacetate,135,4.61429948
tert-butylacetate,130,3.56779621
tert-butylacetate,125,2.72829192
tert-butylacetate,120,2.06423570
tert-butylacetate,115,1.54582458
tert-butylacetate,110,1.14607576
tert-butylacetate,105,0.84139692
tert-butylacetate,100,0.61173976
tert-butylacetate,95,0.44047092
tert-butylacetate,90,0.31406855
tert-butylacetate,85,0.22173209
tert-butylacetate,80,0.15496778
tert-butylacetate,75,0.10718876
tert-butylacetate,70,0.07335253
tert-butylacetate,65,0.04964563
tert-butylacetate,60,0.03321770
tert-butylacetate,55,0.02196264
tert-butylacetate,50,0.01434208
tert-butylacetate,45,0.00924531
tert-butylacetate,40,0.00587980
tert-butylacetate,35,0.00368697
tert-butylacetate,30,0.00227801
tert-butylacetate,25,0.00138585
tert-butanol,160,12.10933408
tert-butanol,155,9.06806244
tert-butanol,150,6.65753151
tert-butanol,145,4.80233842
tert-butanol,140,3.40968828
tert-butanol,135,2.38612951
tert-butanol,130,1.64743150
tert-butanol,125,1.12284547
tert-butanol,120,0.75574968
tert-butanol,115,0.50238675
tert-butanol,110,0.32983244
tert-butanol,105,0.21384109
tert-butanol,100,0.13688271
tert-butanol,95,0.08648921
tert-butanol,90,0.05392788
tert-butanol,85,0.03317226
tert-butanol,80,0.02012387
tert-butanol,75,0.01203592
tert-butanol,70,0.00709461
tert-butanol,65,0.00412003
tert-butanol,60,0.00235627
tert-butanol,55,0.00132655
tert-butanol,50,0.00073485
tert-butanol,45,0.00040035
tert-butanol,40,0.00021440
tert-butanol,35,0.00011279
tert-butanol,30,0.00005826
tert-butanol,25,0.00002952
"1,4-benzenedicarboxylicacid",160,1.92851036
"1,4-benzenedicarboxylicacid",155,1.45850346
"1,4-benzenedicarboxylicacid",150,1.09728343
"1,4-benzenedicarboxylicacid",145,0.82106981
"1,4-benzenedicarboxylicacid",140,0.61096502
"1,4-benzenedicarboxylicacid",135,0.45201745
"1,4-benzenedicarboxylicacid",130,0.33245083
"1,4-benzenedicarboxylicacid",125,0.24303408
"1,4-benzenedicarboxylicacid",120,0.17656796
"1,4-benzenedicarboxylicacid",115,0.12746819
"1,4-benzenedicarboxylicacid",110,0.09142806
"1,4-benzenedicarboxylicacid",105,0.06514619
"1,4-benzenedicarboxylicacid",100,0.04610791
"1,4-benzenedicarboxylicacid",95,0.03241032
"1,4-benzenedicarboxylicacid",90,0.02262333
"1,4-benzenedicarboxylicacid",85,0.01567963
"1,4-benzenedicarboxylicacid",80,0.01078845
"1,4-benzenedicarboxylicacid",75,0.00736816
"1,4-benzenedicarboxylicacid",70,0.00499415
"1,4-benzenedicarboxylicacid",65,0.00335880
"1,4-benzenedicarboxylicacid",60,0.00224097
"1,4-benzenedicarboxylicacid",55,0.00148291
"1,4-benzenedicarboxylicacid",50,0.00097298
"1,4-benzenedicarboxylicacid",45,0.00063281
"1,4-benzenedicarboxylicacid",40,0.00040783
"1,4-benzenedicarboxylicacid",35,0.00026034
"1,4-benzenedicarboxylicacid",30,0.00016455
"1,4-benzenedicarboxylicacid",25,0.00010293
tetrachloroethene,160,0.83423186
tetrachloroethene,155,0.60395146
tetrachloroethene,150,0.43476292
tetrachloroethene,145,0.31095392
tetrachloroethene,140,0.22081453
tetrachloroethene,135,0.15558629
tetrachloroethene,130,0.10871061
tetrachloroethene,125,0.07528166
tetrachloroethene,120,0.05164078
tetrachloroethene,115,0.03507182
tetrachloroethene,110,0.02357020
tetrachloroethene,105,0.01566696
tetrachloroethene,100,0.01029430
tetrachloroethene,95,0.00668294
tetrachloroethene,90,0.00428408
tetrachloroethene,85,0.00271030
tetrachloroethene,80,0.00169118
tetrachloroethene,75,0.00104015
tetrachloroethene,70,0.00063017
tetrachloroethene,65,0.00037581
tetrachloroethene,60,0.00022044
tetrachloroethene,55,0.00012709
tetrachloroethene,50,0.00007196
tetrachloroethene,45,0.00003997
tetrachloroethene,40,0.00002177
tetrachloroethene,35,0.00001161
tetrachloroethene,30,0.00000605
tetrachloroethene,25,0.00000309
ethylsilicate,160,7.66863676
ethylsilicate,155,6.24006397
ethylsilicate,150,5.03008706
ethylsilicate,145,4.01746517
ethylsilicate,140,3.17982556
ethylsilicate,135,2.49469746
ethylsilicate,130,1.94034689
ethylsilicate,125,1.49644346
ethylsilicate,120,1.14450646
ethylsilicate,115,0.86814299
ethylsilicate,110,0.65312645
ethylsilicate,105,0.48734108
ethylsilicate,100,0.36064033
ethylsilicate,95,0.26465288
ethylsilicate,90,0.19256460
ethylsilicate,85,0.13889674
ethylsilicate,80,0.09929448
ethylsilicate,75,0.07033334
ethylsilicate,70,0.04934820
ethylsilicate,65,0.03428561
ethylsilicate,60,0.02357902
ethylsilicate,55,0.01604509
ethylsilicate,50,0.01079884
ethylsilicate,45,0.00718511
ethylsilicate,40,0.00472388
ethylsilicate,35,0.00306724
ethylsilicate,30,0.00196581
ethylsilicate,25,0.00124286
thf,160,37.95138413
thf,155,34.74779651
thf,150,31.58177855
thf,145,28.47257500
thf,140,25.44155596
thf,135,22.50786691
thf,130,19.69665530
thf,125,17.03087089
thf,120,14.53461184
thf,115,12.22970837
thf,110,10.13533094
thf,105,8.26607107
thf,100,6.63009830
thf,95,5.22802122
thf,90,4.05263286
thf,85,3.08904552
thf,80,2.31644788
thf,75,1.71013046
thf,70,1.24386892
thf,65,0.89203807
thf,60,0.63116649
thf,55,0.44084722
thf,50,0.30407458
thf,45,0.20716522
thf,40,0.13942190
thf,35,0.09268247
thf,30,0.06084731
thf,25,0.03944067
tetrahydrofurfurylalcohol,160,15.00998756
tetrahydrofurfurylalcohol,155,12.12291513
tetrahydrofurfurylalcohol,150,9.62266448
tetrahydrofurfurylalcohol,145,7.50943080
tetrahydrofurfurylalcohol,140,5.76533287
tetrahydrofurfurylalcohol,135,4.35814994
tetrahydrofurfurylalcohol,130,3.24654875
tetrahydrofurfurylalcohol,125,2.38534480
tetrahydrofurfurylalcohol,120,1.72986552
tetrahydrofurfurylalcohol,115,1.23899090
tetrahydrofurfurylalcohol,110,0.87682889
tetrahydrofurfurylalcohol,105,0.61331664
tetrahydrofurfurylalcohol,100,0.42408448
tetrahydrofurfurylalcohol,95,0.28989693
tetrahydrofurfurylalcohol,90,0.19590453
tetrahydrofurfurylalcohol,85,0.13086075
tetrahydrofurfurylalcohol,80,0.08639101
tetrahydrofurfurylalcohol,75,0.05635512
tetrahydrofurfurylalcohol,70,0.03631626
tetrahydrofurfurylalcohol,65,0.02311308
tetrahydrofurfurylalcohol,60,0.01452381
tetrahydrofurfurylalcohol,55,0.00900821
tetrahydrofurfurylalcohol,50,0.00551307
tetrahydrofurfurylalcohol,45,0.00332813
tetrahydrofurfurylalcohol,40,0.00198109
tetrahydrofurfurylalcohol,35,0.00116237
tetrahydrofurfurylalcohol,30,0.00067196
tetrahydrofurfurylalcohol,25,0.00038257
tetralin,160,8.80559211
tetralin,155,6.97956817
tetralin,150,5.47106118
tetralin,145,4.24340105
tetralin,140,3.25803422
tetralin,135,2.47719510
tetralin,130,1.86574065
tetralin,125,1.39222954
tetralin,120,1.02939184
tetralin,115,0.75416352
tetralin,110,0.54743924
tetralin,105,0.39366995
tetralin,100,0.28039348
tetralin,95,0.19775715
tetralin,90,0.13806794
tetralin,85,0.09538893
tetralin,80,0.06518950
tetralin,75,0.04404987
tetralin,70,0.02941680
tetralin,65,0.01940484
tetralin,60,0.01263725
tetralin,55,0.00812026
tetralin,50,0.00514508
tetralin,45,0.00321241
tetralin,40,0.00197506
tetralin,35,0.00119484
tetralin,30,0.00071067
tetralin,25,0.00041523
thp,160,24.89787726
thp,155,21.57700590
thp,150,18.46345040
thp,145,15.58863055
thp,140,12.97774815
thp,135,10.64824890
thp,130,8.60869392
thp,125,6.85734757
thp,120,5.38283727
thp,115,4.16548838
thp,110,3.17935310
thp,105,2.39486626
thp,100,1.78136809
thp,95,1.30917198
thp,90,0.95107822
thp,85,0.68323988
thp,80,0.48548770
thp,75,0.34126546
thp,70,0.23731738
thp,65,0.16325306
thp,60,0.11107629
thp,55,0.07473270
thp,50,0.04970515
thp,45,0.03266937
thp,40,0.02121063
thp,35,0.01359706
thp,30,0.00860203
thp,25,0.00536773
tetrahydro-2h-thiopyran,160,23.64052248
tetrahydro-2h-thiopyran,155,20.59899912
tetrahydro-2h-thiopyran,150,17.74033229
tetrahydro-2h-thiopyran,145,15.08769419
tetrahydro-2h-thiopyran,140,12.66164139
tetrahydro-2h-thiopyran,135,10.47756345
tetrahydro-2h-thiopyran,130,8.54470506
tetrahydro-2h-thiopyran,125,6.86540755
tetrahydro-2h-thiopyran,120,5.43399151
tetrahydro-2h-thiopyran,115,4.23743709
tetrahydro-2h-thiopyran,110,3.25651830
tetrahydro-2h-thiopyran,105,2.46750531
tetrahydro-2h-thiopyran,100,1.84431968
tetrahydro-2h-thiopyran,95,1.36054281
tetrahydro-2h-thiopyran,90,0.99103207
tetrahydro-2h-thiopyran,85,0.71306170
tetrahydro-2h-thiopyran,80,0.50692673
tetrahydro-2h-thiopyran,75,0.35612678
tetrahydro-2h-thiopyran,70,0.24723815
tetrahydro-2h-thiopyran,65,0.16960477
tetrahydro-2h-thiopyran,60,0.11494426
tetrahydro-2h-thiopyran,55,0.07693734
tetrahydro-2h-thiopyran,50,0.05084231
tetrahydro-2h-thiopyran,45,0.03315558
tetrahydro-2h-thiopyran,40,0.02132584
tetrahydro-2h-thiopyran,35,0.01352140
tetrahydro-2h-thiopyran,30,0.00844549
tetrahydro-2h-thiopyran,25,0.00519291
tetrahydrothiophene,160,32.86598758
tetrahydrothiophene,155,29.79424401
tetrahydrothiophene,150,26.79565676
tetrahydrothiophene,145,23.88560484
tetrahydrothiophene,140,21.08415828
tetrahydrothiophene,135,18.41081425
tetrahydrothiophene,130,15.88620881
tetrahydrothiophene,125,13.53030797
tetrahydrothiophene,120,11.36161540
tetrahydrothiophene,115,9.39669803
tetrahydrothiophene,110,7.64750219
tetrahydrothiophene,105,6.12030179
tetrahydrothiophene,100,4.81450511
tetrahydrothiophene,95,3.72231741
tetrahydrothiophene,90,2.82901561
tetrahydrothiophene,85,2.11451027
tetrahydrothiophene,80,1.55522547
tetrahydrothiophene,75,1.12634710
tetrahydrothiophene,70,0.80375559
tetrahydrothiophene,65,0.56543613
tetrahydrothiophene,60,0.39230693
tetrahydrothiophene,55,0.26850725
tetrahydrothiophene,50,0.18130422
tetrahydrothiophene,45,0.12076709
tetrahydrothiophene,40,0.07933850
tetrahydrothiophene,35,0.05138846
tetrahydrothiophene,30,0.03280179
tetrahydrothiophene,25,0.02062249
tetramethylenesulfoxide,160,28.87337047
tetramethylenesulfoxide,155,26.25440456
tetramethylenesulfoxide,150,23.74409567
tetramethylenesulfoxide,145,21.34603385
tetramethylenesulfoxide,140,19.06790527
tetramethylenesulfoxide,135,16.91304976
tetramethylenesulfoxide,130,14.88792309
tetramethylenesulfoxide,125,12.99681318
tetramethylenesulfoxide,120,11.24440766
tetramethylenesulfoxide,115,9.63425303
tetramethylenesulfoxide,110,8.16908468
tetramethylenesulfoxide,105,6.85028658
tetramethylenesulfoxide,100,5.67761065
tetramethylenesulfoxide,95,4.64853614
tetramethylenesulfoxide,90,3.75837351
tetramethylenesulfoxide,85,2.99997309
tetramethylenesulfoxide,80,2.36398300
tetramethylenesulfoxide,75,1.83914282
tetramethylenesulfoxide,70,1.41293952
tetramethylenesulfoxide,65,1.07225349
tetramethylenesulfoxide,60,0.80404869
tetramethylenesulfoxide,55,0.59596643
tetramethylenesulfoxide,50,0.43675986
tetramethylenesulfoxide,45,0.31654946
tetramethylenesulfoxide,40,0.22692275
tetramethylenesulfoxide,35,0.16090517
tetramethylenesulfoxide,30,0.11284796
tetramethylenesulfoxide,25,0.07826803
tetramethylurea,160,28.14106889
tetramethylurea,155,25.44326684
tetramethylurea,150,22.84772228
tetramethylurea,145,20.36489466
tetramethylurea,140,18.00654496
tetramethylurea,135,15.78267619
tetramethylurea,130,13.70298674
tetramethylurea,125,11.77678441
tetramethylurea,120,10.01164895
tetramethylurea,115,8.41345746
tetramethylurea,110,6.98528770
tetramethylurea,105,5.72712574
tetramethylurea,100,4.63541383
tetramethylurea,95,3.70326280
tetramethylurea,90,2.92030559
tetramethylurea,85,2.27348296
tetramethylurea,80,1.74784893
tetramethylurea,75,1.32746606
tetramethylurea,70,0.99637640
tetramethylurea,65,0.73939420
tetramethylurea,60,0.54266581
tetramethylurea,55,0.39401616
tetramethylurea,50,0.28307810
tetramethylurea,45,0.20125900
tetramethylurea,40,0.14160180
tetramethylurea,35,0.09858652
tetramethylurea,30,0.06791075
tetramethylurea,25,0.04627407
tetranitro-methane,160,100.00000000
tetranitro-methane,155,100.00000000
tetranitro-methane,150,100.00000000
tetranitro-methane,145,100.00000000
tetranitro-methane,140,100.00000000
tetranitro-methane,135,100.00000000
tetranitro-methane,130,100.00000000
tetranitro-methane,125,100.00000000
tetranitro-methane,120,100.00000000
tetranitro-methane,115,100.00000000
tetranitro-methane,110,100.00000000
tetranitro-methane,105,100.00000000
tetranitro-methane,100,100.00000000
tetranitro-methane,95,17.73295130
tetranitro-methane,90,16.64798154
tetranitro-methane,85,15.59397388
tetranitro-methane,80,14.57139775
tetranitro-methane,75,13.57915168
tetranitro-methane,70,12.61550066
tetranitro-methane,65,11.68118289
tetranitro-methane,60,10.77623194
tetranitro-methane,55,9.89943890
tetranitro-methane,50,9.05113213
tetranitro-methane,45,8.23240648
tetranitro-methane,40,7.44288412
tetranitro-methane,35,6.68398934
tetranitro-methane,30,5.95681188
tetranitro-methane,25,5.26250786
thiazole,160,31.19219317
thiazole,155,27.85881549
thiazole,150,24.61140425
thiazole,145,21.47745622
thiazole,140,18.48871679
thiazole,135,15.67786417
thiazole,130,13.07700437
thiazole,125,10.71586472
thiazole,120,8.61745555
thiazole,115,6.79603169
thiazole,110,5.25462740
thiazole,105,3.98385992
thiazole,100,2.96337721
thiazole,95,2.16449151
thiazole,90,1.55393518
thiazole,85,1.09759188
thiazole,80,0.76339786
thiazole,75,0.52318478
thiazole,70,0.35347032
thiazole,65,0.23547931
thiazole,60,0.15469593
thiazole,55,0.10020345
thiazole,50,0.06398146
thiazole,45,0.04025614
thiazole,40,0.02494667
thiazole,35,0.01521794
thiazole,30,0.00913252
thiazole,25,0.00538787
ethanethioamide,160,1.23169564
ethanethioamide,155,0.91082281
ethanethioamide,150,0.67062253
ethanethioamide,145,0.49139356
ethanethioamide,140,0.35818760
ethanethioamide,135,0.25963669
ethanethioamide,130,0.18709304
ethanethioamide,125,0.13398611
ethanethioamide,120,0.09533601
ethanethioamide,115,0.06738150
ethanethioamide,110,0.04729420
ethanethioamide,105,0.03295785
ethanethioamide,100,0.02279796
ethanethioamide,95,0.01565031
ethanethioamide,90,0.01065964
ethanethioamide,85,0.00720207
ethanethioamide,80,0.00482579
ethanethioamide,75,0.00320607
ethanethioamide,70,0.00211138
ethanethioamide,65,0.00137797
ethanethioamide,60,0.00089100
ethanethioamide,55,0.00057065
ethanethioamide,50,0.00036189
ethanethioamide,45,0.00022719
ethanethioamide,40,0.00014114
ethanethioamide,35,0.00008674
ethanethioamide,30,0.00005272
ethanethioamide,25,0.00003167
thioaceticacid,160,34.47951594
thioaceticacid,155,31.12282320
thioaceticacid,150,27.82477208
thioaceticacid,145,24.61399223
thioaceticacid,140,21.51820360
thioaceticacid,135,18.56802625
thioaceticacid,130,15.79370542
thioaceticacid,125,13.22535287
thioaceticacid,120,10.89004791
thioaceticacid,115,8.80895933
thioaceticacid,110,6.99507919
thioaceticacid,105,5.45122838
thioaceticacid,100,4.16935484
thioaceticacid,95,3.13119943
thioaceticacid,90,2.31069881
thioaceticacid,85,1.67709336
thioaceticacid,80,1.19828088
thioaceticacid,75,0.84357252
thioaceticacid,70,0.58554213
thioaceticacid,65,0.40095373
thioaceticacid,60,0.27094011
thioaceticacid,55,0.18069932
thioaceticacid,50,0.11894112
thioaceticacid,45,0.07725463
thioaceticacid,40,0.04949998
thioaceticacid,35,0.03127510
thioaceticacid,30,0.01947562
thioaceticacid,25,0.01194632
thiocyanicacid,160,36.58346437
thiocyanicacid,155,32.77506982
thiocyanicacid,150,29.03291647
thiocyanicacid,145,25.40048508
thiocyanicacid,140,21.92319546
thiocyanicacid,135,18.64611905
thiocyanicacid,130,15.61191123
thiocyanicacid,125,12.85680968
thiocyanicacid,120,10.40773563
thiocyanicacid,115,8.27943396
thiocyanicacid,110,6.47318971
thiocyanicacid,105,4.97637363
thiocyanicacid,100,3.76476488
thiocyanicacid,95,2.80571530
thiocyanicacid,90,2.06218829
thiocyanicacid,85,1.49654624
thiocyanicacid,80,1.07346952
thiocyanicacid,75,0.76177179
thiocyanicacid,70,0.53520636
thiocyanicacid,65,0.37250421
thiocyanicacid,60,0.25694505
thiocyanicacid,55,0.17570172
thiocyanicacid,50,0.11912901
thiocyanicacid,45,0.08009479
thiocyanicacid,40,0.05340031
thiocyanicacid,35,0.03530348
thiocyanicacid,30,0.02314121
thiocyanicacid,25,0.01503804
"2,2'-thiobisethanol",160,5.81936414
"2,2'-thiobisethanol",155,4.41022437
"2,2'-thiobisethanol",150,3.30541721
"2,2'-thiobisethanol",145,2.45137204
"2,2'-thiobisethanol",140,1.79965543
"2,2'-thiobisethanol",135,1.30825633
"2,2'-thiobisethanol",130,0.94188563
"2,2'-thiobisethanol",125,0.67165044
"2,2'-thiobisethanol",120,0.47438713
"2,2'-thiobisethanol",115,0.33185240
"2,2'-thiobisethanol",110,0.22989873
"2,2'-thiobisethanol",105,0.15770617
"2,2'-thiobisethanol",100,0.10710502
"2,2'-thiobisethanol",95,0.07200105
"2,2'-thiobisethanol",90,0.04790123
"2,2'-thiobisethanol",85,0.03153102
"2,2'-thiobisethanol",80,0.02053105
"2,2'-thiobisethanol",75,0.01322083
"2,2'-thiobisethanol",70,0.00841718
"2,2'-thiobisethanol",65,0.00529680
"2,2'-thiobisethanol",60,0.00329360
"2,2'-thiobisethanol",55,0.00202301
"2,2'-thiobisethanol",50,0.00122700
"2,2'-thiobisethanol",45,0.00073460
"2,2'-thiobisethanol",40,0.00043395
"2,2'-thiobisethanol",35,0.00025282
"2,2'-thiobisethanol",30,0.00014520
"2,2'-thiobisethanol",25,0.00008216
mercaptoaceticacid,160,0.47561048
mercaptoaceticacid,155,0.33821707
mercaptoaceticacid,150,0.23900840
mercaptoaceticacid,145,0.16775712
mercaptoaceticacid,140,0.11689702
mercaptoaceticacid,135,0.08083628
mercaptoaceticacid,130,0.05545379
mercaptoaceticacid,125,0.03772520
mercaptoaceticacid,120,0.02544306
mercaptoaceticacid,115,0.01700641
mercaptoaceticacid,110,0.01126247
mercaptoaceticacid,105,0.00738766
mercaptoaceticacid,100,0.00479853
mercaptoaceticacid,95,0.00308541
mercaptoaceticacid,90,0.00196334
mercaptoaceticacid,85,0.00123604
mercaptoaceticacid,80,0.00076964
mercaptoaceticacid,75,0.00047384
mercaptoaceticacid,70,0.00028836
mercaptoaceticacid,65,0.00017340
mercaptoaceticacid,60,0.00010299
mercaptoaceticacid,55,0.00006041
mercaptoaceticacid,50,0.00003497
mercaptoaceticacid,45,0.00001998
mercaptoaceticacid,40,0.00001126
mercaptoaceticacid,35,0.00000625
mercaptoaceticacid,30,0.00000342
mercaptoaceticacid,25,0.00000184
thionylchloride,160,14.77908819
thionylchloride,155,12.08490689
thionylchloride,150,9.72612163
thionylchloride,145,7.70619942
thionylchloride,140,6.01399317
thionylchloride,135,4.62610256
thionylchloride,130,3.51032540
thionylchloride,125,2.62973704
thionylchloride,120,1.94640502
thionylchloride,115,1.42422945
thionylchloride,110,1.03076674
thionylchloride,105,0.73810330
thionylchloride,100,0.52303520
thionylchloride,95,0.36679759
thionylchloride,90,0.25455414
thionylchloride,85,0.17479410
thionylchloride,80,0.11873149
thionylchloride,75,0.07975672
thionylchloride,70,0.05296328
thionylchloride,65,0.03475441
thionylchloride,60,0.02252544
thionylchloride,55,0.01441276
thionylchloride,50,0.00909901
thionylchloride,45,0.00566449
thionylchloride,40,0.00347515
thionylchloride,35,0.00209962
thionylchloride,30,0.00124839
thionylchloride,25,0.00072991
thiophene,160,33.26784291
thiophene,155,30.11915174
thiophene,150,27.04420675
thiophene,145,24.05904277
thiophene,140,21.18651346
thiophene,135,18.44855453
thiophene,130,15.86687138
thiophene,125,13.46361880
thiophene,120,11.25893267
thiophene,115,9.26955361
thiophene,110,7.50748745
thiophene,105,5.97788563
thiophene,100,4.67834724
thiophene,95,3.59870699
thiophene,90,2.72175484
thiophene,85,2.02508376
thiophene,80,1.48328838
thiophene,75,1.07030948
thiophene,70,0.76135151
thiophene,65,0.53418628
thiophene,60,0.36983323
thiophene,55,0.25271228
thiophene,50,0.17044522
thiophene,45,0.11346097
thiophene,40,0.07452768
thiophene,35,0.04828950
thiophene,30,0.03085040
thiophene,25,0.01942277
thiophenol,160,26.87242299
thiophenol,155,24.06913243
thiophenol,150,21.38859209
thiophenol,145,18.84397408
thiophenol,140,16.44801456
thiophenol,135,14.21314208
thiophenol,130,12.15062255
thiophenol,125,10.26926024
thiophenol,120,8.57541308
thiophenol,115,7.07170436
thiophenol,110,5.75701095
thiophenol,105,4.62585915
thiophenol,100,3.66870657
thiophenol,95,2.87228664
thiophenol,90,2.22061618
thiophenol,85,1.69601729
thiophenol,80,1.28026790
thiophenol,75,0.95563360
thiophenol,70,0.70566022
thiophenol,65,0.51567941
thiophenol,60,0.37305820
thiophenol,55,0.26722688
thiophenol,50,0.18956019
thiophenol,45,0.13316753
thiophenol,40,0.09264501
thiophenol,35,0.06382309
thiophenol,30,0.04353119
thiophenol,25,0.02939029
thiourea,160,0.00022098
thiourea,155,0.00015569
thiourea,150,0.00010916
thiourea,145,0.00007615
thiourea,140,0.00005286
thiourea,135,0.00003651
thiourea,130,0.00002510
thiourea,125,0.00001716
thiourea,120,0.00001168
thiourea,115,0.00000791
thiourea,110,0.00000533
thiourea,105,0.00000357
thiourea,100,0.00000238
thiourea,95,0.00000158
thiourea,90,0.00000105
thiourea,85,0.00000069
thiourea,80,0.00000045
thiourea,75,0.00000029
thiourea,70,0.00000019
thiourea,65,0.00000012
thiourea,60,0.00000008
thiourea,55,0.00000005
thiourea,50,0.00000003
thiourea,45,0.00000002
thiourea,40,0.00000001
thiourea,35,0.00000001
thiourea,30,0.00000001
thiourea,25,0.00000000
thiourea,160,0.00022098
thiourea,155,0.00015569
thiourea,150,0.00010916
thiourea,145,0.00007615
thiourea,140,0.00005286
thiourea,135,0.00003651
thiourea,130,0.00002510
thiourea,125,0.00001716
thiourea,120,0.00001168
thiourea,115,0.00000791
thiourea,110,0.00000533
thiourea,105,0.00000357
thiourea,100,0.00000238
thiourea,95,0.00000158
thiourea,90,0.00000105
thiourea,85,0.00000069
thiourea,80,0.00000045
thiourea,75,0.00000029
thiourea,70,0.00000019
thiourea,65,0.00000012
thiourea,60,0.00000008
thiourea,55,0.00000005
thiourea,50,0.00000003
thiourea,45,0.00000002
thiourea,40,0.00000001
thiourea,35,0.00000001
thiourea,30,0.00000001
thiourea,25,0.00000000
thymine,160,0.02170433
thymine,155,0.01522969
thymine,150,0.01060245
thymine,145,0.00732109
thymine,140,0.00501284
thymine,135,0.00340263
thymine,130,0.00228904
thymine,125,0.00152574
thymine,120,0.00100735
thymine,115,0.00065861
thymine,110,0.00042628
thymine,105,0.00027307
thymine,100,0.00017306
thymine,95,0.00010849
thymine,90,0.00006724
thymine,85,0.00004120
thymine,80,0.00002494
thymine,75,0.00001491
thymine,70,0.00000881
thymine,65,0.00000513
thymine,60,0.00000295
thymine,55,0.00000167
thymine,50,0.00000094
thymine,45,0.00000051
thymine,40,0.00000028
thymine,35,0.00000015
thymine,30,0.00000008
thymine,25,0.00000004
thymol,160,20.34316685
thymol,155,18.23093747
thymol,150,16.27674812
thymol,145,14.47929309
thymol,140,12.83444989
thymol,135,11.33823899
thymol,130,9.98447934
thymol,125,8.76667075
thymol,120,7.67745862
thymol,115,6.70847150
thymol,110,5.85133152
thymol,105,5.09705012
thymol,100,4.43669988
thymol,95,3.86139364
thymol,90,3.36245635
thymol,85,2.93165831
thymol,80,2.56121764
thymol,75,2.24394604
thymol,70,1.97324866
thymol,65,1.74319878
thymol,60,1.54850424
thymol,55,1.38453974
thymol,50,1.24729021
thymol,45,1.13332992
thymol,40,1.03978870
thymol,35,0.96431959
thymol,30,0.90507192
thymol,25,0.86067307
trans-2-methyl-2-butenal,160,31.89369094
trans-2-methyl-2-butenal,155,28.65742306
trans-2-methyl-2-butenal,150,25.51108177
trans-2-methyl-2-butenal,145,22.47811535
trans-2-methyl-2-butenal,140,19.58426955
trans-2-methyl-2-butenal,135,16.85522120
trans-2-methyl-2-butenal,130,14.31556651
trans-2-methyl-2-butenal,125,11.98763758
trans-2-methyl-2-butenal,120,9.88925250
trans-2-methyl-2-butenal,115,8.03216017
trans-2-methyl-2-butenal,110,6.42057721
trans-2-methyl-2-butenal,105,5.05063279
trans-2-methyl-2-butenal,100,3.91028751
trans-2-methyl-2-butenal,95,2.98076244
trans-2-methyl-2-butenal,90,2.23838182
trans-2-methyl-2-butenal,85,1.65689774
trans-2-methyl-2-butenal,80,1.20970694
trans-2-methyl-2-butenal,75,0.87162551
trans-2-methyl-2-butenal,70,0.62006954
trans-2-methyl-2-butenal,65,0.43566219
trans-2-methyl-2-butenal,60,0.30236734
trans-2-methyl-2-butenal,55,0.20730602
trans-2-methyl-2-butenal,50,0.14039163
trans-2-methyl-2-butenal,45,0.09389279
trans-2-methyl-2-butenal,40,0.06199394
trans-2-methyl-2-butenal,35,0.04039393
trans-2-methyl-2-butenal,30,0.02596098
trans-2-methyl-2-butenal,25,0.01644823
toluene,160,23.28721905
toluene,155,20.02002462
toluene,150,16.97710322
toluene,145,14.19034466
toluene,140,11.68429091
toluene,135,9.47434455
toluene,130,7.56461124
toluene,125,5.94814853
toluene,120,4.60776689
toluene,115,3.51828727
toluene,110,2.64945637
toluene,105,1.96890456
toluene,100,1.44467128
toluene,95,1.04708982
toluene,90,0.74991289
toluene,85,0.53080573
toluene,80,0.37135433
toluene,75,0.25677179
toluene,70,0.17544543
toluene,65,0.11842962
toluene,60,0.07894995
toluene,55,0.05195564
toluene,50,0.03373559
toluene,45,0.02160113
toluene,40,0.01363102
toluene,35,0.00847129
toluene,30,0.00518108
toluene,25,0.00311599
(e)-2-butenenitrile,160,41.58785689
(e)-2-butenenitrile,155,38.34806193
(e)-2-butenenitrile,150,35.10121161
(e)-2-butenenitrile,145,31.86628216
(e)-2-butenenitrile,140,28.66216397
(e)-2-butenenitrile,135,25.51424042
(e)-2-butenenitrile,130,22.44707016
(e)-2-butenenitrile,125,19.49301438
(e)-2-butenenitrile,120,16.68427575
(e)-2-butenenitrile,115,14.05397542
(e)-2-butenenitrile,110,11.63463211
(e)-2-butenenitrile,105,9.45430158
(e)-2-butenenitrile,100,7.53396552
(e)-2-butenenitrile,95,5.88410916
(e)-2-butenenitrile,90,4.50353841
(e)-2-butenenitrile,85,3.37887911
(e)-2-butenenitrile,80,2.48676398
(e)-2-butenenitrile,75,1.79692326
(e)-2-butenenitrile,70,1.27609978
(e)-2-butenenitrile,65,0.89146765
(e)-2-butenenitrile,60,0.61310006
(e)-2-butenenitrile,55,0.41534798
(e)-2-butenenitrile,50,0.27726827
(e)-2-butenenitrile,45,0.18241207
(e)-2-butenenitrile,40,0.11826181
(e)-2-butenenitrile,35,0.07553881
(e)-2-butenenitrile,30,0.04751860
(e)-2-butenenitrile,25,0.02942411
trans-decalin,160,0.28657357
trans-decalin,155,0.20635770
trans-decalin,150,0.14749124
trans-decalin,145,0.10458072
trans-decalin,140,0.07353036
trans-decalin,135,0.05123990
trans-decalin,130,0.03537338
trans-decalin,125,0.02418092
trans-decalin,120,0.01636049
trans-decalin,115,0.01095072
trans-decalin,110,0.00724774
trans-decalin,105,0.00474087
trans-decalin,100,0.00306326
trans-decalin,95,0.00195409
trans-decalin,90,0.00122997
trans-decalin,85,0.00076343
trans-decalin,80,0.00046698
trans-decalin,75,0.00028131
trans-decalin,70,0.00016678
trans-decalin,65,0.00009723
trans-decalin,60,0.00005570
trans-decalin,55,0.00003133
trans-decalin,50,0.00001729
trans-decalin,45,0.00000935
trans-decalin,40,0.00000495
trans-decalin,35,0.00000256
trans-decalin,30,0.00000129
trans-decalin,25,0.00000064
tributoxyborane,160,0.33918605
tributoxyborane,155,0.25151813
tributoxyborane,150,0.18525042
tributoxyborane,145,0.13546990
tributoxyborane,140,0.09832380
tributoxyborane,135,0.07080221
tributoxyborane,130,0.05056467
tributoxyborane,125,0.03580122
tributoxyborane,120,0.02512083
tributoxyborane,115,0.01746170
tributoxyborane,110,0.01201934
tributoxyborane,105,0.00818909
tributoxyborane,100,0.00552030
tributoxyborane,95,0.00368015
tributoxyborane,90,0.00242514
tributoxyborane,85,0.00157892
tributoxyborane,80,0.00101509
tributoxyborane,75,0.00064407
tributoxyborane,70,0.00040308
tributoxyborane,65,0.00024866
tributoxyborane,60,0.00015112
tributoxyborane,55,0.00009040
tributoxyborane,50,0.00005320
tributoxyborane,45,0.00003077
tributoxyborane,40,0.00001748
tributoxyborane,35,0.00000974
tributoxyborane,30,0.00000532
tributoxyborane,25,0.00000285
tri-n-butylphosphate,160,2.71868339
tri-n-butylphosphate,155,2.12608593
tri-n-butylphosphate,150,1.65182707
tri-n-butylphosphate,145,1.27493963
tri-n-butylphosphate,140,0.97751279
tri-n-butylphosphate,135,0.74441864
tri-n-butylphosphate,130,0.56301066
tri-n-butylphosphate,125,0.42281700
tri-n-butylphosphate,120,0.31524368
tri-n-butylphosphate,115,0.23329774
tri-n-butylphosphate,110,0.17133565
tri-n-butylphosphate,105,0.12483952
tri-n-butylphosphate,100,0.09022127
tri-n-butylphosphate,95,0.06465398
tri-n-butylphosphate,90,0.04592820
tri-n-butylphosphate,85,0.03233116
tri-n-butylphosphate,80,0.02254614
tri-n-butylphosphate,75,0.01556948
tri-n-butylphosphate,70,0.01064291
tri-n-butylphosphate,65,0.00719870
tri-n-butylphosphate,60,0.00481580
tri-n-butylphosphate,55,0.00318498
tri-n-butylphosphate,50,0.00208142
tri-n-butylphosphate,45,0.00134341
tri-n-butylphosphate,40,0.00085589
tri-n-butylphosphate,35,0.00053795
tri-n-butylphosphate,30,0.00033336
tri-n-butylphosphate,25,0.00020355
trichloroaceticacid,160,28.94717664
trichloroaceticacid,155,27.36410317
trichloroaceticacid,150,25.90020806
trichloroaceticacid,145,24.55084926
trichloroaceticacid,140,23.31363305
trichloroaceticacid,135,22.18414291
trichloroaceticacid,130,21.15922884
trichloroaceticacid,125,20.23353066
trichloroaceticacid,120,19.40498008
trichloroaceticacid,115,18.66965002
trichloroaceticacid,110,18.02209602
trichloroaceticacid,105,17.46153084
trichloroaceticacid,100,16.98239799
trichloroaceticacid,95,16.58121213
trichloroaceticacid,90,16.25611941
trichloroaceticacid,85,16.00248696
trichloroaceticacid,80,15.81772870
trichloroaceticacid,75,15.69828459
trichloroaceticacid,70,15.64043121
trichloroaceticacid,65,100.00000000
trichloroaceticacid,60,100.00000000
trichloroaceticacid,55,100.00000000
trichloroaceticacid,50,100.00000000
trichloroaceticacid,45,100.00000000
trichloroaceticacid,40,100.00000000
trichloroaceticacid,35,100.00000000
trichloroaceticacid,30,100.00000000
trichloroaceticacid,25,100.00000000
trichloroacetonitrile,160,8.93267695
trichloroacetonitrile,155,7.01465416
trichloroacetonitrile,150,5.43548771
trichloroacetonitrile,145,4.15948898
trichloroacetonitrile,140,3.14590290
trichloroacetonitrile,135,2.35308556
trichloroacetonitrile,130,1.74154915
trichloroacetonitrile,125,1.27582398
trichloroacetonitrile,120,0.92531581
trichloroacetonitrile,115,0.66445123
trichloroacetonitrile,110,0.47237836
trichloroacetonitrile,105,0.33243604
trichloroacetonitrile,100,0.23153634
trichloroacetonitrile,95,0.15954920
trichloroacetonitrile,90,0.10873767
trichloroacetonitrile,85,0.07326528
trichloroacetonitrile,80,0.04878113
trichloroacetonitrile,75,0.03207929
trichloroacetonitrile,70,0.02082489
trichloroacetonitrile,65,0.01333750
trichloroacetonitrile,60,0.00842229
trichloroacetonitrile,55,0.00524038
trichloroacetonitrile,50,0.00321045
trichloroacetonitrile,45,0.00193514
trichloroacetonitrile,40,0.00114671
trichloroacetonitrile,35,0.00066745
trichloroacetonitrile,30,0.00038125
trichloroacetonitrile,25,0.00021351
trichloroethene,160,9.31473344
trichloroethene,155,7.40398320
trichloroethene,150,5.82350218
trichloroethene,145,4.53540882
trichloroethene,140,3.49960562
trichloroethene,135,2.67675844
trichloroethene,130,2.03031202
trichloroethene,125,1.52762323
trichloroethene,120,1.14043181
trichloroethene,115,0.84486860
trichloroethene,110,0.62117610
trichloroethene,105,0.45327391
trichloroethene,100,0.32826280
trichloroethene,95,0.23592566
trichloroethene,90,0.16826156
trichloroethene,85,0.11907018
trichloroethene,80,0.08359347
trichloroethene,75,0.05821410
trichloroethene,70,0.04020681
trichloroethene,65,0.02753664
trichloroethene,60,0.01869745
trichloroethene,55,0.01258437
trichloroethene,50,0.00839408
trichloroethene,45,0.00554781
trichloroethene,40,0.00363237
trichloroethene,35,0.00235554
trichloroethene,30,0.00151264
trichloroethene,25,0.00096171
cfcl3,160,1.24485866
cfcl3,155,0.89458855
cfcl3,150,0.63992023
cfcl3,145,0.45516414
cfcl3,140,0.32162921
cfcl3,135,0.22560111
cfcl3,130,0.15696953
cfcl3,125,0.10826666
cfcl3,120,0.07398018
cfcl3,115,0.05005254
cfcl3,110,0.03351074
cfcl3,105,0.02218958
cfcl3,100,0.01452387
cfcl3,95,0.00939162
cfcl3,90,0.00599620
cfcl3,85,0.00377774
cfcl3,80,0.00234716
cfcl3,75,0.00143724
cfcl3,70,0.00086676
cfcl3,65,0.00051445
cfcl3,60,0.00030028
cfcl3,55,0.00017224
cfcl3,50,0.00009700
cfcl3,45,0.00005359
cfcl3,40,0.00002901
cfcl3,35,0.00001538
cfcl3,30,0.00000797
cfcl3,25,0.00000404
trichloromethylsilane,160,6.73062041
trichloromethylsilane,155,5.24884110
trichloromethylsilane,150,4.05507609
trichloromethylsilane,145,3.10518692
trichloromethylsilane,140,2.35772937
trichloromethylsilane,135,1.77552070
trichloromethylsilane,130,1.32630188
trichloromethylsilane,125,0.98279261
trichloromethylsilane,120,0.72238351
trichloromethylsilane,115,0.52664169
trichloromethylsilane,110,0.38074600
trichloromethylsilane,105,0.27292249
trichloromethylsilane,100,0.19391935
trichloromethylsilane,95,0.13653994
trichloromethylsilane,90,0.09524023
trichloromethylsilane,85,0.06578945
trichloromethylsilane,80,0.04498919
trichloromethylsilane,75,0.03044429
trichloromethylsilane,70,0.02037826
trichloromethylsilane,65,0.01348649
trichloromethylsilane,60,0.00882054
trichloromethylsilane,55,0.00569820
trichloromethylsilane,50,0.00363409
trichloromethylsilane,45,0.00228678
trichloromethylsilane,40,0.00141894
trichloromethylsilane,35,0.00086763
trichloromethylsilane,30,0.00052245
trichloromethylsilane,25,0.00030959
trichlorosilane,160,4.51426544
trichlorosilane,155,3.37616796
trichlorosilane,150,2.50798790
trichlorosilane,145,1.85063227
trichlorosilane,140,1.35629626
trichlorosilane,135,0.98701819
trichlorosilane,130,0.71301168
trichlorosilane,125,0.51111161
trichlorosilane,120,0.36342756
trichlorosilane,115,0.25623062
trichlorosilane,110,0.17905148
trichlorosilane,105,0.12395862
trichlorosilane,100,0.08498472
trichlorosilane,95,0.05767381
trichlorosilane,90,0.03872510
trichlorosilane,85,0.02571450
trichlorosilane,80,0.01687807
trichlorosilane,75,0.01094475
trichlorosilane,70,0.00700801
trichlorosilane,65,0.00442841
trichlorosilane,60,0.00275999
trichlorosilane,55,0.00169554
trichlorosilane,50,0.00102603
trichlorosilane,45,0.00061117
trichlorosilane,40,0.00035810
trichlorosilane,35,0.00020622
trichlorosilane,30,0.00011663
trichlorosilane,25,0.00006472
tricyclene,160,0.78947451
tricyclene,155,0.57942092
tricyclene,150,0.42258813
tricyclene,145,0.30609709
tricyclene,140,0.22008479
tricyclene,135,0.15699757
tricyclene,130,0.11106057
tricyclene,125,0.07787325
tricyclene,120,0.05409761
tricyclene,115,0.03721594
tricyclene,110,0.02534187
tricyclene,105,0.01707263
tricyclene,100,0.01137370
tricyclene,95,0.00748898
tricyclene,90,0.00487118
tricyclene,85,0.00312821
tricyclene,80,0.00198224
tricyclene,75,0.00123866
tricyclene,70,0.00076278
tricyclene,65,0.00046261
tricyclene,60,0.00027610
tricyclene,55,0.00016205
tricyclene,50,0.00009345
tricyclene,45,0.00005290
tricyclene,40,0.00002938
tricyclene,35,0.00001598
tricyclene,30,0.00000851
tricyclene,25,0.00000443
1-tridecanol,160,0.87399244
1-tridecanol,155,0.64016092
1-tridecanol,150,0.46488943
1-tridecanol,145,0.33457001
1-tridecanol,140,0.23850584
1-tridecanol,135,0.16833855
1-tridecanol,130,0.11758143
1-tridecanol,125,0.08123858
1-tridecanol,120,0.05549478
1-tridecanol,115,0.03746330
1-tridecanol,110,0.02498166
1-tridecanol,105,0.01644730
1-tridecanol,100,0.01068617
1-tridecanol,95,0.00684854
1-tridecanol,90,0.00432728
1-tridecanol,85,0.00269440
1-tridecanol,80,0.00165243
1-tridecanol,75,0.00099765
1-tridecanol,70,0.00059265
1-tridecanol,65,0.00034621
1-tridecanol,60,0.00019878
1-tridecanol,55,0.00011210
1-tridecanol,50,0.00006205
1-tridecanol,45,0.00003370
1-tridecanol,40,0.00001793
1-tridecanol,35,0.00000935
1-tridecanol,30,0.00000477
1-tridecanol,25,0.00000238
triethanolamine,160,0.69017726
triethanolamine,155,0.50210181
triethanolamine,150,0.36290614
triethanolamine,145,0.26053051
triethanolamine,140,0.18573231
triethanolamine,135,0.13146039
triethanolamine,130,0.09236433
triethanolamine,125,0.06440912
triethanolamine,120,0.04457207
triethanolamine,115,0.03060521
triethanolamine,110,0.02084943
triethanolamine,105,0.01409003
triethanolamine,100,0.00944504
triethanolamine,95,0.00627950
triethanolamine,90,0.00414030
triethanolamine,85,0.00270693
triethanolamine,80,0.00175473
triethanolamine,75,0.00112765
triethanolamine,70,0.00071831
triethanolamine,65,0.00045346
triethanolamine,60,0.00028366
triethanolamine,55,0.00017578
triethanolamine,50,0.00010788
triethanolamine,45,0.00006556
triethanolamine,40,0.00003943
triethanolamine,35,0.00002347
triethanolamine,30,0.00001381
triethanolamine,25,0.00000803
triethylcitrate,160,2.57014422
triethylcitrate,155,1.99674445
triethylcitrate,150,1.54096431
triethylcitrate,145,1.18125777
triethylcitrate,140,0.89937272
triethylcitrate,135,0.68002395
triethylcitrate,130,0.51054217
triethylcitrate,125,0.38052524
triethylcitrate,120,0.28150770
triethylcitrate,115,0.20665801
triethylcitrate,110,0.15050809
triethylcitrate,105,0.10871616
triethylcitrate,100,0.07786224
triethylcitrate,95,0.05527401
triethylcitrate,90,0.03888032
triethylcitrate,85,0.02708928
triethylcitrate,80,0.01868781
triethylcitrate,75,0.01275960
triethylcitrate,70,0.00861880
triethylcitrate,65,0.00575693
triethylcitrate,60,0.00380066
triethylcitrate,55,0.00247873
triethylcitrate,50,0.00159613
triethylcitrate,45,0.00101420
triethylcitrate,40,0.00063552
triethylcitrate,35,0.00039246
triethylcitrate,30,0.00023869
triethylcitrate,25,0.00014287
triethylamine,160,3.86969938
triethylamine,155,2.93745777
triethylamine,150,2.21552088
triethylamine,145,1.66007830
triethylamine,140,1.23552809
triethylamine,135,0.91318568
triethylamine,130,0.67011660
triethylamine,125,0.48811499
triethylamine,120,0.35282916
triethylamine,115,0.25302457
triethylamine,110,0.17996898
triethylamine,105,0.12692465
triethylamine,100,0.08873201
triethylamine,95,0.06147083
triethylamine,90,0.04218682
triethylamine,85,0.02867236
triethylamine,80,0.01929236
triethylamine,75,0.01284678
triethylamine,70,0.00846326
triethylamine,65,0.00551391
triethylamine,60,0.00355140
triethylamine,55,0.00226044
triethylamine,50,0.00142126
triethylamine,45,0.00088241
triethylamine,40,0.00054077
triethylamine,35,0.00032698
triethylamine,30,0.00019499
triethylamine,25,0.00011464
triethyleneglycol,160,8.34177271
triethyleneglycol,155,6.69659666
triethyleneglycol,150,5.32263289
triethyleneglycol,145,4.19013042
triethyleneglycol,140,3.26818638
triethyleneglycol,135,2.52640607
triethyleneglycol,130,1.93614741
triethyleneglycol,125,1.47133354
triethyleneglycol,120,1.10890668
triethyleneglycol,115,0.82896741
triethyleneglycol,110,0.61469544
triethyleneglycol,105,0.45212587
triethyleneglycol,100,0.32984456
triethyleneglycol,95,0.23865055
triethyleneglycol,90,0.17121907
triethyleneglycol,85,0.12178516
triethyleneglycol,80,0.08585967
triethyleneglycol,75,0.05998214
triethyleneglycol,70,0.04151111
triethyleneglycol,65,0.02844953
triethyleneglycol,60,0.01930191
triethyleneglycol,55,0.01295908
triethyleneglycol,50,0.00860634
triethyleneglycol,45,0.00565122
triethyleneglycol,40,0.00366726
triethyleneglycol,35,0.00235072
triethyleneglycol,30,0.00148760
triethyleneglycol,25,0.00092888
2-2-(2-methoxyethoxy)ethoxyethanol,160,6.73134012
2-2-(2-methoxyethoxy)ethoxyethanol,155,5.31903208
2-2-(2-methoxyethoxy)ethoxyethanol,150,4.16045549
2-2-(2-methoxyethoxy)ethoxyethanol,145,3.22242966
2-2-(2-methoxyethoxy)ethoxyethanol,140,2.47232013
2-2-(2-methoxyethoxy)ethoxyethanol,135,1.87943803
2-2-(2-methoxyethoxy)ethoxyethanol,130,1.41596470
2-2-(2-methoxyethoxy)ethoxyethanol,125,1.05742742
2-2-(2-methoxyethoxy)ethoxyethanol,120,0.78283233
2-2-(2-methoxyethoxy)ethoxyethanol,115,0.57455089
2-2-(2-methoxyethoxy)ethoxyethanol,110,0.41805039
2-2-(2-methoxyethoxy)ethoxyethanol,105,0.30154231
2-2-(2-methoxyethoxy)ethoxyethanol,100,0.21560018
2-2-(2-methoxyethoxy)ethoxyethanol,95,0.15278416
2-2-(2-methoxyethoxy)ethoxyethanol,90,0.10729276
2-2-(2-methoxyethoxy)ethoxyethanol,85,0.07465334
2-2-(2-methoxyethoxy)ethoxyethanol,80,0.05145523
2-2-(2-methoxyethoxy)ethoxyethanol,75,0.03512511
2-2-(2-methoxyethoxy)ethoxyethanol,70,0.02374174
2-2-(2-methoxyethoxy)ethoxyethanol,65,0.01588567
2-2-(2-methoxyethoxy)ethoxyethanol,60,0.01051915
2-2-(2-methoxyethoxy)ethoxyethanol,55,0.00689150
2-2-(2-methoxyethoxy)ethoxyethanol,50,0.00446553
2-2-(2-methoxyethoxy)ethoxyethanol,45,0.00286099
2-2-(2-methoxyethoxy)ethoxyethanol,40,0.00181172
2-2-(2-methoxyethoxy)ethoxyethanol,35,0.00113353
2-2-(2-methoxyethoxy)ethoxyethanol,30,0.00070043
2-2-(2-methoxyethoxy)ethoxyethanol,25,0.00042726
triethylphosphate,160,9.73470664
triethylphosphate,155,7.99667477
triethylphosphate,150,6.50029263
triethylphosphate,145,5.22930739
triethylphosphate,140,4.16411717
triethylphosphate,135,3.28301223
triethylphosphate,130,2.56333666
triethylphosphate,125,1.98260617
triethylphosphate,120,1.51938873
triethylphosphate,115,1.15395867
triethylphosphate,110,0.86869332
triethylphosphate,105,0.64824391
triethylphosphate,100,0.47953621
triethylphosphate,95,0.35164540
triethylphosphate,90,0.25559585
triethylphosphate,85,0.18412361
triethylphosphate,80,0.13142914
triethylphosphate,75,0.09293944
triethylphosphate,70,0.06509020
triethylphosphate,65,0.04513381
triethylphosphate,60,0.03097465
triethylphosphate,55,0.02103101
triethylphosphate,50,0.01412144
triethylphosphate,45,0.00937269
triethylphosphate,40,0.00614611
triethylphosphate,35,0.00397977
triethylphosphate,30,0.00254326
triethylphosphate,25,0.00160300
trifluoroaceticacid,160,37.03325227
trifluoroaceticacid,155,35.27668889
trifluoroaceticacid,150,33.64107809
trifluoroaceticacid,145,32.12401550
trifluoroaceticacid,140,30.72592610
trifluoroaceticacid,135,29.44493582
trifluoroaceticacid,130,28.28137549
trifluoroaceticacid,125,27.22993256
trifluoroaceticacid,120,26.29169322
trifluoroaceticacid,115,25.46151821
trifluoroaceticacid,110,24.73950356
trifluoroaceticacid,105,24.11920987
trifluoroaceticacid,100,23.60063278
trifluoroaceticacid,95,23.17830327
trifluoroaceticacid,90,22.85093649
trifluoroaceticacid,85,22.61237015
trifluoroaceticacid,80,22.46032885
trifluoroaceticacid,75,100.00000000
trifluoroaceticacid,70,100.00000000
trifluoroaceticacid,65,100.00000000
trifluoroaceticacid,60,100.00000000
trifluoroaceticacid,55,100.00000000
trifluoroaceticacid,50,100.00000000
trifluoroaceticacid,45,100.00000000
trifluoroaceticacid,40,100.00000000
trifluoroaceticacid,35,100.00000000
trifluoroaceticacid,30,100.00000000
trifluoroaceticacid,25,100.00000000
chf3,160,43.79922585
chf3,155,41.11118922
chf3,150,38.45946437
chf3,145,35.85144128
chf3,140,33.29360972
chf3,135,30.79501452
chf3,130,28.36132066
chf3,125,26.00092268
chf3,120,23.71897935
chf3,115,21.52451031
chf3,110,19.42244340
chf3,105,17.41924915
chf3,100,15.52098941
chf3,95,13.73259419
chf3,90,12.05965846
chf3,85,10.50587639
chf3,80,9.07439495
chf3,75,7.76819462
chf3,70,6.58806455
chf3,65,5.53372021
chf3,60,4.60270269
chf3,55,3.79101312
chf3,50,3.09257318
chf3,45,2.49956435
chf3,40,2.00271613
chf3,35,1.59180922
chf3,30,1.25610051
chf3,25,0.98492406
trimethylamine,160,39.67865252
trimethylamine,155,36.17944138
trimethylamine,150,32.71455505
trimethylamine,145,29.31133585
trimethylamine,140,25.99988564
trimethylamine,135,22.81076442
trimethylamine,130,19.77475072
trimethylamine,125,16.92139022
trimethylamine,120,14.27899985
trimethylamine,115,11.87117747
trimethylamine,110,9.71596037
trimethylamine,105,7.82376780
trimethylamine,100,6.19625752
trimethylamine,95,4.82623381
trimethylamine,90,3.69778999
trimethylamine,85,2.78828675
trimethylamine,80,2.07050168
trimethylamine,75,1.51522950
trimethylamine,70,1.09363681
trimethylamine,65,0.77904592
trimethylamine,60,0.54803074
trimethylamine,55,0.38088941
trimethylamine,50,0.26162815
trimethylamine,45,0.17764122
trimethylamine,40,0.11923583
trimethylamine,35,0.07911500
trimethylamine,30,0.05188570
trimethylamine,25,0.03362719
"1,2,4-trimethylbenzene",160,10.45233972
"1,2,4-trimethylbenzene",155,8.36020444
"1,2,4-trimethylbenzene",150,6.60790300
"1,2,4-trimethylbenzene",145,5.16398556
"1,2,4-trimethylbenzene",140,3.99211870
"1,2,4-trimethylbenzene",135,3.05433086
"1,2,4-trimethylbenzene",130,2.31358877
"1,2,4-trimethylbenzene",125,1.73555074
"1,2,4-trimethylbenzene",120,1.28959066
"1,2,4-trimethylbenzene",115,0.94923096
"1,2,4-trimethylbenzene",110,0.69215189
"1,2,4-trimethylbenzene",105,0.49993086
"1,2,4-trimethylbenzene",100,0.35763150
"1,2,4-trimethylbenzene",95,0.25333150
"1,2,4-trimethylbenzene",90,0.17764608
"1,2,4-trimethylbenzene",85,0.12328152
"1,2,4-trimethylbenzene",80,0.08463670
"1,2,4-trimethylbenzene",75,0.05745942
"1,2,4-trimethylbenzene",70,0.03855770
"1,2,4-trimethylbenzene",65,0.02556209
"1,2,4-trimethylbenzene",60,0.01673356
"1,2,4-trimethylbenzene",55,0.01081037
"1,2,4-trimethylbenzene",50,0.00688794
"1,2,4-trimethylbenzene",45,0.00432567
"1,2,4-trimethylbenzene",40,0.00267565
"1,2,4-trimethylbenzene",35,0.00162892
"1,2,4-trimethylbenzene",30,0.00097525
"1,2,4-trimethylbenzene",25,0.00057374
thiacyclobutane,160,40.12746048
thiacyclobutane,155,37.10991773
thiacyclobutane,150,34.11015169
thiacyclobutane,145,31.14185869
thiacyclobutane,140,28.21684857
thiacyclobutane,135,25.35213199
thiacyclobutane,130,22.56298051
thiacyclobutane,125,19.87060225
thiacyclobutane,120,17.29295659
thiacyclobutane,115,14.85373742
thiacyclobutane,110,12.57476137
thiacyclobutane,105,10.47722845
thiacyclobutane,100,8.58029950
thiacyclobutane,95,6.89893330
thiacyclobutane,90,5.44128116
thiacyclobutane,85,4.20764725
thiacyclobutane,80,3.18982542
thiacyclobutane,75,2.37145924
thiacyclobutane,70,1.73006781
thiacyclobutane,65,1.23954669
thiacyclobutane,60,0.87295430
thiacyclobutane,55,0.60477756
thiacyclobutane,50,0.41243245
thiacyclobutane,45,0.27698273
thiacyclobutane,40,0.18322744
thiacyclobutane,35,0.11939090
thiacyclobutane,30,0.07661566
thiacyclobutane,25,0.04840386
trimethylphosphate,160,9.62181329
trimethylphosphate,155,7.76313342
trimethylphosphate,150,6.19478025
trimethylphosphate,145,4.89062599
trimethylphosphate,140,3.82128716
trimethylphosphate,135,2.95613592
trimethylphosphate,130,2.26497642
trimethylphosphate,125,1.71935616
trimethylphosphate,120,1.29343924
trimethylphosphate,115,0.96447515
trimethylphosphate,110,0.71294875
trimethylphosphate,105,0.52248716
trimethylphosphate,100,0.37961416
trimethylphosphate,95,0.27342092
trimethylphosphate,90,0.19520571
trimethylphosphate,85,0.13811857
trimethylphosphate,80,0.09683181
trimethylphosphate,75,0.06724814
trimethylphosphate,70,0.04625009
trimethylphosphate,65,0.03149006
trimethylphosphate,60,0.02121815
trimethylphosphate,55,0.01414312
trimethylphosphate,50,0.00932190
trimethylphosphate,45,0.00607280
trimethylphosphate,40,0.00390831
trimethylphosphate,35,0.00248359
trimethylphosphate,30,0.00155749
trimethylphosphate,25,0.00096332
trinitromethane,160,100.00000000
trinitromethane,155,100.00000000
trinitromethane,150,100.00000000
trinitromethane,145,100.00000000
trinitromethane,140,100.00000000
trinitromethane,135,100.00000000
trinitromethane,130,100.00000000
trinitromethane,125,100.00000000
trinitromethane,120,100.00000000
trinitromethane,115,100.00000000
trinitromethane,110,100.00000000
trinitromethane,105,100.00000000
trinitromethane,100,100.00000000
trinitromethane,95,100.00000000
trinitromethane,90,100.00000000
trinitromethane,85,100.00000000
trinitromethane,80,100.00000000
trinitromethane,75,100.00000000
trinitromethane,70,100.00000000
trinitromethane,65,100.00000000
trinitromethane,60,100.00000000
trinitromethane,55,100.00000000
trinitromethane,50,100.00000000
trinitromethane,45,100.00000000
trinitromethane,40,100.00000000
trinitromethane,35,100.00000000
trinitromethane,30,100.00000000
trinitromethane,25,100.00000000
"2-methyl-1,3,5-trinitrobenzene",160,5.47200973
"2-methyl-1,3,5-trinitrobenzene",155,4.35269752
"2-methyl-1,3,5-trinitrobenzene",150,3.43111883
"2-methyl-1,3,5-trinitrobenzene",145,2.68084093
"2-methyl-1,3,5-trinitrobenzene",140,2.07657951
"2-methyl-1,3,5-trinitrobenzene",135,1.59492148
"2-methyl-1,3,5-trinitrobenzene",130,1.21477415
"2-methyl-1,3,5-trinitrobenzene",125,0.91759129
"2-methyl-1,3,5-trinitrobenzene",120,0.68740184
"2-methyl-1,3,5-trinitrobenzene",115,0.51070239
"2-methyl-1,3,5-trinitrobenzene",110,0.37625964
"2-methyl-1,3,5-trinitrobenzene",105,0.27486302
"2-methyl-1,3,5-trinitrobenzene",100,0.19905873
"2-methyl-1,3,5-trinitrobenzene",95,0.14288676
"2-methyl-1,3,5-trinitrobenzene",90,0.10163465
"2-methyl-1,3,5-trinitrobenzene",85,0.07161573
"2-methyl-1,3,5-trinitrobenzene",80,0.04997527
"2-methyl-1,3,5-trinitrobenzene",75,0.03452484
"2-methyl-1,3,5-trinitrobenzene",70,0.02360339
"2-methyl-1,3,5-trinitrobenzene",65,0.01596270
"2-methyl-1,3,5-trinitrobenzene",60,0.01067427
"2-methyl-1,3,5-trinitrobenzene",55,0.00705452
"2-methyl-1,3,5-trinitrobenzene",50,0.00460552
"2-methyl-1,3,5-trinitrobenzene",45,0.00296853
"2-methyl-1,3,5-trinitrobenzene",40,0.00188805
"2-methyl-1,3,5-trinitrobenzene",35,0.00118423
"2-methyl-1,3,5-trinitrobenzene",30,0.00073204
"2-methyl-1,3,5-trinitrobenzene",25,0.00044568
"2-methyl-1,3,5-trinitrobenzene",160,5.47200973
"2-methyl-1,3,5-trinitrobenzene",155,4.35269752
"2-methyl-1,3,5-trinitrobenzene",150,3.43111883
"2-methyl-1,3,5-trinitrobenzene",145,2.68084093
"2-methyl-1,3,5-trinitrobenzene",140,2.07657951
"2-methyl-1,3,5-trinitrobenzene",135,1.59492148
"2-methyl-1,3,5-trinitrobenzene",130,1.21477415
"2-methyl-1,3,5-trinitrobenzene",125,0.91759129
"2-methyl-1,3,5-trinitrobenzene",120,0.68740184
"2-methyl-1,3,5-trinitrobenzene",115,0.51070239
"2-methyl-1,3,5-trinitrobenzene",110,0.37625964
"2-methyl-1,3,5-trinitrobenzene",105,0.27486302
"2-methyl-1,3,5-trinitrobenzene",100,0.19905873
"2-methyl-1,3,5-trinitrobenzene",95,0.14288676
"2-methyl-1,3,5-trinitrobenzene",90,0.10163465
"2-methyl-1,3,5-trinitrobenzene",85,0.07161573
"2-methyl-1,3,5-trinitrobenzene",80,0.04997527
"2-methyl-1,3,5-trinitrobenzene",75,0.03452484
"2-methyl-1,3,5-trinitrobenzene",70,0.02360339
"2-methyl-1,3,5-trinitrobenzene",65,0.01596270
"2-methyl-1,3,5-trinitrobenzene",60,0.01067427
"2-methyl-1,3,5-trinitrobenzene",55,0.00705452
"2-methyl-1,3,5-trinitrobenzene",50,0.00460552
"2-methyl-1,3,5-trinitrobenzene",45,0.00296853
"2-methyl-1,3,5-trinitrobenzene",40,0.00188805
"2-methyl-1,3,5-trinitrobenzene",35,0.00118423
"2-methyl-1,3,5-trinitrobenzene",30,0.00073204
"2-methyl-1,3,5-trinitrobenzene",25,0.00044568
triphenylphosphate,160,3.49920249
triphenylphosphate,155,2.76913417
triphenylphosphate,150,2.17484326
triphenylphosphate,145,1.69529681
triphenylphosphate,140,1.31162215
triphenylphosphate,135,1.00719394
triphenylphosphate,130,0.76760705
triphenylphosphate,125,0.58056417
triphenylphosphate,120,0.43570740
triphenylphosphate,115,0.32441835
triphenylphosphate,110,0.23960686
triphenylphosphate,105,0.17550103
triphenylphosphate,100,0.12744892
triphenylphosphate,95,0.09173708
triphenylphosphate,90,0.06542886
triphenylphosphate,85,0.04622322
triphenylphosphate,80,0.03233371
triphenylphosphate,75,0.02238622
triphenylphosphate,70,0.01533376
triphenylphosphate,65,0.01038625
triphenylphosphate,60,0.00695338
triphenylphosphate,55,0.00459867
triphenylphosphate,50,0.00300278
triphenylphosphate,45,0.00193468
triphenylphosphate,40,0.00122917
triphenylphosphate,35,0.00076955
triphenylphosphate,30,0.00047442
triphenylphosphate,25,0.00028778
n-undecane,160,0.18586278
n-undecane,155,0.13441687
n-undecane,150,0.09645938
n-undecane,145,0.06865714
n-undecane,140,0.04845077
n-undecane,135,0.03388541
n-undecane,130,0.02347705
n-undecane,125,0.01610686
n-undecane,120,0.01093776
n-undecane,115,0.00734856
n-undecane,110,0.00488239
n-undecane,105,0.00320634
n-undecane,100,0.00208024
n-undecane,95,0.00133265
n-undecane,90,0.00084251
n-undecane,85,0.00052533
n-undecane,80,0.00032287
n-undecane,75,0.00019546
n-undecane,70,0.00011648
n-undecane,65,0.00006827
n-undecane,60,0.00003933
n-undecane,55,0.00002225
n-undecane,50,0.00001235
n-undecane,45,0.00000672
n-undecane,40,0.00000358
n-undecane,35,0.00000187
n-undecane,30,0.00000095
n-undecane,25,0.00000047
urea,160,0.00000547
urea,155,0.00000355
urea,150,0.00000229
urea,145,0.00000147
urea,140,0.00000093
urea,135,0.00000059
urea,130,0.00000037
urea,125,0.00000023
urea,120,0.00000014
urea,115,0.00000009
urea,110,0.00000005
urea,105,0.00000003
urea,100,0.00000002
urea,95,0.00000001
urea,90,0.00000001
urea,85,0.00000000
urea,80,0.00000000
urea,75,0.00000000
urea,70,0.00000000
urea,65,0.00000000
urea,60,0.00000000
urea,55,0.00000000
urea,50,0.00000000
urea,45,0.00000000
urea,40,0.00000000
urea,35,0.00000000
urea,30,0.00000000
urea,25,0.00000000
urea,160,0.00000547
urea,155,0.00000355
urea,150,0.00000229
urea,145,0.00000147
urea,140,0.00000093
urea,135,0.00000059
urea,130,0.00000037
urea,125,0.00000023
urea,120,0.00000014
urea,115,0.00000009
urea,110,0.00000005
urea,105,0.00000003
urea,100,0.00000002
urea,95,0.00000001
urea,90,0.00000001
urea,85,0.00000000
urea,80,0.00000000
urea,75,0.00000000
urea,70,0.00000000
urea,65,0.00000000
urea,60,0.00000000
urea,55,0.00000000
urea,50,0.00000000
urea,45,0.00000000
urea,40,0.00000000
urea,35,0.00000000
urea,30,0.00000000
urea,25,0.00000000
valeronitrile,160,37.27133771
valeronitrile,155,34.19100342
valeronitrile,150,31.13817333
valeronitrile,145,28.12948094
valeronitrile,140,25.18204839
valeronitrile,135,22.31616485
valeronitrile,130,19.55503778
valeronitrile,125,16.92298929
valeronitrile,120,14.44460368
valeronitrile,115,12.14514316
valeronitrile,110,10.04714097
valeronitrile,105,8.16913828
valeronitrile,100,6.52315226
valeronitrile,95,5.11301007
valeronitrile,90,3.93357849
valeronitrile,85,2.97087985
valeronitrile,80,2.20390162
valeronitrile,75,1.60695655
valeronitrile,70,1.15250788
valeronitrile,65,0.81361200
valeronitrile,60,0.56568694
valeronitrile,55,0.38752448
valeronitrile,50,0.26162717
valeronitrile,45,0.17407746
valeronitrile,40,0.11413464
valeronitrile,35,0.07371882
valeronitrile,30,0.04688521
valeronitrile,25,0.02934590
4-hydroxy-3-methoxybenzaldehyde,160,5.73572610
4-hydroxy-3-methoxybenzaldehyde,155,4.42198557
4-hydroxy-3-methoxybenzaldehyde,150,3.37437328
4-hydroxy-3-methoxybenzaldehyde,145,2.54974004
4-hydroxy-3-methoxybenzaldehyde,140,1.90835341
4-hydroxy-3-methoxybenzaldehyde,135,1.41504068
4-hydroxy-3-methoxybenzaldehyde,130,1.03961093
4-hydroxy-3-methoxybenzaldehyde,125,0.75678283
4-hydroxy-3-methoxybenzaldehyde,120,0.54581344
4-hydroxy-3-methoxybenzaldehyde,115,0.38997418
4-hydroxy-3-methoxybenzaldehyde,110,0.27597447
4-hydroxy-3-methoxybenzaldehyde,105,0.19339558
4-hydroxy-3-methoxybenzaldehyde,100,0.13417004
4-hydroxy-3-methoxybenzaldehyde,95,0.09212313
4-hydroxy-3-methoxybenzaldehyde,90,0.06258161
4-hydroxy-3-methoxybenzaldehyde,85,0.04204746
4-hydroxy-3-methoxybenzaldehyde,80,0.02793110
4-hydroxy-3-methoxybenzaldehyde,75,0.01833675
4-hydroxy-3-methoxybenzaldehyde,70,0.01189226
4-hydroxy-3-methoxybenzaldehyde,65,0.00761598
4-hydroxy-3-methoxybenzaldehyde,60,0.00481402
4-hydroxy-3-methoxybenzaldehyde,55,0.00300194
4-hydroxy-3-methoxybenzaldehyde,50,0.00184580
4-hydroxy-3-methoxybenzaldehyde,45,0.00111846
4-hydroxy-3-methoxybenzaldehyde,40,0.00066751
4-hydroxy-3-methoxybenzaldehyde,35,0.00039213
4-hydroxy-3-methoxybenzaldehyde,30,0.00022659
4-hydroxy-3-methoxybenzaldehyde,25,0.00012871
(c-chloroethoxy)ethene,160,20.83486674
(c-chloroethoxy)ethene,155,17.78822764
(c-chloroethoxy)ethene,150,14.97454107
(c-chloroethoxy)ethene,145,12.42003483
(c-chloroethoxy)ethene,140,10.14355567
(c-chloroethoxy)ethene,135,8.15498087
(c-chloroethoxy)ethene,130,6.45350540
(c-chloroethoxy)ethene,125,5.02810158
(c-chloroethoxy)ethene,120,3.85865558
(c-chloroethoxy)ethene,115,2.91837874
(c-chloroethoxy)ethene,110,2.17670452
(c-chloroethoxy)ethene,105,1.60208028
(c-chloroethoxy)ethene,100,1.16422891
(c-chloroethoxy)ethene,95,0.83570973
(c-chloroethoxy)ethene,90,0.59274824
(c-chloroethoxy)ethene,85,0.41548682
(c-chloroethoxy)ethene,80,0.28782757
(c-chloroethoxy)ethene,75,0.19704167
(c-chloroethoxy)ethene,70,0.13327504
(c-chloroethoxy)ethene,65,0.08903835
(c-chloroethoxy)ethene,60,0.05873250
(c-chloroethoxy)ethene,55,0.03823453
(c-chloroethoxy)ethene,50,0.02455174
(c-chloroethoxy)ethene,45,0.01554190
(c-chloroethoxy)ethene,40,0.00969264
(c-chloroethoxy)ethene,35,0.00595103
(c-chloroethoxy)ethene,30,0.00359438
(c-chloroethoxy)ethene,25,0.00213394
vinylacetate,160,26.17684682
vinylacetate,155,22.75459948
vinylacetate,150,19.51305108
vinylacetate,145,16.49044697
vinylacetate,140,13.72100586
vinylacetate,135,11.23250367
vinylacetate,130,9.04287317
vinylacetate,125,7.15839941
vinylacetate,120,5.57280645
vinylacetate,115,4.26849148
vinylacetate,110,3.21878314
vinylacetate,105,2.39136677
vinylacetate,100,1.75172226
vinylacetate,95,1.26603563
vinylacetate,90,0.90330455
vinylacetate,85,0.63651792
vinylacetate,80,0.44308596
vinylacetate,75,0.30472826
vinylacetate,70,0.20704783
vinylacetate,65,0.13896124
vinylacetate,60,0.09210154
vinylacetate,55,0.06026078
vinylacetate,50,0.03890507
vinylacetate,45,0.02477187
vinylacetate,40,0.01554681
vinylacetate,35,0.00961116
vinylacetate,30,0.00584869
vinylacetate,25,0.00350075
butenyne,160,51.63025436
butenyne,155,48.79208732
butenyne,150,45.91697356
butenyne,145,43.01359357
butenyne,140,40.08822857
butenyne,135,37.15407791
butenyne,130,34.22222406
butenyne,125,31.30408979
butenyne,120,28.41697755
butenyne,115,25.57859349
butenyne,110,22.80668451
butenyne,105,20.12382510
butenyne,100,17.55250129
butenyne,95,15.11552162
butenyne,90,12.83703283
butenyne,85,10.73884541
butenyne,80,8.83981317
butenyne,75,7.15394988
butenyne,70,5.68867960
butenyne,65,4.44342830
butenyne,60,3.40974908
butenyne,55,2.57163943
butenyne,50,1.90764622
butenyne,45,1.39307146
butenyne,40,1.00241901
butenyne,35,0.71141223
butenyne,30,0.49835329
butenyne,25,0.34480944
allylvinylether,160,28.18941207
allylvinylether,155,24.78653466
allylvinylether,150,21.53065341
allylvinylether,145,18.45671188
allylvinylether,140,15.59859973
allylvinylether,135,12.98580151
allylvinylether,130,10.64168773
allylvinylether,125,8.58057363
allylvinylether,120,6.80638734
allylvinylether,115,5.31196165
allylvinylether,110,4.08027407
allylvinylether,105,3.08638685
allylvinylether,100,2.30044912
allylvinylether,95,1.69067933
allylvinylether,90,1.22590302
allylvinylether,85,0.87743129
allylvinylether,80,0.62013868
allylvinylether,75,0.43288976
allylvinylether,70,0.29847643
allylvinylether,65,0.20326375
allylvinylether,60,0.13669316
allylvinylether,55,0.09074936
allylvinylether,50,0.05945410
allylvinylether,45,0.03841987
allylvinylether,40,0.02447526
allylvinylether,35,0.01536125
allylvinylether,30,0.00949194
allylvinylether,25,0.00577014
butylvinylether,160,12.39799014
butylvinylether,155,9.94758674
butylvinylether,150,7.87999698
butylvinylether,145,6.16667179
butylvinylether,140,4.77051327
butylvinylether,135,3.65021425
butylvinylether,130,2.76391345
butylvinylether,125,2.07182616
butylvinylether,120,1.53790031
butylvinylether,115,1.13064468
butylvinylether,110,0.82334289
butylvinylether,105,0.59386276
butylvinylether,100,0.42422949
butylvinylether,95,0.30009063
butylvinylether,90,0.21015542
butylvinylether,85,0.14566011
butylvinylether,80,0.09988631
butylvinylether,75,0.06774386
butylvinylether,70,0.04542003
butylvinylether,65,0.03009093
butylvinylether,60,0.01968859
butylvinylether,55,0.01271591
butylvinylether,50,0.00810177
butylvinylether,45,0.00508909
butylvinylether,40,0.00314947
butylvinylether,35,0.00191894
butylvinylether,30,0.00115023
butylvinylether,25,0.00067771
vinylbutyrate,160,14.05186949
vinylbutyrate,155,11.52235679
vinylbutyrate,150,9.32214662
vinylbutyrate,145,7.44322417
vinylbutyrate,140,5.86729238
vinylbutyrate,135,4.56819685
vinylbutyrate,130,3.51479278
vinylbutyrate,125,2.67371170
vinylbutyrate,120,2.01178021
vinylbutyrate,115,1.49780900
vinylbutyrate,110,1.10372533
vinylbutyrate,105,0.80513884
vinylbutyrate,100,0.58146023
vinylbutyrate,95,0.41572197
vinylbutyrate,90,0.29422319
vinylbutyrate,85,0.20609429
vinylbutyrate,80,0.14284477
vinylbutyrate,75,0.09793536
vinylbutyrate,70,0.06639491
vinylbutyrate,65,0.04449091
vinylbutyrate,60,0.02945435
vinylbutyrate,55,0.01925528
vinylbutyrate,50,0.01242322
vinylbutyrate,45,0.00790577
vinylbutyrate,40,0.00495911
vinylbutyrate,35,0.00306418
vinylbutyrate,30,0.00186362
vinylbutyrate,25,0.00111478
chloroethene,160,44.76122583
chloroethene,155,41.71554847
chloroethene,150,38.65954887
chloroethene,145,35.60387126
chloroethene,140,32.56217528
chloroethene,135,29.54995766
chloroethene,130,26.58214360
chloroethene,125,23.67953434
chloroethene,120,20.86240656
chloroethene,115,18.15576229
chloroethene,110,15.58304906
chloroethene,105,13.17170669
chloroethene,100,10.94726901
chloroethene,95,8.93308294
chloroethene,90,7.14782577
chloroethene,85,5.60290050
chloroethene,80,4.30019873
chloroethene,75,3.23149278
chloroethene,70,2.37877193
chloroethene,65,1.71675110
chloroethene,60,1.21597038
chloroethene,55,0.84620704
chloroethene,50,0.57916501
chloroethene,45,0.39016423
chloroethene,40,0.25885367
chloroethene,35,0.16918286
chloroethene,30,0.10893963
chloroethene,25,0.06910129
divinylether,160,37.48633413
divinylether,155,34.11515877
divinylether,150,30.77802459
divinylether,145,27.49784921
divinylether,140,24.30410475
divinylether,135,21.22526717
divinylether,130,18.29388792
divinylether,125,15.54175366
divinylether,120,12.99949326
divinylether,115,10.69394424
divinylether,110,8.64522883
divinylether,105,6.86446264
divinylether,100,5.35250295
divinylether,95,4.09914133
divinylether,90,3.08475786
divinylether,85,2.28265226
divinylether,80,1.66223718
divinylether,75,1.19213417
divinylether,70,0.84264178
divinylether,65,0.58734118
divinylether,60,0.40386332
divinylether,55,0.27400821
divinylether,50,0.18343887
divinylether,45,0.12116104
divinylether,40,0.07893385
divinylether,35,0.05070197
divinylether,30,0.03209477
divinylether,25,0.02000957
ethylvinylsulfide,160,29.22368797
ethylvinylsulfide,155,25.97685385
ethylvinylsulfide,150,22.84936303
ethylvinylsulfide,145,19.86826361
ethylvinylsulfide,140,17.06118915
ethylvinylsulfide,135,14.45405122
ethylvinylsulfide,130,12.07007211
ethylvinylsulfide,125,9.92742791
ethylvinylsulfide,120,8.03738447
ethylvinylsulfide,115,6.40343346
ethylvinylsulfide,110,5.01997132
ethylvinylsulfide,105,3.87313796
ethylvinylsulfide,100,2.94222055
ethylvinylsulfide,95,2.20176600
ethylvinylsulfide,90,1.62408882
ethylvinylsulfide,85,1.18152986
ethylvinylsulfide,80,0.84819386
ethylvinylsulfide,75,0.60107757
ethylvinylsulfide,70,0.42059123
ethylvinylsulfide,65,0.29062444
ethylvinylsulfide,60,0.19830538
ethylvinylsulfide,55,0.13359813
ethylvinylsulfide,50,0.08884092
ethylvinylsulfide,45,0.05829237
ethylvinylsulfide,40,0.03772212
ethylvinylsulfide,35,0.02406193
ethylvinylsulfide,30,0.01511980
ethylvinylsulfide,25,0.00935284
vinylformate,160,31.80935335
vinylformate,155,28.09920518
vinylformate,150,24.49202292
vinylformate,145,21.03489380
vinylformate,140,17.77610476
vinylformate,135,14.76281228
vinylformate,130,12.03623524
vinylformate,125,9.62716071
vinylformate,120,7.55237549
vinylformate,115,5.81193451
vinylformate,110,4.39001471
vinylformate,105,3.25764081
vinylformate,100,2.37728513
vinylformate,95,1.70788646
vinylformate,90,1.20906662
vinylformate,85,0.84410105
vinylformate,80,0.58148743
vinylformate,75,0.39540772
vinylformate,70,0.26544862
vinylformate,65,0.17593107
vinylformate,60,0.11509681
vinylformate,55,0.07430548
vinylformate,50,0.04732037
vinylformate,45,0.02971255
vinylformate,40,0.01838475
vinylformate,35,0.01120299
vinylformate,30,0.00671850
vinylformate,25,0.00396234
iodoethene,160,19.73456197
iodoethene,155,17.35676256
iodoethene,150,15.12740620
iodoethene,145,13.05249795
iodoethene,140,11.13873603
iodoethene,135,9.39184551
iodoethene,130,7.81626349
iodoethene,125,6.41471576
iodoethene,120,5.18719790
iodoethene,115,4.13045576
iodoethene,110,3.23752695
iodoethene,105,2.49775359
iodoethene,100,1.89709077
iodoethene,95,1.41911549
iodoethene,90,1.04613322
iodoethene,85,0.76045353
iodoethene,80,0.54543769
iodoethene,75,0.38622192
iodoethene,70,0.27010187
iodoethene,65,0.18660974
iodoethene,60,0.12738321
iodoethene,55,0.08591270
iodoethene,50,0.05724178
iodoethene,45,0.03766829
iodoethene,40,0.02447384
iodoethene,35,0.01569323
iodoethene,30,0.00992650
iodoethene,25,0.00619035
isobutylvinylether,160,11.16865858
isobutylvinylether,155,8.87312967
isobutylvinylether,150,6.96485529
isobutylvinylether,145,5.40518477
isobutylvinylether,140,4.14995851
isobutylvinylether,135,3.15383264
isobutylvinylether,130,2.37340544
isobutylvinylether,125,1.76916930
isobutylvinylether,120,1.30649713
isobutylvinylether,115,0.95592136
isobutylvinylether,110,0.69295338
isobutylvinylether,105,0.49763706
isobutylvinylether,100,0.35397826
isobutylvinylether,95,0.24934313
isobutylvinylether,90,0.17388156
isobutylvinylether,85,0.12000585
isobutylvinylether,80,0.08193748
isobutylvinylether,75,0.05532418
isobutylvinylether,70,0.03692359
isobutylvinylether,65,0.02434655
isobutylvinylether,60,0.01585212
isobutylvinylether,55,0.01018613
isobutylvinylether,50,0.00645568
isobutylvinylether,45,0.00403280
isobutylvinylether,40,0.00248145
isobutylvinylether,35,0.00150288
isobutylvinylether,30,0.00089520
isobutylvinylether,25,0.00052401
2-(ethenyloxy)-propane,160,23.81798118
2-(ethenyloxy)-propane,155,20.43919935
2-(ethenyloxy)-propane,150,17.29539260
2-(ethenyloxy)-propane,145,14.42119471
2-(ethenyloxy)-propane,140,11.84328445
2-(ethenyloxy)-propane,135,9.57723003
2-(ethenyloxy)-propane,130,7.62617283
2-(ethenyloxy)-propane,125,5.98110685
2-(ethenyloxy)-propane,120,4.62227833
2-(ethenyloxy)-propane,115,3.52188751
2-(ethenyloxy)-propane,110,2.64733216
2-(ethenyloxy)-propane,105,1.96435042
2-(ethenyloxy)-propane,100,1.43959737
2-(ethenyloxy)-propane,95,1.04247148
2-(ethenyloxy)-propane,90,0.74614587
2-(ethenyloxy)-propane,85,0.52795799
2-(ethenyloxy)-propane,80,0.36933130
2-(ethenyloxy)-propane,75,0.25541624
2-(ethenyloxy)-propane,70,0.17459239
2-(ethenyloxy)-propane,65,0.11793290
2-(ethenyloxy)-propane,60,0.07869191
2-(ethenyloxy)-propane,55,0.05184793
2-(ethenyloxy)-propane,50,0.03371561
2-(ethenyloxy)-propane,45,0.02162691
2-(ethenyloxy)-propane,40,0.01367611
2-(ethenyloxy)-propane,35,0.00852024
2-(ethenyloxy)-propane,30,0.00522583
2-(ethenyloxy)-propane,25,0.00315312
propanoicacidethenylester,160,19.89950630
propanoicacidethenylester,155,16.83524804
propanoicacidethenylester,150,14.04184421
propanoicacidethenylester,145,11.54169503
propanoicacidethenylester,140,9.34661226
propanoicacidethenylester,135,7.45729965
propanoicacidethenylester,130,5.86345324
propanoicacidethenylester,125,4.54515851
propanoicacidethenylester,120,3.47535068
propanoicacidethenylester,115,2.62274182
propanoicacidethenylester,110,1.95465318
propanoicacidethenylester,105,1.43934130
propanoicacidethenylester,100,1.04765752
propanoicacidethenylester,95,0.75399302
propanoicacidethenylester,90,0.53664414
propanoicacidethenylester,85,0.37774928
propanoicacidethenylester,80,0.26296517
propanoicacidethenylester,75,0.18101136
propanoicacidethenylester,70,0.12317532
propanoicacidethenylester,65,0.08283518
propanoicacidethenylester,60,0.05503156
propanoicacidethenylester,55,0.03610106
propanoicacidethenylester,50,0.02337326
propanoicacidethenylester,45,0.01492678
propanoicacidethenylester,40,0.00939711
propanoicacidethenylester,35,0.00582794
propanoicacidethenylester,30,0.00355808
propanoicacidethenylester,25,0.00213679
1-(ethenyloxy)propane,160,20.34229275
1-(ethenyloxy)propane,155,17.05242834
1-(ethenyloxy)propane,150,14.08063187
1-(ethenyloxy)propane,145,11.45100044
1-(ethenyloxy)propane,140,9.17277446
1-(ethenyloxy)propane,135,7.24005432
1-(ethenyloxy)propane,130,5.63362459
1-(ethenyloxy)propane,125,4.32419368
1-(ethenyloxy)propane,120,3.27624195
1-(ethenyloxy)propane,115,2.45170986
1-(ethenyloxy)propane,110,1.81309635
1-(ethenyloxy)propane,105,1.32562438
1-(ethenyloxy)propane,100,0.95852778
1-(ethenyloxy)propane,95,0.68557704
1-(ethenyloxy)propane,90,0.48507177
1-(ethenyloxy)propane,85,0.33949789
1-(ethenyloxy)propane,80,0.23501190
1-(ethenyloxy)propane,75,0.16086701
1-(ethenyloxy)propane,70,0.10885236
1-(ethenyloxy)propane,65,0.07278508
1-(ethenyloxy)propane,60,0.04807219
1-(ethenyloxy)propane,55,0.03134599
1-(ethenyloxy)propane,50,0.02016848
1-(ethenyloxy)propane,45,0.01279712
1-(ethenyloxy)propane,40,0.00800245
1-(ethenyloxy)propane,35,0.00492841
1-(ethenyloxy)propane,30,0.00298706
1-(ethenyloxy)propane,25,0.00178029
1-vinyl-2-pyrrolidinone,160,22.01793801
1-vinyl-2-pyrrolidinone,155,19.14457916
1-vinyl-2-pyrrolidinone,150,16.46293433
1-vinyl-2-pyrrolidinone,145,13.99108761
1-vinyl-2-pyrrolidinone,140,11.74329742
1-vinyl-2-pyrrolidinone,135,9.72958776
1-vinyl-2-pyrrolidinone,130,7.95412261
1-vinyl-2-pyrrolidinone,125,6.41503055
1-vinyl-2-pyrrolidinone,120,5.10382118
1-vinyl-2-pyrrolidinone,115,4.00636010
1-vinyl-2-pyrrolidinone,110,3.10378425
1-vinyl-2-pyrrolidinone,105,2.37405637
1-vinyl-2-pyrrolidinone,100,1.79366470
1-vinyl-2-pyrrolidinone,95,1.33917638
1-vinyl-2-pyrrolidinone,90,0.98845404
1-vinyl-2-pyrrolidinone,85,0.72150897
1-vinyl-2-pyrrolidinone,80,0.52095294
1-vinyl-2-pyrrolidinone,75,0.37212406
1-vinyl-2-pyrrolidinone,70,0.26298256
1-vinyl-2-pyrrolidinone,65,0.18386182
1-vinyl-2-pyrrolidinone,60,0.12715058
1-vinyl-2-pyrrolidinone,55,0.08695782
1-vinyl-2-pyrrolidinone,50,0.05879387
1-vinyl-2-pyrrolidinone,45,0.03928524
1-vinyl-2-pyrrolidinone,40,0.02593075
1-vinyl-2-pyrrolidinone,35,0.01689970
1-vinyl-2-pyrrolidinone,30,0.01086896
1-vinyl-2-pyrrolidinone,25,0.00689424
ethenyltrimethylsilane,160,3.68637522
ethenyltrimethylsilane,155,2.77077828
ethenyltrimethylsilane,150,2.06955081
ethenyltrimethylsilane,145,1.53568922
ethenyltrimethylsilane,140,1.13174040
ethenyltrimethylsilane,135,0.82805234
ethenyltrimethylsilane,130,0.60128502
ethenyltrimethylsilane,125,0.43316486
ethenyltrimethylsilane,120,0.30946404
ethenyltrimethylsilane,115,0.21916978
ethenyltrimethylsilane,110,0.15381166
ethenyltrimethylsilane,105,0.10691904
ethenyltrimethylsilane,100,0.07358529
ethenyltrimethylsilane,95,0.05011909
ethenyltrimethylsilane,90,0.03376678
ethenyltrimethylsilane,85,0.02249259
ethenyltrimethylsilane,80,0.01480580
ethenyltrimethylsilane,75,0.00962576
ethenyltrimethylsilane,70,0.00617739
ethenyltrimethylsilane,65,0.00391096
ethenyltrimethylsilane,60,0.00244118
ethenyltrimethylsilane,55,0.00150130
ethenyltrimethylsilane,50,0.00090903
ethenyltrimethylsilane,45,0.00054151
ethenyltrimethylsilane,40,0.00031712
ethenyltrimethylsilane,35,0.00018241
ethenyltrimethylsilane,30,0.00010296
ethenyltrimethylsilane,25,0.00005698
"1,3-dioxol-2-one",160,10.03066697
"1,3-dioxol-2-one",155,7.61606913
"1,3-dioxol-2-one",150,5.71180302
"1,3-dioxol-2-one",145,4.23751463
"1,3-dioxol-2-one",140,3.11324395
"1,3-dioxol-2-one",135,2.26666777
"1,3-dioxol-2-one",130,1.63614004
"1,3-dioxol-2-one",125,1.17112399
"1,3-dioxol-2-one",120,0.83130200
"1,3-dioxol-2-one",115,0.58514403
"1,3-dioxol-2-one",110,0.40836987
"1,3-dioxol-2-one",105,0.28251709
"1,3-dioxol-2-one",100,0.19370019
"1,3-dioxol-2-one",95,0.13157981
"1,3-dioxol-2-one",90,0.08853000
"1,3-dioxol-2-one",85,0.05897829
"1,3-dioxol-2-one",80,0.03889056
"1,3-dioxol-2-one",75,0.02537396
"1,3-dioxol-2-one",70,0.01637412
"1,3-dioxol-2-one",65,0.01044669
"1,3-dioxol-2-one",60,0.00658668
"1,3-dioxol-2-one",55,0.00410232
"1,3-dioxol-2-one",50,0.00252269
"1,3-dioxol-2-one",45,0.00153093
"1,3-dioxol-2-one",40,0.00091639
"1,3-dioxol-2-one",35,0.00054075
"1,3-dioxol-2-one",30,0.00031438
"1,3-dioxol-2-one",25,0.00017996
h2o,160,0.00000000
h2o,155,0.00000000
h2o,150,0.00000000
h2o,145,0.00000000
h2o,140,0.00000000
h2o,135,0.00000000
h2o,130,0.00000000
h2o,125,0.00000000
h2o,120,0.00000000
h2o,115,0.00000000
h2o,110,0.00000000
h2o,105,0.00000000
h2o,100,0.00000000
h2o,95,0.00000000
h2o,90,0.00000000
h2o,85,0.00000000
h2o,80,0.00000000
h2o,75,0.00000000
h2o,70,0.00000000
h2o,65,0.00000000
h2o,60,0.00000000
h2o,55,0.00000000
h2o,50,0.00000000
h2o,45,0.00000000
h2o,40,0.00000000
h2o,35,0.00000000
h2o,30,0.00000000
h2o,25,0.00000000
h2o,160,0.00000000
h2o,155,0.00000000
h2o,150,0.00000000
h2o,145,0.00000000
h2o,140,0.00000000
h2o,135,0.00000000
h2o,130,0.00000000
h2o,125,0.00000000
h2o,120,0.00000000
h2o,115,0.00000000
h2o,110,0.00000000
h2o,105,0.00000000
h2o,100,0.00000000
h2o,95,0.00000000
h2o,90,0.00000000
h2o,85,0.00000000
h2o,80,0.00000000
h2o,75,0.00000000
h2o,70,0.00000000
h2o,65,0.00000000
h2o,60,0.00000000
h2o,55,0.00000000
h2o,50,0.00000000
h2o,45,0.00000000
h2o,40,0.00000000
h2o,35,0.00000000
h2o,30,0.00000000
h2o,25,0.00000000
h2o,160,0.00000000
h2o,155,0.00000000
h2o,150,0.00000000
h2o,145,0.00000000
h2o,140,0.00000000
h2o,135,0.00000000
h2o,130,0.00000000
h2o,125,0.00000000
h2o,120,0.00000000
h2o,115,0.00000000
h2o,110,0.00000000
h2o,105,0.00000000
h2o,100,0.00000000
h2o,95,0.00000000
h2o,90,0.00000000
h2o,85,0.00000000
h2o,80,0.00000000
h2o,75,0.00000000
h2o,70,0.00000000
h2o,65,0.00000000
h2o,60,0.00000000
h2o,55,0.00000000
h2o,50,0.00000000
h2o,45,0.00000000
h2o,40,0.00000000
h2o,35,0.00000000
h2o,30,0.00000000
h2o,25,0.00000000
"1,4-dimethylbenzene",160,15.35840104
"1,4-dimethylbenzene",155,12.63605474
"1,4-dimethylbenzene",150,10.25197809
"1,4-dimethylbenzene",145,8.20407214
"1,4-dimethylbenzene",140,6.47797716
"1,4-dimethylbenzene",135,5.04947410
"1,4-dimethylbenzene",130,3.88760492
"1,4-dimethylbenzene",125,2.95785541
"1,4-dimethylbenzene",120,2.22504812
"1,4-dimethylbenzene",115,1.65555776
"1,4-dimethylbenzene",110,1.21877546
"1,4-dimethylbenzene",105,0.88789987
"1,4-dimethylbenzene",100,0.64018588
"1,4-dimethylbenzene",95,0.45682267
"1,4-dimethylbenzene",90,0.32258667
"1,4-dimethylbenzene",85,0.22538475
"1,4-dimethylbenzene",80,0.15576574
"1,4-dimethylbenzene",75,0.10645108
"1,4-dimethylbenzene",70,0.07191086
"1,4-dimethylbenzene",65,0.04799735
"1,4-dimethylbenzene",60,0.03163795
"1,4-dimethylbenzene",55,0.02058435
"1,4-dimethylbenzene",50,0.01321151
"1,4-dimethylbenzene",45,0.00835955
"1,4-dimethylbenzene",40,0.00521119
"1,4-dimethylbenzene",35,0.00319816
"1,4-dimethylbenzene",30,0.00193080
"1,4-dimethylbenzene",25,0.00114575
beta-propiolactone,160,5.32861174
beta-propiolactone,155,3.96547192
beta-propiolactone,150,2.93165688
beta-propiolactone,145,2.15311712
beta-propiolactone,140,1.57084754
beta-propiolactone,135,1.13834144
beta-propiolactone,130,0.81927864
beta-propiolactone,125,0.58553154
beta-propiolactone,120,0.41548928
beta-propiolactone,115,0.29267439
beta-propiolactone,110,0.20461797
beta-propiolactone,105,0.14195493
beta-propiolactone,100,0.09770428
beta-propiolactone,95,0.06670176
beta-propiolactone,90,0.04515658
beta-propiolactone,85,0.03030818
beta-propiolactone,80,0.02016249
beta-propiolactone,75,0.01329105
beta-propiolactone,70,0.00867932
beta-propiolactone,65,0.00561304
beta-propiolactone,60,0.00359389
beta-propiolactone,55,0.00227746
beta-propiolactone,50,0.00142794
beta-propiolactone,45,0.00088550
beta-propiolactone,40,0.00054292
beta-propiolactone,35,0.00032899
beta-propiolactone,30,0.00019694
beta-propiolactone,25,0.00011642
2-chloroacetophenone,160,10.06056779
2-chloroacetophenone,155,8.14899839
2-chloroacetophenone,150,6.52210566
2-chloroacetophenone,145,5.15944329
2-chloroacetophenone,140,4.03560959
2-chloroacetophenone,135,3.12235354
2-chloroacetophenone,130,2.39052278
2-chloroacetophenone,125,1.81174148
2-chloroacetophenone,120,1.35963028
2-chloroacetophenone,115,1.01056085
2-chloroacetophenone,110,0.74401572
2-chloroacetophenone,105,0.54263196
2-chloroacetophenone,100,0.39203422
2-chloroacetophenone,95,0.28054221
2-chloroacetophenone,90,0.19881978
2-chloroacetophenone,85,0.13951272
2-chloroacetophenone,80,0.09690433
2-chloroacetophenone,75,0.06660531
2-chloroacetophenone,70,0.04528479
2-chloroacetophenone,65,0.03044370
2-chloroacetophenone,60,0.02022787
2-chloroacetophenone,55,0.01327701
2-chloroacetophenone,50,0.00860439
2-chloroacetophenone,45,0.00550258
2-chloroacetophenone,40,0.00347039
2-chloroacetophenone,35,0.00215712
2-chloroacetophenone,30,0.00132057
2-chloroacetophenone,25,0.00079564
methyl2-chloroacrylate,160,16.62608266
methyl2-chloroacrylate,155,13.92184224
methyl2-chloroacrylate,150,11.49394125
methyl2-chloroacrylate,145,9.35327228
methyl2-chloroacrylate,140,7.50108697
methyl2-chloroacrylate,135,5.92925953
methyl2-chloroacrylate,130,4.62090371
methyl2-chloroacrylate,125,3.55222688
methyl2-chloroacrylate,120,2.69498220
methyl2-chloroacrylate,115,2.01900483
methyl2-chloroacrylate,110,1.49441901
methyl2-chloroacrylate,105,1.09333901
methyl2-chloroacrylate,100,0.79091858
methyl2-chloroacrylate,95,0.56584820
methyl2-chloroacrylate,90,0.40040984
methyl2-chloroacrylate,85,0.28024822
methyl2-chloroacrylate,80,0.19398428
methyl2-chloroacrylate,75,0.13276640
methyl2-chloroacrylate,70,0.08982247
methyl2-chloroacrylate,65,0.06004862
methyl2-chloroacrylate,60,0.03965158
methyl2-chloroacrylate,55,0.02584939
methyl2-chloroacrylate,50,0.01662805
methyl2-chloroacrylate,45,0.01054825
methyl2-chloroacrylate,40,0.00659466
methyl2-chloroacrylate,35,0.00406050
methyl2-chloroacrylate,30,0.00246050
methyl2-chloroacrylate,25,0.00146615
gamma-butyrolactone,160,16.68307039
gamma-butyrolactone,155,13.94225557
gamma-butyrolactone,150,11.52445572
gamma-butyrolactone,145,9.42055999
gamma-butyrolactone,140,7.61505213
gamma-butyrolactone,135,6.08735369
gamma-butyrolactone,130,4.81286698
gamma-butyrolactone,125,3.76445443
gamma-butyrolactone,120,2.91378396
gamma-butyrolactone,115,2.23266524
gamma-butyrolactone,110,1.69420155
gamma-butyrolactone,105,1.27361817
gamma-butyrolactone,100,0.94882903
gamma-butyrolactone,95,0.70069799
gamma-butyrolactone,90,0.51304935
gamma-butyrolactone,85,0.37250758
gamma-butyrolactone,80,0.26822040
gamma-butyrolactone,75,0.19152891
gamma-butyrolactone,70,0.13562568
gamma-butyrolactone,65,0.09522925
gamma-butyrolactone,60,0.06629093
gamma-butyrolactone,55,0.04574132
gamma-butyrolactone,50,0.03127751
gamma-butyrolactone,45,0.02118881
gamma-butyrolactone,40,0.01421672
gamma-butyrolactone,35,0.00944416
gamma-butyrolactone,30,0.00620923
gamma-butyrolactone,25,0.00403875
dihydrothiophen-2(3h)-one,160,25.20829165
dihydrothiophen-2(3h)-one,155,22.17864521
dihydrothiophen-2(3h)-one,150,19.30382907
dihydrothiophen-2(3h)-one,145,16.60570389
dihydrothiophen-2(3h)-one,140,14.10467347
dihydrothiophen-2(3h)-one,135,11.81880102
dihydrothiophen-2(3h)-one,130,9.76239673
dihydrothiophen-2(3h)-one,125,7.94401323
dihydrothiophen-2(3h)-one,120,6.36566148
dihydrothiophen-2(3h)-one,115,5.02229029
dihydrothiophen-2(3h)-one,110,3.90164870
dihydrothiophen-2(3h)-one,105,2.98551101
dihydrothiophen-2(3h)-one,100,2.25123065
dihydrothiophen-2(3h)-one,95,1.67378023
dihydrothiophen-2(3h)-one,90,1.22774681
dihydrothiophen-2(3h)-one,85,0.88897022
dihydrothiophen-2(3h)-one,80,0.63566573
dihydrothiophen-2(3h)-one,75,0.44903139
dihydrothiophen-2(3h)-one,70,0.31341234
dihydrothiophen-2(3h)-one,65,0.21615987
dihydrothiophen-2(3h)-one,60,0.14730849
dihydrothiophen-2(3h)-one,55,0.09917439
dihydrothiophen-2(3h)-one,50,0.06594350
dihydrothiophen-2(3h)-one,45,0.04329010
dihydrothiophen-2(3h)-one,40,0.02804518
dihydrothiophen-2(3h)-one,35,0.01792088
dihydrothiophen-2(3h)-one,30,0.01128864
dihydrothiophen-2(3h)-one,25,0.00700532
"1,4-dichloro-2-butyne",160,25.33299480
"1,4-dichloro-2-butyne",155,22.66909103
"1,4-dichloro-2-butyne",150,20.13159312
"1,4-dichloro-2-butyne",145,17.73091034
"1,4-dichloro-2-butyne",140,15.47757374
"1,4-dichloro-2-butyne",135,13.38131694
"1,4-dichloro-2-butyne",130,11.45059871
"1,4-dichloro-2-butyne",125,9.69204290
"1,4-dichloro-2-butyne",120,8.11001662
"1,4-dichloro-2-butyne",115,6.70560663
"1,4-dichloro-2-butyne",110,5.47675727
"1,4-dichloro-2-butyne",105,4.41770921
"1,4-dichloro-2-butyne",100,3.51930493
"1,4-dichloro-2-butyne",95,2.76922873
"1,4-dichloro-2-butyne",90,2.15289529
"1,4-dichloro-2-butyne",85,1.65428158
"1,4-dichloro-2-butyne",80,1.25689782
"1,4-dichloro-2-butyne",75,0.94466967
"1,4-dichloro-2-butyne",70,0.70262611
"1,4-dichloro-2-butyne",65,0.51734681
"1,4-dichloro-2-butyne",60,0.37719806
"1,4-dichloro-2-butyne",55,0.27237440
"1,4-dichloro-2-butyne",50,0.19481119
"1,4-dichloro-2-butyne",45,0.13801207
"1,4-dichloro-2-butyne",40,0.09683809
"1,4-dichloro-2-butyne",35,0.06728843
"1,4-dichloro-2-butyne",30,0.04629246
"1,4-dichloro-2-butyne",25,0.03152399
trans-dibromoethene,160,16.91237003
trans-dibromoethene,155,14.90907440
trans-dibromoethene,150,13.05488254
trans-dibromoethene,145,11.34814554
trans-dibromoethene,140,9.78780157
trans-dibromoethene,135,8.37156692
trans-dibromoethene,130,7.09666573
trans-dibromoethene,125,5.95928374
trans-dibromoethene,120,4.95470902
trans-dibromoethene,115,4.07723496
trans-dibromoethene,110,3.31978045
trans-dibromoethene,105,2.67407222
trans-dibromoethene,100,2.13086219
trans-dibromoethene,95,1.67997582
trans-dibromoethene,90,1.31074590
trans-dibromoethene,85,1.01240075
trans-dibromoethene,80,0.77442253
trans-dibromoethene,75,0.58692781
trans-dibromoethene,70,0.44092102
trans-dibromoethene,65,0.32846145
trans-dibromoethene,60,0.24272445
trans-dibromoethene,55,0.17798499
trans-dibromoethene,50,0.12953970
trans-dibromoethene,45,0.09359582
trans-dibromoethene,40,0.06714371
trans-dibromoethene,35,0.04782887
trans-dibromoethene,30,0.03383245
trans-dibromoethene,25,0.02376529
"1,2-dimethylbenzene",160,16.54423228
"1,2-dimethylbenzene",155,13.73801319
"1,2-dimethylbenzene",150,11.24908259
"1,2-dimethylbenzene",145,9.08310487
"1,2-dimethylbenzene",140,7.23379530
"1,2-dimethylbenzene",135,5.68418792
"1,2-dimethylbenzene",130,4.40901330
"1,2-dimethylbenzene",125,3.37760759
"1,2-dimethylbenzene",120,2.55677255
"1,2-dimethylbenzene",115,1.91332769
"1,2-dimethylbenzene",110,1.41600941
"1,2-dimethylbenzene",105,1.03667962
"1,2-dimethylbenzene",100,0.75093307
"1,2-dimethylbenzene",95,0.53822896
"1,2-dimethylbenzene",90,0.38170659
"1,2-dimethylbenzene",85,0.26781605
"1,2-dimethylbenzene",80,0.18586587
"1,2-dimethylbenzene",75,0.12755522
"1,2-dimethylbenzene",70,0.08653321
"1,2-dimethylbenzene",65,0.05800664
"1,2-dimethylbenzene",60,0.03840459
"1,2-dimethylbenzene",55,0.02510017
"1,2-dimethylbenzene",50,0.01618507
"1,2-dimethylbenzene",45,0.01029038
"1,2-dimethylbenzene",40,0.00644675
"1,2-dimethylbenzene",35,0.00397681
"1,2-dimethylbenzene",30,0.00241370
"1,2-dimethylbenzene",25,0.00144022
dipropyleneglycolmonomethylether,160,12.59498830
dipropyleneglycolmonomethylether,155,10.46061281
dipropyleneglycolmonomethylether,150,8.59040315
dipropyleneglycolmonomethylether,145,6.97556285
dipropyleneglycolmonomethylether,140,5.60163147
dipropyleneglycolmonomethylether,135,4.44953316
dipropyleneglycolmonomethylether,130,3.49706837
dipropyleneglycolmonomethylether,125,2.72032820
dipropyleneglycolmonomethylether,120,2.09510928
dipropyleneglycolmonomethylether,115,1.59804860
dipropyleneglycolmonomethylether,110,1.20748600
dipropyleneglycolmonomethylether,105,0.90400250
dipropyleneglycolmonomethylether,100,0.67067242
dipropyleneglycolmonomethylether,95,0.49309806
dipropyleneglycolmonomethylether,90,0.35928393
dipropyleneglycolmonomethylether,85,0.25941537
dipropyleneglycolmonomethylether,80,0.18558929
dipropyleneglycolmonomethylether,75,0.13153194
dipropyleneglycolmonomethylether,70,0.09232742
dipropyleneglycolmonomethylether,65,0.06416987
dipropyleneglycolmonomethylether,60,0.04414625
dipropyleneglycolmonomethylether,55,0.03005126
dipropyleneglycolmonomethylether,50,0.02023321
dipropyleneglycolmonomethylether,45,0.01346826
dipropyleneglycolmonomethylether,40,0.00885927
dipropyleneglycolmonomethylether,35,0.00575578
dipropyleneglycolmonomethylether,30,0.00369142
dipropyleneglycolmonomethylether,25,0.00233568
"1,2-3,4-diepoxybutane",160,14.61242538
"1,2-3,4-diepoxybutane",155,11.79896363
"1,2-3,4-diepoxybutane",150,9.39615891
"1,2-3,4-diepoxybutane",145,7.38378636
"1,2-3,4-diepoxybutane",140,5.72929581
"1,2-3,4-diepoxybutane",135,4.39242653
"1,2-3,4-diepoxybutane",130,3.32943913
"1,2-3,4-diepoxybutane",125,2.49667198
"1,2-3,4-diepoxybutane",120,1.85311593
"1,2-3,4-diepoxybutane",115,1.36200537
"1,2-3,4-diepoxybutane",110,0.99158477
"1,2-3,4-diepoxybutane",105,0.71523791
"1,2-3,4-diepoxybutane",100,0.51120314
"1,2-3,4-diepoxybutane",95,0.36205396
"1,2-3,4-diepoxybutane",90,0.25407998
"1,2-3,4-diepoxybutane",85,0.17665918
"1,2-3,4-diepoxybutane",80,0.12167358
"1,2-3,4-diepoxybutane",75,0.08299544
"1,2-3,4-diepoxybutane",70,0.05605240
"1,2-3,4-diepoxybutane",65,0.03746994
"1,2-3,4-diepoxybutane",60,0.02478403
"1,2-3,4-diepoxybutane",55,0.01621426
"1,2-3,4-diepoxybutane",50,0.01048771
"1,2-3,4-diepoxybutane",45,0.00670396
"1,2-3,4-diepoxybutane",40,0.00423295
"1,2-3,4-diepoxybutane",35,0.00263874
"1,2-3,4-diepoxybutane",30,0.00162314
"1,2-3,4-diepoxybutane",25,0.00098463
2-chloro-1-propanol,160,15.60197169
2-chloro-1-propanol,155,12.50100441
2-chloro-1-propanol,150,9.82706096
2-chloro-1-propanol,145,7.58387614
2-chloro-1-propanol,140,5.75120687
2-chloro-1-propanol,135,4.29048017
2-chloro-1-propanol,130,3.15219463
2-chloro-1-propanol,125,2.28303574
2-chloro-1-propanol,120,1.63139836
2-chloro-1-propanol,115,1.15085369
2-chloro-1-propanol,110,0.80180554
2-chloro-1-propanol,105,0.55182663
2-chloro-1-propanol,100,0.37518732
2-chloro-1-propanol,95,0.25198619
2-chloro-1-propanol,90,0.16715332
2-chloro-1-propanol,85,0.10948496
2-chloro-1-propanol,80,0.07078795
2-chloro-1-propanol,75,0.04516190
2-chloro-1-propanol,70,0.02841962
2-chloro-1-propanol,65,0.01763226
2-chloro-1-propanol,60,0.01078049
2-chloro-1-propanol,55,0.00649223
2-chloro-1-propanol,50,0.00384899
2-chloro-1-propanol,45,0.00224520
2-chloro-1-propanol,40,0.00128783
2-chloro-1-propanol,35,0.00072592
2-chloro-1-propanol,30,0.00040184
2-chloro-1-propanol,25,0.00021829
dimethylmethylphosphonate,160,9.57057294
dimethylmethylphosphonate,155,7.82878433
dimethylmethylphosphonate,150,6.34454296
dimethylmethylphosphonate,145,5.09403974
dimethylmethylphosphonate,140,4.05239872
dimethylmethylphosphonate,135,3.19454213
dimethylmethylphosphonate,130,2.49589667
dimethylmethylphosphonate,125,1.93309605
dimethylmethylphosphonate,120,1.48448875
dimethylmethylphosphonate,115,1.13052125
dimethylmethylphosphonate,110,0.85394425
dimethylmethylphosphonate,105,0.63985604
dimethylmethylphosphonate,100,0.47563236
dimethylmethylphosphonate,95,0.35076059
dimethylmethylphosphonate,90,0.25662189
dimethylmethylphosphonate,85,0.18624870
dimethylmethylphosphonate,80,0.13407987
dimethylmethylphosphonate,75,0.09572839
dimethylmethylphosphonate,70,0.06777109
dimethylmethylphosphonate,65,0.04756405
dimethylmethylphosphonate,60,0.03308517
dimethylmethylphosphonate,55,0.02280258
dimethylmethylphosphonate,50,0.01556658
dimethylmethylphosphonate,45,0.01052230
dimethylmethylphosphonate,40,0.00704001
dimethylmethylphosphonate,35,0.00466020
dimethylmethylphosphonate,30,0.00305081
dimethylmethylphosphonate,25,0.00197426
5-methyl-3-heptanone,160,9.59477784
5-methyl-3-heptanone,155,7.69762259
5-methyl-3-heptanone,150,6.10884055
5-methyl-3-heptanone,145,4.79754117
5-methyl-3-heptanone,140,3.72999915
5-methyl-3-heptanone,135,2.87201179
5-methyl-3-heptanone,130,2.19070469
5-methyl-3-heptanone,125,1.65579232
5-methyl-3-heptanone,120,1.24029557
5-methyl-3-heptanone,115,0.92083730
5-methyl-3-heptanone,110,0.67762470
5-methyl-3-heptanone,105,0.49422582
5-methyl-3-heptanone,100,0.35722838
5-methyl-3-heptanone,95,0.25584738
5-methyl-3-heptanone,90,0.18152589
5-methyl-3-heptanone,85,0.12755771
5-methyl-3-heptanone,80,0.08874728
5-methyl-3-heptanone,75,0.06111335
5-methyl-3-heptanone,70,0.04163768
5-methyl-3-heptanone,65,0.02805612
5-methyl-3-heptanone,60,0.01868811
5-methyl-3-heptanone,55,0.01229961
5-methyl-3-heptanone,50,0.00799433
5-methyl-3-heptanone,45,0.00512859
5-methyl-3-heptanone,40,0.00324552
5-methyl-3-heptanone,35,0.00202473
5-methyl-3-heptanone,30,0.00124440
5-methyl-3-heptanone,25,0.00075293
propyleneglycolmonophenylether,160,9.81511264
propyleneglycolmonophenylether,155,7.89405705
propyleneglycolmonophenylether,150,6.26784267
propyleneglycolmonophenylether,145,4.91441560
propyleneglycolmonophenylether,140,3.80638443
propyleneglycolmonophenylether,135,2.91341003
propyleneglycolmonophenylether,130,2.20440331
propyleneglycolmonophenylether,125,1.64934557
propyleneglycolmonophenylether,120,1.22056751
propyleneglycolmonophenylether,115,0.89351835
propyleneglycolmonophenylether,110,0.64708343
propyleneglycolmonophenylether,105,0.46357345
propyleneglycolmonophenylether,100,0.32849579
propyleneglycolmonophenylether,95,0.23020499
propyleneglycolmonophenylether,90,0.15950217
propyleneglycolmonophenylether,85,0.10923334
propyleneglycolmonophenylether,80,0.07391460
propyleneglycolmonophenylether,75,0.04939965
propyleneglycolmonophenylether,70,0.03259519
propyleneglycolmonophenylether,65,0.02122379
propyleneglycolmonophenylether,60,0.01363088
propyleneglycolmonophenylether,55,0.00863051
propyleneglycolmonophenylether,50,0.00538430
propyleneglycolmonophenylether,45,0.00330795
propyleneglycolmonophenylether,40,0.00200017
propyleneglycolmonophenylether,35,0.00118956
propyleneglycolmonophenylether,30,0.00069538
propyleneglycolmonophenylether,25,0.00039929
dipropyleneglycol,160,8.03981498
dipropyleneglycol,155,6.26028271
dipropyleneglycol,150,4.81216180
dipropyleneglycol,145,3.65385722
dipropyleneglycol,140,2.74198524
dipropyleneglycol,135,2.03457838
dipropyleneglycol,130,1.49321898
dipropyleneglycol,125,1.08419171
dipropyleneglycol,120,0.77887729
dipropyleneglycol,115,0.55362726
dipropyleneglycol,110,0.38933274
dipropyleneglycol,105,0.27084427
dipropyleneglycol,100,0.18635044
dipropyleneglycol,95,0.12678026
dipropyleneglycol,90,0.08526440
dipropyleneglycol,85,0.05666994
dipropyleneglycol,80,0.03721114
dipropyleneglycol,75,0.02413178
dipropyleneglycol,70,0.01545107
dipropyleneglycol,65,0.00976414
dipropyleneglycol,60,0.00608788
dipropyleneglycol,55,0.00374370
dipropyleneglycol,50,0.00226977
dipropyleneglycol,45,0.00135627
dipropyleneglycol,40,0.00079841
dipropyleneglycol,35,0.00046284
dipropyleneglycol,30,0.00026411
dipropyleneglycol,25,0.00014828
"1,1'-sulfonylbisbutane",160,5.65392350
"1,1'-sulfonylbisbutane",155,4.44643569
"1,1'-sulfonylbisbutane",150,3.46561858
"1,1'-sulfonylbisbutane",145,2.67777841
"1,1'-sulfonylbisbutane",140,2.05156145
"1,1'-sulfonylbisbutane",135,1.55873458
"1,1'-sulfonylbisbutane",130,1.17454635
"1,1'-sulfonylbisbutane",125,0.87777460
"1,1'-sulfonylbisbutane",120,0.65056278
"1,1'-sulfonylbisbutane",115,0.47812684
"1,1'-sulfonylbisbutane",110,0.34839922
"1,1'-sulfonylbisbutane",105,0.25165402
"1,1'-sulfonylbisbutane",100,0.18014304
"1,1'-sulfonylbisbutane",95,0.12776022
"1,1'-sulfonylbisbutane",90,0.08974295
"1,1'-sulfonylbisbutane",85,0.06241355
"1,1'-sulfonylbisbutane",80,0.04296000
"1,1'-sulfonylbisbutane",75,0.02925337
"1,1'-sulfonylbisbutane",70,0.01969786
"1,1'-sulfonylbisbutane",65,0.01310946
"1,1'-sulfonylbisbutane",60,0.00861887
"1,1'-sulfonylbisbutane",55,0.00559471
"1,1'-sulfonylbisbutane",50,0.00358354
"1,1'-sulfonylbisbutane",45,0.00226351
"1,1'-sulfonylbisbutane",40,0.00140897
"1,1'-sulfonylbisbutane",35,0.00086370
"1,1'-sulfonylbisbutane",30,0.00052099
"1,1'-sulfonylbisbutane",25,0.00030900
3-butenoicacid,160,7.21107853
3-butenoicacid,155,5.44007930
3-butenoicacid,150,4.06278970
3-butenoicacid,145,3.00592202
3-butenoicacid,140,2.20438460
3-butenoicacid,135,1.60285919
3-butenoicacid,130,1.15579490
3-butenoicacid,125,0.82655926
3-butenoicacid,120,0.58623039
3-butenoicacid,115,0.41231490
3-butenoicacid,110,0.28754095
3-butenoicacid,105,0.19879592
3-butenoicacid,100,0.13622794
3-butenoicacid,95,0.09250791
3-butenoicacid,90,0.06223559
3-butenoicacid,85,0.04146967
3-butenoicacid,80,0.02736085
3-butenoicacid,75,0.01786909
3-butenoicacid,70,0.01154796
3-butenoicacid,65,0.00738216
3-butenoicacid,60,0.00466629
3-butenoicacid,55,0.00291533
3-butenoicacid,50,0.00179945
3-butenoicacid,45,0.00109677
3-butenoicacid,40,0.00065976
3-butenoicacid,35,0.00039147
3-butenoicacid,30,0.00022897
3-butenoicacid,25,0.00013193
"2-methyl-2,4-pentanediol",160,2.66209414
"2-methyl-2,4-pentanediol",155,1.91783705
"2-methyl-2,4-pentanediol",150,1.36942065
"2-methyl-2,4-pentanediol",145,0.96910459
"2-methyl-2,4-pentanediol",140,0.67959987
"2-methyl-2,4-pentanediol",135,0.47217766
"2-methyl-2,4-pentanediol",130,0.32496510
"2-methyl-2,4-pentanediol",125,0.22148868
"2-methyl-2,4-pentanediol",120,0.14946964
"2-methyl-2,4-pentanediol",115,0.09984933
"2-methyl-2,4-pentanediol",110,0.06601379
"2-methyl-2,4-pentanediol",105,0.04318482
"2-methyl-2,4-pentanediol",100,0.02794777
"2-methyl-2,4-pentanediol",95,0.01788950
"2-methyl-2,4-pentanediol",90,0.01132404
"2-methyl-2,4-pentanediol",85,0.00708720
"2-methyl-2,4-pentanediol",80,0.00438466
"2-methyl-2,4-pentanediol",75,0.00268102
"2-methyl-2,4-pentanediol",70,0.00161986
"2-methyl-2,4-pentanediol",65,0.00096689
"2-methyl-2,4-pentanediol",60,0.00057002
"2-methyl-2,4-pentanediol",55,0.00033183
"2-methyl-2,4-pentanediol",50,0.00019069
"2-methyl-2,4-pentanediol",45,0.00010814
"2-methyl-2,4-pentanediol",40,0.00006049
"2-methyl-2,4-pentanediol",35,0.00003337
"2-methyl-2,4-pentanediol",30,0.00001814
"2-methyl-2,4-pentanediol",25,0.00000972
cis-crotonaldehyde,160,36.33353361
cis-crotonaldehyde,155,32.96459302
cis-crotonaldehyde,150,29.64707877
cis-crotonaldehyde,145,26.40839056
cis-crotonaldehyde,140,23.27469136
cis-crotonaldehyde,135,20.27475247
cis-crotonaldehyde,130,17.43704917
cis-crotonaldehyde,125,14.78971004
cis-crotonaldehyde,120,12.35844577
cis-crotonaldehyde,115,10.16465345
cis-crotonaldehyde,110,8.22309253
cis-crotonaldehyde,105,6.54019198
cis-crotonaldehyde,100,5.11335121
cis-crotonaldehyde,95,3.93049142
cis-crotonaldehyde,90,2.97172054
cis-crotonaldehyde,85,2.21138995
cis-crotonaldehyde,80,1.62083248
cis-crotonaldehyde,75,1.17097798
cis-crotonaldehyde,70,0.83442860
cis-crotonaldehyde,65,0.58680830
cis-crotonaldehyde,60,0.40741769
cis-crotonaldehyde,55,0.27933081
cis-crotonaldehyde,50,0.18913134
cis-crotonaldehyde,45,0.12645659
cis-crotonaldehyde,40,0.08347649
cis-crotonaldehyde,35,0.05438690
cis-crotonaldehyde,30,0.03495839
cis-crotonaldehyde,25,0.02215731
"2,3-dimethyl-1-butene",160,6.04645535
"2,3-dimethyl-1-butene",155,4.56262076
"2,3-dimethyl-1-butene",150,3.41723287
"2,3-dimethyl-1-butene",145,2.54051404
"2,3-dimethyl-1-butene",140,1.87468878
"2,3-dimethyl-1-butene",135,1.37286074
"2,3-dimethyl-1-butene",130,0.99749534
"2,3-dimethyl-1-butene",125,0.71888254
"2,3-dimethyl-1-butene",120,0.51372050
"2,3-dimethyl-1-butene",115,0.36388504
"2,3-dimethyl-1-butene",110,0.25539100
"2,3-dimethyl-1-butene",105,0.17753230
"2,3-dimethyl-1-butene",100,0.12217905
"2,3-dimethyl-1-butene",95,0.08320928
"2,3-dimethyl-1-butene",90,0.05605331
"2,3-dimethyl-1-butene",85,0.03733139
"2,3-dimethyl-1-butene",80,0.02456793
"2,3-dimethyl-1-butene",75,0.01596802
"2,3-dimethyl-1-butene",70,0.01024415
"2,3-dimethyl-1-butene",65,0.00648312
"2,3-dimethyl-1-butene",60,0.00404484
"2,3-dimethyl-1-butene",55,0.00248620
"2,3-dimethyl-1-butene",50,0.00150447
"2,3-dimethyl-1-butene",45,0.00089560
"2,3-dimethyl-1-butene",40,0.00052406
"2,3-dimethyl-1-butene",35,0.00030118
"2,3-dimethyl-1-butene",30,0.00016984
"2,3-dimethyl-1-butene",25,0.00009389
ethylcinnamate,160,8.71006687
ethylcinnamate,155,7.04938759
ethylcinnamate,150,5.64412534
ethylcinnamate,145,4.47161958
ethylcinnamate,140,3.50653232
ethylcinnamate,135,2.72245881
ethylcinnamate,130,2.09330213
ethylcinnamate,125,1.59437363
ethylcinnamate,120,1.20312845
ethylcinnamate,115,0.89959535
ethylcinnamate,110,0.66652518
ethylcinnamate,105,0.48934155
ethylcinnamate,100,0.35595733
ethylcinnamate,95,0.25651455
ethylcinnamate,90,0.18309125
ethylcinnamate,85,0.12940632
ethylcinnamate,80,0.09054104
ethylcinnamate,75,0.06268847
ethylcinnamate,70,0.04293523
ethylcinnamate,65,0.02907620
ethylcinnamate,60,0.01946059
ethylcinnamate,55,0.01286615
ethylcinnamate,50,0.00839803
ethylcinnamate,45,0.00540862
ethylcinnamate,40,0.00343481
ethylcinnamate,35,0.00214948
ethylcinnamate,30,0.00132453
ethylcinnamate,25,0.00080308
dimethylethanolamine,160,19.36603024
dimethylethanolamine,155,16.04282023
dimethylethanolamine,150,13.06009371
dimethylethanolamine,145,10.44595762
dimethylethanolamine,140,8.21036316
dimethylethanolamine,135,6.34446428
dimethylethanolamine,130,4.82342890
dimethylethanolamine,125,3.61083221
dimethylethanolamine,120,2.66390332
dimethylethanolamine,115,1.93832913
dimethylethanolamine,110,1.39192093
dimethylethanolamine,105,0.98693840
dimethylethanolamine,100,0.69117950
dimethylethanolamine,95,0.47817154
dimethylethanolamine,90,0.32679256
dimethylethanolamine,85,0.22059977
dimethylethanolamine,80,0.14705667
dimethylethanolamine,75,0.09677753
dimethylethanolamine,70,0.06284995
dimethylethanolamine,65,0.04026043
dimethylethanolamine,60,0.02542573
dimethylethanolamine,55,0.01582144
dimethylethanolamine,50,0.00969467
dimethylethanolamine,45,0.00584590
dimethylethanolamine,40,0.00346657
dimethylethanolamine,35,0.00202002
dimethylethanolamine,30,0.00115580
dimethylethanolamine,25,0.00064880
"1,2-propanediolmonoethylether",160,7.95760125
"1,2-propanediolmonoethylether",155,6.00336733
"1,2-propanediolmonoethylether",150,4.46570421
"1,2-propanediolmonoethylether",145,3.27866229
"1,2-propanediolmonoethylether",140,2.37763090
"1,2-propanediolmonoethylether",135,1.70397812
"1,2-propanediolmonoethylether",130,1.20725263
"1,2-propanediolmonoethylether",125,0.84569857
"1,2-propanediolmonoethylether",120,0.58576815
"1,2-propanediolmonoethylether",115,0.40113601
"1,2-propanediolmonoethylether",110,0.27154473
"1,2-propanediolmonoethylether",105,0.18166744
"1,2-propanediolmonoethylether",100,0.12008314
"1,2-propanediolmonoethylether",95,0.07840176
"1,2-propanediolmonoethylether",90,0.05054384
"1,2-propanediolmonoethylether",85,0.03216339
"1,2-propanediolmonoethylether",80,0.02019544
"1,2-propanediolmonoethylether",75,0.01250791
"1,2-propanediolmonoethylether",70,0.00763823
"1,2-propanediolmonoethylether",65,0.00459737
"1,2-propanediolmonoethylether",60,0.00272622
"1,2-propanediolmonoethylether",55,0.00159208
"1,2-propanediolmonoethylether",50,0.00091523
"1,2-propanediolmonoethylether",45,0.00051768
"1,2-propanediolmonoethylether",40,0.00028797
"1,2-propanediolmonoethylether",35,0.00015745
"1,2-propanediolmonoethylether",30,0.00008458
"1,2-propanediolmonoethylether",25,0.00004460
"1,2-benzenedicarboxylicaciddioctylester",160,1.04895118
"1,2-benzenedicarboxylicaciddioctylester",155,0.80648420
"1,2-benzenedicarboxylicaciddioctylester",150,0.61631403
"1,2-benzenedicarboxylicaciddioctylester",145,0.46802099
"1,2-benzenedicarboxylicaciddioctylester",140,0.35308067
"1,2-benzenedicarboxylicaciddioctylester",135,0.26455272
"1,2-benzenedicarboxylicaciddioctylester",130,0.19681608
"1,2-benzenedicarboxylicaciddioctylester",125,0.14534325
"1,2-benzenedicarboxylicaciddioctylester",120,0.10650893
"1,2-benzenedicarboxylicaciddioctylester",115,0.07742829
"1,2-benzenedicarboxylicaciddioctylester",110,0.05582071
"1,2-benzenedicarboxylicaciddioctylester",105,0.03989571
"1,2-benzenedicarboxylicaciddioctylester",100,0.02825781
"1,2-benzenedicarboxylicaciddioctylester",95,0.01982762
"1,2-benzenedicarboxylicaciddioctylester",90,0.01377695
"1,2-benzenedicarboxylicaciddioctylester",85,0.00947561
"1,2-benzenedicarboxylicaciddioctylester",80,0.00644829
"1,2-benzenedicarboxylicaciddioctylester",75,0.00433977
"1,2-benzenedicarboxylicaciddioctylester",70,0.00288712
"1,2-benzenedicarboxylicaciddioctylester",65,0.00189764
"1,2-benzenedicarboxylicaciddioctylester",60,0.00123164
"1,2-benzenedicarboxylicaciddioctylester",55,0.00078890
"1,2-benzenedicarboxylicaciddioctylester",50,0.00049839
"1,2-benzenedicarboxylicaciddioctylester",45,0.00031034
"1,2-benzenedicarboxylicaciddioctylester",40,0.00019035
"1,2-benzenedicarboxylicaciddioctylester",35,0.00011491
"1,2-benzenedicarboxylicaciddioctylester",30,0.00006823
"1,2-benzenedicarboxylicaciddioctylester",25,0.00003981
isopropylpalmitate,160,0.46928230
isopropylpalmitate,155,0.35330759
isopropylpalmitate,150,0.26430757
isopropylpalmitate,145,0.19641027
isopropylpalmitate,140,0.14493663
isopropylpalmitate,135,0.10617276
isopropylpalmitate,130,0.07718436
isopropylpalmitate,125,0.05566538
isopropylpalmitate,120,0.03981400
isopropylpalmitate,115,0.02823139
isopropylpalmitate,110,0.01983906
isopropylpalmitate,105,0.01381156
isopropylpalmitate,100,0.00952208
isopropylpalmitate,95,0.00649853
isopropylpalmitate,90,0.00438846
isopropylpalmitate,85,0.00293111
isopropylpalmitate,80,0.00193543
isopropylpalmitate,75,0.00126281
isopropylpalmitate,70,0.00081376
isopropylpalmitate,65,0.00051763
isopropylpalmitate,60,0.00032483
isopropylpalmitate,55,0.00020098
isopropylpalmitate,50,0.00012253
isopropylpalmitate,45,0.00007356
isopropylpalmitate,40,0.00004345
isopropylpalmitate,35,0.00002524
isopropylpalmitate,30,0.00001440
isopropylpalmitate,25,0.00000807
"dihydro-2h-pyran-2,6(3h)-dione",160,0.53029460
"dihydro-2h-pyran-2,6(3h)-dione",155,0.38747577
"dihydro-2h-pyran-2,6(3h)-dione",150,0.28161026
"dihydro-2h-pyran-2,6(3h)-dione",145,0.20349463
"dihydro-2h-pyran-2,6(3h)-dione",140,0.14615123
"dihydro-2h-pyran-2,6(3h)-dione",135,0.10429340
"dihydro-2h-pyran-2,6(3h)-dione",130,0.07392433
"dihydro-2h-pyran-2,6(3h)-dione",125,0.05203238
"dihydro-2h-pyran-2,6(3h)-dione",120,0.03635809
"dihydro-2h-pyran-2,6(3h)-dione",115,0.02521499
"dihydro-2h-pyran-2,6(3h)-dione",110,0.01735154
"dihydro-2h-pyran-2,6(3h)-dione",105,0.01184489
"dihydro-2h-pyran-2,6(3h)-dione",100,0.00801917
"dihydro-2h-pyran-2,6(3h)-dione",95,0.00538299
"dihydro-2h-pyran-2,6(3h)-dione",90,0.00358181
"dihydro-2h-pyran-2,6(3h)-dione",85,0.00236184
"dihydro-2h-pyran-2,6(3h)-dione",80,0.00154294
"dihydro-2h-pyran-2,6(3h)-dione",75,0.00099834
"dihydro-2h-pyran-2,6(3h)-dione",70,0.00063961
"dihydro-2h-pyran-2,6(3h)-dione",65,0.00040562
"dihydro-2h-pyran-2,6(3h)-dione",60,0.00025455
"dihydro-2h-pyran-2,6(3h)-dione",55,0.00015802
"dihydro-2h-pyran-2,6(3h)-dione",50,0.00009700
"dihydro-2h-pyran-2,6(3h)-dione",45,0.00005886
"dihydro-2h-pyran-2,6(3h)-dione",40,0.00003530
"dihydro-2h-pyran-2,6(3h)-dione",35,0.00002091
"dihydro-2h-pyran-2,6(3h)-dione",30,0.00001223
"dihydro-2h-pyran-2,6(3h)-dione",25,0.00000706
dihydro-5-methyl-2(3h)-furanone,160,18.60759483
dihydro-5-methyl-2(3h)-furanone,155,15.77080628
dihydro-5-methyl-2(3h)-furanone,150,13.20644601
dihydro-5-methyl-2(3h)-furanone,145,10.92317534
dihydro-5-methyl-2(3h)-furanone,140,8.92195459
dihydro-5-methyl-2(3h)-furanone,135,7.19608627
dihydro-5-methyl-2(3h)-furanone,130,5.73191075
dihydro-5-methyl-2(3h)-furanone,125,4.50998286
dihydro-5-methyl-2(3h)-furanone,120,3.50646025
dihydro-5-methyl-2(3h)-furanone,115,2.69501262
dihydro-5-methyl-2(3h)-furanone,110,2.04852227
dihydro-5-methyl-2(3h)-furanone,105,1.54061942
dihydro-5-methyl-2(3h)-furanone,100,1.14681078
dihydro-5-methyl-2(3h)-furanone,95,0.84521830
dihydro-5-methyl-2(3h)-furanone,90,0.61692136
dihydro-5-methyl-2(3h)-furanone,85,0.44600609
dihydro-5-methyl-2(3h)-furanone,80,0.31939699
dihydro-5-methyl-2(3h)-furanone,75,0.22656528
dihydro-5-methyl-2(3h)-furanone,70,0.15918020
dihydro-5-methyl-2(3h)-furanone,65,0.11075125
dihydro-5-methyl-2(3h)-furanone,60,0.07629148
dihydro-5-methyl-2(3h)-furanone,55,0.05201768
dihydro-5-methyl-2(3h)-furanone,50,0.03509383
dihydro-5-methyl-2(3h)-furanone,45,0.02341813
dihydro-5-methyl-2(3h)-furanone,40,0.01545017
dihydro-5-methyl-2(3h)-furanone,35,0.01007332
dihydro-5-methyl-2(3h)-furanone,30,0.00648711
dihydro-5-methyl-2(3h)-furanone,25,0.00412412
chloromethoxymethane,160,27.50305182
chloromethoxymethane,155,23.82444982
chloromethoxymethane,150,20.31341649
chloromethoxymethane,145,17.02352127
chloromethoxymethane,140,14.00562567
chloromethoxymethane,135,11.30231109
chloromethoxymethane,130,8.94277930
chloromethoxymethane,125,6.93824642
chloromethoxymethane,120,5.28129958
chloromethoxymethane,115,3.94760617
chloromethoxymethane,110,2.90071398
chloromethoxymethane,105,2.09772615
chloromethoxymethane,100,1.49457658
chloromethoxymethane,95,1.04999734
chloromethoxymethane,90,0.72784279
chloromethoxymethane,85,0.49801999
chloromethoxymethane,80,0.33643750
chloromethoxymethane,75,0.22439772
chloromethoxymethane,70,0.14775047
chloromethoxymethane,65,0.09601054
chloromethoxymethane,60,0.06154953
chloromethoxymethane,55,0.03890838
chloromethoxymethane,50,0.02424027
chloromethoxymethane,45,0.01487446
chloromethoxymethane,40,0.00898381
chloromethoxymethane,35,0.00533674
chloromethoxymethane,30,0.00311560
chloromethoxymethane,25,0.00178603
chloromethacetate,160,14.65565282
chloromethacetate,155,11.89230296
chloromethacetate,150,9.49731402
chloromethacetate,145,7.46809533
chloromethacetate,140,5.78617627
chloromethacetate,135,4.42081875
chloromethacetate,130,3.33357261
chloromethacetate,125,2.48289085
chloromethacetate,120,1.82785069
chloromethacetate,115,1.33073843
chloromethacetate,110,0.95847484
chloromethacetate,105,0.68313671
chloromethacetate,100,0.48185620
chloromethacetate,95,0.33635888
chloromethacetate,90,0.23233379
chloromethacetate,85,0.15876573
chloromethacetate,80,0.10730381
chloromethacetate,75,0.07170334
chloromethacetate,70,0.04735408
chloromethacetate,65,0.03089415
chloromethacetate,60,0.01990137
chloromethacetate,55,0.01265163
chloromethacetate,50,0.00793263
chloromethacetate,45,0.00490261
chloromethacetate,40,0.00298464
chloromethacetate,35,0.00178856
chloromethacetate,30,0.00105423
chloromethacetate,25,0.00061072
chcl2br,160,20.72202066
chcl2br,155,18.68117707
chcl2br,150,16.77593515
chcl2br,145,15.00447531
chcl2br,140,13.36378872
chcl2br,135,11.85069701
chcl2br,130,10.46061580
chcl2br,125,9.18934754
chcl2br,120,8.03281325
chcl2br,115,6.98586547
chcl2br,110,6.04356570
chcl2br,105,5.20045458
chcl2br,100,4.45073351
chcl2br,95,3.78847618
chcl2br,90,3.20758673
chcl2br,85,2.70173242
chcl2br,80,2.26438935
chcl2br,75,1.88908106
chcl2br,70,1.56932860
chcl2br,65,1.29885156
chcl2br,60,1.07161486
chcl2br,55,0.88190692
chcl2br,50,0.72446321
chcl2br,45,0.59448377
chcl2br,40,0.48767783
chcl2br,35,0.40026260
chcl2br,30,0.32895688
chcl2br,25,0.27094787
ch2fcl,160,100.00000000
ch2fcl,155,100.00000000
ch2fcl,150,42.63005246
ch2fcl,145,40.11947680
ch2fcl,140,37.62609662
ch2fcl,135,35.15282342
ch2fcl,130,32.70851125
ch2fcl,125,30.29612401
ch2fcl,120,27.92162275
ch2fcl,115,25.59407133
ch2fcl,110,23.31795742
ch2fcl,105,21.10160391
ch2fcl,100,18.95398817
ch2fcl,95,16.88413039
ch2fcl,90,14.90143600
ch2fcl,85,13.01577550
ch2fcl,80,11.23772904
ch2fcl,75,9.57948167
ch2fcl,70,8.05018877
ch2fcl,65,6.66064293
ch2fcl,60,5.41858576
ch2fcl,55,4.32910440
ch2fcl,50,3.39365024
ch2fcl,45,2.60902611
ch2fcl,40,1.96694495
ch2fcl,35,1.45471588
ch2fcl,30,1.05623213
ch2fcl,25,0.75365216
ch2cli,160,16.53831110
ch2cli,155,14.41646375
ch2cli,150,12.45870846
ch2cli,145,10.66676149
ch2cli,140,9.04167224
ch2cli,135,7.58294143
ch2cli,130,6.28823479
ch2cli,125,5.15367421
ch2cli,120,4.17295232
ch2cli,115,3.33748817
ch2cli,110,2.63660605
ch2cli,105,2.05771322
ch2cli,100,1.58700044
ch2cli,95,1.21006179
ch2cli,90,0.91261594
ch2cli,85,0.68114050
ch2cli,80,0.50334026
ch2cli,75,0.36842127
ch2cli,70,0.26719908
ch2cli,65,0.19206281
ch2cli,60,0.13684956
ch2cli,55,0.09666591
ch2cli,50,0.06769218
ch2cli,45,0.04699109
ch2cli,40,0.03233371
ch2cli,35,0.02204895
ch2cli,30,0.01489781
ch2cli,25,0.00997130
cf4,160,0.02429021
cf4,155,0.01575828
cf4,150,0.01011361
cf4,145,0.00641793
cf4,140,0.00402486
cf4,135,0.00249318
cf4,130,0.00152469
cf4,125,0.00092004
cf4,120,0.00054751
cf4,115,0.00032115
cf4,110,0.00018556
cf4,105,0.00010555
cf4,100,0.00005907
cf4,95,0.00003250
cf4,90,0.00001757
cf4,85,0.00000932
cf4,80,0.00000485
cf4,75,0.00000248
cf4,70,0.00000124
cf4,65,0.00000061
cf4,60,0.00000029
cf4,55,0.00000013
cf4,50,0.00000006
cf4,45,0.00000003
cf4,40,0.00000001
cf4,35,0.00000000
cf4,30,0.00000000
cf4,25,0.00000000
camphor,160,8.54204970
camphor,155,6.86506736
camphor,150,5.46088575
camphor,145,4.30090709
camphor,140,3.35488133
camphor,135,2.59265802
camphor,130,1.98553586
camphor,125,1.50717689
camphor,120,1.13414481
camphor,115,0.84611047
camphor,110,0.62581984
camphor,105,0.45890076
camphor,100,0.33357589
camphor,95,0.24033321
camphor,90,0.17159026
camphor,85,0.12137488
camphor,80,0.08503601
camphor,75,0.05899011
camphor,70,0.04050489
camphor,65,0.02751837
camphor,60,0.01849039
camphor,55,0.01228246
camphor,50,0.00806184
camphor,45,0.00522604
camphor,40,0.00334399
camphor,35,0.00211087
camphor,30,0.00131370
camphor,25,0.00080554
butylisobutyrate,160,6.13992821
butylisobutyrate,155,4.82142424
butylisobutyrate,150,3.75338406
butylisobutyrate,145,2.89752160
butylisobutyrate,140,2.21857880
butylisobutyrate,135,1.68509804
butylisobutyrate,130,1.26971384
butylisobutyrate,125,0.94911333
butylisobutyrate,120,0.70378244
butylisobutyrate,115,0.51763231
butylisobutyrate,110,0.37757351
butylisobutyrate,105,0.27308357
butylisobutyrate,100,0.19579612
butylisobutyrate,95,0.13912747
butylisobutyrate,90,0.09794767
butylisobutyrate,85,0.06829785
butylisobutyrate,80,0.04715183
butylisobutyrate,75,0.03221838
butylisobutyrate,70,0.02177938
butylisobutyrate,65,0.01455912
butylisobutyrate,60,0.00961991
butylisobutyrate,55,0.00627971
butylisobutyrate,50,0.00404776
butylisobutyrate,45,0.00257486
butylisobutyrate,40,0.00161548
butylisobutyrate,35,0.00099905
butylisobutyrate,30,0.00060859
butylisobutyrate,25,0.00036493
bromoaceticacid,160,4.62283918
bromoaceticacid,155,3.55874651
bromoaceticacid,150,2.72785751
bromoaceticacid,145,2.08242418
bromoaceticacid,140,1.58338413
bromoaceticacid,135,1.19921696
bromoaceticacid,130,0.90472529
bromoaceticacid,125,0.67990998
bromoaceticacid,120,0.50899007
bromoaceticacid,115,0.37957701
bromoaceticacid,110,0.28199128
bromoaceticacid,105,0.20870510
bromoaceticacid,100,0.15389072
bromoaceticacid,95,0.11305713
bromoaceticacid,90,0.08275936
bromoaceticacid,85,0.06036707
bromoaceticacid,80,0.04388125
bromoaceticacid,75,0.03178975
bromoaceticacid,70,0.02295396
bromoaceticacid,65,0.01652051
bromoaceticacid,60,0.01185263
bromoaceticacid,55,0.00847735
bromoaceticacid,50,0.00604482
bromoaceticacid,45,0.00429738
bromoaceticacid,40,0.00304603
bromoaceticacid,35,0.00215270
bromoaceticacid,30,0.00151687
bromoaceticacid,25,0.00106567
alpha-terpineol,160,3.99475071
alpha-terpineol,155,3.00848068
alpha-terpineol,150,2.24367474
alpha-terpineol,145,1.65713500
alpha-terpineol,140,1.21205662
alpha-terpineol,135,0.87780280
alpha-terpineol,130,0.62934701
alpha-terpineol,125,0.44656781
alpha-terpineol,120,0.31351187
alpha-terpineol,115,0.21769068
alpha-terpineol,110,0.14944572
alpha-terpineol,105,0.10139457
alpha-terpineol,100,0.06796053
alpha-terpineol,95,0.04498088
alpha-terpineol,90,0.02938614
alpha-terpineol,85,0.01894136
alpha-terpineol,80,0.01204041
alpha-terpineol,75,0.00754458
alpha-terpineol,70,0.00465792
alpha-terpineol,65,0.00283206
alpha-terpineol,60,0.00169492
alpha-terpineol,55,0.00099794
alpha-terpineol,50,0.00057774
alpha-terpineol,45,0.00032868
alpha-terpineol,40,0.00018364
alpha-terpineol,35,0.00010069
alpha-terpineol,30,0.00005414
alpha-terpineol,25,0.00002853
allylmethylamine,160,36.80218663
allylmethylamine,155,33.38422467
allylmethylamine,150,29.99832171
allylmethylamine,145,26.67337980
allylmethylamine,140,23.43953589
allylmethylamine,135,20.32901117
allylmethylamine,130,17.37734260
allylmethylamine,125,14.62005046
allylmethylamine,120,12.09046178
allylmethylamine,115,9.81714599
allylmethylamine,110,7.81994908
allylmethylamine,105,6.10791320
allylmethylamine,100,4.67748428
allylmethylamine,95,3.51308892
allylmethylamine,90,2.58929182
allylmethylamine,85,1.87421388
allylmethylamine,80,1.33338315
allylmethylamine,75,0.93306181
allylmethylamine,70,0.64260302
allylmethylamine,65,0.43573662
allylmethylamine,60,0.29096242
allylmethylamine,55,0.19132722
allylmethylamine,50,0.12386828
allylmethylamine,45,0.07892853
allylmethylamine,40,0.04947507
allylmethylamine,35,0.03048975
allylmethylamine,30,0.01845990
allylmethylamine,25,0.01097151
2-amino-1-butanol,160,22.21946163
2-amino-1-butanol,155,18.82722621
2-amino-1-butanol,150,15.69954850
2-amino-1-butanol,145,12.87422382
2-amino-1-butanol,140,10.37784818
2-amino-1-butanol,135,8.22243173
2-amino-1-butanol,130,6.40471303
2-amino-1-butanol,125,4.90706115
2-amino-1-butanol,120,3.70050580
2-amino-1-butanol,115,2.74885025
2-amino-1-butanol,110,2.01289258
2-amino-1-butanol,105,1.45399048
2-amino-1-butanol,100,1.03659368
2-amino-1-butanol,95,0.72967248
2-amino-1-butanol,90,0.50724377
2-amino-1-butanol,85,0.34826180
2-amino-1-butanol,80,0.23613853
2-amino-1-butanol,75,0.15809557
2-amino-1-butanol,70,0.10448163
2-amino-1-butanol,65,0.06813422
2-amino-1-butanol,60,0.04382288
2-amino-1-butanol,55,0.02778585
2-amino-1-butanol,50,0.01735743
2-amino-1-butanol,45,0.01067613
2-amino-1-butanol,40,0.00646124
2-amino-1-butanol,35,0.00384482
2-amino-1-butanol,30,0.00224779
2-amino-1-butanol,25,0.00129002
benzylformate,160,11.17337222
benzylformate,155,9.05267753
benzylformate,150,7.24235000
benzylformate,145,5.72319943
benzylformate,140,4.46928109
benzylformate,135,3.45044978
benzylformate,130,2.63480476
benzylformate,125,1.99082165
benzylformate,120,1.48893021
benzylformate,115,1.10251432
benzylformate,110,0.80841195
benzylformate,105,0.58701754
benzylformate,100,0.42211728
benzylformate,95,0.30056468
benzylformate,90,0.21188168
benzylformate,85,0.14784245
benzylformate,80,0.10207738
benzylformate,75,0.06971657
benzylformate,70,0.04708137
benzylformate,65,0.03142532
benzylformate,60,0.02072146
benzylformate,55,0.01349102
benzylformate,50,0.00866781
benzylformate,45,0.00549228
benzylformate,40,0.00342998
benzylformate,35,0.00210973
benzylformate,30,0.00127714
benzylformate,25,0.00076029
